"check","shape","n","traits","nsim","pattern","block_size","n_threads","replicate","trait","oracle_null_K","candidate_null_K","bitwise_exact","absolute_difference","oracle_success","candidate_success","success_exact"
"controlled_permutation","balanced",50,1,19,"identity",2,1,1,1,0.530915602402889,0.530915602402889,TRUE,0,TRUE,TRUE,TRUE
"controlled_permutation","balanced",50,1,19,"identity",2,1,2,1,0.530915602402889,0.530915602402889,TRUE,0,TRUE,TRUE,TRUE
"controlled_permutation","balanced",50,1,19,"identity",2,1,3,1,0.530915602402889,0.530915602402889,TRUE,0,TRUE,TRUE,TRUE
"controlled_permutation","balanced",50,1,19,"identity",2,1,4,1,0.530915602402889,0.530915602402889,TRUE,0,TRUE,TRUE,TRUE
"controlled_permutation","balanced",50,1,19,"identity",2,1,5,1,0.530915602402889,0.530915602402889,TRUE,0,TRUE,TRUE,TRUE
"controlled_permutation","balanced",50,1,19,"identity",2,1,6,1,0.530915602402889,0.530915602402889,TRUE,0,TRUE,TRUE,TRUE
"controlled_permutation","balanced",50,1,19,"identity",2,1,7,1,0.530915602402889,0.530915602402889,TRUE,0,TRUE,TRUE,TRUE
"controlled_permutation","balanced",50,1,19,"identity",2,1,8,1,0.530915602402889,0.530915602402889,TRUE,0,TRUE,TRUE,TRUE
"controlled_permutation","balanced",50,1,19,"identity",2,1,9,1,0.530915602402889,0.530915602402889,TRUE,0,TRUE,TRUE,TRUE
"controlled_permutation","balanced",50,1,19,"identity",2,1,10,1,0.530915602402889,0.530915602402889,TRUE,0,TRUE,TRUE,TRUE
"controlled_permutation","balanced",50,1,19,"identity",2,1,11,1,0.530915602402889,0.530915602402889,TRUE,0,TRUE,TRUE,TRUE
"controlled_permutation","balanced",50,1,19,"identity",2,1,12,1,0.530915602402889,0.530915602402889,TRUE,0,TRUE,TRUE,TRUE
"controlled_permutation","balanced",50,1,19,"identity",2,1,13,1,0.530915602402889,0.530915602402889,TRUE,0,TRUE,TRUE,TRUE
"controlled_permutation","balanced",50,1,19,"identity",2,1,14,1,0.530915602402889,0.530915602402889,TRUE,0,TRUE,TRUE,TRUE
"controlled_permutation","balanced",50,1,19,"identity",2,1,15,1,0.530915602402889,0.530915602402889,TRUE,0,TRUE,TRUE,TRUE
"controlled_permutation","balanced",50,1,19,"identity",2,1,16,1,0.530915602402889,0.530915602402889,TRUE,0,TRUE,TRUE,TRUE
"controlled_permutation","balanced",50,1,19,"identity",2,1,17,1,0.530915602402889,0.530915602402889,TRUE,0,TRUE,TRUE,TRUE
"controlled_permutation","balanced",50,1,19,"identity",2,1,18,1,0.530915602402889,0.530915602402889,TRUE,0,TRUE,TRUE,TRUE
"controlled_permutation","balanced",50,1,19,"identity",2,1,19,1,0.530915602402889,0.530915602402889,TRUE,0,TRUE,TRUE,TRUE
"controlled_permutation","balanced",50,1,19,"identity",4,1,1,1,0.530915602402889,0.530915602402889,TRUE,0,TRUE,TRUE,TRUE
"controlled_permutation","balanced",50,1,19,"identity",4,1,2,1,0.530915602402889,0.530915602402889,TRUE,0,TRUE,TRUE,TRUE
"controlled_permutation","balanced",50,1,19,"identity",4,1,3,1,0.530915602402889,0.530915602402889,TRUE,0,TRUE,TRUE,TRUE
"controlled_permutation","balanced",50,1,19,"identity",4,1,4,1,0.530915602402889,0.530915602402889,TRUE,0,TRUE,TRUE,TRUE
"controlled_permutation","balanced",50,1,19,"identity",4,1,5,1,0.530915602402889,0.530915602402889,TRUE,0,TRUE,TRUE,TRUE
"controlled_permutation","balanced",50,1,19,"identity",4,1,6,1,0.530915602402889,0.530915602402889,TRUE,0,TRUE,TRUE,TRUE
"controlled_permutation","balanced",50,1,19,"identity",4,1,7,1,0.530915602402889,0.530915602402889,TRUE,0,TRUE,TRUE,TRUE
"controlled_permutation","balanced",50,1,19,"identity",4,1,8,1,0.530915602402889,0.530915602402889,TRUE,0,TRUE,TRUE,TRUE
"controlled_permutation","balanced",50,1,19,"identity",4,1,9,1,0.530915602402889,0.530915602402889,TRUE,0,TRUE,TRUE,TRUE
"controlled_permutation","balanced",50,1,19,"identity",4,1,10,1,0.530915602402889,0.530915602402889,TRUE,0,TRUE,TRUE,TRUE
"controlled_permutation","balanced",50,1,19,"identity",4,1,11,1,0.530915602402889,0.530915602402889,TRUE,0,TRUE,TRUE,TRUE
"controlled_permutation","balanced",50,1,19,"identity",4,1,12,1,0.530915602402889,0.530915602402889,TRUE,0,TRUE,TRUE,TRUE
"controlled_permutation","balanced",50,1,19,"identity",4,1,13,1,0.530915602402889,0.530915602402889,TRUE,0,TRUE,TRUE,TRUE
"controlled_permutation","balanced",50,1,19,"identity",4,1,14,1,0.530915602402889,0.530915602402889,TRUE,0,TRUE,TRUE,TRUE
"controlled_permutation","balanced",50,1,19,"identity",4,1,15,1,0.530915602402889,0.530915602402889,TRUE,0,TRUE,TRUE,TRUE
"controlled_permutation","balanced",50,1,19,"identity",4,1,16,1,0.530915602402889,0.530915602402889,TRUE,0,TRUE,TRUE,TRUE
"controlled_permutation","balanced",50,1,19,"identity",4,1,17,1,0.530915602402889,0.530915602402889,TRUE,0,TRUE,TRUE,TRUE
"controlled_permutation","balanced",50,1,19,"identity",4,1,18,1,0.530915602402889,0.530915602402889,TRUE,0,TRUE,TRUE,TRUE
"controlled_permutation","balanced",50,1,19,"identity",4,1,19,1,0.530915602402889,0.530915602402889,TRUE,0,TRUE,TRUE,TRUE
"controlled_permutation","balanced",50,1,19,"identity",8,1,1,1,0.530915602402889,0.530915602402889,TRUE,0,TRUE,TRUE,TRUE
"controlled_permutation","balanced",50,1,19,"identity",8,1,2,1,0.530915602402889,0.530915602402889,TRUE,0,TRUE,TRUE,TRUE
"controlled_permutation","balanced",50,1,19,"identity",8,1,3,1,0.530915602402889,0.530915602402889,TRUE,0,TRUE,TRUE,TRUE
"controlled_permutation","balanced",50,1,19,"identity",8,1,4,1,0.530915602402889,0.530915602402889,TRUE,0,TRUE,TRUE,TRUE
"controlled_permutation","balanced",50,1,19,"identity",8,1,5,1,0.530915602402889,0.530915602402889,TRUE,0,TRUE,TRUE,TRUE
"controlled_permutation","balanced",50,1,19,"identity",8,1,6,1,0.530915602402889,0.530915602402889,TRUE,0,TRUE,TRUE,TRUE
"controlled_permutation","balanced",50,1,19,"identity",8,1,7,1,0.530915602402889,0.530915602402889,TRUE,0,TRUE,TRUE,TRUE
"controlled_permutation","balanced",50,1,19,"identity",8,1,8,1,0.530915602402889,0.530915602402889,TRUE,0,TRUE,TRUE,TRUE
"controlled_permutation","balanced",50,1,19,"identity",8,1,9,1,0.530915602402889,0.530915602402889,TRUE,0,TRUE,TRUE,TRUE
"controlled_permutation","balanced",50,1,19,"identity",8,1,10,1,0.530915602402889,0.530915602402889,TRUE,0,TRUE,TRUE,TRUE
"controlled_permutation","balanced",50,1,19,"identity",8,1,11,1,0.530915602402889,0.530915602402889,TRUE,0,TRUE,TRUE,TRUE
"controlled_permutation","balanced",50,1,19,"identity",8,1,12,1,0.530915602402889,0.530915602402889,TRUE,0,TRUE,TRUE,TRUE
"controlled_permutation","balanced",50,1,19,"identity",8,1,13,1,0.530915602402889,0.530915602402889,TRUE,0,TRUE,TRUE,TRUE
"controlled_permutation","balanced",50,1,19,"identity",8,1,14,1,0.530915602402889,0.530915602402889,TRUE,0,TRUE,TRUE,TRUE
"controlled_permutation","balanced",50,1,19,"identity",8,1,15,1,0.530915602402889,0.530915602402889,TRUE,0,TRUE,TRUE,TRUE
"controlled_permutation","balanced",50,1,19,"identity",8,1,16,1,0.530915602402889,0.530915602402889,TRUE,0,TRUE,TRUE,TRUE
"controlled_permutation","balanced",50,1,19,"identity",8,1,17,1,0.530915602402889,0.530915602402889,TRUE,0,TRUE,TRUE,TRUE
"controlled_permutation","balanced",50,1,19,"identity",8,1,18,1,0.530915602402889,0.530915602402889,TRUE,0,TRUE,TRUE,TRUE
"controlled_permutation","balanced",50,1,19,"identity",8,1,19,1,0.530915602402889,0.530915602402889,TRUE,0,TRUE,TRUE,TRUE
"controlled_permutation","balanced",50,1,19,"identity",16,1,1,1,0.530915602402889,0.530915602402889,TRUE,0,TRUE,TRUE,TRUE
"controlled_permutation","balanced",50,1,19,"identity",16,1,2,1,0.530915602402889,0.530915602402889,TRUE,0,TRUE,TRUE,TRUE
"controlled_permutation","balanced",50,1,19,"identity",16,1,3,1,0.530915602402889,0.530915602402889,TRUE,0,TRUE,TRUE,TRUE
"controlled_permutation","balanced",50,1,19,"identity",16,1,4,1,0.530915602402889,0.530915602402889,TRUE,0,TRUE,TRUE,TRUE
"controlled_permutation","balanced",50,1,19,"identity",16,1,5,1,0.530915602402889,0.530915602402889,TRUE,0,TRUE,TRUE,TRUE
"controlled_permutation","balanced",50,1,19,"identity",16,1,6,1,0.530915602402889,0.530915602402889,TRUE,0,TRUE,TRUE,TRUE
"controlled_permutation","balanced",50,1,19,"identity",16,1,7,1,0.530915602402889,0.530915602402889,TRUE,0,TRUE,TRUE,TRUE
"controlled_permutation","balanced",50,1,19,"identity",16,1,8,1,0.530915602402889,0.530915602402889,TRUE,0,TRUE,TRUE,TRUE
"controlled_permutation","balanced",50,1,19,"identity",16,1,9,1,0.530915602402889,0.530915602402889,TRUE,0,TRUE,TRUE,TRUE
"controlled_permutation","balanced",50,1,19,"identity",16,1,10,1,0.530915602402889,0.530915602402889,TRUE,0,TRUE,TRUE,TRUE
"controlled_permutation","balanced",50,1,19,"identity",16,1,11,1,0.530915602402889,0.530915602402889,TRUE,0,TRUE,TRUE,TRUE
"controlled_permutation","balanced",50,1,19,"identity",16,1,12,1,0.530915602402889,0.530915602402889,TRUE,0,TRUE,TRUE,TRUE
"controlled_permutation","balanced",50,1,19,"identity",16,1,13,1,0.530915602402889,0.530915602402889,TRUE,0,TRUE,TRUE,TRUE
"controlled_permutation","balanced",50,1,19,"identity",16,1,14,1,0.530915602402889,0.530915602402889,TRUE,0,TRUE,TRUE,TRUE
"controlled_permutation","balanced",50,1,19,"identity",16,1,15,1,0.530915602402889,0.530915602402889,TRUE,0,TRUE,TRUE,TRUE
"controlled_permutation","balanced",50,1,19,"identity",16,1,16,1,0.530915602402889,0.530915602402889,TRUE,0,TRUE,TRUE,TRUE
"controlled_permutation","balanced",50,1,19,"identity",16,1,17,1,0.530915602402889,0.530915602402889,TRUE,0,TRUE,TRUE,TRUE
"controlled_permutation","balanced",50,1,19,"identity",16,1,18,1,0.530915602402889,0.530915602402889,TRUE,0,TRUE,TRUE,TRUE
"controlled_permutation","balanced",50,1,19,"identity",16,1,19,1,0.530915602402889,0.530915602402889,TRUE,0,TRUE,TRUE,TRUE
"controlled_permutation","balanced",50,1,19,"single_swap",2,1,1,1,0.530915602402889,0.530915602402889,TRUE,0,TRUE,TRUE,TRUE
"controlled_permutation","balanced",50,1,19,"single_swap",2,1,2,1,0.531049751940503,0.531049751940503,TRUE,0,TRUE,TRUE,TRUE
"controlled_permutation","balanced",50,1,19,"single_swap",2,1,3,1,0.527667439683807,0.527667439683807,TRUE,0,TRUE,TRUE,TRUE
"controlled_permutation","balanced",50,1,19,"single_swap",2,1,4,1,0.530888629049586,0.530888629049586,TRUE,0,TRUE,TRUE,TRUE
"controlled_permutation","balanced",50,1,19,"single_swap",2,1,5,1,0.530997465776003,0.530997465776003,TRUE,0,TRUE,TRUE,TRUE
"controlled_permutation","balanced",50,1,19,"single_swap",2,1,6,1,0.530896000065802,0.530896000065802,TRUE,0,TRUE,TRUE,TRUE
"controlled_permutation","balanced",50,1,19,"single_swap",2,1,7,1,0.530290121743206,0.530290121743206,TRUE,0,TRUE,TRUE,TRUE
"controlled_permutation","balanced",50,1,19,"single_swap",2,1,8,1,0.557835888895285,0.557835888895285,TRUE,0,TRUE,TRUE,TRUE
"controlled_permutation","balanced",50,1,19,"single_swap",2,1,9,1,0.530995225086748,0.530995225086748,TRUE,0,TRUE,TRUE,TRUE
"controlled_permutation","balanced",50,1,19,"single_swap",2,1,10,1,0.534659191281704,0.534659191281704,TRUE,0,TRUE,TRUE,TRUE
"controlled_permutation","balanced",50,1,19,"single_swap",2,1,11,1,0.533228745561163,0.533228745561163,TRUE,0,TRUE,TRUE,TRUE
"controlled_permutation","balanced",50,1,19,"single_swap",2,1,12,1,0.530631879350103,0.530631879350103,TRUE,0,TRUE,TRUE,TRUE
"controlled_permutation","balanced",50,1,19,"single_swap",2,1,13,1,0.522141020887423,0.522141020887423,TRUE,0,TRUE,TRUE,TRUE
"controlled_permutation","balanced",50,1,19,"single_swap",2,1,14,1,0.512236728187298,0.512236728187298,TRUE,0,TRUE,TRUE,TRUE
"controlled_permutation","balanced",50,1,19,"single_swap",2,1,15,1,0.530810362684676,0.530810362684676,TRUE,0,TRUE,TRUE,TRUE
"controlled_permutation","balanced",50,1,19,"single_swap",2,1,16,1,0.519079243306003,0.519079243306003,TRUE,0,TRUE,TRUE,TRUE
"controlled_permutation","balanced",50,1,19,"single_swap",2,1,17,1,0.5312249472283,0.5312249472283,TRUE,0,TRUE,TRUE,TRUE
"controlled_permutation","balanced",50,1,19,"single_swap",2,1,18,1,0.530948200453356,0.530948200453356,TRUE,0,TRUE,TRUE,TRUE
"controlled_permutation","balanced",50,1,19,"single_swap",2,1,19,1,0.528593525885267,0.528593525885267,TRUE,0,TRUE,TRUE,TRUE
"controlled_permutation","balanced",50,1,19,"single_swap",4,1,1,1,0.530915602402889,0.530915602402889,TRUE,0,TRUE,TRUE,TRUE
"controlled_permutation","balanced",50,1,19,"single_swap",4,1,2,1,0.531049751940503,0.531049751940503,TRUE,0,TRUE,TRUE,TRUE
"controlled_permutation","balanced",50,1,19,"single_swap",4,1,3,1,0.527667439683807,0.527667439683807,TRUE,0,TRUE,TRUE,TRUE
"controlled_permutation","balanced",50,1,19,"single_swap",4,1,4,1,0.530888629049586,0.530888629049586,TRUE,0,TRUE,TRUE,TRUE
"controlled_permutation","balanced",50,1,19,"single_swap",4,1,5,1,0.530997465776003,0.530997465776003,TRUE,0,TRUE,TRUE,TRUE
"controlled_permutation","balanced",50,1,19,"single_swap",4,1,6,1,0.530896000065802,0.530896000065802,TRUE,0,TRUE,TRUE,TRUE
"controlled_permutation","balanced",50,1,19,"single_swap",4,1,7,1,0.530290121743206,0.530290121743206,TRUE,0,TRUE,TRUE,TRUE
"controlled_permutation","balanced",50,1,19,"single_swap",4,1,8,1,0.557835888895285,0.557835888895285,TRUE,0,TRUE,TRUE,TRUE
"controlled_permutation","balanced",50,1,19,"single_swap",4,1,9,1,0.530995225086748,0.530995225086748,TRUE,0,TRUE,TRUE,TRUE
"controlled_permutation","balanced",50,1,19,"single_swap",4,1,10,1,0.534659191281704,0.534659191281704,TRUE,0,TRUE,TRUE,TRUE
"controlled_permutation","balanced",50,1,19,"single_swap",4,1,11,1,0.533228745561163,0.533228745561163,TRUE,0,TRUE,TRUE,TRUE
"controlled_permutation","balanced",50,1,19,"single_swap",4,1,12,1,0.530631879350103,0.530631879350103,TRUE,0,TRUE,TRUE,TRUE
"controlled_permutation","balanced",50,1,19,"single_swap",4,1,13,1,0.522141020887423,0.522141020887423,TRUE,0,TRUE,TRUE,TRUE
"controlled_permutation","balanced",50,1,19,"single_swap",4,1,14,1,0.512236728187298,0.512236728187298,TRUE,0,TRUE,TRUE,TRUE
"controlled_permutation","balanced",50,1,19,"single_swap",4,1,15,1,0.530810362684676,0.530810362684676,TRUE,0,TRUE,TRUE,TRUE
"controlled_permutation","balanced",50,1,19,"single_swap",4,1,16,1,0.519079243306003,0.519079243306003,TRUE,0,TRUE,TRUE,TRUE
"controlled_permutation","balanced",50,1,19,"single_swap",4,1,17,1,0.5312249472283,0.5312249472283,TRUE,0,TRUE,TRUE,TRUE
"controlled_permutation","balanced",50,1,19,"single_swap",4,1,18,1,0.530948200453356,0.530948200453356,TRUE,0,TRUE,TRUE,TRUE
"controlled_permutation","balanced",50,1,19,"single_swap",4,1,19,1,0.528593525885267,0.528593525885267,TRUE,0,TRUE,TRUE,TRUE
"controlled_permutation","balanced",50,1,19,"single_swap",8,1,1,1,0.530915602402889,0.530915602402889,TRUE,0,TRUE,TRUE,TRUE
"controlled_permutation","balanced",50,1,19,"single_swap",8,1,2,1,0.531049751940503,0.531049751940503,TRUE,0,TRUE,TRUE,TRUE
"controlled_permutation","balanced",50,1,19,"single_swap",8,1,3,1,0.527667439683807,0.527667439683807,TRUE,0,TRUE,TRUE,TRUE
"controlled_permutation","balanced",50,1,19,"single_swap",8,1,4,1,0.530888629049586,0.530888629049586,TRUE,0,TRUE,TRUE,TRUE
"controlled_permutation","balanced",50,1,19,"single_swap",8,1,5,1,0.530997465776003,0.530997465776003,TRUE,0,TRUE,TRUE,TRUE
"controlled_permutation","balanced",50,1,19,"single_swap",8,1,6,1,0.530896000065802,0.530896000065802,TRUE,0,TRUE,TRUE,TRUE
"controlled_permutation","balanced",50,1,19,"single_swap",8,1,7,1,0.530290121743206,0.530290121743206,TRUE,0,TRUE,TRUE,TRUE
"controlled_permutation","balanced",50,1,19,"single_swap",8,1,8,1,0.557835888895285,0.557835888895285,TRUE,0,TRUE,TRUE,TRUE
"controlled_permutation","balanced",50,1,19,"single_swap",8,1,9,1,0.530995225086748,0.530995225086748,TRUE,0,TRUE,TRUE,TRUE
"controlled_permutation","balanced",50,1,19,"single_swap",8,1,10,1,0.534659191281704,0.534659191281704,TRUE,0,TRUE,TRUE,TRUE
"controlled_permutation","balanced",50,1,19,"single_swap",8,1,11,1,0.533228745561163,0.533228745561163,TRUE,0,TRUE,TRUE,TRUE
"controlled_permutation","balanced",50,1,19,"single_swap",8,1,12,1,0.530631879350103,0.530631879350103,TRUE,0,TRUE,TRUE,TRUE
"controlled_permutation","balanced",50,1,19,"single_swap",8,1,13,1,0.522141020887423,0.522141020887423,TRUE,0,TRUE,TRUE,TRUE
"controlled_permutation","balanced",50,1,19,"single_swap",8,1,14,1,0.512236728187298,0.512236728187298,TRUE,0,TRUE,TRUE,TRUE
"controlled_permutation","balanced",50,1,19,"single_swap",8,1,15,1,0.530810362684676,0.530810362684676,TRUE,0,TRUE,TRUE,TRUE
"controlled_permutation","balanced",50,1,19,"single_swap",8,1,16,1,0.519079243306003,0.519079243306003,TRUE,0,TRUE,TRUE,TRUE
"controlled_permutation","balanced",50,1,19,"single_swap",8,1,17,1,0.5312249472283,0.5312249472283,TRUE,0,TRUE,TRUE,TRUE
"controlled_permutation","balanced",50,1,19,"single_swap",8,1,18,1,0.530948200453356,0.530948200453356,TRUE,0,TRUE,TRUE,TRUE
"controlled_permutation","balanced",50,1,19,"single_swap",8,1,19,1,0.528593525885267,0.528593525885267,TRUE,0,TRUE,TRUE,TRUE
"controlled_permutation","balanced",50,1,19,"single_swap",16,1,1,1,0.530915602402889,0.530915602402889,TRUE,0,TRUE,TRUE,TRUE
"controlled_permutation","balanced",50,1,19,"single_swap",16,1,2,1,0.531049751940503,0.531049751940503,TRUE,0,TRUE,TRUE,TRUE
"controlled_permutation","balanced",50,1,19,"single_swap",16,1,3,1,0.527667439683807,0.527667439683807,TRUE,0,TRUE,TRUE,TRUE
"controlled_permutation","balanced",50,1,19,"single_swap",16,1,4,1,0.530888629049586,0.530888629049586,TRUE,0,TRUE,TRUE,TRUE
"controlled_permutation","balanced",50,1,19,"single_swap",16,1,5,1,0.530997465776003,0.530997465776003,TRUE,0,TRUE,TRUE,TRUE
"controlled_permutation","balanced",50,1,19,"single_swap",16,1,6,1,0.530896000065802,0.530896000065802,TRUE,0,TRUE,TRUE,TRUE
"controlled_permutation","balanced",50,1,19,"single_swap",16,1,7,1,0.530290121743206,0.530290121743206,TRUE,0,TRUE,TRUE,TRUE
"controlled_permutation","balanced",50,1,19,"single_swap",16,1,8,1,0.557835888895285,0.557835888895285,TRUE,0,TRUE,TRUE,TRUE
"controlled_permutation","balanced",50,1,19,"single_swap",16,1,9,1,0.530995225086748,0.530995225086748,TRUE,0,TRUE,TRUE,TRUE
"controlled_permutation","balanced",50,1,19,"single_swap",16,1,10,1,0.534659191281704,0.534659191281704,TRUE,0,TRUE,TRUE,TRUE
"controlled_permutation","balanced",50,1,19,"single_swap",16,1,11,1,0.533228745561163,0.533228745561163,TRUE,0,TRUE,TRUE,TRUE
"controlled_permutation","balanced",50,1,19,"single_swap",16,1,12,1,0.530631879350103,0.530631879350103,TRUE,0,TRUE,TRUE,TRUE
"controlled_permutation","balanced",50,1,19,"single_swap",16,1,13,1,0.522141020887423,0.522141020887423,TRUE,0,TRUE,TRUE,TRUE
"controlled_permutation","balanced",50,1,19,"single_swap",16,1,14,1,0.512236728187298,0.512236728187298,TRUE,0,TRUE,TRUE,TRUE
"controlled_permutation","balanced",50,1,19,"single_swap",16,1,15,1,0.530810362684676,0.530810362684676,TRUE,0,TRUE,TRUE,TRUE
"controlled_permutation","balanced",50,1,19,"single_swap",16,1,16,1,0.519079243306003,0.519079243306003,TRUE,0,TRUE,TRUE,TRUE
"controlled_permutation","balanced",50,1,19,"single_swap",16,1,17,1,0.5312249472283,0.5312249472283,TRUE,0,TRUE,TRUE,TRUE
"controlled_permutation","balanced",50,1,19,"single_swap",16,1,18,1,0.530948200453356,0.530948200453356,TRUE,0,TRUE,TRUE,TRUE
"controlled_permutation","balanced",50,1,19,"single_swap",16,1,19,1,0.528593525885267,0.528593525885267,TRUE,0,TRUE,TRUE,TRUE
"controlled_permutation","balanced",50,1,19,"reverse",2,1,1,1,0.530915602402889,0.530915602402889,TRUE,0,TRUE,TRUE,TRUE
"controlled_permutation","balanced",50,1,19,"reverse",2,1,2,1,0.517285200399399,0.517285200399399,TRUE,0,TRUE,TRUE,TRUE
"controlled_permutation","balanced",50,1,19,"reverse",2,1,3,1,0.517285200399399,0.517285200399399,TRUE,0,TRUE,TRUE,TRUE
"controlled_permutation","balanced",50,1,19,"reverse",2,1,4,1,0.517285200399399,0.517285200399399,TRUE,0,TRUE,TRUE,TRUE
"controlled_permutation","balanced",50,1,19,"reverse",2,1,5,1,0.517285200399399,0.517285200399399,TRUE,0,TRUE,TRUE,TRUE
"controlled_permutation","balanced",50,1,19,"reverse",2,1,6,1,0.517285200399399,0.517285200399399,TRUE,0,TRUE,TRUE,TRUE
"controlled_permutation","balanced",50,1,19,"reverse",2,1,7,1,0.517285200399399,0.517285200399399,TRUE,0,TRUE,TRUE,TRUE
"controlled_permutation","balanced",50,1,19,"reverse",2,1,8,1,0.517285200399399,0.517285200399399,TRUE,0,TRUE,TRUE,TRUE
"controlled_permutation","balanced",50,1,19,"reverse",2,1,9,1,0.517285200399399,0.517285200399399,TRUE,0,TRUE,TRUE,TRUE
"controlled_permutation","balanced",50,1,19,"reverse",2,1,10,1,0.517285200399399,0.517285200399399,TRUE,0,TRUE,TRUE,TRUE
"controlled_permutation","balanced",50,1,19,"reverse",2,1,11,1,0.517285200399399,0.517285200399399,TRUE,0,TRUE,TRUE,TRUE
"controlled_permutation","balanced",50,1,19,"reverse",2,1,12,1,0.517285200399399,0.517285200399399,TRUE,0,TRUE,TRUE,TRUE
"controlled_permutation","balanced",50,1,19,"reverse",2,1,13,1,0.517285200399399,0.517285200399399,TRUE,0,TRUE,TRUE,TRUE
"controlled_permutation","balanced",50,1,19,"reverse",2,1,14,1,0.517285200399399,0.517285200399399,TRUE,0,TRUE,TRUE,TRUE
"controlled_permutation","balanced",50,1,19,"reverse",2,1,15,1,0.517285200399399,0.517285200399399,TRUE,0,TRUE,TRUE,TRUE
"controlled_permutation","balanced",50,1,19,"reverse",2,1,16,1,0.517285200399399,0.517285200399399,TRUE,0,TRUE,TRUE,TRUE
"controlled_permutation","balanced",50,1,19,"reverse",2,1,17,1,0.517285200399399,0.517285200399399,TRUE,0,TRUE,TRUE,TRUE
"controlled_permutation","balanced",50,1,19,"reverse",2,1,18,1,0.517285200399399,0.517285200399399,TRUE,0,TRUE,TRUE,TRUE
"controlled_permutation","balanced",50,1,19,"reverse",2,1,19,1,0.517285200399399,0.517285200399399,TRUE,0,TRUE,TRUE,TRUE
"controlled_permutation","balanced",50,1,19,"reverse",4,1,1,1,0.530915602402889,0.530915602402889,TRUE,0,TRUE,TRUE,TRUE
"controlled_permutation","balanced",50,1,19,"reverse",4,1,2,1,0.517285200399399,0.517285200399399,TRUE,0,TRUE,TRUE,TRUE
"controlled_permutation","balanced",50,1,19,"reverse",4,1,3,1,0.517285200399399,0.517285200399399,TRUE,0,TRUE,TRUE,TRUE
"controlled_permutation","balanced",50,1,19,"reverse",4,1,4,1,0.517285200399399,0.517285200399399,TRUE,0,TRUE,TRUE,TRUE
"controlled_permutation","balanced",50,1,19,"reverse",4,1,5,1,0.517285200399399,0.517285200399399,TRUE,0,TRUE,TRUE,TRUE
"controlled_permutation","balanced",50,1,19,"reverse",4,1,6,1,0.517285200399399,0.517285200399399,TRUE,0,TRUE,TRUE,TRUE
"controlled_permutation","balanced",50,1,19,"reverse",4,1,7,1,0.517285200399399,0.517285200399399,TRUE,0,TRUE,TRUE,TRUE
"controlled_permutation","balanced",50,1,19,"reverse",4,1,8,1,0.517285200399399,0.517285200399399,TRUE,0,TRUE,TRUE,TRUE
"controlled_permutation","balanced",50,1,19,"reverse",4,1,9,1,0.517285200399399,0.517285200399399,TRUE,0,TRUE,TRUE,TRUE
"controlled_permutation","balanced",50,1,19,"reverse",4,1,10,1,0.517285200399399,0.517285200399399,TRUE,0,TRUE,TRUE,TRUE
"controlled_permutation","balanced",50,1,19,"reverse",4,1,11,1,0.517285200399399,0.517285200399399,TRUE,0,TRUE,TRUE,TRUE
"controlled_permutation","balanced",50,1,19,"reverse",4,1,12,1,0.517285200399399,0.517285200399399,TRUE,0,TRUE,TRUE,TRUE
"controlled_permutation","balanced",50,1,19,"reverse",4,1,13,1,0.517285200399399,0.517285200399399,TRUE,0,TRUE,TRUE,TRUE
"controlled_permutation","balanced",50,1,19,"reverse",4,1,14,1,0.517285200399399,0.517285200399399,TRUE,0,TRUE,TRUE,TRUE
"controlled_permutation","balanced",50,1,19,"reverse",4,1,15,1,0.517285200399399,0.517285200399399,TRUE,0,TRUE,TRUE,TRUE
"controlled_permutation","balanced",50,1,19,"reverse",4,1,16,1,0.517285200399399,0.517285200399399,TRUE,0,TRUE,TRUE,TRUE
"controlled_permutation","balanced",50,1,19,"reverse",4,1,17,1,0.517285200399399,0.517285200399399,TRUE,0,TRUE,TRUE,TRUE
"controlled_permutation","balanced",50,1,19,"reverse",4,1,18,1,0.517285200399399,0.517285200399399,TRUE,0,TRUE,TRUE,TRUE
"controlled_permutation","balanced",50,1,19,"reverse",4,1,19,1,0.517285200399399,0.517285200399399,TRUE,0,TRUE,TRUE,TRUE
"controlled_permutation","balanced",50,1,19,"reverse",8,1,1,1,0.530915602402889,0.530915602402889,TRUE,0,TRUE,TRUE,TRUE
"controlled_permutation","balanced",50,1,19,"reverse",8,1,2,1,0.517285200399399,0.517285200399399,TRUE,0,TRUE,TRUE,TRUE
"controlled_permutation","balanced",50,1,19,"reverse",8,1,3,1,0.517285200399399,0.517285200399399,TRUE,0,TRUE,TRUE,TRUE
"controlled_permutation","balanced",50,1,19,"reverse",8,1,4,1,0.517285200399399,0.517285200399399,TRUE,0,TRUE,TRUE,TRUE
"controlled_permutation","balanced",50,1,19,"reverse",8,1,5,1,0.517285200399399,0.517285200399399,TRUE,0,TRUE,TRUE,TRUE
"controlled_permutation","balanced",50,1,19,"reverse",8,1,6,1,0.517285200399399,0.517285200399399,TRUE,0,TRUE,TRUE,TRUE
"controlled_permutation","balanced",50,1,19,"reverse",8,1,7,1,0.517285200399399,0.517285200399399,TRUE,0,TRUE,TRUE,TRUE
"controlled_permutation","balanced",50,1,19,"reverse",8,1,8,1,0.517285200399399,0.517285200399399,TRUE,0,TRUE,TRUE,TRUE
"controlled_permutation","balanced",50,1,19,"reverse",8,1,9,1,0.517285200399399,0.517285200399399,TRUE,0,TRUE,TRUE,TRUE
"controlled_permutation","balanced",50,1,19,"reverse",8,1,10,1,0.517285200399399,0.517285200399399,TRUE,0,TRUE,TRUE,TRUE
"controlled_permutation","balanced",50,1,19,"reverse",8,1,11,1,0.517285200399399,0.517285200399399,TRUE,0,TRUE,TRUE,TRUE
"controlled_permutation","balanced",50,1,19,"reverse",8,1,12,1,0.517285200399399,0.517285200399399,TRUE,0,TRUE,TRUE,TRUE
"controlled_permutation","balanced",50,1,19,"reverse",8,1,13,1,0.517285200399399,0.517285200399399,TRUE,0,TRUE,TRUE,TRUE
"controlled_permutation","balanced",50,1,19,"reverse",8,1,14,1,0.517285200399399,0.517285200399399,TRUE,0,TRUE,TRUE,TRUE
"controlled_permutation","balanced",50,1,19,"reverse",8,1,15,1,0.517285200399399,0.517285200399399,TRUE,0,TRUE,TRUE,TRUE
"controlled_permutation","balanced",50,1,19,"reverse",8,1,16,1,0.517285200399399,0.517285200399399,TRUE,0,TRUE,TRUE,TRUE
"controlled_permutation","balanced",50,1,19,"reverse",8,1,17,1,0.517285200399399,0.517285200399399,TRUE,0,TRUE,TRUE,TRUE
"controlled_permutation","balanced",50,1,19,"reverse",8,1,18,1,0.517285200399399,0.517285200399399,TRUE,0,TRUE,TRUE,TRUE
"controlled_permutation","balanced",50,1,19,"reverse",8,1,19,1,0.517285200399399,0.517285200399399,TRUE,0,TRUE,TRUE,TRUE
"controlled_permutation","balanced",50,1,19,"reverse",16,1,1,1,0.530915602402889,0.530915602402889,TRUE,0,TRUE,TRUE,TRUE
"controlled_permutation","balanced",50,1,19,"reverse",16,1,2,1,0.517285200399399,0.517285200399399,TRUE,0,TRUE,TRUE,TRUE
"controlled_permutation","balanced",50,1,19,"reverse",16,1,3,1,0.517285200399399,0.517285200399399,TRUE,0,TRUE,TRUE,TRUE
"controlled_permutation","balanced",50,1,19,"reverse",16,1,4,1,0.517285200399399,0.517285200399399,TRUE,0,TRUE,TRUE,TRUE
"controlled_permutation","balanced",50,1,19,"reverse",16,1,5,1,0.517285200399399,0.517285200399399,TRUE,0,TRUE,TRUE,TRUE
"controlled_permutation","balanced",50,1,19,"reverse",16,1,6,1,0.517285200399399,0.517285200399399,TRUE,0,TRUE,TRUE,TRUE
"controlled_permutation","balanced",50,1,19,"reverse",16,1,7,1,0.517285200399399,0.517285200399399,TRUE,0,TRUE,TRUE,TRUE
"controlled_permutation","balanced",50,1,19,"reverse",16,1,8,1,0.517285200399399,0.517285200399399,TRUE,0,TRUE,TRUE,TRUE
"controlled_permutation","balanced",50,1,19,"reverse",16,1,9,1,0.517285200399399,0.517285200399399,TRUE,0,TRUE,TRUE,TRUE
"controlled_permutation","balanced",50,1,19,"reverse",16,1,10,1,0.517285200399399,0.517285200399399,TRUE,0,TRUE,TRUE,TRUE
"controlled_permutation","balanced",50,1,19,"reverse",16,1,11,1,0.517285200399399,0.517285200399399,TRUE,0,TRUE,TRUE,TRUE
"controlled_permutation","balanced",50,1,19,"reverse",16,1,12,1,0.517285200399399,0.517285200399399,TRUE,0,TRUE,TRUE,TRUE
"controlled_permutation","balanced",50,1,19,"reverse",16,1,13,1,0.517285200399399,0.517285200399399,TRUE,0,TRUE,TRUE,TRUE
"controlled_permutation","balanced",50,1,19,"reverse",16,1,14,1,0.517285200399399,0.517285200399399,TRUE,0,TRUE,TRUE,TRUE
"controlled_permutation","balanced",50,1,19,"reverse",16,1,15,1,0.517285200399399,0.517285200399399,TRUE,0,TRUE,TRUE,TRUE
"controlled_permutation","balanced",50,1,19,"reverse",16,1,16,1,0.517285200399399,0.517285200399399,TRUE,0,TRUE,TRUE,TRUE
"controlled_permutation","balanced",50,1,19,"reverse",16,1,17,1,0.517285200399399,0.517285200399399,TRUE,0,TRUE,TRUE,TRUE
"controlled_permutation","balanced",50,1,19,"reverse",16,1,18,1,0.517285200399399,0.517285200399399,TRUE,0,TRUE,TRUE,TRUE
"controlled_permutation","balanced",50,1,19,"reverse",16,1,19,1,0.517285200399399,0.517285200399399,TRUE,0,TRUE,TRUE,TRUE
"controlled_permutation","balanced",50,1,19,"cyclic_shift",2,1,1,1,0.530915602402889,0.530915602402889,TRUE,0,TRUE,TRUE,TRUE
"controlled_permutation","balanced",50,1,19,"cyclic_shift",2,1,2,1,0.575118469451976,0.575118469451976,TRUE,0,TRUE,TRUE,TRUE
"controlled_permutation","balanced",50,1,19,"cyclic_shift",2,1,3,1,0.557204709845989,0.557204709845989,TRUE,0,TRUE,TRUE,TRUE
"controlled_permutation","balanced",50,1,19,"cyclic_shift",2,1,4,1,0.510515517495325,0.510515517495325,TRUE,0,TRUE,TRUE,TRUE
"controlled_permutation","balanced",50,1,19,"cyclic_shift",2,1,5,1,0.537158655058138,0.537158655058138,TRUE,0,TRUE,TRUE,TRUE
"controlled_permutation","balanced",50,1,19,"cyclic_shift",2,1,6,1,0.547478748065096,0.547478748065096,TRUE,0,TRUE,TRUE,TRUE
"controlled_permutation","balanced",50,1,19,"cyclic_shift",2,1,7,1,0.535576557501822,0.535576557501822,TRUE,0,TRUE,TRUE,TRUE
"controlled_permutation","balanced",50,1,19,"cyclic_shift",2,1,8,1,0.497693472404958,0.497693472404958,TRUE,0,TRUE,TRUE,TRUE
"controlled_permutation","balanced",50,1,19,"cyclic_shift",2,1,9,1,0.573886766777357,0.573886766777357,TRUE,0,TRUE,TRUE,TRUE
"controlled_permutation","balanced",50,1,19,"cyclic_shift",2,1,10,1,0.520744122107288,0.520744122107288,TRUE,0,TRUE,TRUE,TRUE
"controlled_permutation","balanced",50,1,19,"cyclic_shift",2,1,11,1,0.485712316768947,0.485712316768947,TRUE,0,TRUE,TRUE,TRUE
"controlled_permutation","balanced",50,1,19,"cyclic_shift",2,1,12,1,0.590084991436511,0.590084991436511,TRUE,0,TRUE,TRUE,TRUE
"controlled_permutation","balanced",50,1,19,"cyclic_shift",2,1,13,1,0.512826834207301,0.512826834207301,TRUE,0,TRUE,TRUE,TRUE
"controlled_permutation","balanced",50,1,19,"cyclic_shift",2,1,14,1,0.486161143223906,0.486161143223906,TRUE,0,TRUE,TRUE,TRUE
"controlled_permutation","balanced",50,1,19,"cyclic_shift",2,1,15,1,0.622996611776968,0.622996611776968,TRUE,0,TRUE,TRUE,TRUE
"controlled_permutation","balanced",50,1,19,"cyclic_shift",2,1,16,1,0.500920658324895,0.500920658324895,TRUE,0,TRUE,TRUE,TRUE
"controlled_permutation","balanced",50,1,19,"cyclic_shift",2,1,17,1,0.496522554447642,0.496522554447642,TRUE,0,TRUE,TRUE,TRUE
"controlled_permutation","balanced",50,1,19,"cyclic_shift",2,1,18,1,0.611059321147137,0.611059321147137,TRUE,0,TRUE,TRUE,TRUE
"controlled_permutation","balanced",50,1,19,"cyclic_shift",2,1,19,1,0.485344496520091,0.485344496520091,TRUE,0,TRUE,TRUE,TRUE
"controlled_permutation","balanced",50,1,19,"cyclic_shift",4,1,1,1,0.530915602402889,0.530915602402889,TRUE,0,TRUE,TRUE,TRUE
"controlled_permutation","balanced",50,1,19,"cyclic_shift",4,1,2,1,0.575118469451976,0.575118469451976,TRUE,0,TRUE,TRUE,TRUE
"controlled_permutation","balanced",50,1,19,"cyclic_shift",4,1,3,1,0.557204709845989,0.557204709845989,TRUE,0,TRUE,TRUE,TRUE
"controlled_permutation","balanced",50,1,19,"cyclic_shift",4,1,4,1,0.510515517495325,0.510515517495325,TRUE,0,TRUE,TRUE,TRUE
"controlled_permutation","balanced",50,1,19,"cyclic_shift",4,1,5,1,0.537158655058138,0.537158655058138,TRUE,0,TRUE,TRUE,TRUE
"controlled_permutation","balanced",50,1,19,"cyclic_shift",4,1,6,1,0.547478748065096,0.547478748065096,TRUE,0,TRUE,TRUE,TRUE
"controlled_permutation","balanced",50,1,19,"cyclic_shift",4,1,7,1,0.535576557501822,0.535576557501822,TRUE,0,TRUE,TRUE,TRUE
"controlled_permutation","balanced",50,1,19,"cyclic_shift",4,1,8,1,0.497693472404958,0.497693472404958,TRUE,0,TRUE,TRUE,TRUE
"controlled_permutation","balanced",50,1,19,"cyclic_shift",4,1,9,1,0.573886766777357,0.573886766777357,TRUE,0,TRUE,TRUE,TRUE
"controlled_permutation","balanced",50,1,19,"cyclic_shift",4,1,10,1,0.520744122107288,0.520744122107288,TRUE,0,TRUE,TRUE,TRUE
"controlled_permutation","balanced",50,1,19,"cyclic_shift",4,1,11,1,0.485712316768947,0.485712316768947,TRUE,0,TRUE,TRUE,TRUE
"controlled_permutation","balanced",50,1,19,"cyclic_shift",4,1,12,1,0.590084991436511,0.590084991436511,TRUE,0,TRUE,TRUE,TRUE
"controlled_permutation","balanced",50,1,19,"cyclic_shift",4,1,13,1,0.512826834207301,0.512826834207301,TRUE,0,TRUE,TRUE,TRUE
"controlled_permutation","balanced",50,1,19,"cyclic_shift",4,1,14,1,0.486161143223906,0.486161143223906,TRUE,0,TRUE,TRUE,TRUE
"controlled_permutation","balanced",50,1,19,"cyclic_shift",4,1,15,1,0.622996611776968,0.622996611776968,TRUE,0,TRUE,TRUE,TRUE
"controlled_permutation","balanced",50,1,19,"cyclic_shift",4,1,16,1,0.500920658324895,0.500920658324895,TRUE,0,TRUE,TRUE,TRUE
"controlled_permutation","balanced",50,1,19,"cyclic_shift",4,1,17,1,0.496522554447642,0.496522554447642,TRUE,0,TRUE,TRUE,TRUE
"controlled_permutation","balanced",50,1,19,"cyclic_shift",4,1,18,1,0.611059321147137,0.611059321147137,TRUE,0,TRUE,TRUE,TRUE
"controlled_permutation","balanced",50,1,19,"cyclic_shift",4,1,19,1,0.485344496520091,0.485344496520091,TRUE,0,TRUE,TRUE,TRUE
"controlled_permutation","balanced",50,1,19,"cyclic_shift",8,1,1,1,0.530915602402889,0.530915602402889,TRUE,0,TRUE,TRUE,TRUE
"controlled_permutation","balanced",50,1,19,"cyclic_shift",8,1,2,1,0.575118469451976,0.575118469451976,TRUE,0,TRUE,TRUE,TRUE
"controlled_permutation","balanced",50,1,19,"cyclic_shift",8,1,3,1,0.557204709845989,0.557204709845989,TRUE,0,TRUE,TRUE,TRUE
"controlled_permutation","balanced",50,1,19,"cyclic_shift",8,1,4,1,0.510515517495325,0.510515517495325,TRUE,0,TRUE,TRUE,TRUE
"controlled_permutation","balanced",50,1,19,"cyclic_shift",8,1,5,1,0.537158655058138,0.537158655058138,TRUE,0,TRUE,TRUE,TRUE
"controlled_permutation","balanced",50,1,19,"cyclic_shift",8,1,6,1,0.547478748065096,0.547478748065096,TRUE,0,TRUE,TRUE,TRUE
"controlled_permutation","balanced",50,1,19,"cyclic_shift",8,1,7,1,0.535576557501822,0.535576557501822,TRUE,0,TRUE,TRUE,TRUE
"controlled_permutation","balanced",50,1,19,"cyclic_shift",8,1,8,1,0.497693472404958,0.497693472404958,TRUE,0,TRUE,TRUE,TRUE
"controlled_permutation","balanced",50,1,19,"cyclic_shift",8,1,9,1,0.573886766777357,0.573886766777357,TRUE,0,TRUE,TRUE,TRUE
"controlled_permutation","balanced",50,1,19,"cyclic_shift",8,1,10,1,0.520744122107288,0.520744122107288,TRUE,0,TRUE,TRUE,TRUE
"controlled_permutation","balanced",50,1,19,"cyclic_shift",8,1,11,1,0.485712316768947,0.485712316768947,TRUE,0,TRUE,TRUE,TRUE
"controlled_permutation","balanced",50,1,19,"cyclic_shift",8,1,12,1,0.590084991436511,0.590084991436511,TRUE,0,TRUE,TRUE,TRUE
"controlled_permutation","balanced",50,1,19,"cyclic_shift",8,1,13,1,0.512826834207301,0.512826834207301,TRUE,0,TRUE,TRUE,TRUE
"controlled_permutation","balanced",50,1,19,"cyclic_shift",8,1,14,1,0.486161143223906,0.486161143223906,TRUE,0,TRUE,TRUE,TRUE
"controlled_permutation","balanced",50,1,19,"cyclic_shift",8,1,15,1,0.622996611776968,0.622996611776968,TRUE,0,TRUE,TRUE,TRUE
"controlled_permutation","balanced",50,1,19,"cyclic_shift",8,1,16,1,0.500920658324895,0.500920658324895,TRUE,0,TRUE,TRUE,TRUE
"controlled_permutation","balanced",50,1,19,"cyclic_shift",8,1,17,1,0.496522554447642,0.496522554447642,TRUE,0,TRUE,TRUE,TRUE
"controlled_permutation","balanced",50,1,19,"cyclic_shift",8,1,18,1,0.611059321147137,0.611059321147137,TRUE,0,TRUE,TRUE,TRUE
"controlled_permutation","balanced",50,1,19,"cyclic_shift",8,1,19,1,0.485344496520091,0.485344496520091,TRUE,0,TRUE,TRUE,TRUE
"controlled_permutation","balanced",50,1,19,"cyclic_shift",16,1,1,1,0.530915602402889,0.530915602402889,TRUE,0,TRUE,TRUE,TRUE
"controlled_permutation","balanced",50,1,19,"cyclic_shift",16,1,2,1,0.575118469451976,0.575118469451976,TRUE,0,TRUE,TRUE,TRUE
"controlled_permutation","balanced",50,1,19,"cyclic_shift",16,1,3,1,0.557204709845989,0.557204709845989,TRUE,0,TRUE,TRUE,TRUE
"controlled_permutation","balanced",50,1,19,"cyclic_shift",16,1,4,1,0.510515517495325,0.510515517495325,TRUE,0,TRUE,TRUE,TRUE
"controlled_permutation","balanced",50,1,19,"cyclic_shift",16,1,5,1,0.537158655058138,0.537158655058138,TRUE,0,TRUE,TRUE,TRUE
"controlled_permutation","balanced",50,1,19,"cyclic_shift",16,1,6,1,0.547478748065096,0.547478748065096,TRUE,0,TRUE,TRUE,TRUE
"controlled_permutation","balanced",50,1,19,"cyclic_shift",16,1,7,1,0.535576557501822,0.535576557501822,TRUE,0,TRUE,TRUE,TRUE
"controlled_permutation","balanced",50,1,19,"cyclic_shift",16,1,8,1,0.497693472404958,0.497693472404958,TRUE,0,TRUE,TRUE,TRUE
"controlled_permutation","balanced",50,1,19,"cyclic_shift",16,1,9,1,0.573886766777357,0.573886766777357,TRUE,0,TRUE,TRUE,TRUE
"controlled_permutation","balanced",50,1,19,"cyclic_shift",16,1,10,1,0.520744122107288,0.520744122107288,TRUE,0,TRUE,TRUE,TRUE
"controlled_permutation","balanced",50,1,19,"cyclic_shift",16,1,11,1,0.485712316768947,0.485712316768947,TRUE,0,TRUE,TRUE,TRUE
"controlled_permutation","balanced",50,1,19,"cyclic_shift",16,1,12,1,0.590084991436511,0.590084991436511,TRUE,0,TRUE,TRUE,TRUE
"controlled_permutation","balanced",50,1,19,"cyclic_shift",16,1,13,1,0.512826834207301,0.512826834207301,TRUE,0,TRUE,TRUE,TRUE
"controlled_permutation","balanced",50,1,19,"cyclic_shift",16,1,14,1,0.486161143223906,0.486161143223906,TRUE,0,TRUE,TRUE,TRUE
"controlled_permutation","balanced",50,1,19,"cyclic_shift",16,1,15,1,0.622996611776968,0.622996611776968,TRUE,0,TRUE,TRUE,TRUE
"controlled_permutation","balanced",50,1,19,"cyclic_shift",16,1,16,1,0.500920658324895,0.500920658324895,TRUE,0,TRUE,TRUE,TRUE
"controlled_permutation","balanced",50,1,19,"cyclic_shift",16,1,17,1,0.496522554447642,0.496522554447642,TRUE,0,TRUE,TRUE,TRUE
"controlled_permutation","balanced",50,1,19,"cyclic_shift",16,1,18,1,0.611059321147137,0.611059321147137,TRUE,0,TRUE,TRUE,TRUE
"controlled_permutation","balanced",50,1,19,"cyclic_shift",16,1,19,1,0.485344496520091,0.485344496520091,TRUE,0,TRUE,TRUE,TRUE
"controlled_permutation","balanced",50,1,19,"fixed_random",2,1,1,1,0.530915602402889,0.530915602402889,TRUE,0,TRUE,TRUE,TRUE
"controlled_permutation","balanced",50,1,19,"fixed_random",2,1,2,1,0.478240221434335,0.478240221434335,TRUE,0,TRUE,TRUE,TRUE
"controlled_permutation","balanced",50,1,19,"fixed_random",2,1,3,1,0.529783514407605,0.529783514407605,TRUE,0,TRUE,TRUE,TRUE
"controlled_permutation","balanced",50,1,19,"fixed_random",2,1,4,1,0.516371532806869,0.516371532806869,TRUE,0,TRUE,TRUE,TRUE
"controlled_permutation","balanced",50,1,19,"fixed_random",2,1,5,1,0.410833662318003,0.410833662318003,TRUE,0,TRUE,TRUE,TRUE
"controlled_permutation","balanced",50,1,19,"fixed_random",2,1,6,1,0.562174343095802,0.562174343095802,TRUE,0,TRUE,TRUE,TRUE
"controlled_permutation","balanced",50,1,19,"fixed_random",2,1,7,1,0.50480156458098,0.50480156458098,TRUE,0,TRUE,TRUE,TRUE
"controlled_permutation","balanced",50,1,19,"fixed_random",2,1,8,1,0.46145202479855,0.46145202479855,TRUE,0,TRUE,TRUE,TRUE
"controlled_permutation","balanced",50,1,19,"fixed_random",2,1,9,1,0.489333350552205,0.489333350552205,TRUE,0,TRUE,TRUE,TRUE
"controlled_permutation","balanced",50,1,19,"fixed_random",2,1,10,1,0.491845421564807,0.491845421564807,TRUE,0,TRUE,TRUE,TRUE
"controlled_permutation","balanced",50,1,19,"fixed_random",2,1,11,1,0.519244689423764,0.519244689423764,TRUE,0,TRUE,TRUE,TRUE
"controlled_permutation","balanced",50,1,19,"fixed_random",2,1,12,1,0.508442546967728,0.508442546967728,TRUE,0,TRUE,TRUE,TRUE
"controlled_permutation","balanced",50,1,19,"fixed_random",2,1,13,1,0.487897058819904,0.487897058819904,TRUE,0,TRUE,TRUE,TRUE
"controlled_permutation","balanced",50,1,19,"fixed_random",2,1,14,1,0.646194010735553,0.646194010735553,TRUE,0,TRUE,TRUE,TRUE
"controlled_permutation","balanced",50,1,19,"fixed_random",2,1,15,1,0.455622938192949,0.455622938192949,TRUE,0,TRUE,TRUE,TRUE
"controlled_permutation","balanced",50,1,19,"fixed_random",2,1,16,1,0.431768416004858,0.431768416004858,TRUE,0,TRUE,TRUE,TRUE
"controlled_permutation","balanced",50,1,19,"fixed_random",2,1,17,1,0.441033660882352,0.441033660882352,TRUE,0,TRUE,TRUE,TRUE
"controlled_permutation","balanced",50,1,19,"fixed_random",2,1,18,1,0.562457284196253,0.562457284196253,TRUE,0,TRUE,TRUE,TRUE
"controlled_permutation","balanced",50,1,19,"fixed_random",2,1,19,1,0.512349973304673,0.512349973304673,TRUE,0,TRUE,TRUE,TRUE
"controlled_permutation","balanced",50,1,19,"fixed_random",4,1,1,1,0.530915602402889,0.530915602402889,TRUE,0,TRUE,TRUE,TRUE
"controlled_permutation","balanced",50,1,19,"fixed_random",4,1,2,1,0.478240221434335,0.478240221434335,TRUE,0,TRUE,TRUE,TRUE
"controlled_permutation","balanced",50,1,19,"fixed_random",4,1,3,1,0.529783514407605,0.529783514407605,TRUE,0,TRUE,TRUE,TRUE
"controlled_permutation","balanced",50,1,19,"fixed_random",4,1,4,1,0.516371532806869,0.516371532806869,TRUE,0,TRUE,TRUE,TRUE
"controlled_permutation","balanced",50,1,19,"fixed_random",4,1,5,1,0.410833662318003,0.410833662318003,TRUE,0,TRUE,TRUE,TRUE
"controlled_permutation","balanced",50,1,19,"fixed_random",4,1,6,1,0.562174343095802,0.562174343095802,TRUE,0,TRUE,TRUE,TRUE
"controlled_permutation","balanced",50,1,19,"fixed_random",4,1,7,1,0.50480156458098,0.50480156458098,TRUE,0,TRUE,TRUE,TRUE
"controlled_permutation","balanced",50,1,19,"fixed_random",4,1,8,1,0.46145202479855,0.46145202479855,TRUE,0,TRUE,TRUE,TRUE
"controlled_permutation","balanced",50,1,19,"fixed_random",4,1,9,1,0.489333350552205,0.489333350552205,TRUE,0,TRUE,TRUE,TRUE
"controlled_permutation","balanced",50,1,19,"fixed_random",4,1,10,1,0.491845421564807,0.491845421564807,TRUE,0,TRUE,TRUE,TRUE
"controlled_permutation","balanced",50,1,19,"fixed_random",4,1,11,1,0.519244689423764,0.519244689423764,TRUE,0,TRUE,TRUE,TRUE
"controlled_permutation","balanced",50,1,19,"fixed_random",4,1,12,1,0.508442546967728,0.508442546967728,TRUE,0,TRUE,TRUE,TRUE
"controlled_permutation","balanced",50,1,19,"fixed_random",4,1,13,1,0.487897058819904,0.487897058819904,TRUE,0,TRUE,TRUE,TRUE
"controlled_permutation","balanced",50,1,19,"fixed_random",4,1,14,1,0.646194010735553,0.646194010735553,TRUE,0,TRUE,TRUE,TRUE
"controlled_permutation","balanced",50,1,19,"fixed_random",4,1,15,1,0.455622938192949,0.455622938192949,TRUE,0,TRUE,TRUE,TRUE
"controlled_permutation","balanced",50,1,19,"fixed_random",4,1,16,1,0.431768416004858,0.431768416004858,TRUE,0,TRUE,TRUE,TRUE
"controlled_permutation","balanced",50,1,19,"fixed_random",4,1,17,1,0.441033660882352,0.441033660882352,TRUE,0,TRUE,TRUE,TRUE
"controlled_permutation","balanced",50,1,19,"fixed_random",4,1,18,1,0.562457284196253,0.562457284196253,TRUE,0,TRUE,TRUE,TRUE
"controlled_permutation","balanced",50,1,19,"fixed_random",4,1,19,1,0.512349973304673,0.512349973304673,TRUE,0,TRUE,TRUE,TRUE
"controlled_permutation","balanced",50,1,19,"fixed_random",8,1,1,1,0.530915602402889,0.530915602402889,TRUE,0,TRUE,TRUE,TRUE
"controlled_permutation","balanced",50,1,19,"fixed_random",8,1,2,1,0.478240221434335,0.478240221434335,TRUE,0,TRUE,TRUE,TRUE
"controlled_permutation","balanced",50,1,19,"fixed_random",8,1,3,1,0.529783514407605,0.529783514407605,TRUE,0,TRUE,TRUE,TRUE
"controlled_permutation","balanced",50,1,19,"fixed_random",8,1,4,1,0.516371532806869,0.516371532806869,TRUE,0,TRUE,TRUE,TRUE
"controlled_permutation","balanced",50,1,19,"fixed_random",8,1,5,1,0.410833662318003,0.410833662318003,TRUE,0,TRUE,TRUE,TRUE
"controlled_permutation","balanced",50,1,19,"fixed_random",8,1,6,1,0.562174343095802,0.562174343095802,TRUE,0,TRUE,TRUE,TRUE
"controlled_permutation","balanced",50,1,19,"fixed_random",8,1,7,1,0.50480156458098,0.50480156458098,TRUE,0,TRUE,TRUE,TRUE
"controlled_permutation","balanced",50,1,19,"fixed_random",8,1,8,1,0.46145202479855,0.46145202479855,TRUE,0,TRUE,TRUE,TRUE
"controlled_permutation","balanced",50,1,19,"fixed_random",8,1,9,1,0.489333350552205,0.489333350552205,TRUE,0,TRUE,TRUE,TRUE
"controlled_permutation","balanced",50,1,19,"fixed_random",8,1,10,1,0.491845421564807,0.491845421564807,TRUE,0,TRUE,TRUE,TRUE
"controlled_permutation","balanced",50,1,19,"fixed_random",8,1,11,1,0.519244689423764,0.519244689423764,TRUE,0,TRUE,TRUE,TRUE
"controlled_permutation","balanced",50,1,19,"fixed_random",8,1,12,1,0.508442546967728,0.508442546967728,TRUE,0,TRUE,TRUE,TRUE
"controlled_permutation","balanced",50,1,19,"fixed_random",8,1,13,1,0.487897058819904,0.487897058819904,TRUE,0,TRUE,TRUE,TRUE
"controlled_permutation","balanced",50,1,19,"fixed_random",8,1,14,1,0.646194010735553,0.646194010735553,TRUE,0,TRUE,TRUE,TRUE
"controlled_permutation","balanced",50,1,19,"fixed_random",8,1,15,1,0.455622938192949,0.455622938192949,TRUE,0,TRUE,TRUE,TRUE
"controlled_permutation","balanced",50,1,19,"fixed_random",8,1,16,1,0.431768416004858,0.431768416004858,TRUE,0,TRUE,TRUE,TRUE
"controlled_permutation","balanced",50,1,19,"fixed_random",8,1,17,1,0.441033660882352,0.441033660882352,TRUE,0,TRUE,TRUE,TRUE
"controlled_permutation","balanced",50,1,19,"fixed_random",8,1,18,1,0.562457284196253,0.562457284196253,TRUE,0,TRUE,TRUE,TRUE
"controlled_permutation","balanced",50,1,19,"fixed_random",8,1,19,1,0.512349973304673,0.512349973304673,TRUE,0,TRUE,TRUE,TRUE
"controlled_permutation","balanced",50,1,19,"fixed_random",16,1,1,1,0.530915602402889,0.530915602402889,TRUE,0,TRUE,TRUE,TRUE
"controlled_permutation","balanced",50,1,19,"fixed_random",16,1,2,1,0.478240221434335,0.478240221434335,TRUE,0,TRUE,TRUE,TRUE
"controlled_permutation","balanced",50,1,19,"fixed_random",16,1,3,1,0.529783514407605,0.529783514407605,TRUE,0,TRUE,TRUE,TRUE
"controlled_permutation","balanced",50,1,19,"fixed_random",16,1,4,1,0.516371532806869,0.516371532806869,TRUE,0,TRUE,TRUE,TRUE
"controlled_permutation","balanced",50,1,19,"fixed_random",16,1,5,1,0.410833662318003,0.410833662318003,TRUE,0,TRUE,TRUE,TRUE
"controlled_permutation","balanced",50,1,19,"fixed_random",16,1,6,1,0.562174343095802,0.562174343095802,TRUE,0,TRUE,TRUE,TRUE
"controlled_permutation","balanced",50,1,19,"fixed_random",16,1,7,1,0.50480156458098,0.50480156458098,TRUE,0,TRUE,TRUE,TRUE
"controlled_permutation","balanced",50,1,19,"fixed_random",16,1,8,1,0.46145202479855,0.46145202479855,TRUE,0,TRUE,TRUE,TRUE
"controlled_permutation","balanced",50,1,19,"fixed_random",16,1,9,1,0.489333350552205,0.489333350552205,TRUE,0,TRUE,TRUE,TRUE
"controlled_permutation","balanced",50,1,19,"fixed_random",16,1,10,1,0.491845421564807,0.491845421564807,TRUE,0,TRUE,TRUE,TRUE
"controlled_permutation","balanced",50,1,19,"fixed_random",16,1,11,1,0.519244689423764,0.519244689423764,TRUE,0,TRUE,TRUE,TRUE
"controlled_permutation","balanced",50,1,19,"fixed_random",16,1,12,1,0.508442546967728,0.508442546967728,TRUE,0,TRUE,TRUE,TRUE
"controlled_permutation","balanced",50,1,19,"fixed_random",16,1,13,1,0.487897058819904,0.487897058819904,TRUE,0,TRUE,TRUE,TRUE
"controlled_permutation","balanced",50,1,19,"fixed_random",16,1,14,1,0.646194010735553,0.646194010735553,TRUE,0,TRUE,TRUE,TRUE
"controlled_permutation","balanced",50,1,19,"fixed_random",16,1,15,1,0.455622938192949,0.455622938192949,TRUE,0,TRUE,TRUE,TRUE
"controlled_permutation","balanced",50,1,19,"fixed_random",16,1,16,1,0.431768416004858,0.431768416004858,TRUE,0,TRUE,TRUE,TRUE
"controlled_permutation","balanced",50,1,19,"fixed_random",16,1,17,1,0.441033660882352,0.441033660882352,TRUE,0,TRUE,TRUE,TRUE
"controlled_permutation","balanced",50,1,19,"fixed_random",16,1,18,1,0.562457284196253,0.562457284196253,TRUE,0,TRUE,TRUE,TRUE
"controlled_permutation","balanced",50,1,19,"fixed_random",16,1,19,1,0.512349973304673,0.512349973304673,TRUE,0,TRUE,TRUE,TRUE
"controlled_permutation","balanced",50,1,19,"adversarial",2,1,1,1,0.530915602402889,0.530915602402889,TRUE,0,TRUE,TRUE,TRUE
"controlled_permutation","balanced",50,1,19,"adversarial",2,1,2,1,0.529743278115523,0.529743278115523,TRUE,0,TRUE,TRUE,TRUE
"controlled_permutation","balanced",50,1,19,"adversarial",2,1,3,1,0.516687064969598,0.516687064969598,TRUE,0,TRUE,TRUE,TRUE
"controlled_permutation","balanced",50,1,19,"adversarial",2,1,4,1,0.513320642899903,0.513320642899903,TRUE,0,TRUE,TRUE,TRUE
"controlled_permutation","balanced",50,1,19,"adversarial",2,1,5,1,0.561206249598641,0.561206249598641,TRUE,0,TRUE,TRUE,TRUE
"controlled_permutation","balanced",50,1,19,"adversarial",2,1,6,1,0.529743278115523,0.529743278115523,TRUE,0,TRUE,TRUE,TRUE
"controlled_permutation","balanced",50,1,19,"adversarial",2,1,7,1,0.516687064969598,0.516687064969598,TRUE,0,TRUE,TRUE,TRUE
"controlled_permutation","balanced",50,1,19,"adversarial",2,1,8,1,0.513320642899903,0.513320642899903,TRUE,0,TRUE,TRUE,TRUE
"controlled_permutation","balanced",50,1,19,"adversarial",2,1,9,1,0.561206249598641,0.561206249598641,TRUE,0,TRUE,TRUE,TRUE
"controlled_permutation","balanced",50,1,19,"adversarial",2,1,10,1,0.529743278115523,0.529743278115523,TRUE,0,TRUE,TRUE,TRUE
"controlled_permutation","balanced",50,1,19,"adversarial",2,1,11,1,0.516687064969598,0.516687064969598,TRUE,0,TRUE,TRUE,TRUE
"controlled_permutation","balanced",50,1,19,"adversarial",2,1,12,1,0.513320642899903,0.513320642899903,TRUE,0,TRUE,TRUE,TRUE
"controlled_permutation","balanced",50,1,19,"adversarial",2,1,13,1,0.561206249598641,0.561206249598641,TRUE,0,TRUE,TRUE,TRUE
"controlled_permutation","balanced",50,1,19,"adversarial",2,1,14,1,0.529743278115523,0.529743278115523,TRUE,0,TRUE,TRUE,TRUE
"controlled_permutation","balanced",50,1,19,"adversarial",2,1,15,1,0.516687064969598,0.516687064969598,TRUE,0,TRUE,TRUE,TRUE
"controlled_permutation","balanced",50,1,19,"adversarial",2,1,16,1,0.513320642899903,0.513320642899903,TRUE,0,TRUE,TRUE,TRUE
"controlled_permutation","balanced",50,1,19,"adversarial",2,1,17,1,0.561206249598641,0.561206249598641,TRUE,0,TRUE,TRUE,TRUE
"controlled_permutation","balanced",50,1,19,"adversarial",2,1,18,1,0.529743278115523,0.529743278115523,TRUE,0,TRUE,TRUE,TRUE
"controlled_permutation","balanced",50,1,19,"adversarial",2,1,19,1,0.516687064969598,0.516687064969598,TRUE,0,TRUE,TRUE,TRUE
"controlled_permutation","balanced",50,1,19,"adversarial",4,1,1,1,0.530915602402889,0.530915602402889,TRUE,0,TRUE,TRUE,TRUE
"controlled_permutation","balanced",50,1,19,"adversarial",4,1,2,1,0.529743278115523,0.529743278115523,TRUE,0,TRUE,TRUE,TRUE
"controlled_permutation","balanced",50,1,19,"adversarial",4,1,3,1,0.516687064969598,0.516687064969598,TRUE,0,TRUE,TRUE,TRUE
"controlled_permutation","balanced",50,1,19,"adversarial",4,1,4,1,0.513320642899903,0.513320642899903,TRUE,0,TRUE,TRUE,TRUE
"controlled_permutation","balanced",50,1,19,"adversarial",4,1,5,1,0.561206249598641,0.561206249598641,TRUE,0,TRUE,TRUE,TRUE
"controlled_permutation","balanced",50,1,19,"adversarial",4,1,6,1,0.529743278115523,0.529743278115523,TRUE,0,TRUE,TRUE,TRUE
"controlled_permutation","balanced",50,1,19,"adversarial",4,1,7,1,0.516687064969598,0.516687064969598,TRUE,0,TRUE,TRUE,TRUE
"controlled_permutation","balanced",50,1,19,"adversarial",4,1,8,1,0.513320642899903,0.513320642899903,TRUE,0,TRUE,TRUE,TRUE
"controlled_permutation","balanced",50,1,19,"adversarial",4,1,9,1,0.561206249598641,0.561206249598641,TRUE,0,TRUE,TRUE,TRUE
"controlled_permutation","balanced",50,1,19,"adversarial",4,1,10,1,0.529743278115523,0.529743278115523,TRUE,0,TRUE,TRUE,TRUE
"controlled_permutation","balanced",50,1,19,"adversarial",4,1,11,1,0.516687064969598,0.516687064969598,TRUE,0,TRUE,TRUE,TRUE
"controlled_permutation","balanced",50,1,19,"adversarial",4,1,12,1,0.513320642899903,0.513320642899903,TRUE,0,TRUE,TRUE,TRUE
"controlled_permutation","balanced",50,1,19,"adversarial",4,1,13,1,0.561206249598641,0.561206249598641,TRUE,0,TRUE,TRUE,TRUE
"controlled_permutation","balanced",50,1,19,"adversarial",4,1,14,1,0.529743278115523,0.529743278115523,TRUE,0,TRUE,TRUE,TRUE
"controlled_permutation","balanced",50,1,19,"adversarial",4,1,15,1,0.516687064969598,0.516687064969598,TRUE,0,TRUE,TRUE,TRUE
"controlled_permutation","balanced",50,1,19,"adversarial",4,1,16,1,0.513320642899903,0.513320642899903,TRUE,0,TRUE,TRUE,TRUE
"controlled_permutation","balanced",50,1,19,"adversarial",4,1,17,1,0.561206249598641,0.561206249598641,TRUE,0,TRUE,TRUE,TRUE
"controlled_permutation","balanced",50,1,19,"adversarial",4,1,18,1,0.529743278115523,0.529743278115523,TRUE,0,TRUE,TRUE,TRUE
"controlled_permutation","balanced",50,1,19,"adversarial",4,1,19,1,0.516687064969598,0.516687064969598,TRUE,0,TRUE,TRUE,TRUE
"controlled_permutation","balanced",50,1,19,"adversarial",8,1,1,1,0.530915602402889,0.530915602402889,TRUE,0,TRUE,TRUE,TRUE
"controlled_permutation","balanced",50,1,19,"adversarial",8,1,2,1,0.529743278115523,0.529743278115523,TRUE,0,TRUE,TRUE,TRUE
"controlled_permutation","balanced",50,1,19,"adversarial",8,1,3,1,0.516687064969598,0.516687064969598,TRUE,0,TRUE,TRUE,TRUE
"controlled_permutation","balanced",50,1,19,"adversarial",8,1,4,1,0.513320642899903,0.513320642899903,TRUE,0,TRUE,TRUE,TRUE
"controlled_permutation","balanced",50,1,19,"adversarial",8,1,5,1,0.561206249598641,0.561206249598641,TRUE,0,TRUE,TRUE,TRUE
"controlled_permutation","balanced",50,1,19,"adversarial",8,1,6,1,0.529743278115523,0.529743278115523,TRUE,0,TRUE,TRUE,TRUE
"controlled_permutation","balanced",50,1,19,"adversarial",8,1,7,1,0.516687064969598,0.516687064969598,TRUE,0,TRUE,TRUE,TRUE
"controlled_permutation","balanced",50,1,19,"adversarial",8,1,8,1,0.513320642899903,0.513320642899903,TRUE,0,TRUE,TRUE,TRUE
"controlled_permutation","balanced",50,1,19,"adversarial",8,1,9,1,0.561206249598641,0.561206249598641,TRUE,0,TRUE,TRUE,TRUE
"controlled_permutation","balanced",50,1,19,"adversarial",8,1,10,1,0.529743278115523,0.529743278115523,TRUE,0,TRUE,TRUE,TRUE
"controlled_permutation","balanced",50,1,19,"adversarial",8,1,11,1,0.516687064969598,0.516687064969598,TRUE,0,TRUE,TRUE,TRUE
"controlled_permutation","balanced",50,1,19,"adversarial",8,1,12,1,0.513320642899903,0.513320642899903,TRUE,0,TRUE,TRUE,TRUE
"controlled_permutation","balanced",50,1,19,"adversarial",8,1,13,1,0.561206249598641,0.561206249598641,TRUE,0,TRUE,TRUE,TRUE
"controlled_permutation","balanced",50,1,19,"adversarial",8,1,14,1,0.529743278115523,0.529743278115523,TRUE,0,TRUE,TRUE,TRUE
"controlled_permutation","balanced",50,1,19,"adversarial",8,1,15,1,0.516687064969598,0.516687064969598,TRUE,0,TRUE,TRUE,TRUE
"controlled_permutation","balanced",50,1,19,"adversarial",8,1,16,1,0.513320642899903,0.513320642899903,TRUE,0,TRUE,TRUE,TRUE
"controlled_permutation","balanced",50,1,19,"adversarial",8,1,17,1,0.561206249598641,0.561206249598641,TRUE,0,TRUE,TRUE,TRUE
"controlled_permutation","balanced",50,1,19,"adversarial",8,1,18,1,0.529743278115523,0.529743278115523,TRUE,0,TRUE,TRUE,TRUE
"controlled_permutation","balanced",50,1,19,"adversarial",8,1,19,1,0.516687064969598,0.516687064969598,TRUE,0,TRUE,TRUE,TRUE
"controlled_permutation","balanced",50,1,19,"adversarial",16,1,1,1,0.530915602402889,0.530915602402889,TRUE,0,TRUE,TRUE,TRUE
"controlled_permutation","balanced",50,1,19,"adversarial",16,1,2,1,0.529743278115523,0.529743278115523,TRUE,0,TRUE,TRUE,TRUE
"controlled_permutation","balanced",50,1,19,"adversarial",16,1,3,1,0.516687064969598,0.516687064969598,TRUE,0,TRUE,TRUE,TRUE
"controlled_permutation","balanced",50,1,19,"adversarial",16,1,4,1,0.513320642899903,0.513320642899903,TRUE,0,TRUE,TRUE,TRUE
"controlled_permutation","balanced",50,1,19,"adversarial",16,1,5,1,0.561206249598641,0.561206249598641,TRUE,0,TRUE,TRUE,TRUE
"controlled_permutation","balanced",50,1,19,"adversarial",16,1,6,1,0.529743278115523,0.529743278115523,TRUE,0,TRUE,TRUE,TRUE
"controlled_permutation","balanced",50,1,19,"adversarial",16,1,7,1,0.516687064969598,0.516687064969598,TRUE,0,TRUE,TRUE,TRUE
"controlled_permutation","balanced",50,1,19,"adversarial",16,1,8,1,0.513320642899903,0.513320642899903,TRUE,0,TRUE,TRUE,TRUE
"controlled_permutation","balanced",50,1,19,"adversarial",16,1,9,1,0.561206249598641,0.561206249598641,TRUE,0,TRUE,TRUE,TRUE
"controlled_permutation","balanced",50,1,19,"adversarial",16,1,10,1,0.529743278115523,0.529743278115523,TRUE,0,TRUE,TRUE,TRUE
"controlled_permutation","balanced",50,1,19,"adversarial",16,1,11,1,0.516687064969598,0.516687064969598,TRUE,0,TRUE,TRUE,TRUE
"controlled_permutation","balanced",50,1,19,"adversarial",16,1,12,1,0.513320642899903,0.513320642899903,TRUE,0,TRUE,TRUE,TRUE
"controlled_permutation","balanced",50,1,19,"adversarial",16,1,13,1,0.561206249598641,0.561206249598641,TRUE,0,TRUE,TRUE,TRUE
"controlled_permutation","balanced",50,1,19,"adversarial",16,1,14,1,0.529743278115523,0.529743278115523,TRUE,0,TRUE,TRUE,TRUE
"controlled_permutation","balanced",50,1,19,"adversarial",16,1,15,1,0.516687064969598,0.516687064969598,TRUE,0,TRUE,TRUE,TRUE
"controlled_permutation","balanced",50,1,19,"adversarial",16,1,16,1,0.513320642899903,0.513320642899903,TRUE,0,TRUE,TRUE,TRUE
"controlled_permutation","balanced",50,1,19,"adversarial",16,1,17,1,0.561206249598641,0.561206249598641,TRUE,0,TRUE,TRUE,TRUE
"controlled_permutation","balanced",50,1,19,"adversarial",16,1,18,1,0.529743278115523,0.529743278115523,TRUE,0,TRUE,TRUE,TRUE
"controlled_permutation","balanced",50,1,19,"adversarial",16,1,19,1,0.516687064969598,0.516687064969598,TRUE,0,TRUE,TRUE,TRUE
"controlled_permutation","balanced",500,1,19,"identity",2,1,1,1,0.364868649104914,0.364868649104914,TRUE,0,TRUE,TRUE,TRUE
"controlled_permutation","balanced",500,1,19,"identity",2,1,2,1,0.364868649104914,0.364868649104914,TRUE,0,TRUE,TRUE,TRUE
"controlled_permutation","balanced",500,1,19,"identity",2,1,3,1,0.364868649104914,0.364868649104914,TRUE,0,TRUE,TRUE,TRUE
"controlled_permutation","balanced",500,1,19,"identity",2,1,4,1,0.364868649104914,0.364868649104914,TRUE,0,TRUE,TRUE,TRUE
"controlled_permutation","balanced",500,1,19,"identity",2,1,5,1,0.364868649104914,0.364868649104914,TRUE,0,TRUE,TRUE,TRUE
"controlled_permutation","balanced",500,1,19,"identity",2,1,6,1,0.364868649104914,0.364868649104914,TRUE,0,TRUE,TRUE,TRUE
"controlled_permutation","balanced",500,1,19,"identity",2,1,7,1,0.364868649104914,0.364868649104914,TRUE,0,TRUE,TRUE,TRUE
"controlled_permutation","balanced",500,1,19,"identity",2,1,8,1,0.364868649104914,0.364868649104914,TRUE,0,TRUE,TRUE,TRUE
"controlled_permutation","balanced",500,1,19,"identity",2,1,9,1,0.364868649104914,0.364868649104914,TRUE,0,TRUE,TRUE,TRUE
"controlled_permutation","balanced",500,1,19,"identity",2,1,10,1,0.364868649104914,0.364868649104914,TRUE,0,TRUE,TRUE,TRUE
"controlled_permutation","balanced",500,1,19,"identity",2,1,11,1,0.364868649104914,0.364868649104914,TRUE,0,TRUE,TRUE,TRUE
"controlled_permutation","balanced",500,1,19,"identity",2,1,12,1,0.364868649104914,0.364868649104914,TRUE,0,TRUE,TRUE,TRUE
"controlled_permutation","balanced",500,1,19,"identity",2,1,13,1,0.364868649104914,0.364868649104914,TRUE,0,TRUE,TRUE,TRUE
"controlled_permutation","balanced",500,1,19,"identity",2,1,14,1,0.364868649104914,0.364868649104914,TRUE,0,TRUE,TRUE,TRUE
"controlled_permutation","balanced",500,1,19,"identity",2,1,15,1,0.364868649104914,0.364868649104914,TRUE,0,TRUE,TRUE,TRUE
"controlled_permutation","balanced",500,1,19,"identity",2,1,16,1,0.364868649104914,0.364868649104914,TRUE,0,TRUE,TRUE,TRUE
"controlled_permutation","balanced",500,1,19,"identity",2,1,17,1,0.364868649104914,0.364868649104914,TRUE,0,TRUE,TRUE,TRUE
"controlled_permutation","balanced",500,1,19,"identity",2,1,18,1,0.364868649104914,0.364868649104914,TRUE,0,TRUE,TRUE,TRUE
"controlled_permutation","balanced",500,1,19,"identity",2,1,19,1,0.364868649104914,0.364868649104914,TRUE,0,TRUE,TRUE,TRUE
"controlled_permutation","balanced",500,1,19,"identity",4,1,1,1,0.364868649104914,0.364868649104914,TRUE,0,TRUE,TRUE,TRUE
"controlled_permutation","balanced",500,1,19,"identity",4,1,2,1,0.364868649104914,0.364868649104914,TRUE,0,TRUE,TRUE,TRUE
"controlled_permutation","balanced",500,1,19,"identity",4,1,3,1,0.364868649104914,0.364868649104914,TRUE,0,TRUE,TRUE,TRUE
"controlled_permutation","balanced",500,1,19,"identity",4,1,4,1,0.364868649104914,0.364868649104914,TRUE,0,TRUE,TRUE,TRUE
"controlled_permutation","balanced",500,1,19,"identity",4,1,5,1,0.364868649104914,0.364868649104914,TRUE,0,TRUE,TRUE,TRUE
"controlled_permutation","balanced",500,1,19,"identity",4,1,6,1,0.364868649104914,0.364868649104914,TRUE,0,TRUE,TRUE,TRUE
"controlled_permutation","balanced",500,1,19,"identity",4,1,7,1,0.364868649104914,0.364868649104914,TRUE,0,TRUE,TRUE,TRUE
"controlled_permutation","balanced",500,1,19,"identity",4,1,8,1,0.364868649104914,0.364868649104914,TRUE,0,TRUE,TRUE,TRUE
"controlled_permutation","balanced",500,1,19,"identity",4,1,9,1,0.364868649104914,0.364868649104914,TRUE,0,TRUE,TRUE,TRUE
"controlled_permutation","balanced",500,1,19,"identity",4,1,10,1,0.364868649104914,0.364868649104914,TRUE,0,TRUE,TRUE,TRUE
"controlled_permutation","balanced",500,1,19,"identity",4,1,11,1,0.364868649104914,0.364868649104914,TRUE,0,TRUE,TRUE,TRUE
"controlled_permutation","balanced",500,1,19,"identity",4,1,12,1,0.364868649104914,0.364868649104914,TRUE,0,TRUE,TRUE,TRUE
"controlled_permutation","balanced",500,1,19,"identity",4,1,13,1,0.364868649104914,0.364868649104914,TRUE,0,TRUE,TRUE,TRUE
"controlled_permutation","balanced",500,1,19,"identity",4,1,14,1,0.364868649104914,0.364868649104914,TRUE,0,TRUE,TRUE,TRUE
"controlled_permutation","balanced",500,1,19,"identity",4,1,15,1,0.364868649104914,0.364868649104914,TRUE,0,TRUE,TRUE,TRUE
"controlled_permutation","balanced",500,1,19,"identity",4,1,16,1,0.364868649104914,0.364868649104914,TRUE,0,TRUE,TRUE,TRUE
"controlled_permutation","balanced",500,1,19,"identity",4,1,17,1,0.364868649104914,0.364868649104914,TRUE,0,TRUE,TRUE,TRUE
"controlled_permutation","balanced",500,1,19,"identity",4,1,18,1,0.364868649104914,0.364868649104914,TRUE,0,TRUE,TRUE,TRUE
"controlled_permutation","balanced",500,1,19,"identity",4,1,19,1,0.364868649104914,0.364868649104914,TRUE,0,TRUE,TRUE,TRUE
"controlled_permutation","balanced",500,1,19,"identity",8,1,1,1,0.364868649104914,0.364868649104914,TRUE,0,TRUE,TRUE,TRUE
"controlled_permutation","balanced",500,1,19,"identity",8,1,2,1,0.364868649104914,0.364868649104914,TRUE,0,TRUE,TRUE,TRUE
"controlled_permutation","balanced",500,1,19,"identity",8,1,3,1,0.364868649104914,0.364868649104914,TRUE,0,TRUE,TRUE,TRUE
"controlled_permutation","balanced",500,1,19,"identity",8,1,4,1,0.364868649104914,0.364868649104914,TRUE,0,TRUE,TRUE,TRUE
"controlled_permutation","balanced",500,1,19,"identity",8,1,5,1,0.364868649104914,0.364868649104914,TRUE,0,TRUE,TRUE,TRUE
"controlled_permutation","balanced",500,1,19,"identity",8,1,6,1,0.364868649104914,0.364868649104914,TRUE,0,TRUE,TRUE,TRUE
"controlled_permutation","balanced",500,1,19,"identity",8,1,7,1,0.364868649104914,0.364868649104914,TRUE,0,TRUE,TRUE,TRUE
"controlled_permutation","balanced",500,1,19,"identity",8,1,8,1,0.364868649104914,0.364868649104914,TRUE,0,TRUE,TRUE,TRUE
"controlled_permutation","balanced",500,1,19,"identity",8,1,9,1,0.364868649104914,0.364868649104914,TRUE,0,TRUE,TRUE,TRUE
"controlled_permutation","balanced",500,1,19,"identity",8,1,10,1,0.364868649104914,0.364868649104914,TRUE,0,TRUE,TRUE,TRUE
"controlled_permutation","balanced",500,1,19,"identity",8,1,11,1,0.364868649104914,0.364868649104914,TRUE,0,TRUE,TRUE,TRUE
"controlled_permutation","balanced",500,1,19,"identity",8,1,12,1,0.364868649104914,0.364868649104914,TRUE,0,TRUE,TRUE,TRUE
"controlled_permutation","balanced",500,1,19,"identity",8,1,13,1,0.364868649104914,0.364868649104914,TRUE,0,TRUE,TRUE,TRUE
"controlled_permutation","balanced",500,1,19,"identity",8,1,14,1,0.364868649104914,0.364868649104914,TRUE,0,TRUE,TRUE,TRUE
"controlled_permutation","balanced",500,1,19,"identity",8,1,15,1,0.364868649104914,0.364868649104914,TRUE,0,TRUE,TRUE,TRUE
"controlled_permutation","balanced",500,1,19,"identity",8,1,16,1,0.364868649104914,0.364868649104914,TRUE,0,TRUE,TRUE,TRUE
"controlled_permutation","balanced",500,1,19,"identity",8,1,17,1,0.364868649104914,0.364868649104914,TRUE,0,TRUE,TRUE,TRUE
"controlled_permutation","balanced",500,1,19,"identity",8,1,18,1,0.364868649104914,0.364868649104914,TRUE,0,TRUE,TRUE,TRUE
"controlled_permutation","balanced",500,1,19,"identity",8,1,19,1,0.364868649104914,0.364868649104914,TRUE,0,TRUE,TRUE,TRUE
"controlled_permutation","balanced",500,1,19,"identity",16,1,1,1,0.364868649104914,0.364868649104914,TRUE,0,TRUE,TRUE,TRUE
"controlled_permutation","balanced",500,1,19,"identity",16,1,2,1,0.364868649104914,0.364868649104914,TRUE,0,TRUE,TRUE,TRUE
"controlled_permutation","balanced",500,1,19,"identity",16,1,3,1,0.364868649104914,0.364868649104914,TRUE,0,TRUE,TRUE,TRUE
"controlled_permutation","balanced",500,1,19,"identity",16,1,4,1,0.364868649104914,0.364868649104914,TRUE,0,TRUE,TRUE,TRUE
"controlled_permutation","balanced",500,1,19,"identity",16,1,5,1,0.364868649104914,0.364868649104914,TRUE,0,TRUE,TRUE,TRUE
"controlled_permutation","balanced",500,1,19,"identity",16,1,6,1,0.364868649104914,0.364868649104914,TRUE,0,TRUE,TRUE,TRUE
"controlled_permutation","balanced",500,1,19,"identity",16,1,7,1,0.364868649104914,0.364868649104914,TRUE,0,TRUE,TRUE,TRUE
"controlled_permutation","balanced",500,1,19,"identity",16,1,8,1,0.364868649104914,0.364868649104914,TRUE,0,TRUE,TRUE,TRUE
"controlled_permutation","balanced",500,1,19,"identity",16,1,9,1,0.364868649104914,0.364868649104914,TRUE,0,TRUE,TRUE,TRUE
"controlled_permutation","balanced",500,1,19,"identity",16,1,10,1,0.364868649104914,0.364868649104914,TRUE,0,TRUE,TRUE,TRUE
"controlled_permutation","balanced",500,1,19,"identity",16,1,11,1,0.364868649104914,0.364868649104914,TRUE,0,TRUE,TRUE,TRUE
"controlled_permutation","balanced",500,1,19,"identity",16,1,12,1,0.364868649104914,0.364868649104914,TRUE,0,TRUE,TRUE,TRUE
"controlled_permutation","balanced",500,1,19,"identity",16,1,13,1,0.364868649104914,0.364868649104914,TRUE,0,TRUE,TRUE,TRUE
"controlled_permutation","balanced",500,1,19,"identity",16,1,14,1,0.364868649104914,0.364868649104914,TRUE,0,TRUE,TRUE,TRUE
"controlled_permutation","balanced",500,1,19,"identity",16,1,15,1,0.364868649104914,0.364868649104914,TRUE,0,TRUE,TRUE,TRUE
"controlled_permutation","balanced",500,1,19,"identity",16,1,16,1,0.364868649104914,0.364868649104914,TRUE,0,TRUE,TRUE,TRUE
"controlled_permutation","balanced",500,1,19,"identity",16,1,17,1,0.364868649104914,0.364868649104914,TRUE,0,TRUE,TRUE,TRUE
"controlled_permutation","balanced",500,1,19,"identity",16,1,18,1,0.364868649104914,0.364868649104914,TRUE,0,TRUE,TRUE,TRUE
"controlled_permutation","balanced",500,1,19,"identity",16,1,19,1,0.364868649104914,0.364868649104914,TRUE,0,TRUE,TRUE,TRUE
"controlled_permutation","balanced",500,1,19,"single_swap",2,1,1,1,0.364868649104914,0.364868649104914,TRUE,0,TRUE,TRUE,TRUE
"controlled_permutation","balanced",500,1,19,"single_swap",2,1,2,1,0.364870669026461,0.364870669026461,TRUE,0,TRUE,TRUE,TRUE
"controlled_permutation","balanced",500,1,19,"single_swap",2,1,3,1,0.369372702401625,0.369372702401625,TRUE,0,TRUE,TRUE,TRUE
"controlled_permutation","balanced",500,1,19,"single_swap",2,1,4,1,0.364867354746591,0.364867354746591,TRUE,0,TRUE,TRUE,TRUE
"controlled_permutation","balanced",500,1,19,"single_swap",2,1,5,1,0.37231365555564,0.37231365555564,TRUE,0,TRUE,TRUE,TRUE
"controlled_permutation","balanced",500,1,19,"single_swap",2,1,6,1,0.364869488605095,0.364869488605095,TRUE,0,TRUE,TRUE,TRUE
"controlled_permutation","balanced",500,1,19,"single_swap",2,1,7,1,0.365464253400826,0.365464253400826,TRUE,0,TRUE,TRUE,TRUE
"controlled_permutation","balanced",500,1,19,"single_swap",2,1,8,1,0.364868390095828,0.364868390095828,TRUE,0,TRUE,TRUE,TRUE
"controlled_permutation","balanced",500,1,19,"single_swap",2,1,9,1,0.360533976157323,0.360533976157323,TRUE,0,TRUE,TRUE,TRUE
"controlled_permutation","balanced",500,1,19,"single_swap",2,1,10,1,0.364868255193231,0.364868255193231,TRUE,0,TRUE,TRUE,TRUE
"controlled_permutation","balanced",500,1,19,"single_swap",2,1,11,1,0.364131271371075,0.364131271371075,TRUE,0,TRUE,TRUE,TRUE
"controlled_permutation","balanced",500,1,19,"single_swap",2,1,12,1,0.364868701441141,0.364868701441141,TRUE,0,TRUE,TRUE,TRUE
"controlled_permutation","balanced",500,1,19,"single_swap",2,1,13,1,0.364645474851028,0.364645474851028,TRUE,0,TRUE,TRUE,TRUE
"controlled_permutation","balanced",500,1,19,"single_swap",2,1,14,1,0.36486772676014,0.36486772676014,TRUE,0,TRUE,TRUE,TRUE
"controlled_permutation","balanced",500,1,19,"single_swap",2,1,15,1,0.362410656462747,0.362410656462747,TRUE,0,TRUE,TRUE,TRUE
"controlled_permutation","balanced",500,1,19,"single_swap",2,1,16,1,0.364870126906998,0.364870126906998,TRUE,0,TRUE,TRUE,TRUE
"controlled_permutation","balanced",500,1,19,"single_swap",2,1,17,1,0.364297974982536,0.364297974982536,TRUE,0,TRUE,TRUE,TRUE
"controlled_permutation","balanced",500,1,19,"single_swap",2,1,18,1,0.364868666462998,0.364868666462998,TRUE,0,TRUE,TRUE,TRUE
"controlled_permutation","balanced",500,1,19,"single_swap",2,1,19,1,0.364881150979649,0.364881150979649,TRUE,0,TRUE,TRUE,TRUE
"controlled_permutation","balanced",500,1,19,"single_swap",4,1,1,1,0.364868649104914,0.364868649104914,TRUE,0,TRUE,TRUE,TRUE
"controlled_permutation","balanced",500,1,19,"single_swap",4,1,2,1,0.364870669026461,0.364870669026461,TRUE,0,TRUE,TRUE,TRUE
"controlled_permutation","balanced",500,1,19,"single_swap",4,1,3,1,0.369372702401625,0.369372702401625,TRUE,0,TRUE,TRUE,TRUE
"controlled_permutation","balanced",500,1,19,"single_swap",4,1,4,1,0.364867354746591,0.364867354746591,TRUE,0,TRUE,TRUE,TRUE
"controlled_permutation","balanced",500,1,19,"single_swap",4,1,5,1,0.37231365555564,0.37231365555564,TRUE,0,TRUE,TRUE,TRUE
"controlled_permutation","balanced",500,1,19,"single_swap",4,1,6,1,0.364869488605095,0.364869488605095,TRUE,0,TRUE,TRUE,TRUE
"controlled_permutation","balanced",500,1,19,"single_swap",4,1,7,1,0.365464253400826,0.365464253400826,TRUE,0,TRUE,TRUE,TRUE
"controlled_permutation","balanced",500,1,19,"single_swap",4,1,8,1,0.364868390095828,0.364868390095828,TRUE,0,TRUE,TRUE,TRUE
"controlled_permutation","balanced",500,1,19,"single_swap",4,1,9,1,0.360533976157323,0.360533976157323,TRUE,0,TRUE,TRUE,TRUE
"controlled_permutation","balanced",500,1,19,"single_swap",4,1,10,1,0.364868255193231,0.364868255193231,TRUE,0,TRUE,TRUE,TRUE
"controlled_permutation","balanced",500,1,19,"single_swap",4,1,11,1,0.364131271371075,0.364131271371075,TRUE,0,TRUE,TRUE,TRUE
"controlled_permutation","balanced",500,1,19,"single_swap",4,1,12,1,0.364868701441141,0.364868701441141,TRUE,0,TRUE,TRUE,TRUE
"controlled_permutation","balanced",500,1,19,"single_swap",4,1,13,1,0.364645474851028,0.364645474851028,TRUE,0,TRUE,TRUE,TRUE
"controlled_permutation","balanced",500,1,19,"single_swap",4,1,14,1,0.36486772676014,0.36486772676014,TRUE,0,TRUE,TRUE,TRUE
"controlled_permutation","balanced",500,1,19,"single_swap",4,1,15,1,0.362410656462747,0.362410656462747,TRUE,0,TRUE,TRUE,TRUE
"controlled_permutation","balanced",500,1,19,"single_swap",4,1,16,1,0.364870126906998,0.364870126906998,TRUE,0,TRUE,TRUE,TRUE
"controlled_permutation","balanced",500,1,19,"single_swap",4,1,17,1,0.364297974982536,0.364297974982536,TRUE,0,TRUE,TRUE,TRUE
"controlled_permutation","balanced",500,1,19,"single_swap",4,1,18,1,0.364868666462998,0.364868666462998,TRUE,0,TRUE,TRUE,TRUE
"controlled_permutation","balanced",500,1,19,"single_swap",4,1,19,1,0.364881150979649,0.364881150979649,TRUE,0,TRUE,TRUE,TRUE
"controlled_permutation","balanced",500,1,19,"single_swap",8,1,1,1,0.364868649104914,0.364868649104914,TRUE,0,TRUE,TRUE,TRUE
"controlled_permutation","balanced",500,1,19,"single_swap",8,1,2,1,0.364870669026461,0.364870669026461,TRUE,0,TRUE,TRUE,TRUE
"controlled_permutation","balanced",500,1,19,"single_swap",8,1,3,1,0.369372702401625,0.369372702401625,TRUE,0,TRUE,TRUE,TRUE
"controlled_permutation","balanced",500,1,19,"single_swap",8,1,4,1,0.364867354746591,0.364867354746591,TRUE,0,TRUE,TRUE,TRUE
"controlled_permutation","balanced",500,1,19,"single_swap",8,1,5,1,0.37231365555564,0.37231365555564,TRUE,0,TRUE,TRUE,TRUE
"controlled_permutation","balanced",500,1,19,"single_swap",8,1,6,1,0.364869488605095,0.364869488605095,TRUE,0,TRUE,TRUE,TRUE
"controlled_permutation","balanced",500,1,19,"single_swap",8,1,7,1,0.365464253400826,0.365464253400826,TRUE,0,TRUE,TRUE,TRUE
"controlled_permutation","balanced",500,1,19,"single_swap",8,1,8,1,0.364868390095828,0.364868390095828,TRUE,0,TRUE,TRUE,TRUE
"controlled_permutation","balanced",500,1,19,"single_swap",8,1,9,1,0.360533976157323,0.360533976157323,TRUE,0,TRUE,TRUE,TRUE
"controlled_permutation","balanced",500,1,19,"single_swap",8,1,10,1,0.364868255193231,0.364868255193231,TRUE,0,TRUE,TRUE,TRUE
"controlled_permutation","balanced",500,1,19,"single_swap",8,1,11,1,0.364131271371075,0.364131271371075,TRUE,0,TRUE,TRUE,TRUE
"controlled_permutation","balanced",500,1,19,"single_swap",8,1,12,1,0.364868701441141,0.364868701441141,TRUE,0,TRUE,TRUE,TRUE
"controlled_permutation","balanced",500,1,19,"single_swap",8,1,13,1,0.364645474851028,0.364645474851028,TRUE,0,TRUE,TRUE,TRUE
"controlled_permutation","balanced",500,1,19,"single_swap",8,1,14,1,0.36486772676014,0.36486772676014,TRUE,0,TRUE,TRUE,TRUE
"controlled_permutation","balanced",500,1,19,"single_swap",8,1,15,1,0.362410656462747,0.362410656462747,TRUE,0,TRUE,TRUE,TRUE
"controlled_permutation","balanced",500,1,19,"single_swap",8,1,16,1,0.364870126906998,0.364870126906998,TRUE,0,TRUE,TRUE,TRUE
"controlled_permutation","balanced",500,1,19,"single_swap",8,1,17,1,0.364297974982536,0.364297974982536,TRUE,0,TRUE,TRUE,TRUE
"controlled_permutation","balanced",500,1,19,"single_swap",8,1,18,1,0.364868666462998,0.364868666462998,TRUE,0,TRUE,TRUE,TRUE
"controlled_permutation","balanced",500,1,19,"single_swap",8,1,19,1,0.364881150979649,0.364881150979649,TRUE,0,TRUE,TRUE,TRUE
"controlled_permutation","balanced",500,1,19,"single_swap",16,1,1,1,0.364868649104914,0.364868649104914,TRUE,0,TRUE,TRUE,TRUE
"controlled_permutation","balanced",500,1,19,"single_swap",16,1,2,1,0.364870669026461,0.364870669026461,TRUE,0,TRUE,TRUE,TRUE
"controlled_permutation","balanced",500,1,19,"single_swap",16,1,3,1,0.369372702401625,0.369372702401625,TRUE,0,TRUE,TRUE,TRUE
"controlled_permutation","balanced",500,1,19,"single_swap",16,1,4,1,0.364867354746591,0.364867354746591,TRUE,0,TRUE,TRUE,TRUE
"controlled_permutation","balanced",500,1,19,"single_swap",16,1,5,1,0.37231365555564,0.37231365555564,TRUE,0,TRUE,TRUE,TRUE
"controlled_permutation","balanced",500,1,19,"single_swap",16,1,6,1,0.364869488605095,0.364869488605095,TRUE,0,TRUE,TRUE,TRUE
"controlled_permutation","balanced",500,1,19,"single_swap",16,1,7,1,0.365464253400826,0.365464253400826,TRUE,0,TRUE,TRUE,TRUE
"controlled_permutation","balanced",500,1,19,"single_swap",16,1,8,1,0.364868390095828,0.364868390095828,TRUE,0,TRUE,TRUE,TRUE
"controlled_permutation","balanced",500,1,19,"single_swap",16,1,9,1,0.360533976157323,0.360533976157323,TRUE,0,TRUE,TRUE,TRUE
"controlled_permutation","balanced",500,1,19,"single_swap",16,1,10,1,0.364868255193231,0.364868255193231,TRUE,0,TRUE,TRUE,TRUE
"controlled_permutation","balanced",500,1,19,"single_swap",16,1,11,1,0.364131271371075,0.364131271371075,TRUE,0,TRUE,TRUE,TRUE
"controlled_permutation","balanced",500,1,19,"single_swap",16,1,12,1,0.364868701441141,0.364868701441141,TRUE,0,TRUE,TRUE,TRUE
"controlled_permutation","balanced",500,1,19,"single_swap",16,1,13,1,0.364645474851028,0.364645474851028,TRUE,0,TRUE,TRUE,TRUE
"controlled_permutation","balanced",500,1,19,"single_swap",16,1,14,1,0.36486772676014,0.36486772676014,TRUE,0,TRUE,TRUE,TRUE
"controlled_permutation","balanced",500,1,19,"single_swap",16,1,15,1,0.362410656462747,0.362410656462747,TRUE,0,TRUE,TRUE,TRUE
"controlled_permutation","balanced",500,1,19,"single_swap",16,1,16,1,0.364870126906998,0.364870126906998,TRUE,0,TRUE,TRUE,TRUE
"controlled_permutation","balanced",500,1,19,"single_swap",16,1,17,1,0.364297974982536,0.364297974982536,TRUE,0,TRUE,TRUE,TRUE
"controlled_permutation","balanced",500,1,19,"single_swap",16,1,18,1,0.364868666462998,0.364868666462998,TRUE,0,TRUE,TRUE,TRUE
"controlled_permutation","balanced",500,1,19,"single_swap",16,1,19,1,0.364881150979649,0.364881150979649,TRUE,0,TRUE,TRUE,TRUE
"controlled_permutation","balanced",500,1,19,"reverse",2,1,1,1,0.364868649104914,0.364868649104914,TRUE,0,TRUE,TRUE,TRUE
"controlled_permutation","balanced",500,1,19,"reverse",2,1,2,1,0.367087448374889,0.367087448374889,TRUE,0,TRUE,TRUE,TRUE
"controlled_permutation","balanced",500,1,19,"reverse",2,1,3,1,0.367087448374889,0.367087448374889,TRUE,0,TRUE,TRUE,TRUE
"controlled_permutation","balanced",500,1,19,"reverse",2,1,4,1,0.367087448374889,0.367087448374889,TRUE,0,TRUE,TRUE,TRUE
"controlled_permutation","balanced",500,1,19,"reverse",2,1,5,1,0.367087448374889,0.367087448374889,TRUE,0,TRUE,TRUE,TRUE
"controlled_permutation","balanced",500,1,19,"reverse",2,1,6,1,0.367087448374889,0.367087448374889,TRUE,0,TRUE,TRUE,TRUE
"controlled_permutation","balanced",500,1,19,"reverse",2,1,7,1,0.367087448374889,0.367087448374889,TRUE,0,TRUE,TRUE,TRUE
"controlled_permutation","balanced",500,1,19,"reverse",2,1,8,1,0.367087448374889,0.367087448374889,TRUE,0,TRUE,TRUE,TRUE
"controlled_permutation","balanced",500,1,19,"reverse",2,1,9,1,0.367087448374889,0.367087448374889,TRUE,0,TRUE,TRUE,TRUE
"controlled_permutation","balanced",500,1,19,"reverse",2,1,10,1,0.367087448374889,0.367087448374889,TRUE,0,TRUE,TRUE,TRUE
"controlled_permutation","balanced",500,1,19,"reverse",2,1,11,1,0.367087448374889,0.367087448374889,TRUE,0,TRUE,TRUE,TRUE
"controlled_permutation","balanced",500,1,19,"reverse",2,1,12,1,0.367087448374889,0.367087448374889,TRUE,0,TRUE,TRUE,TRUE
"controlled_permutation","balanced",500,1,19,"reverse",2,1,13,1,0.367087448374889,0.367087448374889,TRUE,0,TRUE,TRUE,TRUE
"controlled_permutation","balanced",500,1,19,"reverse",2,1,14,1,0.367087448374889,0.367087448374889,TRUE,0,TRUE,TRUE,TRUE
"controlled_permutation","balanced",500,1,19,"reverse",2,1,15,1,0.367087448374889,0.367087448374889,TRUE,0,TRUE,TRUE,TRUE
"controlled_permutation","balanced",500,1,19,"reverse",2,1,16,1,0.367087448374889,0.367087448374889,TRUE,0,TRUE,TRUE,TRUE
"controlled_permutation","balanced",500,1,19,"reverse",2,1,17,1,0.367087448374889,0.367087448374889,TRUE,0,TRUE,TRUE,TRUE
"controlled_permutation","balanced",500,1,19,"reverse",2,1,18,1,0.367087448374889,0.367087448374889,TRUE,0,TRUE,TRUE,TRUE
"controlled_permutation","balanced",500,1,19,"reverse",2,1,19,1,0.367087448374889,0.367087448374889,TRUE,0,TRUE,TRUE,TRUE
"controlled_permutation","balanced",500,1,19,"reverse",4,1,1,1,0.364868649104914,0.364868649104914,TRUE,0,TRUE,TRUE,TRUE
"controlled_permutation","balanced",500,1,19,"reverse",4,1,2,1,0.367087448374889,0.367087448374889,TRUE,0,TRUE,TRUE,TRUE
"controlled_permutation","balanced",500,1,19,"reverse",4,1,3,1,0.367087448374889,0.367087448374889,TRUE,0,TRUE,TRUE,TRUE
"controlled_permutation","balanced",500,1,19,"reverse",4,1,4,1,0.367087448374889,0.367087448374889,TRUE,0,TRUE,TRUE,TRUE
"controlled_permutation","balanced",500,1,19,"reverse",4,1,5,1,0.367087448374889,0.367087448374889,TRUE,0,TRUE,TRUE,TRUE
"controlled_permutation","balanced",500,1,19,"reverse",4,1,6,1,0.367087448374889,0.367087448374889,TRUE,0,TRUE,TRUE,TRUE
"controlled_permutation","balanced",500,1,19,"reverse",4,1,7,1,0.367087448374889,0.367087448374889,TRUE,0,TRUE,TRUE,TRUE
"controlled_permutation","balanced",500,1,19,"reverse",4,1,8,1,0.367087448374889,0.367087448374889,TRUE,0,TRUE,TRUE,TRUE
"controlled_permutation","balanced",500,1,19,"reverse",4,1,9,1,0.367087448374889,0.367087448374889,TRUE,0,TRUE,TRUE,TRUE
"controlled_permutation","balanced",500,1,19,"reverse",4,1,10,1,0.367087448374889,0.367087448374889,TRUE,0,TRUE,TRUE,TRUE
"controlled_permutation","balanced",500,1,19,"reverse",4,1,11,1,0.367087448374889,0.367087448374889,TRUE,0,TRUE,TRUE,TRUE
"controlled_permutation","balanced",500,1,19,"reverse",4,1,12,1,0.367087448374889,0.367087448374889,TRUE,0,TRUE,TRUE,TRUE
"controlled_permutation","balanced",500,1,19,"reverse",4,1,13,1,0.367087448374889,0.367087448374889,TRUE,0,TRUE,TRUE,TRUE
"controlled_permutation","balanced",500,1,19,"reverse",4,1,14,1,0.367087448374889,0.367087448374889,TRUE,0,TRUE,TRUE,TRUE
"controlled_permutation","balanced",500,1,19,"reverse",4,1,15,1,0.367087448374889,0.367087448374889,TRUE,0,TRUE,TRUE,TRUE
"controlled_permutation","balanced",500,1,19,"reverse",4,1,16,1,0.367087448374889,0.367087448374889,TRUE,0,TRUE,TRUE,TRUE
"controlled_permutation","balanced",500,1,19,"reverse",4,1,17,1,0.367087448374889,0.367087448374889,TRUE,0,TRUE,TRUE,TRUE
"controlled_permutation","balanced",500,1,19,"reverse",4,1,18,1,0.367087448374889,0.367087448374889,TRUE,0,TRUE,TRUE,TRUE
"controlled_permutation","balanced",500,1,19,"reverse",4,1,19,1,0.367087448374889,0.367087448374889,TRUE,0,TRUE,TRUE,TRUE
"controlled_permutation","balanced",500,1,19,"reverse",8,1,1,1,0.364868649104914,0.364868649104914,TRUE,0,TRUE,TRUE,TRUE
"controlled_permutation","balanced",500,1,19,"reverse",8,1,2,1,0.367087448374889,0.367087448374889,TRUE,0,TRUE,TRUE,TRUE
"controlled_permutation","balanced",500,1,19,"reverse",8,1,3,1,0.367087448374889,0.367087448374889,TRUE,0,TRUE,TRUE,TRUE
"controlled_permutation","balanced",500,1,19,"reverse",8,1,4,1,0.367087448374889,0.367087448374889,TRUE,0,TRUE,TRUE,TRUE
"controlled_permutation","balanced",500,1,19,"reverse",8,1,5,1,0.367087448374889,0.367087448374889,TRUE,0,TRUE,TRUE,TRUE
"controlled_permutation","balanced",500,1,19,"reverse",8,1,6,1,0.367087448374889,0.367087448374889,TRUE,0,TRUE,TRUE,TRUE
"controlled_permutation","balanced",500,1,19,"reverse",8,1,7,1,0.367087448374889,0.367087448374889,TRUE,0,TRUE,TRUE,TRUE
"controlled_permutation","balanced",500,1,19,"reverse",8,1,8,1,0.367087448374889,0.367087448374889,TRUE,0,TRUE,TRUE,TRUE
"controlled_permutation","balanced",500,1,19,"reverse",8,1,9,1,0.367087448374889,0.367087448374889,TRUE,0,TRUE,TRUE,TRUE
"controlled_permutation","balanced",500,1,19,"reverse",8,1,10,1,0.367087448374889,0.367087448374889,TRUE,0,TRUE,TRUE,TRUE
"controlled_permutation","balanced",500,1,19,"reverse",8,1,11,1,0.367087448374889,0.367087448374889,TRUE,0,TRUE,TRUE,TRUE
"controlled_permutation","balanced",500,1,19,"reverse",8,1,12,1,0.367087448374889,0.367087448374889,TRUE,0,TRUE,TRUE,TRUE
"controlled_permutation","balanced",500,1,19,"reverse",8,1,13,1,0.367087448374889,0.367087448374889,TRUE,0,TRUE,TRUE,TRUE
"controlled_permutation","balanced",500,1,19,"reverse",8,1,14,1,0.367087448374889,0.367087448374889,TRUE,0,TRUE,TRUE,TRUE
"controlled_permutation","balanced",500,1,19,"reverse",8,1,15,1,0.367087448374889,0.367087448374889,TRUE,0,TRUE,TRUE,TRUE
"controlled_permutation","balanced",500,1,19,"reverse",8,1,16,1,0.367087448374889,0.367087448374889,TRUE,0,TRUE,TRUE,TRUE
"controlled_permutation","balanced",500,1,19,"reverse",8,1,17,1,0.367087448374889,0.367087448374889,TRUE,0,TRUE,TRUE,TRUE
"controlled_permutation","balanced",500,1,19,"reverse",8,1,18,1,0.367087448374889,0.367087448374889,TRUE,0,TRUE,TRUE,TRUE
"controlled_permutation","balanced",500,1,19,"reverse",8,1,19,1,0.367087448374889,0.367087448374889,TRUE,0,TRUE,TRUE,TRUE
"controlled_permutation","balanced",500,1,19,"reverse",16,1,1,1,0.364868649104914,0.364868649104914,TRUE,0,TRUE,TRUE,TRUE
"controlled_permutation","balanced",500,1,19,"reverse",16,1,2,1,0.367087448374889,0.367087448374889,TRUE,0,TRUE,TRUE,TRUE
"controlled_permutation","balanced",500,1,19,"reverse",16,1,3,1,0.367087448374889,0.367087448374889,TRUE,0,TRUE,TRUE,TRUE
"controlled_permutation","balanced",500,1,19,"reverse",16,1,4,1,0.367087448374889,0.367087448374889,TRUE,0,TRUE,TRUE,TRUE
"controlled_permutation","balanced",500,1,19,"reverse",16,1,5,1,0.367087448374889,0.367087448374889,TRUE,0,TRUE,TRUE,TRUE
"controlled_permutation","balanced",500,1,19,"reverse",16,1,6,1,0.367087448374889,0.367087448374889,TRUE,0,TRUE,TRUE,TRUE
"controlled_permutation","balanced",500,1,19,"reverse",16,1,7,1,0.367087448374889,0.367087448374889,TRUE,0,TRUE,TRUE,TRUE
"controlled_permutation","balanced",500,1,19,"reverse",16,1,8,1,0.367087448374889,0.367087448374889,TRUE,0,TRUE,TRUE,TRUE
"controlled_permutation","balanced",500,1,19,"reverse",16,1,9,1,0.367087448374889,0.367087448374889,TRUE,0,TRUE,TRUE,TRUE
"controlled_permutation","balanced",500,1,19,"reverse",16,1,10,1,0.367087448374889,0.367087448374889,TRUE,0,TRUE,TRUE,TRUE
"controlled_permutation","balanced",500,1,19,"reverse",16,1,11,1,0.367087448374889,0.367087448374889,TRUE,0,TRUE,TRUE,TRUE
"controlled_permutation","balanced",500,1,19,"reverse",16,1,12,1,0.367087448374889,0.367087448374889,TRUE,0,TRUE,TRUE,TRUE
"controlled_permutation","balanced",500,1,19,"reverse",16,1,13,1,0.367087448374889,0.367087448374889,TRUE,0,TRUE,TRUE,TRUE
"controlled_permutation","balanced",500,1,19,"reverse",16,1,14,1,0.367087448374889,0.367087448374889,TRUE,0,TRUE,TRUE,TRUE
"controlled_permutation","balanced",500,1,19,"reverse",16,1,15,1,0.367087448374889,0.367087448374889,TRUE,0,TRUE,TRUE,TRUE
"controlled_permutation","balanced",500,1,19,"reverse",16,1,16,1,0.367087448374889,0.367087448374889,TRUE,0,TRUE,TRUE,TRUE
"controlled_permutation","balanced",500,1,19,"reverse",16,1,17,1,0.367087448374889,0.367087448374889,TRUE,0,TRUE,TRUE,TRUE
"controlled_permutation","balanced",500,1,19,"reverse",16,1,18,1,0.367087448374889,0.367087448374889,TRUE,0,TRUE,TRUE,TRUE
"controlled_permutation","balanced",500,1,19,"reverse",16,1,19,1,0.367087448374889,0.367087448374889,TRUE,0,TRUE,TRUE,TRUE
"controlled_permutation","balanced",500,1,19,"cyclic_shift",2,1,1,1,0.364868649104914,0.364868649104914,TRUE,0,TRUE,TRUE,TRUE
"controlled_permutation","balanced",500,1,19,"cyclic_shift",2,1,2,1,0.358055255193849,0.358055255193849,TRUE,0,TRUE,TRUE,TRUE
"controlled_permutation","balanced",500,1,19,"cyclic_shift",2,1,3,1,0.361686773966251,0.361686773966251,TRUE,0,TRUE,TRUE,TRUE
"controlled_permutation","balanced",500,1,19,"cyclic_shift",2,1,4,1,0.366858727723698,0.366858727723698,TRUE,0,TRUE,TRUE,TRUE
"controlled_permutation","balanced",500,1,19,"cyclic_shift",2,1,5,1,0.368581739786588,0.368581739786588,TRUE,0,TRUE,TRUE,TRUE
"controlled_permutation","balanced",500,1,19,"cyclic_shift",2,1,6,1,0.364853669982151,0.364853669982151,TRUE,0,TRUE,TRUE,TRUE
"controlled_permutation","balanced",500,1,19,"cyclic_shift",2,1,7,1,0.367642605357631,0.367642605357631,TRUE,0,TRUE,TRUE,TRUE
"controlled_permutation","balanced",500,1,19,"cyclic_shift",2,1,8,1,0.368906675350119,0.368906675350119,TRUE,0,TRUE,TRUE,TRUE
"controlled_permutation","balanced",500,1,19,"cyclic_shift",2,1,9,1,0.379158226231116,0.379158226231116,TRUE,0,TRUE,TRUE,TRUE
"controlled_permutation","balanced",500,1,19,"cyclic_shift",2,1,10,1,0.351774275714352,0.351774275714352,TRUE,0,TRUE,TRUE,TRUE
"controlled_permutation","balanced",500,1,19,"cyclic_shift",2,1,11,1,0.3691153721097,0.3691153721097,TRUE,0,TRUE,TRUE,TRUE
"controlled_permutation","balanced",500,1,19,"cyclic_shift",2,1,12,1,0.364739509019506,0.364739509019506,TRUE,0,TRUE,TRUE,TRUE
"controlled_permutation","balanced",500,1,19,"cyclic_shift",2,1,13,1,0.374097360812725,0.374097360812725,TRUE,0,TRUE,TRUE,TRUE
"controlled_permutation","balanced",500,1,19,"cyclic_shift",2,1,14,1,0.356063462746425,0.356063462746425,TRUE,0,TRUE,TRUE,TRUE
"controlled_permutation","balanced",500,1,19,"cyclic_shift",2,1,15,1,0.37165578303581,0.37165578303581,TRUE,0,TRUE,TRUE,TRUE
"controlled_permutation","balanced",500,1,19,"cyclic_shift",2,1,16,1,0.363865195896911,0.363865195896911,TRUE,0,TRUE,TRUE,TRUE
"controlled_permutation","balanced",500,1,19,"cyclic_shift",2,1,17,1,0.372240377991417,0.372240377991417,TRUE,0,TRUE,TRUE,TRUE
"controlled_permutation","balanced",500,1,19,"cyclic_shift",2,1,18,1,0.357567902696307,0.357567902696307,TRUE,0,TRUE,TRUE,TRUE
"controlled_permutation","balanced",500,1,19,"cyclic_shift",2,1,19,1,0.368476688739844,0.368476688739844,TRUE,0,TRUE,TRUE,TRUE
"controlled_permutation","balanced",500,1,19,"cyclic_shift",4,1,1,1,0.364868649104914,0.364868649104914,TRUE,0,TRUE,TRUE,TRUE
"controlled_permutation","balanced",500,1,19,"cyclic_shift",4,1,2,1,0.358055255193849,0.358055255193849,TRUE,0,TRUE,TRUE,TRUE
"controlled_permutation","balanced",500,1,19,"cyclic_shift",4,1,3,1,0.361686773966251,0.361686773966251,TRUE,0,TRUE,TRUE,TRUE
"controlled_permutation","balanced",500,1,19,"cyclic_shift",4,1,4,1,0.366858727723698,0.366858727723698,TRUE,0,TRUE,TRUE,TRUE
"controlled_permutation","balanced",500,1,19,"cyclic_shift",4,1,5,1,0.368581739786588,0.368581739786588,TRUE,0,TRUE,TRUE,TRUE
"controlled_permutation","balanced",500,1,19,"cyclic_shift",4,1,6,1,0.364853669982151,0.364853669982151,TRUE,0,TRUE,TRUE,TRUE
"controlled_permutation","balanced",500,1,19,"cyclic_shift",4,1,7,1,0.367642605357631,0.367642605357631,TRUE,0,TRUE,TRUE,TRUE
"controlled_permutation","balanced",500,1,19,"cyclic_shift",4,1,8,1,0.368906675350119,0.368906675350119,TRUE,0,TRUE,TRUE,TRUE
"controlled_permutation","balanced",500,1,19,"cyclic_shift",4,1,9,1,0.379158226231116,0.379158226231116,TRUE,0,TRUE,TRUE,TRUE
"controlled_permutation","balanced",500,1,19,"cyclic_shift",4,1,10,1,0.351774275714352,0.351774275714352,TRUE,0,TRUE,TRUE,TRUE
"controlled_permutation","balanced",500,1,19,"cyclic_shift",4,1,11,1,0.3691153721097,0.3691153721097,TRUE,0,TRUE,TRUE,TRUE
"controlled_permutation","balanced",500,1,19,"cyclic_shift",4,1,12,1,0.364739509019506,0.364739509019506,TRUE,0,TRUE,TRUE,TRUE
"controlled_permutation","balanced",500,1,19,"cyclic_shift",4,1,13,1,0.374097360812725,0.374097360812725,TRUE,0,TRUE,TRUE,TRUE
"controlled_permutation","balanced",500,1,19,"cyclic_shift",4,1,14,1,0.356063462746425,0.356063462746425,TRUE,0,TRUE,TRUE,TRUE
"controlled_permutation","balanced",500,1,19,"cyclic_shift",4,1,15,1,0.37165578303581,0.37165578303581,TRUE,0,TRUE,TRUE,TRUE
"controlled_permutation","balanced",500,1,19,"cyclic_shift",4,1,16,1,0.363865195896911,0.363865195896911,TRUE,0,TRUE,TRUE,TRUE
"controlled_permutation","balanced",500,1,19,"cyclic_shift",4,1,17,1,0.372240377991417,0.372240377991417,TRUE,0,TRUE,TRUE,TRUE
"controlled_permutation","balanced",500,1,19,"cyclic_shift",4,1,18,1,0.357567902696307,0.357567902696307,TRUE,0,TRUE,TRUE,TRUE
"controlled_permutation","balanced",500,1,19,"cyclic_shift",4,1,19,1,0.368476688739844,0.368476688739844,TRUE,0,TRUE,TRUE,TRUE
"controlled_permutation","balanced",500,1,19,"cyclic_shift",8,1,1,1,0.364868649104914,0.364868649104914,TRUE,0,TRUE,TRUE,TRUE
"controlled_permutation","balanced",500,1,19,"cyclic_shift",8,1,2,1,0.358055255193849,0.358055255193849,TRUE,0,TRUE,TRUE,TRUE
"controlled_permutation","balanced",500,1,19,"cyclic_shift",8,1,3,1,0.361686773966251,0.361686773966251,TRUE,0,TRUE,TRUE,TRUE
"controlled_permutation","balanced",500,1,19,"cyclic_shift",8,1,4,1,0.366858727723698,0.366858727723698,TRUE,0,TRUE,TRUE,TRUE
"controlled_permutation","balanced",500,1,19,"cyclic_shift",8,1,5,1,0.368581739786588,0.368581739786588,TRUE,0,TRUE,TRUE,TRUE
"controlled_permutation","balanced",500,1,19,"cyclic_shift",8,1,6,1,0.364853669982151,0.364853669982151,TRUE,0,TRUE,TRUE,TRUE
"controlled_permutation","balanced",500,1,19,"cyclic_shift",8,1,7,1,0.367642605357631,0.367642605357631,TRUE,0,TRUE,TRUE,TRUE
"controlled_permutation","balanced",500,1,19,"cyclic_shift",8,1,8,1,0.368906675350119,0.368906675350119,TRUE,0,TRUE,TRUE,TRUE
"controlled_permutation","balanced",500,1,19,"cyclic_shift",8,1,9,1,0.379158226231116,0.379158226231116,TRUE,0,TRUE,TRUE,TRUE
"controlled_permutation","balanced",500,1,19,"cyclic_shift",8,1,10,1,0.351774275714352,0.351774275714352,TRUE,0,TRUE,TRUE,TRUE
"controlled_permutation","balanced",500,1,19,"cyclic_shift",8,1,11,1,0.3691153721097,0.3691153721097,TRUE,0,TRUE,TRUE,TRUE
"controlled_permutation","balanced",500,1,19,"cyclic_shift",8,1,12,1,0.364739509019506,0.364739509019506,TRUE,0,TRUE,TRUE,TRUE
"controlled_permutation","balanced",500,1,19,"cyclic_shift",8,1,13,1,0.374097360812725,0.374097360812725,TRUE,0,TRUE,TRUE,TRUE
"controlled_permutation","balanced",500,1,19,"cyclic_shift",8,1,14,1,0.356063462746425,0.356063462746425,TRUE,0,TRUE,TRUE,TRUE
"controlled_permutation","balanced",500,1,19,"cyclic_shift",8,1,15,1,0.37165578303581,0.37165578303581,TRUE,0,TRUE,TRUE,TRUE
"controlled_permutation","balanced",500,1,19,"cyclic_shift",8,1,16,1,0.363865195896911,0.363865195896911,TRUE,0,TRUE,TRUE,TRUE
"controlled_permutation","balanced",500,1,19,"cyclic_shift",8,1,17,1,0.372240377991417,0.372240377991417,TRUE,0,TRUE,TRUE,TRUE
"controlled_permutation","balanced",500,1,19,"cyclic_shift",8,1,18,1,0.357567902696307,0.357567902696307,TRUE,0,TRUE,TRUE,TRUE
"controlled_permutation","balanced",500,1,19,"cyclic_shift",8,1,19,1,0.368476688739844,0.368476688739844,TRUE,0,TRUE,TRUE,TRUE
"controlled_permutation","balanced",500,1,19,"cyclic_shift",16,1,1,1,0.364868649104914,0.364868649104914,TRUE,0,TRUE,TRUE,TRUE
"controlled_permutation","balanced",500,1,19,"cyclic_shift",16,1,2,1,0.358055255193849,0.358055255193849,TRUE,0,TRUE,TRUE,TRUE
"controlled_permutation","balanced",500,1,19,"cyclic_shift",16,1,3,1,0.361686773966251,0.361686773966251,TRUE,0,TRUE,TRUE,TRUE
"controlled_permutation","balanced",500,1,19,"cyclic_shift",16,1,4,1,0.366858727723698,0.366858727723698,TRUE,0,TRUE,TRUE,TRUE
"controlled_permutation","balanced",500,1,19,"cyclic_shift",16,1,5,1,0.368581739786588,0.368581739786588,TRUE,0,TRUE,TRUE,TRUE
"controlled_permutation","balanced",500,1,19,"cyclic_shift",16,1,6,1,0.364853669982151,0.364853669982151,TRUE,0,TRUE,TRUE,TRUE
"controlled_permutation","balanced",500,1,19,"cyclic_shift",16,1,7,1,0.367642605357631,0.367642605357631,TRUE,0,TRUE,TRUE,TRUE
"controlled_permutation","balanced",500,1,19,"cyclic_shift",16,1,8,1,0.368906675350119,0.368906675350119,TRUE,0,TRUE,TRUE,TRUE
"controlled_permutation","balanced",500,1,19,"cyclic_shift",16,1,9,1,0.379158226231116,0.379158226231116,TRUE,0,TRUE,TRUE,TRUE
"controlled_permutation","balanced",500,1,19,"cyclic_shift",16,1,10,1,0.351774275714352,0.351774275714352,TRUE,0,TRUE,TRUE,TRUE
"controlled_permutation","balanced",500,1,19,"cyclic_shift",16,1,11,1,0.3691153721097,0.3691153721097,TRUE,0,TRUE,TRUE,TRUE
"controlled_permutation","balanced",500,1,19,"cyclic_shift",16,1,12,1,0.364739509019506,0.364739509019506,TRUE,0,TRUE,TRUE,TRUE
"controlled_permutation","balanced",500,1,19,"cyclic_shift",16,1,13,1,0.374097360812725,0.374097360812725,TRUE,0,TRUE,TRUE,TRUE
"controlled_permutation","balanced",500,1,19,"cyclic_shift",16,1,14,1,0.356063462746425,0.356063462746425,TRUE,0,TRUE,TRUE,TRUE
"controlled_permutation","balanced",500,1,19,"cyclic_shift",16,1,15,1,0.37165578303581,0.37165578303581,TRUE,0,TRUE,TRUE,TRUE
"controlled_permutation","balanced",500,1,19,"cyclic_shift",16,1,16,1,0.363865195896911,0.363865195896911,TRUE,0,TRUE,TRUE,TRUE
"controlled_permutation","balanced",500,1,19,"cyclic_shift",16,1,17,1,0.372240377991417,0.372240377991417,TRUE,0,TRUE,TRUE,TRUE
"controlled_permutation","balanced",500,1,19,"cyclic_shift",16,1,18,1,0.357567902696307,0.357567902696307,TRUE,0,TRUE,TRUE,TRUE
"controlled_permutation","balanced",500,1,19,"cyclic_shift",16,1,19,1,0.368476688739844,0.368476688739844,TRUE,0,TRUE,TRUE,TRUE
"controlled_permutation","balanced",500,1,19,"fixed_random",2,1,1,1,0.364868649104914,0.364868649104914,TRUE,0,TRUE,TRUE,TRUE
"controlled_permutation","balanced",500,1,19,"fixed_random",2,1,2,1,0.390996318712336,0.390996318712336,TRUE,0,TRUE,TRUE,TRUE
"controlled_permutation","balanced",500,1,19,"fixed_random",2,1,3,1,0.329949614525871,0.329949614525871,TRUE,0,TRUE,TRUE,TRUE
"controlled_permutation","balanced",500,1,19,"fixed_random",2,1,4,1,0.348204926229862,0.348204926229862,TRUE,0,TRUE,TRUE,TRUE
"controlled_permutation","balanced",500,1,19,"fixed_random",2,1,5,1,0.348377480278039,0.348377480278039,TRUE,0,TRUE,TRUE,TRUE
"controlled_permutation","balanced",500,1,19,"fixed_random",2,1,6,1,0.333557947104366,0.333557947104366,TRUE,0,TRUE,TRUE,TRUE
"controlled_permutation","balanced",500,1,19,"fixed_random",2,1,7,1,0.356687120370431,0.356687120370431,TRUE,0,TRUE,TRUE,TRUE
"controlled_permutation","balanced",500,1,19,"fixed_random",2,1,8,1,0.349111167374074,0.349111167374074,TRUE,0,TRUE,TRUE,TRUE
"controlled_permutation","balanced",500,1,19,"fixed_random",2,1,9,1,0.339447127206266,0.339447127206266,TRUE,0,TRUE,TRUE,TRUE
"controlled_permutation","balanced",500,1,19,"fixed_random",2,1,10,1,0.340191207439304,0.340191207439304,TRUE,0,TRUE,TRUE,TRUE
"controlled_permutation","balanced",500,1,19,"fixed_random",2,1,11,1,0.337338634811801,0.337338634811801,TRUE,0,TRUE,TRUE,TRUE
"controlled_permutation","balanced",500,1,19,"fixed_random",2,1,12,1,0.358872440051588,0.358872440051588,TRUE,0,TRUE,TRUE,TRUE
"controlled_permutation","balanced",500,1,19,"fixed_random",2,1,13,1,0.351412864302025,0.351412864302025,TRUE,0,TRUE,TRUE,TRUE
"controlled_permutation","balanced",500,1,19,"fixed_random",2,1,14,1,0.346760265906972,0.346760265906972,TRUE,0,TRUE,TRUE,TRUE
"controlled_permutation","balanced",500,1,19,"fixed_random",2,1,15,1,0.335264915859143,0.335264915859143,TRUE,0,TRUE,TRUE,TRUE
"controlled_permutation","balanced",500,1,19,"fixed_random",2,1,16,1,0.34472301667998,0.34472301667998,TRUE,0,TRUE,TRUE,TRUE
"controlled_permutation","balanced",500,1,19,"fixed_random",2,1,17,1,0.351446065260353,0.351446065260353,TRUE,0,TRUE,TRUE,TRUE
"controlled_permutation","balanced",500,1,19,"fixed_random",2,1,18,1,0.35661039839296,0.35661039839296,TRUE,0,TRUE,TRUE,TRUE
"controlled_permutation","balanced",500,1,19,"fixed_random",2,1,19,1,0.352633094744275,0.352633094744275,TRUE,0,TRUE,TRUE,TRUE
"controlled_permutation","balanced",500,1,19,"fixed_random",4,1,1,1,0.364868649104914,0.364868649104914,TRUE,0,TRUE,TRUE,TRUE
"controlled_permutation","balanced",500,1,19,"fixed_random",4,1,2,1,0.390996318712336,0.390996318712336,TRUE,0,TRUE,TRUE,TRUE
"controlled_permutation","balanced",500,1,19,"fixed_random",4,1,3,1,0.329949614525871,0.329949614525871,TRUE,0,TRUE,TRUE,TRUE
"controlled_permutation","balanced",500,1,19,"fixed_random",4,1,4,1,0.348204926229862,0.348204926229862,TRUE,0,TRUE,TRUE,TRUE
"controlled_permutation","balanced",500,1,19,"fixed_random",4,1,5,1,0.348377480278039,0.348377480278039,TRUE,0,TRUE,TRUE,TRUE
"controlled_permutation","balanced",500,1,19,"fixed_random",4,1,6,1,0.333557947104366,0.333557947104366,TRUE,0,TRUE,TRUE,TRUE
"controlled_permutation","balanced",500,1,19,"fixed_random",4,1,7,1,0.356687120370431,0.356687120370431,TRUE,0,TRUE,TRUE,TRUE
"controlled_permutation","balanced",500,1,19,"fixed_random",4,1,8,1,0.349111167374074,0.349111167374074,TRUE,0,TRUE,TRUE,TRUE
"controlled_permutation","balanced",500,1,19,"fixed_random",4,1,9,1,0.339447127206266,0.339447127206266,TRUE,0,TRUE,TRUE,TRUE
"controlled_permutation","balanced",500,1,19,"fixed_random",4,1,10,1,0.340191207439304,0.340191207439304,TRUE,0,TRUE,TRUE,TRUE
"controlled_permutation","balanced",500,1,19,"fixed_random",4,1,11,1,0.337338634811801,0.337338634811801,TRUE,0,TRUE,TRUE,TRUE
"controlled_permutation","balanced",500,1,19,"fixed_random",4,1,12,1,0.358872440051588,0.358872440051588,TRUE,0,TRUE,TRUE,TRUE
"controlled_permutation","balanced",500,1,19,"fixed_random",4,1,13,1,0.351412864302025,0.351412864302025,TRUE,0,TRUE,TRUE,TRUE
"controlled_permutation","balanced",500,1,19,"fixed_random",4,1,14,1,0.346760265906972,0.346760265906972,TRUE,0,TRUE,TRUE,TRUE
"controlled_permutation","balanced",500,1,19,"fixed_random",4,1,15,1,0.335264915859143,0.335264915859143,TRUE,0,TRUE,TRUE,TRUE
"controlled_permutation","balanced",500,1,19,"fixed_random",4,1,16,1,0.34472301667998,0.34472301667998,TRUE,0,TRUE,TRUE,TRUE
"controlled_permutation","balanced",500,1,19,"fixed_random",4,1,17,1,0.351446065260353,0.351446065260353,TRUE,0,TRUE,TRUE,TRUE
"controlled_permutation","balanced",500,1,19,"fixed_random",4,1,18,1,0.35661039839296,0.35661039839296,TRUE,0,TRUE,TRUE,TRUE
"controlled_permutation","balanced",500,1,19,"fixed_random",4,1,19,1,0.352633094744275,0.352633094744275,TRUE,0,TRUE,TRUE,TRUE
"controlled_permutation","balanced",500,1,19,"fixed_random",8,1,1,1,0.364868649104914,0.364868649104914,TRUE,0,TRUE,TRUE,TRUE
"controlled_permutation","balanced",500,1,19,"fixed_random",8,1,2,1,0.390996318712336,0.390996318712336,TRUE,0,TRUE,TRUE,TRUE
"controlled_permutation","balanced",500,1,19,"fixed_random",8,1,3,1,0.329949614525871,0.329949614525871,TRUE,0,TRUE,TRUE,TRUE
"controlled_permutation","balanced",500,1,19,"fixed_random",8,1,4,1,0.348204926229862,0.348204926229862,TRUE,0,TRUE,TRUE,TRUE
"controlled_permutation","balanced",500,1,19,"fixed_random",8,1,5,1,0.348377480278039,0.348377480278039,TRUE,0,TRUE,TRUE,TRUE
"controlled_permutation","balanced",500,1,19,"fixed_random",8,1,6,1,0.333557947104366,0.333557947104366,TRUE,0,TRUE,TRUE,TRUE
"controlled_permutation","balanced",500,1,19,"fixed_random",8,1,7,1,0.356687120370431,0.356687120370431,TRUE,0,TRUE,TRUE,TRUE
"controlled_permutation","balanced",500,1,19,"fixed_random",8,1,8,1,0.349111167374074,0.349111167374074,TRUE,0,TRUE,TRUE,TRUE
"controlled_permutation","balanced",500,1,19,"fixed_random",8,1,9,1,0.339447127206266,0.339447127206266,TRUE,0,TRUE,TRUE,TRUE
"controlled_permutation","balanced",500,1,19,"fixed_random",8,1,10,1,0.340191207439304,0.340191207439304,TRUE,0,TRUE,TRUE,TRUE
"controlled_permutation","balanced",500,1,19,"fixed_random",8,1,11,1,0.337338634811801,0.337338634811801,TRUE,0,TRUE,TRUE,TRUE
"controlled_permutation","balanced",500,1,19,"fixed_random",8,1,12,1,0.358872440051588,0.358872440051588,TRUE,0,TRUE,TRUE,TRUE
"controlled_permutation","balanced",500,1,19,"fixed_random",8,1,13,1,0.351412864302025,0.351412864302025,TRUE,0,TRUE,TRUE,TRUE
"controlled_permutation","balanced",500,1,19,"fixed_random",8,1,14,1,0.346760265906972,0.346760265906972,TRUE,0,TRUE,TRUE,TRUE
"controlled_permutation","balanced",500,1,19,"fixed_random",8,1,15,1,0.335264915859143,0.335264915859143,TRUE,0,TRUE,TRUE,TRUE
"controlled_permutation","balanced",500,1,19,"fixed_random",8,1,16,1,0.34472301667998,0.34472301667998,TRUE,0,TRUE,TRUE,TRUE
"controlled_permutation","balanced",500,1,19,"fixed_random",8,1,17,1,0.351446065260353,0.351446065260353,TRUE,0,TRUE,TRUE,TRUE
"controlled_permutation","balanced",500,1,19,"fixed_random",8,1,18,1,0.35661039839296,0.35661039839296,TRUE,0,TRUE,TRUE,TRUE
"controlled_permutation","balanced",500,1,19,"fixed_random",8,1,19,1,0.352633094744275,0.352633094744275,TRUE,0,TRUE,TRUE,TRUE
"controlled_permutation","balanced",500,1,19,"fixed_random",16,1,1,1,0.364868649104914,0.364868649104914,TRUE,0,TRUE,TRUE,TRUE
"controlled_permutation","balanced",500,1,19,"fixed_random",16,1,2,1,0.390996318712336,0.390996318712336,TRUE,0,TRUE,TRUE,TRUE
"controlled_permutation","balanced",500,1,19,"fixed_random",16,1,3,1,0.329949614525871,0.329949614525871,TRUE,0,TRUE,TRUE,TRUE
"controlled_permutation","balanced",500,1,19,"fixed_random",16,1,4,1,0.348204926229862,0.348204926229862,TRUE,0,TRUE,TRUE,TRUE
"controlled_permutation","balanced",500,1,19,"fixed_random",16,1,5,1,0.348377480278039,0.348377480278039,TRUE,0,TRUE,TRUE,TRUE
"controlled_permutation","balanced",500,1,19,"fixed_random",16,1,6,1,0.333557947104366,0.333557947104366,TRUE,0,TRUE,TRUE,TRUE
"controlled_permutation","balanced",500,1,19,"fixed_random",16,1,7,1,0.356687120370431,0.356687120370431,TRUE,0,TRUE,TRUE,TRUE
"controlled_permutation","balanced",500,1,19,"fixed_random",16,1,8,1,0.349111167374074,0.349111167374074,TRUE,0,TRUE,TRUE,TRUE
"controlled_permutation","balanced",500,1,19,"fixed_random",16,1,9,1,0.339447127206266,0.339447127206266,TRUE,0,TRUE,TRUE,TRUE
"controlled_permutation","balanced",500,1,19,"fixed_random",16,1,10,1,0.340191207439304,0.340191207439304,TRUE,0,TRUE,TRUE,TRUE
"controlled_permutation","balanced",500,1,19,"fixed_random",16,1,11,1,0.337338634811801,0.337338634811801,TRUE,0,TRUE,TRUE,TRUE
"controlled_permutation","balanced",500,1,19,"fixed_random",16,1,12,1,0.358872440051588,0.358872440051588,TRUE,0,TRUE,TRUE,TRUE
"controlled_permutation","balanced",500,1,19,"fixed_random",16,1,13,1,0.351412864302025,0.351412864302025,TRUE,0,TRUE,TRUE,TRUE
"controlled_permutation","balanced",500,1,19,"fixed_random",16,1,14,1,0.346760265906972,0.346760265906972,TRUE,0,TRUE,TRUE,TRUE
"controlled_permutation","balanced",500,1,19,"fixed_random",16,1,15,1,0.335264915859143,0.335264915859143,TRUE,0,TRUE,TRUE,TRUE
"controlled_permutation","balanced",500,1,19,"fixed_random",16,1,16,1,0.34472301667998,0.34472301667998,TRUE,0,TRUE,TRUE,TRUE
"controlled_permutation","balanced",500,1,19,"fixed_random",16,1,17,1,0.351446065260353,0.351446065260353,TRUE,0,TRUE,TRUE,TRUE
"controlled_permutation","balanced",500,1,19,"fixed_random",16,1,18,1,0.35661039839296,0.35661039839296,TRUE,0,TRUE,TRUE,TRUE
"controlled_permutation","balanced",500,1,19,"fixed_random",16,1,19,1,0.352633094744275,0.352633094744275,TRUE,0,TRUE,TRUE,TRUE
"controlled_permutation","balanced",500,1,19,"adversarial",2,1,1,1,0.364868649104914,0.364868649104914,TRUE,0,TRUE,TRUE,TRUE
"controlled_permutation","balanced",500,1,19,"adversarial",2,1,2,1,0.367849849060611,0.367849849060611,TRUE,0,TRUE,TRUE,TRUE
"controlled_permutation","balanced",500,1,19,"adversarial",2,1,3,1,0.370077458862942,0.370077458862942,TRUE,0,TRUE,TRUE,TRUE
"controlled_permutation","balanced",500,1,19,"adversarial",2,1,4,1,0.36931298892891,0.36931298892891,TRUE,0,TRUE,TRUE,TRUE
"controlled_permutation","balanced",500,1,19,"adversarial",2,1,5,1,0.365717115826578,0.365717115826578,TRUE,0,TRUE,TRUE,TRUE
"controlled_permutation","balanced",500,1,19,"adversarial",2,1,6,1,0.367849849060611,0.367849849060611,TRUE,0,TRUE,TRUE,TRUE
"controlled_permutation","balanced",500,1,19,"adversarial",2,1,7,1,0.370077458862942,0.370077458862942,TRUE,0,TRUE,TRUE,TRUE
"controlled_permutation","balanced",500,1,19,"adversarial",2,1,8,1,0.36931298892891,0.36931298892891,TRUE,0,TRUE,TRUE,TRUE
"controlled_permutation","balanced",500,1,19,"adversarial",2,1,9,1,0.365717115826578,0.365717115826578,TRUE,0,TRUE,TRUE,TRUE
"controlled_permutation","balanced",500,1,19,"adversarial",2,1,10,1,0.367849849060611,0.367849849060611,TRUE,0,TRUE,TRUE,TRUE
"controlled_permutation","balanced",500,1,19,"adversarial",2,1,11,1,0.370077458862942,0.370077458862942,TRUE,0,TRUE,TRUE,TRUE
"controlled_permutation","balanced",500,1,19,"adversarial",2,1,12,1,0.36931298892891,0.36931298892891,TRUE,0,TRUE,TRUE,TRUE
"controlled_permutation","balanced",500,1,19,"adversarial",2,1,13,1,0.365717115826578,0.365717115826578,TRUE,0,TRUE,TRUE,TRUE
"controlled_permutation","balanced",500,1,19,"adversarial",2,1,14,1,0.367849849060611,0.367849849060611,TRUE,0,TRUE,TRUE,TRUE
"controlled_permutation","balanced",500,1,19,"adversarial",2,1,15,1,0.370077458862942,0.370077458862942,TRUE,0,TRUE,TRUE,TRUE
"controlled_permutation","balanced",500,1,19,"adversarial",2,1,16,1,0.36931298892891,0.36931298892891,TRUE,0,TRUE,TRUE,TRUE
"controlled_permutation","balanced",500,1,19,"adversarial",2,1,17,1,0.365717115826578,0.365717115826578,TRUE,0,TRUE,TRUE,TRUE
"controlled_permutation","balanced",500,1,19,"adversarial",2,1,18,1,0.367849849060611,0.367849849060611,TRUE,0,TRUE,TRUE,TRUE
"controlled_permutation","balanced",500,1,19,"adversarial",2,1,19,1,0.370077458862942,0.370077458862942,TRUE,0,TRUE,TRUE,TRUE
"controlled_permutation","balanced",500,1,19,"adversarial",4,1,1,1,0.364868649104914,0.364868649104914,TRUE,0,TRUE,TRUE,TRUE
"controlled_permutation","balanced",500,1,19,"adversarial",4,1,2,1,0.367849849060611,0.367849849060611,TRUE,0,TRUE,TRUE,TRUE
"controlled_permutation","balanced",500,1,19,"adversarial",4,1,3,1,0.370077458862942,0.370077458862942,TRUE,0,TRUE,TRUE,TRUE
"controlled_permutation","balanced",500,1,19,"adversarial",4,1,4,1,0.36931298892891,0.36931298892891,TRUE,0,TRUE,TRUE,TRUE
"controlled_permutation","balanced",500,1,19,"adversarial",4,1,5,1,0.365717115826578,0.365717115826578,TRUE,0,TRUE,TRUE,TRUE
"controlled_permutation","balanced",500,1,19,"adversarial",4,1,6,1,0.367849849060611,0.367849849060611,TRUE,0,TRUE,TRUE,TRUE
"controlled_permutation","balanced",500,1,19,"adversarial",4,1,7,1,0.370077458862942,0.370077458862942,TRUE,0,TRUE,TRUE,TRUE
"controlled_permutation","balanced",500,1,19,"adversarial",4,1,8,1,0.36931298892891,0.36931298892891,TRUE,0,TRUE,TRUE,TRUE
"controlled_permutation","balanced",500,1,19,"adversarial",4,1,9,1,0.365717115826578,0.365717115826578,TRUE,0,TRUE,TRUE,TRUE
"controlled_permutation","balanced",500,1,19,"adversarial",4,1,10,1,0.367849849060611,0.367849849060611,TRUE,0,TRUE,TRUE,TRUE
"controlled_permutation","balanced",500,1,19,"adversarial",4,1,11,1,0.370077458862942,0.370077458862942,TRUE,0,TRUE,TRUE,TRUE
"controlled_permutation","balanced",500,1,19,"adversarial",4,1,12,1,0.36931298892891,0.36931298892891,TRUE,0,TRUE,TRUE,TRUE
"controlled_permutation","balanced",500,1,19,"adversarial",4,1,13,1,0.365717115826578,0.365717115826578,TRUE,0,TRUE,TRUE,TRUE
"controlled_permutation","balanced",500,1,19,"adversarial",4,1,14,1,0.367849849060611,0.367849849060611,TRUE,0,TRUE,TRUE,TRUE
"controlled_permutation","balanced",500,1,19,"adversarial",4,1,15,1,0.370077458862942,0.370077458862942,TRUE,0,TRUE,TRUE,TRUE
"controlled_permutation","balanced",500,1,19,"adversarial",4,1,16,1,0.36931298892891,0.36931298892891,TRUE,0,TRUE,TRUE,TRUE
"controlled_permutation","balanced",500,1,19,"adversarial",4,1,17,1,0.365717115826578,0.365717115826578,TRUE,0,TRUE,TRUE,TRUE
"controlled_permutation","balanced",500,1,19,"adversarial",4,1,18,1,0.367849849060611,0.367849849060611,TRUE,0,TRUE,TRUE,TRUE
"controlled_permutation","balanced",500,1,19,"adversarial",4,1,19,1,0.370077458862942,0.370077458862942,TRUE,0,TRUE,TRUE,TRUE
"controlled_permutation","balanced",500,1,19,"adversarial",8,1,1,1,0.364868649104914,0.364868649104914,TRUE,0,TRUE,TRUE,TRUE
"controlled_permutation","balanced",500,1,19,"adversarial",8,1,2,1,0.367849849060611,0.367849849060611,TRUE,0,TRUE,TRUE,TRUE
"controlled_permutation","balanced",500,1,19,"adversarial",8,1,3,1,0.370077458862942,0.370077458862942,TRUE,0,TRUE,TRUE,TRUE
"controlled_permutation","balanced",500,1,19,"adversarial",8,1,4,1,0.36931298892891,0.36931298892891,TRUE,0,TRUE,TRUE,TRUE
"controlled_permutation","balanced",500,1,19,"adversarial",8,1,5,1,0.365717115826578,0.365717115826578,TRUE,0,TRUE,TRUE,TRUE
"controlled_permutation","balanced",500,1,19,"adversarial",8,1,6,1,0.367849849060611,0.367849849060611,TRUE,0,TRUE,TRUE,TRUE
"controlled_permutation","balanced",500,1,19,"adversarial",8,1,7,1,0.370077458862942,0.370077458862942,TRUE,0,TRUE,TRUE,TRUE
"controlled_permutation","balanced",500,1,19,"adversarial",8,1,8,1,0.36931298892891,0.36931298892891,TRUE,0,TRUE,TRUE,TRUE
"controlled_permutation","balanced",500,1,19,"adversarial",8,1,9,1,0.365717115826578,0.365717115826578,TRUE,0,TRUE,TRUE,TRUE
"controlled_permutation","balanced",500,1,19,"adversarial",8,1,10,1,0.367849849060611,0.367849849060611,TRUE,0,TRUE,TRUE,TRUE
"controlled_permutation","balanced",500,1,19,"adversarial",8,1,11,1,0.370077458862942,0.370077458862942,TRUE,0,TRUE,TRUE,TRUE
"controlled_permutation","balanced",500,1,19,"adversarial",8,1,12,1,0.36931298892891,0.36931298892891,TRUE,0,TRUE,TRUE,TRUE
"controlled_permutation","balanced",500,1,19,"adversarial",8,1,13,1,0.365717115826578,0.365717115826578,TRUE,0,TRUE,TRUE,TRUE
"controlled_permutation","balanced",500,1,19,"adversarial",8,1,14,1,0.367849849060611,0.367849849060611,TRUE,0,TRUE,TRUE,TRUE
"controlled_permutation","balanced",500,1,19,"adversarial",8,1,15,1,0.370077458862942,0.370077458862942,TRUE,0,TRUE,TRUE,TRUE
"controlled_permutation","balanced",500,1,19,"adversarial",8,1,16,1,0.36931298892891,0.36931298892891,TRUE,0,TRUE,TRUE,TRUE
"controlled_permutation","balanced",500,1,19,"adversarial",8,1,17,1,0.365717115826578,0.365717115826578,TRUE,0,TRUE,TRUE,TRUE
"controlled_permutation","balanced",500,1,19,"adversarial",8,1,18,1,0.367849849060611,0.367849849060611,TRUE,0,TRUE,TRUE,TRUE
"controlled_permutation","balanced",500,1,19,"adversarial",8,1,19,1,0.370077458862942,0.370077458862942,TRUE,0,TRUE,TRUE,TRUE
"controlled_permutation","balanced",500,1,19,"adversarial",16,1,1,1,0.364868649104914,0.364868649104914,TRUE,0,TRUE,TRUE,TRUE
"controlled_permutation","balanced",500,1,19,"adversarial",16,1,2,1,0.367849849060611,0.367849849060611,TRUE,0,TRUE,TRUE,TRUE
"controlled_permutation","balanced",500,1,19,"adversarial",16,1,3,1,0.370077458862942,0.370077458862942,TRUE,0,TRUE,TRUE,TRUE
"controlled_permutation","balanced",500,1,19,"adversarial",16,1,4,1,0.36931298892891,0.36931298892891,TRUE,0,TRUE,TRUE,TRUE
"controlled_permutation","balanced",500,1,19,"adversarial",16,1,5,1,0.365717115826578,0.365717115826578,TRUE,0,TRUE,TRUE,TRUE
"controlled_permutation","balanced",500,1,19,"adversarial",16,1,6,1,0.367849849060611,0.367849849060611,TRUE,0,TRUE,TRUE,TRUE
"controlled_permutation","balanced",500,1,19,"adversarial",16,1,7,1,0.370077458862942,0.370077458862942,TRUE,0,TRUE,TRUE,TRUE
"controlled_permutation","balanced",500,1,19,"adversarial",16,1,8,1,0.36931298892891,0.36931298892891,TRUE,0,TRUE,TRUE,TRUE
"controlled_permutation","balanced",500,1,19,"adversarial",16,1,9,1,0.365717115826578,0.365717115826578,TRUE,0,TRUE,TRUE,TRUE
"controlled_permutation","balanced",500,1,19,"adversarial",16,1,10,1,0.367849849060611,0.367849849060611,TRUE,0,TRUE,TRUE,TRUE
"controlled_permutation","balanced",500,1,19,"adversarial",16,1,11,1,0.370077458862942,0.370077458862942,TRUE,0,TRUE,TRUE,TRUE
"controlled_permutation","balanced",500,1,19,"adversarial",16,1,12,1,0.36931298892891,0.36931298892891,TRUE,0,TRUE,TRUE,TRUE
"controlled_permutation","balanced",500,1,19,"adversarial",16,1,13,1,0.365717115826578,0.365717115826578,TRUE,0,TRUE,TRUE,TRUE
"controlled_permutation","balanced",500,1,19,"adversarial",16,1,14,1,0.367849849060611,0.367849849060611,TRUE,0,TRUE,TRUE,TRUE
"controlled_permutation","balanced",500,1,19,"adversarial",16,1,15,1,0.370077458862942,0.370077458862942,TRUE,0,TRUE,TRUE,TRUE
"controlled_permutation","balanced",500,1,19,"adversarial",16,1,16,1,0.36931298892891,0.36931298892891,TRUE,0,TRUE,TRUE,TRUE
"controlled_permutation","balanced",500,1,19,"adversarial",16,1,17,1,0.365717115826578,0.365717115826578,TRUE,0,TRUE,TRUE,TRUE
"controlled_permutation","balanced",500,1,19,"adversarial",16,1,18,1,0.367849849060611,0.367849849060611,TRUE,0,TRUE,TRUE,TRUE
"controlled_permutation","balanced",500,1,19,"adversarial",16,1,19,1,0.370077458862942,0.370077458862942,TRUE,0,TRUE,TRUE,TRUE
"controlled_permutation","balanced",2000,1,19,"identity",2,1,1,1,0.285598414830081,0.285598414830081,TRUE,0,TRUE,TRUE,TRUE
"controlled_permutation","balanced",2000,1,19,"identity",2,1,2,1,0.285598414830081,0.285598414830081,TRUE,0,TRUE,TRUE,TRUE
"controlled_permutation","balanced",2000,1,19,"identity",2,1,3,1,0.285598414830081,0.285598414830081,TRUE,0,TRUE,TRUE,TRUE
"controlled_permutation","balanced",2000,1,19,"identity",2,1,4,1,0.285598414830081,0.285598414830081,TRUE,0,TRUE,TRUE,TRUE
"controlled_permutation","balanced",2000,1,19,"identity",2,1,5,1,0.285598414830081,0.285598414830081,TRUE,0,TRUE,TRUE,TRUE
"controlled_permutation","balanced",2000,1,19,"identity",2,1,6,1,0.285598414830081,0.285598414830081,TRUE,0,TRUE,TRUE,TRUE
"controlled_permutation","balanced",2000,1,19,"identity",2,1,7,1,0.285598414830081,0.285598414830081,TRUE,0,TRUE,TRUE,TRUE
"controlled_permutation","balanced",2000,1,19,"identity",2,1,8,1,0.285598414830081,0.285598414830081,TRUE,0,TRUE,TRUE,TRUE
"controlled_permutation","balanced",2000,1,19,"identity",2,1,9,1,0.285598414830081,0.285598414830081,TRUE,0,TRUE,TRUE,TRUE
"controlled_permutation","balanced",2000,1,19,"identity",2,1,10,1,0.285598414830081,0.285598414830081,TRUE,0,TRUE,TRUE,TRUE
"controlled_permutation","balanced",2000,1,19,"identity",2,1,11,1,0.285598414830081,0.285598414830081,TRUE,0,TRUE,TRUE,TRUE
"controlled_permutation","balanced",2000,1,19,"identity",2,1,12,1,0.285598414830081,0.285598414830081,TRUE,0,TRUE,TRUE,TRUE
"controlled_permutation","balanced",2000,1,19,"identity",2,1,13,1,0.285598414830081,0.285598414830081,TRUE,0,TRUE,TRUE,TRUE
"controlled_permutation","balanced",2000,1,19,"identity",2,1,14,1,0.285598414830081,0.285598414830081,TRUE,0,TRUE,TRUE,TRUE
"controlled_permutation","balanced",2000,1,19,"identity",2,1,15,1,0.285598414830081,0.285598414830081,TRUE,0,TRUE,TRUE,TRUE
"controlled_permutation","balanced",2000,1,19,"identity",2,1,16,1,0.285598414830081,0.285598414830081,TRUE,0,TRUE,TRUE,TRUE
"controlled_permutation","balanced",2000,1,19,"identity",2,1,17,1,0.285598414830081,0.285598414830081,TRUE,0,TRUE,TRUE,TRUE
"controlled_permutation","balanced",2000,1,19,"identity",2,1,18,1,0.285598414830081,0.285598414830081,TRUE,0,TRUE,TRUE,TRUE
"controlled_permutation","balanced",2000,1,19,"identity",2,1,19,1,0.285598414830081,0.285598414830081,TRUE,0,TRUE,TRUE,TRUE
"controlled_permutation","balanced",2000,1,19,"identity",4,1,1,1,0.285598414830081,0.285598414830081,TRUE,0,TRUE,TRUE,TRUE
"controlled_permutation","balanced",2000,1,19,"identity",4,1,2,1,0.285598414830081,0.285598414830081,TRUE,0,TRUE,TRUE,TRUE
"controlled_permutation","balanced",2000,1,19,"identity",4,1,3,1,0.285598414830081,0.285598414830081,TRUE,0,TRUE,TRUE,TRUE
"controlled_permutation","balanced",2000,1,19,"identity",4,1,4,1,0.285598414830081,0.285598414830081,TRUE,0,TRUE,TRUE,TRUE
"controlled_permutation","balanced",2000,1,19,"identity",4,1,5,1,0.285598414830081,0.285598414830081,TRUE,0,TRUE,TRUE,TRUE
"controlled_permutation","balanced",2000,1,19,"identity",4,1,6,1,0.285598414830081,0.285598414830081,TRUE,0,TRUE,TRUE,TRUE
"controlled_permutation","balanced",2000,1,19,"identity",4,1,7,1,0.285598414830081,0.285598414830081,TRUE,0,TRUE,TRUE,TRUE
"controlled_permutation","balanced",2000,1,19,"identity",4,1,8,1,0.285598414830081,0.285598414830081,TRUE,0,TRUE,TRUE,TRUE
"controlled_permutation","balanced",2000,1,19,"identity",4,1,9,1,0.285598414830081,0.285598414830081,TRUE,0,TRUE,TRUE,TRUE
"controlled_permutation","balanced",2000,1,19,"identity",4,1,10,1,0.285598414830081,0.285598414830081,TRUE,0,TRUE,TRUE,TRUE
"controlled_permutation","balanced",2000,1,19,"identity",4,1,11,1,0.285598414830081,0.285598414830081,TRUE,0,TRUE,TRUE,TRUE
"controlled_permutation","balanced",2000,1,19,"identity",4,1,12,1,0.285598414830081,0.285598414830081,TRUE,0,TRUE,TRUE,TRUE
"controlled_permutation","balanced",2000,1,19,"identity",4,1,13,1,0.285598414830081,0.285598414830081,TRUE,0,TRUE,TRUE,TRUE
"controlled_permutation","balanced",2000,1,19,"identity",4,1,14,1,0.285598414830081,0.285598414830081,TRUE,0,TRUE,TRUE,TRUE
"controlled_permutation","balanced",2000,1,19,"identity",4,1,15,1,0.285598414830081,0.285598414830081,TRUE,0,TRUE,TRUE,TRUE
"controlled_permutation","balanced",2000,1,19,"identity",4,1,16,1,0.285598414830081,0.285598414830081,TRUE,0,TRUE,TRUE,TRUE
"controlled_permutation","balanced",2000,1,19,"identity",4,1,17,1,0.285598414830081,0.285598414830081,TRUE,0,TRUE,TRUE,TRUE
"controlled_permutation","balanced",2000,1,19,"identity",4,1,18,1,0.285598414830081,0.285598414830081,TRUE,0,TRUE,TRUE,TRUE
"controlled_permutation","balanced",2000,1,19,"identity",4,1,19,1,0.285598414830081,0.285598414830081,TRUE,0,TRUE,TRUE,TRUE
"controlled_permutation","balanced",2000,1,19,"identity",8,1,1,1,0.285598414830081,0.285598414830081,TRUE,0,TRUE,TRUE,TRUE
"controlled_permutation","balanced",2000,1,19,"identity",8,1,2,1,0.285598414830081,0.285598414830081,TRUE,0,TRUE,TRUE,TRUE
"controlled_permutation","balanced",2000,1,19,"identity",8,1,3,1,0.285598414830081,0.285598414830081,TRUE,0,TRUE,TRUE,TRUE
"controlled_permutation","balanced",2000,1,19,"identity",8,1,4,1,0.285598414830081,0.285598414830081,TRUE,0,TRUE,TRUE,TRUE
"controlled_permutation","balanced",2000,1,19,"identity",8,1,5,1,0.285598414830081,0.285598414830081,TRUE,0,TRUE,TRUE,TRUE
"controlled_permutation","balanced",2000,1,19,"identity",8,1,6,1,0.285598414830081,0.285598414830081,TRUE,0,TRUE,TRUE,TRUE
"controlled_permutation","balanced",2000,1,19,"identity",8,1,7,1,0.285598414830081,0.285598414830081,TRUE,0,TRUE,TRUE,TRUE
"controlled_permutation","balanced",2000,1,19,"identity",8,1,8,1,0.285598414830081,0.285598414830081,TRUE,0,TRUE,TRUE,TRUE
"controlled_permutation","balanced",2000,1,19,"identity",8,1,9,1,0.285598414830081,0.285598414830081,TRUE,0,TRUE,TRUE,TRUE
"controlled_permutation","balanced",2000,1,19,"identity",8,1,10,1,0.285598414830081,0.285598414830081,TRUE,0,TRUE,TRUE,TRUE
"controlled_permutation","balanced",2000,1,19,"identity",8,1,11,1,0.285598414830081,0.285598414830081,TRUE,0,TRUE,TRUE,TRUE
"controlled_permutation","balanced",2000,1,19,"identity",8,1,12,1,0.285598414830081,0.285598414830081,TRUE,0,TRUE,TRUE,TRUE
"controlled_permutation","balanced",2000,1,19,"identity",8,1,13,1,0.285598414830081,0.285598414830081,TRUE,0,TRUE,TRUE,TRUE
"controlled_permutation","balanced",2000,1,19,"identity",8,1,14,1,0.285598414830081,0.285598414830081,TRUE,0,TRUE,TRUE,TRUE
"controlled_permutation","balanced",2000,1,19,"identity",8,1,15,1,0.285598414830081,0.285598414830081,TRUE,0,TRUE,TRUE,TRUE
"controlled_permutation","balanced",2000,1,19,"identity",8,1,16,1,0.285598414830081,0.285598414830081,TRUE,0,TRUE,TRUE,TRUE
"controlled_permutation","balanced",2000,1,19,"identity",8,1,17,1,0.285598414830081,0.285598414830081,TRUE,0,TRUE,TRUE,TRUE
"controlled_permutation","balanced",2000,1,19,"identity",8,1,18,1,0.285598414830081,0.285598414830081,TRUE,0,TRUE,TRUE,TRUE
"controlled_permutation","balanced",2000,1,19,"identity",8,1,19,1,0.285598414830081,0.285598414830081,TRUE,0,TRUE,TRUE,TRUE
"controlled_permutation","balanced",2000,1,19,"identity",16,1,1,1,0.285598414830081,0.285598414830081,TRUE,0,TRUE,TRUE,TRUE
"controlled_permutation","balanced",2000,1,19,"identity",16,1,2,1,0.285598414830081,0.285598414830081,TRUE,0,TRUE,TRUE,TRUE
"controlled_permutation","balanced",2000,1,19,"identity",16,1,3,1,0.285598414830081,0.285598414830081,TRUE,0,TRUE,TRUE,TRUE
"controlled_permutation","balanced",2000,1,19,"identity",16,1,4,1,0.285598414830081,0.285598414830081,TRUE,0,TRUE,TRUE,TRUE
"controlled_permutation","balanced",2000,1,19,"identity",16,1,5,1,0.285598414830081,0.285598414830081,TRUE,0,TRUE,TRUE,TRUE
"controlled_permutation","balanced",2000,1,19,"identity",16,1,6,1,0.285598414830081,0.285598414830081,TRUE,0,TRUE,TRUE,TRUE
"controlled_permutation","balanced",2000,1,19,"identity",16,1,7,1,0.285598414830081,0.285598414830081,TRUE,0,TRUE,TRUE,TRUE
"controlled_permutation","balanced",2000,1,19,"identity",16,1,8,1,0.285598414830081,0.285598414830081,TRUE,0,TRUE,TRUE,TRUE
"controlled_permutation","balanced",2000,1,19,"identity",16,1,9,1,0.285598414830081,0.285598414830081,TRUE,0,TRUE,TRUE,TRUE
"controlled_permutation","balanced",2000,1,19,"identity",16,1,10,1,0.285598414830081,0.285598414830081,TRUE,0,TRUE,TRUE,TRUE
"controlled_permutation","balanced",2000,1,19,"identity",16,1,11,1,0.285598414830081,0.285598414830081,TRUE,0,TRUE,TRUE,TRUE
"controlled_permutation","balanced",2000,1,19,"identity",16,1,12,1,0.285598414830081,0.285598414830081,TRUE,0,TRUE,TRUE,TRUE
"controlled_permutation","balanced",2000,1,19,"identity",16,1,13,1,0.285598414830081,0.285598414830081,TRUE,0,TRUE,TRUE,TRUE
"controlled_permutation","balanced",2000,1,19,"identity",16,1,14,1,0.285598414830081,0.285598414830081,TRUE,0,TRUE,TRUE,TRUE
"controlled_permutation","balanced",2000,1,19,"identity",16,1,15,1,0.285598414830081,0.285598414830081,TRUE,0,TRUE,TRUE,TRUE
"controlled_permutation","balanced",2000,1,19,"identity",16,1,16,1,0.285598414830081,0.285598414830081,TRUE,0,TRUE,TRUE,TRUE
"controlled_permutation","balanced",2000,1,19,"identity",16,1,17,1,0.285598414830081,0.285598414830081,TRUE,0,TRUE,TRUE,TRUE
"controlled_permutation","balanced",2000,1,19,"identity",16,1,18,1,0.285598414830081,0.285598414830081,TRUE,0,TRUE,TRUE,TRUE
"controlled_permutation","balanced",2000,1,19,"identity",16,1,19,1,0.285598414830081,0.285598414830081,TRUE,0,TRUE,TRUE,TRUE
"controlled_permutation","balanced",2000,1,19,"single_swap",2,1,1,1,0.285598414830081,0.285598414830081,TRUE,0,TRUE,TRUE,TRUE
"controlled_permutation","balanced",2000,1,19,"single_swap",2,1,2,1,0.285598430344788,0.285598430344788,TRUE,0,TRUE,TRUE,TRUE
"controlled_permutation","balanced",2000,1,19,"single_swap",2,1,3,1,0.285589830393285,0.285589830393285,TRUE,0,TRUE,TRUE,TRUE
"controlled_permutation","balanced",2000,1,19,"single_swap",2,1,4,1,0.285598406249696,0.285598406249696,TRUE,0,TRUE,TRUE,TRUE
"controlled_permutation","balanced",2000,1,19,"single_swap",2,1,5,1,0.286023701954735,0.286023701954735,TRUE,0,TRUE,TRUE,TRUE
"controlled_permutation","balanced",2000,1,19,"single_swap",2,1,6,1,0.28559836874341,0.28559836874341,TRUE,0,TRUE,TRUE,TRUE
"controlled_permutation","balanced",2000,1,19,"single_swap",2,1,7,1,0.285539331678713,0.285539331678713,TRUE,0,TRUE,TRUE,TRUE
"controlled_permutation","balanced",2000,1,19,"single_swap",2,1,8,1,0.285598382992134,0.285598382992134,TRUE,0,TRUE,TRUE,TRUE
"controlled_permutation","balanced",2000,1,19,"single_swap",2,1,9,1,0.286101864680693,0.286101864680693,TRUE,0,TRUE,TRUE,TRUE
"controlled_permutation","balanced",2000,1,19,"single_swap",2,1,10,1,0.285598417268928,0.285598417268928,TRUE,0,TRUE,TRUE,TRUE
"controlled_permutation","balanced",2000,1,19,"single_swap",2,1,11,1,0.285554444990559,0.285554444990559,TRUE,0,TRUE,TRUE,TRUE
"controlled_permutation","balanced",2000,1,19,"single_swap",2,1,12,1,0.285598434300815,0.285598434300815,TRUE,0,TRUE,TRUE,TRUE
"controlled_permutation","balanced",2000,1,19,"single_swap",2,1,13,1,0.28562212604034,0.28562212604034,TRUE,0,TRUE,TRUE,TRUE
"controlled_permutation","balanced",2000,1,19,"single_swap",2,1,14,1,0.285598338992259,0.285598338992259,TRUE,0,TRUE,TRUE,TRUE
"controlled_permutation","balanced",2000,1,19,"single_swap",2,1,15,1,0.285175867406187,0.285175867406187,TRUE,0,TRUE,TRUE,TRUE
"controlled_permutation","balanced",2000,1,19,"single_swap",2,1,16,1,0.285598284444803,0.285598284444803,TRUE,0,TRUE,TRUE,TRUE
"controlled_permutation","balanced",2000,1,19,"single_swap",2,1,17,1,0.285761233434311,0.285761233434311,TRUE,0,TRUE,TRUE,TRUE
"controlled_permutation","balanced",2000,1,19,"single_swap",2,1,18,1,0.285598415071472,0.285598415071472,TRUE,0,TRUE,TRUE,TRUE
"controlled_permutation","balanced",2000,1,19,"single_swap",2,1,19,1,0.285646858058528,0.285646858058528,TRUE,0,TRUE,TRUE,TRUE
"controlled_permutation","balanced",2000,1,19,"single_swap",4,1,1,1,0.285598414830081,0.285598414830081,TRUE,0,TRUE,TRUE,TRUE
"controlled_permutation","balanced",2000,1,19,"single_swap",4,1,2,1,0.285598430344788,0.285598430344788,TRUE,0,TRUE,TRUE,TRUE
"controlled_permutation","balanced",2000,1,19,"single_swap",4,1,3,1,0.285589830393285,0.285589830393285,TRUE,0,TRUE,TRUE,TRUE
"controlled_permutation","balanced",2000,1,19,"single_swap",4,1,4,1,0.285598406249696,0.285598406249696,TRUE,0,TRUE,TRUE,TRUE
"controlled_permutation","balanced",2000,1,19,"single_swap",4,1,5,1,0.286023701954735,0.286023701954735,TRUE,0,TRUE,TRUE,TRUE
"controlled_permutation","balanced",2000,1,19,"single_swap",4,1,6,1,0.28559836874341,0.28559836874341,TRUE,0,TRUE,TRUE,TRUE
"controlled_permutation","balanced",2000,1,19,"single_swap",4,1,7,1,0.285539331678713,0.285539331678713,TRUE,0,TRUE,TRUE,TRUE
"controlled_permutation","balanced",2000,1,19,"single_swap",4,1,8,1,0.285598382992134,0.285598382992134,TRUE,0,TRUE,TRUE,TRUE
"controlled_permutation","balanced",2000,1,19,"single_swap",4,1,9,1,0.286101864680693,0.286101864680693,TRUE,0,TRUE,TRUE,TRUE
"controlled_permutation","balanced",2000,1,19,"single_swap",4,1,10,1,0.285598417268928,0.285598417268928,TRUE,0,TRUE,TRUE,TRUE
"controlled_permutation","balanced",2000,1,19,"single_swap",4,1,11,1,0.285554444990559,0.285554444990559,TRUE,0,TRUE,TRUE,TRUE
"controlled_permutation","balanced",2000,1,19,"single_swap",4,1,12,1,0.285598434300815,0.285598434300815,TRUE,0,TRUE,TRUE,TRUE
"controlled_permutation","balanced",2000,1,19,"single_swap",4,1,13,1,0.28562212604034,0.28562212604034,TRUE,0,TRUE,TRUE,TRUE
"controlled_permutation","balanced",2000,1,19,"single_swap",4,1,14,1,0.285598338992259,0.285598338992259,TRUE,0,TRUE,TRUE,TRUE
"controlled_permutation","balanced",2000,1,19,"single_swap",4,1,15,1,0.285175867406187,0.285175867406187,TRUE,0,TRUE,TRUE,TRUE
"controlled_permutation","balanced",2000,1,19,"single_swap",4,1,16,1,0.285598284444803,0.285598284444803,TRUE,0,TRUE,TRUE,TRUE
"controlled_permutation","balanced",2000,1,19,"single_swap",4,1,17,1,0.285761233434311,0.285761233434311,TRUE,0,TRUE,TRUE,TRUE
"controlled_permutation","balanced",2000,1,19,"single_swap",4,1,18,1,0.285598415071472,0.285598415071472,TRUE,0,TRUE,TRUE,TRUE
"controlled_permutation","balanced",2000,1,19,"single_swap",4,1,19,1,0.285646858058528,0.285646858058528,TRUE,0,TRUE,TRUE,TRUE
"controlled_permutation","balanced",2000,1,19,"single_swap",8,1,1,1,0.285598414830081,0.285598414830081,TRUE,0,TRUE,TRUE,TRUE
"controlled_permutation","balanced",2000,1,19,"single_swap",8,1,2,1,0.285598430344788,0.285598430344788,TRUE,0,TRUE,TRUE,TRUE
"controlled_permutation","balanced",2000,1,19,"single_swap",8,1,3,1,0.285589830393285,0.285589830393285,TRUE,0,TRUE,TRUE,TRUE
"controlled_permutation","balanced",2000,1,19,"single_swap",8,1,4,1,0.285598406249696,0.285598406249696,TRUE,0,TRUE,TRUE,TRUE
"controlled_permutation","balanced",2000,1,19,"single_swap",8,1,5,1,0.286023701954735,0.286023701954735,TRUE,0,TRUE,TRUE,TRUE
"controlled_permutation","balanced",2000,1,19,"single_swap",8,1,6,1,0.28559836874341,0.28559836874341,TRUE,0,TRUE,TRUE,TRUE
"controlled_permutation","balanced",2000,1,19,"single_swap",8,1,7,1,0.285539331678713,0.285539331678713,TRUE,0,TRUE,TRUE,TRUE
"controlled_permutation","balanced",2000,1,19,"single_swap",8,1,8,1,0.285598382992134,0.285598382992134,TRUE,0,TRUE,TRUE,TRUE
"controlled_permutation","balanced",2000,1,19,"single_swap",8,1,9,1,0.286101864680693,0.286101864680693,TRUE,0,TRUE,TRUE,TRUE
"controlled_permutation","balanced",2000,1,19,"single_swap",8,1,10,1,0.285598417268928,0.285598417268928,TRUE,0,TRUE,TRUE,TRUE
"controlled_permutation","balanced",2000,1,19,"single_swap",8,1,11,1,0.285554444990559,0.285554444990559,TRUE,0,TRUE,TRUE,TRUE
"controlled_permutation","balanced",2000,1,19,"single_swap",8,1,12,1,0.285598434300815,0.285598434300815,TRUE,0,TRUE,TRUE,TRUE
"controlled_permutation","balanced",2000,1,19,"single_swap",8,1,13,1,0.28562212604034,0.28562212604034,TRUE,0,TRUE,TRUE,TRUE
"controlled_permutation","balanced",2000,1,19,"single_swap",8,1,14,1,0.285598338992259,0.285598338992259,TRUE,0,TRUE,TRUE,TRUE
"controlled_permutation","balanced",2000,1,19,"single_swap",8,1,15,1,0.285175867406187,0.285175867406187,TRUE,0,TRUE,TRUE,TRUE
"controlled_permutation","balanced",2000,1,19,"single_swap",8,1,16,1,0.285598284444803,0.285598284444803,TRUE,0,TRUE,TRUE,TRUE
"controlled_permutation","balanced",2000,1,19,"single_swap",8,1,17,1,0.285761233434311,0.285761233434311,TRUE,0,TRUE,TRUE,TRUE
"controlled_permutation","balanced",2000,1,19,"single_swap",8,1,18,1,0.285598415071472,0.285598415071472,TRUE,0,TRUE,TRUE,TRUE
"controlled_permutation","balanced",2000,1,19,"single_swap",8,1,19,1,0.285646858058528,0.285646858058528,TRUE,0,TRUE,TRUE,TRUE
"controlled_permutation","balanced",2000,1,19,"single_swap",16,1,1,1,0.285598414830081,0.285598414830081,TRUE,0,TRUE,TRUE,TRUE
"controlled_permutation","balanced",2000,1,19,"single_swap",16,1,2,1,0.285598430344788,0.285598430344788,TRUE,0,TRUE,TRUE,TRUE
"controlled_permutation","balanced",2000,1,19,"single_swap",16,1,3,1,0.285589830393285,0.285589830393285,TRUE,0,TRUE,TRUE,TRUE
"controlled_permutation","balanced",2000,1,19,"single_swap",16,1,4,1,0.285598406249696,0.285598406249696,TRUE,0,TRUE,TRUE,TRUE
"controlled_permutation","balanced",2000,1,19,"single_swap",16,1,5,1,0.286023701954735,0.286023701954735,TRUE,0,TRUE,TRUE,TRUE
"controlled_permutation","balanced",2000,1,19,"single_swap",16,1,6,1,0.28559836874341,0.28559836874341,TRUE,0,TRUE,TRUE,TRUE
"controlled_permutation","balanced",2000,1,19,"single_swap",16,1,7,1,0.285539331678713,0.285539331678713,TRUE,0,TRUE,TRUE,TRUE
"controlled_permutation","balanced",2000,1,19,"single_swap",16,1,8,1,0.285598382992134,0.285598382992134,TRUE,0,TRUE,TRUE,TRUE
"controlled_permutation","balanced",2000,1,19,"single_swap",16,1,9,1,0.286101864680693,0.286101864680693,TRUE,0,TRUE,TRUE,TRUE
"controlled_permutation","balanced",2000,1,19,"single_swap",16,1,10,1,0.285598417268928,0.285598417268928,TRUE,0,TRUE,TRUE,TRUE
"controlled_permutation","balanced",2000,1,19,"single_swap",16,1,11,1,0.285554444990559,0.285554444990559,TRUE,0,TRUE,TRUE,TRUE
"controlled_permutation","balanced",2000,1,19,"single_swap",16,1,12,1,0.285598434300815,0.285598434300815,TRUE,0,TRUE,TRUE,TRUE
"controlled_permutation","balanced",2000,1,19,"single_swap",16,1,13,1,0.28562212604034,0.28562212604034,TRUE,0,TRUE,TRUE,TRUE
"controlled_permutation","balanced",2000,1,19,"single_swap",16,1,14,1,0.285598338992259,0.285598338992259,TRUE,0,TRUE,TRUE,TRUE
"controlled_permutation","balanced",2000,1,19,"single_swap",16,1,15,1,0.285175867406187,0.285175867406187,TRUE,0,TRUE,TRUE,TRUE
"controlled_permutation","balanced",2000,1,19,"single_swap",16,1,16,1,0.285598284444803,0.285598284444803,TRUE,0,TRUE,TRUE,TRUE
"controlled_permutation","balanced",2000,1,19,"single_swap",16,1,17,1,0.285761233434311,0.285761233434311,TRUE,0,TRUE,TRUE,TRUE
"controlled_permutation","balanced",2000,1,19,"single_swap",16,1,18,1,0.285598415071472,0.285598415071472,TRUE,0,TRUE,TRUE,TRUE
"controlled_permutation","balanced",2000,1,19,"single_swap",16,1,19,1,0.285646858058528,0.285646858058528,TRUE,0,TRUE,TRUE,TRUE
"controlled_permutation","balanced",2000,1,19,"reverse",2,1,1,1,0.285598414830081,0.285598414830081,TRUE,0,TRUE,TRUE,TRUE
"controlled_permutation","balanced",2000,1,19,"reverse",2,1,2,1,0.296413167708069,0.296413167708069,TRUE,0,TRUE,TRUE,TRUE
"controlled_permutation","balanced",2000,1,19,"reverse",2,1,3,1,0.296413167708069,0.296413167708069,TRUE,0,TRUE,TRUE,TRUE
"controlled_permutation","balanced",2000,1,19,"reverse",2,1,4,1,0.296413167708069,0.296413167708069,TRUE,0,TRUE,TRUE,TRUE
"controlled_permutation","balanced",2000,1,19,"reverse",2,1,5,1,0.296413167708069,0.296413167708069,TRUE,0,TRUE,TRUE,TRUE
"controlled_permutation","balanced",2000,1,19,"reverse",2,1,6,1,0.296413167708069,0.296413167708069,TRUE,0,TRUE,TRUE,TRUE
"controlled_permutation","balanced",2000,1,19,"reverse",2,1,7,1,0.296413167708069,0.296413167708069,TRUE,0,TRUE,TRUE,TRUE
"controlled_permutation","balanced",2000,1,19,"reverse",2,1,8,1,0.296413167708069,0.296413167708069,TRUE,0,TRUE,TRUE,TRUE
"controlled_permutation","balanced",2000,1,19,"reverse",2,1,9,1,0.296413167708069,0.296413167708069,TRUE,0,TRUE,TRUE,TRUE
"controlled_permutation","balanced",2000,1,19,"reverse",2,1,10,1,0.296413167708069,0.296413167708069,TRUE,0,TRUE,TRUE,TRUE
"controlled_permutation","balanced",2000,1,19,"reverse",2,1,11,1,0.296413167708069,0.296413167708069,TRUE,0,TRUE,TRUE,TRUE
"controlled_permutation","balanced",2000,1,19,"reverse",2,1,12,1,0.296413167708069,0.296413167708069,TRUE,0,TRUE,TRUE,TRUE
"controlled_permutation","balanced",2000,1,19,"reverse",2,1,13,1,0.296413167708069,0.296413167708069,TRUE,0,TRUE,TRUE,TRUE
"controlled_permutation","balanced",2000,1,19,"reverse",2,1,14,1,0.296413167708069,0.296413167708069,TRUE,0,TRUE,TRUE,TRUE
"controlled_permutation","balanced",2000,1,19,"reverse",2,1,15,1,0.296413167708069,0.296413167708069,TRUE,0,TRUE,TRUE,TRUE
"controlled_permutation","balanced",2000,1,19,"reverse",2,1,16,1,0.296413167708069,0.296413167708069,TRUE,0,TRUE,TRUE,TRUE
"controlled_permutation","balanced",2000,1,19,"reverse",2,1,17,1,0.296413167708069,0.296413167708069,TRUE,0,TRUE,TRUE,TRUE
"controlled_permutation","balanced",2000,1,19,"reverse",2,1,18,1,0.296413167708069,0.296413167708069,TRUE,0,TRUE,TRUE,TRUE
"controlled_permutation","balanced",2000,1,19,"reverse",2,1,19,1,0.296413167708069,0.296413167708069,TRUE,0,TRUE,TRUE,TRUE
"controlled_permutation","balanced",2000,1,19,"reverse",4,1,1,1,0.285598414830081,0.285598414830081,TRUE,0,TRUE,TRUE,TRUE
"controlled_permutation","balanced",2000,1,19,"reverse",4,1,2,1,0.296413167708069,0.296413167708069,TRUE,0,TRUE,TRUE,TRUE
"controlled_permutation","balanced",2000,1,19,"reverse",4,1,3,1,0.296413167708069,0.296413167708069,TRUE,0,TRUE,TRUE,TRUE
"controlled_permutation","balanced",2000,1,19,"reverse",4,1,4,1,0.296413167708069,0.296413167708069,TRUE,0,TRUE,TRUE,TRUE
"controlled_permutation","balanced",2000,1,19,"reverse",4,1,5,1,0.296413167708069,0.296413167708069,TRUE,0,TRUE,TRUE,TRUE
"controlled_permutation","balanced",2000,1,19,"reverse",4,1,6,1,0.296413167708069,0.296413167708069,TRUE,0,TRUE,TRUE,TRUE
"controlled_permutation","balanced",2000,1,19,"reverse",4,1,7,1,0.296413167708069,0.296413167708069,TRUE,0,TRUE,TRUE,TRUE
"controlled_permutation","balanced",2000,1,19,"reverse",4,1,8,1,0.296413167708069,0.296413167708069,TRUE,0,TRUE,TRUE,TRUE
"controlled_permutation","balanced",2000,1,19,"reverse",4,1,9,1,0.296413167708069,0.296413167708069,TRUE,0,TRUE,TRUE,TRUE
"controlled_permutation","balanced",2000,1,19,"reverse",4,1,10,1,0.296413167708069,0.296413167708069,TRUE,0,TRUE,TRUE,TRUE
"controlled_permutation","balanced",2000,1,19,"reverse",4,1,11,1,0.296413167708069,0.296413167708069,TRUE,0,TRUE,TRUE,TRUE
"controlled_permutation","balanced",2000,1,19,"reverse",4,1,12,1,0.296413167708069,0.296413167708069,TRUE,0,TRUE,TRUE,TRUE
"controlled_permutation","balanced",2000,1,19,"reverse",4,1,13,1,0.296413167708069,0.296413167708069,TRUE,0,TRUE,TRUE,TRUE
"controlled_permutation","balanced",2000,1,19,"reverse",4,1,14,1,0.296413167708069,0.296413167708069,TRUE,0,TRUE,TRUE,TRUE
"controlled_permutation","balanced",2000,1,19,"reverse",4,1,15,1,0.296413167708069,0.296413167708069,TRUE,0,TRUE,TRUE,TRUE
"controlled_permutation","balanced",2000,1,19,"reverse",4,1,16,1,0.296413167708069,0.296413167708069,TRUE,0,TRUE,TRUE,TRUE
"controlled_permutation","balanced",2000,1,19,"reverse",4,1,17,1,0.296413167708069,0.296413167708069,TRUE,0,TRUE,TRUE,TRUE
"controlled_permutation","balanced",2000,1,19,"reverse",4,1,18,1,0.296413167708069,0.296413167708069,TRUE,0,TRUE,TRUE,TRUE
"controlled_permutation","balanced",2000,1,19,"reverse",4,1,19,1,0.296413167708069,0.296413167708069,TRUE,0,TRUE,TRUE,TRUE
"controlled_permutation","balanced",2000,1,19,"reverse",8,1,1,1,0.285598414830081,0.285598414830081,TRUE,0,TRUE,TRUE,TRUE
"controlled_permutation","balanced",2000,1,19,"reverse",8,1,2,1,0.296413167708069,0.296413167708069,TRUE,0,TRUE,TRUE,TRUE
"controlled_permutation","balanced",2000,1,19,"reverse",8,1,3,1,0.296413167708069,0.296413167708069,TRUE,0,TRUE,TRUE,TRUE
"controlled_permutation","balanced",2000,1,19,"reverse",8,1,4,1,0.296413167708069,0.296413167708069,TRUE,0,TRUE,TRUE,TRUE
"controlled_permutation","balanced",2000,1,19,"reverse",8,1,5,1,0.296413167708069,0.296413167708069,TRUE,0,TRUE,TRUE,TRUE
"controlled_permutation","balanced",2000,1,19,"reverse",8,1,6,1,0.296413167708069,0.296413167708069,TRUE,0,TRUE,TRUE,TRUE
"controlled_permutation","balanced",2000,1,19,"reverse",8,1,7,1,0.296413167708069,0.296413167708069,TRUE,0,TRUE,TRUE,TRUE
"controlled_permutation","balanced",2000,1,19,"reverse",8,1,8,1,0.296413167708069,0.296413167708069,TRUE,0,TRUE,TRUE,TRUE
"controlled_permutation","balanced",2000,1,19,"reverse",8,1,9,1,0.296413167708069,0.296413167708069,TRUE,0,TRUE,TRUE,TRUE
"controlled_permutation","balanced",2000,1,19,"reverse",8,1,10,1,0.296413167708069,0.296413167708069,TRUE,0,TRUE,TRUE,TRUE
"controlled_permutation","balanced",2000,1,19,"reverse",8,1,11,1,0.296413167708069,0.296413167708069,TRUE,0,TRUE,TRUE,TRUE
"controlled_permutation","balanced",2000,1,19,"reverse",8,1,12,1,0.296413167708069,0.296413167708069,TRUE,0,TRUE,TRUE,TRUE
"controlled_permutation","balanced",2000,1,19,"reverse",8,1,13,1,0.296413167708069,0.296413167708069,TRUE,0,TRUE,TRUE,TRUE
"controlled_permutation","balanced",2000,1,19,"reverse",8,1,14,1,0.296413167708069,0.296413167708069,TRUE,0,TRUE,TRUE,TRUE
"controlled_permutation","balanced",2000,1,19,"reverse",8,1,15,1,0.296413167708069,0.296413167708069,TRUE,0,TRUE,TRUE,TRUE
"controlled_permutation","balanced",2000,1,19,"reverse",8,1,16,1,0.296413167708069,0.296413167708069,TRUE,0,TRUE,TRUE,TRUE
"controlled_permutation","balanced",2000,1,19,"reverse",8,1,17,1,0.296413167708069,0.296413167708069,TRUE,0,TRUE,TRUE,TRUE
"controlled_permutation","balanced",2000,1,19,"reverse",8,1,18,1,0.296413167708069,0.296413167708069,TRUE,0,TRUE,TRUE,TRUE
"controlled_permutation","balanced",2000,1,19,"reverse",8,1,19,1,0.296413167708069,0.296413167708069,TRUE,0,TRUE,TRUE,TRUE
"controlled_permutation","balanced",2000,1,19,"reverse",16,1,1,1,0.285598414830081,0.285598414830081,TRUE,0,TRUE,TRUE,TRUE
"controlled_permutation","balanced",2000,1,19,"reverse",16,1,2,1,0.296413167708069,0.296413167708069,TRUE,0,TRUE,TRUE,TRUE
"controlled_permutation","balanced",2000,1,19,"reverse",16,1,3,1,0.296413167708069,0.296413167708069,TRUE,0,TRUE,TRUE,TRUE
"controlled_permutation","balanced",2000,1,19,"reverse",16,1,4,1,0.296413167708069,0.296413167708069,TRUE,0,TRUE,TRUE,TRUE
"controlled_permutation","balanced",2000,1,19,"reverse",16,1,5,1,0.296413167708069,0.296413167708069,TRUE,0,TRUE,TRUE,TRUE
"controlled_permutation","balanced",2000,1,19,"reverse",16,1,6,1,0.296413167708069,0.296413167708069,TRUE,0,TRUE,TRUE,TRUE
"controlled_permutation","balanced",2000,1,19,"reverse",16,1,7,1,0.296413167708069,0.296413167708069,TRUE,0,TRUE,TRUE,TRUE
"controlled_permutation","balanced",2000,1,19,"reverse",16,1,8,1,0.296413167708069,0.296413167708069,TRUE,0,TRUE,TRUE,TRUE
"controlled_permutation","balanced",2000,1,19,"reverse",16,1,9,1,0.296413167708069,0.296413167708069,TRUE,0,TRUE,TRUE,TRUE
"controlled_permutation","balanced",2000,1,19,"reverse",16,1,10,1,0.296413167708069,0.296413167708069,TRUE,0,TRUE,TRUE,TRUE
"controlled_permutation","balanced",2000,1,19,"reverse",16,1,11,1,0.296413167708069,0.296413167708069,TRUE,0,TRUE,TRUE,TRUE
"controlled_permutation","balanced",2000,1,19,"reverse",16,1,12,1,0.296413167708069,0.296413167708069,TRUE,0,TRUE,TRUE,TRUE
"controlled_permutation","balanced",2000,1,19,"reverse",16,1,13,1,0.296413167708069,0.296413167708069,TRUE,0,TRUE,TRUE,TRUE
"controlled_permutation","balanced",2000,1,19,"reverse",16,1,14,1,0.296413167708069,0.296413167708069,TRUE,0,TRUE,TRUE,TRUE
"controlled_permutation","balanced",2000,1,19,"reverse",16,1,15,1,0.296413167708069,0.296413167708069,TRUE,0,TRUE,TRUE,TRUE
"controlled_permutation","balanced",2000,1,19,"reverse",16,1,16,1,0.296413167708069,0.296413167708069,TRUE,0,TRUE,TRUE,TRUE
"controlled_permutation","balanced",2000,1,19,"reverse",16,1,17,1,0.296413167708069,0.296413167708069,TRUE,0,TRUE,TRUE,TRUE
"controlled_permutation","balanced",2000,1,19,"reverse",16,1,18,1,0.296413167708069,0.296413167708069,TRUE,0,TRUE,TRUE,TRUE
"controlled_permutation","balanced",2000,1,19,"reverse",16,1,19,1,0.296413167708069,0.296413167708069,TRUE,0,TRUE,TRUE,TRUE
"controlled_permutation","balanced",2000,1,19,"cyclic_shift",2,1,1,1,0.285598414830081,0.285598414830081,TRUE,0,TRUE,TRUE,TRUE
"controlled_permutation","balanced",2000,1,19,"cyclic_shift",2,1,2,1,0.2992480793975,0.2992480793975,TRUE,0,TRUE,TRUE,TRUE
"controlled_permutation","balanced",2000,1,19,"cyclic_shift",2,1,3,1,0.284460140747677,0.284460140747677,TRUE,0,TRUE,TRUE,TRUE
"controlled_permutation","balanced",2000,1,19,"cyclic_shift",2,1,4,1,0.296001727811605,0.296001727811605,TRUE,0,TRUE,TRUE,TRUE
"controlled_permutation","balanced",2000,1,19,"cyclic_shift",2,1,5,1,0.286491803112366,0.286491803112366,TRUE,0,TRUE,TRUE,TRUE
"controlled_permutation","balanced",2000,1,19,"cyclic_shift",2,1,6,1,0.294902320665876,0.294902320665876,TRUE,0,TRUE,TRUE,TRUE
"controlled_permutation","balanced",2000,1,19,"cyclic_shift",2,1,7,1,0.290129941936125,0.290129941936125,TRUE,0,TRUE,TRUE,TRUE
"controlled_permutation","balanced",2000,1,19,"cyclic_shift",2,1,8,1,0.295451334192427,0.295451334192427,TRUE,0,TRUE,TRUE,TRUE
"controlled_permutation","balanced",2000,1,19,"cyclic_shift",2,1,9,1,0.288728348350283,0.288728348350283,TRUE,0,TRUE,TRUE,TRUE
"controlled_permutation","balanced",2000,1,19,"cyclic_shift",2,1,10,1,0.29266134140983,0.29266134140983,TRUE,0,TRUE,TRUE,TRUE
"controlled_permutation","balanced",2000,1,19,"cyclic_shift",2,1,11,1,0.289847819151103,0.289847819151103,TRUE,0,TRUE,TRUE,TRUE
"controlled_permutation","balanced",2000,1,19,"cyclic_shift",2,1,12,1,0.29132896562954,0.29132896562954,TRUE,0,TRUE,TRUE,TRUE
"controlled_permutation","balanced",2000,1,19,"cyclic_shift",2,1,13,1,0.29001681163194,0.29001681163194,TRUE,0,TRUE,TRUE,TRUE
"controlled_permutation","balanced",2000,1,19,"cyclic_shift",2,1,14,1,0.292199045758306,0.292199045758306,TRUE,0,TRUE,TRUE,TRUE
"controlled_permutation","balanced",2000,1,19,"cyclic_shift",2,1,15,1,0.293510036052688,0.293510036052688,TRUE,0,TRUE,TRUE,TRUE
"controlled_permutation","balanced",2000,1,19,"cyclic_shift",2,1,16,1,0.289654821933033,0.289654821933033,TRUE,0,TRUE,TRUE,TRUE
"controlled_permutation","balanced",2000,1,19,"cyclic_shift",2,1,17,1,0.29487914929922,0.29487914929922,TRUE,0,TRUE,TRUE,TRUE
"controlled_permutation","balanced",2000,1,19,"cyclic_shift",2,1,18,1,0.289395005587884,0.289395005587884,TRUE,0,TRUE,TRUE,TRUE
"controlled_permutation","balanced",2000,1,19,"cyclic_shift",2,1,19,1,0.291991606957848,0.291991606957848,TRUE,0,TRUE,TRUE,TRUE
"controlled_permutation","balanced",2000,1,19,"cyclic_shift",4,1,1,1,0.285598414830081,0.285598414830081,TRUE,0,TRUE,TRUE,TRUE
"controlled_permutation","balanced",2000,1,19,"cyclic_shift",4,1,2,1,0.2992480793975,0.2992480793975,TRUE,0,TRUE,TRUE,TRUE
"controlled_permutation","balanced",2000,1,19,"cyclic_shift",4,1,3,1,0.284460140747677,0.284460140747677,TRUE,0,TRUE,TRUE,TRUE
"controlled_permutation","balanced",2000,1,19,"cyclic_shift",4,1,4,1,0.296001727811605,0.296001727811605,TRUE,0,TRUE,TRUE,TRUE
"controlled_permutation","balanced",2000,1,19,"cyclic_shift",4,1,5,1,0.286491803112366,0.286491803112366,TRUE,0,TRUE,TRUE,TRUE
"controlled_permutation","balanced",2000,1,19,"cyclic_shift",4,1,6,1,0.294902320665876,0.294902320665876,TRUE,0,TRUE,TRUE,TRUE
"controlled_permutation","balanced",2000,1,19,"cyclic_shift",4,1,7,1,0.290129941936125,0.290129941936125,TRUE,0,TRUE,TRUE,TRUE
"controlled_permutation","balanced",2000,1,19,"cyclic_shift",4,1,8,1,0.295451334192427,0.295451334192427,TRUE,0,TRUE,TRUE,TRUE
"controlled_permutation","balanced",2000,1,19,"cyclic_shift",4,1,9,1,0.288728348350283,0.288728348350283,TRUE,0,TRUE,TRUE,TRUE
"controlled_permutation","balanced",2000,1,19,"cyclic_shift",4,1,10,1,0.29266134140983,0.29266134140983,TRUE,0,TRUE,TRUE,TRUE
"controlled_permutation","balanced",2000,1,19,"cyclic_shift",4,1,11,1,0.289847819151103,0.289847819151103,TRUE,0,TRUE,TRUE,TRUE
"controlled_permutation","balanced",2000,1,19,"cyclic_shift",4,1,12,1,0.29132896562954,0.29132896562954,TRUE,0,TRUE,TRUE,TRUE
"controlled_permutation","balanced",2000,1,19,"cyclic_shift",4,1,13,1,0.29001681163194,0.29001681163194,TRUE,0,TRUE,TRUE,TRUE
"controlled_permutation","balanced",2000,1,19,"cyclic_shift",4,1,14,1,0.292199045758306,0.292199045758306,TRUE,0,TRUE,TRUE,TRUE
"controlled_permutation","balanced",2000,1,19,"cyclic_shift",4,1,15,1,0.293510036052688,0.293510036052688,TRUE,0,TRUE,TRUE,TRUE
"controlled_permutation","balanced",2000,1,19,"cyclic_shift",4,1,16,1,0.289654821933033,0.289654821933033,TRUE,0,TRUE,TRUE,TRUE
"controlled_permutation","balanced",2000,1,19,"cyclic_shift",4,1,17,1,0.29487914929922,0.29487914929922,TRUE,0,TRUE,TRUE,TRUE
"controlled_permutation","balanced",2000,1,19,"cyclic_shift",4,1,18,1,0.289395005587884,0.289395005587884,TRUE,0,TRUE,TRUE,TRUE
"controlled_permutation","balanced",2000,1,19,"cyclic_shift",4,1,19,1,0.291991606957848,0.291991606957848,TRUE,0,TRUE,TRUE,TRUE
"controlled_permutation","balanced",2000,1,19,"cyclic_shift",8,1,1,1,0.285598414830081,0.285598414830081,TRUE,0,TRUE,TRUE,TRUE
"controlled_permutation","balanced",2000,1,19,"cyclic_shift",8,1,2,1,0.2992480793975,0.2992480793975,TRUE,0,TRUE,TRUE,TRUE
"controlled_permutation","balanced",2000,1,19,"cyclic_shift",8,1,3,1,0.284460140747677,0.284460140747677,TRUE,0,TRUE,TRUE,TRUE
"controlled_permutation","balanced",2000,1,19,"cyclic_shift",8,1,4,1,0.296001727811605,0.296001727811605,TRUE,0,TRUE,TRUE,TRUE
"controlled_permutation","balanced",2000,1,19,"cyclic_shift",8,1,5,1,0.286491803112366,0.286491803112366,TRUE,0,TRUE,TRUE,TRUE
"controlled_permutation","balanced",2000,1,19,"cyclic_shift",8,1,6,1,0.294902320665876,0.294902320665876,TRUE,0,TRUE,TRUE,TRUE
"controlled_permutation","balanced",2000,1,19,"cyclic_shift",8,1,7,1,0.290129941936125,0.290129941936125,TRUE,0,TRUE,TRUE,TRUE
"controlled_permutation","balanced",2000,1,19,"cyclic_shift",8,1,8,1,0.295451334192427,0.295451334192427,TRUE,0,TRUE,TRUE,TRUE
"controlled_permutation","balanced",2000,1,19,"cyclic_shift",8,1,9,1,0.288728348350283,0.288728348350283,TRUE,0,TRUE,TRUE,TRUE
"controlled_permutation","balanced",2000,1,19,"cyclic_shift",8,1,10,1,0.29266134140983,0.29266134140983,TRUE,0,TRUE,TRUE,TRUE
"controlled_permutation","balanced",2000,1,19,"cyclic_shift",8,1,11,1,0.289847819151103,0.289847819151103,TRUE,0,TRUE,TRUE,TRUE
"controlled_permutation","balanced",2000,1,19,"cyclic_shift",8,1,12,1,0.29132896562954,0.29132896562954,TRUE,0,TRUE,TRUE,TRUE
"controlled_permutation","balanced",2000,1,19,"cyclic_shift",8,1,13,1,0.29001681163194,0.29001681163194,TRUE,0,TRUE,TRUE,TRUE
"controlled_permutation","balanced",2000,1,19,"cyclic_shift",8,1,14,1,0.292199045758306,0.292199045758306,TRUE,0,TRUE,TRUE,TRUE
"controlled_permutation","balanced",2000,1,19,"cyclic_shift",8,1,15,1,0.293510036052688,0.293510036052688,TRUE,0,TRUE,TRUE,TRUE
"controlled_permutation","balanced",2000,1,19,"cyclic_shift",8,1,16,1,0.289654821933033,0.289654821933033,TRUE,0,TRUE,TRUE,TRUE
"controlled_permutation","balanced",2000,1,19,"cyclic_shift",8,1,17,1,0.29487914929922,0.29487914929922,TRUE,0,TRUE,TRUE,TRUE
"controlled_permutation","balanced",2000,1,19,"cyclic_shift",8,1,18,1,0.289395005587884,0.289395005587884,TRUE,0,TRUE,TRUE,TRUE
"controlled_permutation","balanced",2000,1,19,"cyclic_shift",8,1,19,1,0.291991606957848,0.291991606957848,TRUE,0,TRUE,TRUE,TRUE
"controlled_permutation","balanced",2000,1,19,"cyclic_shift",16,1,1,1,0.285598414830081,0.285598414830081,TRUE,0,TRUE,TRUE,TRUE
"controlled_permutation","balanced",2000,1,19,"cyclic_shift",16,1,2,1,0.2992480793975,0.2992480793975,TRUE,0,TRUE,TRUE,TRUE
"controlled_permutation","balanced",2000,1,19,"cyclic_shift",16,1,3,1,0.284460140747677,0.284460140747677,TRUE,0,TRUE,TRUE,TRUE
"controlled_permutation","balanced",2000,1,19,"cyclic_shift",16,1,4,1,0.296001727811605,0.296001727811605,TRUE,0,TRUE,TRUE,TRUE
"controlled_permutation","balanced",2000,1,19,"cyclic_shift",16,1,5,1,0.286491803112366,0.286491803112366,TRUE,0,TRUE,TRUE,TRUE
"controlled_permutation","balanced",2000,1,19,"cyclic_shift",16,1,6,1,0.294902320665876,0.294902320665876,TRUE,0,TRUE,TRUE,TRUE
"controlled_permutation","balanced",2000,1,19,"cyclic_shift",16,1,7,1,0.290129941936125,0.290129941936125,TRUE,0,TRUE,TRUE,TRUE
"controlled_permutation","balanced",2000,1,19,"cyclic_shift",16,1,8,1,0.295451334192427,0.295451334192427,TRUE,0,TRUE,TRUE,TRUE
"controlled_permutation","balanced",2000,1,19,"cyclic_shift",16,1,9,1,0.288728348350283,0.288728348350283,TRUE,0,TRUE,TRUE,TRUE
"controlled_permutation","balanced",2000,1,19,"cyclic_shift",16,1,10,1,0.29266134140983,0.29266134140983,TRUE,0,TRUE,TRUE,TRUE
"controlled_permutation","balanced",2000,1,19,"cyclic_shift",16,1,11,1,0.289847819151103,0.289847819151103,TRUE,0,TRUE,TRUE,TRUE
"controlled_permutation","balanced",2000,1,19,"cyclic_shift",16,1,12,1,0.29132896562954,0.29132896562954,TRUE,0,TRUE,TRUE,TRUE
"controlled_permutation","balanced",2000,1,19,"cyclic_shift",16,1,13,1,0.29001681163194,0.29001681163194,TRUE,0,TRUE,TRUE,TRUE
"controlled_permutation","balanced",2000,1,19,"cyclic_shift",16,1,14,1,0.292199045758306,0.292199045758306,TRUE,0,TRUE,TRUE,TRUE
"controlled_permutation","balanced",2000,1,19,"cyclic_shift",16,1,15,1,0.293510036052688,0.293510036052688,TRUE,0,TRUE,TRUE,TRUE
"controlled_permutation","balanced",2000,1,19,"cyclic_shift",16,1,16,1,0.289654821933033,0.289654821933033,TRUE,0,TRUE,TRUE,TRUE
"controlled_permutation","balanced",2000,1,19,"cyclic_shift",16,1,17,1,0.29487914929922,0.29487914929922,TRUE,0,TRUE,TRUE,TRUE
"controlled_permutation","balanced",2000,1,19,"cyclic_shift",16,1,18,1,0.289395005587884,0.289395005587884,TRUE,0,TRUE,TRUE,TRUE
"controlled_permutation","balanced",2000,1,19,"cyclic_shift",16,1,19,1,0.291991606957848,0.291991606957848,TRUE,0,TRUE,TRUE,TRUE
"controlled_permutation","balanced",2000,1,19,"fixed_random",2,1,1,1,0.285598414830081,0.285598414830081,TRUE,0,TRUE,TRUE,TRUE
"controlled_permutation","balanced",2000,1,19,"fixed_random",2,1,2,1,0.292415854446438,0.292415854446438,TRUE,0,TRUE,TRUE,TRUE
"controlled_permutation","balanced",2000,1,19,"fixed_random",2,1,3,1,0.302991519153709,0.302991519153709,TRUE,0,TRUE,TRUE,TRUE
"controlled_permutation","balanced",2000,1,19,"fixed_random",2,1,4,1,0.29834315618643,0.29834315618643,TRUE,0,TRUE,TRUE,TRUE
"controlled_permutation","balanced",2000,1,19,"fixed_random",2,1,5,1,0.294216211396661,0.294216211396661,TRUE,0,TRUE,TRUE,TRUE
"controlled_permutation","balanced",2000,1,19,"fixed_random",2,1,6,1,0.298993356513568,0.298993356513568,TRUE,0,TRUE,TRUE,TRUE
"controlled_permutation","balanced",2000,1,19,"fixed_random",2,1,7,1,0.295755600267602,0.295755600267602,TRUE,0,TRUE,TRUE,TRUE
"controlled_permutation","balanced",2000,1,19,"fixed_random",2,1,8,1,0.294124454581232,0.294124454581232,TRUE,0,TRUE,TRUE,TRUE
"controlled_permutation","balanced",2000,1,19,"fixed_random",2,1,9,1,0.292356893622148,0.292356893622148,TRUE,0,TRUE,TRUE,TRUE
"controlled_permutation","balanced",2000,1,19,"fixed_random",2,1,10,1,0.30073264890223,0.30073264890223,TRUE,0,TRUE,TRUE,TRUE
"controlled_permutation","balanced",2000,1,19,"fixed_random",2,1,11,1,0.296648963451585,0.296648963451585,TRUE,0,TRUE,TRUE,TRUE
"controlled_permutation","balanced",2000,1,19,"fixed_random",2,1,12,1,0.301678478687033,0.301678478687033,TRUE,0,TRUE,TRUE,TRUE
"controlled_permutation","balanced",2000,1,19,"fixed_random",2,1,13,1,0.297440204586639,0.297440204586639,TRUE,0,TRUE,TRUE,TRUE
"controlled_permutation","balanced",2000,1,19,"fixed_random",2,1,14,1,0.296074622365855,0.296074622365855,TRUE,0,TRUE,TRUE,TRUE
"controlled_permutation","balanced",2000,1,19,"fixed_random",2,1,15,1,0.3053505775743,0.3053505775743,TRUE,0,TRUE,TRUE,TRUE
"controlled_permutation","balanced",2000,1,19,"fixed_random",2,1,16,1,0.305484013901364,0.305484013901364,TRUE,0,TRUE,TRUE,TRUE
"controlled_permutation","balanced",2000,1,19,"fixed_random",2,1,17,1,0.29983539485585,0.29983539485585,TRUE,0,TRUE,TRUE,TRUE
"controlled_permutation","balanced",2000,1,19,"fixed_random",2,1,18,1,0.302536100283266,0.302536100283266,TRUE,0,TRUE,TRUE,TRUE
"controlled_permutation","balanced",2000,1,19,"fixed_random",2,1,19,1,0.29745786248614,0.29745786248614,TRUE,0,TRUE,TRUE,TRUE
"controlled_permutation","balanced",2000,1,19,"fixed_random",4,1,1,1,0.285598414830081,0.285598414830081,TRUE,0,TRUE,TRUE,TRUE
"controlled_permutation","balanced",2000,1,19,"fixed_random",4,1,2,1,0.292415854446438,0.292415854446438,TRUE,0,TRUE,TRUE,TRUE
"controlled_permutation","balanced",2000,1,19,"fixed_random",4,1,3,1,0.302991519153709,0.302991519153709,TRUE,0,TRUE,TRUE,TRUE
"controlled_permutation","balanced",2000,1,19,"fixed_random",4,1,4,1,0.29834315618643,0.29834315618643,TRUE,0,TRUE,TRUE,TRUE
"controlled_permutation","balanced",2000,1,19,"fixed_random",4,1,5,1,0.294216211396661,0.294216211396661,TRUE,0,TRUE,TRUE,TRUE
"controlled_permutation","balanced",2000,1,19,"fixed_random",4,1,6,1,0.298993356513568,0.298993356513568,TRUE,0,TRUE,TRUE,TRUE
"controlled_permutation","balanced",2000,1,19,"fixed_random",4,1,7,1,0.295755600267602,0.295755600267602,TRUE,0,TRUE,TRUE,TRUE
"controlled_permutation","balanced",2000,1,19,"fixed_random",4,1,8,1,0.294124454581232,0.294124454581232,TRUE,0,TRUE,TRUE,TRUE
"controlled_permutation","balanced",2000,1,19,"fixed_random",4,1,9,1,0.292356893622148,0.292356893622148,TRUE,0,TRUE,TRUE,TRUE
"controlled_permutation","balanced",2000,1,19,"fixed_random",4,1,10,1,0.30073264890223,0.30073264890223,TRUE,0,TRUE,TRUE,TRUE
"controlled_permutation","balanced",2000,1,19,"fixed_random",4,1,11,1,0.296648963451585,0.296648963451585,TRUE,0,TRUE,TRUE,TRUE
"controlled_permutation","balanced",2000,1,19,"fixed_random",4,1,12,1,0.301678478687033,0.301678478687033,TRUE,0,TRUE,TRUE,TRUE
"controlled_permutation","balanced",2000,1,19,"fixed_random",4,1,13,1,0.297440204586639,0.297440204586639,TRUE,0,TRUE,TRUE,TRUE
"controlled_permutation","balanced",2000,1,19,"fixed_random",4,1,14,1,0.296074622365855,0.296074622365855,TRUE,0,TRUE,TRUE,TRUE
"controlled_permutation","balanced",2000,1,19,"fixed_random",4,1,15,1,0.3053505775743,0.3053505775743,TRUE,0,TRUE,TRUE,TRUE
"controlled_permutation","balanced",2000,1,19,"fixed_random",4,1,16,1,0.305484013901364,0.305484013901364,TRUE,0,TRUE,TRUE,TRUE
"controlled_permutation","balanced",2000,1,19,"fixed_random",4,1,17,1,0.29983539485585,0.29983539485585,TRUE,0,TRUE,TRUE,TRUE
"controlled_permutation","balanced",2000,1,19,"fixed_random",4,1,18,1,0.302536100283266,0.302536100283266,TRUE,0,TRUE,TRUE,TRUE
"controlled_permutation","balanced",2000,1,19,"fixed_random",4,1,19,1,0.29745786248614,0.29745786248614,TRUE,0,TRUE,TRUE,TRUE
"controlled_permutation","balanced",2000,1,19,"fixed_random",8,1,1,1,0.285598414830081,0.285598414830081,TRUE,0,TRUE,TRUE,TRUE
"controlled_permutation","balanced",2000,1,19,"fixed_random",8,1,2,1,0.292415854446438,0.292415854446438,TRUE,0,TRUE,TRUE,TRUE
"controlled_permutation","balanced",2000,1,19,"fixed_random",8,1,3,1,0.302991519153709,0.302991519153709,TRUE,0,TRUE,TRUE,TRUE
"controlled_permutation","balanced",2000,1,19,"fixed_random",8,1,4,1,0.29834315618643,0.29834315618643,TRUE,0,TRUE,TRUE,TRUE
"controlled_permutation","balanced",2000,1,19,"fixed_random",8,1,5,1,0.294216211396661,0.294216211396661,TRUE,0,TRUE,TRUE,TRUE
"controlled_permutation","balanced",2000,1,19,"fixed_random",8,1,6,1,0.298993356513568,0.298993356513568,TRUE,0,TRUE,TRUE,TRUE
"controlled_permutation","balanced",2000,1,19,"fixed_random",8,1,7,1,0.295755600267602,0.295755600267602,TRUE,0,TRUE,TRUE,TRUE
"controlled_permutation","balanced",2000,1,19,"fixed_random",8,1,8,1,0.294124454581232,0.294124454581232,TRUE,0,TRUE,TRUE,TRUE
"controlled_permutation","balanced",2000,1,19,"fixed_random",8,1,9,1,0.292356893622148,0.292356893622148,TRUE,0,TRUE,TRUE,TRUE
"controlled_permutation","balanced",2000,1,19,"fixed_random",8,1,10,1,0.30073264890223,0.30073264890223,TRUE,0,TRUE,TRUE,TRUE
"controlled_permutation","balanced",2000,1,19,"fixed_random",8,1,11,1,0.296648963451585,0.296648963451585,TRUE,0,TRUE,TRUE,TRUE
"controlled_permutation","balanced",2000,1,19,"fixed_random",8,1,12,1,0.301678478687033,0.301678478687033,TRUE,0,TRUE,TRUE,TRUE
"controlled_permutation","balanced",2000,1,19,"fixed_random",8,1,13,1,0.297440204586639,0.297440204586639,TRUE,0,TRUE,TRUE,TRUE
"controlled_permutation","balanced",2000,1,19,"fixed_random",8,1,14,1,0.296074622365855,0.296074622365855,TRUE,0,TRUE,TRUE,TRUE
"controlled_permutation","balanced",2000,1,19,"fixed_random",8,1,15,1,0.3053505775743,0.3053505775743,TRUE,0,TRUE,TRUE,TRUE
"controlled_permutation","balanced",2000,1,19,"fixed_random",8,1,16,1,0.305484013901364,0.305484013901364,TRUE,0,TRUE,TRUE,TRUE
"controlled_permutation","balanced",2000,1,19,"fixed_random",8,1,17,1,0.29983539485585,0.29983539485585,TRUE,0,TRUE,TRUE,TRUE
"controlled_permutation","balanced",2000,1,19,"fixed_random",8,1,18,1,0.302536100283266,0.302536100283266,TRUE,0,TRUE,TRUE,TRUE
"controlled_permutation","balanced",2000,1,19,"fixed_random",8,1,19,1,0.29745786248614,0.29745786248614,TRUE,0,TRUE,TRUE,TRUE
"controlled_permutation","balanced",2000,1,19,"fixed_random",16,1,1,1,0.285598414830081,0.285598414830081,TRUE,0,TRUE,TRUE,TRUE
"controlled_permutation","balanced",2000,1,19,"fixed_random",16,1,2,1,0.292415854446438,0.292415854446438,TRUE,0,TRUE,TRUE,TRUE
"controlled_permutation","balanced",2000,1,19,"fixed_random",16,1,3,1,0.302991519153709,0.302991519153709,TRUE,0,TRUE,TRUE,TRUE
"controlled_permutation","balanced",2000,1,19,"fixed_random",16,1,4,1,0.29834315618643,0.29834315618643,TRUE,0,TRUE,TRUE,TRUE
"controlled_permutation","balanced",2000,1,19,"fixed_random",16,1,5,1,0.294216211396661,0.294216211396661,TRUE,0,TRUE,TRUE,TRUE
"controlled_permutation","balanced",2000,1,19,"fixed_random",16,1,6,1,0.298993356513568,0.298993356513568,TRUE,0,TRUE,TRUE,TRUE
"controlled_permutation","balanced",2000,1,19,"fixed_random",16,1,7,1,0.295755600267602,0.295755600267602,TRUE,0,TRUE,TRUE,TRUE
"controlled_permutation","balanced",2000,1,19,"fixed_random",16,1,8,1,0.294124454581232,0.294124454581232,TRUE,0,TRUE,TRUE,TRUE
"controlled_permutation","balanced",2000,1,19,"fixed_random",16,1,9,1,0.292356893622148,0.292356893622148,TRUE,0,TRUE,TRUE,TRUE
"controlled_permutation","balanced",2000,1,19,"fixed_random",16,1,10,1,0.30073264890223,0.30073264890223,TRUE,0,TRUE,TRUE,TRUE
"controlled_permutation","balanced",2000,1,19,"fixed_random",16,1,11,1,0.296648963451585,0.296648963451585,TRUE,0,TRUE,TRUE,TRUE
"controlled_permutation","balanced",2000,1,19,"fixed_random",16,1,12,1,0.301678478687033,0.301678478687033,TRUE,0,TRUE,TRUE,TRUE
"controlled_permutation","balanced",2000,1,19,"fixed_random",16,1,13,1,0.297440204586639,0.297440204586639,TRUE,0,TRUE,TRUE,TRUE
"controlled_permutation","balanced",2000,1,19,"fixed_random",16,1,14,1,0.296074622365855,0.296074622365855,TRUE,0,TRUE,TRUE,TRUE
"controlled_permutation","balanced",2000,1,19,"fixed_random",16,1,15,1,0.3053505775743,0.3053505775743,TRUE,0,TRUE,TRUE,TRUE
"controlled_permutation","balanced",2000,1,19,"fixed_random",16,1,16,1,0.305484013901364,0.305484013901364,TRUE,0,TRUE,TRUE,TRUE
"controlled_permutation","balanced",2000,1,19,"fixed_random",16,1,17,1,0.29983539485585,0.29983539485585,TRUE,0,TRUE,TRUE,TRUE
"controlled_permutation","balanced",2000,1,19,"fixed_random",16,1,18,1,0.302536100283266,0.302536100283266,TRUE,0,TRUE,TRUE,TRUE
"controlled_permutation","balanced",2000,1,19,"fixed_random",16,1,19,1,0.29745786248614,0.29745786248614,TRUE,0,TRUE,TRUE,TRUE
"controlled_permutation","balanced",2000,1,19,"adversarial",2,1,1,1,0.285598414830081,0.285598414830081,TRUE,0,TRUE,TRUE,TRUE
"controlled_permutation","balanced",2000,1,19,"adversarial",2,1,2,1,0.2856546216093,0.2856546216093,TRUE,0,TRUE,TRUE,TRUE
"controlled_permutation","balanced",2000,1,19,"adversarial",2,1,3,1,0.288465016761246,0.288465016761246,TRUE,0,TRUE,TRUE,TRUE
"controlled_permutation","balanced",2000,1,19,"adversarial",2,1,4,1,0.296644097215939,0.296644097215939,TRUE,0,TRUE,TRUE,TRUE
"controlled_permutation","balanced",2000,1,19,"adversarial",2,1,5,1,0.297053538766711,0.297053538766711,TRUE,0,TRUE,TRUE,TRUE
"controlled_permutation","balanced",2000,1,19,"adversarial",2,1,6,1,0.2856546216093,0.2856546216093,TRUE,0,TRUE,TRUE,TRUE
"controlled_permutation","balanced",2000,1,19,"adversarial",2,1,7,1,0.288465016761246,0.288465016761246,TRUE,0,TRUE,TRUE,TRUE
"controlled_permutation","balanced",2000,1,19,"adversarial",2,1,8,1,0.296644097215939,0.296644097215939,TRUE,0,TRUE,TRUE,TRUE
"controlled_permutation","balanced",2000,1,19,"adversarial",2,1,9,1,0.297053538766711,0.297053538766711,TRUE,0,TRUE,TRUE,TRUE
"controlled_permutation","balanced",2000,1,19,"adversarial",2,1,10,1,0.2856546216093,0.2856546216093,TRUE,0,TRUE,TRUE,TRUE
"controlled_permutation","balanced",2000,1,19,"adversarial",2,1,11,1,0.288465016761246,0.288465016761246,TRUE,0,TRUE,TRUE,TRUE
"controlled_permutation","balanced",2000,1,19,"adversarial",2,1,12,1,0.296644097215939,0.296644097215939,TRUE,0,TRUE,TRUE,TRUE
"controlled_permutation","balanced",2000,1,19,"adversarial",2,1,13,1,0.297053538766711,0.297053538766711,TRUE,0,TRUE,TRUE,TRUE
"controlled_permutation","balanced",2000,1,19,"adversarial",2,1,14,1,0.2856546216093,0.2856546216093,TRUE,0,TRUE,TRUE,TRUE
"controlled_permutation","balanced",2000,1,19,"adversarial",2,1,15,1,0.288465016761246,0.288465016761246,TRUE,0,TRUE,TRUE,TRUE
"controlled_permutation","balanced",2000,1,19,"adversarial",2,1,16,1,0.296644097215939,0.296644097215939,TRUE,0,TRUE,TRUE,TRUE
"controlled_permutation","balanced",2000,1,19,"adversarial",2,1,17,1,0.297053538766711,0.297053538766711,TRUE,0,TRUE,TRUE,TRUE
"controlled_permutation","balanced",2000,1,19,"adversarial",2,1,18,1,0.2856546216093,0.2856546216093,TRUE,0,TRUE,TRUE,TRUE
"controlled_permutation","balanced",2000,1,19,"adversarial",2,1,19,1,0.288465016761246,0.288465016761246,TRUE,0,TRUE,TRUE,TRUE
"controlled_permutation","balanced",2000,1,19,"adversarial",4,1,1,1,0.285598414830081,0.285598414830081,TRUE,0,TRUE,TRUE,TRUE
"controlled_permutation","balanced",2000,1,19,"adversarial",4,1,2,1,0.2856546216093,0.2856546216093,TRUE,0,TRUE,TRUE,TRUE
"controlled_permutation","balanced",2000,1,19,"adversarial",4,1,3,1,0.288465016761246,0.288465016761246,TRUE,0,TRUE,TRUE,TRUE
"controlled_permutation","balanced",2000,1,19,"adversarial",4,1,4,1,0.296644097215939,0.296644097215939,TRUE,0,TRUE,TRUE,TRUE
"controlled_permutation","balanced",2000,1,19,"adversarial",4,1,5,1,0.297053538766711,0.297053538766711,TRUE,0,TRUE,TRUE,TRUE
"controlled_permutation","balanced",2000,1,19,"adversarial",4,1,6,1,0.2856546216093,0.2856546216093,TRUE,0,TRUE,TRUE,TRUE
"controlled_permutation","balanced",2000,1,19,"adversarial",4,1,7,1,0.288465016761246,0.288465016761246,TRUE,0,TRUE,TRUE,TRUE
"controlled_permutation","balanced",2000,1,19,"adversarial",4,1,8,1,0.296644097215939,0.296644097215939,TRUE,0,TRUE,TRUE,TRUE
"controlled_permutation","balanced",2000,1,19,"adversarial",4,1,9,1,0.297053538766711,0.297053538766711,TRUE,0,TRUE,TRUE,TRUE
"controlled_permutation","balanced",2000,1,19,"adversarial",4,1,10,1,0.2856546216093,0.2856546216093,TRUE,0,TRUE,TRUE,TRUE
"controlled_permutation","balanced",2000,1,19,"adversarial",4,1,11,1,0.288465016761246,0.288465016761246,TRUE,0,TRUE,TRUE,TRUE
"controlled_permutation","balanced",2000,1,19,"adversarial",4,1,12,1,0.296644097215939,0.296644097215939,TRUE,0,TRUE,TRUE,TRUE
"controlled_permutation","balanced",2000,1,19,"adversarial",4,1,13,1,0.297053538766711,0.297053538766711,TRUE,0,TRUE,TRUE,TRUE
"controlled_permutation","balanced",2000,1,19,"adversarial",4,1,14,1,0.2856546216093,0.2856546216093,TRUE,0,TRUE,TRUE,TRUE
"controlled_permutation","balanced",2000,1,19,"adversarial",4,1,15,1,0.288465016761246,0.288465016761246,TRUE,0,TRUE,TRUE,TRUE
"controlled_permutation","balanced",2000,1,19,"adversarial",4,1,16,1,0.296644097215939,0.296644097215939,TRUE,0,TRUE,TRUE,TRUE
"controlled_permutation","balanced",2000,1,19,"adversarial",4,1,17,1,0.297053538766711,0.297053538766711,TRUE,0,TRUE,TRUE,TRUE
"controlled_permutation","balanced",2000,1,19,"adversarial",4,1,18,1,0.2856546216093,0.2856546216093,TRUE,0,TRUE,TRUE,TRUE
"controlled_permutation","balanced",2000,1,19,"adversarial",4,1,19,1,0.288465016761246,0.288465016761246,TRUE,0,TRUE,TRUE,TRUE
"controlled_permutation","balanced",2000,1,19,"adversarial",8,1,1,1,0.285598414830081,0.285598414830081,TRUE,0,TRUE,TRUE,TRUE
"controlled_permutation","balanced",2000,1,19,"adversarial",8,1,2,1,0.2856546216093,0.2856546216093,TRUE,0,TRUE,TRUE,TRUE
"controlled_permutation","balanced",2000,1,19,"adversarial",8,1,3,1,0.288465016761246,0.288465016761246,TRUE,0,TRUE,TRUE,TRUE
"controlled_permutation","balanced",2000,1,19,"adversarial",8,1,4,1,0.296644097215939,0.296644097215939,TRUE,0,TRUE,TRUE,TRUE
"controlled_permutation","balanced",2000,1,19,"adversarial",8,1,5,1,0.297053538766711,0.297053538766711,TRUE,0,TRUE,TRUE,TRUE
"controlled_permutation","balanced",2000,1,19,"adversarial",8,1,6,1,0.2856546216093,0.2856546216093,TRUE,0,TRUE,TRUE,TRUE
"controlled_permutation","balanced",2000,1,19,"adversarial",8,1,7,1,0.288465016761246,0.288465016761246,TRUE,0,TRUE,TRUE,TRUE
"controlled_permutation","balanced",2000,1,19,"adversarial",8,1,8,1,0.296644097215939,0.296644097215939,TRUE,0,TRUE,TRUE,TRUE
"controlled_permutation","balanced",2000,1,19,"adversarial",8,1,9,1,0.297053538766711,0.297053538766711,TRUE,0,TRUE,TRUE,TRUE
"controlled_permutation","balanced",2000,1,19,"adversarial",8,1,10,1,0.2856546216093,0.2856546216093,TRUE,0,TRUE,TRUE,TRUE
"controlled_permutation","balanced",2000,1,19,"adversarial",8,1,11,1,0.288465016761246,0.288465016761246,TRUE,0,TRUE,TRUE,TRUE
"controlled_permutation","balanced",2000,1,19,"adversarial",8,1,12,1,0.296644097215939,0.296644097215939,TRUE,0,TRUE,TRUE,TRUE
"controlled_permutation","balanced",2000,1,19,"adversarial",8,1,13,1,0.297053538766711,0.297053538766711,TRUE,0,TRUE,TRUE,TRUE
"controlled_permutation","balanced",2000,1,19,"adversarial",8,1,14,1,0.2856546216093,0.2856546216093,TRUE,0,TRUE,TRUE,TRUE
"controlled_permutation","balanced",2000,1,19,"adversarial",8,1,15,1,0.288465016761246,0.288465016761246,TRUE,0,TRUE,TRUE,TRUE
"controlled_permutation","balanced",2000,1,19,"adversarial",8,1,16,1,0.296644097215939,0.296644097215939,TRUE,0,TRUE,TRUE,TRUE
"controlled_permutation","balanced",2000,1,19,"adversarial",8,1,17,1,0.297053538766711,0.297053538766711,TRUE,0,TRUE,TRUE,TRUE
"controlled_permutation","balanced",2000,1,19,"adversarial",8,1,18,1,0.2856546216093,0.2856546216093,TRUE,0,TRUE,TRUE,TRUE
"controlled_permutation","balanced",2000,1,19,"adversarial",8,1,19,1,0.288465016761246,0.288465016761246,TRUE,0,TRUE,TRUE,TRUE
"controlled_permutation","balanced",2000,1,19,"adversarial",16,1,1,1,0.285598414830081,0.285598414830081,TRUE,0,TRUE,TRUE,TRUE
"controlled_permutation","balanced",2000,1,19,"adversarial",16,1,2,1,0.2856546216093,0.2856546216093,TRUE,0,TRUE,TRUE,TRUE
"controlled_permutation","balanced",2000,1,19,"adversarial",16,1,3,1,0.288465016761246,0.288465016761246,TRUE,0,TRUE,TRUE,TRUE
"controlled_permutation","balanced",2000,1,19,"adversarial",16,1,4,1,0.296644097215939,0.296644097215939,TRUE,0,TRUE,TRUE,TRUE
"controlled_permutation","balanced",2000,1,19,"adversarial",16,1,5,1,0.297053538766711,0.297053538766711,TRUE,0,TRUE,TRUE,TRUE
"controlled_permutation","balanced",2000,1,19,"adversarial",16,1,6,1,0.2856546216093,0.2856546216093,TRUE,0,TRUE,TRUE,TRUE
"controlled_permutation","balanced",2000,1,19,"adversarial",16,1,7,1,0.288465016761246,0.288465016761246,TRUE,0,TRUE,TRUE,TRUE
"controlled_permutation","balanced",2000,1,19,"adversarial",16,1,8,1,0.296644097215939,0.296644097215939,TRUE,0,TRUE,TRUE,TRUE
"controlled_permutation","balanced",2000,1,19,"adversarial",16,1,9,1,0.297053538766711,0.297053538766711,TRUE,0,TRUE,TRUE,TRUE
"controlled_permutation","balanced",2000,1,19,"adversarial",16,1,10,1,0.2856546216093,0.2856546216093,TRUE,0,TRUE,TRUE,TRUE
"controlled_permutation","balanced",2000,1,19,"adversarial",16,1,11,1,0.288465016761246,0.288465016761246,TRUE,0,TRUE,TRUE,TRUE
"controlled_permutation","balanced",2000,1,19,"adversarial",16,1,12,1,0.296644097215939,0.296644097215939,TRUE,0,TRUE,TRUE,TRUE
"controlled_permutation","balanced",2000,1,19,"adversarial",16,1,13,1,0.297053538766711,0.297053538766711,TRUE,0,TRUE,TRUE,TRUE
"controlled_permutation","balanced",2000,1,19,"adversarial",16,1,14,1,0.2856546216093,0.2856546216093,TRUE,0,TRUE,TRUE,TRUE
"controlled_permutation","balanced",2000,1,19,"adversarial",16,1,15,1,0.288465016761246,0.288465016761246,TRUE,0,TRUE,TRUE,TRUE
"controlled_permutation","balanced",2000,1,19,"adversarial",16,1,16,1,0.296644097215939,0.296644097215939,TRUE,0,TRUE,TRUE,TRUE
"controlled_permutation","balanced",2000,1,19,"adversarial",16,1,17,1,0.297053538766711,0.297053538766711,TRUE,0,TRUE,TRUE,TRUE
"controlled_permutation","balanced",2000,1,19,"adversarial",16,1,18,1,0.2856546216093,0.2856546216093,TRUE,0,TRUE,TRUE,TRUE
"controlled_permutation","balanced",2000,1,19,"adversarial",16,1,19,1,0.288465016761246,0.288465016761246,TRUE,0,TRUE,TRUE,TRUE
"controlled_permutation","balanced",5000,1,19,"identity",2,1,1,1,0.268908781792198,0.268908781792198,TRUE,0,TRUE,TRUE,TRUE
"controlled_permutation","balanced",5000,1,19,"identity",2,1,2,1,0.268908781792198,0.268908781792198,TRUE,0,TRUE,TRUE,TRUE
"controlled_permutation","balanced",5000,1,19,"identity",2,1,3,1,0.268908781792198,0.268908781792198,TRUE,0,TRUE,TRUE,TRUE
"controlled_permutation","balanced",5000,1,19,"identity",2,1,4,1,0.268908781792198,0.268908781792198,TRUE,0,TRUE,TRUE,TRUE
"controlled_permutation","balanced",5000,1,19,"identity",2,1,5,1,0.268908781792198,0.268908781792198,TRUE,0,TRUE,TRUE,TRUE
"controlled_permutation","balanced",5000,1,19,"identity",2,1,6,1,0.268908781792198,0.268908781792198,TRUE,0,TRUE,TRUE,TRUE
"controlled_permutation","balanced",5000,1,19,"identity",2,1,7,1,0.268908781792198,0.268908781792198,TRUE,0,TRUE,TRUE,TRUE
"controlled_permutation","balanced",5000,1,19,"identity",2,1,8,1,0.268908781792198,0.268908781792198,TRUE,0,TRUE,TRUE,TRUE
"controlled_permutation","balanced",5000,1,19,"identity",2,1,9,1,0.268908781792198,0.268908781792198,TRUE,0,TRUE,TRUE,TRUE
"controlled_permutation","balanced",5000,1,19,"identity",2,1,10,1,0.268908781792198,0.268908781792198,TRUE,0,TRUE,TRUE,TRUE
"controlled_permutation","balanced",5000,1,19,"identity",2,1,11,1,0.268908781792198,0.268908781792198,TRUE,0,TRUE,TRUE,TRUE
"controlled_permutation","balanced",5000,1,19,"identity",2,1,12,1,0.268908781792198,0.268908781792198,TRUE,0,TRUE,TRUE,TRUE
"controlled_permutation","balanced",5000,1,19,"identity",2,1,13,1,0.268908781792198,0.268908781792198,TRUE,0,TRUE,TRUE,TRUE
"controlled_permutation","balanced",5000,1,19,"identity",2,1,14,1,0.268908781792198,0.268908781792198,TRUE,0,TRUE,TRUE,TRUE
"controlled_permutation","balanced",5000,1,19,"identity",2,1,15,1,0.268908781792198,0.268908781792198,TRUE,0,TRUE,TRUE,TRUE
"controlled_permutation","balanced",5000,1,19,"identity",2,1,16,1,0.268908781792198,0.268908781792198,TRUE,0,TRUE,TRUE,TRUE
"controlled_permutation","balanced",5000,1,19,"identity",2,1,17,1,0.268908781792198,0.268908781792198,TRUE,0,TRUE,TRUE,TRUE
"controlled_permutation","balanced",5000,1,19,"identity",2,1,18,1,0.268908781792198,0.268908781792198,TRUE,0,TRUE,TRUE,TRUE
"controlled_permutation","balanced",5000,1,19,"identity",2,1,19,1,0.268908781792198,0.268908781792198,TRUE,0,TRUE,TRUE,TRUE
"controlled_permutation","balanced",5000,1,19,"identity",4,1,1,1,0.268908781792198,0.268908781792198,TRUE,0,TRUE,TRUE,TRUE
"controlled_permutation","balanced",5000,1,19,"identity",4,1,2,1,0.268908781792198,0.268908781792198,TRUE,0,TRUE,TRUE,TRUE
"controlled_permutation","balanced",5000,1,19,"identity",4,1,3,1,0.268908781792198,0.268908781792198,TRUE,0,TRUE,TRUE,TRUE
"controlled_permutation","balanced",5000,1,19,"identity",4,1,4,1,0.268908781792198,0.268908781792198,TRUE,0,TRUE,TRUE,TRUE
"controlled_permutation","balanced",5000,1,19,"identity",4,1,5,1,0.268908781792198,0.268908781792198,TRUE,0,TRUE,TRUE,TRUE
"controlled_permutation","balanced",5000,1,19,"identity",4,1,6,1,0.268908781792198,0.268908781792198,TRUE,0,TRUE,TRUE,TRUE
"controlled_permutation","balanced",5000,1,19,"identity",4,1,7,1,0.268908781792198,0.268908781792198,TRUE,0,TRUE,TRUE,TRUE
"controlled_permutation","balanced",5000,1,19,"identity",4,1,8,1,0.268908781792198,0.268908781792198,TRUE,0,TRUE,TRUE,TRUE
"controlled_permutation","balanced",5000,1,19,"identity",4,1,9,1,0.268908781792198,0.268908781792198,TRUE,0,TRUE,TRUE,TRUE
"controlled_permutation","balanced",5000,1,19,"identity",4,1,10,1,0.268908781792198,0.268908781792198,TRUE,0,TRUE,TRUE,TRUE
"controlled_permutation","balanced",5000,1,19,"identity",4,1,11,1,0.268908781792198,0.268908781792198,TRUE,0,TRUE,TRUE,TRUE
"controlled_permutation","balanced",5000,1,19,"identity",4,1,12,1,0.268908781792198,0.268908781792198,TRUE,0,TRUE,TRUE,TRUE
"controlled_permutation","balanced",5000,1,19,"identity",4,1,13,1,0.268908781792198,0.268908781792198,TRUE,0,TRUE,TRUE,TRUE
"controlled_permutation","balanced",5000,1,19,"identity",4,1,14,1,0.268908781792198,0.268908781792198,TRUE,0,TRUE,TRUE,TRUE
"controlled_permutation","balanced",5000,1,19,"identity",4,1,15,1,0.268908781792198,0.268908781792198,TRUE,0,TRUE,TRUE,TRUE
"controlled_permutation","balanced",5000,1,19,"identity",4,1,16,1,0.268908781792198,0.268908781792198,TRUE,0,TRUE,TRUE,TRUE
"controlled_permutation","balanced",5000,1,19,"identity",4,1,17,1,0.268908781792198,0.268908781792198,TRUE,0,TRUE,TRUE,TRUE
"controlled_permutation","balanced",5000,1,19,"identity",4,1,18,1,0.268908781792198,0.268908781792198,TRUE,0,TRUE,TRUE,TRUE
"controlled_permutation","balanced",5000,1,19,"identity",4,1,19,1,0.268908781792198,0.268908781792198,TRUE,0,TRUE,TRUE,TRUE
"controlled_permutation","balanced",5000,1,19,"identity",8,1,1,1,0.268908781792198,0.268908781792198,TRUE,0,TRUE,TRUE,TRUE
"controlled_permutation","balanced",5000,1,19,"identity",8,1,2,1,0.268908781792198,0.268908781792198,TRUE,0,TRUE,TRUE,TRUE
"controlled_permutation","balanced",5000,1,19,"identity",8,1,3,1,0.268908781792198,0.268908781792198,TRUE,0,TRUE,TRUE,TRUE
"controlled_permutation","balanced",5000,1,19,"identity",8,1,4,1,0.268908781792198,0.268908781792198,TRUE,0,TRUE,TRUE,TRUE
"controlled_permutation","balanced",5000,1,19,"identity",8,1,5,1,0.268908781792198,0.268908781792198,TRUE,0,TRUE,TRUE,TRUE
"controlled_permutation","balanced",5000,1,19,"identity",8,1,6,1,0.268908781792198,0.268908781792198,TRUE,0,TRUE,TRUE,TRUE
"controlled_permutation","balanced",5000,1,19,"identity",8,1,7,1,0.268908781792198,0.268908781792198,TRUE,0,TRUE,TRUE,TRUE
"controlled_permutation","balanced",5000,1,19,"identity",8,1,8,1,0.268908781792198,0.268908781792198,TRUE,0,TRUE,TRUE,TRUE
"controlled_permutation","balanced",5000,1,19,"identity",8,1,9,1,0.268908781792198,0.268908781792198,TRUE,0,TRUE,TRUE,TRUE
"controlled_permutation","balanced",5000,1,19,"identity",8,1,10,1,0.268908781792198,0.268908781792198,TRUE,0,TRUE,TRUE,TRUE
"controlled_permutation","balanced",5000,1,19,"identity",8,1,11,1,0.268908781792198,0.268908781792198,TRUE,0,TRUE,TRUE,TRUE
"controlled_permutation","balanced",5000,1,19,"identity",8,1,12,1,0.268908781792198,0.268908781792198,TRUE,0,TRUE,TRUE,TRUE
"controlled_permutation","balanced",5000,1,19,"identity",8,1,13,1,0.268908781792198,0.268908781792198,TRUE,0,TRUE,TRUE,TRUE
"controlled_permutation","balanced",5000,1,19,"identity",8,1,14,1,0.268908781792198,0.268908781792198,TRUE,0,TRUE,TRUE,TRUE
"controlled_permutation","balanced",5000,1,19,"identity",8,1,15,1,0.268908781792198,0.268908781792198,TRUE,0,TRUE,TRUE,TRUE
"controlled_permutation","balanced",5000,1,19,"identity",8,1,16,1,0.268908781792198,0.268908781792198,TRUE,0,TRUE,TRUE,TRUE
"controlled_permutation","balanced",5000,1,19,"identity",8,1,17,1,0.268908781792198,0.268908781792198,TRUE,0,TRUE,TRUE,TRUE
"controlled_permutation","balanced",5000,1,19,"identity",8,1,18,1,0.268908781792198,0.268908781792198,TRUE,0,TRUE,TRUE,TRUE
"controlled_permutation","balanced",5000,1,19,"identity",8,1,19,1,0.268908781792198,0.268908781792198,TRUE,0,TRUE,TRUE,TRUE
"controlled_permutation","balanced",5000,1,19,"identity",16,1,1,1,0.268908781792198,0.268908781792198,TRUE,0,TRUE,TRUE,TRUE
"controlled_permutation","balanced",5000,1,19,"identity",16,1,2,1,0.268908781792198,0.268908781792198,TRUE,0,TRUE,TRUE,TRUE
"controlled_permutation","balanced",5000,1,19,"identity",16,1,3,1,0.268908781792198,0.268908781792198,TRUE,0,TRUE,TRUE,TRUE
"controlled_permutation","balanced",5000,1,19,"identity",16,1,4,1,0.268908781792198,0.268908781792198,TRUE,0,TRUE,TRUE,TRUE
"controlled_permutation","balanced",5000,1,19,"identity",16,1,5,1,0.268908781792198,0.268908781792198,TRUE,0,TRUE,TRUE,TRUE
"controlled_permutation","balanced",5000,1,19,"identity",16,1,6,1,0.268908781792198,0.268908781792198,TRUE,0,TRUE,TRUE,TRUE
"controlled_permutation","balanced",5000,1,19,"identity",16,1,7,1,0.268908781792198,0.268908781792198,TRUE,0,TRUE,TRUE,TRUE
"controlled_permutation","balanced",5000,1,19,"identity",16,1,8,1,0.268908781792198,0.268908781792198,TRUE,0,TRUE,TRUE,TRUE
"controlled_permutation","balanced",5000,1,19,"identity",16,1,9,1,0.268908781792198,0.268908781792198,TRUE,0,TRUE,TRUE,TRUE
"controlled_permutation","balanced",5000,1,19,"identity",16,1,10,1,0.268908781792198,0.268908781792198,TRUE,0,TRUE,TRUE,TRUE
"controlled_permutation","balanced",5000,1,19,"identity",16,1,11,1,0.268908781792198,0.268908781792198,TRUE,0,TRUE,TRUE,TRUE
"controlled_permutation","balanced",5000,1,19,"identity",16,1,12,1,0.268908781792198,0.268908781792198,TRUE,0,TRUE,TRUE,TRUE
"controlled_permutation","balanced",5000,1,19,"identity",16,1,13,1,0.268908781792198,0.268908781792198,TRUE,0,TRUE,TRUE,TRUE
"controlled_permutation","balanced",5000,1,19,"identity",16,1,14,1,0.268908781792198,0.268908781792198,TRUE,0,TRUE,TRUE,TRUE
"controlled_permutation","balanced",5000,1,19,"identity",16,1,15,1,0.268908781792198,0.268908781792198,TRUE,0,TRUE,TRUE,TRUE
"controlled_permutation","balanced",5000,1,19,"identity",16,1,16,1,0.268908781792198,0.268908781792198,TRUE,0,TRUE,TRUE,TRUE
"controlled_permutation","balanced",5000,1,19,"identity",16,1,17,1,0.268908781792198,0.268908781792198,TRUE,0,TRUE,TRUE,TRUE
"controlled_permutation","balanced",5000,1,19,"identity",16,1,18,1,0.268908781792198,0.268908781792198,TRUE,0,TRUE,TRUE,TRUE
"controlled_permutation","balanced",5000,1,19,"identity",16,1,19,1,0.268908781792198,0.268908781792198,TRUE,0,TRUE,TRUE,TRUE
"controlled_permutation","balanced",5000,1,19,"single_swap",2,1,1,1,0.268908781792198,0.268908781792198,TRUE,0,TRUE,TRUE,TRUE
"controlled_permutation","balanced",5000,1,19,"single_swap",2,1,2,1,0.268908782083669,0.268908782083669,TRUE,0,TRUE,TRUE,TRUE
"controlled_permutation","balanced",5000,1,19,"single_swap",2,1,3,1,0.26891377986243,0.26891377986243,TRUE,0,TRUE,TRUE,TRUE
"controlled_permutation","balanced",5000,1,19,"single_swap",2,1,4,1,0.268992540056059,0.268992540056059,TRUE,0,TRUE,TRUE,TRUE
"controlled_permutation","balanced",5000,1,19,"single_swap",2,1,5,1,0.268908787586018,0.268908787586018,TRUE,0,TRUE,TRUE,TRUE
"controlled_permutation","balanced",5000,1,19,"single_swap",2,1,6,1,0.26934930802858,0.26934930802858,TRUE,0,TRUE,TRUE,TRUE
"controlled_permutation","balanced",5000,1,19,"single_swap",2,1,7,1,0.268908803816724,0.268908803816724,TRUE,0,TRUE,TRUE,TRUE
"controlled_permutation","balanced",5000,1,19,"single_swap",2,1,8,1,0.268796443252849,0.268796443252849,TRUE,0,TRUE,TRUE,TRUE
"controlled_permutation","balanced",5000,1,19,"single_swap",2,1,9,1,0.268994866296983,0.268994866296983,TRUE,0,TRUE,TRUE,TRUE
"controlled_permutation","balanced",5000,1,19,"single_swap",2,1,10,1,0.268908783977293,0.268908783977293,TRUE,0,TRUE,TRUE,TRUE
"controlled_permutation","balanced",5000,1,19,"single_swap",2,1,11,1,0.2690483733576,0.2690483733576,TRUE,0,TRUE,TRUE,TRUE
"controlled_permutation","balanced",5000,1,19,"single_swap",2,1,12,1,0.268908783916553,0.268908783916553,TRUE,0,TRUE,TRUE,TRUE
"controlled_permutation","balanced",5000,1,19,"single_swap",2,1,13,1,0.269022074185437,0.269022074185437,TRUE,0,TRUE,TRUE,TRUE
"controlled_permutation","balanced",5000,1,19,"single_swap",2,1,14,1,0.268677845435382,0.268677845435382,TRUE,0,TRUE,TRUE,TRUE
"controlled_permutation","balanced",5000,1,19,"single_swap",2,1,15,1,0.268908783533685,0.268908783533685,TRUE,0,TRUE,TRUE,TRUE
"controlled_permutation","balanced",5000,1,19,"single_swap",2,1,16,1,0.268693202650251,0.268693202650251,TRUE,0,TRUE,TRUE,TRUE
"controlled_permutation","balanced",5000,1,19,"single_swap",2,1,17,1,0.268908783220042,0.268908783220042,TRUE,0,TRUE,TRUE,TRUE
"controlled_permutation","balanced",5000,1,19,"single_swap",2,1,18,1,0.268900302101831,0.268900302101831,TRUE,0,TRUE,TRUE,TRUE
"controlled_permutation","balanced",5000,1,19,"single_swap",2,1,19,1,0.26890612244765,0.26890612244765,TRUE,0,TRUE,TRUE,TRUE
"controlled_permutation","balanced",5000,1,19,"single_swap",4,1,1,1,0.268908781792198,0.268908781792198,TRUE,0,TRUE,TRUE,TRUE
"controlled_permutation","balanced",5000,1,19,"single_swap",4,1,2,1,0.268908782083669,0.268908782083669,TRUE,0,TRUE,TRUE,TRUE
"controlled_permutation","balanced",5000,1,19,"single_swap",4,1,3,1,0.26891377986243,0.26891377986243,TRUE,0,TRUE,TRUE,TRUE
"controlled_permutation","balanced",5000,1,19,"single_swap",4,1,4,1,0.268992540056059,0.268992540056059,TRUE,0,TRUE,TRUE,TRUE
"controlled_permutation","balanced",5000,1,19,"single_swap",4,1,5,1,0.268908787586018,0.268908787586018,TRUE,0,TRUE,TRUE,TRUE
"controlled_permutation","balanced",5000,1,19,"single_swap",4,1,6,1,0.26934930802858,0.26934930802858,TRUE,0,TRUE,TRUE,TRUE
"controlled_permutation","balanced",5000,1,19,"single_swap",4,1,7,1,0.268908803816724,0.268908803816724,TRUE,0,TRUE,TRUE,TRUE
"controlled_permutation","balanced",5000,1,19,"single_swap",4,1,8,1,0.268796443252849,0.268796443252849,TRUE,0,TRUE,TRUE,TRUE
"controlled_permutation","balanced",5000,1,19,"single_swap",4,1,9,1,0.268994866296983,0.268994866296983,TRUE,0,TRUE,TRUE,TRUE
"controlled_permutation","balanced",5000,1,19,"single_swap",4,1,10,1,0.268908783977293,0.268908783977293,TRUE,0,TRUE,TRUE,TRUE
"controlled_permutation","balanced",5000,1,19,"single_swap",4,1,11,1,0.2690483733576,0.2690483733576,TRUE,0,TRUE,TRUE,TRUE
"controlled_permutation","balanced",5000,1,19,"single_swap",4,1,12,1,0.268908783916553,0.268908783916553,TRUE,0,TRUE,TRUE,TRUE
"controlled_permutation","balanced",5000,1,19,"single_swap",4,1,13,1,0.269022074185437,0.269022074185437,TRUE,0,TRUE,TRUE,TRUE
"controlled_permutation","balanced",5000,1,19,"single_swap",4,1,14,1,0.268677845435382,0.268677845435382,TRUE,0,TRUE,TRUE,TRUE
"controlled_permutation","balanced",5000,1,19,"single_swap",4,1,15,1,0.268908783533685,0.268908783533685,TRUE,0,TRUE,TRUE,TRUE
"controlled_permutation","balanced",5000,1,19,"single_swap",4,1,16,1,0.268693202650251,0.268693202650251,TRUE,0,TRUE,TRUE,TRUE
"controlled_permutation","balanced",5000,1,19,"single_swap",4,1,17,1,0.268908783220042,0.268908783220042,TRUE,0,TRUE,TRUE,TRUE
"controlled_permutation","balanced",5000,1,19,"single_swap",4,1,18,1,0.268900302101831,0.268900302101831,TRUE,0,TRUE,TRUE,TRUE
"controlled_permutation","balanced",5000,1,19,"single_swap",4,1,19,1,0.26890612244765,0.26890612244765,TRUE,0,TRUE,TRUE,TRUE
"controlled_permutation","balanced",5000,1,19,"single_swap",8,1,1,1,0.268908781792198,0.268908781792198,TRUE,0,TRUE,TRUE,TRUE
"controlled_permutation","balanced",5000,1,19,"single_swap",8,1,2,1,0.268908782083669,0.268908782083669,TRUE,0,TRUE,TRUE,TRUE
"controlled_permutation","balanced",5000,1,19,"single_swap",8,1,3,1,0.26891377986243,0.26891377986243,TRUE,0,TRUE,TRUE,TRUE
"controlled_permutation","balanced",5000,1,19,"single_swap",8,1,4,1,0.268992540056059,0.268992540056059,TRUE,0,TRUE,TRUE,TRUE
"controlled_permutation","balanced",5000,1,19,"single_swap",8,1,5,1,0.268908787586018,0.268908787586018,TRUE,0,TRUE,TRUE,TRUE
"controlled_permutation","balanced",5000,1,19,"single_swap",8,1,6,1,0.26934930802858,0.26934930802858,TRUE,0,TRUE,TRUE,TRUE
"controlled_permutation","balanced",5000,1,19,"single_swap",8,1,7,1,0.268908803816724,0.268908803816724,TRUE,0,TRUE,TRUE,TRUE
"controlled_permutation","balanced",5000,1,19,"single_swap",8,1,8,1,0.268796443252849,0.268796443252849,TRUE,0,TRUE,TRUE,TRUE
"controlled_permutation","balanced",5000,1,19,"single_swap",8,1,9,1,0.268994866296983,0.268994866296983,TRUE,0,TRUE,TRUE,TRUE
"controlled_permutation","balanced",5000,1,19,"single_swap",8,1,10,1,0.268908783977293,0.268908783977293,TRUE,0,TRUE,TRUE,TRUE
"controlled_permutation","balanced",5000,1,19,"single_swap",8,1,11,1,0.2690483733576,0.2690483733576,TRUE,0,TRUE,TRUE,TRUE
"controlled_permutation","balanced",5000,1,19,"single_swap",8,1,12,1,0.268908783916553,0.268908783916553,TRUE,0,TRUE,TRUE,TRUE
"controlled_permutation","balanced",5000,1,19,"single_swap",8,1,13,1,0.269022074185437,0.269022074185437,TRUE,0,TRUE,TRUE,TRUE
"controlled_permutation","balanced",5000,1,19,"single_swap",8,1,14,1,0.268677845435382,0.268677845435382,TRUE,0,TRUE,TRUE,TRUE
"controlled_permutation","balanced",5000,1,19,"single_swap",8,1,15,1,0.268908783533685,0.268908783533685,TRUE,0,TRUE,TRUE,TRUE
"controlled_permutation","balanced",5000,1,19,"single_swap",8,1,16,1,0.268693202650251,0.268693202650251,TRUE,0,TRUE,TRUE,TRUE
"controlled_permutation","balanced",5000,1,19,"single_swap",8,1,17,1,0.268908783220042,0.268908783220042,TRUE,0,TRUE,TRUE,TRUE
"controlled_permutation","balanced",5000,1,19,"single_swap",8,1,18,1,0.268900302101831,0.268900302101831,TRUE,0,TRUE,TRUE,TRUE
"controlled_permutation","balanced",5000,1,19,"single_swap",8,1,19,1,0.26890612244765,0.26890612244765,TRUE,0,TRUE,TRUE,TRUE
"controlled_permutation","balanced",5000,1,19,"single_swap",16,1,1,1,0.268908781792198,0.268908781792198,TRUE,0,TRUE,TRUE,TRUE
"controlled_permutation","balanced",5000,1,19,"single_swap",16,1,2,1,0.268908782083669,0.268908782083669,TRUE,0,TRUE,TRUE,TRUE
"controlled_permutation","balanced",5000,1,19,"single_swap",16,1,3,1,0.26891377986243,0.26891377986243,TRUE,0,TRUE,TRUE,TRUE
"controlled_permutation","balanced",5000,1,19,"single_swap",16,1,4,1,0.268992540056059,0.268992540056059,TRUE,0,TRUE,TRUE,TRUE
"controlled_permutation","balanced",5000,1,19,"single_swap",16,1,5,1,0.268908787586018,0.268908787586018,TRUE,0,TRUE,TRUE,TRUE
"controlled_permutation","balanced",5000,1,19,"single_swap",16,1,6,1,0.26934930802858,0.26934930802858,TRUE,0,TRUE,TRUE,TRUE
"controlled_permutation","balanced",5000,1,19,"single_swap",16,1,7,1,0.268908803816724,0.268908803816724,TRUE,0,TRUE,TRUE,TRUE
"controlled_permutation","balanced",5000,1,19,"single_swap",16,1,8,1,0.268796443252849,0.268796443252849,TRUE,0,TRUE,TRUE,TRUE
"controlled_permutation","balanced",5000,1,19,"single_swap",16,1,9,1,0.268994866296983,0.268994866296983,TRUE,0,TRUE,TRUE,TRUE
"controlled_permutation","balanced",5000,1,19,"single_swap",16,1,10,1,0.268908783977293,0.268908783977293,TRUE,0,TRUE,TRUE,TRUE
"controlled_permutation","balanced",5000,1,19,"single_swap",16,1,11,1,0.2690483733576,0.2690483733576,TRUE,0,TRUE,TRUE,TRUE
"controlled_permutation","balanced",5000,1,19,"single_swap",16,1,12,1,0.268908783916553,0.268908783916553,TRUE,0,TRUE,TRUE,TRUE
"controlled_permutation","balanced",5000,1,19,"single_swap",16,1,13,1,0.269022074185437,0.269022074185437,TRUE,0,TRUE,TRUE,TRUE
"controlled_permutation","balanced",5000,1,19,"single_swap",16,1,14,1,0.268677845435382,0.268677845435382,TRUE,0,TRUE,TRUE,TRUE
"controlled_permutation","balanced",5000,1,19,"single_swap",16,1,15,1,0.268908783533685,0.268908783533685,TRUE,0,TRUE,TRUE,TRUE
"controlled_permutation","balanced",5000,1,19,"single_swap",16,1,16,1,0.268693202650251,0.268693202650251,TRUE,0,TRUE,TRUE,TRUE
"controlled_permutation","balanced",5000,1,19,"single_swap",16,1,17,1,0.268908783220042,0.268908783220042,TRUE,0,TRUE,TRUE,TRUE
"controlled_permutation","balanced",5000,1,19,"single_swap",16,1,18,1,0.268900302101831,0.268900302101831,TRUE,0,TRUE,TRUE,TRUE
"controlled_permutation","balanced",5000,1,19,"single_swap",16,1,19,1,0.26890612244765,0.26890612244765,TRUE,0,TRUE,TRUE,TRUE
"controlled_permutation","balanced",5000,1,19,"reverse",2,1,1,1,0.268908781792198,0.268908781792198,TRUE,0,TRUE,TRUE,TRUE
"controlled_permutation","balanced",5000,1,19,"reverse",2,1,2,1,0.266006623198366,0.266006623198366,TRUE,0,TRUE,TRUE,TRUE
"controlled_permutation","balanced",5000,1,19,"reverse",2,1,3,1,0.266006623198366,0.266006623198366,TRUE,0,TRUE,TRUE,TRUE
"controlled_permutation","balanced",5000,1,19,"reverse",2,1,4,1,0.266006623198366,0.266006623198366,TRUE,0,TRUE,TRUE,TRUE
"controlled_permutation","balanced",5000,1,19,"reverse",2,1,5,1,0.266006623198366,0.266006623198366,TRUE,0,TRUE,TRUE,TRUE
"controlled_permutation","balanced",5000,1,19,"reverse",2,1,6,1,0.266006623198366,0.266006623198366,TRUE,0,TRUE,TRUE,TRUE
"controlled_permutation","balanced",5000,1,19,"reverse",2,1,7,1,0.266006623198366,0.266006623198366,TRUE,0,TRUE,TRUE,TRUE
"controlled_permutation","balanced",5000,1,19,"reverse",2,1,8,1,0.266006623198366,0.266006623198366,TRUE,0,TRUE,TRUE,TRUE
"controlled_permutation","balanced",5000,1,19,"reverse",2,1,9,1,0.266006623198366,0.266006623198366,TRUE,0,TRUE,TRUE,TRUE
"controlled_permutation","balanced",5000,1,19,"reverse",2,1,10,1,0.266006623198366,0.266006623198366,TRUE,0,TRUE,TRUE,TRUE
"controlled_permutation","balanced",5000,1,19,"reverse",2,1,11,1,0.266006623198366,0.266006623198366,TRUE,0,TRUE,TRUE,TRUE
"controlled_permutation","balanced",5000,1,19,"reverse",2,1,12,1,0.266006623198366,0.266006623198366,TRUE,0,TRUE,TRUE,TRUE
"controlled_permutation","balanced",5000,1,19,"reverse",2,1,13,1,0.266006623198366,0.266006623198366,TRUE,0,TRUE,TRUE,TRUE
"controlled_permutation","balanced",5000,1,19,"reverse",2,1,14,1,0.266006623198366,0.266006623198366,TRUE,0,TRUE,TRUE,TRUE
"controlled_permutation","balanced",5000,1,19,"reverse",2,1,15,1,0.266006623198366,0.266006623198366,TRUE,0,TRUE,TRUE,TRUE
"controlled_permutation","balanced",5000,1,19,"reverse",2,1,16,1,0.266006623198366,0.266006623198366,TRUE,0,TRUE,TRUE,TRUE
"controlled_permutation","balanced",5000,1,19,"reverse",2,1,17,1,0.266006623198366,0.266006623198366,TRUE,0,TRUE,TRUE,TRUE
"controlled_permutation","balanced",5000,1,19,"reverse",2,1,18,1,0.266006623198366,0.266006623198366,TRUE,0,TRUE,TRUE,TRUE
"controlled_permutation","balanced",5000,1,19,"reverse",2,1,19,1,0.266006623198366,0.266006623198366,TRUE,0,TRUE,TRUE,TRUE
"controlled_permutation","balanced",5000,1,19,"reverse",4,1,1,1,0.268908781792198,0.268908781792198,TRUE,0,TRUE,TRUE,TRUE
"controlled_permutation","balanced",5000,1,19,"reverse",4,1,2,1,0.266006623198366,0.266006623198366,TRUE,0,TRUE,TRUE,TRUE
"controlled_permutation","balanced",5000,1,19,"reverse",4,1,3,1,0.266006623198366,0.266006623198366,TRUE,0,TRUE,TRUE,TRUE
"controlled_permutation","balanced",5000,1,19,"reverse",4,1,4,1,0.266006623198366,0.266006623198366,TRUE,0,TRUE,TRUE,TRUE
"controlled_permutation","balanced",5000,1,19,"reverse",4,1,5,1,0.266006623198366,0.266006623198366,TRUE,0,TRUE,TRUE,TRUE
"controlled_permutation","balanced",5000,1,19,"reverse",4,1,6,1,0.266006623198366,0.266006623198366,TRUE,0,TRUE,TRUE,TRUE
"controlled_permutation","balanced",5000,1,19,"reverse",4,1,7,1,0.266006623198366,0.266006623198366,TRUE,0,TRUE,TRUE,TRUE
"controlled_permutation","balanced",5000,1,19,"reverse",4,1,8,1,0.266006623198366,0.266006623198366,TRUE,0,TRUE,TRUE,TRUE
"controlled_permutation","balanced",5000,1,19,"reverse",4,1,9,1,0.266006623198366,0.266006623198366,TRUE,0,TRUE,TRUE,TRUE
"controlled_permutation","balanced",5000,1,19,"reverse",4,1,10,1,0.266006623198366,0.266006623198366,TRUE,0,TRUE,TRUE,TRUE
"controlled_permutation","balanced",5000,1,19,"reverse",4,1,11,1,0.266006623198366,0.266006623198366,TRUE,0,TRUE,TRUE,TRUE
"controlled_permutation","balanced",5000,1,19,"reverse",4,1,12,1,0.266006623198366,0.266006623198366,TRUE,0,TRUE,TRUE,TRUE
"controlled_permutation","balanced",5000,1,19,"reverse",4,1,13,1,0.266006623198366,0.266006623198366,TRUE,0,TRUE,TRUE,TRUE
"controlled_permutation","balanced",5000,1,19,"reverse",4,1,14,1,0.266006623198366,0.266006623198366,TRUE,0,TRUE,TRUE,TRUE
"controlled_permutation","balanced",5000,1,19,"reverse",4,1,15,1,0.266006623198366,0.266006623198366,TRUE,0,TRUE,TRUE,TRUE
"controlled_permutation","balanced",5000,1,19,"reverse",4,1,16,1,0.266006623198366,0.266006623198366,TRUE,0,TRUE,TRUE,TRUE
"controlled_permutation","balanced",5000,1,19,"reverse",4,1,17,1,0.266006623198366,0.266006623198366,TRUE,0,TRUE,TRUE,TRUE
"controlled_permutation","balanced",5000,1,19,"reverse",4,1,18,1,0.266006623198366,0.266006623198366,TRUE,0,TRUE,TRUE,TRUE
"controlled_permutation","balanced",5000,1,19,"reverse",4,1,19,1,0.266006623198366,0.266006623198366,TRUE,0,TRUE,TRUE,TRUE
"controlled_permutation","balanced",5000,1,19,"reverse",8,1,1,1,0.268908781792198,0.268908781792198,TRUE,0,TRUE,TRUE,TRUE
"controlled_permutation","balanced",5000,1,19,"reverse",8,1,2,1,0.266006623198366,0.266006623198366,TRUE,0,TRUE,TRUE,TRUE
"controlled_permutation","balanced",5000,1,19,"reverse",8,1,3,1,0.266006623198366,0.266006623198366,TRUE,0,TRUE,TRUE,TRUE
"controlled_permutation","balanced",5000,1,19,"reverse",8,1,4,1,0.266006623198366,0.266006623198366,TRUE,0,TRUE,TRUE,TRUE
"controlled_permutation","balanced",5000,1,19,"reverse",8,1,5,1,0.266006623198366,0.266006623198366,TRUE,0,TRUE,TRUE,TRUE
"controlled_permutation","balanced",5000,1,19,"reverse",8,1,6,1,0.266006623198366,0.266006623198366,TRUE,0,TRUE,TRUE,TRUE
"controlled_permutation","balanced",5000,1,19,"reverse",8,1,7,1,0.266006623198366,0.266006623198366,TRUE,0,TRUE,TRUE,TRUE
"controlled_permutation","balanced",5000,1,19,"reverse",8,1,8,1,0.266006623198366,0.266006623198366,TRUE,0,TRUE,TRUE,TRUE
"controlled_permutation","balanced",5000,1,19,"reverse",8,1,9,1,0.266006623198366,0.266006623198366,TRUE,0,TRUE,TRUE,TRUE
"controlled_permutation","balanced",5000,1,19,"reverse",8,1,10,1,0.266006623198366,0.266006623198366,TRUE,0,TRUE,TRUE,TRUE
"controlled_permutation","balanced",5000,1,19,"reverse",8,1,11,1,0.266006623198366,0.266006623198366,TRUE,0,TRUE,TRUE,TRUE
"controlled_permutation","balanced",5000,1,19,"reverse",8,1,12,1,0.266006623198366,0.266006623198366,TRUE,0,TRUE,TRUE,TRUE
"controlled_permutation","balanced",5000,1,19,"reverse",8,1,13,1,0.266006623198366,0.266006623198366,TRUE,0,TRUE,TRUE,TRUE
"controlled_permutation","balanced",5000,1,19,"reverse",8,1,14,1,0.266006623198366,0.266006623198366,TRUE,0,TRUE,TRUE,TRUE
"controlled_permutation","balanced",5000,1,19,"reverse",8,1,15,1,0.266006623198366,0.266006623198366,TRUE,0,TRUE,TRUE,TRUE
"controlled_permutation","balanced",5000,1,19,"reverse",8,1,16,1,0.266006623198366,0.266006623198366,TRUE,0,TRUE,TRUE,TRUE
"controlled_permutation","balanced",5000,1,19,"reverse",8,1,17,1,0.266006623198366,0.266006623198366,TRUE,0,TRUE,TRUE,TRUE
"controlled_permutation","balanced",5000,1,19,"reverse",8,1,18,1,0.266006623198366,0.266006623198366,TRUE,0,TRUE,TRUE,TRUE
"controlled_permutation","balanced",5000,1,19,"reverse",8,1,19,1,0.266006623198366,0.266006623198366,TRUE,0,TRUE,TRUE,TRUE
"controlled_permutation","balanced",5000,1,19,"reverse",16,1,1,1,0.268908781792198,0.268908781792198,TRUE,0,TRUE,TRUE,TRUE
"controlled_permutation","balanced",5000,1,19,"reverse",16,1,2,1,0.266006623198366,0.266006623198366,TRUE,0,TRUE,TRUE,TRUE
"controlled_permutation","balanced",5000,1,19,"reverse",16,1,3,1,0.266006623198366,0.266006623198366,TRUE,0,TRUE,TRUE,TRUE
"controlled_permutation","balanced",5000,1,19,"reverse",16,1,4,1,0.266006623198366,0.266006623198366,TRUE,0,TRUE,TRUE,TRUE
"controlled_permutation","balanced",5000,1,19,"reverse",16,1,5,1,0.266006623198366,0.266006623198366,TRUE,0,TRUE,TRUE,TRUE
"controlled_permutation","balanced",5000,1,19,"reverse",16,1,6,1,0.266006623198366,0.266006623198366,TRUE,0,TRUE,TRUE,TRUE
"controlled_permutation","balanced",5000,1,19,"reverse",16,1,7,1,0.266006623198366,0.266006623198366,TRUE,0,TRUE,TRUE,TRUE
"controlled_permutation","balanced",5000,1,19,"reverse",16,1,8,1,0.266006623198366,0.266006623198366,TRUE,0,TRUE,TRUE,TRUE
"controlled_permutation","balanced",5000,1,19,"reverse",16,1,9,1,0.266006623198366,0.266006623198366,TRUE,0,TRUE,TRUE,TRUE
"controlled_permutation","balanced",5000,1,19,"reverse",16,1,10,1,0.266006623198366,0.266006623198366,TRUE,0,TRUE,TRUE,TRUE
"controlled_permutation","balanced",5000,1,19,"reverse",16,1,11,1,0.266006623198366,0.266006623198366,TRUE,0,TRUE,TRUE,TRUE
"controlled_permutation","balanced",5000,1,19,"reverse",16,1,12,1,0.266006623198366,0.266006623198366,TRUE,0,TRUE,TRUE,TRUE
"controlled_permutation","balanced",5000,1,19,"reverse",16,1,13,1,0.266006623198366,0.266006623198366,TRUE,0,TRUE,TRUE,TRUE
"controlled_permutation","balanced",5000,1,19,"reverse",16,1,14,1,0.266006623198366,0.266006623198366,TRUE,0,TRUE,TRUE,TRUE
"controlled_permutation","balanced",5000,1,19,"reverse",16,1,15,1,0.266006623198366,0.266006623198366,TRUE,0,TRUE,TRUE,TRUE
"controlled_permutation","balanced",5000,1,19,"reverse",16,1,16,1,0.266006623198366,0.266006623198366,TRUE,0,TRUE,TRUE,TRUE
"controlled_permutation","balanced",5000,1,19,"reverse",16,1,17,1,0.266006623198366,0.266006623198366,TRUE,0,TRUE,TRUE,TRUE
"controlled_permutation","balanced",5000,1,19,"reverse",16,1,18,1,0.266006623198366,0.266006623198366,TRUE,0,TRUE,TRUE,TRUE
"controlled_permutation","balanced",5000,1,19,"reverse",16,1,19,1,0.266006623198366,0.266006623198366,TRUE,0,TRUE,TRUE,TRUE
"controlled_permutation","balanced",5000,1,19,"cyclic_shift",2,1,1,1,0.268908781792198,0.268908781792198,TRUE,0,TRUE,TRUE,TRUE
"controlled_permutation","balanced",5000,1,19,"cyclic_shift",2,1,2,1,0.259049676757951,0.259049676757951,TRUE,0,TRUE,TRUE,TRUE
"controlled_permutation","balanced",5000,1,19,"cyclic_shift",2,1,3,1,0.265140647153737,0.265140647153737,TRUE,0,TRUE,TRUE,TRUE
"controlled_permutation","balanced",5000,1,19,"cyclic_shift",2,1,4,1,0.26013684591822,0.26013684591822,TRUE,0,TRUE,TRUE,TRUE
"controlled_permutation","balanced",5000,1,19,"cyclic_shift",2,1,5,1,0.260638598721211,0.260638598721211,TRUE,0,TRUE,TRUE,TRUE
"controlled_permutation","balanced",5000,1,19,"cyclic_shift",2,1,6,1,0.268215081091999,0.268215081091999,TRUE,0,TRUE,TRUE,TRUE
"controlled_permutation","balanced",5000,1,19,"cyclic_shift",2,1,7,1,0.258296435709848,0.258296435709848,TRUE,0,TRUE,TRUE,TRUE
"controlled_permutation","balanced",5000,1,19,"cyclic_shift",2,1,8,1,0.266389050578196,0.266389050578196,TRUE,0,TRUE,TRUE,TRUE
"controlled_permutation","balanced",5000,1,19,"cyclic_shift",2,1,9,1,0.256765168182084,0.256765168182084,TRUE,0,TRUE,TRUE,TRUE
"controlled_permutation","balanced",5000,1,19,"cyclic_shift",2,1,10,1,0.263559493140349,0.263559493140349,TRUE,0,TRUE,TRUE,TRUE
"controlled_permutation","balanced",5000,1,19,"cyclic_shift",2,1,11,1,0.264542554102235,0.264542554102235,TRUE,0,TRUE,TRUE,TRUE
"controlled_permutation","balanced",5000,1,19,"cyclic_shift",2,1,12,1,0.259927802060558,0.259927802060558,TRUE,0,TRUE,TRUE,TRUE
"controlled_permutation","balanced",5000,1,19,"cyclic_shift",2,1,13,1,0.264901673903859,0.264901673903859,TRUE,0,TRUE,TRUE,TRUE
"controlled_permutation","balanced",5000,1,19,"cyclic_shift",2,1,14,1,0.25746325904274,0.25746325904274,TRUE,0,TRUE,TRUE,TRUE
"controlled_permutation","balanced",5000,1,19,"cyclic_shift",2,1,15,1,0.263855426592836,0.263855426592836,TRUE,0,TRUE,TRUE,TRUE
"controlled_permutation","balanced",5000,1,19,"cyclic_shift",2,1,16,1,0.263005168675354,0.263005168675354,TRUE,0,TRUE,TRUE,TRUE
"controlled_permutation","balanced",5000,1,19,"cyclic_shift",2,1,17,1,0.260699519676411,0.260699519676411,TRUE,0,TRUE,TRUE,TRUE
"controlled_permutation","balanced",5000,1,19,"cyclic_shift",2,1,18,1,0.26375330270521,0.26375330270521,TRUE,0,TRUE,TRUE,TRUE
"controlled_permutation","balanced",5000,1,19,"cyclic_shift",2,1,19,1,0.258417599029888,0.258417599029888,TRUE,0,TRUE,TRUE,TRUE
"controlled_permutation","balanced",5000,1,19,"cyclic_shift",4,1,1,1,0.268908781792198,0.268908781792198,TRUE,0,TRUE,TRUE,TRUE
"controlled_permutation","balanced",5000,1,19,"cyclic_shift",4,1,2,1,0.259049676757951,0.259049676757951,TRUE,0,TRUE,TRUE,TRUE
"controlled_permutation","balanced",5000,1,19,"cyclic_shift",4,1,3,1,0.265140647153737,0.265140647153737,TRUE,0,TRUE,TRUE,TRUE
"controlled_permutation","balanced",5000,1,19,"cyclic_shift",4,1,4,1,0.26013684591822,0.26013684591822,TRUE,0,TRUE,TRUE,TRUE
"controlled_permutation","balanced",5000,1,19,"cyclic_shift",4,1,5,1,0.260638598721211,0.260638598721211,TRUE,0,TRUE,TRUE,TRUE
"controlled_permutation","balanced",5000,1,19,"cyclic_shift",4,1,6,1,0.268215081091999,0.268215081091999,TRUE,0,TRUE,TRUE,TRUE
"controlled_permutation","balanced",5000,1,19,"cyclic_shift",4,1,7,1,0.258296435709848,0.258296435709848,TRUE,0,TRUE,TRUE,TRUE
"controlled_permutation","balanced",5000,1,19,"cyclic_shift",4,1,8,1,0.266389050578196,0.266389050578196,TRUE,0,TRUE,TRUE,TRUE
"controlled_permutation","balanced",5000,1,19,"cyclic_shift",4,1,9,1,0.256765168182084,0.256765168182084,TRUE,0,TRUE,TRUE,TRUE
"controlled_permutation","balanced",5000,1,19,"cyclic_shift",4,1,10,1,0.263559493140349,0.263559493140349,TRUE,0,TRUE,TRUE,TRUE
"controlled_permutation","balanced",5000,1,19,"cyclic_shift",4,1,11,1,0.264542554102235,0.264542554102235,TRUE,0,TRUE,TRUE,TRUE
"controlled_permutation","balanced",5000,1,19,"cyclic_shift",4,1,12,1,0.259927802060558,0.259927802060558,TRUE,0,TRUE,TRUE,TRUE
"controlled_permutation","balanced",5000,1,19,"cyclic_shift",4,1,13,1,0.264901673903859,0.264901673903859,TRUE,0,TRUE,TRUE,TRUE
"controlled_permutation","balanced",5000,1,19,"cyclic_shift",4,1,14,1,0.25746325904274,0.25746325904274,TRUE,0,TRUE,TRUE,TRUE
"controlled_permutation","balanced",5000,1,19,"cyclic_shift",4,1,15,1,0.263855426592836,0.263855426592836,TRUE,0,TRUE,TRUE,TRUE
"controlled_permutation","balanced",5000,1,19,"cyclic_shift",4,1,16,1,0.263005168675354,0.263005168675354,TRUE,0,TRUE,TRUE,TRUE
"controlled_permutation","balanced",5000,1,19,"cyclic_shift",4,1,17,1,0.260699519676411,0.260699519676411,TRUE,0,TRUE,TRUE,TRUE
"controlled_permutation","balanced",5000,1,19,"cyclic_shift",4,1,18,1,0.26375330270521,0.26375330270521,TRUE,0,TRUE,TRUE,TRUE
"controlled_permutation","balanced",5000,1,19,"cyclic_shift",4,1,19,1,0.258417599029888,0.258417599029888,TRUE,0,TRUE,TRUE,TRUE
"controlled_permutation","balanced",5000,1,19,"cyclic_shift",8,1,1,1,0.268908781792198,0.268908781792198,TRUE,0,TRUE,TRUE,TRUE
"controlled_permutation","balanced",5000,1,19,"cyclic_shift",8,1,2,1,0.259049676757951,0.259049676757951,TRUE,0,TRUE,TRUE,TRUE
"controlled_permutation","balanced",5000,1,19,"cyclic_shift",8,1,3,1,0.265140647153737,0.265140647153737,TRUE,0,TRUE,TRUE,TRUE
"controlled_permutation","balanced",5000,1,19,"cyclic_shift",8,1,4,1,0.26013684591822,0.26013684591822,TRUE,0,TRUE,TRUE,TRUE
"controlled_permutation","balanced",5000,1,19,"cyclic_shift",8,1,5,1,0.260638598721211,0.260638598721211,TRUE,0,TRUE,TRUE,TRUE
"controlled_permutation","balanced",5000,1,19,"cyclic_shift",8,1,6,1,0.268215081091999,0.268215081091999,TRUE,0,TRUE,TRUE,TRUE
"controlled_permutation","balanced",5000,1,19,"cyclic_shift",8,1,7,1,0.258296435709848,0.258296435709848,TRUE,0,TRUE,TRUE,TRUE
"controlled_permutation","balanced",5000,1,19,"cyclic_shift",8,1,8,1,0.266389050578196,0.266389050578196,TRUE,0,TRUE,TRUE,TRUE
"controlled_permutation","balanced",5000,1,19,"cyclic_shift",8,1,9,1,0.256765168182084,0.256765168182084,TRUE,0,TRUE,TRUE,TRUE
"controlled_permutation","balanced",5000,1,19,"cyclic_shift",8,1,10,1,0.263559493140349,0.263559493140349,TRUE,0,TRUE,TRUE,TRUE
"controlled_permutation","balanced",5000,1,19,"cyclic_shift",8,1,11,1,0.264542554102235,0.264542554102235,TRUE,0,TRUE,TRUE,TRUE
"controlled_permutation","balanced",5000,1,19,"cyclic_shift",8,1,12,1,0.259927802060558,0.259927802060558,TRUE,0,TRUE,TRUE,TRUE
"controlled_permutation","balanced",5000,1,19,"cyclic_shift",8,1,13,1,0.264901673903859,0.264901673903859,TRUE,0,TRUE,TRUE,TRUE
"controlled_permutation","balanced",5000,1,19,"cyclic_shift",8,1,14,1,0.25746325904274,0.25746325904274,TRUE,0,TRUE,TRUE,TRUE
"controlled_permutation","balanced",5000,1,19,"cyclic_shift",8,1,15,1,0.263855426592836,0.263855426592836,TRUE,0,TRUE,TRUE,TRUE
"controlled_permutation","balanced",5000,1,19,"cyclic_shift",8,1,16,1,0.263005168675354,0.263005168675354,TRUE,0,TRUE,TRUE,TRUE
"controlled_permutation","balanced",5000,1,19,"cyclic_shift",8,1,17,1,0.260699519676411,0.260699519676411,TRUE,0,TRUE,TRUE,TRUE
"controlled_permutation","balanced",5000,1,19,"cyclic_shift",8,1,18,1,0.26375330270521,0.26375330270521,TRUE,0,TRUE,TRUE,TRUE
"controlled_permutation","balanced",5000,1,19,"cyclic_shift",8,1,19,1,0.258417599029888,0.258417599029888,TRUE,0,TRUE,TRUE,TRUE
"controlled_permutation","balanced",5000,1,19,"cyclic_shift",16,1,1,1,0.268908781792198,0.268908781792198,TRUE,0,TRUE,TRUE,TRUE
"controlled_permutation","balanced",5000,1,19,"cyclic_shift",16,1,2,1,0.259049676757951,0.259049676757951,TRUE,0,TRUE,TRUE,TRUE
"controlled_permutation","balanced",5000,1,19,"cyclic_shift",16,1,3,1,0.265140647153737,0.265140647153737,TRUE,0,TRUE,TRUE,TRUE
"controlled_permutation","balanced",5000,1,19,"cyclic_shift",16,1,4,1,0.26013684591822,0.26013684591822,TRUE,0,TRUE,TRUE,TRUE
"controlled_permutation","balanced",5000,1,19,"cyclic_shift",16,1,5,1,0.260638598721211,0.260638598721211,TRUE,0,TRUE,TRUE,TRUE
"controlled_permutation","balanced",5000,1,19,"cyclic_shift",16,1,6,1,0.268215081091999,0.268215081091999,TRUE,0,TRUE,TRUE,TRUE
"controlled_permutation","balanced",5000,1,19,"cyclic_shift",16,1,7,1,0.258296435709848,0.258296435709848,TRUE,0,TRUE,TRUE,TRUE
"controlled_permutation","balanced",5000,1,19,"cyclic_shift",16,1,8,1,0.266389050578196,0.266389050578196,TRUE,0,TRUE,TRUE,TRUE
"controlled_permutation","balanced",5000,1,19,"cyclic_shift",16,1,9,1,0.256765168182084,0.256765168182084,TRUE,0,TRUE,TRUE,TRUE
"controlled_permutation","balanced",5000,1,19,"cyclic_shift",16,1,10,1,0.263559493140349,0.263559493140349,TRUE,0,TRUE,TRUE,TRUE
"controlled_permutation","balanced",5000,1,19,"cyclic_shift",16,1,11,1,0.264542554102235,0.264542554102235,TRUE,0,TRUE,TRUE,TRUE
"controlled_permutation","balanced",5000,1,19,"cyclic_shift",16,1,12,1,0.259927802060558,0.259927802060558,TRUE,0,TRUE,TRUE,TRUE
"controlled_permutation","balanced",5000,1,19,"cyclic_shift",16,1,13,1,0.264901673903859,0.264901673903859,TRUE,0,TRUE,TRUE,TRUE
"controlled_permutation","balanced",5000,1,19,"cyclic_shift",16,1,14,1,0.25746325904274,0.25746325904274,TRUE,0,TRUE,TRUE,TRUE
"controlled_permutation","balanced",5000,1,19,"cyclic_shift",16,1,15,1,0.263855426592836,0.263855426592836,TRUE,0,TRUE,TRUE,TRUE
"controlled_permutation","balanced",5000,1,19,"cyclic_shift",16,1,16,1,0.263005168675354,0.263005168675354,TRUE,0,TRUE,TRUE,TRUE
"controlled_permutation","balanced",5000,1,19,"cyclic_shift",16,1,17,1,0.260699519676411,0.260699519676411,TRUE,0,TRUE,TRUE,TRUE
"controlled_permutation","balanced",5000,1,19,"cyclic_shift",16,1,18,1,0.26375330270521,0.26375330270521,TRUE,0,TRUE,TRUE,TRUE
"controlled_permutation","balanced",5000,1,19,"cyclic_shift",16,1,19,1,0.258417599029888,0.258417599029888,TRUE,0,TRUE,TRUE,TRUE
"controlled_permutation","balanced",5000,1,19,"fixed_random",2,1,1,1,0.268908781792198,0.268908781792198,TRUE,0,TRUE,TRUE,TRUE
"controlled_permutation","balanced",5000,1,19,"fixed_random",2,1,2,1,0.269495546351478,0.269495546351478,TRUE,0,TRUE,TRUE,TRUE
"controlled_permutation","balanced",5000,1,19,"fixed_random",2,1,3,1,0.266586714884185,0.266586714884185,TRUE,0,TRUE,TRUE,TRUE
"controlled_permutation","balanced",5000,1,19,"fixed_random",2,1,4,1,0.267051985611709,0.267051985611709,TRUE,0,TRUE,TRUE,TRUE
"controlled_permutation","balanced",5000,1,19,"fixed_random",2,1,5,1,0.264330235798829,0.264330235798829,TRUE,0,TRUE,TRUE,TRUE
"controlled_permutation","balanced",5000,1,19,"fixed_random",2,1,6,1,0.264654971705239,0.264654971705239,TRUE,0,TRUE,TRUE,TRUE
"controlled_permutation","balanced",5000,1,19,"fixed_random",2,1,7,1,0.266034415085644,0.266034415085644,TRUE,0,TRUE,TRUE,TRUE
"controlled_permutation","balanced",5000,1,19,"fixed_random",2,1,8,1,0.263110085968769,0.263110085968769,TRUE,0,TRUE,TRUE,TRUE
"controlled_permutation","balanced",5000,1,19,"fixed_random",2,1,9,1,0.259863313150837,0.259863313150837,TRUE,0,TRUE,TRUE,TRUE
"controlled_permutation","balanced",5000,1,19,"fixed_random",2,1,10,1,0.260579678716428,0.260579678716428,TRUE,0,TRUE,TRUE,TRUE
"controlled_permutation","balanced",5000,1,19,"fixed_random",2,1,11,1,0.260508091030671,0.260508091030671,TRUE,0,TRUE,TRUE,TRUE
"controlled_permutation","balanced",5000,1,19,"fixed_random",2,1,12,1,0.261200860669389,0.261200860669389,TRUE,0,TRUE,TRUE,TRUE
"controlled_permutation","balanced",5000,1,19,"fixed_random",2,1,13,1,0.2664057978451,0.2664057978451,TRUE,0,TRUE,TRUE,TRUE
"controlled_permutation","balanced",5000,1,19,"fixed_random",2,1,14,1,0.266545582205383,0.266545582205383,TRUE,0,TRUE,TRUE,TRUE
"controlled_permutation","balanced",5000,1,19,"fixed_random",2,1,15,1,0.264629450580964,0.264629450580964,TRUE,0,TRUE,TRUE,TRUE
"controlled_permutation","balanced",5000,1,19,"fixed_random",2,1,16,1,0.265717739188499,0.265717739188499,TRUE,0,TRUE,TRUE,TRUE
"controlled_permutation","balanced",5000,1,19,"fixed_random",2,1,17,1,0.265828533057844,0.265828533057844,TRUE,0,TRUE,TRUE,TRUE
"controlled_permutation","balanced",5000,1,19,"fixed_random",2,1,18,1,0.263182774917639,0.263182774917639,TRUE,0,TRUE,TRUE,TRUE
"controlled_permutation","balanced",5000,1,19,"fixed_random",2,1,19,1,0.268173088128677,0.268173088128677,TRUE,0,TRUE,TRUE,TRUE
"controlled_permutation","balanced",5000,1,19,"fixed_random",4,1,1,1,0.268908781792198,0.268908781792198,TRUE,0,TRUE,TRUE,TRUE
"controlled_permutation","balanced",5000,1,19,"fixed_random",4,1,2,1,0.269495546351478,0.269495546351478,TRUE,0,TRUE,TRUE,TRUE
"controlled_permutation","balanced",5000,1,19,"fixed_random",4,1,3,1,0.266586714884185,0.266586714884185,TRUE,0,TRUE,TRUE,TRUE
"controlled_permutation","balanced",5000,1,19,"fixed_random",4,1,4,1,0.267051985611709,0.267051985611709,TRUE,0,TRUE,TRUE,TRUE
"controlled_permutation","balanced",5000,1,19,"fixed_random",4,1,5,1,0.264330235798829,0.264330235798829,TRUE,0,TRUE,TRUE,TRUE
"controlled_permutation","balanced",5000,1,19,"fixed_random",4,1,6,1,0.264654971705239,0.264654971705239,TRUE,0,TRUE,TRUE,TRUE
"controlled_permutation","balanced",5000,1,19,"fixed_random",4,1,7,1,0.266034415085644,0.266034415085644,TRUE,0,TRUE,TRUE,TRUE
"controlled_permutation","balanced",5000,1,19,"fixed_random",4,1,8,1,0.263110085968769,0.263110085968769,TRUE,0,TRUE,TRUE,TRUE
"controlled_permutation","balanced",5000,1,19,"fixed_random",4,1,9,1,0.259863313150837,0.259863313150837,TRUE,0,TRUE,TRUE,TRUE
"controlled_permutation","balanced",5000,1,19,"fixed_random",4,1,10,1,0.260579678716428,0.260579678716428,TRUE,0,TRUE,TRUE,TRUE
"controlled_permutation","balanced",5000,1,19,"fixed_random",4,1,11,1,0.260508091030671,0.260508091030671,TRUE,0,TRUE,TRUE,TRUE
"controlled_permutation","balanced",5000,1,19,"fixed_random",4,1,12,1,0.261200860669389,0.261200860669389,TRUE,0,TRUE,TRUE,TRUE
"controlled_permutation","balanced",5000,1,19,"fixed_random",4,1,13,1,0.2664057978451,0.2664057978451,TRUE,0,TRUE,TRUE,TRUE
"controlled_permutation","balanced",5000,1,19,"fixed_random",4,1,14,1,0.266545582205383,0.266545582205383,TRUE,0,TRUE,TRUE,TRUE
"controlled_permutation","balanced",5000,1,19,"fixed_random",4,1,15,1,0.264629450580964,0.264629450580964,TRUE,0,TRUE,TRUE,TRUE
"controlled_permutation","balanced",5000,1,19,"fixed_random",4,1,16,1,0.265717739188499,0.265717739188499,TRUE,0,TRUE,TRUE,TRUE
"controlled_permutation","balanced",5000,1,19,"fixed_random",4,1,17,1,0.265828533057844,0.265828533057844,TRUE,0,TRUE,TRUE,TRUE
"controlled_permutation","balanced",5000,1,19,"fixed_random",4,1,18,1,0.263182774917639,0.263182774917639,TRUE,0,TRUE,TRUE,TRUE
"controlled_permutation","balanced",5000,1,19,"fixed_random",4,1,19,1,0.268173088128677,0.268173088128677,TRUE,0,TRUE,TRUE,TRUE
"controlled_permutation","balanced",5000,1,19,"fixed_random",8,1,1,1,0.268908781792198,0.268908781792198,TRUE,0,TRUE,TRUE,TRUE
"controlled_permutation","balanced",5000,1,19,"fixed_random",8,1,2,1,0.269495546351478,0.269495546351478,TRUE,0,TRUE,TRUE,TRUE
"controlled_permutation","balanced",5000,1,19,"fixed_random",8,1,3,1,0.266586714884185,0.266586714884185,TRUE,0,TRUE,TRUE,TRUE
"controlled_permutation","balanced",5000,1,19,"fixed_random",8,1,4,1,0.267051985611709,0.267051985611709,TRUE,0,TRUE,TRUE,TRUE
"controlled_permutation","balanced",5000,1,19,"fixed_random",8,1,5,1,0.264330235798829,0.264330235798829,TRUE,0,TRUE,TRUE,TRUE
"controlled_permutation","balanced",5000,1,19,"fixed_random",8,1,6,1,0.264654971705239,0.264654971705239,TRUE,0,TRUE,TRUE,TRUE
"controlled_permutation","balanced",5000,1,19,"fixed_random",8,1,7,1,0.266034415085644,0.266034415085644,TRUE,0,TRUE,TRUE,TRUE
"controlled_permutation","balanced",5000,1,19,"fixed_random",8,1,8,1,0.263110085968769,0.263110085968769,TRUE,0,TRUE,TRUE,TRUE
"controlled_permutation","balanced",5000,1,19,"fixed_random",8,1,9,1,0.259863313150837,0.259863313150837,TRUE,0,TRUE,TRUE,TRUE
"controlled_permutation","balanced",5000,1,19,"fixed_random",8,1,10,1,0.260579678716428,0.260579678716428,TRUE,0,TRUE,TRUE,TRUE
"controlled_permutation","balanced",5000,1,19,"fixed_random",8,1,11,1,0.260508091030671,0.260508091030671,TRUE,0,TRUE,TRUE,TRUE
"controlled_permutation","balanced",5000,1,19,"fixed_random",8,1,12,1,0.261200860669389,0.261200860669389,TRUE,0,TRUE,TRUE,TRUE
"controlled_permutation","balanced",5000,1,19,"fixed_random",8,1,13,1,0.2664057978451,0.2664057978451,TRUE,0,TRUE,TRUE,TRUE
"controlled_permutation","balanced",5000,1,19,"fixed_random",8,1,14,1,0.266545582205383,0.266545582205383,TRUE,0,TRUE,TRUE,TRUE
"controlled_permutation","balanced",5000,1,19,"fixed_random",8,1,15,1,0.264629450580964,0.264629450580964,TRUE,0,TRUE,TRUE,TRUE
"controlled_permutation","balanced",5000,1,19,"fixed_random",8,1,16,1,0.265717739188499,0.265717739188499,TRUE,0,TRUE,TRUE,TRUE
"controlled_permutation","balanced",5000,1,19,"fixed_random",8,1,17,1,0.265828533057844,0.265828533057844,TRUE,0,TRUE,TRUE,TRUE
"controlled_permutation","balanced",5000,1,19,"fixed_random",8,1,18,1,0.263182774917639,0.263182774917639,TRUE,0,TRUE,TRUE,TRUE
"controlled_permutation","balanced",5000,1,19,"fixed_random",8,1,19,1,0.268173088128677,0.268173088128677,TRUE,0,TRUE,TRUE,TRUE
"controlled_permutation","balanced",5000,1,19,"fixed_random",16,1,1,1,0.268908781792198,0.268908781792198,TRUE,0,TRUE,TRUE,TRUE
"controlled_permutation","balanced",5000,1,19,"fixed_random",16,1,2,1,0.269495546351478,0.269495546351478,TRUE,0,TRUE,TRUE,TRUE
"controlled_permutation","balanced",5000,1,19,"fixed_random",16,1,3,1,0.266586714884185,0.266586714884185,TRUE,0,TRUE,TRUE,TRUE
"controlled_permutation","balanced",5000,1,19,"fixed_random",16,1,4,1,0.267051985611709,0.267051985611709,TRUE,0,TRUE,TRUE,TRUE
"controlled_permutation","balanced",5000,1,19,"fixed_random",16,1,5,1,0.264330235798829,0.264330235798829,TRUE,0,TRUE,TRUE,TRUE
"controlled_permutation","balanced",5000,1,19,"fixed_random",16,1,6,1,0.264654971705239,0.264654971705239,TRUE,0,TRUE,TRUE,TRUE
"controlled_permutation","balanced",5000,1,19,"fixed_random",16,1,7,1,0.266034415085644,0.266034415085644,TRUE,0,TRUE,TRUE,TRUE
"controlled_permutation","balanced",5000,1,19,"fixed_random",16,1,8,1,0.263110085968769,0.263110085968769,TRUE,0,TRUE,TRUE,TRUE
"controlled_permutation","balanced",5000,1,19,"fixed_random",16,1,9,1,0.259863313150837,0.259863313150837,TRUE,0,TRUE,TRUE,TRUE
"controlled_permutation","balanced",5000,1,19,"fixed_random",16,1,10,1,0.260579678716428,0.260579678716428,TRUE,0,TRUE,TRUE,TRUE
"controlled_permutation","balanced",5000,1,19,"fixed_random",16,1,11,1,0.260508091030671,0.260508091030671,TRUE,0,TRUE,TRUE,TRUE
"controlled_permutation","balanced",5000,1,19,"fixed_random",16,1,12,1,0.261200860669389,0.261200860669389,TRUE,0,TRUE,TRUE,TRUE
"controlled_permutation","balanced",5000,1,19,"fixed_random",16,1,13,1,0.2664057978451,0.2664057978451,TRUE,0,TRUE,TRUE,TRUE
"controlled_permutation","balanced",5000,1,19,"fixed_random",16,1,14,1,0.266545582205383,0.266545582205383,TRUE,0,TRUE,TRUE,TRUE
"controlled_permutation","balanced",5000,1,19,"fixed_random",16,1,15,1,0.264629450580964,0.264629450580964,TRUE,0,TRUE,TRUE,TRUE
"controlled_permutation","balanced",5000,1,19,"fixed_random",16,1,16,1,0.265717739188499,0.265717739188499,TRUE,0,TRUE,TRUE,TRUE
"controlled_permutation","balanced",5000,1,19,"fixed_random",16,1,17,1,0.265828533057844,0.265828533057844,TRUE,0,TRUE,TRUE,TRUE
"controlled_permutation","balanced",5000,1,19,"fixed_random",16,1,18,1,0.263182774917639,0.263182774917639,TRUE,0,TRUE,TRUE,TRUE
"controlled_permutation","balanced",5000,1,19,"fixed_random",16,1,19,1,0.268173088128677,0.268173088128677,TRUE,0,TRUE,TRUE,TRUE
"controlled_permutation","balanced",5000,1,19,"adversarial",2,1,1,1,0.268908781792198,0.268908781792198,TRUE,0,TRUE,TRUE,TRUE
"controlled_permutation","balanced",5000,1,19,"adversarial",2,1,2,1,0.268881244357393,0.268881244357393,TRUE,0,TRUE,TRUE,TRUE
"controlled_permutation","balanced",5000,1,19,"adversarial",2,1,3,1,0.268931208785912,0.268931208785912,TRUE,0,TRUE,TRUE,TRUE
"controlled_permutation","balanced",5000,1,19,"adversarial",2,1,4,1,0.265962813952099,0.265962813952099,TRUE,0,TRUE,TRUE,TRUE
"controlled_permutation","balanced",5000,1,19,"adversarial",2,1,5,1,0.266032391488645,0.266032391488645,TRUE,0,TRUE,TRUE,TRUE
"controlled_permutation","balanced",5000,1,19,"adversarial",2,1,6,1,0.268881244357393,0.268881244357393,TRUE,0,TRUE,TRUE,TRUE
"controlled_permutation","balanced",5000,1,19,"adversarial",2,1,7,1,0.268931208785912,0.268931208785912,TRUE,0,TRUE,TRUE,TRUE
"controlled_permutation","balanced",5000,1,19,"adversarial",2,1,8,1,0.265962813952099,0.265962813952099,TRUE,0,TRUE,TRUE,TRUE
"controlled_permutation","balanced",5000,1,19,"adversarial",2,1,9,1,0.266032391488645,0.266032391488645,TRUE,0,TRUE,TRUE,TRUE
"controlled_permutation","balanced",5000,1,19,"adversarial",2,1,10,1,0.268881244357393,0.268881244357393,TRUE,0,TRUE,TRUE,TRUE
"controlled_permutation","balanced",5000,1,19,"adversarial",2,1,11,1,0.268931208785912,0.268931208785912,TRUE,0,TRUE,TRUE,TRUE
"controlled_permutation","balanced",5000,1,19,"adversarial",2,1,12,1,0.265962813952099,0.265962813952099,TRUE,0,TRUE,TRUE,TRUE
"controlled_permutation","balanced",5000,1,19,"adversarial",2,1,13,1,0.266032391488645,0.266032391488645,TRUE,0,TRUE,TRUE,TRUE
"controlled_permutation","balanced",5000,1,19,"adversarial",2,1,14,1,0.268881244357393,0.268881244357393,TRUE,0,TRUE,TRUE,TRUE
"controlled_permutation","balanced",5000,1,19,"adversarial",2,1,15,1,0.268931208785912,0.268931208785912,TRUE,0,TRUE,TRUE,TRUE
"controlled_permutation","balanced",5000,1,19,"adversarial",2,1,16,1,0.265962813952099,0.265962813952099,TRUE,0,TRUE,TRUE,TRUE
"controlled_permutation","balanced",5000,1,19,"adversarial",2,1,17,1,0.266032391488645,0.266032391488645,TRUE,0,TRUE,TRUE,TRUE
"controlled_permutation","balanced",5000,1,19,"adversarial",2,1,18,1,0.268881244357393,0.268881244357393,TRUE,0,TRUE,TRUE,TRUE
"controlled_permutation","balanced",5000,1,19,"adversarial",2,1,19,1,0.268931208785912,0.268931208785912,TRUE,0,TRUE,TRUE,TRUE
"controlled_permutation","balanced",5000,1,19,"adversarial",4,1,1,1,0.268908781792198,0.268908781792198,TRUE,0,TRUE,TRUE,TRUE
"controlled_permutation","balanced",5000,1,19,"adversarial",4,1,2,1,0.268881244357393,0.268881244357393,TRUE,0,TRUE,TRUE,TRUE
"controlled_permutation","balanced",5000,1,19,"adversarial",4,1,3,1,0.268931208785912,0.268931208785912,TRUE,0,TRUE,TRUE,TRUE
"controlled_permutation","balanced",5000,1,19,"adversarial",4,1,4,1,0.265962813952099,0.265962813952099,TRUE,0,TRUE,TRUE,TRUE
"controlled_permutation","balanced",5000,1,19,"adversarial",4,1,5,1,0.266032391488645,0.266032391488645,TRUE,0,TRUE,TRUE,TRUE
"controlled_permutation","balanced",5000,1,19,"adversarial",4,1,6,1,0.268881244357393,0.268881244357393,TRUE,0,TRUE,TRUE,TRUE
"controlled_permutation","balanced",5000,1,19,"adversarial",4,1,7,1,0.268931208785912,0.268931208785912,TRUE,0,TRUE,TRUE,TRUE
"controlled_permutation","balanced",5000,1,19,"adversarial",4,1,8,1,0.265962813952099,0.265962813952099,TRUE,0,TRUE,TRUE,TRUE
"controlled_permutation","balanced",5000,1,19,"adversarial",4,1,9,1,0.266032391488645,0.266032391488645,TRUE,0,TRUE,TRUE,TRUE
"controlled_permutation","balanced",5000,1,19,"adversarial",4,1,10,1,0.268881244357393,0.268881244357393,TRUE,0,TRUE,TRUE,TRUE
"controlled_permutation","balanced",5000,1,19,"adversarial",4,1,11,1,0.268931208785912,0.268931208785912,TRUE,0,TRUE,TRUE,TRUE
"controlled_permutation","balanced",5000,1,19,"adversarial",4,1,12,1,0.265962813952099,0.265962813952099,TRUE,0,TRUE,TRUE,TRUE
"controlled_permutation","balanced",5000,1,19,"adversarial",4,1,13,1,0.266032391488645,0.266032391488645,TRUE,0,TRUE,TRUE,TRUE
"controlled_permutation","balanced",5000,1,19,"adversarial",4,1,14,1,0.268881244357393,0.268881244357393,TRUE,0,TRUE,TRUE,TRUE
"controlled_permutation","balanced",5000,1,19,"adversarial",4,1,15,1,0.268931208785912,0.268931208785912,TRUE,0,TRUE,TRUE,TRUE
"controlled_permutation","balanced",5000,1,19,"adversarial",4,1,16,1,0.265962813952099,0.265962813952099,TRUE,0,TRUE,TRUE,TRUE
"controlled_permutation","balanced",5000,1,19,"adversarial",4,1,17,1,0.266032391488645,0.266032391488645,TRUE,0,TRUE,TRUE,TRUE
"controlled_permutation","balanced",5000,1,19,"adversarial",4,1,18,1,0.268881244357393,0.268881244357393,TRUE,0,TRUE,TRUE,TRUE
"controlled_permutation","balanced",5000,1,19,"adversarial",4,1,19,1,0.268931208785912,0.268931208785912,TRUE,0,TRUE,TRUE,TRUE
"controlled_permutation","balanced",5000,1,19,"adversarial",8,1,1,1,0.268908781792198,0.268908781792198,TRUE,0,TRUE,TRUE,TRUE
"controlled_permutation","balanced",5000,1,19,"adversarial",8,1,2,1,0.268881244357393,0.268881244357393,TRUE,0,TRUE,TRUE,TRUE
"controlled_permutation","balanced",5000,1,19,"adversarial",8,1,3,1,0.268931208785912,0.268931208785912,TRUE,0,TRUE,TRUE,TRUE
"controlled_permutation","balanced",5000,1,19,"adversarial",8,1,4,1,0.265962813952099,0.265962813952099,TRUE,0,TRUE,TRUE,TRUE
"controlled_permutation","balanced",5000,1,19,"adversarial",8,1,5,1,0.266032391488645,0.266032391488645,TRUE,0,TRUE,TRUE,TRUE
"controlled_permutation","balanced",5000,1,19,"adversarial",8,1,6,1,0.268881244357393,0.268881244357393,TRUE,0,TRUE,TRUE,TRUE
"controlled_permutation","balanced",5000,1,19,"adversarial",8,1,7,1,0.268931208785912,0.268931208785912,TRUE,0,TRUE,TRUE,TRUE
"controlled_permutation","balanced",5000,1,19,"adversarial",8,1,8,1,0.265962813952099,0.265962813952099,TRUE,0,TRUE,TRUE,TRUE
"controlled_permutation","balanced",5000,1,19,"adversarial",8,1,9,1,0.266032391488645,0.266032391488645,TRUE,0,TRUE,TRUE,TRUE
"controlled_permutation","balanced",5000,1,19,"adversarial",8,1,10,1,0.268881244357393,0.268881244357393,TRUE,0,TRUE,TRUE,TRUE
"controlled_permutation","balanced",5000,1,19,"adversarial",8,1,11,1,0.268931208785912,0.268931208785912,TRUE,0,TRUE,TRUE,TRUE
"controlled_permutation","balanced",5000,1,19,"adversarial",8,1,12,1,0.265962813952099,0.265962813952099,TRUE,0,TRUE,TRUE,TRUE
"controlled_permutation","balanced",5000,1,19,"adversarial",8,1,13,1,0.266032391488645,0.266032391488645,TRUE,0,TRUE,TRUE,TRUE
"controlled_permutation","balanced",5000,1,19,"adversarial",8,1,14,1,0.268881244357393,0.268881244357393,TRUE,0,TRUE,TRUE,TRUE
"controlled_permutation","balanced",5000,1,19,"adversarial",8,1,15,1,0.268931208785912,0.268931208785912,TRUE,0,TRUE,TRUE,TRUE
"controlled_permutation","balanced",5000,1,19,"adversarial",8,1,16,1,0.265962813952099,0.265962813952099,TRUE,0,TRUE,TRUE,TRUE
"controlled_permutation","balanced",5000,1,19,"adversarial",8,1,17,1,0.266032391488645,0.266032391488645,TRUE,0,TRUE,TRUE,TRUE
"controlled_permutation","balanced",5000,1,19,"adversarial",8,1,18,1,0.268881244357393,0.268881244357393,TRUE,0,TRUE,TRUE,TRUE
"controlled_permutation","balanced",5000,1,19,"adversarial",8,1,19,1,0.268931208785912,0.268931208785912,TRUE,0,TRUE,TRUE,TRUE
"controlled_permutation","balanced",5000,1,19,"adversarial",16,1,1,1,0.268908781792198,0.268908781792198,TRUE,0,TRUE,TRUE,TRUE
"controlled_permutation","balanced",5000,1,19,"adversarial",16,1,2,1,0.268881244357393,0.268881244357393,TRUE,0,TRUE,TRUE,TRUE
"controlled_permutation","balanced",5000,1,19,"adversarial",16,1,3,1,0.268931208785912,0.268931208785912,TRUE,0,TRUE,TRUE,TRUE
"controlled_permutation","balanced",5000,1,19,"adversarial",16,1,4,1,0.265962813952099,0.265962813952099,TRUE,0,TRUE,TRUE,TRUE
"controlled_permutation","balanced",5000,1,19,"adversarial",16,1,5,1,0.266032391488645,0.266032391488645,TRUE,0,TRUE,TRUE,TRUE
"controlled_permutation","balanced",5000,1,19,"adversarial",16,1,6,1,0.268881244357393,0.268881244357393,TRUE,0,TRUE,TRUE,TRUE
"controlled_permutation","balanced",5000,1,19,"adversarial",16,1,7,1,0.268931208785912,0.268931208785912,TRUE,0,TRUE,TRUE,TRUE
"controlled_permutation","balanced",5000,1,19,"adversarial",16,1,8,1,0.265962813952099,0.265962813952099,TRUE,0,TRUE,TRUE,TRUE
"controlled_permutation","balanced",5000,1,19,"adversarial",16,1,9,1,0.266032391488645,0.266032391488645,TRUE,0,TRUE,TRUE,TRUE
"controlled_permutation","balanced",5000,1,19,"adversarial",16,1,10,1,0.268881244357393,0.268881244357393,TRUE,0,TRUE,TRUE,TRUE
"controlled_permutation","balanced",5000,1,19,"adversarial",16,1,11,1,0.268931208785912,0.268931208785912,TRUE,0,TRUE,TRUE,TRUE
"controlled_permutation","balanced",5000,1,19,"adversarial",16,1,12,1,0.265962813952099,0.265962813952099,TRUE,0,TRUE,TRUE,TRUE
"controlled_permutation","balanced",5000,1,19,"adversarial",16,1,13,1,0.266032391488645,0.266032391488645,TRUE,0,TRUE,TRUE,TRUE
"controlled_permutation","balanced",5000,1,19,"adversarial",16,1,14,1,0.268881244357393,0.268881244357393,TRUE,0,TRUE,TRUE,TRUE
"controlled_permutation","balanced",5000,1,19,"adversarial",16,1,15,1,0.268931208785912,0.268931208785912,TRUE,0,TRUE,TRUE,TRUE
"controlled_permutation","balanced",5000,1,19,"adversarial",16,1,16,1,0.265962813952099,0.265962813952099,TRUE,0,TRUE,TRUE,TRUE
"controlled_permutation","balanced",5000,1,19,"adversarial",16,1,17,1,0.266032391488645,0.266032391488645,TRUE,0,TRUE,TRUE,TRUE
"controlled_permutation","balanced",5000,1,19,"adversarial",16,1,18,1,0.268881244357393,0.268881244357393,TRUE,0,TRUE,TRUE,TRUE
"controlled_permutation","balanced",5000,1,19,"adversarial",16,1,19,1,0.268931208785912,0.268931208785912,TRUE,0,TRUE,TRUE,TRUE
"controlled_permutation","random",50,1,19,"identity",2,1,1,1,0.261485337003854,0.261485337003854,TRUE,0,TRUE,TRUE,TRUE
"controlled_permutation","random",50,1,19,"identity",2,1,2,1,0.261485337003854,0.261485337003854,TRUE,0,TRUE,TRUE,TRUE
"controlled_permutation","random",50,1,19,"identity",2,1,3,1,0.261485337003854,0.261485337003854,TRUE,0,TRUE,TRUE,TRUE
"controlled_permutation","random",50,1,19,"identity",2,1,4,1,0.261485337003854,0.261485337003854,TRUE,0,TRUE,TRUE,TRUE
"controlled_permutation","random",50,1,19,"identity",2,1,5,1,0.261485337003854,0.261485337003854,TRUE,0,TRUE,TRUE,TRUE
"controlled_permutation","random",50,1,19,"identity",2,1,6,1,0.261485337003854,0.261485337003854,TRUE,0,TRUE,TRUE,TRUE
"controlled_permutation","random",50,1,19,"identity",2,1,7,1,0.261485337003854,0.261485337003854,TRUE,0,TRUE,TRUE,TRUE
"controlled_permutation","random",50,1,19,"identity",2,1,8,1,0.261485337003854,0.261485337003854,TRUE,0,TRUE,TRUE,TRUE
"controlled_permutation","random",50,1,19,"identity",2,1,9,1,0.261485337003854,0.261485337003854,TRUE,0,TRUE,TRUE,TRUE
"controlled_permutation","random",50,1,19,"identity",2,1,10,1,0.261485337003854,0.261485337003854,TRUE,0,TRUE,TRUE,TRUE
"controlled_permutation","random",50,1,19,"identity",2,1,11,1,0.261485337003854,0.261485337003854,TRUE,0,TRUE,TRUE,TRUE
"controlled_permutation","random",50,1,19,"identity",2,1,12,1,0.261485337003854,0.261485337003854,TRUE,0,TRUE,TRUE,TRUE
"controlled_permutation","random",50,1,19,"identity",2,1,13,1,0.261485337003854,0.261485337003854,TRUE,0,TRUE,TRUE,TRUE
"controlled_permutation","random",50,1,19,"identity",2,1,14,1,0.261485337003854,0.261485337003854,TRUE,0,TRUE,TRUE,TRUE
"controlled_permutation","random",50,1,19,"identity",2,1,15,1,0.261485337003854,0.261485337003854,TRUE,0,TRUE,TRUE,TRUE
"controlled_permutation","random",50,1,19,"identity",2,1,16,1,0.261485337003854,0.261485337003854,TRUE,0,TRUE,TRUE,TRUE
"controlled_permutation","random",50,1,19,"identity",2,1,17,1,0.261485337003854,0.261485337003854,TRUE,0,TRUE,TRUE,TRUE
"controlled_permutation","random",50,1,19,"identity",2,1,18,1,0.261485337003854,0.261485337003854,TRUE,0,TRUE,TRUE,TRUE
"controlled_permutation","random",50,1,19,"identity",2,1,19,1,0.261485337003854,0.261485337003854,TRUE,0,TRUE,TRUE,TRUE
"controlled_permutation","random",50,1,19,"identity",4,1,1,1,0.261485337003854,0.261485337003854,TRUE,0,TRUE,TRUE,TRUE
"controlled_permutation","random",50,1,19,"identity",4,1,2,1,0.261485337003854,0.261485337003854,TRUE,0,TRUE,TRUE,TRUE
"controlled_permutation","random",50,1,19,"identity",4,1,3,1,0.261485337003854,0.261485337003854,TRUE,0,TRUE,TRUE,TRUE
"controlled_permutation","random",50,1,19,"identity",4,1,4,1,0.261485337003854,0.261485337003854,TRUE,0,TRUE,TRUE,TRUE
"controlled_permutation","random",50,1,19,"identity",4,1,5,1,0.261485337003854,0.261485337003854,TRUE,0,TRUE,TRUE,TRUE
"controlled_permutation","random",50,1,19,"identity",4,1,6,1,0.261485337003854,0.261485337003854,TRUE,0,TRUE,TRUE,TRUE
"controlled_permutation","random",50,1,19,"identity",4,1,7,1,0.261485337003854,0.261485337003854,TRUE,0,TRUE,TRUE,TRUE
"controlled_permutation","random",50,1,19,"identity",4,1,8,1,0.261485337003854,0.261485337003854,TRUE,0,TRUE,TRUE,TRUE
"controlled_permutation","random",50,1,19,"identity",4,1,9,1,0.261485337003854,0.261485337003854,TRUE,0,TRUE,TRUE,TRUE
"controlled_permutation","random",50,1,19,"identity",4,1,10,1,0.261485337003854,0.261485337003854,TRUE,0,TRUE,TRUE,TRUE
"controlled_permutation","random",50,1,19,"identity",4,1,11,1,0.261485337003854,0.261485337003854,TRUE,0,TRUE,TRUE,TRUE
"controlled_permutation","random",50,1,19,"identity",4,1,12,1,0.261485337003854,0.261485337003854,TRUE,0,TRUE,TRUE,TRUE
"controlled_permutation","random",50,1,19,"identity",4,1,13,1,0.261485337003854,0.261485337003854,TRUE,0,TRUE,TRUE,TRUE
"controlled_permutation","random",50,1,19,"identity",4,1,14,1,0.261485337003854,0.261485337003854,TRUE,0,TRUE,TRUE,TRUE
"controlled_permutation","random",50,1,19,"identity",4,1,15,1,0.261485337003854,0.261485337003854,TRUE,0,TRUE,TRUE,TRUE
"controlled_permutation","random",50,1,19,"identity",4,1,16,1,0.261485337003854,0.261485337003854,TRUE,0,TRUE,TRUE,TRUE
"controlled_permutation","random",50,1,19,"identity",4,1,17,1,0.261485337003854,0.261485337003854,TRUE,0,TRUE,TRUE,TRUE
"controlled_permutation","random",50,1,19,"identity",4,1,18,1,0.261485337003854,0.261485337003854,TRUE,0,TRUE,TRUE,TRUE
"controlled_permutation","random",50,1,19,"identity",4,1,19,1,0.261485337003854,0.261485337003854,TRUE,0,TRUE,TRUE,TRUE
"controlled_permutation","random",50,1,19,"identity",8,1,1,1,0.261485337003854,0.261485337003854,TRUE,0,TRUE,TRUE,TRUE
"controlled_permutation","random",50,1,19,"identity",8,1,2,1,0.261485337003854,0.261485337003854,TRUE,0,TRUE,TRUE,TRUE
"controlled_permutation","random",50,1,19,"identity",8,1,3,1,0.261485337003854,0.261485337003854,TRUE,0,TRUE,TRUE,TRUE
"controlled_permutation","random",50,1,19,"identity",8,1,4,1,0.261485337003854,0.261485337003854,TRUE,0,TRUE,TRUE,TRUE
"controlled_permutation","random",50,1,19,"identity",8,1,5,1,0.261485337003854,0.261485337003854,TRUE,0,TRUE,TRUE,TRUE
"controlled_permutation","random",50,1,19,"identity",8,1,6,1,0.261485337003854,0.261485337003854,TRUE,0,TRUE,TRUE,TRUE
"controlled_permutation","random",50,1,19,"identity",8,1,7,1,0.261485337003854,0.261485337003854,TRUE,0,TRUE,TRUE,TRUE
"controlled_permutation","random",50,1,19,"identity",8,1,8,1,0.261485337003854,0.261485337003854,TRUE,0,TRUE,TRUE,TRUE
"controlled_permutation","random",50,1,19,"identity",8,1,9,1,0.261485337003854,0.261485337003854,TRUE,0,TRUE,TRUE,TRUE
"controlled_permutation","random",50,1,19,"identity",8,1,10,1,0.261485337003854,0.261485337003854,TRUE,0,TRUE,TRUE,TRUE
"controlled_permutation","random",50,1,19,"identity",8,1,11,1,0.261485337003854,0.261485337003854,TRUE,0,TRUE,TRUE,TRUE
"controlled_permutation","random",50,1,19,"identity",8,1,12,1,0.261485337003854,0.261485337003854,TRUE,0,TRUE,TRUE,TRUE
"controlled_permutation","random",50,1,19,"identity",8,1,13,1,0.261485337003854,0.261485337003854,TRUE,0,TRUE,TRUE,TRUE
"controlled_permutation","random",50,1,19,"identity",8,1,14,1,0.261485337003854,0.261485337003854,TRUE,0,TRUE,TRUE,TRUE
"controlled_permutation","random",50,1,19,"identity",8,1,15,1,0.261485337003854,0.261485337003854,TRUE,0,TRUE,TRUE,TRUE
"controlled_permutation","random",50,1,19,"identity",8,1,16,1,0.261485337003854,0.261485337003854,TRUE,0,TRUE,TRUE,TRUE
"controlled_permutation","random",50,1,19,"identity",8,1,17,1,0.261485337003854,0.261485337003854,TRUE,0,TRUE,TRUE,TRUE
"controlled_permutation","random",50,1,19,"identity",8,1,18,1,0.261485337003854,0.261485337003854,TRUE,0,TRUE,TRUE,TRUE
"controlled_permutation","random",50,1,19,"identity",8,1,19,1,0.261485337003854,0.261485337003854,TRUE,0,TRUE,TRUE,TRUE
"controlled_permutation","random",50,1,19,"identity",16,1,1,1,0.261485337003854,0.261485337003854,TRUE,0,TRUE,TRUE,TRUE
"controlled_permutation","random",50,1,19,"identity",16,1,2,1,0.261485337003854,0.261485337003854,TRUE,0,TRUE,TRUE,TRUE
"controlled_permutation","random",50,1,19,"identity",16,1,3,1,0.261485337003854,0.261485337003854,TRUE,0,TRUE,TRUE,TRUE
"controlled_permutation","random",50,1,19,"identity",16,1,4,1,0.261485337003854,0.261485337003854,TRUE,0,TRUE,TRUE,TRUE
"controlled_permutation","random",50,1,19,"identity",16,1,5,1,0.261485337003854,0.261485337003854,TRUE,0,TRUE,TRUE,TRUE
"controlled_permutation","random",50,1,19,"identity",16,1,6,1,0.261485337003854,0.261485337003854,TRUE,0,TRUE,TRUE,TRUE
"controlled_permutation","random",50,1,19,"identity",16,1,7,1,0.261485337003854,0.261485337003854,TRUE,0,TRUE,TRUE,TRUE
"controlled_permutation","random",50,1,19,"identity",16,1,8,1,0.261485337003854,0.261485337003854,TRUE,0,TRUE,TRUE,TRUE
"controlled_permutation","random",50,1,19,"identity",16,1,9,1,0.261485337003854,0.261485337003854,TRUE,0,TRUE,TRUE,TRUE
"controlled_permutation","random",50,1,19,"identity",16,1,10,1,0.261485337003854,0.261485337003854,TRUE,0,TRUE,TRUE,TRUE
"controlled_permutation","random",50,1,19,"identity",16,1,11,1,0.261485337003854,0.261485337003854,TRUE,0,TRUE,TRUE,TRUE
"controlled_permutation","random",50,1,19,"identity",16,1,12,1,0.261485337003854,0.261485337003854,TRUE,0,TRUE,TRUE,TRUE
"controlled_permutation","random",50,1,19,"identity",16,1,13,1,0.261485337003854,0.261485337003854,TRUE,0,TRUE,TRUE,TRUE
"controlled_permutation","random",50,1,19,"identity",16,1,14,1,0.261485337003854,0.261485337003854,TRUE,0,TRUE,TRUE,TRUE
"controlled_permutation","random",50,1,19,"identity",16,1,15,1,0.261485337003854,0.261485337003854,TRUE,0,TRUE,TRUE,TRUE
"controlled_permutation","random",50,1,19,"identity",16,1,16,1,0.261485337003854,0.261485337003854,TRUE,0,TRUE,TRUE,TRUE
"controlled_permutation","random",50,1,19,"identity",16,1,17,1,0.261485337003854,0.261485337003854,TRUE,0,TRUE,TRUE,TRUE
"controlled_permutation","random",50,1,19,"identity",16,1,18,1,0.261485337003854,0.261485337003854,TRUE,0,TRUE,TRUE,TRUE
"controlled_permutation","random",50,1,19,"identity",16,1,19,1,0.261485337003854,0.261485337003854,TRUE,0,TRUE,TRUE,TRUE
"controlled_permutation","random",50,1,19,"single_swap",2,1,1,1,0.261485337003854,0.261485337003854,TRUE,0,TRUE,TRUE,TRUE
"controlled_permutation","random",50,1,19,"single_swap",2,1,2,1,0.261484238220307,0.261484238220307,TRUE,0,TRUE,TRUE,TRUE
"controlled_permutation","random",50,1,19,"single_swap",2,1,3,1,0.262137457298165,0.262137457298165,TRUE,0,TRUE,TRUE,TRUE
"controlled_permutation","random",50,1,19,"single_swap",2,1,4,1,0.271944119457521,0.271944119457521,TRUE,0,TRUE,TRUE,TRUE
"controlled_permutation","random",50,1,19,"single_swap",2,1,5,1,0.261462148224734,0.261462148224734,TRUE,0,TRUE,TRUE,TRUE
"controlled_permutation","random",50,1,19,"single_swap",2,1,6,1,0.265039447545381,0.265039447545381,TRUE,0,TRUE,TRUE,TRUE
"controlled_permutation","random",50,1,19,"single_swap",2,1,7,1,0.261034178820932,0.261034178820932,TRUE,0,TRUE,TRUE,TRUE
"controlled_permutation","random",50,1,19,"single_swap",2,1,8,1,0.261449354165951,0.261449354165951,TRUE,0,TRUE,TRUE,TRUE
"controlled_permutation","random",50,1,19,"single_swap",2,1,9,1,0.261783398506528,0.261783398506528,TRUE,0,TRUE,TRUE,TRUE
"controlled_permutation","random",50,1,19,"single_swap",2,1,10,1,0.261031265087002,0.261031265087002,TRUE,0,TRUE,TRUE,TRUE
"controlled_permutation","random",50,1,19,"single_swap",2,1,11,1,0.263470727081087,0.263470727081087,TRUE,0,TRUE,TRUE,TRUE
"controlled_permutation","random",50,1,19,"single_swap",2,1,12,1,0.261646442704559,0.261646442704559,TRUE,0,TRUE,TRUE,TRUE
"controlled_permutation","random",50,1,19,"single_swap",2,1,13,1,0.267849773015795,0.267849773015795,TRUE,0,TRUE,TRUE,TRUE
"controlled_permutation","random",50,1,19,"single_swap",2,1,14,1,0.261517466233831,0.261517466233831,TRUE,0,TRUE,TRUE,TRUE
"controlled_permutation","random",50,1,19,"single_swap",2,1,15,1,0.255151625659422,0.255151625659422,TRUE,0,TRUE,TRUE,TRUE
"controlled_permutation","random",50,1,19,"single_swap",2,1,16,1,0.261498713214345,0.261498713214345,TRUE,0,TRUE,TRUE,TRUE
"controlled_permutation","random",50,1,19,"single_swap",2,1,17,1,0.26357461334754,0.26357461334754,TRUE,0,TRUE,TRUE,TRUE
"controlled_permutation","random",50,1,19,"single_swap",2,1,18,1,0.258930318346183,0.258930318346183,TRUE,0,TRUE,TRUE,TRUE
"controlled_permutation","random",50,1,19,"single_swap",2,1,19,1,0.261475473918774,0.261475473918774,TRUE,0,TRUE,TRUE,TRUE
"controlled_permutation","random",50,1,19,"single_swap",4,1,1,1,0.261485337003854,0.261485337003854,TRUE,0,TRUE,TRUE,TRUE
"controlled_permutation","random",50,1,19,"single_swap",4,1,2,1,0.261484238220307,0.261484238220307,TRUE,0,TRUE,TRUE,TRUE
"controlled_permutation","random",50,1,19,"single_swap",4,1,3,1,0.262137457298165,0.262137457298165,TRUE,0,TRUE,TRUE,TRUE
"controlled_permutation","random",50,1,19,"single_swap",4,1,4,1,0.271944119457521,0.271944119457521,TRUE,0,TRUE,TRUE,TRUE
"controlled_permutation","random",50,1,19,"single_swap",4,1,5,1,0.261462148224734,0.261462148224734,TRUE,0,TRUE,TRUE,TRUE
"controlled_permutation","random",50,1,19,"single_swap",4,1,6,1,0.265039447545381,0.265039447545381,TRUE,0,TRUE,TRUE,TRUE
"controlled_permutation","random",50,1,19,"single_swap",4,1,7,1,0.261034178820932,0.261034178820932,TRUE,0,TRUE,TRUE,TRUE
"controlled_permutation","random",50,1,19,"single_swap",4,1,8,1,0.261449354165951,0.261449354165951,TRUE,0,TRUE,TRUE,TRUE
"controlled_permutation","random",50,1,19,"single_swap",4,1,9,1,0.261783398506528,0.261783398506528,TRUE,0,TRUE,TRUE,TRUE
"controlled_permutation","random",50,1,19,"single_swap",4,1,10,1,0.261031265087002,0.261031265087002,TRUE,0,TRUE,TRUE,TRUE
"controlled_permutation","random",50,1,19,"single_swap",4,1,11,1,0.263470727081087,0.263470727081087,TRUE,0,TRUE,TRUE,TRUE
"controlled_permutation","random",50,1,19,"single_swap",4,1,12,1,0.261646442704559,0.261646442704559,TRUE,0,TRUE,TRUE,TRUE
"controlled_permutation","random",50,1,19,"single_swap",4,1,13,1,0.267849773015795,0.267849773015795,TRUE,0,TRUE,TRUE,TRUE
"controlled_permutation","random",50,1,19,"single_swap",4,1,14,1,0.261517466233831,0.261517466233831,TRUE,0,TRUE,TRUE,TRUE
"controlled_permutation","random",50,1,19,"single_swap",4,1,15,1,0.255151625659422,0.255151625659422,TRUE,0,TRUE,TRUE,TRUE
"controlled_permutation","random",50,1,19,"single_swap",4,1,16,1,0.261498713214345,0.261498713214345,TRUE,0,TRUE,TRUE,TRUE
"controlled_permutation","random",50,1,19,"single_swap",4,1,17,1,0.26357461334754,0.26357461334754,TRUE,0,TRUE,TRUE,TRUE
"controlled_permutation","random",50,1,19,"single_swap",4,1,18,1,0.258930318346183,0.258930318346183,TRUE,0,TRUE,TRUE,TRUE
"controlled_permutation","random",50,1,19,"single_swap",4,1,19,1,0.261475473918774,0.261475473918774,TRUE,0,TRUE,TRUE,TRUE
"controlled_permutation","random",50,1,19,"single_swap",8,1,1,1,0.261485337003854,0.261485337003854,TRUE,0,TRUE,TRUE,TRUE
"controlled_permutation","random",50,1,19,"single_swap",8,1,2,1,0.261484238220307,0.261484238220307,TRUE,0,TRUE,TRUE,TRUE
"controlled_permutation","random",50,1,19,"single_swap",8,1,3,1,0.262137457298165,0.262137457298165,TRUE,0,TRUE,TRUE,TRUE
"controlled_permutation","random",50,1,19,"single_swap",8,1,4,1,0.271944119457521,0.271944119457521,TRUE,0,TRUE,TRUE,TRUE
"controlled_permutation","random",50,1,19,"single_swap",8,1,5,1,0.261462148224734,0.261462148224734,TRUE,0,TRUE,TRUE,TRUE
"controlled_permutation","random",50,1,19,"single_swap",8,1,6,1,0.265039447545381,0.265039447545381,TRUE,0,TRUE,TRUE,TRUE
"controlled_permutation","random",50,1,19,"single_swap",8,1,7,1,0.261034178820932,0.261034178820932,TRUE,0,TRUE,TRUE,TRUE
"controlled_permutation","random",50,1,19,"single_swap",8,1,8,1,0.261449354165951,0.261449354165951,TRUE,0,TRUE,TRUE,TRUE
"controlled_permutation","random",50,1,19,"single_swap",8,1,9,1,0.261783398506528,0.261783398506528,TRUE,0,TRUE,TRUE,TRUE
"controlled_permutation","random",50,1,19,"single_swap",8,1,10,1,0.261031265087002,0.261031265087002,TRUE,0,TRUE,TRUE,TRUE
"controlled_permutation","random",50,1,19,"single_swap",8,1,11,1,0.263470727081087,0.263470727081087,TRUE,0,TRUE,TRUE,TRUE
"controlled_permutation","random",50,1,19,"single_swap",8,1,12,1,0.261646442704559,0.261646442704559,TRUE,0,TRUE,TRUE,TRUE
"controlled_permutation","random",50,1,19,"single_swap",8,1,13,1,0.267849773015795,0.267849773015795,TRUE,0,TRUE,TRUE,TRUE
"controlled_permutation","random",50,1,19,"single_swap",8,1,14,1,0.261517466233831,0.261517466233831,TRUE,0,TRUE,TRUE,TRUE
"controlled_permutation","random",50,1,19,"single_swap",8,1,15,1,0.255151625659422,0.255151625659422,TRUE,0,TRUE,TRUE,TRUE
"controlled_permutation","random",50,1,19,"single_swap",8,1,16,1,0.261498713214345,0.261498713214345,TRUE,0,TRUE,TRUE,TRUE
"controlled_permutation","random",50,1,19,"single_swap",8,1,17,1,0.26357461334754,0.26357461334754,TRUE,0,TRUE,TRUE,TRUE
"controlled_permutation","random",50,1,19,"single_swap",8,1,18,1,0.258930318346183,0.258930318346183,TRUE,0,TRUE,TRUE,TRUE
"controlled_permutation","random",50,1,19,"single_swap",8,1,19,1,0.261475473918774,0.261475473918774,TRUE,0,TRUE,TRUE,TRUE
"controlled_permutation","random",50,1,19,"single_swap",16,1,1,1,0.261485337003854,0.261485337003854,TRUE,0,TRUE,TRUE,TRUE
"controlled_permutation","random",50,1,19,"single_swap",16,1,2,1,0.261484238220307,0.261484238220307,TRUE,0,TRUE,TRUE,TRUE
"controlled_permutation","random",50,1,19,"single_swap",16,1,3,1,0.262137457298165,0.262137457298165,TRUE,0,TRUE,TRUE,TRUE
"controlled_permutation","random",50,1,19,"single_swap",16,1,4,1,0.271944119457521,0.271944119457521,TRUE,0,TRUE,TRUE,TRUE
"controlled_permutation","random",50,1,19,"single_swap",16,1,5,1,0.261462148224734,0.261462148224734,TRUE,0,TRUE,TRUE,TRUE
"controlled_permutation","random",50,1,19,"single_swap",16,1,6,1,0.265039447545381,0.265039447545381,TRUE,0,TRUE,TRUE,TRUE
"controlled_permutation","random",50,1,19,"single_swap",16,1,7,1,0.261034178820932,0.261034178820932,TRUE,0,TRUE,TRUE,TRUE
"controlled_permutation","random",50,1,19,"single_swap",16,1,8,1,0.261449354165951,0.261449354165951,TRUE,0,TRUE,TRUE,TRUE
"controlled_permutation","random",50,1,19,"single_swap",16,1,9,1,0.261783398506528,0.261783398506528,TRUE,0,TRUE,TRUE,TRUE
"controlled_permutation","random",50,1,19,"single_swap",16,1,10,1,0.261031265087002,0.261031265087002,TRUE,0,TRUE,TRUE,TRUE
"controlled_permutation","random",50,1,19,"single_swap",16,1,11,1,0.263470727081087,0.263470727081087,TRUE,0,TRUE,TRUE,TRUE
"controlled_permutation","random",50,1,19,"single_swap",16,1,12,1,0.261646442704559,0.261646442704559,TRUE,0,TRUE,TRUE,TRUE
"controlled_permutation","random",50,1,19,"single_swap",16,1,13,1,0.267849773015795,0.267849773015795,TRUE,0,TRUE,TRUE,TRUE
"controlled_permutation","random",50,1,19,"single_swap",16,1,14,1,0.261517466233831,0.261517466233831,TRUE,0,TRUE,TRUE,TRUE
"controlled_permutation","random",50,1,19,"single_swap",16,1,15,1,0.255151625659422,0.255151625659422,TRUE,0,TRUE,TRUE,TRUE
"controlled_permutation","random",50,1,19,"single_swap",16,1,16,1,0.261498713214345,0.261498713214345,TRUE,0,TRUE,TRUE,TRUE
"controlled_permutation","random",50,1,19,"single_swap",16,1,17,1,0.26357461334754,0.26357461334754,TRUE,0,TRUE,TRUE,TRUE
"controlled_permutation","random",50,1,19,"single_swap",16,1,18,1,0.258930318346183,0.258930318346183,TRUE,0,TRUE,TRUE,TRUE
"controlled_permutation","random",50,1,19,"single_swap",16,1,19,1,0.261475473918774,0.261475473918774,TRUE,0,TRUE,TRUE,TRUE
"controlled_permutation","random",50,1,19,"reverse",2,1,1,1,0.261485337003854,0.261485337003854,TRUE,0,TRUE,TRUE,TRUE
"controlled_permutation","random",50,1,19,"reverse",2,1,2,1,0.233021115826361,0.233021115826361,TRUE,0,TRUE,TRUE,TRUE
"controlled_permutation","random",50,1,19,"reverse",2,1,3,1,0.233021115826361,0.233021115826361,TRUE,0,TRUE,TRUE,TRUE
"controlled_permutation","random",50,1,19,"reverse",2,1,4,1,0.233021115826361,0.233021115826361,TRUE,0,TRUE,TRUE,TRUE
"controlled_permutation","random",50,1,19,"reverse",2,1,5,1,0.233021115826361,0.233021115826361,TRUE,0,TRUE,TRUE,TRUE
"controlled_permutation","random",50,1,19,"reverse",2,1,6,1,0.233021115826361,0.233021115826361,TRUE,0,TRUE,TRUE,TRUE
"controlled_permutation","random",50,1,19,"reverse",2,1,7,1,0.233021115826361,0.233021115826361,TRUE,0,TRUE,TRUE,TRUE
"controlled_permutation","random",50,1,19,"reverse",2,1,8,1,0.233021115826361,0.233021115826361,TRUE,0,TRUE,TRUE,TRUE
"controlled_permutation","random",50,1,19,"reverse",2,1,9,1,0.233021115826361,0.233021115826361,TRUE,0,TRUE,TRUE,TRUE
"controlled_permutation","random",50,1,19,"reverse",2,1,10,1,0.233021115826361,0.233021115826361,TRUE,0,TRUE,TRUE,TRUE
"controlled_permutation","random",50,1,19,"reverse",2,1,11,1,0.233021115826361,0.233021115826361,TRUE,0,TRUE,TRUE,TRUE
"controlled_permutation","random",50,1,19,"reverse",2,1,12,1,0.233021115826361,0.233021115826361,TRUE,0,TRUE,TRUE,TRUE
"controlled_permutation","random",50,1,19,"reverse",2,1,13,1,0.233021115826361,0.233021115826361,TRUE,0,TRUE,TRUE,TRUE
"controlled_permutation","random",50,1,19,"reverse",2,1,14,1,0.233021115826361,0.233021115826361,TRUE,0,TRUE,TRUE,TRUE
"controlled_permutation","random",50,1,19,"reverse",2,1,15,1,0.233021115826361,0.233021115826361,TRUE,0,TRUE,TRUE,TRUE
"controlled_permutation","random",50,1,19,"reverse",2,1,16,1,0.233021115826361,0.233021115826361,TRUE,0,TRUE,TRUE,TRUE
"controlled_permutation","random",50,1,19,"reverse",2,1,17,1,0.233021115826361,0.233021115826361,TRUE,0,TRUE,TRUE,TRUE
"controlled_permutation","random",50,1,19,"reverse",2,1,18,1,0.233021115826361,0.233021115826361,TRUE,0,TRUE,TRUE,TRUE
"controlled_permutation","random",50,1,19,"reverse",2,1,19,1,0.233021115826361,0.233021115826361,TRUE,0,TRUE,TRUE,TRUE
"controlled_permutation","random",50,1,19,"reverse",4,1,1,1,0.261485337003854,0.261485337003854,TRUE,0,TRUE,TRUE,TRUE
"controlled_permutation","random",50,1,19,"reverse",4,1,2,1,0.233021115826361,0.233021115826361,TRUE,0,TRUE,TRUE,TRUE
"controlled_permutation","random",50,1,19,"reverse",4,1,3,1,0.233021115826361,0.233021115826361,TRUE,0,TRUE,TRUE,TRUE
"controlled_permutation","random",50,1,19,"reverse",4,1,4,1,0.233021115826361,0.233021115826361,TRUE,0,TRUE,TRUE,TRUE
"controlled_permutation","random",50,1,19,"reverse",4,1,5,1,0.233021115826361,0.233021115826361,TRUE,0,TRUE,TRUE,TRUE
"controlled_permutation","random",50,1,19,"reverse",4,1,6,1,0.233021115826361,0.233021115826361,TRUE,0,TRUE,TRUE,TRUE
"controlled_permutation","random",50,1,19,"reverse",4,1,7,1,0.233021115826361,0.233021115826361,TRUE,0,TRUE,TRUE,TRUE
"controlled_permutation","random",50,1,19,"reverse",4,1,8,1,0.233021115826361,0.233021115826361,TRUE,0,TRUE,TRUE,TRUE
"controlled_permutation","random",50,1,19,"reverse",4,1,9,1,0.233021115826361,0.233021115826361,TRUE,0,TRUE,TRUE,TRUE
"controlled_permutation","random",50,1,19,"reverse",4,1,10,1,0.233021115826361,0.233021115826361,TRUE,0,TRUE,TRUE,TRUE
"controlled_permutation","random",50,1,19,"reverse",4,1,11,1,0.233021115826361,0.233021115826361,TRUE,0,TRUE,TRUE,TRUE
"controlled_permutation","random",50,1,19,"reverse",4,1,12,1,0.233021115826361,0.233021115826361,TRUE,0,TRUE,TRUE,TRUE
"controlled_permutation","random",50,1,19,"reverse",4,1,13,1,0.233021115826361,0.233021115826361,TRUE,0,TRUE,TRUE,TRUE
"controlled_permutation","random",50,1,19,"reverse",4,1,14,1,0.233021115826361,0.233021115826361,TRUE,0,TRUE,TRUE,TRUE
"controlled_permutation","random",50,1,19,"reverse",4,1,15,1,0.233021115826361,0.233021115826361,TRUE,0,TRUE,TRUE,TRUE
"controlled_permutation","random",50,1,19,"reverse",4,1,16,1,0.233021115826361,0.233021115826361,TRUE,0,TRUE,TRUE,TRUE
"controlled_permutation","random",50,1,19,"reverse",4,1,17,1,0.233021115826361,0.233021115826361,TRUE,0,TRUE,TRUE,TRUE
"controlled_permutation","random",50,1,19,"reverse",4,1,18,1,0.233021115826361,0.233021115826361,TRUE,0,TRUE,TRUE,TRUE
"controlled_permutation","random",50,1,19,"reverse",4,1,19,1,0.233021115826361,0.233021115826361,TRUE,0,TRUE,TRUE,TRUE
"controlled_permutation","random",50,1,19,"reverse",8,1,1,1,0.261485337003854,0.261485337003854,TRUE,0,TRUE,TRUE,TRUE
"controlled_permutation","random",50,1,19,"reverse",8,1,2,1,0.233021115826361,0.233021115826361,TRUE,0,TRUE,TRUE,TRUE
"controlled_permutation","random",50,1,19,"reverse",8,1,3,1,0.233021115826361,0.233021115826361,TRUE,0,TRUE,TRUE,TRUE
"controlled_permutation","random",50,1,19,"reverse",8,1,4,1,0.233021115826361,0.233021115826361,TRUE,0,TRUE,TRUE,TRUE
"controlled_permutation","random",50,1,19,"reverse",8,1,5,1,0.233021115826361,0.233021115826361,TRUE,0,TRUE,TRUE,TRUE
"controlled_permutation","random",50,1,19,"reverse",8,1,6,1,0.233021115826361,0.233021115826361,TRUE,0,TRUE,TRUE,TRUE
"controlled_permutation","random",50,1,19,"reverse",8,1,7,1,0.233021115826361,0.233021115826361,TRUE,0,TRUE,TRUE,TRUE
"controlled_permutation","random",50,1,19,"reverse",8,1,8,1,0.233021115826361,0.233021115826361,TRUE,0,TRUE,TRUE,TRUE
"controlled_permutation","random",50,1,19,"reverse",8,1,9,1,0.233021115826361,0.233021115826361,TRUE,0,TRUE,TRUE,TRUE
"controlled_permutation","random",50,1,19,"reverse",8,1,10,1,0.233021115826361,0.233021115826361,TRUE,0,TRUE,TRUE,TRUE
"controlled_permutation","random",50,1,19,"reverse",8,1,11,1,0.233021115826361,0.233021115826361,TRUE,0,TRUE,TRUE,TRUE
"controlled_permutation","random",50,1,19,"reverse",8,1,12,1,0.233021115826361,0.233021115826361,TRUE,0,TRUE,TRUE,TRUE
"controlled_permutation","random",50,1,19,"reverse",8,1,13,1,0.233021115826361,0.233021115826361,TRUE,0,TRUE,TRUE,TRUE
"controlled_permutation","random",50,1,19,"reverse",8,1,14,1,0.233021115826361,0.233021115826361,TRUE,0,TRUE,TRUE,TRUE
"controlled_permutation","random",50,1,19,"reverse",8,1,15,1,0.233021115826361,0.233021115826361,TRUE,0,TRUE,TRUE,TRUE
"controlled_permutation","random",50,1,19,"reverse",8,1,16,1,0.233021115826361,0.233021115826361,TRUE,0,TRUE,TRUE,TRUE
"controlled_permutation","random",50,1,19,"reverse",8,1,17,1,0.233021115826361,0.233021115826361,TRUE,0,TRUE,TRUE,TRUE
"controlled_permutation","random",50,1,19,"reverse",8,1,18,1,0.233021115826361,0.233021115826361,TRUE,0,TRUE,TRUE,TRUE
"controlled_permutation","random",50,1,19,"reverse",8,1,19,1,0.233021115826361,0.233021115826361,TRUE,0,TRUE,TRUE,TRUE
"controlled_permutation","random",50,1,19,"reverse",16,1,1,1,0.261485337003854,0.261485337003854,TRUE,0,TRUE,TRUE,TRUE
"controlled_permutation","random",50,1,19,"reverse",16,1,2,1,0.233021115826361,0.233021115826361,TRUE,0,TRUE,TRUE,TRUE
"controlled_permutation","random",50,1,19,"reverse",16,1,3,1,0.233021115826361,0.233021115826361,TRUE,0,TRUE,TRUE,TRUE
"controlled_permutation","random",50,1,19,"reverse",16,1,4,1,0.233021115826361,0.233021115826361,TRUE,0,TRUE,TRUE,TRUE
"controlled_permutation","random",50,1,19,"reverse",16,1,5,1,0.233021115826361,0.233021115826361,TRUE,0,TRUE,TRUE,TRUE
"controlled_permutation","random",50,1,19,"reverse",16,1,6,1,0.233021115826361,0.233021115826361,TRUE,0,TRUE,TRUE,TRUE
"controlled_permutation","random",50,1,19,"reverse",16,1,7,1,0.233021115826361,0.233021115826361,TRUE,0,TRUE,TRUE,TRUE
"controlled_permutation","random",50,1,19,"reverse",16,1,8,1,0.233021115826361,0.233021115826361,TRUE,0,TRUE,TRUE,TRUE
"controlled_permutation","random",50,1,19,"reverse",16,1,9,1,0.233021115826361,0.233021115826361,TRUE,0,TRUE,TRUE,TRUE
"controlled_permutation","random",50,1,19,"reverse",16,1,10,1,0.233021115826361,0.233021115826361,TRUE,0,TRUE,TRUE,TRUE
"controlled_permutation","random",50,1,19,"reverse",16,1,11,1,0.233021115826361,0.233021115826361,TRUE,0,TRUE,TRUE,TRUE
"controlled_permutation","random",50,1,19,"reverse",16,1,12,1,0.233021115826361,0.233021115826361,TRUE,0,TRUE,TRUE,TRUE
"controlled_permutation","random",50,1,19,"reverse",16,1,13,1,0.233021115826361,0.233021115826361,TRUE,0,TRUE,TRUE,TRUE
"controlled_permutation","random",50,1,19,"reverse",16,1,14,1,0.233021115826361,0.233021115826361,TRUE,0,TRUE,TRUE,TRUE
"controlled_permutation","random",50,1,19,"reverse",16,1,15,1,0.233021115826361,0.233021115826361,TRUE,0,TRUE,TRUE,TRUE
"controlled_permutation","random",50,1,19,"reverse",16,1,16,1,0.233021115826361,0.233021115826361,TRUE,0,TRUE,TRUE,TRUE
"controlled_permutation","random",50,1,19,"reverse",16,1,17,1,0.233021115826361,0.233021115826361,TRUE,0,TRUE,TRUE,TRUE
"controlled_permutation","random",50,1,19,"reverse",16,1,18,1,0.233021115826361,0.233021115826361,TRUE,0,TRUE,TRUE,TRUE
"controlled_permutation","random",50,1,19,"reverse",16,1,19,1,0.233021115826361,0.233021115826361,TRUE,0,TRUE,TRUE,TRUE
"controlled_permutation","random",50,1,19,"cyclic_shift",2,1,1,1,0.261485337003854,0.261485337003854,TRUE,0,TRUE,TRUE,TRUE
"controlled_permutation","random",50,1,19,"cyclic_shift",2,1,2,1,0.272099840282654,0.272099840282654,TRUE,0,TRUE,TRUE,TRUE
"controlled_permutation","random",50,1,19,"cyclic_shift",2,1,3,1,0.256848042998293,0.256848042998293,TRUE,0,TRUE,TRUE,TRUE
"controlled_permutation","random",50,1,19,"cyclic_shift",2,1,4,1,0.344539224355952,0.344539224355952,TRUE,0,TRUE,TRUE,TRUE
"controlled_permutation","random",50,1,19,"cyclic_shift",2,1,5,1,0.255018637343992,0.255018637343992,TRUE,0,TRUE,TRUE,TRUE
"controlled_permutation","random",50,1,19,"cyclic_shift",2,1,6,1,0.273609121688239,0.273609121688239,TRUE,0,TRUE,TRUE,TRUE
"controlled_permutation","random",50,1,19,"cyclic_shift",2,1,7,1,0.253845335387277,0.253845335387277,TRUE,0,TRUE,TRUE,TRUE
"controlled_permutation","random",50,1,19,"cyclic_shift",2,1,8,1,0.249690421073042,0.249690421073042,TRUE,0,TRUE,TRUE,TRUE
"controlled_permutation","random",50,1,19,"cyclic_shift",2,1,9,1,0.346975585992731,0.346975585992731,TRUE,0,TRUE,TRUE,TRUE
"controlled_permutation","random",50,1,19,"cyclic_shift",2,1,10,1,0.21615580348644,0.21615580348644,TRUE,0,TRUE,TRUE,TRUE
"controlled_permutation","random",50,1,19,"cyclic_shift",2,1,11,1,0.283317059320409,0.283317059320409,TRUE,0,TRUE,TRUE,TRUE
"controlled_permutation","random",50,1,19,"cyclic_shift",2,1,12,1,0.273293241236511,0.273293241236511,TRUE,0,TRUE,TRUE,TRUE
"controlled_permutation","random",50,1,19,"cyclic_shift",2,1,13,1,0.248711076821478,0.248711076821478,TRUE,0,TRUE,TRUE,TRUE
"controlled_permutation","random",50,1,19,"cyclic_shift",2,1,14,1,0.275415738483548,0.275415738483548,TRUE,0,TRUE,TRUE,TRUE
"controlled_permutation","random",50,1,19,"cyclic_shift",2,1,15,1,0.211660704855627,0.211660704855627,TRUE,0,TRUE,TRUE,TRUE
"controlled_permutation","random",50,1,19,"cyclic_shift",2,1,16,1,0.244502185408067,0.244502185408067,TRUE,0,TRUE,TRUE,TRUE
"controlled_permutation","random",50,1,19,"cyclic_shift",2,1,17,1,0.27115780538117,0.27115780538117,TRUE,0,TRUE,TRUE,TRUE
"controlled_permutation","random",50,1,19,"cyclic_shift",2,1,18,1,0.263599288993727,0.263599288993727,TRUE,0,TRUE,TRUE,TRUE
"controlled_permutation","random",50,1,19,"cyclic_shift",2,1,19,1,0.244750193025922,0.244750193025922,TRUE,0,TRUE,TRUE,TRUE
"controlled_permutation","random",50,1,19,"cyclic_shift",4,1,1,1,0.261485337003854,0.261485337003854,TRUE,0,TRUE,TRUE,TRUE
"controlled_permutation","random",50,1,19,"cyclic_shift",4,1,2,1,0.272099840282654,0.272099840282654,TRUE,0,TRUE,TRUE,TRUE
"controlled_permutation","random",50,1,19,"cyclic_shift",4,1,3,1,0.256848042998293,0.256848042998293,TRUE,0,TRUE,TRUE,TRUE
"controlled_permutation","random",50,1,19,"cyclic_shift",4,1,4,1,0.344539224355952,0.344539224355952,TRUE,0,TRUE,TRUE,TRUE
"controlled_permutation","random",50,1,19,"cyclic_shift",4,1,5,1,0.255018637343992,0.255018637343992,TRUE,0,TRUE,TRUE,TRUE
"controlled_permutation","random",50,1,19,"cyclic_shift",4,1,6,1,0.273609121688239,0.273609121688239,TRUE,0,TRUE,TRUE,TRUE
"controlled_permutation","random",50,1,19,"cyclic_shift",4,1,7,1,0.253845335387277,0.253845335387277,TRUE,0,TRUE,TRUE,TRUE
"controlled_permutation","random",50,1,19,"cyclic_shift",4,1,8,1,0.249690421073042,0.249690421073042,TRUE,0,TRUE,TRUE,TRUE
"controlled_permutation","random",50,1,19,"cyclic_shift",4,1,9,1,0.346975585992731,0.346975585992731,TRUE,0,TRUE,TRUE,TRUE
"controlled_permutation","random",50,1,19,"cyclic_shift",4,1,10,1,0.21615580348644,0.21615580348644,TRUE,0,TRUE,TRUE,TRUE
"controlled_permutation","random",50,1,19,"cyclic_shift",4,1,11,1,0.283317059320409,0.283317059320409,TRUE,0,TRUE,TRUE,TRUE
"controlled_permutation","random",50,1,19,"cyclic_shift",4,1,12,1,0.273293241236511,0.273293241236511,TRUE,0,TRUE,TRUE,TRUE
"controlled_permutation","random",50,1,19,"cyclic_shift",4,1,13,1,0.248711076821478,0.248711076821478,TRUE,0,TRUE,TRUE,TRUE
"controlled_permutation","random",50,1,19,"cyclic_shift",4,1,14,1,0.275415738483548,0.275415738483548,TRUE,0,TRUE,TRUE,TRUE
"controlled_permutation","random",50,1,19,"cyclic_shift",4,1,15,1,0.211660704855627,0.211660704855627,TRUE,0,TRUE,TRUE,TRUE
"controlled_permutation","random",50,1,19,"cyclic_shift",4,1,16,1,0.244502185408067,0.244502185408067,TRUE,0,TRUE,TRUE,TRUE
"controlled_permutation","random",50,1,19,"cyclic_shift",4,1,17,1,0.27115780538117,0.27115780538117,TRUE,0,TRUE,TRUE,TRUE
"controlled_permutation","random",50,1,19,"cyclic_shift",4,1,18,1,0.263599288993727,0.263599288993727,TRUE,0,TRUE,TRUE,TRUE
"controlled_permutation","random",50,1,19,"cyclic_shift",4,1,19,1,0.244750193025922,0.244750193025922,TRUE,0,TRUE,TRUE,TRUE
"controlled_permutation","random",50,1,19,"cyclic_shift",8,1,1,1,0.261485337003854,0.261485337003854,TRUE,0,TRUE,TRUE,TRUE
"controlled_permutation","random",50,1,19,"cyclic_shift",8,1,2,1,0.272099840282654,0.272099840282654,TRUE,0,TRUE,TRUE,TRUE
"controlled_permutation","random",50,1,19,"cyclic_shift",8,1,3,1,0.256848042998293,0.256848042998293,TRUE,0,TRUE,TRUE,TRUE
"controlled_permutation","random",50,1,19,"cyclic_shift",8,1,4,1,0.344539224355952,0.344539224355952,TRUE,0,TRUE,TRUE,TRUE
"controlled_permutation","random",50,1,19,"cyclic_shift",8,1,5,1,0.255018637343992,0.255018637343992,TRUE,0,TRUE,TRUE,TRUE
"controlled_permutation","random",50,1,19,"cyclic_shift",8,1,6,1,0.273609121688239,0.273609121688239,TRUE,0,TRUE,TRUE,TRUE
"controlled_permutation","random",50,1,19,"cyclic_shift",8,1,7,1,0.253845335387277,0.253845335387277,TRUE,0,TRUE,TRUE,TRUE
"controlled_permutation","random",50,1,19,"cyclic_shift",8,1,8,1,0.249690421073042,0.249690421073042,TRUE,0,TRUE,TRUE,TRUE
"controlled_permutation","random",50,1,19,"cyclic_shift",8,1,9,1,0.346975585992731,0.346975585992731,TRUE,0,TRUE,TRUE,TRUE
"controlled_permutation","random",50,1,19,"cyclic_shift",8,1,10,1,0.21615580348644,0.21615580348644,TRUE,0,TRUE,TRUE,TRUE
"controlled_permutation","random",50,1,19,"cyclic_shift",8,1,11,1,0.283317059320409,0.283317059320409,TRUE,0,TRUE,TRUE,TRUE
"controlled_permutation","random",50,1,19,"cyclic_shift",8,1,12,1,0.273293241236511,0.273293241236511,TRUE,0,TRUE,TRUE,TRUE
"controlled_permutation","random",50,1,19,"cyclic_shift",8,1,13,1,0.248711076821478,0.248711076821478,TRUE,0,TRUE,TRUE,TRUE
"controlled_permutation","random",50,1,19,"cyclic_shift",8,1,14,1,0.275415738483548,0.275415738483548,TRUE,0,TRUE,TRUE,TRUE
"controlled_permutation","random",50,1,19,"cyclic_shift",8,1,15,1,0.211660704855627,0.211660704855627,TRUE,0,TRUE,TRUE,TRUE
"controlled_permutation","random",50,1,19,"cyclic_shift",8,1,16,1,0.244502185408067,0.244502185408067,TRUE,0,TRUE,TRUE,TRUE
"controlled_permutation","random",50,1,19,"cyclic_shift",8,1,17,1,0.27115780538117,0.27115780538117,TRUE,0,TRUE,TRUE,TRUE
"controlled_permutation","random",50,1,19,"cyclic_shift",8,1,18,1,0.263599288993727,0.263599288993727,TRUE,0,TRUE,TRUE,TRUE
"controlled_permutation","random",50,1,19,"cyclic_shift",8,1,19,1,0.244750193025922,0.244750193025922,TRUE,0,TRUE,TRUE,TRUE
"controlled_permutation","random",50,1,19,"cyclic_shift",16,1,1,1,0.261485337003854,0.261485337003854,TRUE,0,TRUE,TRUE,TRUE
"controlled_permutation","random",50,1,19,"cyclic_shift",16,1,2,1,0.272099840282654,0.272099840282654,TRUE,0,TRUE,TRUE,TRUE
"controlled_permutation","random",50,1,19,"cyclic_shift",16,1,3,1,0.256848042998293,0.256848042998293,TRUE,0,TRUE,TRUE,TRUE
"controlled_permutation","random",50,1,19,"cyclic_shift",16,1,4,1,0.344539224355952,0.344539224355952,TRUE,0,TRUE,TRUE,TRUE
"controlled_permutation","random",50,1,19,"cyclic_shift",16,1,5,1,0.255018637343992,0.255018637343992,TRUE,0,TRUE,TRUE,TRUE
"controlled_permutation","random",50,1,19,"cyclic_shift",16,1,6,1,0.273609121688239,0.273609121688239,TRUE,0,TRUE,TRUE,TRUE
"controlled_permutation","random",50,1,19,"cyclic_shift",16,1,7,1,0.253845335387277,0.253845335387277,TRUE,0,TRUE,TRUE,TRUE
"controlled_permutation","random",50,1,19,"cyclic_shift",16,1,8,1,0.249690421073042,0.249690421073042,TRUE,0,TRUE,TRUE,TRUE
"controlled_permutation","random",50,1,19,"cyclic_shift",16,1,9,1,0.346975585992731,0.346975585992731,TRUE,0,TRUE,TRUE,TRUE
"controlled_permutation","random",50,1,19,"cyclic_shift",16,1,10,1,0.21615580348644,0.21615580348644,TRUE,0,TRUE,TRUE,TRUE
"controlled_permutation","random",50,1,19,"cyclic_shift",16,1,11,1,0.283317059320409,0.283317059320409,TRUE,0,TRUE,TRUE,TRUE
"controlled_permutation","random",50,1,19,"cyclic_shift",16,1,12,1,0.273293241236511,0.273293241236511,TRUE,0,TRUE,TRUE,TRUE
"controlled_permutation","random",50,1,19,"cyclic_shift",16,1,13,1,0.248711076821478,0.248711076821478,TRUE,0,TRUE,TRUE,TRUE
"controlled_permutation","random",50,1,19,"cyclic_shift",16,1,14,1,0.275415738483548,0.275415738483548,TRUE,0,TRUE,TRUE,TRUE
"controlled_permutation","random",50,1,19,"cyclic_shift",16,1,15,1,0.211660704855627,0.211660704855627,TRUE,0,TRUE,TRUE,TRUE
"controlled_permutation","random",50,1,19,"cyclic_shift",16,1,16,1,0.244502185408067,0.244502185408067,TRUE,0,TRUE,TRUE,TRUE
"controlled_permutation","random",50,1,19,"cyclic_shift",16,1,17,1,0.27115780538117,0.27115780538117,TRUE,0,TRUE,TRUE,TRUE
"controlled_permutation","random",50,1,19,"cyclic_shift",16,1,18,1,0.263599288993727,0.263599288993727,TRUE,0,TRUE,TRUE,TRUE
"controlled_permutation","random",50,1,19,"cyclic_shift",16,1,19,1,0.244750193025922,0.244750193025922,TRUE,0,TRUE,TRUE,TRUE
"controlled_permutation","random",50,1,19,"fixed_random",2,1,1,1,0.261485337003854,0.261485337003854,TRUE,0,TRUE,TRUE,TRUE
"controlled_permutation","random",50,1,19,"fixed_random",2,1,2,1,0.249851153875488,0.249851153875488,TRUE,0,TRUE,TRUE,TRUE
"controlled_permutation","random",50,1,19,"fixed_random",2,1,3,1,0.253895396371047,0.253895396371047,TRUE,0,TRUE,TRUE,TRUE
"controlled_permutation","random",50,1,19,"fixed_random",2,1,4,1,0.223777753140765,0.223777753140765,TRUE,0,TRUE,TRUE,TRUE
"controlled_permutation","random",50,1,19,"fixed_random",2,1,5,1,0.277548152740137,0.277548152740137,TRUE,0,TRUE,TRUE,TRUE
"controlled_permutation","random",50,1,19,"fixed_random",2,1,6,1,0.219100333124877,0.219100333124877,TRUE,0,TRUE,TRUE,TRUE
"controlled_permutation","random",50,1,19,"fixed_random",2,1,7,1,0.261574548936465,0.261574548936465,TRUE,0,TRUE,TRUE,TRUE
"controlled_permutation","random",50,1,19,"fixed_random",2,1,8,1,0.352391784098181,0.352391784098181,TRUE,0,TRUE,TRUE,TRUE
"controlled_permutation","random",50,1,19,"fixed_random",2,1,9,1,0.24915183097563,0.24915183097563,TRUE,0,TRUE,TRUE,TRUE
"controlled_permutation","random",50,1,19,"fixed_random",2,1,10,1,0.230514212912953,0.230514212912953,TRUE,0,TRUE,TRUE,TRUE
"controlled_permutation","random",50,1,19,"fixed_random",2,1,11,1,0.256162163581297,0.256162163581297,TRUE,0,TRUE,TRUE,TRUE
"controlled_permutation","random",50,1,19,"fixed_random",2,1,12,1,0.219680343686411,0.219680343686411,TRUE,0,TRUE,TRUE,TRUE
"controlled_permutation","random",50,1,19,"fixed_random",2,1,13,1,0.267999809168237,0.267999809168237,TRUE,0,TRUE,TRUE,TRUE
"controlled_permutation","random",50,1,19,"fixed_random",2,1,14,1,0.283562137141545,0.283562137141545,TRUE,0,TRUE,TRUE,TRUE
"controlled_permutation","random",50,1,19,"fixed_random",2,1,15,1,0.219604314803385,0.219604314803385,TRUE,0,TRUE,TRUE,TRUE
"controlled_permutation","random",50,1,19,"fixed_random",2,1,16,1,0.218475901398573,0.218475901398573,TRUE,0,TRUE,TRUE,TRUE
"controlled_permutation","random",50,1,19,"fixed_random",2,1,17,1,0.225705740843275,0.225705740843275,TRUE,0,TRUE,TRUE,TRUE
"controlled_permutation","random",50,1,19,"fixed_random",2,1,18,1,0.218987129800964,0.218987129800964,TRUE,0,TRUE,TRUE,TRUE
"controlled_permutation","random",50,1,19,"fixed_random",2,1,19,1,0.26988692652201,0.26988692652201,TRUE,0,TRUE,TRUE,TRUE
"controlled_permutation","random",50,1,19,"fixed_random",4,1,1,1,0.261485337003854,0.261485337003854,TRUE,0,TRUE,TRUE,TRUE
"controlled_permutation","random",50,1,19,"fixed_random",4,1,2,1,0.249851153875488,0.249851153875488,TRUE,0,TRUE,TRUE,TRUE
"controlled_permutation","random",50,1,19,"fixed_random",4,1,3,1,0.253895396371047,0.253895396371047,TRUE,0,TRUE,TRUE,TRUE
"controlled_permutation","random",50,1,19,"fixed_random",4,1,4,1,0.223777753140765,0.223777753140765,TRUE,0,TRUE,TRUE,TRUE
"controlled_permutation","random",50,1,19,"fixed_random",4,1,5,1,0.277548152740137,0.277548152740137,TRUE,0,TRUE,TRUE,TRUE
"controlled_permutation","random",50,1,19,"fixed_random",4,1,6,1,0.219100333124877,0.219100333124877,TRUE,0,TRUE,TRUE,TRUE
"controlled_permutation","random",50,1,19,"fixed_random",4,1,7,1,0.261574548936465,0.261574548936465,TRUE,0,TRUE,TRUE,TRUE
"controlled_permutation","random",50,1,19,"fixed_random",4,1,8,1,0.352391784098181,0.352391784098181,TRUE,0,TRUE,TRUE,TRUE
"controlled_permutation","random",50,1,19,"fixed_random",4,1,9,1,0.24915183097563,0.24915183097563,TRUE,0,TRUE,TRUE,TRUE
"controlled_permutation","random",50,1,19,"fixed_random",4,1,10,1,0.230514212912953,0.230514212912953,TRUE,0,TRUE,TRUE,TRUE
"controlled_permutation","random",50,1,19,"fixed_random",4,1,11,1,0.256162163581297,0.256162163581297,TRUE,0,TRUE,TRUE,TRUE
"controlled_permutation","random",50,1,19,"fixed_random",4,1,12,1,0.219680343686411,0.219680343686411,TRUE,0,TRUE,TRUE,TRUE
"controlled_permutation","random",50,1,19,"fixed_random",4,1,13,1,0.267999809168237,0.267999809168237,TRUE,0,TRUE,TRUE,TRUE
"controlled_permutation","random",50,1,19,"fixed_random",4,1,14,1,0.283562137141545,0.283562137141545,TRUE,0,TRUE,TRUE,TRUE
"controlled_permutation","random",50,1,19,"fixed_random",4,1,15,1,0.219604314803385,0.219604314803385,TRUE,0,TRUE,TRUE,TRUE
"controlled_permutation","random",50,1,19,"fixed_random",4,1,16,1,0.218475901398573,0.218475901398573,TRUE,0,TRUE,TRUE,TRUE
"controlled_permutation","random",50,1,19,"fixed_random",4,1,17,1,0.225705740843275,0.225705740843275,TRUE,0,TRUE,TRUE,TRUE
"controlled_permutation","random",50,1,19,"fixed_random",4,1,18,1,0.218987129800964,0.218987129800964,TRUE,0,TRUE,TRUE,TRUE
"controlled_permutation","random",50,1,19,"fixed_random",4,1,19,1,0.26988692652201,0.26988692652201,TRUE,0,TRUE,TRUE,TRUE
"controlled_permutation","random",50,1,19,"fixed_random",8,1,1,1,0.261485337003854,0.261485337003854,TRUE,0,TRUE,TRUE,TRUE
"controlled_permutation","random",50,1,19,"fixed_random",8,1,2,1,0.249851153875488,0.249851153875488,TRUE,0,TRUE,TRUE,TRUE
"controlled_permutation","random",50,1,19,"fixed_random",8,1,3,1,0.253895396371047,0.253895396371047,TRUE,0,TRUE,TRUE,TRUE
"controlled_permutation","random",50,1,19,"fixed_random",8,1,4,1,0.223777753140765,0.223777753140765,TRUE,0,TRUE,TRUE,TRUE
"controlled_permutation","random",50,1,19,"fixed_random",8,1,5,1,0.277548152740137,0.277548152740137,TRUE,0,TRUE,TRUE,TRUE
"controlled_permutation","random",50,1,19,"fixed_random",8,1,6,1,0.219100333124877,0.219100333124877,TRUE,0,TRUE,TRUE,TRUE
"controlled_permutation","random",50,1,19,"fixed_random",8,1,7,1,0.261574548936465,0.261574548936465,TRUE,0,TRUE,TRUE,TRUE
"controlled_permutation","random",50,1,19,"fixed_random",8,1,8,1,0.352391784098181,0.352391784098181,TRUE,0,TRUE,TRUE,TRUE
"controlled_permutation","random",50,1,19,"fixed_random",8,1,9,1,0.24915183097563,0.24915183097563,TRUE,0,TRUE,TRUE,TRUE
"controlled_permutation","random",50,1,19,"fixed_random",8,1,10,1,0.230514212912953,0.230514212912953,TRUE,0,TRUE,TRUE,TRUE
"controlled_permutation","random",50,1,19,"fixed_random",8,1,11,1,0.256162163581297,0.256162163581297,TRUE,0,TRUE,TRUE,TRUE
"controlled_permutation","random",50,1,19,"fixed_random",8,1,12,1,0.219680343686411,0.219680343686411,TRUE,0,TRUE,TRUE,TRUE
"controlled_permutation","random",50,1,19,"fixed_random",8,1,13,1,0.267999809168237,0.267999809168237,TRUE,0,TRUE,TRUE,TRUE
"controlled_permutation","random",50,1,19,"fixed_random",8,1,14,1,0.283562137141545,0.283562137141545,TRUE,0,TRUE,TRUE,TRUE
"controlled_permutation","random",50,1,19,"fixed_random",8,1,15,1,0.219604314803385,0.219604314803385,TRUE,0,TRUE,TRUE,TRUE
"controlled_permutation","random",50,1,19,"fixed_random",8,1,16,1,0.218475901398573,0.218475901398573,TRUE,0,TRUE,TRUE,TRUE
"controlled_permutation","random",50,1,19,"fixed_random",8,1,17,1,0.225705740843275,0.225705740843275,TRUE,0,TRUE,TRUE,TRUE
"controlled_permutation","random",50,1,19,"fixed_random",8,1,18,1,0.218987129800964,0.218987129800964,TRUE,0,TRUE,TRUE,TRUE
"controlled_permutation","random",50,1,19,"fixed_random",8,1,19,1,0.26988692652201,0.26988692652201,TRUE,0,TRUE,TRUE,TRUE
"controlled_permutation","random",50,1,19,"fixed_random",16,1,1,1,0.261485337003854,0.261485337003854,TRUE,0,TRUE,TRUE,TRUE
"controlled_permutation","random",50,1,19,"fixed_random",16,1,2,1,0.249851153875488,0.249851153875488,TRUE,0,TRUE,TRUE,TRUE
"controlled_permutation","random",50,1,19,"fixed_random",16,1,3,1,0.253895396371047,0.253895396371047,TRUE,0,TRUE,TRUE,TRUE
"controlled_permutation","random",50,1,19,"fixed_random",16,1,4,1,0.223777753140765,0.223777753140765,TRUE,0,TRUE,TRUE,TRUE
"controlled_permutation","random",50,1,19,"fixed_random",16,1,5,1,0.277548152740137,0.277548152740137,TRUE,0,TRUE,TRUE,TRUE
"controlled_permutation","random",50,1,19,"fixed_random",16,1,6,1,0.219100333124877,0.219100333124877,TRUE,0,TRUE,TRUE,TRUE
"controlled_permutation","random",50,1,19,"fixed_random",16,1,7,1,0.261574548936465,0.261574548936465,TRUE,0,TRUE,TRUE,TRUE
"controlled_permutation","random",50,1,19,"fixed_random",16,1,8,1,0.352391784098181,0.352391784098181,TRUE,0,TRUE,TRUE,TRUE
"controlled_permutation","random",50,1,19,"fixed_random",16,1,9,1,0.24915183097563,0.24915183097563,TRUE,0,TRUE,TRUE,TRUE
"controlled_permutation","random",50,1,19,"fixed_random",16,1,10,1,0.230514212912953,0.230514212912953,TRUE,0,TRUE,TRUE,TRUE
"controlled_permutation","random",50,1,19,"fixed_random",16,1,11,1,0.256162163581297,0.256162163581297,TRUE,0,TRUE,TRUE,TRUE
"controlled_permutation","random",50,1,19,"fixed_random",16,1,12,1,0.219680343686411,0.219680343686411,TRUE,0,TRUE,TRUE,TRUE
"controlled_permutation","random",50,1,19,"fixed_random",16,1,13,1,0.267999809168237,0.267999809168237,TRUE,0,TRUE,TRUE,TRUE
"controlled_permutation","random",50,1,19,"fixed_random",16,1,14,1,0.283562137141545,0.283562137141545,TRUE,0,TRUE,TRUE,TRUE
"controlled_permutation","random",50,1,19,"fixed_random",16,1,15,1,0.219604314803385,0.219604314803385,TRUE,0,TRUE,TRUE,TRUE
"controlled_permutation","random",50,1,19,"fixed_random",16,1,16,1,0.218475901398573,0.218475901398573,TRUE,0,TRUE,TRUE,TRUE
"controlled_permutation","random",50,1,19,"fixed_random",16,1,17,1,0.225705740843275,0.225705740843275,TRUE,0,TRUE,TRUE,TRUE
"controlled_permutation","random",50,1,19,"fixed_random",16,1,18,1,0.218987129800964,0.218987129800964,TRUE,0,TRUE,TRUE,TRUE
"controlled_permutation","random",50,1,19,"fixed_random",16,1,19,1,0.26988692652201,0.26988692652201,TRUE,0,TRUE,TRUE,TRUE
"controlled_permutation","random",50,1,19,"adversarial",2,1,1,1,0.261485337003854,0.261485337003854,TRUE,0,TRUE,TRUE,TRUE
"controlled_permutation","random",50,1,19,"adversarial",2,1,2,1,0.265538669170735,0.265538669170735,TRUE,0,TRUE,TRUE,TRUE
"controlled_permutation","random",50,1,19,"adversarial",2,1,3,1,0.253568542005377,0.253568542005377,TRUE,0,TRUE,TRUE,TRUE
"controlled_permutation","random",50,1,19,"adversarial",2,1,4,1,0.235134469858878,0.235134469858878,TRUE,0,TRUE,TRUE,TRUE
"controlled_permutation","random",50,1,19,"adversarial",2,1,5,1,0.248556981278127,0.248556981278127,TRUE,0,TRUE,TRUE,TRUE
"controlled_permutation","random",50,1,19,"adversarial",2,1,6,1,0.265538669170735,0.265538669170735,TRUE,0,TRUE,TRUE,TRUE
"controlled_permutation","random",50,1,19,"adversarial",2,1,7,1,0.253568542005377,0.253568542005377,TRUE,0,TRUE,TRUE,TRUE
"controlled_permutation","random",50,1,19,"adversarial",2,1,8,1,0.235134469858878,0.235134469858878,TRUE,0,TRUE,TRUE,TRUE
"controlled_permutation","random",50,1,19,"adversarial",2,1,9,1,0.248556981278127,0.248556981278127,TRUE,0,TRUE,TRUE,TRUE
"controlled_permutation","random",50,1,19,"adversarial",2,1,10,1,0.265538669170735,0.265538669170735,TRUE,0,TRUE,TRUE,TRUE
"controlled_permutation","random",50,1,19,"adversarial",2,1,11,1,0.253568542005377,0.253568542005377,TRUE,0,TRUE,TRUE,TRUE
"controlled_permutation","random",50,1,19,"adversarial",2,1,12,1,0.235134469858878,0.235134469858878,TRUE,0,TRUE,TRUE,TRUE
"controlled_permutation","random",50,1,19,"adversarial",2,1,13,1,0.248556981278127,0.248556981278127,TRUE,0,TRUE,TRUE,TRUE
"controlled_permutation","random",50,1,19,"adversarial",2,1,14,1,0.265538669170735,0.265538669170735,TRUE,0,TRUE,TRUE,TRUE
"controlled_permutation","random",50,1,19,"adversarial",2,1,15,1,0.253568542005377,0.253568542005377,TRUE,0,TRUE,TRUE,TRUE
"controlled_permutation","random",50,1,19,"adversarial",2,1,16,1,0.235134469858878,0.235134469858878,TRUE,0,TRUE,TRUE,TRUE
"controlled_permutation","random",50,1,19,"adversarial",2,1,17,1,0.248556981278127,0.248556981278127,TRUE,0,TRUE,TRUE,TRUE
"controlled_permutation","random",50,1,19,"adversarial",2,1,18,1,0.265538669170735,0.265538669170735,TRUE,0,TRUE,TRUE,TRUE
"controlled_permutation","random",50,1,19,"adversarial",2,1,19,1,0.253568542005377,0.253568542005377,TRUE,0,TRUE,TRUE,TRUE
"controlled_permutation","random",50,1,19,"adversarial",4,1,1,1,0.261485337003854,0.261485337003854,TRUE,0,TRUE,TRUE,TRUE
"controlled_permutation","random",50,1,19,"adversarial",4,1,2,1,0.265538669170735,0.265538669170735,TRUE,0,TRUE,TRUE,TRUE
"controlled_permutation","random",50,1,19,"adversarial",4,1,3,1,0.253568542005377,0.253568542005377,TRUE,0,TRUE,TRUE,TRUE
"controlled_permutation","random",50,1,19,"adversarial",4,1,4,1,0.235134469858878,0.235134469858878,TRUE,0,TRUE,TRUE,TRUE
"controlled_permutation","random",50,1,19,"adversarial",4,1,5,1,0.248556981278127,0.248556981278127,TRUE,0,TRUE,TRUE,TRUE
"controlled_permutation","random",50,1,19,"adversarial",4,1,6,1,0.265538669170735,0.265538669170735,TRUE,0,TRUE,TRUE,TRUE
"controlled_permutation","random",50,1,19,"adversarial",4,1,7,1,0.253568542005377,0.253568542005377,TRUE,0,TRUE,TRUE,TRUE
"controlled_permutation","random",50,1,19,"adversarial",4,1,8,1,0.235134469858878,0.235134469858878,TRUE,0,TRUE,TRUE,TRUE
"controlled_permutation","random",50,1,19,"adversarial",4,1,9,1,0.248556981278127,0.248556981278127,TRUE,0,TRUE,TRUE,TRUE
"controlled_permutation","random",50,1,19,"adversarial",4,1,10,1,0.265538669170735,0.265538669170735,TRUE,0,TRUE,TRUE,TRUE
"controlled_permutation","random",50,1,19,"adversarial",4,1,11,1,0.253568542005377,0.253568542005377,TRUE,0,TRUE,TRUE,TRUE
"controlled_permutation","random",50,1,19,"adversarial",4,1,12,1,0.235134469858878,0.235134469858878,TRUE,0,TRUE,TRUE,TRUE
"controlled_permutation","random",50,1,19,"adversarial",4,1,13,1,0.248556981278127,0.248556981278127,TRUE,0,TRUE,TRUE,TRUE
"controlled_permutation","random",50,1,19,"adversarial",4,1,14,1,0.265538669170735,0.265538669170735,TRUE,0,TRUE,TRUE,TRUE
"controlled_permutation","random",50,1,19,"adversarial",4,1,15,1,0.253568542005377,0.253568542005377,TRUE,0,TRUE,TRUE,TRUE
"controlled_permutation","random",50,1,19,"adversarial",4,1,16,1,0.235134469858878,0.235134469858878,TRUE,0,TRUE,TRUE,TRUE
"controlled_permutation","random",50,1,19,"adversarial",4,1,17,1,0.248556981278127,0.248556981278127,TRUE,0,TRUE,TRUE,TRUE
"controlled_permutation","random",50,1,19,"adversarial",4,1,18,1,0.265538669170735,0.265538669170735,TRUE,0,TRUE,TRUE,TRUE
"controlled_permutation","random",50,1,19,"adversarial",4,1,19,1,0.253568542005377,0.253568542005377,TRUE,0,TRUE,TRUE,TRUE
"controlled_permutation","random",50,1,19,"adversarial",8,1,1,1,0.261485337003854,0.261485337003854,TRUE,0,TRUE,TRUE,TRUE
"controlled_permutation","random",50,1,19,"adversarial",8,1,2,1,0.265538669170735,0.265538669170735,TRUE,0,TRUE,TRUE,TRUE
"controlled_permutation","random",50,1,19,"adversarial",8,1,3,1,0.253568542005377,0.253568542005377,TRUE,0,TRUE,TRUE,TRUE
"controlled_permutation","random",50,1,19,"adversarial",8,1,4,1,0.235134469858878,0.235134469858878,TRUE,0,TRUE,TRUE,TRUE
"controlled_permutation","random",50,1,19,"adversarial",8,1,5,1,0.248556981278127,0.248556981278127,TRUE,0,TRUE,TRUE,TRUE
"controlled_permutation","random",50,1,19,"adversarial",8,1,6,1,0.265538669170735,0.265538669170735,TRUE,0,TRUE,TRUE,TRUE
"controlled_permutation","random",50,1,19,"adversarial",8,1,7,1,0.253568542005377,0.253568542005377,TRUE,0,TRUE,TRUE,TRUE
"controlled_permutation","random",50,1,19,"adversarial",8,1,8,1,0.235134469858878,0.235134469858878,TRUE,0,TRUE,TRUE,TRUE
"controlled_permutation","random",50,1,19,"adversarial",8,1,9,1,0.248556981278127,0.248556981278127,TRUE,0,TRUE,TRUE,TRUE
"controlled_permutation","random",50,1,19,"adversarial",8,1,10,1,0.265538669170735,0.265538669170735,TRUE,0,TRUE,TRUE,TRUE
"controlled_permutation","random",50,1,19,"adversarial",8,1,11,1,0.253568542005377,0.253568542005377,TRUE,0,TRUE,TRUE,TRUE
"controlled_permutation","random",50,1,19,"adversarial",8,1,12,1,0.235134469858878,0.235134469858878,TRUE,0,TRUE,TRUE,TRUE
"controlled_permutation","random",50,1,19,"adversarial",8,1,13,1,0.248556981278127,0.248556981278127,TRUE,0,TRUE,TRUE,TRUE
"controlled_permutation","random",50,1,19,"adversarial",8,1,14,1,0.265538669170735,0.265538669170735,TRUE,0,TRUE,TRUE,TRUE
"controlled_permutation","random",50,1,19,"adversarial",8,1,15,1,0.253568542005377,0.253568542005377,TRUE,0,TRUE,TRUE,TRUE
"controlled_permutation","random",50,1,19,"adversarial",8,1,16,1,0.235134469858878,0.235134469858878,TRUE,0,TRUE,TRUE,TRUE
"controlled_permutation","random",50,1,19,"adversarial",8,1,17,1,0.248556981278127,0.248556981278127,TRUE,0,TRUE,TRUE,TRUE
"controlled_permutation","random",50,1,19,"adversarial",8,1,18,1,0.265538669170735,0.265538669170735,TRUE,0,TRUE,TRUE,TRUE
"controlled_permutation","random",50,1,19,"adversarial",8,1,19,1,0.253568542005377,0.253568542005377,TRUE,0,TRUE,TRUE,TRUE
"controlled_permutation","random",50,1,19,"adversarial",16,1,1,1,0.261485337003854,0.261485337003854,TRUE,0,TRUE,TRUE,TRUE
"controlled_permutation","random",50,1,19,"adversarial",16,1,2,1,0.265538669170735,0.265538669170735,TRUE,0,TRUE,TRUE,TRUE
"controlled_permutation","random",50,1,19,"adversarial",16,1,3,1,0.253568542005377,0.253568542005377,TRUE,0,TRUE,TRUE,TRUE
"controlled_permutation","random",50,1,19,"adversarial",16,1,4,1,0.235134469858878,0.235134469858878,TRUE,0,TRUE,TRUE,TRUE
"controlled_permutation","random",50,1,19,"adversarial",16,1,5,1,0.248556981278127,0.248556981278127,TRUE,0,TRUE,TRUE,TRUE
"controlled_permutation","random",50,1,19,"adversarial",16,1,6,1,0.265538669170735,0.265538669170735,TRUE,0,TRUE,TRUE,TRUE
"controlled_permutation","random",50,1,19,"adversarial",16,1,7,1,0.253568542005377,0.253568542005377,TRUE,0,TRUE,TRUE,TRUE
"controlled_permutation","random",50,1,19,"adversarial",16,1,8,1,0.235134469858878,0.235134469858878,TRUE,0,TRUE,TRUE,TRUE
"controlled_permutation","random",50,1,19,"adversarial",16,1,9,1,0.248556981278127,0.248556981278127,TRUE,0,TRUE,TRUE,TRUE
"controlled_permutation","random",50,1,19,"adversarial",16,1,10,1,0.265538669170735,0.265538669170735,TRUE,0,TRUE,TRUE,TRUE
"controlled_permutation","random",50,1,19,"adversarial",16,1,11,1,0.253568542005377,0.253568542005377,TRUE,0,TRUE,TRUE,TRUE
"controlled_permutation","random",50,1,19,"adversarial",16,1,12,1,0.235134469858878,0.235134469858878,TRUE,0,TRUE,TRUE,TRUE
"controlled_permutation","random",50,1,19,"adversarial",16,1,13,1,0.248556981278127,0.248556981278127,TRUE,0,TRUE,TRUE,TRUE
"controlled_permutation","random",50,1,19,"adversarial",16,1,14,1,0.265538669170735,0.265538669170735,TRUE,0,TRUE,TRUE,TRUE
"controlled_permutation","random",50,1,19,"adversarial",16,1,15,1,0.253568542005377,0.253568542005377,TRUE,0,TRUE,TRUE,TRUE
"controlled_permutation","random",50,1,19,"adversarial",16,1,16,1,0.235134469858878,0.235134469858878,TRUE,0,TRUE,TRUE,TRUE
"controlled_permutation","random",50,1,19,"adversarial",16,1,17,1,0.248556981278127,0.248556981278127,TRUE,0,TRUE,TRUE,TRUE
"controlled_permutation","random",50,1,19,"adversarial",16,1,18,1,0.265538669170735,0.265538669170735,TRUE,0,TRUE,TRUE,TRUE
"controlled_permutation","random",50,1,19,"adversarial",16,1,19,1,0.253568542005377,0.253568542005377,TRUE,0,TRUE,TRUE,TRUE
"controlled_permutation","random",500,1,19,"identity",2,1,1,1,0.164575668814659,0.164575668814659,TRUE,0,TRUE,TRUE,TRUE
"controlled_permutation","random",500,1,19,"identity",2,1,2,1,0.164575668814659,0.164575668814659,TRUE,0,TRUE,TRUE,TRUE
"controlled_permutation","random",500,1,19,"identity",2,1,3,1,0.164575668814659,0.164575668814659,TRUE,0,TRUE,TRUE,TRUE
"controlled_permutation","random",500,1,19,"identity",2,1,4,1,0.164575668814659,0.164575668814659,TRUE,0,TRUE,TRUE,TRUE
"controlled_permutation","random",500,1,19,"identity",2,1,5,1,0.164575668814659,0.164575668814659,TRUE,0,TRUE,TRUE,TRUE
"controlled_permutation","random",500,1,19,"identity",2,1,6,1,0.164575668814659,0.164575668814659,TRUE,0,TRUE,TRUE,TRUE
"controlled_permutation","random",500,1,19,"identity",2,1,7,1,0.164575668814659,0.164575668814659,TRUE,0,TRUE,TRUE,TRUE
"controlled_permutation","random",500,1,19,"identity",2,1,8,1,0.164575668814659,0.164575668814659,TRUE,0,TRUE,TRUE,TRUE
"controlled_permutation","random",500,1,19,"identity",2,1,9,1,0.164575668814659,0.164575668814659,TRUE,0,TRUE,TRUE,TRUE
"controlled_permutation","random",500,1,19,"identity",2,1,10,1,0.164575668814659,0.164575668814659,TRUE,0,TRUE,TRUE,TRUE
"controlled_permutation","random",500,1,19,"identity",2,1,11,1,0.164575668814659,0.164575668814659,TRUE,0,TRUE,TRUE,TRUE
"controlled_permutation","random",500,1,19,"identity",2,1,12,1,0.164575668814659,0.164575668814659,TRUE,0,TRUE,TRUE,TRUE
"controlled_permutation","random",500,1,19,"identity",2,1,13,1,0.164575668814659,0.164575668814659,TRUE,0,TRUE,TRUE,TRUE
"controlled_permutation","random",500,1,19,"identity",2,1,14,1,0.164575668814659,0.164575668814659,TRUE,0,TRUE,TRUE,TRUE
"controlled_permutation","random",500,1,19,"identity",2,1,15,1,0.164575668814659,0.164575668814659,TRUE,0,TRUE,TRUE,TRUE
"controlled_permutation","random",500,1,19,"identity",2,1,16,1,0.164575668814659,0.164575668814659,TRUE,0,TRUE,TRUE,TRUE
"controlled_permutation","random",500,1,19,"identity",2,1,17,1,0.164575668814659,0.164575668814659,TRUE,0,TRUE,TRUE,TRUE
"controlled_permutation","random",500,1,19,"identity",2,1,18,1,0.164575668814659,0.164575668814659,TRUE,0,TRUE,TRUE,TRUE
"controlled_permutation","random",500,1,19,"identity",2,1,19,1,0.164575668814659,0.164575668814659,TRUE,0,TRUE,TRUE,TRUE
"controlled_permutation","random",500,1,19,"identity",4,1,1,1,0.164575668814659,0.164575668814659,TRUE,0,TRUE,TRUE,TRUE
"controlled_permutation","random",500,1,19,"identity",4,1,2,1,0.164575668814659,0.164575668814659,TRUE,0,TRUE,TRUE,TRUE
"controlled_permutation","random",500,1,19,"identity",4,1,3,1,0.164575668814659,0.164575668814659,TRUE,0,TRUE,TRUE,TRUE
"controlled_permutation","random",500,1,19,"identity",4,1,4,1,0.164575668814659,0.164575668814659,TRUE,0,TRUE,TRUE,TRUE
"controlled_permutation","random",500,1,19,"identity",4,1,5,1,0.164575668814659,0.164575668814659,TRUE,0,TRUE,TRUE,TRUE
"controlled_permutation","random",500,1,19,"identity",4,1,6,1,0.164575668814659,0.164575668814659,TRUE,0,TRUE,TRUE,TRUE
"controlled_permutation","random",500,1,19,"identity",4,1,7,1,0.164575668814659,0.164575668814659,TRUE,0,TRUE,TRUE,TRUE
"controlled_permutation","random",500,1,19,"identity",4,1,8,1,0.164575668814659,0.164575668814659,TRUE,0,TRUE,TRUE,TRUE
"controlled_permutation","random",500,1,19,"identity",4,1,9,1,0.164575668814659,0.164575668814659,TRUE,0,TRUE,TRUE,TRUE
"controlled_permutation","random",500,1,19,"identity",4,1,10,1,0.164575668814659,0.164575668814659,TRUE,0,TRUE,TRUE,TRUE
"controlled_permutation","random",500,1,19,"identity",4,1,11,1,0.164575668814659,0.164575668814659,TRUE,0,TRUE,TRUE,TRUE
"controlled_permutation","random",500,1,19,"identity",4,1,12,1,0.164575668814659,0.164575668814659,TRUE,0,TRUE,TRUE,TRUE
"controlled_permutation","random",500,1,19,"identity",4,1,13,1,0.164575668814659,0.164575668814659,TRUE,0,TRUE,TRUE,TRUE
"controlled_permutation","random",500,1,19,"identity",4,1,14,1,0.164575668814659,0.164575668814659,TRUE,0,TRUE,TRUE,TRUE
"controlled_permutation","random",500,1,19,"identity",4,1,15,1,0.164575668814659,0.164575668814659,TRUE,0,TRUE,TRUE,TRUE
"controlled_permutation","random",500,1,19,"identity",4,1,16,1,0.164575668814659,0.164575668814659,TRUE,0,TRUE,TRUE,TRUE
"controlled_permutation","random",500,1,19,"identity",4,1,17,1,0.164575668814659,0.164575668814659,TRUE,0,TRUE,TRUE,TRUE
"controlled_permutation","random",500,1,19,"identity",4,1,18,1,0.164575668814659,0.164575668814659,TRUE,0,TRUE,TRUE,TRUE
"controlled_permutation","random",500,1,19,"identity",4,1,19,1,0.164575668814659,0.164575668814659,TRUE,0,TRUE,TRUE,TRUE
"controlled_permutation","random",500,1,19,"identity",8,1,1,1,0.164575668814659,0.164575668814659,TRUE,0,TRUE,TRUE,TRUE
"controlled_permutation","random",500,1,19,"identity",8,1,2,1,0.164575668814659,0.164575668814659,TRUE,0,TRUE,TRUE,TRUE
"controlled_permutation","random",500,1,19,"identity",8,1,3,1,0.164575668814659,0.164575668814659,TRUE,0,TRUE,TRUE,TRUE
"controlled_permutation","random",500,1,19,"identity",8,1,4,1,0.164575668814659,0.164575668814659,TRUE,0,TRUE,TRUE,TRUE
"controlled_permutation","random",500,1,19,"identity",8,1,5,1,0.164575668814659,0.164575668814659,TRUE,0,TRUE,TRUE,TRUE
"controlled_permutation","random",500,1,19,"identity",8,1,6,1,0.164575668814659,0.164575668814659,TRUE,0,TRUE,TRUE,TRUE
"controlled_permutation","random",500,1,19,"identity",8,1,7,1,0.164575668814659,0.164575668814659,TRUE,0,TRUE,TRUE,TRUE
"controlled_permutation","random",500,1,19,"identity",8,1,8,1,0.164575668814659,0.164575668814659,TRUE,0,TRUE,TRUE,TRUE
"controlled_permutation","random",500,1,19,"identity",8,1,9,1,0.164575668814659,0.164575668814659,TRUE,0,TRUE,TRUE,TRUE
"controlled_permutation","random",500,1,19,"identity",8,1,10,1,0.164575668814659,0.164575668814659,TRUE,0,TRUE,TRUE,TRUE
"controlled_permutation","random",500,1,19,"identity",8,1,11,1,0.164575668814659,0.164575668814659,TRUE,0,TRUE,TRUE,TRUE
"controlled_permutation","random",500,1,19,"identity",8,1,12,1,0.164575668814659,0.164575668814659,TRUE,0,TRUE,TRUE,TRUE
"controlled_permutation","random",500,1,19,"identity",8,1,13,1,0.164575668814659,0.164575668814659,TRUE,0,TRUE,TRUE,TRUE
"controlled_permutation","random",500,1,19,"identity",8,1,14,1,0.164575668814659,0.164575668814659,TRUE,0,TRUE,TRUE,TRUE
"controlled_permutation","random",500,1,19,"identity",8,1,15,1,0.164575668814659,0.164575668814659,TRUE,0,TRUE,TRUE,TRUE
"controlled_permutation","random",500,1,19,"identity",8,1,16,1,0.164575668814659,0.164575668814659,TRUE,0,TRUE,TRUE,TRUE
"controlled_permutation","random",500,1,19,"identity",8,1,17,1,0.164575668814659,0.164575668814659,TRUE,0,TRUE,TRUE,TRUE
"controlled_permutation","random",500,1,19,"identity",8,1,18,1,0.164575668814659,0.164575668814659,TRUE,0,TRUE,TRUE,TRUE
"controlled_permutation","random",500,1,19,"identity",8,1,19,1,0.164575668814659,0.164575668814659,TRUE,0,TRUE,TRUE,TRUE
"controlled_permutation","random",500,1,19,"identity",16,1,1,1,0.164575668814659,0.164575668814659,TRUE,0,TRUE,TRUE,TRUE
"controlled_permutation","random",500,1,19,"identity",16,1,2,1,0.164575668814659,0.164575668814659,TRUE,0,TRUE,TRUE,TRUE
"controlled_permutation","random",500,1,19,"identity",16,1,3,1,0.164575668814659,0.164575668814659,TRUE,0,TRUE,TRUE,TRUE
"controlled_permutation","random",500,1,19,"identity",16,1,4,1,0.164575668814659,0.164575668814659,TRUE,0,TRUE,TRUE,TRUE
"controlled_permutation","random",500,1,19,"identity",16,1,5,1,0.164575668814659,0.164575668814659,TRUE,0,TRUE,TRUE,TRUE
"controlled_permutation","random",500,1,19,"identity",16,1,6,1,0.164575668814659,0.164575668814659,TRUE,0,TRUE,TRUE,TRUE
"controlled_permutation","random",500,1,19,"identity",16,1,7,1,0.164575668814659,0.164575668814659,TRUE,0,TRUE,TRUE,TRUE
"controlled_permutation","random",500,1,19,"identity",16,1,8,1,0.164575668814659,0.164575668814659,TRUE,0,TRUE,TRUE,TRUE
"controlled_permutation","random",500,1,19,"identity",16,1,9,1,0.164575668814659,0.164575668814659,TRUE,0,TRUE,TRUE,TRUE
"controlled_permutation","random",500,1,19,"identity",16,1,10,1,0.164575668814659,0.164575668814659,TRUE,0,TRUE,TRUE,TRUE
"controlled_permutation","random",500,1,19,"identity",16,1,11,1,0.164575668814659,0.164575668814659,TRUE,0,TRUE,TRUE,TRUE
"controlled_permutation","random",500,1,19,"identity",16,1,12,1,0.164575668814659,0.164575668814659,TRUE,0,TRUE,TRUE,TRUE
"controlled_permutation","random",500,1,19,"identity",16,1,13,1,0.164575668814659,0.164575668814659,TRUE,0,TRUE,TRUE,TRUE
"controlled_permutation","random",500,1,19,"identity",16,1,14,1,0.164575668814659,0.164575668814659,TRUE,0,TRUE,TRUE,TRUE
"controlled_permutation","random",500,1,19,"identity",16,1,15,1,0.164575668814659,0.164575668814659,TRUE,0,TRUE,TRUE,TRUE
"controlled_permutation","random",500,1,19,"identity",16,1,16,1,0.164575668814659,0.164575668814659,TRUE,0,TRUE,TRUE,TRUE
"controlled_permutation","random",500,1,19,"identity",16,1,17,1,0.164575668814659,0.164575668814659,TRUE,0,TRUE,TRUE,TRUE
"controlled_permutation","random",500,1,19,"identity",16,1,18,1,0.164575668814659,0.164575668814659,TRUE,0,TRUE,TRUE,TRUE
"controlled_permutation","random",500,1,19,"identity",16,1,19,1,0.164575668814659,0.164575668814659,TRUE,0,TRUE,TRUE,TRUE
"controlled_permutation","random",500,1,19,"single_swap",2,1,1,1,0.164575668814659,0.164575668814659,TRUE,0,TRUE,TRUE,TRUE
"controlled_permutation","random",500,1,19,"single_swap",2,1,2,1,0.16379160613826,0.16379160613826,TRUE,0,TRUE,TRUE,TRUE
"controlled_permutation","random",500,1,19,"single_swap",2,1,3,1,0.16499262039136,0.16499262039136,TRUE,0,TRUE,TRUE,TRUE
"controlled_permutation","random",500,1,19,"single_swap",2,1,4,1,0.165211337619199,0.165211337619199,TRUE,0,TRUE,TRUE,TRUE
"controlled_permutation","random",500,1,19,"single_swap",2,1,5,1,0.164575958596985,0.164575958596985,TRUE,0,TRUE,TRUE,TRUE
"controlled_permutation","random",500,1,19,"single_swap",2,1,6,1,0.16753039949645,0.16753039949645,TRUE,0,TRUE,TRUE,TRUE
"controlled_permutation","random",500,1,19,"single_swap",2,1,7,1,0.164955738536902,0.164955738536902,TRUE,0,TRUE,TRUE,TRUE
"controlled_permutation","random",500,1,19,"single_swap",2,1,8,1,0.164575498516726,0.164575498516726,TRUE,0,TRUE,TRUE,TRUE
"controlled_permutation","random",500,1,19,"single_swap",2,1,9,1,0.16379337542415,0.16379337542415,TRUE,0,TRUE,TRUE,TRUE
"controlled_permutation","random",500,1,19,"single_swap",2,1,10,1,0.164575584860686,0.164575584860686,TRUE,0,TRUE,TRUE,TRUE
"controlled_permutation","random",500,1,19,"single_swap",2,1,11,1,0.164381184428488,0.164381184428488,TRUE,0,TRUE,TRUE,TRUE
"controlled_permutation","random",500,1,19,"single_swap",2,1,12,1,0.164575666769759,0.164575666769759,TRUE,0,TRUE,TRUE,TRUE
"controlled_permutation","random",500,1,19,"single_swap",2,1,13,1,0.164507679269121,0.164507679269121,TRUE,0,TRUE,TRUE,TRUE
"controlled_permutation","random",500,1,19,"single_swap",2,1,14,1,0.164575606598317,0.164575606598317,TRUE,0,TRUE,TRUE,TRUE
"controlled_permutation","random",500,1,19,"single_swap",2,1,15,1,0.164297758078189,0.164297758078189,TRUE,0,TRUE,TRUE,TRUE
"controlled_permutation","random",500,1,19,"single_swap",2,1,16,1,0.16470266731913,0.16470266731913,TRUE,0,TRUE,TRUE,TRUE
"controlled_permutation","random",500,1,19,"single_swap",2,1,17,1,0.164524606866335,0.164524606866335,TRUE,0,TRUE,TRUE,TRUE
"controlled_permutation","random",500,1,19,"single_swap",2,1,18,1,0.164575636781972,0.164575636781972,TRUE,0,TRUE,TRUE,TRUE
"controlled_permutation","random",500,1,19,"single_swap",2,1,19,1,0.164580666896869,0.164580666896869,TRUE,0,TRUE,TRUE,TRUE
"controlled_permutation","random",500,1,19,"single_swap",4,1,1,1,0.164575668814659,0.164575668814659,TRUE,0,TRUE,TRUE,TRUE
"controlled_permutation","random",500,1,19,"single_swap",4,1,2,1,0.16379160613826,0.16379160613826,TRUE,0,TRUE,TRUE,TRUE
"controlled_permutation","random",500,1,19,"single_swap",4,1,3,1,0.16499262039136,0.16499262039136,TRUE,0,TRUE,TRUE,TRUE
"controlled_permutation","random",500,1,19,"single_swap",4,1,4,1,0.165211337619199,0.165211337619199,TRUE,0,TRUE,TRUE,TRUE
"controlled_permutation","random",500,1,19,"single_swap",4,1,5,1,0.164575958596985,0.164575958596985,TRUE,0,TRUE,TRUE,TRUE
"controlled_permutation","random",500,1,19,"single_swap",4,1,6,1,0.16753039949645,0.16753039949645,TRUE,0,TRUE,TRUE,TRUE
"controlled_permutation","random",500,1,19,"single_swap",4,1,7,1,0.164955738536902,0.164955738536902,TRUE,0,TRUE,TRUE,TRUE
"controlled_permutation","random",500,1,19,"single_swap",4,1,8,1,0.164575498516726,0.164575498516726,TRUE,0,TRUE,TRUE,TRUE
"controlled_permutation","random",500,1,19,"single_swap",4,1,9,1,0.16379337542415,0.16379337542415,TRUE,0,TRUE,TRUE,TRUE
"controlled_permutation","random",500,1,19,"single_swap",4,1,10,1,0.164575584860686,0.164575584860686,TRUE,0,TRUE,TRUE,TRUE
"controlled_permutation","random",500,1,19,"single_swap",4,1,11,1,0.164381184428488,0.164381184428488,TRUE,0,TRUE,TRUE,TRUE
"controlled_permutation","random",500,1,19,"single_swap",4,1,12,1,0.164575666769759,0.164575666769759,TRUE,0,TRUE,TRUE,TRUE
"controlled_permutation","random",500,1,19,"single_swap",4,1,13,1,0.164507679269121,0.164507679269121,TRUE,0,TRUE,TRUE,TRUE
"controlled_permutation","random",500,1,19,"single_swap",4,1,14,1,0.164575606598317,0.164575606598317,TRUE,0,TRUE,TRUE,TRUE
"controlled_permutation","random",500,1,19,"single_swap",4,1,15,1,0.164297758078189,0.164297758078189,TRUE,0,TRUE,TRUE,TRUE
"controlled_permutation","random",500,1,19,"single_swap",4,1,16,1,0.16470266731913,0.16470266731913,TRUE,0,TRUE,TRUE,TRUE
"controlled_permutation","random",500,1,19,"single_swap",4,1,17,1,0.164524606866335,0.164524606866335,TRUE,0,TRUE,TRUE,TRUE
"controlled_permutation","random",500,1,19,"single_swap",4,1,18,1,0.164575636781972,0.164575636781972,TRUE,0,TRUE,TRUE,TRUE
"controlled_permutation","random",500,1,19,"single_swap",4,1,19,1,0.164580666896869,0.164580666896869,TRUE,0,TRUE,TRUE,TRUE
"controlled_permutation","random",500,1,19,"single_swap",8,1,1,1,0.164575668814659,0.164575668814659,TRUE,0,TRUE,TRUE,TRUE
"controlled_permutation","random",500,1,19,"single_swap",8,1,2,1,0.16379160613826,0.16379160613826,TRUE,0,TRUE,TRUE,TRUE
"controlled_permutation","random",500,1,19,"single_swap",8,1,3,1,0.16499262039136,0.16499262039136,TRUE,0,TRUE,TRUE,TRUE
"controlled_permutation","random",500,1,19,"single_swap",8,1,4,1,0.165211337619199,0.165211337619199,TRUE,0,TRUE,TRUE,TRUE
"controlled_permutation","random",500,1,19,"single_swap",8,1,5,1,0.164575958596985,0.164575958596985,TRUE,0,TRUE,TRUE,TRUE
"controlled_permutation","random",500,1,19,"single_swap",8,1,6,1,0.16753039949645,0.16753039949645,TRUE,0,TRUE,TRUE,TRUE
"controlled_permutation","random",500,1,19,"single_swap",8,1,7,1,0.164955738536902,0.164955738536902,TRUE,0,TRUE,TRUE,TRUE
"controlled_permutation","random",500,1,19,"single_swap",8,1,8,1,0.164575498516726,0.164575498516726,TRUE,0,TRUE,TRUE,TRUE
"controlled_permutation","random",500,1,19,"single_swap",8,1,9,1,0.16379337542415,0.16379337542415,TRUE,0,TRUE,TRUE,TRUE
"controlled_permutation","random",500,1,19,"single_swap",8,1,10,1,0.164575584860686,0.164575584860686,TRUE,0,TRUE,TRUE,TRUE
"controlled_permutation","random",500,1,19,"single_swap",8,1,11,1,0.164381184428488,0.164381184428488,TRUE,0,TRUE,TRUE,TRUE
"controlled_permutation","random",500,1,19,"single_swap",8,1,12,1,0.164575666769759,0.164575666769759,TRUE,0,TRUE,TRUE,TRUE
"controlled_permutation","random",500,1,19,"single_swap",8,1,13,1,0.164507679269121,0.164507679269121,TRUE,0,TRUE,TRUE,TRUE
"controlled_permutation","random",500,1,19,"single_swap",8,1,14,1,0.164575606598317,0.164575606598317,TRUE,0,TRUE,TRUE,TRUE
"controlled_permutation","random",500,1,19,"single_swap",8,1,15,1,0.164297758078189,0.164297758078189,TRUE,0,TRUE,TRUE,TRUE
"controlled_permutation","random",500,1,19,"single_swap",8,1,16,1,0.16470266731913,0.16470266731913,TRUE,0,TRUE,TRUE,TRUE
"controlled_permutation","random",500,1,19,"single_swap",8,1,17,1,0.164524606866335,0.164524606866335,TRUE,0,TRUE,TRUE,TRUE
"controlled_permutation","random",500,1,19,"single_swap",8,1,18,1,0.164575636781972,0.164575636781972,TRUE,0,TRUE,TRUE,TRUE
"controlled_permutation","random",500,1,19,"single_swap",8,1,19,1,0.164580666896869,0.164580666896869,TRUE,0,TRUE,TRUE,TRUE
"controlled_permutation","random",500,1,19,"single_swap",16,1,1,1,0.164575668814659,0.164575668814659,TRUE,0,TRUE,TRUE,TRUE
"controlled_permutation","random",500,1,19,"single_swap",16,1,2,1,0.16379160613826,0.16379160613826,TRUE,0,TRUE,TRUE,TRUE
"controlled_permutation","random",500,1,19,"single_swap",16,1,3,1,0.16499262039136,0.16499262039136,TRUE,0,TRUE,TRUE,TRUE
"controlled_permutation","random",500,1,19,"single_swap",16,1,4,1,0.165211337619199,0.165211337619199,TRUE,0,TRUE,TRUE,TRUE
"controlled_permutation","random",500,1,19,"single_swap",16,1,5,1,0.164575958596985,0.164575958596985,TRUE,0,TRUE,TRUE,TRUE
"controlled_permutation","random",500,1,19,"single_swap",16,1,6,1,0.16753039949645,0.16753039949645,TRUE,0,TRUE,TRUE,TRUE
"controlled_permutation","random",500,1,19,"single_swap",16,1,7,1,0.164955738536902,0.164955738536902,TRUE,0,TRUE,TRUE,TRUE
"controlled_permutation","random",500,1,19,"single_swap",16,1,8,1,0.164575498516726,0.164575498516726,TRUE,0,TRUE,TRUE,TRUE
"controlled_permutation","random",500,1,19,"single_swap",16,1,9,1,0.16379337542415,0.16379337542415,TRUE,0,TRUE,TRUE,TRUE
"controlled_permutation","random",500,1,19,"single_swap",16,1,10,1,0.164575584860686,0.164575584860686,TRUE,0,TRUE,TRUE,TRUE
"controlled_permutation","random",500,1,19,"single_swap",16,1,11,1,0.164381184428488,0.164381184428488,TRUE,0,TRUE,TRUE,TRUE
"controlled_permutation","random",500,1,19,"single_swap",16,1,12,1,0.164575666769759,0.164575666769759,TRUE,0,TRUE,TRUE,TRUE
"controlled_permutation","random",500,1,19,"single_swap",16,1,13,1,0.164507679269121,0.164507679269121,TRUE,0,TRUE,TRUE,TRUE
"controlled_permutation","random",500,1,19,"single_swap",16,1,14,1,0.164575606598317,0.164575606598317,TRUE,0,TRUE,TRUE,TRUE
"controlled_permutation","random",500,1,19,"single_swap",16,1,15,1,0.164297758078189,0.164297758078189,TRUE,0,TRUE,TRUE,TRUE
"controlled_permutation","random",500,1,19,"single_swap",16,1,16,1,0.16470266731913,0.16470266731913,TRUE,0,TRUE,TRUE,TRUE
"controlled_permutation","random",500,1,19,"single_swap",16,1,17,1,0.164524606866335,0.164524606866335,TRUE,0,TRUE,TRUE,TRUE
"controlled_permutation","random",500,1,19,"single_swap",16,1,18,1,0.164575636781972,0.164575636781972,TRUE,0,TRUE,TRUE,TRUE
"controlled_permutation","random",500,1,19,"single_swap",16,1,19,1,0.164580666896869,0.164580666896869,TRUE,0,TRUE,TRUE,TRUE
"controlled_permutation","random",500,1,19,"reverse",2,1,1,1,0.164575668814659,0.164575668814659,TRUE,0,TRUE,TRUE,TRUE
"controlled_permutation","random",500,1,19,"reverse",2,1,2,1,0.155564112525493,0.155564112525493,TRUE,0,TRUE,TRUE,TRUE
"controlled_permutation","random",500,1,19,"reverse",2,1,3,1,0.155564112525493,0.155564112525493,TRUE,0,TRUE,TRUE,TRUE
"controlled_permutation","random",500,1,19,"reverse",2,1,4,1,0.155564112525493,0.155564112525493,TRUE,0,TRUE,TRUE,TRUE
"controlled_permutation","random",500,1,19,"reverse",2,1,5,1,0.155564112525493,0.155564112525493,TRUE,0,TRUE,TRUE,TRUE
"controlled_permutation","random",500,1,19,"reverse",2,1,6,1,0.155564112525493,0.155564112525493,TRUE,0,TRUE,TRUE,TRUE
"controlled_permutation","random",500,1,19,"reverse",2,1,7,1,0.155564112525493,0.155564112525493,TRUE,0,TRUE,TRUE,TRUE
"controlled_permutation","random",500,1,19,"reverse",2,1,8,1,0.155564112525493,0.155564112525493,TRUE,0,TRUE,TRUE,TRUE
"controlled_permutation","random",500,1,19,"reverse",2,1,9,1,0.155564112525493,0.155564112525493,TRUE,0,TRUE,TRUE,TRUE
"controlled_permutation","random",500,1,19,"reverse",2,1,10,1,0.155564112525493,0.155564112525493,TRUE,0,TRUE,TRUE,TRUE
"controlled_permutation","random",500,1,19,"reverse",2,1,11,1,0.155564112525493,0.155564112525493,TRUE,0,TRUE,TRUE,TRUE
"controlled_permutation","random",500,1,19,"reverse",2,1,12,1,0.155564112525493,0.155564112525493,TRUE,0,TRUE,TRUE,TRUE
"controlled_permutation","random",500,1,19,"reverse",2,1,13,1,0.155564112525493,0.155564112525493,TRUE,0,TRUE,TRUE,TRUE
"controlled_permutation","random",500,1,19,"reverse",2,1,14,1,0.155564112525493,0.155564112525493,TRUE,0,TRUE,TRUE,TRUE
"controlled_permutation","random",500,1,19,"reverse",2,1,15,1,0.155564112525493,0.155564112525493,TRUE,0,TRUE,TRUE,TRUE
"controlled_permutation","random",500,1,19,"reverse",2,1,16,1,0.155564112525493,0.155564112525493,TRUE,0,TRUE,TRUE,TRUE
"controlled_permutation","random",500,1,19,"reverse",2,1,17,1,0.155564112525493,0.155564112525493,TRUE,0,TRUE,TRUE,TRUE
"controlled_permutation","random",500,1,19,"reverse",2,1,18,1,0.155564112525493,0.155564112525493,TRUE,0,TRUE,TRUE,TRUE
"controlled_permutation","random",500,1,19,"reverse",2,1,19,1,0.155564112525493,0.155564112525493,TRUE,0,TRUE,TRUE,TRUE
"controlled_permutation","random",500,1,19,"reverse",4,1,1,1,0.164575668814659,0.164575668814659,TRUE,0,TRUE,TRUE,TRUE
"controlled_permutation","random",500,1,19,"reverse",4,1,2,1,0.155564112525493,0.155564112525493,TRUE,0,TRUE,TRUE,TRUE
"controlled_permutation","random",500,1,19,"reverse",4,1,3,1,0.155564112525493,0.155564112525493,TRUE,0,TRUE,TRUE,TRUE
"controlled_permutation","random",500,1,19,"reverse",4,1,4,1,0.155564112525493,0.155564112525493,TRUE,0,TRUE,TRUE,TRUE
"controlled_permutation","random",500,1,19,"reverse",4,1,5,1,0.155564112525493,0.155564112525493,TRUE,0,TRUE,TRUE,TRUE
"controlled_permutation","random",500,1,19,"reverse",4,1,6,1,0.155564112525493,0.155564112525493,TRUE,0,TRUE,TRUE,TRUE
"controlled_permutation","random",500,1,19,"reverse",4,1,7,1,0.155564112525493,0.155564112525493,TRUE,0,TRUE,TRUE,TRUE
"controlled_permutation","random",500,1,19,"reverse",4,1,8,1,0.155564112525493,0.155564112525493,TRUE,0,TRUE,TRUE,TRUE
"controlled_permutation","random",500,1,19,"reverse",4,1,9,1,0.155564112525493,0.155564112525493,TRUE,0,TRUE,TRUE,TRUE
"controlled_permutation","random",500,1,19,"reverse",4,1,10,1,0.155564112525493,0.155564112525493,TRUE,0,TRUE,TRUE,TRUE
"controlled_permutation","random",500,1,19,"reverse",4,1,11,1,0.155564112525493,0.155564112525493,TRUE,0,TRUE,TRUE,TRUE
"controlled_permutation","random",500,1,19,"reverse",4,1,12,1,0.155564112525493,0.155564112525493,TRUE,0,TRUE,TRUE,TRUE
"controlled_permutation","random",500,1,19,"reverse",4,1,13,1,0.155564112525493,0.155564112525493,TRUE,0,TRUE,TRUE,TRUE
"controlled_permutation","random",500,1,19,"reverse",4,1,14,1,0.155564112525493,0.155564112525493,TRUE,0,TRUE,TRUE,TRUE
"controlled_permutation","random",500,1,19,"reverse",4,1,15,1,0.155564112525493,0.155564112525493,TRUE,0,TRUE,TRUE,TRUE
"controlled_permutation","random",500,1,19,"reverse",4,1,16,1,0.155564112525493,0.155564112525493,TRUE,0,TRUE,TRUE,TRUE
"controlled_permutation","random",500,1,19,"reverse",4,1,17,1,0.155564112525493,0.155564112525493,TRUE,0,TRUE,TRUE,TRUE
"controlled_permutation","random",500,1,19,"reverse",4,1,18,1,0.155564112525493,0.155564112525493,TRUE,0,TRUE,TRUE,TRUE
"controlled_permutation","random",500,1,19,"reverse",4,1,19,1,0.155564112525493,0.155564112525493,TRUE,0,TRUE,TRUE,TRUE
"controlled_permutation","random",500,1,19,"reverse",8,1,1,1,0.164575668814659,0.164575668814659,TRUE,0,TRUE,TRUE,TRUE
"controlled_permutation","random",500,1,19,"reverse",8,1,2,1,0.155564112525493,0.155564112525493,TRUE,0,TRUE,TRUE,TRUE
"controlled_permutation","random",500,1,19,"reverse",8,1,3,1,0.155564112525493,0.155564112525493,TRUE,0,TRUE,TRUE,TRUE
"controlled_permutation","random",500,1,19,"reverse",8,1,4,1,0.155564112525493,0.155564112525493,TRUE,0,TRUE,TRUE,TRUE
"controlled_permutation","random",500,1,19,"reverse",8,1,5,1,0.155564112525493,0.155564112525493,TRUE,0,TRUE,TRUE,TRUE
"controlled_permutation","random",500,1,19,"reverse",8,1,6,1,0.155564112525493,0.155564112525493,TRUE,0,TRUE,TRUE,TRUE
"controlled_permutation","random",500,1,19,"reverse",8,1,7,1,0.155564112525493,0.155564112525493,TRUE,0,TRUE,TRUE,TRUE
"controlled_permutation","random",500,1,19,"reverse",8,1,8,1,0.155564112525493,0.155564112525493,TRUE,0,TRUE,TRUE,TRUE
"controlled_permutation","random",500,1,19,"reverse",8,1,9,1,0.155564112525493,0.155564112525493,TRUE,0,TRUE,TRUE,TRUE
"controlled_permutation","random",500,1,19,"reverse",8,1,10,1,0.155564112525493,0.155564112525493,TRUE,0,TRUE,TRUE,TRUE
"controlled_permutation","random",500,1,19,"reverse",8,1,11,1,0.155564112525493,0.155564112525493,TRUE,0,TRUE,TRUE,TRUE
"controlled_permutation","random",500,1,19,"reverse",8,1,12,1,0.155564112525493,0.155564112525493,TRUE,0,TRUE,TRUE,TRUE
"controlled_permutation","random",500,1,19,"reverse",8,1,13,1,0.155564112525493,0.155564112525493,TRUE,0,TRUE,TRUE,TRUE
"controlled_permutation","random",500,1,19,"reverse",8,1,14,1,0.155564112525493,0.155564112525493,TRUE,0,TRUE,TRUE,TRUE
"controlled_permutation","random",500,1,19,"reverse",8,1,15,1,0.155564112525493,0.155564112525493,TRUE,0,TRUE,TRUE,TRUE
"controlled_permutation","random",500,1,19,"reverse",8,1,16,1,0.155564112525493,0.155564112525493,TRUE,0,TRUE,TRUE,TRUE
"controlled_permutation","random",500,1,19,"reverse",8,1,17,1,0.155564112525493,0.155564112525493,TRUE,0,TRUE,TRUE,TRUE
"controlled_permutation","random",500,1,19,"reverse",8,1,18,1,0.155564112525493,0.155564112525493,TRUE,0,TRUE,TRUE,TRUE
"controlled_permutation","random",500,1,19,"reverse",8,1,19,1,0.155564112525493,0.155564112525493,TRUE,0,TRUE,TRUE,TRUE
"controlled_permutation","random",500,1,19,"reverse",16,1,1,1,0.164575668814659,0.164575668814659,TRUE,0,TRUE,TRUE,TRUE
"controlled_permutation","random",500,1,19,"reverse",16,1,2,1,0.155564112525493,0.155564112525493,TRUE,0,TRUE,TRUE,TRUE
"controlled_permutation","random",500,1,19,"reverse",16,1,3,1,0.155564112525493,0.155564112525493,TRUE,0,TRUE,TRUE,TRUE
"controlled_permutation","random",500,1,19,"reverse",16,1,4,1,0.155564112525493,0.155564112525493,TRUE,0,TRUE,TRUE,TRUE
"controlled_permutation","random",500,1,19,"reverse",16,1,5,1,0.155564112525493,0.155564112525493,TRUE,0,TRUE,TRUE,TRUE
"controlled_permutation","random",500,1,19,"reverse",16,1,6,1,0.155564112525493,0.155564112525493,TRUE,0,TRUE,TRUE,TRUE
"controlled_permutation","random",500,1,19,"reverse",16,1,7,1,0.155564112525493,0.155564112525493,TRUE,0,TRUE,TRUE,TRUE
"controlled_permutation","random",500,1,19,"reverse",16,1,8,1,0.155564112525493,0.155564112525493,TRUE,0,TRUE,TRUE,TRUE
"controlled_permutation","random",500,1,19,"reverse",16,1,9,1,0.155564112525493,0.155564112525493,TRUE,0,TRUE,TRUE,TRUE
"controlled_permutation","random",500,1,19,"reverse",16,1,10,1,0.155564112525493,0.155564112525493,TRUE,0,TRUE,TRUE,TRUE
"controlled_permutation","random",500,1,19,"reverse",16,1,11,1,0.155564112525493,0.155564112525493,TRUE,0,TRUE,TRUE,TRUE
"controlled_permutation","random",500,1,19,"reverse",16,1,12,1,0.155564112525493,0.155564112525493,TRUE,0,TRUE,TRUE,TRUE
"controlled_permutation","random",500,1,19,"reverse",16,1,13,1,0.155564112525493,0.155564112525493,TRUE,0,TRUE,TRUE,TRUE
"controlled_permutation","random",500,1,19,"reverse",16,1,14,1,0.155564112525493,0.155564112525493,TRUE,0,TRUE,TRUE,TRUE
"controlled_permutation","random",500,1,19,"reverse",16,1,15,1,0.155564112525493,0.155564112525493,TRUE,0,TRUE,TRUE,TRUE
"controlled_permutation","random",500,1,19,"reverse",16,1,16,1,0.155564112525493,0.155564112525493,TRUE,0,TRUE,TRUE,TRUE
"controlled_permutation","random",500,1,19,"reverse",16,1,17,1,0.155564112525493,0.155564112525493,TRUE,0,TRUE,TRUE,TRUE
"controlled_permutation","random",500,1,19,"reverse",16,1,18,1,0.155564112525493,0.155564112525493,TRUE,0,TRUE,TRUE,TRUE
"controlled_permutation","random",500,1,19,"reverse",16,1,19,1,0.155564112525493,0.155564112525493,TRUE,0,TRUE,TRUE,TRUE
"controlled_permutation","random",500,1,19,"cyclic_shift",2,1,1,1,0.164575668814659,0.164575668814659,TRUE,0,TRUE,TRUE,TRUE
"controlled_permutation","random",500,1,19,"cyclic_shift",2,1,2,1,0.17219966878013,0.17219966878013,TRUE,0,TRUE,TRUE,TRUE
"controlled_permutation","random",500,1,19,"cyclic_shift",2,1,3,1,0.162658539863314,0.162658539863314,TRUE,0,TRUE,TRUE,TRUE
"controlled_permutation","random",500,1,19,"cyclic_shift",2,1,4,1,0.167290369435213,0.167290369435213,TRUE,0,TRUE,TRUE,TRUE
"controlled_permutation","random",500,1,19,"cyclic_shift",2,1,5,1,0.168604358409161,0.168604358409161,TRUE,0,TRUE,TRUE,TRUE
"controlled_permutation","random",500,1,19,"cyclic_shift",2,1,6,1,0.153716855302699,0.153716855302699,TRUE,0,TRUE,TRUE,TRUE
"controlled_permutation","random",500,1,19,"cyclic_shift",2,1,7,1,0.149850069271073,0.149850069271073,TRUE,0,TRUE,TRUE,TRUE
"controlled_permutation","random",500,1,19,"cyclic_shift",2,1,8,1,0.174050920070585,0.174050920070585,TRUE,0,TRUE,TRUE,TRUE
"controlled_permutation","random",500,1,19,"cyclic_shift",2,1,9,1,0.181476875889994,0.181476875889994,TRUE,0,TRUE,TRUE,TRUE
"controlled_permutation","random",500,1,19,"cyclic_shift",2,1,10,1,0.179590963396646,0.179590963396646,TRUE,0,TRUE,TRUE,TRUE
"controlled_permutation","random",500,1,19,"cyclic_shift",2,1,11,1,0.161675627717429,0.161675627717429,TRUE,0,TRUE,TRUE,TRUE
"controlled_permutation","random",500,1,19,"cyclic_shift",2,1,12,1,0.146878837047198,0.146878837047198,TRUE,0,TRUE,TRUE,TRUE
"controlled_permutation","random",500,1,19,"cyclic_shift",2,1,13,1,0.156465157878741,0.156465157878741,TRUE,0,TRUE,TRUE,TRUE
"controlled_permutation","random",500,1,19,"cyclic_shift",2,1,14,1,0.173603167548613,0.173603167548613,TRUE,0,TRUE,TRUE,TRUE
"controlled_permutation","random",500,1,19,"cyclic_shift",2,1,15,1,0.17394336872284,0.17394336872284,TRUE,0,TRUE,TRUE,TRUE
"controlled_permutation","random",500,1,19,"cyclic_shift",2,1,16,1,0.149788841864844,0.149788841864844,TRUE,0,TRUE,TRUE,TRUE
"controlled_permutation","random",500,1,19,"cyclic_shift",2,1,17,1,0.154828427846162,0.154828427846162,TRUE,0,TRUE,TRUE,TRUE
"controlled_permutation","random",500,1,19,"cyclic_shift",2,1,18,1,0.165912420346828,0.165912420346828,TRUE,0,TRUE,TRUE,TRUE
"controlled_permutation","random",500,1,19,"cyclic_shift",2,1,19,1,0.153828076108185,0.153828076108185,TRUE,0,TRUE,TRUE,TRUE
"controlled_permutation","random",500,1,19,"cyclic_shift",4,1,1,1,0.164575668814659,0.164575668814659,TRUE,0,TRUE,TRUE,TRUE
"controlled_permutation","random",500,1,19,"cyclic_shift",4,1,2,1,0.17219966878013,0.17219966878013,TRUE,0,TRUE,TRUE,TRUE
"controlled_permutation","random",500,1,19,"cyclic_shift",4,1,3,1,0.162658539863314,0.162658539863314,TRUE,0,TRUE,TRUE,TRUE
"controlled_permutation","random",500,1,19,"cyclic_shift",4,1,4,1,0.167290369435213,0.167290369435213,TRUE,0,TRUE,TRUE,TRUE
"controlled_permutation","random",500,1,19,"cyclic_shift",4,1,5,1,0.168604358409161,0.168604358409161,TRUE,0,TRUE,TRUE,TRUE
"controlled_permutation","random",500,1,19,"cyclic_shift",4,1,6,1,0.153716855302699,0.153716855302699,TRUE,0,TRUE,TRUE,TRUE
"controlled_permutation","random",500,1,19,"cyclic_shift",4,1,7,1,0.149850069271073,0.149850069271073,TRUE,0,TRUE,TRUE,TRUE
"controlled_permutation","random",500,1,19,"cyclic_shift",4,1,8,1,0.174050920070585,0.174050920070585,TRUE,0,TRUE,TRUE,TRUE
"controlled_permutation","random",500,1,19,"cyclic_shift",4,1,9,1,0.181476875889994,0.181476875889994,TRUE,0,TRUE,TRUE,TRUE
"controlled_permutation","random",500,1,19,"cyclic_shift",4,1,10,1,0.179590963396646,0.179590963396646,TRUE,0,TRUE,TRUE,TRUE
"controlled_permutation","random",500,1,19,"cyclic_shift",4,1,11,1,0.161675627717429,0.161675627717429,TRUE,0,TRUE,TRUE,TRUE
"controlled_permutation","random",500,1,19,"cyclic_shift",4,1,12,1,0.146878837047198,0.146878837047198,TRUE,0,TRUE,TRUE,TRUE
"controlled_permutation","random",500,1,19,"cyclic_shift",4,1,13,1,0.156465157878741,0.156465157878741,TRUE,0,TRUE,TRUE,TRUE
"controlled_permutation","random",500,1,19,"cyclic_shift",4,1,14,1,0.173603167548613,0.173603167548613,TRUE,0,TRUE,TRUE,TRUE
"controlled_permutation","random",500,1,19,"cyclic_shift",4,1,15,1,0.17394336872284,0.17394336872284,TRUE,0,TRUE,TRUE,TRUE
"controlled_permutation","random",500,1,19,"cyclic_shift",4,1,16,1,0.149788841864844,0.149788841864844,TRUE,0,TRUE,TRUE,TRUE
"controlled_permutation","random",500,1,19,"cyclic_shift",4,1,17,1,0.154828427846162,0.154828427846162,TRUE,0,TRUE,TRUE,TRUE
"controlled_permutation","random",500,1,19,"cyclic_shift",4,1,18,1,0.165912420346828,0.165912420346828,TRUE,0,TRUE,TRUE,TRUE
"controlled_permutation","random",500,1,19,"cyclic_shift",4,1,19,1,0.153828076108185,0.153828076108185,TRUE,0,TRUE,TRUE,TRUE
"controlled_permutation","random",500,1,19,"cyclic_shift",8,1,1,1,0.164575668814659,0.164575668814659,TRUE,0,TRUE,TRUE,TRUE
"controlled_permutation","random",500,1,19,"cyclic_shift",8,1,2,1,0.17219966878013,0.17219966878013,TRUE,0,TRUE,TRUE,TRUE
"controlled_permutation","random",500,1,19,"cyclic_shift",8,1,3,1,0.162658539863314,0.162658539863314,TRUE,0,TRUE,TRUE,TRUE
"controlled_permutation","random",500,1,19,"cyclic_shift",8,1,4,1,0.167290369435213,0.167290369435213,TRUE,0,TRUE,TRUE,TRUE
"controlled_permutation","random",500,1,19,"cyclic_shift",8,1,5,1,0.168604358409161,0.168604358409161,TRUE,0,TRUE,TRUE,TRUE
"controlled_permutation","random",500,1,19,"cyclic_shift",8,1,6,1,0.153716855302699,0.153716855302699,TRUE,0,TRUE,TRUE,TRUE
"controlled_permutation","random",500,1,19,"cyclic_shift",8,1,7,1,0.149850069271073,0.149850069271073,TRUE,0,TRUE,TRUE,TRUE
"controlled_permutation","random",500,1,19,"cyclic_shift",8,1,8,1,0.174050920070585,0.174050920070585,TRUE,0,TRUE,TRUE,TRUE
"controlled_permutation","random",500,1,19,"cyclic_shift",8,1,9,1,0.181476875889994,0.181476875889994,TRUE,0,TRUE,TRUE,TRUE
"controlled_permutation","random",500,1,19,"cyclic_shift",8,1,10,1,0.179590963396646,0.179590963396646,TRUE,0,TRUE,TRUE,TRUE
"controlled_permutation","random",500,1,19,"cyclic_shift",8,1,11,1,0.161675627717429,0.161675627717429,TRUE,0,TRUE,TRUE,TRUE
"controlled_permutation","random",500,1,19,"cyclic_shift",8,1,12,1,0.146878837047198,0.146878837047198,TRUE,0,TRUE,TRUE,TRUE
"controlled_permutation","random",500,1,19,"cyclic_shift",8,1,13,1,0.156465157878741,0.156465157878741,TRUE,0,TRUE,TRUE,TRUE
"controlled_permutation","random",500,1,19,"cyclic_shift",8,1,14,1,0.173603167548613,0.173603167548613,TRUE,0,TRUE,TRUE,TRUE
"controlled_permutation","random",500,1,19,"cyclic_shift",8,1,15,1,0.17394336872284,0.17394336872284,TRUE,0,TRUE,TRUE,TRUE
"controlled_permutation","random",500,1,19,"cyclic_shift",8,1,16,1,0.149788841864844,0.149788841864844,TRUE,0,TRUE,TRUE,TRUE
"controlled_permutation","random",500,1,19,"cyclic_shift",8,1,17,1,0.154828427846162,0.154828427846162,TRUE,0,TRUE,TRUE,TRUE
"controlled_permutation","random",500,1,19,"cyclic_shift",8,1,18,1,0.165912420346828,0.165912420346828,TRUE,0,TRUE,TRUE,TRUE
"controlled_permutation","random",500,1,19,"cyclic_shift",8,1,19,1,0.153828076108185,0.153828076108185,TRUE,0,TRUE,TRUE,TRUE
"controlled_permutation","random",500,1,19,"cyclic_shift",16,1,1,1,0.164575668814659,0.164575668814659,TRUE,0,TRUE,TRUE,TRUE
"controlled_permutation","random",500,1,19,"cyclic_shift",16,1,2,1,0.17219966878013,0.17219966878013,TRUE,0,TRUE,TRUE,TRUE
"controlled_permutation","random",500,1,19,"cyclic_shift",16,1,3,1,0.162658539863314,0.162658539863314,TRUE,0,TRUE,TRUE,TRUE
"controlled_permutation","random",500,1,19,"cyclic_shift",16,1,4,1,0.167290369435213,0.167290369435213,TRUE,0,TRUE,TRUE,TRUE
"controlled_permutation","random",500,1,19,"cyclic_shift",16,1,5,1,0.168604358409161,0.168604358409161,TRUE,0,TRUE,TRUE,TRUE
"controlled_permutation","random",500,1,19,"cyclic_shift",16,1,6,1,0.153716855302699,0.153716855302699,TRUE,0,TRUE,TRUE,TRUE
"controlled_permutation","random",500,1,19,"cyclic_shift",16,1,7,1,0.149850069271073,0.149850069271073,TRUE,0,TRUE,TRUE,TRUE
"controlled_permutation","random",500,1,19,"cyclic_shift",16,1,8,1,0.174050920070585,0.174050920070585,TRUE,0,TRUE,TRUE,TRUE
"controlled_permutation","random",500,1,19,"cyclic_shift",16,1,9,1,0.181476875889994,0.181476875889994,TRUE,0,TRUE,TRUE,TRUE
"controlled_permutation","random",500,1,19,"cyclic_shift",16,1,10,1,0.179590963396646,0.179590963396646,TRUE,0,TRUE,TRUE,TRUE
"controlled_permutation","random",500,1,19,"cyclic_shift",16,1,11,1,0.161675627717429,0.161675627717429,TRUE,0,TRUE,TRUE,TRUE
"controlled_permutation","random",500,1,19,"cyclic_shift",16,1,12,1,0.146878837047198,0.146878837047198,TRUE,0,TRUE,TRUE,TRUE
"controlled_permutation","random",500,1,19,"cyclic_shift",16,1,13,1,0.156465157878741,0.156465157878741,TRUE,0,TRUE,TRUE,TRUE
"controlled_permutation","random",500,1,19,"cyclic_shift",16,1,14,1,0.173603167548613,0.173603167548613,TRUE,0,TRUE,TRUE,TRUE
"controlled_permutation","random",500,1,19,"cyclic_shift",16,1,15,1,0.17394336872284,0.17394336872284,TRUE,0,TRUE,TRUE,TRUE
"controlled_permutation","random",500,1,19,"cyclic_shift",16,1,16,1,0.149788841864844,0.149788841864844,TRUE,0,TRUE,TRUE,TRUE
"controlled_permutation","random",500,1,19,"cyclic_shift",16,1,17,1,0.154828427846162,0.154828427846162,TRUE,0,TRUE,TRUE,TRUE
"controlled_permutation","random",500,1,19,"cyclic_shift",16,1,18,1,0.165912420346828,0.165912420346828,TRUE,0,TRUE,TRUE,TRUE
"controlled_permutation","random",500,1,19,"cyclic_shift",16,1,19,1,0.153828076108185,0.153828076108185,TRUE,0,TRUE,TRUE,TRUE
"controlled_permutation","random",500,1,19,"fixed_random",2,1,1,1,0.164575668814659,0.164575668814659,TRUE,0,TRUE,TRUE,TRUE
"controlled_permutation","random",500,1,19,"fixed_random",2,1,2,1,0.150149215815175,0.150149215815175,TRUE,0,TRUE,TRUE,TRUE
"controlled_permutation","random",500,1,19,"fixed_random",2,1,3,1,0.136344332118987,0.136344332118987,TRUE,0,TRUE,TRUE,TRUE
"controlled_permutation","random",500,1,19,"fixed_random",2,1,4,1,0.144978065669917,0.144978065669917,TRUE,0,TRUE,TRUE,TRUE
"controlled_permutation","random",500,1,19,"fixed_random",2,1,5,1,0.140389525963967,0.140389525963967,TRUE,0,TRUE,TRUE,TRUE
"controlled_permutation","random",500,1,19,"fixed_random",2,1,6,1,0.149516724690757,0.149516724690757,TRUE,0,TRUE,TRUE,TRUE
"controlled_permutation","random",500,1,19,"fixed_random",2,1,7,1,0.145354377502366,0.145354377502366,TRUE,0,TRUE,TRUE,TRUE
"controlled_permutation","random",500,1,19,"fixed_random",2,1,8,1,0.140138913236077,0.140138913236077,TRUE,0,TRUE,TRUE,TRUE
"controlled_permutation","random",500,1,19,"fixed_random",2,1,9,1,0.158155008639064,0.158155008639064,TRUE,0,TRUE,TRUE,TRUE
"controlled_permutation","random",500,1,19,"fixed_random",2,1,10,1,0.148833020589374,0.148833020589374,TRUE,0,TRUE,TRUE,TRUE
"controlled_permutation","random",500,1,19,"fixed_random",2,1,11,1,0.150949759485143,0.150949759485143,TRUE,0,TRUE,TRUE,TRUE
"controlled_permutation","random",500,1,19,"fixed_random",2,1,12,1,0.156742779646588,0.156742779646588,TRUE,0,TRUE,TRUE,TRUE
"controlled_permutation","random",500,1,19,"fixed_random",2,1,13,1,0.148870939540797,0.148870939540797,TRUE,0,TRUE,TRUE,TRUE
"controlled_permutation","random",500,1,19,"fixed_random",2,1,14,1,0.154718852007607,0.154718852007607,TRUE,0,TRUE,TRUE,TRUE
"controlled_permutation","random",500,1,19,"fixed_random",2,1,15,1,0.141051466633058,0.141051466633058,TRUE,0,TRUE,TRUE,TRUE
"controlled_permutation","random",500,1,19,"fixed_random",2,1,16,1,0.141284156202783,0.141284156202783,TRUE,0,TRUE,TRUE,TRUE
"controlled_permutation","random",500,1,19,"fixed_random",2,1,17,1,0.147657508064065,0.147657508064065,TRUE,0,TRUE,TRUE,TRUE
"controlled_permutation","random",500,1,19,"fixed_random",2,1,18,1,0.15516525889616,0.15516525889616,TRUE,0,TRUE,TRUE,TRUE
"controlled_permutation","random",500,1,19,"fixed_random",2,1,19,1,0.151928557738047,0.151928557738047,TRUE,0,TRUE,TRUE,TRUE
"controlled_permutation","random",500,1,19,"fixed_random",4,1,1,1,0.164575668814659,0.164575668814659,TRUE,0,TRUE,TRUE,TRUE
"controlled_permutation","random",500,1,19,"fixed_random",4,1,2,1,0.150149215815175,0.150149215815175,TRUE,0,TRUE,TRUE,TRUE
"controlled_permutation","random",500,1,19,"fixed_random",4,1,3,1,0.136344332118987,0.136344332118987,TRUE,0,TRUE,TRUE,TRUE
"controlled_permutation","random",500,1,19,"fixed_random",4,1,4,1,0.144978065669917,0.144978065669917,TRUE,0,TRUE,TRUE,TRUE
"controlled_permutation","random",500,1,19,"fixed_random",4,1,5,1,0.140389525963967,0.140389525963967,TRUE,0,TRUE,TRUE,TRUE
"controlled_permutation","random",500,1,19,"fixed_random",4,1,6,1,0.149516724690757,0.149516724690757,TRUE,0,TRUE,TRUE,TRUE
"controlled_permutation","random",500,1,19,"fixed_random",4,1,7,1,0.145354377502366,0.145354377502366,TRUE,0,TRUE,TRUE,TRUE
"controlled_permutation","random",500,1,19,"fixed_random",4,1,8,1,0.140138913236077,0.140138913236077,TRUE,0,TRUE,TRUE,TRUE
"controlled_permutation","random",500,1,19,"fixed_random",4,1,9,1,0.158155008639064,0.158155008639064,TRUE,0,TRUE,TRUE,TRUE
"controlled_permutation","random",500,1,19,"fixed_random",4,1,10,1,0.148833020589374,0.148833020589374,TRUE,0,TRUE,TRUE,TRUE
"controlled_permutation","random",500,1,19,"fixed_random",4,1,11,1,0.150949759485143,0.150949759485143,TRUE,0,TRUE,TRUE,TRUE
"controlled_permutation","random",500,1,19,"fixed_random",4,1,12,1,0.156742779646588,0.156742779646588,TRUE,0,TRUE,TRUE,TRUE
"controlled_permutation","random",500,1,19,"fixed_random",4,1,13,1,0.148870939540797,0.148870939540797,TRUE,0,TRUE,TRUE,TRUE
"controlled_permutation","random",500,1,19,"fixed_random",4,1,14,1,0.154718852007607,0.154718852007607,TRUE,0,TRUE,TRUE,TRUE
"controlled_permutation","random",500,1,19,"fixed_random",4,1,15,1,0.141051466633058,0.141051466633058,TRUE,0,TRUE,TRUE,TRUE
"controlled_permutation","random",500,1,19,"fixed_random",4,1,16,1,0.141284156202783,0.141284156202783,TRUE,0,TRUE,TRUE,TRUE
"controlled_permutation","random",500,1,19,"fixed_random",4,1,17,1,0.147657508064065,0.147657508064065,TRUE,0,TRUE,TRUE,TRUE
"controlled_permutation","random",500,1,19,"fixed_random",4,1,18,1,0.15516525889616,0.15516525889616,TRUE,0,TRUE,TRUE,TRUE
"controlled_permutation","random",500,1,19,"fixed_random",4,1,19,1,0.151928557738047,0.151928557738047,TRUE,0,TRUE,TRUE,TRUE
"controlled_permutation","random",500,1,19,"fixed_random",8,1,1,1,0.164575668814659,0.164575668814659,TRUE,0,TRUE,TRUE,TRUE
"controlled_permutation","random",500,1,19,"fixed_random",8,1,2,1,0.150149215815175,0.150149215815175,TRUE,0,TRUE,TRUE,TRUE
"controlled_permutation","random",500,1,19,"fixed_random",8,1,3,1,0.136344332118987,0.136344332118987,TRUE,0,TRUE,TRUE,TRUE
"controlled_permutation","random",500,1,19,"fixed_random",8,1,4,1,0.144978065669917,0.144978065669917,TRUE,0,TRUE,TRUE,TRUE
"controlled_permutation","random",500,1,19,"fixed_random",8,1,5,1,0.140389525963967,0.140389525963967,TRUE,0,TRUE,TRUE,TRUE
"controlled_permutation","random",500,1,19,"fixed_random",8,1,6,1,0.149516724690757,0.149516724690757,TRUE,0,TRUE,TRUE,TRUE
"controlled_permutation","random",500,1,19,"fixed_random",8,1,7,1,0.145354377502366,0.145354377502366,TRUE,0,TRUE,TRUE,TRUE
"controlled_permutation","random",500,1,19,"fixed_random",8,1,8,1,0.140138913236077,0.140138913236077,TRUE,0,TRUE,TRUE,TRUE
"controlled_permutation","random",500,1,19,"fixed_random",8,1,9,1,0.158155008639064,0.158155008639064,TRUE,0,TRUE,TRUE,TRUE
"controlled_permutation","random",500,1,19,"fixed_random",8,1,10,1,0.148833020589374,0.148833020589374,TRUE,0,TRUE,TRUE,TRUE
"controlled_permutation","random",500,1,19,"fixed_random",8,1,11,1,0.150949759485143,0.150949759485143,TRUE,0,TRUE,TRUE,TRUE
"controlled_permutation","random",500,1,19,"fixed_random",8,1,12,1,0.156742779646588,0.156742779646588,TRUE,0,TRUE,TRUE,TRUE
"controlled_permutation","random",500,1,19,"fixed_random",8,1,13,1,0.148870939540797,0.148870939540797,TRUE,0,TRUE,TRUE,TRUE
"controlled_permutation","random",500,1,19,"fixed_random",8,1,14,1,0.154718852007607,0.154718852007607,TRUE,0,TRUE,TRUE,TRUE
"controlled_permutation","random",500,1,19,"fixed_random",8,1,15,1,0.141051466633058,0.141051466633058,TRUE,0,TRUE,TRUE,TRUE
"controlled_permutation","random",500,1,19,"fixed_random",8,1,16,1,0.141284156202783,0.141284156202783,TRUE,0,TRUE,TRUE,TRUE
"controlled_permutation","random",500,1,19,"fixed_random",8,1,17,1,0.147657508064065,0.147657508064065,TRUE,0,TRUE,TRUE,TRUE
"controlled_permutation","random",500,1,19,"fixed_random",8,1,18,1,0.15516525889616,0.15516525889616,TRUE,0,TRUE,TRUE,TRUE
"controlled_permutation","random",500,1,19,"fixed_random",8,1,19,1,0.151928557738047,0.151928557738047,TRUE,0,TRUE,TRUE,TRUE
"controlled_permutation","random",500,1,19,"fixed_random",16,1,1,1,0.164575668814659,0.164575668814659,TRUE,0,TRUE,TRUE,TRUE
"controlled_permutation","random",500,1,19,"fixed_random",16,1,2,1,0.150149215815175,0.150149215815175,TRUE,0,TRUE,TRUE,TRUE
"controlled_permutation","random",500,1,19,"fixed_random",16,1,3,1,0.136344332118987,0.136344332118987,TRUE,0,TRUE,TRUE,TRUE
"controlled_permutation","random",500,1,19,"fixed_random",16,1,4,1,0.144978065669917,0.144978065669917,TRUE,0,TRUE,TRUE,TRUE
"controlled_permutation","random",500,1,19,"fixed_random",16,1,5,1,0.140389525963967,0.140389525963967,TRUE,0,TRUE,TRUE,TRUE
"controlled_permutation","random",500,1,19,"fixed_random",16,1,6,1,0.149516724690757,0.149516724690757,TRUE,0,TRUE,TRUE,TRUE
"controlled_permutation","random",500,1,19,"fixed_random",16,1,7,1,0.145354377502366,0.145354377502366,TRUE,0,TRUE,TRUE,TRUE
"controlled_permutation","random",500,1,19,"fixed_random",16,1,8,1,0.140138913236077,0.140138913236077,TRUE,0,TRUE,TRUE,TRUE
"controlled_permutation","random",500,1,19,"fixed_random",16,1,9,1,0.158155008639064,0.158155008639064,TRUE,0,TRUE,TRUE,TRUE
"controlled_permutation","random",500,1,19,"fixed_random",16,1,10,1,0.148833020589374,0.148833020589374,TRUE,0,TRUE,TRUE,TRUE
"controlled_permutation","random",500,1,19,"fixed_random",16,1,11,1,0.150949759485143,0.150949759485143,TRUE,0,TRUE,TRUE,TRUE
"controlled_permutation","random",500,1,19,"fixed_random",16,1,12,1,0.156742779646588,0.156742779646588,TRUE,0,TRUE,TRUE,TRUE
"controlled_permutation","random",500,1,19,"fixed_random",16,1,13,1,0.148870939540797,0.148870939540797,TRUE,0,TRUE,TRUE,TRUE
"controlled_permutation","random",500,1,19,"fixed_random",16,1,14,1,0.154718852007607,0.154718852007607,TRUE,0,TRUE,TRUE,TRUE
"controlled_permutation","random",500,1,19,"fixed_random",16,1,15,1,0.141051466633058,0.141051466633058,TRUE,0,TRUE,TRUE,TRUE
"controlled_permutation","random",500,1,19,"fixed_random",16,1,16,1,0.141284156202783,0.141284156202783,TRUE,0,TRUE,TRUE,TRUE
"controlled_permutation","random",500,1,19,"fixed_random",16,1,17,1,0.147657508064065,0.147657508064065,TRUE,0,TRUE,TRUE,TRUE
"controlled_permutation","random",500,1,19,"fixed_random",16,1,18,1,0.15516525889616,0.15516525889616,TRUE,0,TRUE,TRUE,TRUE
"controlled_permutation","random",500,1,19,"fixed_random",16,1,19,1,0.151928557738047,0.151928557738047,TRUE,0,TRUE,TRUE,TRUE
"controlled_permutation","random",500,1,19,"adversarial",2,1,1,1,0.164575668814659,0.164575668814659,TRUE,0,TRUE,TRUE,TRUE
"controlled_permutation","random",500,1,19,"adversarial",2,1,2,1,0.16480260484903,0.16480260484903,TRUE,0,TRUE,TRUE,TRUE
"controlled_permutation","random",500,1,19,"adversarial",2,1,3,1,0.144158799234054,0.144158799234054,TRUE,0,TRUE,TRUE,TRUE
"controlled_permutation","random",500,1,19,"adversarial",2,1,4,1,0.157822343320677,0.157822343320677,TRUE,0,TRUE,TRUE,TRUE
"controlled_permutation","random",500,1,19,"adversarial",2,1,5,1,0.167348889661493,0.167348889661493,TRUE,0,TRUE,TRUE,TRUE
"controlled_permutation","random",500,1,19,"adversarial",2,1,6,1,0.16480260484903,0.16480260484903,TRUE,0,TRUE,TRUE,TRUE
"controlled_permutation","random",500,1,19,"adversarial",2,1,7,1,0.144158799234054,0.144158799234054,TRUE,0,TRUE,TRUE,TRUE
"controlled_permutation","random",500,1,19,"adversarial",2,1,8,1,0.157822343320677,0.157822343320677,TRUE,0,TRUE,TRUE,TRUE
"controlled_permutation","random",500,1,19,"adversarial",2,1,9,1,0.167348889661493,0.167348889661493,TRUE,0,TRUE,TRUE,TRUE
"controlled_permutation","random",500,1,19,"adversarial",2,1,10,1,0.16480260484903,0.16480260484903,TRUE,0,TRUE,TRUE,TRUE
"controlled_permutation","random",500,1,19,"adversarial",2,1,11,1,0.144158799234054,0.144158799234054,TRUE,0,TRUE,TRUE,TRUE
"controlled_permutation","random",500,1,19,"adversarial",2,1,12,1,0.157822343320677,0.157822343320677,TRUE,0,TRUE,TRUE,TRUE
"controlled_permutation","random",500,1,19,"adversarial",2,1,13,1,0.167348889661493,0.167348889661493,TRUE,0,TRUE,TRUE,TRUE
"controlled_permutation","random",500,1,19,"adversarial",2,1,14,1,0.16480260484903,0.16480260484903,TRUE,0,TRUE,TRUE,TRUE
"controlled_permutation","random",500,1,19,"adversarial",2,1,15,1,0.144158799234054,0.144158799234054,TRUE,0,TRUE,TRUE,TRUE
"controlled_permutation","random",500,1,19,"adversarial",2,1,16,1,0.157822343320677,0.157822343320677,TRUE,0,TRUE,TRUE,TRUE
"controlled_permutation","random",500,1,19,"adversarial",2,1,17,1,0.167348889661493,0.167348889661493,TRUE,0,TRUE,TRUE,TRUE
"controlled_permutation","random",500,1,19,"adversarial",2,1,18,1,0.16480260484903,0.16480260484903,TRUE,0,TRUE,TRUE,TRUE
"controlled_permutation","random",500,1,19,"adversarial",2,1,19,1,0.144158799234054,0.144158799234054,TRUE,0,TRUE,TRUE,TRUE
"controlled_permutation","random",500,1,19,"adversarial",4,1,1,1,0.164575668814659,0.164575668814659,TRUE,0,TRUE,TRUE,TRUE
"controlled_permutation","random",500,1,19,"adversarial",4,1,2,1,0.16480260484903,0.16480260484903,TRUE,0,TRUE,TRUE,TRUE
"controlled_permutation","random",500,1,19,"adversarial",4,1,3,1,0.144158799234054,0.144158799234054,TRUE,0,TRUE,TRUE,TRUE
"controlled_permutation","random",500,1,19,"adversarial",4,1,4,1,0.157822343320677,0.157822343320677,TRUE,0,TRUE,TRUE,TRUE
"controlled_permutation","random",500,1,19,"adversarial",4,1,5,1,0.167348889661493,0.167348889661493,TRUE,0,TRUE,TRUE,TRUE
"controlled_permutation","random",500,1,19,"adversarial",4,1,6,1,0.16480260484903,0.16480260484903,TRUE,0,TRUE,TRUE,TRUE
"controlled_permutation","random",500,1,19,"adversarial",4,1,7,1,0.144158799234054,0.144158799234054,TRUE,0,TRUE,TRUE,TRUE
"controlled_permutation","random",500,1,19,"adversarial",4,1,8,1,0.157822343320677,0.157822343320677,TRUE,0,TRUE,TRUE,TRUE
"controlled_permutation","random",500,1,19,"adversarial",4,1,9,1,0.167348889661493,0.167348889661493,TRUE,0,TRUE,TRUE,TRUE
"controlled_permutation","random",500,1,19,"adversarial",4,1,10,1,0.16480260484903,0.16480260484903,TRUE,0,TRUE,TRUE,TRUE
"controlled_permutation","random",500,1,19,"adversarial",4,1,11,1,0.144158799234054,0.144158799234054,TRUE,0,TRUE,TRUE,TRUE
"controlled_permutation","random",500,1,19,"adversarial",4,1,12,1,0.157822343320677,0.157822343320677,TRUE,0,TRUE,TRUE,TRUE
"controlled_permutation","random",500,1,19,"adversarial",4,1,13,1,0.167348889661493,0.167348889661493,TRUE,0,TRUE,TRUE,TRUE
"controlled_permutation","random",500,1,19,"adversarial",4,1,14,1,0.16480260484903,0.16480260484903,TRUE,0,TRUE,TRUE,TRUE
"controlled_permutation","random",500,1,19,"adversarial",4,1,15,1,0.144158799234054,0.144158799234054,TRUE,0,TRUE,TRUE,TRUE
"controlled_permutation","random",500,1,19,"adversarial",4,1,16,1,0.157822343320677,0.157822343320677,TRUE,0,TRUE,TRUE,TRUE
"controlled_permutation","random",500,1,19,"adversarial",4,1,17,1,0.167348889661493,0.167348889661493,TRUE,0,TRUE,TRUE,TRUE
"controlled_permutation","random",500,1,19,"adversarial",4,1,18,1,0.16480260484903,0.16480260484903,TRUE,0,TRUE,TRUE,TRUE
"controlled_permutation","random",500,1,19,"adversarial",4,1,19,1,0.144158799234054,0.144158799234054,TRUE,0,TRUE,TRUE,TRUE
"controlled_permutation","random",500,1,19,"adversarial",8,1,1,1,0.164575668814659,0.164575668814659,TRUE,0,TRUE,TRUE,TRUE
"controlled_permutation","random",500,1,19,"adversarial",8,1,2,1,0.16480260484903,0.16480260484903,TRUE,0,TRUE,TRUE,TRUE
"controlled_permutation","random",500,1,19,"adversarial",8,1,3,1,0.144158799234054,0.144158799234054,TRUE,0,TRUE,TRUE,TRUE
"controlled_permutation","random",500,1,19,"adversarial",8,1,4,1,0.157822343320677,0.157822343320677,TRUE,0,TRUE,TRUE,TRUE
"controlled_permutation","random",500,1,19,"adversarial",8,1,5,1,0.167348889661493,0.167348889661493,TRUE,0,TRUE,TRUE,TRUE
"controlled_permutation","random",500,1,19,"adversarial",8,1,6,1,0.16480260484903,0.16480260484903,TRUE,0,TRUE,TRUE,TRUE
"controlled_permutation","random",500,1,19,"adversarial",8,1,7,1,0.144158799234054,0.144158799234054,TRUE,0,TRUE,TRUE,TRUE
"controlled_permutation","random",500,1,19,"adversarial",8,1,8,1,0.157822343320677,0.157822343320677,TRUE,0,TRUE,TRUE,TRUE
"controlled_permutation","random",500,1,19,"adversarial",8,1,9,1,0.167348889661493,0.167348889661493,TRUE,0,TRUE,TRUE,TRUE
"controlled_permutation","random",500,1,19,"adversarial",8,1,10,1,0.16480260484903,0.16480260484903,TRUE,0,TRUE,TRUE,TRUE
"controlled_permutation","random",500,1,19,"adversarial",8,1,11,1,0.144158799234054,0.144158799234054,TRUE,0,TRUE,TRUE,TRUE
"controlled_permutation","random",500,1,19,"adversarial",8,1,12,1,0.157822343320677,0.157822343320677,TRUE,0,TRUE,TRUE,TRUE
"controlled_permutation","random",500,1,19,"adversarial",8,1,13,1,0.167348889661493,0.167348889661493,TRUE,0,TRUE,TRUE,TRUE
"controlled_permutation","random",500,1,19,"adversarial",8,1,14,1,0.16480260484903,0.16480260484903,TRUE,0,TRUE,TRUE,TRUE
"controlled_permutation","random",500,1,19,"adversarial",8,1,15,1,0.144158799234054,0.144158799234054,TRUE,0,TRUE,TRUE,TRUE
"controlled_permutation","random",500,1,19,"adversarial",8,1,16,1,0.157822343320677,0.157822343320677,TRUE,0,TRUE,TRUE,TRUE
"controlled_permutation","random",500,1,19,"adversarial",8,1,17,1,0.167348889661493,0.167348889661493,TRUE,0,TRUE,TRUE,TRUE
"controlled_permutation","random",500,1,19,"adversarial",8,1,18,1,0.16480260484903,0.16480260484903,TRUE,0,TRUE,TRUE,TRUE
"controlled_permutation","random",500,1,19,"adversarial",8,1,19,1,0.144158799234054,0.144158799234054,TRUE,0,TRUE,TRUE,TRUE
"controlled_permutation","random",500,1,19,"adversarial",16,1,1,1,0.164575668814659,0.164575668814659,TRUE,0,TRUE,TRUE,TRUE
"controlled_permutation","random",500,1,19,"adversarial",16,1,2,1,0.16480260484903,0.16480260484903,TRUE,0,TRUE,TRUE,TRUE
"controlled_permutation","random",500,1,19,"adversarial",16,1,3,1,0.144158799234054,0.144158799234054,TRUE,0,TRUE,TRUE,TRUE
"controlled_permutation","random",500,1,19,"adversarial",16,1,4,1,0.157822343320677,0.157822343320677,TRUE,0,TRUE,TRUE,TRUE
"controlled_permutation","random",500,1,19,"adversarial",16,1,5,1,0.167348889661493,0.167348889661493,TRUE,0,TRUE,TRUE,TRUE
"controlled_permutation","random",500,1,19,"adversarial",16,1,6,1,0.16480260484903,0.16480260484903,TRUE,0,TRUE,TRUE,TRUE
"controlled_permutation","random",500,1,19,"adversarial",16,1,7,1,0.144158799234054,0.144158799234054,TRUE,0,TRUE,TRUE,TRUE
"controlled_permutation","random",500,1,19,"adversarial",16,1,8,1,0.157822343320677,0.157822343320677,TRUE,0,TRUE,TRUE,TRUE
"controlled_permutation","random",500,1,19,"adversarial",16,1,9,1,0.167348889661493,0.167348889661493,TRUE,0,TRUE,TRUE,TRUE
"controlled_permutation","random",500,1,19,"adversarial",16,1,10,1,0.16480260484903,0.16480260484903,TRUE,0,TRUE,TRUE,TRUE
"controlled_permutation","random",500,1,19,"adversarial",16,1,11,1,0.144158799234054,0.144158799234054,TRUE,0,TRUE,TRUE,TRUE
"controlled_permutation","random",500,1,19,"adversarial",16,1,12,1,0.157822343320677,0.157822343320677,TRUE,0,TRUE,TRUE,TRUE
"controlled_permutation","random",500,1,19,"adversarial",16,1,13,1,0.167348889661493,0.167348889661493,TRUE,0,TRUE,TRUE,TRUE
"controlled_permutation","random",500,1,19,"adversarial",16,1,14,1,0.16480260484903,0.16480260484903,TRUE,0,TRUE,TRUE,TRUE
"controlled_permutation","random",500,1,19,"adversarial",16,1,15,1,0.144158799234054,0.144158799234054,TRUE,0,TRUE,TRUE,TRUE
"controlled_permutation","random",500,1,19,"adversarial",16,1,16,1,0.157822343320677,0.157822343320677,TRUE,0,TRUE,TRUE,TRUE
"controlled_permutation","random",500,1,19,"adversarial",16,1,17,1,0.167348889661493,0.167348889661493,TRUE,0,TRUE,TRUE,TRUE
"controlled_permutation","random",500,1,19,"adversarial",16,1,18,1,0.16480260484903,0.16480260484903,TRUE,0,TRUE,TRUE,TRUE
"controlled_permutation","random",500,1,19,"adversarial",16,1,19,1,0.144158799234054,0.144158799234054,TRUE,0,TRUE,TRUE,TRUE
"controlled_permutation","random",2000,1,19,"identity",2,1,1,1,0.110011012773892,0.110011012773892,TRUE,0,TRUE,TRUE,TRUE
"controlled_permutation","random",2000,1,19,"identity",2,1,2,1,0.110011012773892,0.110011012773892,TRUE,0,TRUE,TRUE,TRUE
"controlled_permutation","random",2000,1,19,"identity",2,1,3,1,0.110011012773892,0.110011012773892,TRUE,0,TRUE,TRUE,TRUE
"controlled_permutation","random",2000,1,19,"identity",2,1,4,1,0.110011012773892,0.110011012773892,TRUE,0,TRUE,TRUE,TRUE
"controlled_permutation","random",2000,1,19,"identity",2,1,5,1,0.110011012773892,0.110011012773892,TRUE,0,TRUE,TRUE,TRUE
"controlled_permutation","random",2000,1,19,"identity",2,1,6,1,0.110011012773892,0.110011012773892,TRUE,0,TRUE,TRUE,TRUE
"controlled_permutation","random",2000,1,19,"identity",2,1,7,1,0.110011012773892,0.110011012773892,TRUE,0,TRUE,TRUE,TRUE
"controlled_permutation","random",2000,1,19,"identity",2,1,8,1,0.110011012773892,0.110011012773892,TRUE,0,TRUE,TRUE,TRUE
"controlled_permutation","random",2000,1,19,"identity",2,1,9,1,0.110011012773892,0.110011012773892,TRUE,0,TRUE,TRUE,TRUE
"controlled_permutation","random",2000,1,19,"identity",2,1,10,1,0.110011012773892,0.110011012773892,TRUE,0,TRUE,TRUE,TRUE
"controlled_permutation","random",2000,1,19,"identity",2,1,11,1,0.110011012773892,0.110011012773892,TRUE,0,TRUE,TRUE,TRUE
"controlled_permutation","random",2000,1,19,"identity",2,1,12,1,0.110011012773892,0.110011012773892,TRUE,0,TRUE,TRUE,TRUE
"controlled_permutation","random",2000,1,19,"identity",2,1,13,1,0.110011012773892,0.110011012773892,TRUE,0,TRUE,TRUE,TRUE
"controlled_permutation","random",2000,1,19,"identity",2,1,14,1,0.110011012773892,0.110011012773892,TRUE,0,TRUE,TRUE,TRUE
"controlled_permutation","random",2000,1,19,"identity",2,1,15,1,0.110011012773892,0.110011012773892,TRUE,0,TRUE,TRUE,TRUE
"controlled_permutation","random",2000,1,19,"identity",2,1,16,1,0.110011012773892,0.110011012773892,TRUE,0,TRUE,TRUE,TRUE
"controlled_permutation","random",2000,1,19,"identity",2,1,17,1,0.110011012773892,0.110011012773892,TRUE,0,TRUE,TRUE,TRUE
"controlled_permutation","random",2000,1,19,"identity",2,1,18,1,0.110011012773892,0.110011012773892,TRUE,0,TRUE,TRUE,TRUE
"controlled_permutation","random",2000,1,19,"identity",2,1,19,1,0.110011012773892,0.110011012773892,TRUE,0,TRUE,TRUE,TRUE
"controlled_permutation","random",2000,1,19,"identity",4,1,1,1,0.110011012773892,0.110011012773892,TRUE,0,TRUE,TRUE,TRUE
"controlled_permutation","random",2000,1,19,"identity",4,1,2,1,0.110011012773892,0.110011012773892,TRUE,0,TRUE,TRUE,TRUE
"controlled_permutation","random",2000,1,19,"identity",4,1,3,1,0.110011012773892,0.110011012773892,TRUE,0,TRUE,TRUE,TRUE
"controlled_permutation","random",2000,1,19,"identity",4,1,4,1,0.110011012773892,0.110011012773892,TRUE,0,TRUE,TRUE,TRUE
"controlled_permutation","random",2000,1,19,"identity",4,1,5,1,0.110011012773892,0.110011012773892,TRUE,0,TRUE,TRUE,TRUE
"controlled_permutation","random",2000,1,19,"identity",4,1,6,1,0.110011012773892,0.110011012773892,TRUE,0,TRUE,TRUE,TRUE
"controlled_permutation","random",2000,1,19,"identity",4,1,7,1,0.110011012773892,0.110011012773892,TRUE,0,TRUE,TRUE,TRUE
"controlled_permutation","random",2000,1,19,"identity",4,1,8,1,0.110011012773892,0.110011012773892,TRUE,0,TRUE,TRUE,TRUE
"controlled_permutation","random",2000,1,19,"identity",4,1,9,1,0.110011012773892,0.110011012773892,TRUE,0,TRUE,TRUE,TRUE
"controlled_permutation","random",2000,1,19,"identity",4,1,10,1,0.110011012773892,0.110011012773892,TRUE,0,TRUE,TRUE,TRUE
"controlled_permutation","random",2000,1,19,"identity",4,1,11,1,0.110011012773892,0.110011012773892,TRUE,0,TRUE,TRUE,TRUE
"controlled_permutation","random",2000,1,19,"identity",4,1,12,1,0.110011012773892,0.110011012773892,TRUE,0,TRUE,TRUE,TRUE
"controlled_permutation","random",2000,1,19,"identity",4,1,13,1,0.110011012773892,0.110011012773892,TRUE,0,TRUE,TRUE,TRUE
"controlled_permutation","random",2000,1,19,"identity",4,1,14,1,0.110011012773892,0.110011012773892,TRUE,0,TRUE,TRUE,TRUE
"controlled_permutation","random",2000,1,19,"identity",4,1,15,1,0.110011012773892,0.110011012773892,TRUE,0,TRUE,TRUE,TRUE
"controlled_permutation","random",2000,1,19,"identity",4,1,16,1,0.110011012773892,0.110011012773892,TRUE,0,TRUE,TRUE,TRUE
"controlled_permutation","random",2000,1,19,"identity",4,1,17,1,0.110011012773892,0.110011012773892,TRUE,0,TRUE,TRUE,TRUE
"controlled_permutation","random",2000,1,19,"identity",4,1,18,1,0.110011012773892,0.110011012773892,TRUE,0,TRUE,TRUE,TRUE
"controlled_permutation","random",2000,1,19,"identity",4,1,19,1,0.110011012773892,0.110011012773892,TRUE,0,TRUE,TRUE,TRUE
"controlled_permutation","random",2000,1,19,"identity",8,1,1,1,0.110011012773892,0.110011012773892,TRUE,0,TRUE,TRUE,TRUE
"controlled_permutation","random",2000,1,19,"identity",8,1,2,1,0.110011012773892,0.110011012773892,TRUE,0,TRUE,TRUE,TRUE
"controlled_permutation","random",2000,1,19,"identity",8,1,3,1,0.110011012773892,0.110011012773892,TRUE,0,TRUE,TRUE,TRUE
"controlled_permutation","random",2000,1,19,"identity",8,1,4,1,0.110011012773892,0.110011012773892,TRUE,0,TRUE,TRUE,TRUE
"controlled_permutation","random",2000,1,19,"identity",8,1,5,1,0.110011012773892,0.110011012773892,TRUE,0,TRUE,TRUE,TRUE
"controlled_permutation","random",2000,1,19,"identity",8,1,6,1,0.110011012773892,0.110011012773892,TRUE,0,TRUE,TRUE,TRUE
"controlled_permutation","random",2000,1,19,"identity",8,1,7,1,0.110011012773892,0.110011012773892,TRUE,0,TRUE,TRUE,TRUE
"controlled_permutation","random",2000,1,19,"identity",8,1,8,1,0.110011012773892,0.110011012773892,TRUE,0,TRUE,TRUE,TRUE
"controlled_permutation","random",2000,1,19,"identity",8,1,9,1,0.110011012773892,0.110011012773892,TRUE,0,TRUE,TRUE,TRUE
"controlled_permutation","random",2000,1,19,"identity",8,1,10,1,0.110011012773892,0.110011012773892,TRUE,0,TRUE,TRUE,TRUE
"controlled_permutation","random",2000,1,19,"identity",8,1,11,1,0.110011012773892,0.110011012773892,TRUE,0,TRUE,TRUE,TRUE
"controlled_permutation","random",2000,1,19,"identity",8,1,12,1,0.110011012773892,0.110011012773892,TRUE,0,TRUE,TRUE,TRUE
"controlled_permutation","random",2000,1,19,"identity",8,1,13,1,0.110011012773892,0.110011012773892,TRUE,0,TRUE,TRUE,TRUE
"controlled_permutation","random",2000,1,19,"identity",8,1,14,1,0.110011012773892,0.110011012773892,TRUE,0,TRUE,TRUE,TRUE
"controlled_permutation","random",2000,1,19,"identity",8,1,15,1,0.110011012773892,0.110011012773892,TRUE,0,TRUE,TRUE,TRUE
"controlled_permutation","random",2000,1,19,"identity",8,1,16,1,0.110011012773892,0.110011012773892,TRUE,0,TRUE,TRUE,TRUE
"controlled_permutation","random",2000,1,19,"identity",8,1,17,1,0.110011012773892,0.110011012773892,TRUE,0,TRUE,TRUE,TRUE
"controlled_permutation","random",2000,1,19,"identity",8,1,18,1,0.110011012773892,0.110011012773892,TRUE,0,TRUE,TRUE,TRUE
"controlled_permutation","random",2000,1,19,"identity",8,1,19,1,0.110011012773892,0.110011012773892,TRUE,0,TRUE,TRUE,TRUE
"controlled_permutation","random",2000,1,19,"identity",16,1,1,1,0.110011012773892,0.110011012773892,TRUE,0,TRUE,TRUE,TRUE
"controlled_permutation","random",2000,1,19,"identity",16,1,2,1,0.110011012773892,0.110011012773892,TRUE,0,TRUE,TRUE,TRUE
"controlled_permutation","random",2000,1,19,"identity",16,1,3,1,0.110011012773892,0.110011012773892,TRUE,0,TRUE,TRUE,TRUE
"controlled_permutation","random",2000,1,19,"identity",16,1,4,1,0.110011012773892,0.110011012773892,TRUE,0,TRUE,TRUE,TRUE
"controlled_permutation","random",2000,1,19,"identity",16,1,5,1,0.110011012773892,0.110011012773892,TRUE,0,TRUE,TRUE,TRUE
"controlled_permutation","random",2000,1,19,"identity",16,1,6,1,0.110011012773892,0.110011012773892,TRUE,0,TRUE,TRUE,TRUE
"controlled_permutation","random",2000,1,19,"identity",16,1,7,1,0.110011012773892,0.110011012773892,TRUE,0,TRUE,TRUE,TRUE
"controlled_permutation","random",2000,1,19,"identity",16,1,8,1,0.110011012773892,0.110011012773892,TRUE,0,TRUE,TRUE,TRUE
"controlled_permutation","random",2000,1,19,"identity",16,1,9,1,0.110011012773892,0.110011012773892,TRUE,0,TRUE,TRUE,TRUE
"controlled_permutation","random",2000,1,19,"identity",16,1,10,1,0.110011012773892,0.110011012773892,TRUE,0,TRUE,TRUE,TRUE
"controlled_permutation","random",2000,1,19,"identity",16,1,11,1,0.110011012773892,0.110011012773892,TRUE,0,TRUE,TRUE,TRUE
"controlled_permutation","random",2000,1,19,"identity",16,1,12,1,0.110011012773892,0.110011012773892,TRUE,0,TRUE,TRUE,TRUE
"controlled_permutation","random",2000,1,19,"identity",16,1,13,1,0.110011012773892,0.110011012773892,TRUE,0,TRUE,TRUE,TRUE
"controlled_permutation","random",2000,1,19,"identity",16,1,14,1,0.110011012773892,0.110011012773892,TRUE,0,TRUE,TRUE,TRUE
"controlled_permutation","random",2000,1,19,"identity",16,1,15,1,0.110011012773892,0.110011012773892,TRUE,0,TRUE,TRUE,TRUE
"controlled_permutation","random",2000,1,19,"identity",16,1,16,1,0.110011012773892,0.110011012773892,TRUE,0,TRUE,TRUE,TRUE
"controlled_permutation","random",2000,1,19,"identity",16,1,17,1,0.110011012773892,0.110011012773892,TRUE,0,TRUE,TRUE,TRUE
"controlled_permutation","random",2000,1,19,"identity",16,1,18,1,0.110011012773892,0.110011012773892,TRUE,0,TRUE,TRUE,TRUE
"controlled_permutation","random",2000,1,19,"identity",16,1,19,1,0.110011012773892,0.110011012773892,TRUE,0,TRUE,TRUE,TRUE
"controlled_permutation","random",2000,1,19,"single_swap",2,1,1,1,0.110011012773892,0.110011012773892,TRUE,0,TRUE,TRUE,TRUE
"controlled_permutation","random",2000,1,19,"single_swap",2,1,2,1,0.110010999364799,0.110010999364799,TRUE,0,TRUE,TRUE,TRUE
"controlled_permutation","random",2000,1,19,"single_swap",2,1,3,1,0.110004709456065,0.110004709456065,TRUE,0,TRUE,TRUE,TRUE
"controlled_permutation","random",2000,1,19,"single_swap",2,1,4,1,0.110011010757565,0.110011010757565,TRUE,0,TRUE,TRUE,TRUE
"controlled_permutation","random",2000,1,19,"single_swap",2,1,5,1,0.110080669940077,0.110080669940077,TRUE,0,TRUE,TRUE,TRUE
"controlled_permutation","random",2000,1,19,"single_swap",2,1,6,1,0.109959805452413,0.109959805452413,TRUE,0,TRUE,TRUE,TRUE
"controlled_permutation","random",2000,1,19,"single_swap",2,1,7,1,0.110011015627049,0.110011015627049,TRUE,0,TRUE,TRUE,TRUE
"controlled_permutation","random",2000,1,19,"single_swap",2,1,8,1,0.109858855913185,0.109858855913185,TRUE,0,TRUE,TRUE,TRUE
"controlled_permutation","random",2000,1,19,"single_swap",2,1,9,1,0.110011014849059,0.110011014849059,TRUE,0,TRUE,TRUE,TRUE
"controlled_permutation","random",2000,1,19,"single_swap",2,1,10,1,0.110016046232258,0.110016046232258,TRUE,0,TRUE,TRUE,TRUE
"controlled_permutation","random",2000,1,19,"single_swap",2,1,11,1,0.110011011009711,0.110011011009711,TRUE,0,TRUE,TRUE,TRUE
"controlled_permutation","random",2000,1,19,"single_swap",2,1,12,1,0.109981000650077,0.109981000650077,TRUE,0,TRUE,TRUE,TRUE
"controlled_permutation","random",2000,1,19,"single_swap",2,1,13,1,0.110035591518388,0.110035591518388,TRUE,0,TRUE,TRUE,TRUE
"controlled_permutation","random",2000,1,19,"single_swap",2,1,14,1,0.110010282098913,0.110010282098913,TRUE,0,TRUE,TRUE,TRUE
"controlled_permutation","random",2000,1,19,"single_swap",2,1,15,1,0.110011020854127,0.110011020854127,TRUE,0,TRUE,TRUE,TRUE
"controlled_permutation","random",2000,1,19,"single_swap",2,1,16,1,0.10981802591004,0.10981802591004,TRUE,0,TRUE,TRUE,TRUE
"controlled_permutation","random",2000,1,19,"single_swap",2,1,17,1,0.109971076267084,0.109971076267084,TRUE,0,TRUE,TRUE,TRUE
"controlled_permutation","random",2000,1,19,"single_swap",2,1,18,1,0.110013799099932,0.110013799099932,TRUE,0,TRUE,TRUE,TRUE
"controlled_permutation","random",2000,1,19,"single_swap",2,1,19,1,0.110007453058781,0.110007453058781,TRUE,0,TRUE,TRUE,TRUE
"controlled_permutation","random",2000,1,19,"single_swap",4,1,1,1,0.110011012773892,0.110011012773892,TRUE,0,TRUE,TRUE,TRUE
"controlled_permutation","random",2000,1,19,"single_swap",4,1,2,1,0.110010999364799,0.110010999364799,TRUE,0,TRUE,TRUE,TRUE
"controlled_permutation","random",2000,1,19,"single_swap",4,1,3,1,0.110004709456065,0.110004709456065,TRUE,0,TRUE,TRUE,TRUE
"controlled_permutation","random",2000,1,19,"single_swap",4,1,4,1,0.110011010757565,0.110011010757565,TRUE,0,TRUE,TRUE,TRUE
"controlled_permutation","random",2000,1,19,"single_swap",4,1,5,1,0.110080669940077,0.110080669940077,TRUE,0,TRUE,TRUE,TRUE
"controlled_permutation","random",2000,1,19,"single_swap",4,1,6,1,0.109959805452413,0.109959805452413,TRUE,0,TRUE,TRUE,TRUE
"controlled_permutation","random",2000,1,19,"single_swap",4,1,7,1,0.110011015627049,0.110011015627049,TRUE,0,TRUE,TRUE,TRUE
"controlled_permutation","random",2000,1,19,"single_swap",4,1,8,1,0.109858855913185,0.109858855913185,TRUE,0,TRUE,TRUE,TRUE
"controlled_permutation","random",2000,1,19,"single_swap",4,1,9,1,0.110011014849059,0.110011014849059,TRUE,0,TRUE,TRUE,TRUE
"controlled_permutation","random",2000,1,19,"single_swap",4,1,10,1,0.110016046232258,0.110016046232258,TRUE,0,TRUE,TRUE,TRUE
"controlled_permutation","random",2000,1,19,"single_swap",4,1,11,1,0.110011011009711,0.110011011009711,TRUE,0,TRUE,TRUE,TRUE
"controlled_permutation","random",2000,1,19,"single_swap",4,1,12,1,0.109981000650077,0.109981000650077,TRUE,0,TRUE,TRUE,TRUE
"controlled_permutation","random",2000,1,19,"single_swap",4,1,13,1,0.110035591518388,0.110035591518388,TRUE,0,TRUE,TRUE,TRUE
"controlled_permutation","random",2000,1,19,"single_swap",4,1,14,1,0.110010282098913,0.110010282098913,TRUE,0,TRUE,TRUE,TRUE
"controlled_permutation","random",2000,1,19,"single_swap",4,1,15,1,0.110011020854127,0.110011020854127,TRUE,0,TRUE,TRUE,TRUE
"controlled_permutation","random",2000,1,19,"single_swap",4,1,16,1,0.10981802591004,0.10981802591004,TRUE,0,TRUE,TRUE,TRUE
"controlled_permutation","random",2000,1,19,"single_swap",4,1,17,1,0.109971076267084,0.109971076267084,TRUE,0,TRUE,TRUE,TRUE
"controlled_permutation","random",2000,1,19,"single_swap",4,1,18,1,0.110013799099932,0.110013799099932,TRUE,0,TRUE,TRUE,TRUE
"controlled_permutation","random",2000,1,19,"single_swap",4,1,19,1,0.110007453058781,0.110007453058781,TRUE,0,TRUE,TRUE,TRUE
"controlled_permutation","random",2000,1,19,"single_swap",8,1,1,1,0.110011012773892,0.110011012773892,TRUE,0,TRUE,TRUE,TRUE
"controlled_permutation","random",2000,1,19,"single_swap",8,1,2,1,0.110010999364799,0.110010999364799,TRUE,0,TRUE,TRUE,TRUE
"controlled_permutation","random",2000,1,19,"single_swap",8,1,3,1,0.110004709456065,0.110004709456065,TRUE,0,TRUE,TRUE,TRUE
"controlled_permutation","random",2000,1,19,"single_swap",8,1,4,1,0.110011010757565,0.110011010757565,TRUE,0,TRUE,TRUE,TRUE
"controlled_permutation","random",2000,1,19,"single_swap",8,1,5,1,0.110080669940077,0.110080669940077,TRUE,0,TRUE,TRUE,TRUE
"controlled_permutation","random",2000,1,19,"single_swap",8,1,6,1,0.109959805452413,0.109959805452413,TRUE,0,TRUE,TRUE,TRUE
"controlled_permutation","random",2000,1,19,"single_swap",8,1,7,1,0.110011015627049,0.110011015627049,TRUE,0,TRUE,TRUE,TRUE
"controlled_permutation","random",2000,1,19,"single_swap",8,1,8,1,0.109858855913185,0.109858855913185,TRUE,0,TRUE,TRUE,TRUE
"controlled_permutation","random",2000,1,19,"single_swap",8,1,9,1,0.110011014849059,0.110011014849059,TRUE,0,TRUE,TRUE,TRUE
"controlled_permutation","random",2000,1,19,"single_swap",8,1,10,1,0.110016046232258,0.110016046232258,TRUE,0,TRUE,TRUE,TRUE
"controlled_permutation","random",2000,1,19,"single_swap",8,1,11,1,0.110011011009711,0.110011011009711,TRUE,0,TRUE,TRUE,TRUE
"controlled_permutation","random",2000,1,19,"single_swap",8,1,12,1,0.109981000650077,0.109981000650077,TRUE,0,TRUE,TRUE,TRUE
"controlled_permutation","random",2000,1,19,"single_swap",8,1,13,1,0.110035591518388,0.110035591518388,TRUE,0,TRUE,TRUE,TRUE
"controlled_permutation","random",2000,1,19,"single_swap",8,1,14,1,0.110010282098913,0.110010282098913,TRUE,0,TRUE,TRUE,TRUE
"controlled_permutation","random",2000,1,19,"single_swap",8,1,15,1,0.110011020854127,0.110011020854127,TRUE,0,TRUE,TRUE,TRUE
"controlled_permutation","random",2000,1,19,"single_swap",8,1,16,1,0.10981802591004,0.10981802591004,TRUE,0,TRUE,TRUE,TRUE
"controlled_permutation","random",2000,1,19,"single_swap",8,1,17,1,0.109971076267084,0.109971076267084,TRUE,0,TRUE,TRUE,TRUE
"controlled_permutation","random",2000,1,19,"single_swap",8,1,18,1,0.110013799099932,0.110013799099932,TRUE,0,TRUE,TRUE,TRUE
"controlled_permutation","random",2000,1,19,"single_swap",8,1,19,1,0.110007453058781,0.110007453058781,TRUE,0,TRUE,TRUE,TRUE
"controlled_permutation","random",2000,1,19,"single_swap",16,1,1,1,0.110011012773892,0.110011012773892,TRUE,0,TRUE,TRUE,TRUE
"controlled_permutation","random",2000,1,19,"single_swap",16,1,2,1,0.110010999364799,0.110010999364799,TRUE,0,TRUE,TRUE,TRUE
"controlled_permutation","random",2000,1,19,"single_swap",16,1,3,1,0.110004709456065,0.110004709456065,TRUE,0,TRUE,TRUE,TRUE
"controlled_permutation","random",2000,1,19,"single_swap",16,1,4,1,0.110011010757565,0.110011010757565,TRUE,0,TRUE,TRUE,TRUE
"controlled_permutation","random",2000,1,19,"single_swap",16,1,5,1,0.110080669940077,0.110080669940077,TRUE,0,TRUE,TRUE,TRUE
"controlled_permutation","random",2000,1,19,"single_swap",16,1,6,1,0.109959805452413,0.109959805452413,TRUE,0,TRUE,TRUE,TRUE
"controlled_permutation","random",2000,1,19,"single_swap",16,1,7,1,0.110011015627049,0.110011015627049,TRUE,0,TRUE,TRUE,TRUE
"controlled_permutation","random",2000,1,19,"single_swap",16,1,8,1,0.109858855913185,0.109858855913185,TRUE,0,TRUE,TRUE,TRUE
"controlled_permutation","random",2000,1,19,"single_swap",16,1,9,1,0.110011014849059,0.110011014849059,TRUE,0,TRUE,TRUE,TRUE
"controlled_permutation","random",2000,1,19,"single_swap",16,1,10,1,0.110016046232258,0.110016046232258,TRUE,0,TRUE,TRUE,TRUE
"controlled_permutation","random",2000,1,19,"single_swap",16,1,11,1,0.110011011009711,0.110011011009711,TRUE,0,TRUE,TRUE,TRUE
"controlled_permutation","random",2000,1,19,"single_swap",16,1,12,1,0.109981000650077,0.109981000650077,TRUE,0,TRUE,TRUE,TRUE
"controlled_permutation","random",2000,1,19,"single_swap",16,1,13,1,0.110035591518388,0.110035591518388,TRUE,0,TRUE,TRUE,TRUE
"controlled_permutation","random",2000,1,19,"single_swap",16,1,14,1,0.110010282098913,0.110010282098913,TRUE,0,TRUE,TRUE,TRUE
"controlled_permutation","random",2000,1,19,"single_swap",16,1,15,1,0.110011020854127,0.110011020854127,TRUE,0,TRUE,TRUE,TRUE
"controlled_permutation","random",2000,1,19,"single_swap",16,1,16,1,0.10981802591004,0.10981802591004,TRUE,0,TRUE,TRUE,TRUE
"controlled_permutation","random",2000,1,19,"single_swap",16,1,17,1,0.109971076267084,0.109971076267084,TRUE,0,TRUE,TRUE,TRUE
"controlled_permutation","random",2000,1,19,"single_swap",16,1,18,1,0.110013799099932,0.110013799099932,TRUE,0,TRUE,TRUE,TRUE
"controlled_permutation","random",2000,1,19,"single_swap",16,1,19,1,0.110007453058781,0.110007453058781,TRUE,0,TRUE,TRUE,TRUE
"controlled_permutation","random",2000,1,19,"reverse",2,1,1,1,0.110011012773892,0.110011012773892,TRUE,0,TRUE,TRUE,TRUE
"controlled_permutation","random",2000,1,19,"reverse",2,1,2,1,0.109213796666286,0.109213796666286,TRUE,0,TRUE,TRUE,TRUE
"controlled_permutation","random",2000,1,19,"reverse",2,1,3,1,0.109213796666286,0.109213796666286,TRUE,0,TRUE,TRUE,TRUE
"controlled_permutation","random",2000,1,19,"reverse",2,1,4,1,0.109213796666286,0.109213796666286,TRUE,0,TRUE,TRUE,TRUE
"controlled_permutation","random",2000,1,19,"reverse",2,1,5,1,0.109213796666286,0.109213796666286,TRUE,0,TRUE,TRUE,TRUE
"controlled_permutation","random",2000,1,19,"reverse",2,1,6,1,0.109213796666286,0.109213796666286,TRUE,0,TRUE,TRUE,TRUE
"controlled_permutation","random",2000,1,19,"reverse",2,1,7,1,0.109213796666286,0.109213796666286,TRUE,0,TRUE,TRUE,TRUE
"controlled_permutation","random",2000,1,19,"reverse",2,1,8,1,0.109213796666286,0.109213796666286,TRUE,0,TRUE,TRUE,TRUE
"controlled_permutation","random",2000,1,19,"reverse",2,1,9,1,0.109213796666286,0.109213796666286,TRUE,0,TRUE,TRUE,TRUE
"controlled_permutation","random",2000,1,19,"reverse",2,1,10,1,0.109213796666286,0.109213796666286,TRUE,0,TRUE,TRUE,TRUE
"controlled_permutation","random",2000,1,19,"reverse",2,1,11,1,0.109213796666286,0.109213796666286,TRUE,0,TRUE,TRUE,TRUE
"controlled_permutation","random",2000,1,19,"reverse",2,1,12,1,0.109213796666286,0.109213796666286,TRUE,0,TRUE,TRUE,TRUE
"controlled_permutation","random",2000,1,19,"reverse",2,1,13,1,0.109213796666286,0.109213796666286,TRUE,0,TRUE,TRUE,TRUE
"controlled_permutation","random",2000,1,19,"reverse",2,1,14,1,0.109213796666286,0.109213796666286,TRUE,0,TRUE,TRUE,TRUE
"controlled_permutation","random",2000,1,19,"reverse",2,1,15,1,0.109213796666286,0.109213796666286,TRUE,0,TRUE,TRUE,TRUE
"controlled_permutation","random",2000,1,19,"reverse",2,1,16,1,0.109213796666286,0.109213796666286,TRUE,0,TRUE,TRUE,TRUE
"controlled_permutation","random",2000,1,19,"reverse",2,1,17,1,0.109213796666286,0.109213796666286,TRUE,0,TRUE,TRUE,TRUE
"controlled_permutation","random",2000,1,19,"reverse",2,1,18,1,0.109213796666286,0.109213796666286,TRUE,0,TRUE,TRUE,TRUE
"controlled_permutation","random",2000,1,19,"reverse",2,1,19,1,0.109213796666286,0.109213796666286,TRUE,0,TRUE,TRUE,TRUE
"controlled_permutation","random",2000,1,19,"reverse",4,1,1,1,0.110011012773892,0.110011012773892,TRUE,0,TRUE,TRUE,TRUE
"controlled_permutation","random",2000,1,19,"reverse",4,1,2,1,0.109213796666286,0.109213796666286,TRUE,0,TRUE,TRUE,TRUE
"controlled_permutation","random",2000,1,19,"reverse",4,1,3,1,0.109213796666286,0.109213796666286,TRUE,0,TRUE,TRUE,TRUE
"controlled_permutation","random",2000,1,19,"reverse",4,1,4,1,0.109213796666286,0.109213796666286,TRUE,0,TRUE,TRUE,TRUE
"controlled_permutation","random",2000,1,19,"reverse",4,1,5,1,0.109213796666286,0.109213796666286,TRUE,0,TRUE,TRUE,TRUE
"controlled_permutation","random",2000,1,19,"reverse",4,1,6,1,0.109213796666286,0.109213796666286,TRUE,0,TRUE,TRUE,TRUE
"controlled_permutation","random",2000,1,19,"reverse",4,1,7,1,0.109213796666286,0.109213796666286,TRUE,0,TRUE,TRUE,TRUE
"controlled_permutation","random",2000,1,19,"reverse",4,1,8,1,0.109213796666286,0.109213796666286,TRUE,0,TRUE,TRUE,TRUE
"controlled_permutation","random",2000,1,19,"reverse",4,1,9,1,0.109213796666286,0.109213796666286,TRUE,0,TRUE,TRUE,TRUE
"controlled_permutation","random",2000,1,19,"reverse",4,1,10,1,0.109213796666286,0.109213796666286,TRUE,0,TRUE,TRUE,TRUE
"controlled_permutation","random",2000,1,19,"reverse",4,1,11,1,0.109213796666286,0.109213796666286,TRUE,0,TRUE,TRUE,TRUE
"controlled_permutation","random",2000,1,19,"reverse",4,1,12,1,0.109213796666286,0.109213796666286,TRUE,0,TRUE,TRUE,TRUE
"controlled_permutation","random",2000,1,19,"reverse",4,1,13,1,0.109213796666286,0.109213796666286,TRUE,0,TRUE,TRUE,TRUE
"controlled_permutation","random",2000,1,19,"reverse",4,1,14,1,0.109213796666286,0.109213796666286,TRUE,0,TRUE,TRUE,TRUE
"controlled_permutation","random",2000,1,19,"reverse",4,1,15,1,0.109213796666286,0.109213796666286,TRUE,0,TRUE,TRUE,TRUE
"controlled_permutation","random",2000,1,19,"reverse",4,1,16,1,0.109213796666286,0.109213796666286,TRUE,0,TRUE,TRUE,TRUE
"controlled_permutation","random",2000,1,19,"reverse",4,1,17,1,0.109213796666286,0.109213796666286,TRUE,0,TRUE,TRUE,TRUE
"controlled_permutation","random",2000,1,19,"reverse",4,1,18,1,0.109213796666286,0.109213796666286,TRUE,0,TRUE,TRUE,TRUE
"controlled_permutation","random",2000,1,19,"reverse",4,1,19,1,0.109213796666286,0.109213796666286,TRUE,0,TRUE,TRUE,TRUE
"controlled_permutation","random",2000,1,19,"reverse",8,1,1,1,0.110011012773892,0.110011012773892,TRUE,0,TRUE,TRUE,TRUE
"controlled_permutation","random",2000,1,19,"reverse",8,1,2,1,0.109213796666286,0.109213796666286,TRUE,0,TRUE,TRUE,TRUE
"controlled_permutation","random",2000,1,19,"reverse",8,1,3,1,0.109213796666286,0.109213796666286,TRUE,0,TRUE,TRUE,TRUE
"controlled_permutation","random",2000,1,19,"reverse",8,1,4,1,0.109213796666286,0.109213796666286,TRUE,0,TRUE,TRUE,TRUE
"controlled_permutation","random",2000,1,19,"reverse",8,1,5,1,0.109213796666286,0.109213796666286,TRUE,0,TRUE,TRUE,TRUE
"controlled_permutation","random",2000,1,19,"reverse",8,1,6,1,0.109213796666286,0.109213796666286,TRUE,0,TRUE,TRUE,TRUE
"controlled_permutation","random",2000,1,19,"reverse",8,1,7,1,0.109213796666286,0.109213796666286,TRUE,0,TRUE,TRUE,TRUE
"controlled_permutation","random",2000,1,19,"reverse",8,1,8,1,0.109213796666286,0.109213796666286,TRUE,0,TRUE,TRUE,TRUE
"controlled_permutation","random",2000,1,19,"reverse",8,1,9,1,0.109213796666286,0.109213796666286,TRUE,0,TRUE,TRUE,TRUE
"controlled_permutation","random",2000,1,19,"reverse",8,1,10,1,0.109213796666286,0.109213796666286,TRUE,0,TRUE,TRUE,TRUE
"controlled_permutation","random",2000,1,19,"reverse",8,1,11,1,0.109213796666286,0.109213796666286,TRUE,0,TRUE,TRUE,TRUE
"controlled_permutation","random",2000,1,19,"reverse",8,1,12,1,0.109213796666286,0.109213796666286,TRUE,0,TRUE,TRUE,TRUE
"controlled_permutation","random",2000,1,19,"reverse",8,1,13,1,0.109213796666286,0.109213796666286,TRUE,0,TRUE,TRUE,TRUE
"controlled_permutation","random",2000,1,19,"reverse",8,1,14,1,0.109213796666286,0.109213796666286,TRUE,0,TRUE,TRUE,TRUE
"controlled_permutation","random",2000,1,19,"reverse",8,1,15,1,0.109213796666286,0.109213796666286,TRUE,0,TRUE,TRUE,TRUE
"controlled_permutation","random",2000,1,19,"reverse",8,1,16,1,0.109213796666286,0.109213796666286,TRUE,0,TRUE,TRUE,TRUE
"controlled_permutation","random",2000,1,19,"reverse",8,1,17,1,0.109213796666286,0.109213796666286,TRUE,0,TRUE,TRUE,TRUE
"controlled_permutation","random",2000,1,19,"reverse",8,1,18,1,0.109213796666286,0.109213796666286,TRUE,0,TRUE,TRUE,TRUE
"controlled_permutation","random",2000,1,19,"reverse",8,1,19,1,0.109213796666286,0.109213796666286,TRUE,0,TRUE,TRUE,TRUE
"controlled_permutation","random",2000,1,19,"reverse",16,1,1,1,0.110011012773892,0.110011012773892,TRUE,0,TRUE,TRUE,TRUE
"controlled_permutation","random",2000,1,19,"reverse",16,1,2,1,0.109213796666286,0.109213796666286,TRUE,0,TRUE,TRUE,TRUE
"controlled_permutation","random",2000,1,19,"reverse",16,1,3,1,0.109213796666286,0.109213796666286,TRUE,0,TRUE,TRUE,TRUE
"controlled_permutation","random",2000,1,19,"reverse",16,1,4,1,0.109213796666286,0.109213796666286,TRUE,0,TRUE,TRUE,TRUE
"controlled_permutation","random",2000,1,19,"reverse",16,1,5,1,0.109213796666286,0.109213796666286,TRUE,0,TRUE,TRUE,TRUE
"controlled_permutation","random",2000,1,19,"reverse",16,1,6,1,0.109213796666286,0.109213796666286,TRUE,0,TRUE,TRUE,TRUE
"controlled_permutation","random",2000,1,19,"reverse",16,1,7,1,0.109213796666286,0.109213796666286,TRUE,0,TRUE,TRUE,TRUE
"controlled_permutation","random",2000,1,19,"reverse",16,1,8,1,0.109213796666286,0.109213796666286,TRUE,0,TRUE,TRUE,TRUE
"controlled_permutation","random",2000,1,19,"reverse",16,1,9,1,0.109213796666286,0.109213796666286,TRUE,0,TRUE,TRUE,TRUE
"controlled_permutation","random",2000,1,19,"reverse",16,1,10,1,0.109213796666286,0.109213796666286,TRUE,0,TRUE,TRUE,TRUE
"controlled_permutation","random",2000,1,19,"reverse",16,1,11,1,0.109213796666286,0.109213796666286,TRUE,0,TRUE,TRUE,TRUE
"controlled_permutation","random",2000,1,19,"reverse",16,1,12,1,0.109213796666286,0.109213796666286,TRUE,0,TRUE,TRUE,TRUE
"controlled_permutation","random",2000,1,19,"reverse",16,1,13,1,0.109213796666286,0.109213796666286,TRUE,0,TRUE,TRUE,TRUE
"controlled_permutation","random",2000,1,19,"reverse",16,1,14,1,0.109213796666286,0.109213796666286,TRUE,0,TRUE,TRUE,TRUE
"controlled_permutation","random",2000,1,19,"reverse",16,1,15,1,0.109213796666286,0.109213796666286,TRUE,0,TRUE,TRUE,TRUE
"controlled_permutation","random",2000,1,19,"reverse",16,1,16,1,0.109213796666286,0.109213796666286,TRUE,0,TRUE,TRUE,TRUE
"controlled_permutation","random",2000,1,19,"reverse",16,1,17,1,0.109213796666286,0.109213796666286,TRUE,0,TRUE,TRUE,TRUE
"controlled_permutation","random",2000,1,19,"reverse",16,1,18,1,0.109213796666286,0.109213796666286,TRUE,0,TRUE,TRUE,TRUE
"controlled_permutation","random",2000,1,19,"reverse",16,1,19,1,0.109213796666286,0.109213796666286,TRUE,0,TRUE,TRUE,TRUE
"controlled_permutation","random",2000,1,19,"cyclic_shift",2,1,1,1,0.110011012773892,0.110011012773892,TRUE,0,TRUE,TRUE,TRUE
"controlled_permutation","random",2000,1,19,"cyclic_shift",2,1,2,1,0.107977286273009,0.107977286273009,TRUE,0,TRUE,TRUE,TRUE
"controlled_permutation","random",2000,1,19,"cyclic_shift",2,1,3,1,0.110157804376939,0.110157804376939,TRUE,0,TRUE,TRUE,TRUE
"controlled_permutation","random",2000,1,19,"cyclic_shift",2,1,4,1,0.111079960886782,0.111079960886782,TRUE,0,TRUE,TRUE,TRUE
"controlled_permutation","random",2000,1,19,"cyclic_shift",2,1,5,1,0.105544989792945,0.105544989792945,TRUE,0,TRUE,TRUE,TRUE
"controlled_permutation","random",2000,1,19,"cyclic_shift",2,1,6,1,0.112582221476438,0.112582221476438,TRUE,0,TRUE,TRUE,TRUE
"controlled_permutation","random",2000,1,19,"cyclic_shift",2,1,7,1,0.106850154829151,0.106850154829151,TRUE,0,TRUE,TRUE,TRUE
"controlled_permutation","random",2000,1,19,"cyclic_shift",2,1,8,1,0.108880549529641,0.108880549529641,TRUE,0,TRUE,TRUE,TRUE
"controlled_permutation","random",2000,1,19,"cyclic_shift",2,1,9,1,0.112313810716919,0.112313810716919,TRUE,0,TRUE,TRUE,TRUE
"controlled_permutation","random",2000,1,19,"cyclic_shift",2,1,10,1,0.108973050276841,0.108973050276841,TRUE,0,TRUE,TRUE,TRUE
"controlled_permutation","random",2000,1,19,"cyclic_shift",2,1,11,1,0.111027582181958,0.111027582181958,TRUE,0,TRUE,TRUE,TRUE
"controlled_permutation","random",2000,1,19,"cyclic_shift",2,1,12,1,0.109221495540376,0.109221495540376,TRUE,0,TRUE,TRUE,TRUE
"controlled_permutation","random",2000,1,19,"cyclic_shift",2,1,13,1,0.109965469524395,0.109965469524395,TRUE,0,TRUE,TRUE,TRUE
"controlled_permutation","random",2000,1,19,"cyclic_shift",2,1,14,1,0.112502242451008,0.112502242451008,TRUE,0,TRUE,TRUE,TRUE
"controlled_permutation","random",2000,1,19,"cyclic_shift",2,1,15,1,0.111169961290668,0.111169961290668,TRUE,0,TRUE,TRUE,TRUE
"controlled_permutation","random",2000,1,19,"cyclic_shift",2,1,16,1,0.118715905131706,0.118715905131706,TRUE,0,TRUE,TRUE,TRUE
"controlled_permutation","random",2000,1,19,"cyclic_shift",2,1,17,1,0.108550620392128,0.108550620392128,TRUE,0,TRUE,TRUE,TRUE
"controlled_permutation","random",2000,1,19,"cyclic_shift",2,1,18,1,0.108944086396061,0.108944086396061,TRUE,0,TRUE,TRUE,TRUE
"controlled_permutation","random",2000,1,19,"cyclic_shift",2,1,19,1,0.10921602429871,0.10921602429871,TRUE,0,TRUE,TRUE,TRUE
"controlled_permutation","random",2000,1,19,"cyclic_shift",4,1,1,1,0.110011012773892,0.110011012773892,TRUE,0,TRUE,TRUE,TRUE
"controlled_permutation","random",2000,1,19,"cyclic_shift",4,1,2,1,0.107977286273009,0.107977286273009,TRUE,0,TRUE,TRUE,TRUE
"controlled_permutation","random",2000,1,19,"cyclic_shift",4,1,3,1,0.110157804376939,0.110157804376939,TRUE,0,TRUE,TRUE,TRUE
"controlled_permutation","random",2000,1,19,"cyclic_shift",4,1,4,1,0.111079960886782,0.111079960886782,TRUE,0,TRUE,TRUE,TRUE
"controlled_permutation","random",2000,1,19,"cyclic_shift",4,1,5,1,0.105544989792945,0.105544989792945,TRUE,0,TRUE,TRUE,TRUE
"controlled_permutation","random",2000,1,19,"cyclic_shift",4,1,6,1,0.112582221476438,0.112582221476438,TRUE,0,TRUE,TRUE,TRUE
"controlled_permutation","random",2000,1,19,"cyclic_shift",4,1,7,1,0.106850154829151,0.106850154829151,TRUE,0,TRUE,TRUE,TRUE
"controlled_permutation","random",2000,1,19,"cyclic_shift",4,1,8,1,0.108880549529641,0.108880549529641,TRUE,0,TRUE,TRUE,TRUE
"controlled_permutation","random",2000,1,19,"cyclic_shift",4,1,9,1,0.112313810716919,0.112313810716919,TRUE,0,TRUE,TRUE,TRUE
"controlled_permutation","random",2000,1,19,"cyclic_shift",4,1,10,1,0.108973050276841,0.108973050276841,TRUE,0,TRUE,TRUE,TRUE
"controlled_permutation","random",2000,1,19,"cyclic_shift",4,1,11,1,0.111027582181958,0.111027582181958,TRUE,0,TRUE,TRUE,TRUE
"controlled_permutation","random",2000,1,19,"cyclic_shift",4,1,12,1,0.109221495540376,0.109221495540376,TRUE,0,TRUE,TRUE,TRUE
"controlled_permutation","random",2000,1,19,"cyclic_shift",4,1,13,1,0.109965469524395,0.109965469524395,TRUE,0,TRUE,TRUE,TRUE
"controlled_permutation","random",2000,1,19,"cyclic_shift",4,1,14,1,0.112502242451008,0.112502242451008,TRUE,0,TRUE,TRUE,TRUE
"controlled_permutation","random",2000,1,19,"cyclic_shift",4,1,15,1,0.111169961290668,0.111169961290668,TRUE,0,TRUE,TRUE,TRUE
"controlled_permutation","random",2000,1,19,"cyclic_shift",4,1,16,1,0.118715905131706,0.118715905131706,TRUE,0,TRUE,TRUE,TRUE
"controlled_permutation","random",2000,1,19,"cyclic_shift",4,1,17,1,0.108550620392128,0.108550620392128,TRUE,0,TRUE,TRUE,TRUE
"controlled_permutation","random",2000,1,19,"cyclic_shift",4,1,18,1,0.108944086396061,0.108944086396061,TRUE,0,TRUE,TRUE,TRUE
"controlled_permutation","random",2000,1,19,"cyclic_shift",4,1,19,1,0.10921602429871,0.10921602429871,TRUE,0,TRUE,TRUE,TRUE
"controlled_permutation","random",2000,1,19,"cyclic_shift",8,1,1,1,0.110011012773892,0.110011012773892,TRUE,0,TRUE,TRUE,TRUE
"controlled_permutation","random",2000,1,19,"cyclic_shift",8,1,2,1,0.107977286273009,0.107977286273009,TRUE,0,TRUE,TRUE,TRUE
"controlled_permutation","random",2000,1,19,"cyclic_shift",8,1,3,1,0.110157804376939,0.110157804376939,TRUE,0,TRUE,TRUE,TRUE
"controlled_permutation","random",2000,1,19,"cyclic_shift",8,1,4,1,0.111079960886782,0.111079960886782,TRUE,0,TRUE,TRUE,TRUE
"controlled_permutation","random",2000,1,19,"cyclic_shift",8,1,5,1,0.105544989792945,0.105544989792945,TRUE,0,TRUE,TRUE,TRUE
"controlled_permutation","random",2000,1,19,"cyclic_shift",8,1,6,1,0.112582221476438,0.112582221476438,TRUE,0,TRUE,TRUE,TRUE
"controlled_permutation","random",2000,1,19,"cyclic_shift",8,1,7,1,0.106850154829151,0.106850154829151,TRUE,0,TRUE,TRUE,TRUE
"controlled_permutation","random",2000,1,19,"cyclic_shift",8,1,8,1,0.108880549529641,0.108880549529641,TRUE,0,TRUE,TRUE,TRUE
"controlled_permutation","random",2000,1,19,"cyclic_shift",8,1,9,1,0.112313810716919,0.112313810716919,TRUE,0,TRUE,TRUE,TRUE
"controlled_permutation","random",2000,1,19,"cyclic_shift",8,1,10,1,0.108973050276841,0.108973050276841,TRUE,0,TRUE,TRUE,TRUE
"controlled_permutation","random",2000,1,19,"cyclic_shift",8,1,11,1,0.111027582181958,0.111027582181958,TRUE,0,TRUE,TRUE,TRUE
"controlled_permutation","random",2000,1,19,"cyclic_shift",8,1,12,1,0.109221495540376,0.109221495540376,TRUE,0,TRUE,TRUE,TRUE
"controlled_permutation","random",2000,1,19,"cyclic_shift",8,1,13,1,0.109965469524395,0.109965469524395,TRUE,0,TRUE,TRUE,TRUE
"controlled_permutation","random",2000,1,19,"cyclic_shift",8,1,14,1,0.112502242451008,0.112502242451008,TRUE,0,TRUE,TRUE,TRUE
"controlled_permutation","random",2000,1,19,"cyclic_shift",8,1,15,1,0.111169961290668,0.111169961290668,TRUE,0,TRUE,TRUE,TRUE
"controlled_permutation","random",2000,1,19,"cyclic_shift",8,1,16,1,0.118715905131706,0.118715905131706,TRUE,0,TRUE,TRUE,TRUE
"controlled_permutation","random",2000,1,19,"cyclic_shift",8,1,17,1,0.108550620392128,0.108550620392128,TRUE,0,TRUE,TRUE,TRUE
"controlled_permutation","random",2000,1,19,"cyclic_shift",8,1,18,1,0.108944086396061,0.108944086396061,TRUE,0,TRUE,TRUE,TRUE
"controlled_permutation","random",2000,1,19,"cyclic_shift",8,1,19,1,0.10921602429871,0.10921602429871,TRUE,0,TRUE,TRUE,TRUE
"controlled_permutation","random",2000,1,19,"cyclic_shift",16,1,1,1,0.110011012773892,0.110011012773892,TRUE,0,TRUE,TRUE,TRUE
"controlled_permutation","random",2000,1,19,"cyclic_shift",16,1,2,1,0.107977286273009,0.107977286273009,TRUE,0,TRUE,TRUE,TRUE
"controlled_permutation","random",2000,1,19,"cyclic_shift",16,1,3,1,0.110157804376939,0.110157804376939,TRUE,0,TRUE,TRUE,TRUE
"controlled_permutation","random",2000,1,19,"cyclic_shift",16,1,4,1,0.111079960886782,0.111079960886782,TRUE,0,TRUE,TRUE,TRUE
"controlled_permutation","random",2000,1,19,"cyclic_shift",16,1,5,1,0.105544989792945,0.105544989792945,TRUE,0,TRUE,TRUE,TRUE
"controlled_permutation","random",2000,1,19,"cyclic_shift",16,1,6,1,0.112582221476438,0.112582221476438,TRUE,0,TRUE,TRUE,TRUE
"controlled_permutation","random",2000,1,19,"cyclic_shift",16,1,7,1,0.106850154829151,0.106850154829151,TRUE,0,TRUE,TRUE,TRUE
"controlled_permutation","random",2000,1,19,"cyclic_shift",16,1,8,1,0.108880549529641,0.108880549529641,TRUE,0,TRUE,TRUE,TRUE
"controlled_permutation","random",2000,1,19,"cyclic_shift",16,1,9,1,0.112313810716919,0.112313810716919,TRUE,0,TRUE,TRUE,TRUE
"controlled_permutation","random",2000,1,19,"cyclic_shift",16,1,10,1,0.108973050276841,0.108973050276841,TRUE,0,TRUE,TRUE,TRUE
"controlled_permutation","random",2000,1,19,"cyclic_shift",16,1,11,1,0.111027582181958,0.111027582181958,TRUE,0,TRUE,TRUE,TRUE
"controlled_permutation","random",2000,1,19,"cyclic_shift",16,1,12,1,0.109221495540376,0.109221495540376,TRUE,0,TRUE,TRUE,TRUE
"controlled_permutation","random",2000,1,19,"cyclic_shift",16,1,13,1,0.109965469524395,0.109965469524395,TRUE,0,TRUE,TRUE,TRUE
"controlled_permutation","random",2000,1,19,"cyclic_shift",16,1,14,1,0.112502242451008,0.112502242451008,TRUE,0,TRUE,TRUE,TRUE
"controlled_permutation","random",2000,1,19,"cyclic_shift",16,1,15,1,0.111169961290668,0.111169961290668,TRUE,0,TRUE,TRUE,TRUE
"controlled_permutation","random",2000,1,19,"cyclic_shift",16,1,16,1,0.118715905131706,0.118715905131706,TRUE,0,TRUE,TRUE,TRUE
"controlled_permutation","random",2000,1,19,"cyclic_shift",16,1,17,1,0.108550620392128,0.108550620392128,TRUE,0,TRUE,TRUE,TRUE
"controlled_permutation","random",2000,1,19,"cyclic_shift",16,1,18,1,0.108944086396061,0.108944086396061,TRUE,0,TRUE,TRUE,TRUE
"controlled_permutation","random",2000,1,19,"cyclic_shift",16,1,19,1,0.10921602429871,0.10921602429871,TRUE,0,TRUE,TRUE,TRUE
"controlled_permutation","random",2000,1,19,"fixed_random",2,1,1,1,0.110011012773892,0.110011012773892,TRUE,0,TRUE,TRUE,TRUE
"controlled_permutation","random",2000,1,19,"fixed_random",2,1,2,1,0.112796232982289,0.112796232982289,TRUE,0,TRUE,TRUE,TRUE
"controlled_permutation","random",2000,1,19,"fixed_random",2,1,3,1,0.111742090350499,0.111742090350499,TRUE,0,TRUE,TRUE,TRUE
"controlled_permutation","random",2000,1,19,"fixed_random",2,1,4,1,0.111191093991448,0.111191093991448,TRUE,0,TRUE,TRUE,TRUE
"controlled_permutation","random",2000,1,19,"fixed_random",2,1,5,1,0.108962765457108,0.108962765457108,TRUE,0,TRUE,TRUE,TRUE
"controlled_permutation","random",2000,1,19,"fixed_random",2,1,6,1,0.10860509356939,0.10860509356939,TRUE,0,TRUE,TRUE,TRUE
"controlled_permutation","random",2000,1,19,"fixed_random",2,1,7,1,0.109552455604215,0.109552455604215,TRUE,0,TRUE,TRUE,TRUE
"controlled_permutation","random",2000,1,19,"fixed_random",2,1,8,1,0.104008900241586,0.104008900241586,TRUE,0,TRUE,TRUE,TRUE
"controlled_permutation","random",2000,1,19,"fixed_random",2,1,9,1,0.107439200690535,0.107439200690535,TRUE,0,TRUE,TRUE,TRUE
"controlled_permutation","random",2000,1,19,"fixed_random",2,1,10,1,0.11083377264532,0.11083377264532,TRUE,0,TRUE,TRUE,TRUE
"controlled_permutation","random",2000,1,19,"fixed_random",2,1,11,1,0.108268776955255,0.108268776955255,TRUE,0,TRUE,TRUE,TRUE
"controlled_permutation","random",2000,1,19,"fixed_random",2,1,12,1,0.11233267365024,0.11233267365024,TRUE,0,TRUE,TRUE,TRUE
"controlled_permutation","random",2000,1,19,"fixed_random",2,1,13,1,0.115532688527895,0.115532688527895,TRUE,0,TRUE,TRUE,TRUE
"controlled_permutation","random",2000,1,19,"fixed_random",2,1,14,1,0.106624408685301,0.106624408685301,TRUE,0,TRUE,TRUE,TRUE
"controlled_permutation","random",2000,1,19,"fixed_random",2,1,15,1,0.115106865587104,0.115106865587104,TRUE,0,TRUE,TRUE,TRUE
"controlled_permutation","random",2000,1,19,"fixed_random",2,1,16,1,0.11407277124175,0.11407277124175,TRUE,0,TRUE,TRUE,TRUE
"controlled_permutation","random",2000,1,19,"fixed_random",2,1,17,1,0.117912572678603,0.117912572678603,TRUE,0,TRUE,TRUE,TRUE
"controlled_permutation","random",2000,1,19,"fixed_random",2,1,18,1,0.113016191806562,0.113016191806562,TRUE,0,TRUE,TRUE,TRUE
"controlled_permutation","random",2000,1,19,"fixed_random",2,1,19,1,0.110691598843479,0.110691598843479,TRUE,0,TRUE,TRUE,TRUE
"controlled_permutation","random",2000,1,19,"fixed_random",4,1,1,1,0.110011012773892,0.110011012773892,TRUE,0,TRUE,TRUE,TRUE
"controlled_permutation","random",2000,1,19,"fixed_random",4,1,2,1,0.112796232982289,0.112796232982289,TRUE,0,TRUE,TRUE,TRUE
"controlled_permutation","random",2000,1,19,"fixed_random",4,1,3,1,0.111742090350499,0.111742090350499,TRUE,0,TRUE,TRUE,TRUE
"controlled_permutation","random",2000,1,19,"fixed_random",4,1,4,1,0.111191093991448,0.111191093991448,TRUE,0,TRUE,TRUE,TRUE
"controlled_permutation","random",2000,1,19,"fixed_random",4,1,5,1,0.108962765457108,0.108962765457108,TRUE,0,TRUE,TRUE,TRUE
"controlled_permutation","random",2000,1,19,"fixed_random",4,1,6,1,0.10860509356939,0.10860509356939,TRUE,0,TRUE,TRUE,TRUE
"controlled_permutation","random",2000,1,19,"fixed_random",4,1,7,1,0.109552455604215,0.109552455604215,TRUE,0,TRUE,TRUE,TRUE
"controlled_permutation","random",2000,1,19,"fixed_random",4,1,8,1,0.104008900241586,0.104008900241586,TRUE,0,TRUE,TRUE,TRUE
"controlled_permutation","random",2000,1,19,"fixed_random",4,1,9,1,0.107439200690535,0.107439200690535,TRUE,0,TRUE,TRUE,TRUE
"controlled_permutation","random",2000,1,19,"fixed_random",4,1,10,1,0.11083377264532,0.11083377264532,TRUE,0,TRUE,TRUE,TRUE
"controlled_permutation","random",2000,1,19,"fixed_random",4,1,11,1,0.108268776955255,0.108268776955255,TRUE,0,TRUE,TRUE,TRUE
"controlled_permutation","random",2000,1,19,"fixed_random",4,1,12,1,0.11233267365024,0.11233267365024,TRUE,0,TRUE,TRUE,TRUE
"controlled_permutation","random",2000,1,19,"fixed_random",4,1,13,1,0.115532688527895,0.115532688527895,TRUE,0,TRUE,TRUE,TRUE
"controlled_permutation","random",2000,1,19,"fixed_random",4,1,14,1,0.106624408685301,0.106624408685301,TRUE,0,TRUE,TRUE,TRUE
"controlled_permutation","random",2000,1,19,"fixed_random",4,1,15,1,0.115106865587104,0.115106865587104,TRUE,0,TRUE,TRUE,TRUE
"controlled_permutation","random",2000,1,19,"fixed_random",4,1,16,1,0.11407277124175,0.11407277124175,TRUE,0,TRUE,TRUE,TRUE
"controlled_permutation","random",2000,1,19,"fixed_random",4,1,17,1,0.117912572678603,0.117912572678603,TRUE,0,TRUE,TRUE,TRUE
"controlled_permutation","random",2000,1,19,"fixed_random",4,1,18,1,0.113016191806562,0.113016191806562,TRUE,0,TRUE,TRUE,TRUE
"controlled_permutation","random",2000,1,19,"fixed_random",4,1,19,1,0.110691598843479,0.110691598843479,TRUE,0,TRUE,TRUE,TRUE
"controlled_permutation","random",2000,1,19,"fixed_random",8,1,1,1,0.110011012773892,0.110011012773892,TRUE,0,TRUE,TRUE,TRUE
"controlled_permutation","random",2000,1,19,"fixed_random",8,1,2,1,0.112796232982289,0.112796232982289,TRUE,0,TRUE,TRUE,TRUE
"controlled_permutation","random",2000,1,19,"fixed_random",8,1,3,1,0.111742090350499,0.111742090350499,TRUE,0,TRUE,TRUE,TRUE
"controlled_permutation","random",2000,1,19,"fixed_random",8,1,4,1,0.111191093991448,0.111191093991448,TRUE,0,TRUE,TRUE,TRUE
"controlled_permutation","random",2000,1,19,"fixed_random",8,1,5,1,0.108962765457108,0.108962765457108,TRUE,0,TRUE,TRUE,TRUE
"controlled_permutation","random",2000,1,19,"fixed_random",8,1,6,1,0.10860509356939,0.10860509356939,TRUE,0,TRUE,TRUE,TRUE
"controlled_permutation","random",2000,1,19,"fixed_random",8,1,7,1,0.109552455604215,0.109552455604215,TRUE,0,TRUE,TRUE,TRUE
"controlled_permutation","random",2000,1,19,"fixed_random",8,1,8,1,0.104008900241586,0.104008900241586,TRUE,0,TRUE,TRUE,TRUE
"controlled_permutation","random",2000,1,19,"fixed_random",8,1,9,1,0.107439200690535,0.107439200690535,TRUE,0,TRUE,TRUE,TRUE
"controlled_permutation","random",2000,1,19,"fixed_random",8,1,10,1,0.11083377264532,0.11083377264532,TRUE,0,TRUE,TRUE,TRUE
"controlled_permutation","random",2000,1,19,"fixed_random",8,1,11,1,0.108268776955255,0.108268776955255,TRUE,0,TRUE,TRUE,TRUE
"controlled_permutation","random",2000,1,19,"fixed_random",8,1,12,1,0.11233267365024,0.11233267365024,TRUE,0,TRUE,TRUE,TRUE
"controlled_permutation","random",2000,1,19,"fixed_random",8,1,13,1,0.115532688527895,0.115532688527895,TRUE,0,TRUE,TRUE,TRUE
"controlled_permutation","random",2000,1,19,"fixed_random",8,1,14,1,0.106624408685301,0.106624408685301,TRUE,0,TRUE,TRUE,TRUE
"controlled_permutation","random",2000,1,19,"fixed_random",8,1,15,1,0.115106865587104,0.115106865587104,TRUE,0,TRUE,TRUE,TRUE
"controlled_permutation","random",2000,1,19,"fixed_random",8,1,16,1,0.11407277124175,0.11407277124175,TRUE,0,TRUE,TRUE,TRUE
"controlled_permutation","random",2000,1,19,"fixed_random",8,1,17,1,0.117912572678603,0.117912572678603,TRUE,0,TRUE,TRUE,TRUE
"controlled_permutation","random",2000,1,19,"fixed_random",8,1,18,1,0.113016191806562,0.113016191806562,TRUE,0,TRUE,TRUE,TRUE
"controlled_permutation","random",2000,1,19,"fixed_random",8,1,19,1,0.110691598843479,0.110691598843479,TRUE,0,TRUE,TRUE,TRUE
"controlled_permutation","random",2000,1,19,"fixed_random",16,1,1,1,0.110011012773892,0.110011012773892,TRUE,0,TRUE,TRUE,TRUE
"controlled_permutation","random",2000,1,19,"fixed_random",16,1,2,1,0.112796232982289,0.112796232982289,TRUE,0,TRUE,TRUE,TRUE
"controlled_permutation","random",2000,1,19,"fixed_random",16,1,3,1,0.111742090350499,0.111742090350499,TRUE,0,TRUE,TRUE,TRUE
"controlled_permutation","random",2000,1,19,"fixed_random",16,1,4,1,0.111191093991448,0.111191093991448,TRUE,0,TRUE,TRUE,TRUE
"controlled_permutation","random",2000,1,19,"fixed_random",16,1,5,1,0.108962765457108,0.108962765457108,TRUE,0,TRUE,TRUE,TRUE
"controlled_permutation","random",2000,1,19,"fixed_random",16,1,6,1,0.10860509356939,0.10860509356939,TRUE,0,TRUE,TRUE,TRUE
"controlled_permutation","random",2000,1,19,"fixed_random",16,1,7,1,0.109552455604215,0.109552455604215,TRUE,0,TRUE,TRUE,TRUE
"controlled_permutation","random",2000,1,19,"fixed_random",16,1,8,1,0.104008900241586,0.104008900241586,TRUE,0,TRUE,TRUE,TRUE
"controlled_permutation","random",2000,1,19,"fixed_random",16,1,9,1,0.107439200690535,0.107439200690535,TRUE,0,TRUE,TRUE,TRUE
"controlled_permutation","random",2000,1,19,"fixed_random",16,1,10,1,0.11083377264532,0.11083377264532,TRUE,0,TRUE,TRUE,TRUE
"controlled_permutation","random",2000,1,19,"fixed_random",16,1,11,1,0.108268776955255,0.108268776955255,TRUE,0,TRUE,TRUE,TRUE
"controlled_permutation","random",2000,1,19,"fixed_random",16,1,12,1,0.11233267365024,0.11233267365024,TRUE,0,TRUE,TRUE,TRUE
"controlled_permutation","random",2000,1,19,"fixed_random",16,1,13,1,0.115532688527895,0.115532688527895,TRUE,0,TRUE,TRUE,TRUE
"controlled_permutation","random",2000,1,19,"fixed_random",16,1,14,1,0.106624408685301,0.106624408685301,TRUE,0,TRUE,TRUE,TRUE
"controlled_permutation","random",2000,1,19,"fixed_random",16,1,15,1,0.115106865587104,0.115106865587104,TRUE,0,TRUE,TRUE,TRUE
"controlled_permutation","random",2000,1,19,"fixed_random",16,1,16,1,0.11407277124175,0.11407277124175,TRUE,0,TRUE,TRUE,TRUE
"controlled_permutation","random",2000,1,19,"fixed_random",16,1,17,1,0.117912572678603,0.117912572678603,TRUE,0,TRUE,TRUE,TRUE
"controlled_permutation","random",2000,1,19,"fixed_random",16,1,18,1,0.113016191806562,0.113016191806562,TRUE,0,TRUE,TRUE,TRUE
"controlled_permutation","random",2000,1,19,"fixed_random",16,1,19,1,0.110691598843479,0.110691598843479,TRUE,0,TRUE,TRUE,TRUE
"controlled_permutation","random",2000,1,19,"adversarial",2,1,1,1,0.110011012773892,0.110011012773892,TRUE,0,TRUE,TRUE,TRUE
"controlled_permutation","random",2000,1,19,"adversarial",2,1,2,1,0.11002100749747,0.11002100749747,TRUE,0,TRUE,TRUE,TRUE
"controlled_permutation","random",2000,1,19,"adversarial",2,1,3,1,0.10851646565579,0.10851646565579,TRUE,0,TRUE,TRUE,TRUE
"controlled_permutation","random",2000,1,19,"adversarial",2,1,4,1,0.109225907089772,0.109225907089772,TRUE,0,TRUE,TRUE,TRUE
"controlled_permutation","random",2000,1,19,"adversarial",2,1,5,1,0.116840530321117,0.116840530321117,TRUE,0,TRUE,TRUE,TRUE
"controlled_permutation","random",2000,1,19,"adversarial",2,1,6,1,0.11002100749747,0.11002100749747,TRUE,0,TRUE,TRUE,TRUE
"controlled_permutation","random",2000,1,19,"adversarial",2,1,7,1,0.10851646565579,0.10851646565579,TRUE,0,TRUE,TRUE,TRUE
"controlled_permutation","random",2000,1,19,"adversarial",2,1,8,1,0.109225907089772,0.109225907089772,TRUE,0,TRUE,TRUE,TRUE
"controlled_permutation","random",2000,1,19,"adversarial",2,1,9,1,0.116840530321117,0.116840530321117,TRUE,0,TRUE,TRUE,TRUE
"controlled_permutation","random",2000,1,19,"adversarial",2,1,10,1,0.11002100749747,0.11002100749747,TRUE,0,TRUE,TRUE,TRUE
"controlled_permutation","random",2000,1,19,"adversarial",2,1,11,1,0.10851646565579,0.10851646565579,TRUE,0,TRUE,TRUE,TRUE
"controlled_permutation","random",2000,1,19,"adversarial",2,1,12,1,0.109225907089772,0.109225907089772,TRUE,0,TRUE,TRUE,TRUE
"controlled_permutation","random",2000,1,19,"adversarial",2,1,13,1,0.116840530321117,0.116840530321117,TRUE,0,TRUE,TRUE,TRUE
"controlled_permutation","random",2000,1,19,"adversarial",2,1,14,1,0.11002100749747,0.11002100749747,TRUE,0,TRUE,TRUE,TRUE
"controlled_permutation","random",2000,1,19,"adversarial",2,1,15,1,0.10851646565579,0.10851646565579,TRUE,0,TRUE,TRUE,TRUE
"controlled_permutation","random",2000,1,19,"adversarial",2,1,16,1,0.109225907089772,0.109225907089772,TRUE,0,TRUE,TRUE,TRUE
"controlled_permutation","random",2000,1,19,"adversarial",2,1,17,1,0.116840530321117,0.116840530321117,TRUE,0,TRUE,TRUE,TRUE
"controlled_permutation","random",2000,1,19,"adversarial",2,1,18,1,0.11002100749747,0.11002100749747,TRUE,0,TRUE,TRUE,TRUE
"controlled_permutation","random",2000,1,19,"adversarial",2,1,19,1,0.10851646565579,0.10851646565579,TRUE,0,TRUE,TRUE,TRUE
"controlled_permutation","random",2000,1,19,"adversarial",4,1,1,1,0.110011012773892,0.110011012773892,TRUE,0,TRUE,TRUE,TRUE
"controlled_permutation","random",2000,1,19,"adversarial",4,1,2,1,0.11002100749747,0.11002100749747,TRUE,0,TRUE,TRUE,TRUE
"controlled_permutation","random",2000,1,19,"adversarial",4,1,3,1,0.10851646565579,0.10851646565579,TRUE,0,TRUE,TRUE,TRUE
"controlled_permutation","random",2000,1,19,"adversarial",4,1,4,1,0.109225907089772,0.109225907089772,TRUE,0,TRUE,TRUE,TRUE
"controlled_permutation","random",2000,1,19,"adversarial",4,1,5,1,0.116840530321117,0.116840530321117,TRUE,0,TRUE,TRUE,TRUE
"controlled_permutation","random",2000,1,19,"adversarial",4,1,6,1,0.11002100749747,0.11002100749747,TRUE,0,TRUE,TRUE,TRUE
"controlled_permutation","random",2000,1,19,"adversarial",4,1,7,1,0.10851646565579,0.10851646565579,TRUE,0,TRUE,TRUE,TRUE
"controlled_permutation","random",2000,1,19,"adversarial",4,1,8,1,0.109225907089772,0.109225907089772,TRUE,0,TRUE,TRUE,TRUE
"controlled_permutation","random",2000,1,19,"adversarial",4,1,9,1,0.116840530321117,0.116840530321117,TRUE,0,TRUE,TRUE,TRUE
"controlled_permutation","random",2000,1,19,"adversarial",4,1,10,1,0.11002100749747,0.11002100749747,TRUE,0,TRUE,TRUE,TRUE
"controlled_permutation","random",2000,1,19,"adversarial",4,1,11,1,0.10851646565579,0.10851646565579,TRUE,0,TRUE,TRUE,TRUE
"controlled_permutation","random",2000,1,19,"adversarial",4,1,12,1,0.109225907089772,0.109225907089772,TRUE,0,TRUE,TRUE,TRUE
"controlled_permutation","random",2000,1,19,"adversarial",4,1,13,1,0.116840530321117,0.116840530321117,TRUE,0,TRUE,TRUE,TRUE
"controlled_permutation","random",2000,1,19,"adversarial",4,1,14,1,0.11002100749747,0.11002100749747,TRUE,0,TRUE,TRUE,TRUE
"controlled_permutation","random",2000,1,19,"adversarial",4,1,15,1,0.10851646565579,0.10851646565579,TRUE,0,TRUE,TRUE,TRUE
"controlled_permutation","random",2000,1,19,"adversarial",4,1,16,1,0.109225907089772,0.109225907089772,TRUE,0,TRUE,TRUE,TRUE
"controlled_permutation","random",2000,1,19,"adversarial",4,1,17,1,0.116840530321117,0.116840530321117,TRUE,0,TRUE,TRUE,TRUE
"controlled_permutation","random",2000,1,19,"adversarial",4,1,18,1,0.11002100749747,0.11002100749747,TRUE,0,TRUE,TRUE,TRUE
"controlled_permutation","random",2000,1,19,"adversarial",4,1,19,1,0.10851646565579,0.10851646565579,TRUE,0,TRUE,TRUE,TRUE
"controlled_permutation","random",2000,1,19,"adversarial",8,1,1,1,0.110011012773892,0.110011012773892,TRUE,0,TRUE,TRUE,TRUE
"controlled_permutation","random",2000,1,19,"adversarial",8,1,2,1,0.11002100749747,0.11002100749747,TRUE,0,TRUE,TRUE,TRUE
"controlled_permutation","random",2000,1,19,"adversarial",8,1,3,1,0.10851646565579,0.10851646565579,TRUE,0,TRUE,TRUE,TRUE
"controlled_permutation","random",2000,1,19,"adversarial",8,1,4,1,0.109225907089772,0.109225907089772,TRUE,0,TRUE,TRUE,TRUE
"controlled_permutation","random",2000,1,19,"adversarial",8,1,5,1,0.116840530321117,0.116840530321117,TRUE,0,TRUE,TRUE,TRUE
"controlled_permutation","random",2000,1,19,"adversarial",8,1,6,1,0.11002100749747,0.11002100749747,TRUE,0,TRUE,TRUE,TRUE
"controlled_permutation","random",2000,1,19,"adversarial",8,1,7,1,0.10851646565579,0.10851646565579,TRUE,0,TRUE,TRUE,TRUE
"controlled_permutation","random",2000,1,19,"adversarial",8,1,8,1,0.109225907089772,0.109225907089772,TRUE,0,TRUE,TRUE,TRUE
"controlled_permutation","random",2000,1,19,"adversarial",8,1,9,1,0.116840530321117,0.116840530321117,TRUE,0,TRUE,TRUE,TRUE
"controlled_permutation","random",2000,1,19,"adversarial",8,1,10,1,0.11002100749747,0.11002100749747,TRUE,0,TRUE,TRUE,TRUE
"controlled_permutation","random",2000,1,19,"adversarial",8,1,11,1,0.10851646565579,0.10851646565579,TRUE,0,TRUE,TRUE,TRUE
"controlled_permutation","random",2000,1,19,"adversarial",8,1,12,1,0.109225907089772,0.109225907089772,TRUE,0,TRUE,TRUE,TRUE
"controlled_permutation","random",2000,1,19,"adversarial",8,1,13,1,0.116840530321117,0.116840530321117,TRUE,0,TRUE,TRUE,TRUE
"controlled_permutation","random",2000,1,19,"adversarial",8,1,14,1,0.11002100749747,0.11002100749747,TRUE,0,TRUE,TRUE,TRUE
"controlled_permutation","random",2000,1,19,"adversarial",8,1,15,1,0.10851646565579,0.10851646565579,TRUE,0,TRUE,TRUE,TRUE
"controlled_permutation","random",2000,1,19,"adversarial",8,1,16,1,0.109225907089772,0.109225907089772,TRUE,0,TRUE,TRUE,TRUE
"controlled_permutation","random",2000,1,19,"adversarial",8,1,17,1,0.116840530321117,0.116840530321117,TRUE,0,TRUE,TRUE,TRUE
"controlled_permutation","random",2000,1,19,"adversarial",8,1,18,1,0.11002100749747,0.11002100749747,TRUE,0,TRUE,TRUE,TRUE
"controlled_permutation","random",2000,1,19,"adversarial",8,1,19,1,0.10851646565579,0.10851646565579,TRUE,0,TRUE,TRUE,TRUE
"controlled_permutation","random",2000,1,19,"adversarial",16,1,1,1,0.110011012773892,0.110011012773892,TRUE,0,TRUE,TRUE,TRUE
"controlled_permutation","random",2000,1,19,"adversarial",16,1,2,1,0.11002100749747,0.11002100749747,TRUE,0,TRUE,TRUE,TRUE
"controlled_permutation","random",2000,1,19,"adversarial",16,1,3,1,0.10851646565579,0.10851646565579,TRUE,0,TRUE,TRUE,TRUE
"controlled_permutation","random",2000,1,19,"adversarial",16,1,4,1,0.109225907089772,0.109225907089772,TRUE,0,TRUE,TRUE,TRUE
"controlled_permutation","random",2000,1,19,"adversarial",16,1,5,1,0.116840530321117,0.116840530321117,TRUE,0,TRUE,TRUE,TRUE
"controlled_permutation","random",2000,1,19,"adversarial",16,1,6,1,0.11002100749747,0.11002100749747,TRUE,0,TRUE,TRUE,TRUE
"controlled_permutation","random",2000,1,19,"adversarial",16,1,7,1,0.10851646565579,0.10851646565579,TRUE,0,TRUE,TRUE,TRUE
"controlled_permutation","random",2000,1,19,"adversarial",16,1,8,1,0.109225907089772,0.109225907089772,TRUE,0,TRUE,TRUE,TRUE
"controlled_permutation","random",2000,1,19,"adversarial",16,1,9,1,0.116840530321117,0.116840530321117,TRUE,0,TRUE,TRUE,TRUE
"controlled_permutation","random",2000,1,19,"adversarial",16,1,10,1,0.11002100749747,0.11002100749747,TRUE,0,TRUE,TRUE,TRUE
"controlled_permutation","random",2000,1,19,"adversarial",16,1,11,1,0.10851646565579,0.10851646565579,TRUE,0,TRUE,TRUE,TRUE
"controlled_permutation","random",2000,1,19,"adversarial",16,1,12,1,0.109225907089772,0.109225907089772,TRUE,0,TRUE,TRUE,TRUE
"controlled_permutation","random",2000,1,19,"adversarial",16,1,13,1,0.116840530321117,0.116840530321117,TRUE,0,TRUE,TRUE,TRUE
"controlled_permutation","random",2000,1,19,"adversarial",16,1,14,1,0.11002100749747,0.11002100749747,TRUE,0,TRUE,TRUE,TRUE
"controlled_permutation","random",2000,1,19,"adversarial",16,1,15,1,0.10851646565579,0.10851646565579,TRUE,0,TRUE,TRUE,TRUE
"controlled_permutation","random",2000,1,19,"adversarial",16,1,16,1,0.109225907089772,0.109225907089772,TRUE,0,TRUE,TRUE,TRUE
"controlled_permutation","random",2000,1,19,"adversarial",16,1,17,1,0.116840530321117,0.116840530321117,TRUE,0,TRUE,TRUE,TRUE
"controlled_permutation","random",2000,1,19,"adversarial",16,1,18,1,0.11002100749747,0.11002100749747,TRUE,0,TRUE,TRUE,TRUE
"controlled_permutation","random",2000,1,19,"adversarial",16,1,19,1,0.10851646565579,0.10851646565579,TRUE,0,TRUE,TRUE,TRUE
"controlled_permutation","random",5000,1,19,"identity",2,1,1,1,0.0971996893379422,0.0971996893379422,TRUE,0,TRUE,TRUE,TRUE
"controlled_permutation","random",5000,1,19,"identity",2,1,2,1,0.0971996893379422,0.0971996893379422,TRUE,0,TRUE,TRUE,TRUE
"controlled_permutation","random",5000,1,19,"identity",2,1,3,1,0.0971996893379422,0.0971996893379422,TRUE,0,TRUE,TRUE,TRUE
"controlled_permutation","random",5000,1,19,"identity",2,1,4,1,0.0971996893379422,0.0971996893379422,TRUE,0,TRUE,TRUE,TRUE
"controlled_permutation","random",5000,1,19,"identity",2,1,5,1,0.0971996893379422,0.0971996893379422,TRUE,0,TRUE,TRUE,TRUE
"controlled_permutation","random",5000,1,19,"identity",2,1,6,1,0.0971996893379422,0.0971996893379422,TRUE,0,TRUE,TRUE,TRUE
"controlled_permutation","random",5000,1,19,"identity",2,1,7,1,0.0971996893379422,0.0971996893379422,TRUE,0,TRUE,TRUE,TRUE
"controlled_permutation","random",5000,1,19,"identity",2,1,8,1,0.0971996893379422,0.0971996893379422,TRUE,0,TRUE,TRUE,TRUE
"controlled_permutation","random",5000,1,19,"identity",2,1,9,1,0.0971996893379422,0.0971996893379422,TRUE,0,TRUE,TRUE,TRUE
"controlled_permutation","random",5000,1,19,"identity",2,1,10,1,0.0971996893379422,0.0971996893379422,TRUE,0,TRUE,TRUE,TRUE
"controlled_permutation","random",5000,1,19,"identity",2,1,11,1,0.0971996893379422,0.0971996893379422,TRUE,0,TRUE,TRUE,TRUE
"controlled_permutation","random",5000,1,19,"identity",2,1,12,1,0.0971996893379422,0.0971996893379422,TRUE,0,TRUE,TRUE,TRUE
"controlled_permutation","random",5000,1,19,"identity",2,1,13,1,0.0971996893379422,0.0971996893379422,TRUE,0,TRUE,TRUE,TRUE
"controlled_permutation","random",5000,1,19,"identity",2,1,14,1,0.0971996893379422,0.0971996893379422,TRUE,0,TRUE,TRUE,TRUE
"controlled_permutation","random",5000,1,19,"identity",2,1,15,1,0.0971996893379422,0.0971996893379422,TRUE,0,TRUE,TRUE,TRUE
"controlled_permutation","random",5000,1,19,"identity",2,1,16,1,0.0971996893379422,0.0971996893379422,TRUE,0,TRUE,TRUE,TRUE
"controlled_permutation","random",5000,1,19,"identity",2,1,17,1,0.0971996893379422,0.0971996893379422,TRUE,0,TRUE,TRUE,TRUE
"controlled_permutation","random",5000,1,19,"identity",2,1,18,1,0.0971996893379422,0.0971996893379422,TRUE,0,TRUE,TRUE,TRUE
"controlled_permutation","random",5000,1,19,"identity",2,1,19,1,0.0971996893379422,0.0971996893379422,TRUE,0,TRUE,TRUE,TRUE
"controlled_permutation","random",5000,1,19,"identity",4,1,1,1,0.0971996893379422,0.0971996893379422,TRUE,0,TRUE,TRUE,TRUE
"controlled_permutation","random",5000,1,19,"identity",4,1,2,1,0.0971996893379422,0.0971996893379422,TRUE,0,TRUE,TRUE,TRUE
"controlled_permutation","random",5000,1,19,"identity",4,1,3,1,0.0971996893379422,0.0971996893379422,TRUE,0,TRUE,TRUE,TRUE
"controlled_permutation","random",5000,1,19,"identity",4,1,4,1,0.0971996893379422,0.0971996893379422,TRUE,0,TRUE,TRUE,TRUE
"controlled_permutation","random",5000,1,19,"identity",4,1,5,1,0.0971996893379422,0.0971996893379422,TRUE,0,TRUE,TRUE,TRUE
"controlled_permutation","random",5000,1,19,"identity",4,1,6,1,0.0971996893379422,0.0971996893379422,TRUE,0,TRUE,TRUE,TRUE
"controlled_permutation","random",5000,1,19,"identity",4,1,7,1,0.0971996893379422,0.0971996893379422,TRUE,0,TRUE,TRUE,TRUE
"controlled_permutation","random",5000,1,19,"identity",4,1,8,1,0.0971996893379422,0.0971996893379422,TRUE,0,TRUE,TRUE,TRUE
"controlled_permutation","random",5000,1,19,"identity",4,1,9,1,0.0971996893379422,0.0971996893379422,TRUE,0,TRUE,TRUE,TRUE
"controlled_permutation","random",5000,1,19,"identity",4,1,10,1,0.0971996893379422,0.0971996893379422,TRUE,0,TRUE,TRUE,TRUE
"controlled_permutation","random",5000,1,19,"identity",4,1,11,1,0.0971996893379422,0.0971996893379422,TRUE,0,TRUE,TRUE,TRUE
"controlled_permutation","random",5000,1,19,"identity",4,1,12,1,0.0971996893379422,0.0971996893379422,TRUE,0,TRUE,TRUE,TRUE
"controlled_permutation","random",5000,1,19,"identity",4,1,13,1,0.0971996893379422,0.0971996893379422,TRUE,0,TRUE,TRUE,TRUE
"controlled_permutation","random",5000,1,19,"identity",4,1,14,1,0.0971996893379422,0.0971996893379422,TRUE,0,TRUE,TRUE,TRUE
"controlled_permutation","random",5000,1,19,"identity",4,1,15,1,0.0971996893379422,0.0971996893379422,TRUE,0,TRUE,TRUE,TRUE
"controlled_permutation","random",5000,1,19,"identity",4,1,16,1,0.0971996893379422,0.0971996893379422,TRUE,0,TRUE,TRUE,TRUE
"controlled_permutation","random",5000,1,19,"identity",4,1,17,1,0.0971996893379422,0.0971996893379422,TRUE,0,TRUE,TRUE,TRUE
"controlled_permutation","random",5000,1,19,"identity",4,1,18,1,0.0971996893379422,0.0971996893379422,TRUE,0,TRUE,TRUE,TRUE
"controlled_permutation","random",5000,1,19,"identity",4,1,19,1,0.0971996893379422,0.0971996893379422,TRUE,0,TRUE,TRUE,TRUE
"controlled_permutation","random",5000,1,19,"identity",8,1,1,1,0.0971996893379422,0.0971996893379422,TRUE,0,TRUE,TRUE,TRUE
"controlled_permutation","random",5000,1,19,"identity",8,1,2,1,0.0971996893379422,0.0971996893379422,TRUE,0,TRUE,TRUE,TRUE
"controlled_permutation","random",5000,1,19,"identity",8,1,3,1,0.0971996893379422,0.0971996893379422,TRUE,0,TRUE,TRUE,TRUE
"controlled_permutation","random",5000,1,19,"identity",8,1,4,1,0.0971996893379422,0.0971996893379422,TRUE,0,TRUE,TRUE,TRUE
"controlled_permutation","random",5000,1,19,"identity",8,1,5,1,0.0971996893379422,0.0971996893379422,TRUE,0,TRUE,TRUE,TRUE
"controlled_permutation","random",5000,1,19,"identity",8,1,6,1,0.0971996893379422,0.0971996893379422,TRUE,0,TRUE,TRUE,TRUE
"controlled_permutation","random",5000,1,19,"identity",8,1,7,1,0.0971996893379422,0.0971996893379422,TRUE,0,TRUE,TRUE,TRUE
"controlled_permutation","random",5000,1,19,"identity",8,1,8,1,0.0971996893379422,0.0971996893379422,TRUE,0,TRUE,TRUE,TRUE
"controlled_permutation","random",5000,1,19,"identity",8,1,9,1,0.0971996893379422,0.0971996893379422,TRUE,0,TRUE,TRUE,TRUE
"controlled_permutation","random",5000,1,19,"identity",8,1,10,1,0.0971996893379422,0.0971996893379422,TRUE,0,TRUE,TRUE,TRUE
"controlled_permutation","random",5000,1,19,"identity",8,1,11,1,0.0971996893379422,0.0971996893379422,TRUE,0,TRUE,TRUE,TRUE
"controlled_permutation","random",5000,1,19,"identity",8,1,12,1,0.0971996893379422,0.0971996893379422,TRUE,0,TRUE,TRUE,TRUE
"controlled_permutation","random",5000,1,19,"identity",8,1,13,1,0.0971996893379422,0.0971996893379422,TRUE,0,TRUE,TRUE,TRUE
"controlled_permutation","random",5000,1,19,"identity",8,1,14,1,0.0971996893379422,0.0971996893379422,TRUE,0,TRUE,TRUE,TRUE
"controlled_permutation","random",5000,1,19,"identity",8,1,15,1,0.0971996893379422,0.0971996893379422,TRUE,0,TRUE,TRUE,TRUE
"controlled_permutation","random",5000,1,19,"identity",8,1,16,1,0.0971996893379422,0.0971996893379422,TRUE,0,TRUE,TRUE,TRUE
"controlled_permutation","random",5000,1,19,"identity",8,1,17,1,0.0971996893379422,0.0971996893379422,TRUE,0,TRUE,TRUE,TRUE
"controlled_permutation","random",5000,1,19,"identity",8,1,18,1,0.0971996893379422,0.0971996893379422,TRUE,0,TRUE,TRUE,TRUE
"controlled_permutation","random",5000,1,19,"identity",8,1,19,1,0.0971996893379422,0.0971996893379422,TRUE,0,TRUE,TRUE,TRUE
"controlled_permutation","random",5000,1,19,"identity",16,1,1,1,0.0971996893379422,0.0971996893379422,TRUE,0,TRUE,TRUE,TRUE
"controlled_permutation","random",5000,1,19,"identity",16,1,2,1,0.0971996893379422,0.0971996893379422,TRUE,0,TRUE,TRUE,TRUE
"controlled_permutation","random",5000,1,19,"identity",16,1,3,1,0.0971996893379422,0.0971996893379422,TRUE,0,TRUE,TRUE,TRUE
"controlled_permutation","random",5000,1,19,"identity",16,1,4,1,0.0971996893379422,0.0971996893379422,TRUE,0,TRUE,TRUE,TRUE
"controlled_permutation","random",5000,1,19,"identity",16,1,5,1,0.0971996893379422,0.0971996893379422,TRUE,0,TRUE,TRUE,TRUE
"controlled_permutation","random",5000,1,19,"identity",16,1,6,1,0.0971996893379422,0.0971996893379422,TRUE,0,TRUE,TRUE,TRUE
"controlled_permutation","random",5000,1,19,"identity",16,1,7,1,0.0971996893379422,0.0971996893379422,TRUE,0,TRUE,TRUE,TRUE
"controlled_permutation","random",5000,1,19,"identity",16,1,8,1,0.0971996893379422,0.0971996893379422,TRUE,0,TRUE,TRUE,TRUE
"controlled_permutation","random",5000,1,19,"identity",16,1,9,1,0.0971996893379422,0.0971996893379422,TRUE,0,TRUE,TRUE,TRUE
"controlled_permutation","random",5000,1,19,"identity",16,1,10,1,0.0971996893379422,0.0971996893379422,TRUE,0,TRUE,TRUE,TRUE
"controlled_permutation","random",5000,1,19,"identity",16,1,11,1,0.0971996893379422,0.0971996893379422,TRUE,0,TRUE,TRUE,TRUE
"controlled_permutation","random",5000,1,19,"identity",16,1,12,1,0.0971996893379422,0.0971996893379422,TRUE,0,TRUE,TRUE,TRUE
"controlled_permutation","random",5000,1,19,"identity",16,1,13,1,0.0971996893379422,0.0971996893379422,TRUE,0,TRUE,TRUE,TRUE
"controlled_permutation","random",5000,1,19,"identity",16,1,14,1,0.0971996893379422,0.0971996893379422,TRUE,0,TRUE,TRUE,TRUE
"controlled_permutation","random",5000,1,19,"identity",16,1,15,1,0.0971996893379422,0.0971996893379422,TRUE,0,TRUE,TRUE,TRUE
"controlled_permutation","random",5000,1,19,"identity",16,1,16,1,0.0971996893379422,0.0971996893379422,TRUE,0,TRUE,TRUE,TRUE
"controlled_permutation","random",5000,1,19,"identity",16,1,17,1,0.0971996893379422,0.0971996893379422,TRUE,0,TRUE,TRUE,TRUE
"controlled_permutation","random",5000,1,19,"identity",16,1,18,1,0.0971996893379422,0.0971996893379422,TRUE,0,TRUE,TRUE,TRUE
"controlled_permutation","random",5000,1,19,"identity",16,1,19,1,0.0971996893379422,0.0971996893379422,TRUE,0,TRUE,TRUE,TRUE
"controlled_permutation","random",5000,1,19,"single_swap",2,1,1,1,0.0971996893379422,0.0971996893379422,TRUE,0,TRUE,TRUE,TRUE
"controlled_permutation","random",5000,1,19,"single_swap",2,1,2,1,0.0971262263992439,0.0971262263992439,TRUE,0,TRUE,TRUE,TRUE
"controlled_permutation","random",5000,1,19,"single_swap",2,1,3,1,0.0971996899939497,0.0971996899939497,TRUE,0,TRUE,TRUE,TRUE
"controlled_permutation","random",5000,1,19,"single_swap",2,1,4,1,0.097208315928466,0.097208315928466,TRUE,0,TRUE,TRUE,TRUE
"controlled_permutation","random",5000,1,19,"single_swap",2,1,5,1,0.0971996871590426,0.0971996871590426,TRUE,0,TRUE,TRUE,TRUE
"controlled_permutation","random",5000,1,19,"single_swap",2,1,6,1,0.0972021875210475,0.0972021875210475,TRUE,0,TRUE,TRUE,TRUE
"controlled_permutation","random",5000,1,19,"single_swap",2,1,7,1,0.0970841759684927,0.0970841759684927,TRUE,0,TRUE,TRUE,TRUE
"controlled_permutation","random",5000,1,19,"single_swap",2,1,8,1,0.0971996859266796,0.0971996859266796,TRUE,0,TRUE,TRUE,TRUE
"controlled_permutation","random",5000,1,19,"single_swap",2,1,9,1,0.0972343826347788,0.0972343826347788,TRUE,0,TRUE,TRUE,TRUE
"controlled_permutation","random",5000,1,19,"single_swap",2,1,10,1,0.0971996893278299,0.0971996893278299,TRUE,0,TRUE,TRUE,TRUE
"controlled_permutation","random",5000,1,19,"single_swap",2,1,11,1,0.0972107306333399,0.0972107306333399,TRUE,0,TRUE,TRUE,TRUE
"controlled_permutation","random",5000,1,19,"single_swap",2,1,12,1,0.0971980563614411,0.0971980563614411,TRUE,0,TRUE,TRUE,TRUE
"controlled_permutation","random",5000,1,19,"single_swap",2,1,13,1,0.0971996898539541,0.0971996898539541,TRUE,0,TRUE,TRUE,TRUE
"controlled_permutation","random",5000,1,19,"single_swap",2,1,14,1,0.0971739598870876,0.0971739598870876,TRUE,0,TRUE,TRUE,TRUE
"controlled_permutation","random",5000,1,19,"single_swap",2,1,15,1,0.0971964693766945,0.0971964693766945,TRUE,0,TRUE,TRUE,TRUE
"controlled_permutation","random",5000,1,19,"single_swap",2,1,16,1,0.0971996877486775,0.0971996877486775,TRUE,0,TRUE,TRUE,TRUE
"controlled_permutation","random",5000,1,19,"single_swap",2,1,17,1,0.097215206051923,0.097215206051923,TRUE,0,TRUE,TRUE,TRUE
"controlled_permutation","random",5000,1,19,"single_swap",2,1,18,1,0.0971996894524378,0.0971996894524378,TRUE,0,TRUE,TRUE,TRUE
"controlled_permutation","random",5000,1,19,"single_swap",2,1,19,1,0.0972007101006756,0.0972007101006756,TRUE,0,TRUE,TRUE,TRUE
"controlled_permutation","random",5000,1,19,"single_swap",4,1,1,1,0.0971996893379422,0.0971996893379422,TRUE,0,TRUE,TRUE,TRUE
"controlled_permutation","random",5000,1,19,"single_swap",4,1,2,1,0.0971262263992439,0.0971262263992439,TRUE,0,TRUE,TRUE,TRUE
"controlled_permutation","random",5000,1,19,"single_swap",4,1,3,1,0.0971996899939497,0.0971996899939497,TRUE,0,TRUE,TRUE,TRUE
"controlled_permutation","random",5000,1,19,"single_swap",4,1,4,1,0.097208315928466,0.097208315928466,TRUE,0,TRUE,TRUE,TRUE
"controlled_permutation","random",5000,1,19,"single_swap",4,1,5,1,0.0971996871590426,0.0971996871590426,TRUE,0,TRUE,TRUE,TRUE
"controlled_permutation","random",5000,1,19,"single_swap",4,1,6,1,0.0972021875210475,0.0972021875210475,TRUE,0,TRUE,TRUE,TRUE
"controlled_permutation","random",5000,1,19,"single_swap",4,1,7,1,0.0970841759684927,0.0970841759684927,TRUE,0,TRUE,TRUE,TRUE
"controlled_permutation","random",5000,1,19,"single_swap",4,1,8,1,0.0971996859266796,0.0971996859266796,TRUE,0,TRUE,TRUE,TRUE
"controlled_permutation","random",5000,1,19,"single_swap",4,1,9,1,0.0972343826347788,0.0972343826347788,TRUE,0,TRUE,TRUE,TRUE
"controlled_permutation","random",5000,1,19,"single_swap",4,1,10,1,0.0971996893278299,0.0971996893278299,TRUE,0,TRUE,TRUE,TRUE
"controlled_permutation","random",5000,1,19,"single_swap",4,1,11,1,0.0972107306333399,0.0972107306333399,TRUE,0,TRUE,TRUE,TRUE
"controlled_permutation","random",5000,1,19,"single_swap",4,1,12,1,0.0971980563614411,0.0971980563614411,TRUE,0,TRUE,TRUE,TRUE
"controlled_permutation","random",5000,1,19,"single_swap",4,1,13,1,0.0971996898539541,0.0971996898539541,TRUE,0,TRUE,TRUE,TRUE
"controlled_permutation","random",5000,1,19,"single_swap",4,1,14,1,0.0971739598870876,0.0971739598870876,TRUE,0,TRUE,TRUE,TRUE
"controlled_permutation","random",5000,1,19,"single_swap",4,1,15,1,0.0971964693766945,0.0971964693766945,TRUE,0,TRUE,TRUE,TRUE
"controlled_permutation","random",5000,1,19,"single_swap",4,1,16,1,0.0971996877486775,0.0971996877486775,TRUE,0,TRUE,TRUE,TRUE
"controlled_permutation","random",5000,1,19,"single_swap",4,1,17,1,0.097215206051923,0.097215206051923,TRUE,0,TRUE,TRUE,TRUE
"controlled_permutation","random",5000,1,19,"single_swap",4,1,18,1,0.0971996894524378,0.0971996894524378,TRUE,0,TRUE,TRUE,TRUE
"controlled_permutation","random",5000,1,19,"single_swap",4,1,19,1,0.0972007101006756,0.0972007101006756,TRUE,0,TRUE,TRUE,TRUE
"controlled_permutation","random",5000,1,19,"single_swap",8,1,1,1,0.0971996893379422,0.0971996893379422,TRUE,0,TRUE,TRUE,TRUE
"controlled_permutation","random",5000,1,19,"single_swap",8,1,2,1,0.0971262263992439,0.0971262263992439,TRUE,0,TRUE,TRUE,TRUE
"controlled_permutation","random",5000,1,19,"single_swap",8,1,3,1,0.0971996899939497,0.0971996899939497,TRUE,0,TRUE,TRUE,TRUE
"controlled_permutation","random",5000,1,19,"single_swap",8,1,4,1,0.097208315928466,0.097208315928466,TRUE,0,TRUE,TRUE,TRUE
"controlled_permutation","random",5000,1,19,"single_swap",8,1,5,1,0.0971996871590426,0.0971996871590426,TRUE,0,TRUE,TRUE,TRUE
"controlled_permutation","random",5000,1,19,"single_swap",8,1,6,1,0.0972021875210475,0.0972021875210475,TRUE,0,TRUE,TRUE,TRUE
"controlled_permutation","random",5000,1,19,"single_swap",8,1,7,1,0.0970841759684927,0.0970841759684927,TRUE,0,TRUE,TRUE,TRUE
"controlled_permutation","random",5000,1,19,"single_swap",8,1,8,1,0.0971996859266796,0.0971996859266796,TRUE,0,TRUE,TRUE,TRUE
"controlled_permutation","random",5000,1,19,"single_swap",8,1,9,1,0.0972343826347788,0.0972343826347788,TRUE,0,TRUE,TRUE,TRUE
"controlled_permutation","random",5000,1,19,"single_swap",8,1,10,1,0.0971996893278299,0.0971996893278299,TRUE,0,TRUE,TRUE,TRUE
"controlled_permutation","random",5000,1,19,"single_swap",8,1,11,1,0.0972107306333399,0.0972107306333399,TRUE,0,TRUE,TRUE,TRUE
"controlled_permutation","random",5000,1,19,"single_swap",8,1,12,1,0.0971980563614411,0.0971980563614411,TRUE,0,TRUE,TRUE,TRUE
"controlled_permutation","random",5000,1,19,"single_swap",8,1,13,1,0.0971996898539541,0.0971996898539541,TRUE,0,TRUE,TRUE,TRUE
"controlled_permutation","random",5000,1,19,"single_swap",8,1,14,1,0.0971739598870876,0.0971739598870876,TRUE,0,TRUE,TRUE,TRUE
"controlled_permutation","random",5000,1,19,"single_swap",8,1,15,1,0.0971964693766945,0.0971964693766945,TRUE,0,TRUE,TRUE,TRUE
"controlled_permutation","random",5000,1,19,"single_swap",8,1,16,1,0.0971996877486775,0.0971996877486775,TRUE,0,TRUE,TRUE,TRUE
"controlled_permutation","random",5000,1,19,"single_swap",8,1,17,1,0.097215206051923,0.097215206051923,TRUE,0,TRUE,TRUE,TRUE
"controlled_permutation","random",5000,1,19,"single_swap",8,1,18,1,0.0971996894524378,0.0971996894524378,TRUE,0,TRUE,TRUE,TRUE
"controlled_permutation","random",5000,1,19,"single_swap",8,1,19,1,0.0972007101006756,0.0972007101006756,TRUE,0,TRUE,TRUE,TRUE
"controlled_permutation","random",5000,1,19,"single_swap",16,1,1,1,0.0971996893379422,0.0971996893379422,TRUE,0,TRUE,TRUE,TRUE
"controlled_permutation","random",5000,1,19,"single_swap",16,1,2,1,0.0971262263992439,0.0971262263992439,TRUE,0,TRUE,TRUE,TRUE
"controlled_permutation","random",5000,1,19,"single_swap",16,1,3,1,0.0971996899939497,0.0971996899939497,TRUE,0,TRUE,TRUE,TRUE
"controlled_permutation","random",5000,1,19,"single_swap",16,1,4,1,0.097208315928466,0.097208315928466,TRUE,0,TRUE,TRUE,TRUE
"controlled_permutation","random",5000,1,19,"single_swap",16,1,5,1,0.0971996871590426,0.0971996871590426,TRUE,0,TRUE,TRUE,TRUE
"controlled_permutation","random",5000,1,19,"single_swap",16,1,6,1,0.0972021875210475,0.0972021875210475,TRUE,0,TRUE,TRUE,TRUE
"controlled_permutation","random",5000,1,19,"single_swap",16,1,7,1,0.0970841759684927,0.0970841759684927,TRUE,0,TRUE,TRUE,TRUE
"controlled_permutation","random",5000,1,19,"single_swap",16,1,8,1,0.0971996859266796,0.0971996859266796,TRUE,0,TRUE,TRUE,TRUE
"controlled_permutation","random",5000,1,19,"single_swap",16,1,9,1,0.0972343826347788,0.0972343826347788,TRUE,0,TRUE,TRUE,TRUE
"controlled_permutation","random",5000,1,19,"single_swap",16,1,10,1,0.0971996893278299,0.0971996893278299,TRUE,0,TRUE,TRUE,TRUE
"controlled_permutation","random",5000,1,19,"single_swap",16,1,11,1,0.0972107306333399,0.0972107306333399,TRUE,0,TRUE,TRUE,TRUE
"controlled_permutation","random",5000,1,19,"single_swap",16,1,12,1,0.0971980563614411,0.0971980563614411,TRUE,0,TRUE,TRUE,TRUE
"controlled_permutation","random",5000,1,19,"single_swap",16,1,13,1,0.0971996898539541,0.0971996898539541,TRUE,0,TRUE,TRUE,TRUE
"controlled_permutation","random",5000,1,19,"single_swap",16,1,14,1,0.0971739598870876,0.0971739598870876,TRUE,0,TRUE,TRUE,TRUE
"controlled_permutation","random",5000,1,19,"single_swap",16,1,15,1,0.0971964693766945,0.0971964693766945,TRUE,0,TRUE,TRUE,TRUE
"controlled_permutation","random",5000,1,19,"single_swap",16,1,16,1,0.0971996877486775,0.0971996877486775,TRUE,0,TRUE,TRUE,TRUE
"controlled_permutation","random",5000,1,19,"single_swap",16,1,17,1,0.097215206051923,0.097215206051923,TRUE,0,TRUE,TRUE,TRUE
"controlled_permutation","random",5000,1,19,"single_swap",16,1,18,1,0.0971996894524378,0.0971996894524378,TRUE,0,TRUE,TRUE,TRUE
"controlled_permutation","random",5000,1,19,"single_swap",16,1,19,1,0.0972007101006756,0.0972007101006756,TRUE,0,TRUE,TRUE,TRUE
"controlled_permutation","random",5000,1,19,"reverse",2,1,1,1,0.0971996893379422,0.0971996893379422,TRUE,0,TRUE,TRUE,TRUE
"controlled_permutation","random",5000,1,19,"reverse",2,1,2,1,0.0900715417964643,0.0900715417964643,TRUE,0,TRUE,TRUE,TRUE
"controlled_permutation","random",5000,1,19,"reverse",2,1,3,1,0.0900715417964643,0.0900715417964643,TRUE,0,TRUE,TRUE,TRUE
"controlled_permutation","random",5000,1,19,"reverse",2,1,4,1,0.0900715417964643,0.0900715417964643,TRUE,0,TRUE,TRUE,TRUE
"controlled_permutation","random",5000,1,19,"reverse",2,1,5,1,0.0900715417964643,0.0900715417964643,TRUE,0,TRUE,TRUE,TRUE
"controlled_permutation","random",5000,1,19,"reverse",2,1,6,1,0.0900715417964643,0.0900715417964643,TRUE,0,TRUE,TRUE,TRUE
"controlled_permutation","random",5000,1,19,"reverse",2,1,7,1,0.0900715417964643,0.0900715417964643,TRUE,0,TRUE,TRUE,TRUE
"controlled_permutation","random",5000,1,19,"reverse",2,1,8,1,0.0900715417964643,0.0900715417964643,TRUE,0,TRUE,TRUE,TRUE
"controlled_permutation","random",5000,1,19,"reverse",2,1,9,1,0.0900715417964643,0.0900715417964643,TRUE,0,TRUE,TRUE,TRUE
"controlled_permutation","random",5000,1,19,"reverse",2,1,10,1,0.0900715417964643,0.0900715417964643,TRUE,0,TRUE,TRUE,TRUE
"controlled_permutation","random",5000,1,19,"reverse",2,1,11,1,0.0900715417964643,0.0900715417964643,TRUE,0,TRUE,TRUE,TRUE
"controlled_permutation","random",5000,1,19,"reverse",2,1,12,1,0.0900715417964643,0.0900715417964643,TRUE,0,TRUE,TRUE,TRUE
"controlled_permutation","random",5000,1,19,"reverse",2,1,13,1,0.0900715417964643,0.0900715417964643,TRUE,0,TRUE,TRUE,TRUE
"controlled_permutation","random",5000,1,19,"reverse",2,1,14,1,0.0900715417964643,0.0900715417964643,TRUE,0,TRUE,TRUE,TRUE
"controlled_permutation","random",5000,1,19,"reverse",2,1,15,1,0.0900715417964643,0.0900715417964643,TRUE,0,TRUE,TRUE,TRUE
"controlled_permutation","random",5000,1,19,"reverse",2,1,16,1,0.0900715417964643,0.0900715417964643,TRUE,0,TRUE,TRUE,TRUE
"controlled_permutation","random",5000,1,19,"reverse",2,1,17,1,0.0900715417964643,0.0900715417964643,TRUE,0,TRUE,TRUE,TRUE
"controlled_permutation","random",5000,1,19,"reverse",2,1,18,1,0.0900715417964643,0.0900715417964643,TRUE,0,TRUE,TRUE,TRUE
"controlled_permutation","random",5000,1,19,"reverse",2,1,19,1,0.0900715417964643,0.0900715417964643,TRUE,0,TRUE,TRUE,TRUE
"controlled_permutation","random",5000,1,19,"reverse",4,1,1,1,0.0971996893379422,0.0971996893379422,TRUE,0,TRUE,TRUE,TRUE
"controlled_permutation","random",5000,1,19,"reverse",4,1,2,1,0.0900715417964643,0.0900715417964643,TRUE,0,TRUE,TRUE,TRUE
"controlled_permutation","random",5000,1,19,"reverse",4,1,3,1,0.0900715417964643,0.0900715417964643,TRUE,0,TRUE,TRUE,TRUE
"controlled_permutation","random",5000,1,19,"reverse",4,1,4,1,0.0900715417964643,0.0900715417964643,TRUE,0,TRUE,TRUE,TRUE
"controlled_permutation","random",5000,1,19,"reverse",4,1,5,1,0.0900715417964643,0.0900715417964643,TRUE,0,TRUE,TRUE,TRUE
"controlled_permutation","random",5000,1,19,"reverse",4,1,6,1,0.0900715417964643,0.0900715417964643,TRUE,0,TRUE,TRUE,TRUE
"controlled_permutation","random",5000,1,19,"reverse",4,1,7,1,0.0900715417964643,0.0900715417964643,TRUE,0,TRUE,TRUE,TRUE
"controlled_permutation","random",5000,1,19,"reverse",4,1,8,1,0.0900715417964643,0.0900715417964643,TRUE,0,TRUE,TRUE,TRUE
"controlled_permutation","random",5000,1,19,"reverse",4,1,9,1,0.0900715417964643,0.0900715417964643,TRUE,0,TRUE,TRUE,TRUE
"controlled_permutation","random",5000,1,19,"reverse",4,1,10,1,0.0900715417964643,0.0900715417964643,TRUE,0,TRUE,TRUE,TRUE
"controlled_permutation","random",5000,1,19,"reverse",4,1,11,1,0.0900715417964643,0.0900715417964643,TRUE,0,TRUE,TRUE,TRUE
"controlled_permutation","random",5000,1,19,"reverse",4,1,12,1,0.0900715417964643,0.0900715417964643,TRUE,0,TRUE,TRUE,TRUE
"controlled_permutation","random",5000,1,19,"reverse",4,1,13,1,0.0900715417964643,0.0900715417964643,TRUE,0,TRUE,TRUE,TRUE
"controlled_permutation","random",5000,1,19,"reverse",4,1,14,1,0.0900715417964643,0.0900715417964643,TRUE,0,TRUE,TRUE,TRUE
"controlled_permutation","random",5000,1,19,"reverse",4,1,15,1,0.0900715417964643,0.0900715417964643,TRUE,0,TRUE,TRUE,TRUE
"controlled_permutation","random",5000,1,19,"reverse",4,1,16,1,0.0900715417964643,0.0900715417964643,TRUE,0,TRUE,TRUE,TRUE
"controlled_permutation","random",5000,1,19,"reverse",4,1,17,1,0.0900715417964643,0.0900715417964643,TRUE,0,TRUE,TRUE,TRUE
"controlled_permutation","random",5000,1,19,"reverse",4,1,18,1,0.0900715417964643,0.0900715417964643,TRUE,0,TRUE,TRUE,TRUE
"controlled_permutation","random",5000,1,19,"reverse",4,1,19,1,0.0900715417964643,0.0900715417964643,TRUE,0,TRUE,TRUE,TRUE
"controlled_permutation","random",5000,1,19,"reverse",8,1,1,1,0.0971996893379422,0.0971996893379422,TRUE,0,TRUE,TRUE,TRUE
"controlled_permutation","random",5000,1,19,"reverse",8,1,2,1,0.0900715417964643,0.0900715417964643,TRUE,0,TRUE,TRUE,TRUE
"controlled_permutation","random",5000,1,19,"reverse",8,1,3,1,0.0900715417964643,0.0900715417964643,TRUE,0,TRUE,TRUE,TRUE
"controlled_permutation","random",5000,1,19,"reverse",8,1,4,1,0.0900715417964643,0.0900715417964643,TRUE,0,TRUE,TRUE,TRUE
"controlled_permutation","random",5000,1,19,"reverse",8,1,5,1,0.0900715417964643,0.0900715417964643,TRUE,0,TRUE,TRUE,TRUE
"controlled_permutation","random",5000,1,19,"reverse",8,1,6,1,0.0900715417964643,0.0900715417964643,TRUE,0,TRUE,TRUE,TRUE
"controlled_permutation","random",5000,1,19,"reverse",8,1,7,1,0.0900715417964643,0.0900715417964643,TRUE,0,TRUE,TRUE,TRUE
"controlled_permutation","random",5000,1,19,"reverse",8,1,8,1,0.0900715417964643,0.0900715417964643,TRUE,0,TRUE,TRUE,TRUE
"controlled_permutation","random",5000,1,19,"reverse",8,1,9,1,0.0900715417964643,0.0900715417964643,TRUE,0,TRUE,TRUE,TRUE
"controlled_permutation","random",5000,1,19,"reverse",8,1,10,1,0.0900715417964643,0.0900715417964643,TRUE,0,TRUE,TRUE,TRUE
"controlled_permutation","random",5000,1,19,"reverse",8,1,11,1,0.0900715417964643,0.0900715417964643,TRUE,0,TRUE,TRUE,TRUE
"controlled_permutation","random",5000,1,19,"reverse",8,1,12,1,0.0900715417964643,0.0900715417964643,TRUE,0,TRUE,TRUE,TRUE
"controlled_permutation","random",5000,1,19,"reverse",8,1,13,1,0.0900715417964643,0.0900715417964643,TRUE,0,TRUE,TRUE,TRUE
"controlled_permutation","random",5000,1,19,"reverse",8,1,14,1,0.0900715417964643,0.0900715417964643,TRUE,0,TRUE,TRUE,TRUE
"controlled_permutation","random",5000,1,19,"reverse",8,1,15,1,0.0900715417964643,0.0900715417964643,TRUE,0,TRUE,TRUE,TRUE
"controlled_permutation","random",5000,1,19,"reverse",8,1,16,1,0.0900715417964643,0.0900715417964643,TRUE,0,TRUE,TRUE,TRUE
"controlled_permutation","random",5000,1,19,"reverse",8,1,17,1,0.0900715417964643,0.0900715417964643,TRUE,0,TRUE,TRUE,TRUE
"controlled_permutation","random",5000,1,19,"reverse",8,1,18,1,0.0900715417964643,0.0900715417964643,TRUE,0,TRUE,TRUE,TRUE
"controlled_permutation","random",5000,1,19,"reverse",8,1,19,1,0.0900715417964643,0.0900715417964643,TRUE,0,TRUE,TRUE,TRUE
"controlled_permutation","random",5000,1,19,"reverse",16,1,1,1,0.0971996893379422,0.0971996893379422,TRUE,0,TRUE,TRUE,TRUE
"controlled_permutation","random",5000,1,19,"reverse",16,1,2,1,0.0900715417964643,0.0900715417964643,TRUE,0,TRUE,TRUE,TRUE
"controlled_permutation","random",5000,1,19,"reverse",16,1,3,1,0.0900715417964643,0.0900715417964643,TRUE,0,TRUE,TRUE,TRUE
"controlled_permutation","random",5000,1,19,"reverse",16,1,4,1,0.0900715417964643,0.0900715417964643,TRUE,0,TRUE,TRUE,TRUE
"controlled_permutation","random",5000,1,19,"reverse",16,1,5,1,0.0900715417964643,0.0900715417964643,TRUE,0,TRUE,TRUE,TRUE
"controlled_permutation","random",5000,1,19,"reverse",16,1,6,1,0.0900715417964643,0.0900715417964643,TRUE,0,TRUE,TRUE,TRUE
"controlled_permutation","random",5000,1,19,"reverse",16,1,7,1,0.0900715417964643,0.0900715417964643,TRUE,0,TRUE,TRUE,TRUE
"controlled_permutation","random",5000,1,19,"reverse",16,1,8,1,0.0900715417964643,0.0900715417964643,TRUE,0,TRUE,TRUE,TRUE
"controlled_permutation","random",5000,1,19,"reverse",16,1,9,1,0.0900715417964643,0.0900715417964643,TRUE,0,TRUE,TRUE,TRUE
"controlled_permutation","random",5000,1,19,"reverse",16,1,10,1,0.0900715417964643,0.0900715417964643,TRUE,0,TRUE,TRUE,TRUE
"controlled_permutation","random",5000,1,19,"reverse",16,1,11,1,0.0900715417964643,0.0900715417964643,TRUE,0,TRUE,TRUE,TRUE
"controlled_permutation","random",5000,1,19,"reverse",16,1,12,1,0.0900715417964643,0.0900715417964643,TRUE,0,TRUE,TRUE,TRUE
"controlled_permutation","random",5000,1,19,"reverse",16,1,13,1,0.0900715417964643,0.0900715417964643,TRUE,0,TRUE,TRUE,TRUE
"controlled_permutation","random",5000,1,19,"reverse",16,1,14,1,0.0900715417964643,0.0900715417964643,TRUE,0,TRUE,TRUE,TRUE
"controlled_permutation","random",5000,1,19,"reverse",16,1,15,1,0.0900715417964643,0.0900715417964643,TRUE,0,TRUE,TRUE,TRUE
"controlled_permutation","random",5000,1,19,"reverse",16,1,16,1,0.0900715417964643,0.0900715417964643,TRUE,0,TRUE,TRUE,TRUE
"controlled_permutation","random",5000,1,19,"reverse",16,1,17,1,0.0900715417964643,0.0900715417964643,TRUE,0,TRUE,TRUE,TRUE
"controlled_permutation","random",5000,1,19,"reverse",16,1,18,1,0.0900715417964643,0.0900715417964643,TRUE,0,TRUE,TRUE,TRUE
"controlled_permutation","random",5000,1,19,"reverse",16,1,19,1,0.0900715417964643,0.0900715417964643,TRUE,0,TRUE,TRUE,TRUE
"controlled_permutation","random",5000,1,19,"cyclic_shift",2,1,1,1,0.0971996893379422,0.0971996893379422,TRUE,0,TRUE,TRUE,TRUE
"controlled_permutation","random",5000,1,19,"cyclic_shift",2,1,2,1,0.0925448550827388,0.0925448550827388,TRUE,0,TRUE,TRUE,TRUE
"controlled_permutation","random",5000,1,19,"cyclic_shift",2,1,3,1,0.093859418360791,0.093859418360791,TRUE,0,TRUE,TRUE,TRUE
"controlled_permutation","random",5000,1,19,"cyclic_shift",2,1,4,1,0.0894314386291724,0.0894314386291724,TRUE,0,TRUE,TRUE,TRUE
"controlled_permutation","random",5000,1,19,"cyclic_shift",2,1,5,1,0.0925646726469296,0.0925646726469296,TRUE,0,TRUE,TRUE,TRUE
"controlled_permutation","random",5000,1,19,"cyclic_shift",2,1,6,1,0.0904541579149822,0.0904541579149822,TRUE,0,TRUE,TRUE,TRUE
"controlled_permutation","random",5000,1,19,"cyclic_shift",2,1,7,1,0.0973142874345944,0.0973142874345944,TRUE,0,TRUE,TRUE,TRUE
"controlled_permutation","random",5000,1,19,"cyclic_shift",2,1,8,1,0.08966188859785,0.08966188859785,TRUE,0,TRUE,TRUE,TRUE
"controlled_permutation","random",5000,1,19,"cyclic_shift",2,1,9,1,0.0901276800794359,0.0901276800794359,TRUE,0,TRUE,TRUE,TRUE
"controlled_permutation","random",5000,1,19,"cyclic_shift",2,1,10,1,0.0890267588253787,0.0890267588253787,TRUE,0,TRUE,TRUE,TRUE
"controlled_permutation","random",5000,1,19,"cyclic_shift",2,1,11,1,0.0902026867771611,0.0902026867771611,TRUE,0,TRUE,TRUE,TRUE
"controlled_permutation","random",5000,1,19,"cyclic_shift",2,1,12,1,0.0984982309906835,0.0984982309906835,TRUE,0,TRUE,TRUE,TRUE
"controlled_permutation","random",5000,1,19,"cyclic_shift",2,1,13,1,0.0916674290025543,0.0916674290025543,TRUE,0,TRUE,TRUE,TRUE
"controlled_permutation","random",5000,1,19,"cyclic_shift",2,1,14,1,0.0929570083277981,0.0929570083277981,TRUE,0,TRUE,TRUE,TRUE
"controlled_permutation","random",5000,1,19,"cyclic_shift",2,1,15,1,0.0928722630428811,0.0928722630428811,TRUE,0,TRUE,TRUE,TRUE
"controlled_permutation","random",5000,1,19,"cyclic_shift",2,1,16,1,0.0987050422202559,0.0987050422202559,TRUE,0,TRUE,TRUE,TRUE
"controlled_permutation","random",5000,1,19,"cyclic_shift",2,1,17,1,0.0913298106322001,0.0913298106322001,TRUE,0,TRUE,TRUE,TRUE
"controlled_permutation","random",5000,1,19,"cyclic_shift",2,1,18,1,0.0918653141400302,0.0918653141400302,TRUE,0,TRUE,TRUE,TRUE
"controlled_permutation","random",5000,1,19,"cyclic_shift",2,1,19,1,0.0909522205048353,0.0909522205048353,TRUE,0,TRUE,TRUE,TRUE
"controlled_permutation","random",5000,1,19,"cyclic_shift",4,1,1,1,0.0971996893379422,0.0971996893379422,TRUE,0,TRUE,TRUE,TRUE
"controlled_permutation","random",5000,1,19,"cyclic_shift",4,1,2,1,0.0925448550827388,0.0925448550827388,TRUE,0,TRUE,TRUE,TRUE
"controlled_permutation","random",5000,1,19,"cyclic_shift",4,1,3,1,0.093859418360791,0.093859418360791,TRUE,0,TRUE,TRUE,TRUE
"controlled_permutation","random",5000,1,19,"cyclic_shift",4,1,4,1,0.0894314386291724,0.0894314386291724,TRUE,0,TRUE,TRUE,TRUE
"controlled_permutation","random",5000,1,19,"cyclic_shift",4,1,5,1,0.0925646726469296,0.0925646726469296,TRUE,0,TRUE,TRUE,TRUE
"controlled_permutation","random",5000,1,19,"cyclic_shift",4,1,6,1,0.0904541579149822,0.0904541579149822,TRUE,0,TRUE,TRUE,TRUE
"controlled_permutation","random",5000,1,19,"cyclic_shift",4,1,7,1,0.0973142874345944,0.0973142874345944,TRUE,0,TRUE,TRUE,TRUE
"controlled_permutation","random",5000,1,19,"cyclic_shift",4,1,8,1,0.08966188859785,0.08966188859785,TRUE,0,TRUE,TRUE,TRUE
"controlled_permutation","random",5000,1,19,"cyclic_shift",4,1,9,1,0.0901276800794359,0.0901276800794359,TRUE,0,TRUE,TRUE,TRUE
"controlled_permutation","random",5000,1,19,"cyclic_shift",4,1,10,1,0.0890267588253787,0.0890267588253787,TRUE,0,TRUE,TRUE,TRUE
"controlled_permutation","random",5000,1,19,"cyclic_shift",4,1,11,1,0.0902026867771611,0.0902026867771611,TRUE,0,TRUE,TRUE,TRUE
"controlled_permutation","random",5000,1,19,"cyclic_shift",4,1,12,1,0.0984982309906835,0.0984982309906835,TRUE,0,TRUE,TRUE,TRUE
"controlled_permutation","random",5000,1,19,"cyclic_shift",4,1,13,1,0.0916674290025543,0.0916674290025543,TRUE,0,TRUE,TRUE,TRUE
"controlled_permutation","random",5000,1,19,"cyclic_shift",4,1,14,1,0.0929570083277981,0.0929570083277981,TRUE,0,TRUE,TRUE,TRUE
"controlled_permutation","random",5000,1,19,"cyclic_shift",4,1,15,1,0.0928722630428811,0.0928722630428811,TRUE,0,TRUE,TRUE,TRUE
"controlled_permutation","random",5000,1,19,"cyclic_shift",4,1,16,1,0.0987050422202559,0.0987050422202559,TRUE,0,TRUE,TRUE,TRUE
"controlled_permutation","random",5000,1,19,"cyclic_shift",4,1,17,1,0.0913298106322001,0.0913298106322001,TRUE,0,TRUE,TRUE,TRUE
"controlled_permutation","random",5000,1,19,"cyclic_shift",4,1,18,1,0.0918653141400302,0.0918653141400302,TRUE,0,TRUE,TRUE,TRUE
"controlled_permutation","random",5000,1,19,"cyclic_shift",4,1,19,1,0.0909522205048353,0.0909522205048353,TRUE,0,TRUE,TRUE,TRUE
"controlled_permutation","random",5000,1,19,"cyclic_shift",8,1,1,1,0.0971996893379422,0.0971996893379422,TRUE,0,TRUE,TRUE,TRUE
"controlled_permutation","random",5000,1,19,"cyclic_shift",8,1,2,1,0.0925448550827388,0.0925448550827388,TRUE,0,TRUE,TRUE,TRUE
"controlled_permutation","random",5000,1,19,"cyclic_shift",8,1,3,1,0.093859418360791,0.093859418360791,TRUE,0,TRUE,TRUE,TRUE
"controlled_permutation","random",5000,1,19,"cyclic_shift",8,1,4,1,0.0894314386291724,0.0894314386291724,TRUE,0,TRUE,TRUE,TRUE
"controlled_permutation","random",5000,1,19,"cyclic_shift",8,1,5,1,0.0925646726469296,0.0925646726469296,TRUE,0,TRUE,TRUE,TRUE
"controlled_permutation","random",5000,1,19,"cyclic_shift",8,1,6,1,0.0904541579149822,0.0904541579149822,TRUE,0,TRUE,TRUE,TRUE
"controlled_permutation","random",5000,1,19,"cyclic_shift",8,1,7,1,0.0973142874345944,0.0973142874345944,TRUE,0,TRUE,TRUE,TRUE
"controlled_permutation","random",5000,1,19,"cyclic_shift",8,1,8,1,0.08966188859785,0.08966188859785,TRUE,0,TRUE,TRUE,TRUE
"controlled_permutation","random",5000,1,19,"cyclic_shift",8,1,9,1,0.0901276800794359,0.0901276800794359,TRUE,0,TRUE,TRUE,TRUE
"controlled_permutation","random",5000,1,19,"cyclic_shift",8,1,10,1,0.0890267588253787,0.0890267588253787,TRUE,0,TRUE,TRUE,TRUE
"controlled_permutation","random",5000,1,19,"cyclic_shift",8,1,11,1,0.0902026867771611,0.0902026867771611,TRUE,0,TRUE,TRUE,TRUE
"controlled_permutation","random",5000,1,19,"cyclic_shift",8,1,12,1,0.0984982309906835,0.0984982309906835,TRUE,0,TRUE,TRUE,TRUE
"controlled_permutation","random",5000,1,19,"cyclic_shift",8,1,13,1,0.0916674290025543,0.0916674290025543,TRUE,0,TRUE,TRUE,TRUE
"controlled_permutation","random",5000,1,19,"cyclic_shift",8,1,14,1,0.0929570083277981,0.0929570083277981,TRUE,0,TRUE,TRUE,TRUE
"controlled_permutation","random",5000,1,19,"cyclic_shift",8,1,15,1,0.0928722630428811,0.0928722630428811,TRUE,0,TRUE,TRUE,TRUE
"controlled_permutation","random",5000,1,19,"cyclic_shift",8,1,16,1,0.0987050422202559,0.0987050422202559,TRUE,0,TRUE,TRUE,TRUE
"controlled_permutation","random",5000,1,19,"cyclic_shift",8,1,17,1,0.0913298106322001,0.0913298106322001,TRUE,0,TRUE,TRUE,TRUE
"controlled_permutation","random",5000,1,19,"cyclic_shift",8,1,18,1,0.0918653141400302,0.0918653141400302,TRUE,0,TRUE,TRUE,TRUE
"controlled_permutation","random",5000,1,19,"cyclic_shift",8,1,19,1,0.0909522205048353,0.0909522205048353,TRUE,0,TRUE,TRUE,TRUE
"controlled_permutation","random",5000,1,19,"cyclic_shift",16,1,1,1,0.0971996893379422,0.0971996893379422,TRUE,0,TRUE,TRUE,TRUE
"controlled_permutation","random",5000,1,19,"cyclic_shift",16,1,2,1,0.0925448550827388,0.0925448550827388,TRUE,0,TRUE,TRUE,TRUE
"controlled_permutation","random",5000,1,19,"cyclic_shift",16,1,3,1,0.093859418360791,0.093859418360791,TRUE,0,TRUE,TRUE,TRUE
"controlled_permutation","random",5000,1,19,"cyclic_shift",16,1,4,1,0.0894314386291724,0.0894314386291724,TRUE,0,TRUE,TRUE,TRUE
"controlled_permutation","random",5000,1,19,"cyclic_shift",16,1,5,1,0.0925646726469296,0.0925646726469296,TRUE,0,TRUE,TRUE,TRUE
"controlled_permutation","random",5000,1,19,"cyclic_shift",16,1,6,1,0.0904541579149822,0.0904541579149822,TRUE,0,TRUE,TRUE,TRUE
"controlled_permutation","random",5000,1,19,"cyclic_shift",16,1,7,1,0.0973142874345944,0.0973142874345944,TRUE,0,TRUE,TRUE,TRUE
"controlled_permutation","random",5000,1,19,"cyclic_shift",16,1,8,1,0.08966188859785,0.08966188859785,TRUE,0,TRUE,TRUE,TRUE
"controlled_permutation","random",5000,1,19,"cyclic_shift",16,1,9,1,0.0901276800794359,0.0901276800794359,TRUE,0,TRUE,TRUE,TRUE
"controlled_permutation","random",5000,1,19,"cyclic_shift",16,1,10,1,0.0890267588253787,0.0890267588253787,TRUE,0,TRUE,TRUE,TRUE
"controlled_permutation","random",5000,1,19,"cyclic_shift",16,1,11,1,0.0902026867771611,0.0902026867771611,TRUE,0,TRUE,TRUE,TRUE
"controlled_permutation","random",5000,1,19,"cyclic_shift",16,1,12,1,0.0984982309906835,0.0984982309906835,TRUE,0,TRUE,TRUE,TRUE
"controlled_permutation","random",5000,1,19,"cyclic_shift",16,1,13,1,0.0916674290025543,0.0916674290025543,TRUE,0,TRUE,TRUE,TRUE
"controlled_permutation","random",5000,1,19,"cyclic_shift",16,1,14,1,0.0929570083277981,0.0929570083277981,TRUE,0,TRUE,TRUE,TRUE
"controlled_permutation","random",5000,1,19,"cyclic_shift",16,1,15,1,0.0928722630428811,0.0928722630428811,TRUE,0,TRUE,TRUE,TRUE
"controlled_permutation","random",5000,1,19,"cyclic_shift",16,1,16,1,0.0987050422202559,0.0987050422202559,TRUE,0,TRUE,TRUE,TRUE
"controlled_permutation","random",5000,1,19,"cyclic_shift",16,1,17,1,0.0913298106322001,0.0913298106322001,TRUE,0,TRUE,TRUE,TRUE
"controlled_permutation","random",5000,1,19,"cyclic_shift",16,1,18,1,0.0918653141400302,0.0918653141400302,TRUE,0,TRUE,TRUE,TRUE
"controlled_permutation","random",5000,1,19,"cyclic_shift",16,1,19,1,0.0909522205048353,0.0909522205048353,TRUE,0,TRUE,TRUE,TRUE
"controlled_permutation","random",5000,1,19,"fixed_random",2,1,1,1,0.0971996893379422,0.0971996893379422,TRUE,0,TRUE,TRUE,TRUE
"controlled_permutation","random",5000,1,19,"fixed_random",2,1,2,1,0.0950906232331814,0.0950906232331814,TRUE,0,TRUE,TRUE,TRUE
"controlled_permutation","random",5000,1,19,"fixed_random",2,1,3,1,0.0902899714011616,0.0902899714011616,TRUE,0,TRUE,TRUE,TRUE
"controlled_permutation","random",5000,1,19,"fixed_random",2,1,4,1,0.0934570492391224,0.0934570492391224,TRUE,0,TRUE,TRUE,TRUE
"controlled_permutation","random",5000,1,19,"fixed_random",2,1,5,1,0.0931198422040319,0.0931198422040319,TRUE,0,TRUE,TRUE,TRUE
"controlled_permutation","random",5000,1,19,"fixed_random",2,1,6,1,0.0895049241279582,0.0895049241279582,TRUE,0,TRUE,TRUE,TRUE
"controlled_permutation","random",5000,1,19,"fixed_random",2,1,7,1,0.0931778446182926,0.0931778446182926,TRUE,0,TRUE,TRUE,TRUE
"controlled_permutation","random",5000,1,19,"fixed_random",2,1,8,1,0.0902970200928354,0.0902970200928354,TRUE,0,TRUE,TRUE,TRUE
"controlled_permutation","random",5000,1,19,"fixed_random",2,1,9,1,0.0929023969284808,0.0929023969284808,TRUE,0,TRUE,TRUE,TRUE
"controlled_permutation","random",5000,1,19,"fixed_random",2,1,10,1,0.0887989081687587,0.0887989081687587,TRUE,0,TRUE,TRUE,TRUE
"controlled_permutation","random",5000,1,19,"fixed_random",2,1,11,1,0.0861151033974565,0.0861151033974565,TRUE,0,TRUE,TRUE,TRUE
"controlled_permutation","random",5000,1,19,"fixed_random",2,1,12,1,0.0864125758686243,0.0864125758686243,TRUE,0,TRUE,TRUE,TRUE
"controlled_permutation","random",5000,1,19,"fixed_random",2,1,13,1,0.0918283064797383,0.0918283064797383,TRUE,0,TRUE,TRUE,TRUE
"controlled_permutation","random",5000,1,19,"fixed_random",2,1,14,1,0.092147176930464,0.092147176930464,TRUE,0,TRUE,TRUE,TRUE
"controlled_permutation","random",5000,1,19,"fixed_random",2,1,15,1,0.0893122213979932,0.0893122213979932,TRUE,0,TRUE,TRUE,TRUE
"controlled_permutation","random",5000,1,19,"fixed_random",2,1,16,1,0.0877723018313348,0.0877723018313348,TRUE,0,TRUE,TRUE,TRUE
"controlled_permutation","random",5000,1,19,"fixed_random",2,1,17,1,0.0942936161715275,0.0942936161715275,TRUE,0,TRUE,TRUE,TRUE
"controlled_permutation","random",5000,1,19,"fixed_random",2,1,18,1,0.0908016370081107,0.0908016370081107,TRUE,0,TRUE,TRUE,TRUE
"controlled_permutation","random",5000,1,19,"fixed_random",2,1,19,1,0.104216423210341,0.104216423210341,TRUE,0,TRUE,TRUE,TRUE
"controlled_permutation","random",5000,1,19,"fixed_random",4,1,1,1,0.0971996893379422,0.0971996893379422,TRUE,0,TRUE,TRUE,TRUE
"controlled_permutation","random",5000,1,19,"fixed_random",4,1,2,1,0.0950906232331814,0.0950906232331814,TRUE,0,TRUE,TRUE,TRUE
"controlled_permutation","random",5000,1,19,"fixed_random",4,1,3,1,0.0902899714011616,0.0902899714011616,TRUE,0,TRUE,TRUE,TRUE
"controlled_permutation","random",5000,1,19,"fixed_random",4,1,4,1,0.0934570492391224,0.0934570492391224,TRUE,0,TRUE,TRUE,TRUE
"controlled_permutation","random",5000,1,19,"fixed_random",4,1,5,1,0.0931198422040319,0.0931198422040319,TRUE,0,TRUE,TRUE,TRUE
"controlled_permutation","random",5000,1,19,"fixed_random",4,1,6,1,0.0895049241279582,0.0895049241279582,TRUE,0,TRUE,TRUE,TRUE
"controlled_permutation","random",5000,1,19,"fixed_random",4,1,7,1,0.0931778446182926,0.0931778446182926,TRUE,0,TRUE,TRUE,TRUE
"controlled_permutation","random",5000,1,19,"fixed_random",4,1,8,1,0.0902970200928354,0.0902970200928354,TRUE,0,TRUE,TRUE,TRUE
"controlled_permutation","random",5000,1,19,"fixed_random",4,1,9,1,0.0929023969284808,0.0929023969284808,TRUE,0,TRUE,TRUE,TRUE
"controlled_permutation","random",5000,1,19,"fixed_random",4,1,10,1,0.0887989081687587,0.0887989081687587,TRUE,0,TRUE,TRUE,TRUE
"controlled_permutation","random",5000,1,19,"fixed_random",4,1,11,1,0.0861151033974565,0.0861151033974565,TRUE,0,TRUE,TRUE,TRUE
"controlled_permutation","random",5000,1,19,"fixed_random",4,1,12,1,0.0864125758686243,0.0864125758686243,TRUE,0,TRUE,TRUE,TRUE
"controlled_permutation","random",5000,1,19,"fixed_random",4,1,13,1,0.0918283064797383,0.0918283064797383,TRUE,0,TRUE,TRUE,TRUE
"controlled_permutation","random",5000,1,19,"fixed_random",4,1,14,1,0.092147176930464,0.092147176930464,TRUE,0,TRUE,TRUE,TRUE
"controlled_permutation","random",5000,1,19,"fixed_random",4,1,15,1,0.0893122213979932,0.0893122213979932,TRUE,0,TRUE,TRUE,TRUE
"controlled_permutation","random",5000,1,19,"fixed_random",4,1,16,1,0.0877723018313348,0.0877723018313348,TRUE,0,TRUE,TRUE,TRUE
"controlled_permutation","random",5000,1,19,"fixed_random",4,1,17,1,0.0942936161715275,0.0942936161715275,TRUE,0,TRUE,TRUE,TRUE
"controlled_permutation","random",5000,1,19,"fixed_random",4,1,18,1,0.0908016370081107,0.0908016370081107,TRUE,0,TRUE,TRUE,TRUE
"controlled_permutation","random",5000,1,19,"fixed_random",4,1,19,1,0.104216423210341,0.104216423210341,TRUE,0,TRUE,TRUE,TRUE
"controlled_permutation","random",5000,1,19,"fixed_random",8,1,1,1,0.0971996893379422,0.0971996893379422,TRUE,0,TRUE,TRUE,TRUE
"controlled_permutation","random",5000,1,19,"fixed_random",8,1,2,1,0.0950906232331814,0.0950906232331814,TRUE,0,TRUE,TRUE,TRUE
"controlled_permutation","random",5000,1,19,"fixed_random",8,1,3,1,0.0902899714011616,0.0902899714011616,TRUE,0,TRUE,TRUE,TRUE
"controlled_permutation","random",5000,1,19,"fixed_random",8,1,4,1,0.0934570492391224,0.0934570492391224,TRUE,0,TRUE,TRUE,TRUE
"controlled_permutation","random",5000,1,19,"fixed_random",8,1,5,1,0.0931198422040319,0.0931198422040319,TRUE,0,TRUE,TRUE,TRUE
"controlled_permutation","random",5000,1,19,"fixed_random",8,1,6,1,0.0895049241279582,0.0895049241279582,TRUE,0,TRUE,TRUE,TRUE
"controlled_permutation","random",5000,1,19,"fixed_random",8,1,7,1,0.0931778446182926,0.0931778446182926,TRUE,0,TRUE,TRUE,TRUE
"controlled_permutation","random",5000,1,19,"fixed_random",8,1,8,1,0.0902970200928354,0.0902970200928354,TRUE,0,TRUE,TRUE,TRUE
"controlled_permutation","random",5000,1,19,"fixed_random",8,1,9,1,0.0929023969284808,0.0929023969284808,TRUE,0,TRUE,TRUE,TRUE
"controlled_permutation","random",5000,1,19,"fixed_random",8,1,10,1,0.0887989081687587,0.0887989081687587,TRUE,0,TRUE,TRUE,TRUE
"controlled_permutation","random",5000,1,19,"fixed_random",8,1,11,1,0.0861151033974565,0.0861151033974565,TRUE,0,TRUE,TRUE,TRUE
"controlled_permutation","random",5000,1,19,"fixed_random",8,1,12,1,0.0864125758686243,0.0864125758686243,TRUE,0,TRUE,TRUE,TRUE
"controlled_permutation","random",5000,1,19,"fixed_random",8,1,13,1,0.0918283064797383,0.0918283064797383,TRUE,0,TRUE,TRUE,TRUE
"controlled_permutation","random",5000,1,19,"fixed_random",8,1,14,1,0.092147176930464,0.092147176930464,TRUE,0,TRUE,TRUE,TRUE
"controlled_permutation","random",5000,1,19,"fixed_random",8,1,15,1,0.0893122213979932,0.0893122213979932,TRUE,0,TRUE,TRUE,TRUE
"controlled_permutation","random",5000,1,19,"fixed_random",8,1,16,1,0.0877723018313348,0.0877723018313348,TRUE,0,TRUE,TRUE,TRUE
"controlled_permutation","random",5000,1,19,"fixed_random",8,1,17,1,0.0942936161715275,0.0942936161715275,TRUE,0,TRUE,TRUE,TRUE
"controlled_permutation","random",5000,1,19,"fixed_random",8,1,18,1,0.0908016370081107,0.0908016370081107,TRUE,0,TRUE,TRUE,TRUE
"controlled_permutation","random",5000,1,19,"fixed_random",8,1,19,1,0.104216423210341,0.104216423210341,TRUE,0,TRUE,TRUE,TRUE
"controlled_permutation","random",5000,1,19,"fixed_random",16,1,1,1,0.0971996893379422,0.0971996893379422,TRUE,0,TRUE,TRUE,TRUE
"controlled_permutation","random",5000,1,19,"fixed_random",16,1,2,1,0.0950906232331814,0.0950906232331814,TRUE,0,TRUE,TRUE,TRUE
"controlled_permutation","random",5000,1,19,"fixed_random",16,1,3,1,0.0902899714011616,0.0902899714011616,TRUE,0,TRUE,TRUE,TRUE
"controlled_permutation","random",5000,1,19,"fixed_random",16,1,4,1,0.0934570492391224,0.0934570492391224,TRUE,0,TRUE,TRUE,TRUE
"controlled_permutation","random",5000,1,19,"fixed_random",16,1,5,1,0.0931198422040319,0.0931198422040319,TRUE,0,TRUE,TRUE,TRUE
"controlled_permutation","random",5000,1,19,"fixed_random",16,1,6,1,0.0895049241279582,0.0895049241279582,TRUE,0,TRUE,TRUE,TRUE
"controlled_permutation","random",5000,1,19,"fixed_random",16,1,7,1,0.0931778446182926,0.0931778446182926,TRUE,0,TRUE,TRUE,TRUE
"controlled_permutation","random",5000,1,19,"fixed_random",16,1,8,1,0.0902970200928354,0.0902970200928354,TRUE,0,TRUE,TRUE,TRUE
"controlled_permutation","random",5000,1,19,"fixed_random",16,1,9,1,0.0929023969284808,0.0929023969284808,TRUE,0,TRUE,TRUE,TRUE
"controlled_permutation","random",5000,1,19,"fixed_random",16,1,10,1,0.0887989081687587,0.0887989081687587,TRUE,0,TRUE,TRUE,TRUE
"controlled_permutation","random",5000,1,19,"fixed_random",16,1,11,1,0.0861151033974565,0.0861151033974565,TRUE,0,TRUE,TRUE,TRUE
"controlled_permutation","random",5000,1,19,"fixed_random",16,1,12,1,0.0864125758686243,0.0864125758686243,TRUE,0,TRUE,TRUE,TRUE
"controlled_permutation","random",5000,1,19,"fixed_random",16,1,13,1,0.0918283064797383,0.0918283064797383,TRUE,0,TRUE,TRUE,TRUE
"controlled_permutation","random",5000,1,19,"fixed_random",16,1,14,1,0.092147176930464,0.092147176930464,TRUE,0,TRUE,TRUE,TRUE
"controlled_permutation","random",5000,1,19,"fixed_random",16,1,15,1,0.0893122213979932,0.0893122213979932,TRUE,0,TRUE,TRUE,TRUE
"controlled_permutation","random",5000,1,19,"fixed_random",16,1,16,1,0.0877723018313348,0.0877723018313348,TRUE,0,TRUE,TRUE,TRUE
"controlled_permutation","random",5000,1,19,"fixed_random",16,1,17,1,0.0942936161715275,0.0942936161715275,TRUE,0,TRUE,TRUE,TRUE
"controlled_permutation","random",5000,1,19,"fixed_random",16,1,18,1,0.0908016370081107,0.0908016370081107,TRUE,0,TRUE,TRUE,TRUE
"controlled_permutation","random",5000,1,19,"fixed_random",16,1,19,1,0.104216423210341,0.104216423210341,TRUE,0,TRUE,TRUE,TRUE
"controlled_permutation","random",5000,1,19,"adversarial",2,1,1,1,0.0971996893379422,0.0971996893379422,TRUE,0,TRUE,TRUE,TRUE
"controlled_permutation","random",5000,1,19,"adversarial",2,1,2,1,0.0970406564190714,0.0970406564190714,TRUE,0,TRUE,TRUE,TRUE
"controlled_permutation","random",5000,1,19,"adversarial",2,1,3,1,0.102656878350166,0.102656878350166,TRUE,0,TRUE,TRUE,TRUE
"controlled_permutation","random",5000,1,19,"adversarial",2,1,4,1,0.0900459111908518,0.0900459111908518,TRUE,0,TRUE,TRUE,TRUE
"controlled_permutation","random",5000,1,19,"adversarial",2,1,5,1,0.098214166294423,0.098214166294423,TRUE,0,TRUE,TRUE,TRUE
"controlled_permutation","random",5000,1,19,"adversarial",2,1,6,1,0.0970406564190714,0.0970406564190714,TRUE,0,TRUE,TRUE,TRUE
"controlled_permutation","random",5000,1,19,"adversarial",2,1,7,1,0.102656878350166,0.102656878350166,TRUE,0,TRUE,TRUE,TRUE
"controlled_permutation","random",5000,1,19,"adversarial",2,1,8,1,0.0900459111908518,0.0900459111908518,TRUE,0,TRUE,TRUE,TRUE
"controlled_permutation","random",5000,1,19,"adversarial",2,1,9,1,0.098214166294423,0.098214166294423,TRUE,0,TRUE,TRUE,TRUE
"controlled_permutation","random",5000,1,19,"adversarial",2,1,10,1,0.0970406564190714,0.0970406564190714,TRUE,0,TRUE,TRUE,TRUE
"controlled_permutation","random",5000,1,19,"adversarial",2,1,11,1,0.102656878350166,0.102656878350166,TRUE,0,TRUE,TRUE,TRUE
"controlled_permutation","random",5000,1,19,"adversarial",2,1,12,1,0.0900459111908518,0.0900459111908518,TRUE,0,TRUE,TRUE,TRUE
"controlled_permutation","random",5000,1,19,"adversarial",2,1,13,1,0.098214166294423,0.098214166294423,TRUE,0,TRUE,TRUE,TRUE
"controlled_permutation","random",5000,1,19,"adversarial",2,1,14,1,0.0970406564190714,0.0970406564190714,TRUE,0,TRUE,TRUE,TRUE
"controlled_permutation","random",5000,1,19,"adversarial",2,1,15,1,0.102656878350166,0.102656878350166,TRUE,0,TRUE,TRUE,TRUE
"controlled_permutation","random",5000,1,19,"adversarial",2,1,16,1,0.0900459111908518,0.0900459111908518,TRUE,0,TRUE,TRUE,TRUE
"controlled_permutation","random",5000,1,19,"adversarial",2,1,17,1,0.098214166294423,0.098214166294423,TRUE,0,TRUE,TRUE,TRUE
"controlled_permutation","random",5000,1,19,"adversarial",2,1,18,1,0.0970406564190714,0.0970406564190714,TRUE,0,TRUE,TRUE,TRUE
"controlled_permutation","random",5000,1,19,"adversarial",2,1,19,1,0.102656878350166,0.102656878350166,TRUE,0,TRUE,TRUE,TRUE
"controlled_permutation","random",5000,1,19,"adversarial",4,1,1,1,0.0971996893379422,0.0971996893379422,TRUE,0,TRUE,TRUE,TRUE
"controlled_permutation","random",5000,1,19,"adversarial",4,1,2,1,0.0970406564190714,0.0970406564190714,TRUE,0,TRUE,TRUE,TRUE
"controlled_permutation","random",5000,1,19,"adversarial",4,1,3,1,0.102656878350166,0.102656878350166,TRUE,0,TRUE,TRUE,TRUE
"controlled_permutation","random",5000,1,19,"adversarial",4,1,4,1,0.0900459111908518,0.0900459111908518,TRUE,0,TRUE,TRUE,TRUE
"controlled_permutation","random",5000,1,19,"adversarial",4,1,5,1,0.098214166294423,0.098214166294423,TRUE,0,TRUE,TRUE,TRUE
"controlled_permutation","random",5000,1,19,"adversarial",4,1,6,1,0.0970406564190714,0.0970406564190714,TRUE,0,TRUE,TRUE,TRUE
"controlled_permutation","random",5000,1,19,"adversarial",4,1,7,1,0.102656878350166,0.102656878350166,TRUE,0,TRUE,TRUE,TRUE
"controlled_permutation","random",5000,1,19,"adversarial",4,1,8,1,0.0900459111908518,0.0900459111908518,TRUE,0,TRUE,TRUE,TRUE
"controlled_permutation","random",5000,1,19,"adversarial",4,1,9,1,0.098214166294423,0.098214166294423,TRUE,0,TRUE,TRUE,TRUE
"controlled_permutation","random",5000,1,19,"adversarial",4,1,10,1,0.0970406564190714,0.0970406564190714,TRUE,0,TRUE,TRUE,TRUE
"controlled_permutation","random",5000,1,19,"adversarial",4,1,11,1,0.102656878350166,0.102656878350166,TRUE,0,TRUE,TRUE,TRUE
"controlled_permutation","random",5000,1,19,"adversarial",4,1,12,1,0.0900459111908518,0.0900459111908518,TRUE,0,TRUE,TRUE,TRUE
"controlled_permutation","random",5000,1,19,"adversarial",4,1,13,1,0.098214166294423,0.098214166294423,TRUE,0,TRUE,TRUE,TRUE
"controlled_permutation","random",5000,1,19,"adversarial",4,1,14,1,0.0970406564190714,0.0970406564190714,TRUE,0,TRUE,TRUE,TRUE
"controlled_permutation","random",5000,1,19,"adversarial",4,1,15,1,0.102656878350166,0.102656878350166,TRUE,0,TRUE,TRUE,TRUE
"controlled_permutation","random",5000,1,19,"adversarial",4,1,16,1,0.0900459111908518,0.0900459111908518,TRUE,0,TRUE,TRUE,TRUE
"controlled_permutation","random",5000,1,19,"adversarial",4,1,17,1,0.098214166294423,0.098214166294423,TRUE,0,TRUE,TRUE,TRUE
"controlled_permutation","random",5000,1,19,"adversarial",4,1,18,1,0.0970406564190714,0.0970406564190714,TRUE,0,TRUE,TRUE,TRUE
"controlled_permutation","random",5000,1,19,"adversarial",4,1,19,1,0.102656878350166,0.102656878350166,TRUE,0,TRUE,TRUE,TRUE
"controlled_permutation","random",5000,1,19,"adversarial",8,1,1,1,0.0971996893379422,0.0971996893379422,TRUE,0,TRUE,TRUE,TRUE
"controlled_permutation","random",5000,1,19,"adversarial",8,1,2,1,0.0970406564190714,0.0970406564190714,TRUE,0,TRUE,TRUE,TRUE
"controlled_permutation","random",5000,1,19,"adversarial",8,1,3,1,0.102656878350166,0.102656878350166,TRUE,0,TRUE,TRUE,TRUE
"controlled_permutation","random",5000,1,19,"adversarial",8,1,4,1,0.0900459111908518,0.0900459111908518,TRUE,0,TRUE,TRUE,TRUE
"controlled_permutation","random",5000,1,19,"adversarial",8,1,5,1,0.098214166294423,0.098214166294423,TRUE,0,TRUE,TRUE,TRUE
"controlled_permutation","random",5000,1,19,"adversarial",8,1,6,1,0.0970406564190714,0.0970406564190714,TRUE,0,TRUE,TRUE,TRUE
"controlled_permutation","random",5000,1,19,"adversarial",8,1,7,1,0.102656878350166,0.102656878350166,TRUE,0,TRUE,TRUE,TRUE
"controlled_permutation","random",5000,1,19,"adversarial",8,1,8,1,0.0900459111908518,0.0900459111908518,TRUE,0,TRUE,TRUE,TRUE
"controlled_permutation","random",5000,1,19,"adversarial",8,1,9,1,0.098214166294423,0.098214166294423,TRUE,0,TRUE,TRUE,TRUE
"controlled_permutation","random",5000,1,19,"adversarial",8,1,10,1,0.0970406564190714,0.0970406564190714,TRUE,0,TRUE,TRUE,TRUE
"controlled_permutation","random",5000,1,19,"adversarial",8,1,11,1,0.102656878350166,0.102656878350166,TRUE,0,TRUE,TRUE,TRUE
"controlled_permutation","random",5000,1,19,"adversarial",8,1,12,1,0.0900459111908518,0.0900459111908518,TRUE,0,TRUE,TRUE,TRUE
"controlled_permutation","random",5000,1,19,"adversarial",8,1,13,1,0.098214166294423,0.098214166294423,TRUE,0,TRUE,TRUE,TRUE
"controlled_permutation","random",5000,1,19,"adversarial",8,1,14,1,0.0970406564190714,0.0970406564190714,TRUE,0,TRUE,TRUE,TRUE
"controlled_permutation","random",5000,1,19,"adversarial",8,1,15,1,0.102656878350166,0.102656878350166,TRUE,0,TRUE,TRUE,TRUE
"controlled_permutation","random",5000,1,19,"adversarial",8,1,16,1,0.0900459111908518,0.0900459111908518,TRUE,0,TRUE,TRUE,TRUE
"controlled_permutation","random",5000,1,19,"adversarial",8,1,17,1,0.098214166294423,0.098214166294423,TRUE,0,TRUE,TRUE,TRUE
"controlled_permutation","random",5000,1,19,"adversarial",8,1,18,1,0.0970406564190714,0.0970406564190714,TRUE,0,TRUE,TRUE,TRUE
"controlled_permutation","random",5000,1,19,"adversarial",8,1,19,1,0.102656878350166,0.102656878350166,TRUE,0,TRUE,TRUE,TRUE
"controlled_permutation","random",5000,1,19,"adversarial",16,1,1,1,0.0971996893379422,0.0971996893379422,TRUE,0,TRUE,TRUE,TRUE
"controlled_permutation","random",5000,1,19,"adversarial",16,1,2,1,0.0970406564190714,0.0970406564190714,TRUE,0,TRUE,TRUE,TRUE
"controlled_permutation","random",5000,1,19,"adversarial",16,1,3,1,0.102656878350166,0.102656878350166,TRUE,0,TRUE,TRUE,TRUE
"controlled_permutation","random",5000,1,19,"adversarial",16,1,4,1,0.0900459111908518,0.0900459111908518,TRUE,0,TRUE,TRUE,TRUE
"controlled_permutation","random",5000,1,19,"adversarial",16,1,5,1,0.098214166294423,0.098214166294423,TRUE,0,TRUE,TRUE,TRUE
"controlled_permutation","random",5000,1,19,"adversarial",16,1,6,1,0.0970406564190714,0.0970406564190714,TRUE,0,TRUE,TRUE,TRUE
"controlled_permutation","random",5000,1,19,"adversarial",16,1,7,1,0.102656878350166,0.102656878350166,TRUE,0,TRUE,TRUE,TRUE
"controlled_permutation","random",5000,1,19,"adversarial",16,1,8,1,0.0900459111908518,0.0900459111908518,TRUE,0,TRUE,TRUE,TRUE
"controlled_permutation","random",5000,1,19,"adversarial",16,1,9,1,0.098214166294423,0.098214166294423,TRUE,0,TRUE,TRUE,TRUE
"controlled_permutation","random",5000,1,19,"adversarial",16,1,10,1,0.0970406564190714,0.0970406564190714,TRUE,0,TRUE,TRUE,TRUE
"controlled_permutation","random",5000,1,19,"adversarial",16,1,11,1,0.102656878350166,0.102656878350166,TRUE,0,TRUE,TRUE,TRUE
"controlled_permutation","random",5000,1,19,"adversarial",16,1,12,1,0.0900459111908518,0.0900459111908518,TRUE,0,TRUE,TRUE,TRUE
"controlled_permutation","random",5000,1,19,"adversarial",16,1,13,1,0.098214166294423,0.098214166294423,TRUE,0,TRUE,TRUE,TRUE
"controlled_permutation","random",5000,1,19,"adversarial",16,1,14,1,0.0970406564190714,0.0970406564190714,TRUE,0,TRUE,TRUE,TRUE
"controlled_permutation","random",5000,1,19,"adversarial",16,1,15,1,0.102656878350166,0.102656878350166,TRUE,0,TRUE,TRUE,TRUE
"controlled_permutation","random",5000,1,19,"adversarial",16,1,16,1,0.0900459111908518,0.0900459111908518,TRUE,0,TRUE,TRUE,TRUE
"controlled_permutation","random",5000,1,19,"adversarial",16,1,17,1,0.098214166294423,0.098214166294423,TRUE,0,TRUE,TRUE,TRUE
"controlled_permutation","random",5000,1,19,"adversarial",16,1,18,1,0.0970406564190714,0.0970406564190714,TRUE,0,TRUE,TRUE,TRUE
"controlled_permutation","random",5000,1,19,"adversarial",16,1,19,1,0.102656878350166,0.102656878350166,TRUE,0,TRUE,TRUE,TRUE
"controlled_permutation","pectinate",50,1,19,"identity",2,1,1,1,0.114786449056142,0.114786449056142,TRUE,0,TRUE,TRUE,TRUE
"controlled_permutation","pectinate",50,1,19,"identity",2,1,2,1,0.114786449056142,0.114786449056142,TRUE,0,TRUE,TRUE,TRUE
"controlled_permutation","pectinate",50,1,19,"identity",2,1,3,1,0.114786449056142,0.114786449056142,TRUE,0,TRUE,TRUE,TRUE
"controlled_permutation","pectinate",50,1,19,"identity",2,1,4,1,0.114786449056142,0.114786449056142,TRUE,0,TRUE,TRUE,TRUE
"controlled_permutation","pectinate",50,1,19,"identity",2,1,5,1,0.114786449056142,0.114786449056142,TRUE,0,TRUE,TRUE,TRUE
"controlled_permutation","pectinate",50,1,19,"identity",2,1,6,1,0.114786449056142,0.114786449056142,TRUE,0,TRUE,TRUE,TRUE
"controlled_permutation","pectinate",50,1,19,"identity",2,1,7,1,0.114786449056142,0.114786449056142,TRUE,0,TRUE,TRUE,TRUE
"controlled_permutation","pectinate",50,1,19,"identity",2,1,8,1,0.114786449056142,0.114786449056142,TRUE,0,TRUE,TRUE,TRUE
"controlled_permutation","pectinate",50,1,19,"identity",2,1,9,1,0.114786449056142,0.114786449056142,TRUE,0,TRUE,TRUE,TRUE
"controlled_permutation","pectinate",50,1,19,"identity",2,1,10,1,0.114786449056142,0.114786449056142,TRUE,0,TRUE,TRUE,TRUE
"controlled_permutation","pectinate",50,1,19,"identity",2,1,11,1,0.114786449056142,0.114786449056142,TRUE,0,TRUE,TRUE,TRUE
"controlled_permutation","pectinate",50,1,19,"identity",2,1,12,1,0.114786449056142,0.114786449056142,TRUE,0,TRUE,TRUE,TRUE
"controlled_permutation","pectinate",50,1,19,"identity",2,1,13,1,0.114786449056142,0.114786449056142,TRUE,0,TRUE,TRUE,TRUE
"controlled_permutation","pectinate",50,1,19,"identity",2,1,14,1,0.114786449056142,0.114786449056142,TRUE,0,TRUE,TRUE,TRUE
"controlled_permutation","pectinate",50,1,19,"identity",2,1,15,1,0.114786449056142,0.114786449056142,TRUE,0,TRUE,TRUE,TRUE
"controlled_permutation","pectinate",50,1,19,"identity",2,1,16,1,0.114786449056142,0.114786449056142,TRUE,0,TRUE,TRUE,TRUE
"controlled_permutation","pectinate",50,1,19,"identity",2,1,17,1,0.114786449056142,0.114786449056142,TRUE,0,TRUE,TRUE,TRUE
"controlled_permutation","pectinate",50,1,19,"identity",2,1,18,1,0.114786449056142,0.114786449056142,TRUE,0,TRUE,TRUE,TRUE
"controlled_permutation","pectinate",50,1,19,"identity",2,1,19,1,0.114786449056142,0.114786449056142,TRUE,0,TRUE,TRUE,TRUE
"controlled_permutation","pectinate",50,1,19,"identity",4,1,1,1,0.114786449056142,0.114786449056142,TRUE,0,TRUE,TRUE,TRUE
"controlled_permutation","pectinate",50,1,19,"identity",4,1,2,1,0.114786449056142,0.114786449056142,TRUE,0,TRUE,TRUE,TRUE
"controlled_permutation","pectinate",50,1,19,"identity",4,1,3,1,0.114786449056142,0.114786449056142,TRUE,0,TRUE,TRUE,TRUE
"controlled_permutation","pectinate",50,1,19,"identity",4,1,4,1,0.114786449056142,0.114786449056142,TRUE,0,TRUE,TRUE,TRUE
"controlled_permutation","pectinate",50,1,19,"identity",4,1,5,1,0.114786449056142,0.114786449056142,TRUE,0,TRUE,TRUE,TRUE
"controlled_permutation","pectinate",50,1,19,"identity",4,1,6,1,0.114786449056142,0.114786449056142,TRUE,0,TRUE,TRUE,TRUE
"controlled_permutation","pectinate",50,1,19,"identity",4,1,7,1,0.114786449056142,0.114786449056142,TRUE,0,TRUE,TRUE,TRUE
"controlled_permutation","pectinate",50,1,19,"identity",4,1,8,1,0.114786449056142,0.114786449056142,TRUE,0,TRUE,TRUE,TRUE
"controlled_permutation","pectinate",50,1,19,"identity",4,1,9,1,0.114786449056142,0.114786449056142,TRUE,0,TRUE,TRUE,TRUE
"controlled_permutation","pectinate",50,1,19,"identity",4,1,10,1,0.114786449056142,0.114786449056142,TRUE,0,TRUE,TRUE,TRUE
"controlled_permutation","pectinate",50,1,19,"identity",4,1,11,1,0.114786449056142,0.114786449056142,TRUE,0,TRUE,TRUE,TRUE
"controlled_permutation","pectinate",50,1,19,"identity",4,1,12,1,0.114786449056142,0.114786449056142,TRUE,0,TRUE,TRUE,TRUE
"controlled_permutation","pectinate",50,1,19,"identity",4,1,13,1,0.114786449056142,0.114786449056142,TRUE,0,TRUE,TRUE,TRUE
"controlled_permutation","pectinate",50,1,19,"identity",4,1,14,1,0.114786449056142,0.114786449056142,TRUE,0,TRUE,TRUE,TRUE
"controlled_permutation","pectinate",50,1,19,"identity",4,1,15,1,0.114786449056142,0.114786449056142,TRUE,0,TRUE,TRUE,TRUE
"controlled_permutation","pectinate",50,1,19,"identity",4,1,16,1,0.114786449056142,0.114786449056142,TRUE,0,TRUE,TRUE,TRUE
"controlled_permutation","pectinate",50,1,19,"identity",4,1,17,1,0.114786449056142,0.114786449056142,TRUE,0,TRUE,TRUE,TRUE
"controlled_permutation","pectinate",50,1,19,"identity",4,1,18,1,0.114786449056142,0.114786449056142,TRUE,0,TRUE,TRUE,TRUE
"controlled_permutation","pectinate",50,1,19,"identity",4,1,19,1,0.114786449056142,0.114786449056142,TRUE,0,TRUE,TRUE,TRUE
"controlled_permutation","pectinate",50,1,19,"identity",8,1,1,1,0.114786449056142,0.114786449056142,TRUE,0,TRUE,TRUE,TRUE
"controlled_permutation","pectinate",50,1,19,"identity",8,1,2,1,0.114786449056142,0.114786449056142,TRUE,0,TRUE,TRUE,TRUE
"controlled_permutation","pectinate",50,1,19,"identity",8,1,3,1,0.114786449056142,0.114786449056142,TRUE,0,TRUE,TRUE,TRUE
"controlled_permutation","pectinate",50,1,19,"identity",8,1,4,1,0.114786449056142,0.114786449056142,TRUE,0,TRUE,TRUE,TRUE
"controlled_permutation","pectinate",50,1,19,"identity",8,1,5,1,0.114786449056142,0.114786449056142,TRUE,0,TRUE,TRUE,TRUE
"controlled_permutation","pectinate",50,1,19,"identity",8,1,6,1,0.114786449056142,0.114786449056142,TRUE,0,TRUE,TRUE,TRUE
"controlled_permutation","pectinate",50,1,19,"identity",8,1,7,1,0.114786449056142,0.114786449056142,TRUE,0,TRUE,TRUE,TRUE
"controlled_permutation","pectinate",50,1,19,"identity",8,1,8,1,0.114786449056142,0.114786449056142,TRUE,0,TRUE,TRUE,TRUE
"controlled_permutation","pectinate",50,1,19,"identity",8,1,9,1,0.114786449056142,0.114786449056142,TRUE,0,TRUE,TRUE,TRUE
"controlled_permutation","pectinate",50,1,19,"identity",8,1,10,1,0.114786449056142,0.114786449056142,TRUE,0,TRUE,TRUE,TRUE
"controlled_permutation","pectinate",50,1,19,"identity",8,1,11,1,0.114786449056142,0.114786449056142,TRUE,0,TRUE,TRUE,TRUE
"controlled_permutation","pectinate",50,1,19,"identity",8,1,12,1,0.114786449056142,0.114786449056142,TRUE,0,TRUE,TRUE,TRUE
"controlled_permutation","pectinate",50,1,19,"identity",8,1,13,1,0.114786449056142,0.114786449056142,TRUE,0,TRUE,TRUE,TRUE
"controlled_permutation","pectinate",50,1,19,"identity",8,1,14,1,0.114786449056142,0.114786449056142,TRUE,0,TRUE,TRUE,TRUE
"controlled_permutation","pectinate",50,1,19,"identity",8,1,15,1,0.114786449056142,0.114786449056142,TRUE,0,TRUE,TRUE,TRUE
"controlled_permutation","pectinate",50,1,19,"identity",8,1,16,1,0.114786449056142,0.114786449056142,TRUE,0,TRUE,TRUE,TRUE
"controlled_permutation","pectinate",50,1,19,"identity",8,1,17,1,0.114786449056142,0.114786449056142,TRUE,0,TRUE,TRUE,TRUE
"controlled_permutation","pectinate",50,1,19,"identity",8,1,18,1,0.114786449056142,0.114786449056142,TRUE,0,TRUE,TRUE,TRUE
"controlled_permutation","pectinate",50,1,19,"identity",8,1,19,1,0.114786449056142,0.114786449056142,TRUE,0,TRUE,TRUE,TRUE
"controlled_permutation","pectinate",50,1,19,"identity",16,1,1,1,0.114786449056142,0.114786449056142,TRUE,0,TRUE,TRUE,TRUE
"controlled_permutation","pectinate",50,1,19,"identity",16,1,2,1,0.114786449056142,0.114786449056142,TRUE,0,TRUE,TRUE,TRUE
"controlled_permutation","pectinate",50,1,19,"identity",16,1,3,1,0.114786449056142,0.114786449056142,TRUE,0,TRUE,TRUE,TRUE
"controlled_permutation","pectinate",50,1,19,"identity",16,1,4,1,0.114786449056142,0.114786449056142,TRUE,0,TRUE,TRUE,TRUE
"controlled_permutation","pectinate",50,1,19,"identity",16,1,5,1,0.114786449056142,0.114786449056142,TRUE,0,TRUE,TRUE,TRUE
"controlled_permutation","pectinate",50,1,19,"identity",16,1,6,1,0.114786449056142,0.114786449056142,TRUE,0,TRUE,TRUE,TRUE
"controlled_permutation","pectinate",50,1,19,"identity",16,1,7,1,0.114786449056142,0.114786449056142,TRUE,0,TRUE,TRUE,TRUE
"controlled_permutation","pectinate",50,1,19,"identity",16,1,8,1,0.114786449056142,0.114786449056142,TRUE,0,TRUE,TRUE,TRUE
"controlled_permutation","pectinate",50,1,19,"identity",16,1,9,1,0.114786449056142,0.114786449056142,TRUE,0,TRUE,TRUE,TRUE
"controlled_permutation","pectinate",50,1,19,"identity",16,1,10,1,0.114786449056142,0.114786449056142,TRUE,0,TRUE,TRUE,TRUE
"controlled_permutation","pectinate",50,1,19,"identity",16,1,11,1,0.114786449056142,0.114786449056142,TRUE,0,TRUE,TRUE,TRUE
"controlled_permutation","pectinate",50,1,19,"identity",16,1,12,1,0.114786449056142,0.114786449056142,TRUE,0,TRUE,TRUE,TRUE
"controlled_permutation","pectinate",50,1,19,"identity",16,1,13,1,0.114786449056142,0.114786449056142,TRUE,0,TRUE,TRUE,TRUE
"controlled_permutation","pectinate",50,1,19,"identity",16,1,14,1,0.114786449056142,0.114786449056142,TRUE,0,TRUE,TRUE,TRUE
"controlled_permutation","pectinate",50,1,19,"identity",16,1,15,1,0.114786449056142,0.114786449056142,TRUE,0,TRUE,TRUE,TRUE
"controlled_permutation","pectinate",50,1,19,"identity",16,1,16,1,0.114786449056142,0.114786449056142,TRUE,0,TRUE,TRUE,TRUE
"controlled_permutation","pectinate",50,1,19,"identity",16,1,17,1,0.114786449056142,0.114786449056142,TRUE,0,TRUE,TRUE,TRUE
"controlled_permutation","pectinate",50,1,19,"identity",16,1,18,1,0.114786449056142,0.114786449056142,TRUE,0,TRUE,TRUE,TRUE
"controlled_permutation","pectinate",50,1,19,"identity",16,1,19,1,0.114786449056142,0.114786449056142,TRUE,0,TRUE,TRUE,TRUE
"controlled_permutation","pectinate",50,1,19,"single_swap",2,1,1,1,0.114786449056142,0.114786449056142,TRUE,0,TRUE,TRUE,TRUE
"controlled_permutation","pectinate",50,1,19,"single_swap",2,1,2,1,0.0818960685492874,0.0818960685492874,TRUE,0,TRUE,TRUE,TRUE
"controlled_permutation","pectinate",50,1,19,"single_swap",2,1,3,1,0.107747230054682,0.107747230054682,TRUE,0,TRUE,TRUE,TRUE
"controlled_permutation","pectinate",50,1,19,"single_swap",2,1,4,1,0.123012930700589,0.123012930700589,TRUE,0,TRUE,TRUE,TRUE
"controlled_permutation","pectinate",50,1,19,"single_swap",2,1,5,1,0.111992560307773,0.111992560307773,TRUE,0,TRUE,TRUE,TRUE
"controlled_permutation","pectinate",50,1,19,"single_swap",2,1,6,1,0.116612852755789,0.116612852755789,TRUE,0,TRUE,TRUE,TRUE
"controlled_permutation","pectinate",50,1,19,"single_swap",2,1,7,1,0.114585377968472,0.114585377968472,TRUE,0,TRUE,TRUE,TRUE
"controlled_permutation","pectinate",50,1,19,"single_swap",2,1,8,1,0.118555491852832,0.118555491852832,TRUE,0,TRUE,TRUE,TRUE
"controlled_permutation","pectinate",50,1,19,"single_swap",2,1,9,1,0.112162969936974,0.112162969936974,TRUE,0,TRUE,TRUE,TRUE
"controlled_permutation","pectinate",50,1,19,"single_swap",2,1,10,1,0.115995492144479,0.115995492144479,TRUE,0,TRUE,TRUE,TRUE
"controlled_permutation","pectinate",50,1,19,"single_swap",2,1,11,1,0.115146702411475,0.115146702411475,TRUE,0,TRUE,TRUE,TRUE
"controlled_permutation","pectinate",50,1,19,"single_swap",2,1,12,1,0.111176050495826,0.111176050495826,TRUE,0,TRUE,TRUE,TRUE
"controlled_permutation","pectinate",50,1,19,"single_swap",2,1,13,1,0.122638811176404,0.122638811176404,TRUE,0,TRUE,TRUE,TRUE
"controlled_permutation","pectinate",50,1,19,"single_swap",2,1,14,1,0.114400902148863,0.114400902148863,TRUE,0,TRUE,TRUE,TRUE
"controlled_permutation","pectinate",50,1,19,"single_swap",2,1,15,1,0.113347741562956,0.113347741562956,TRUE,0,TRUE,TRUE,TRUE
"controlled_permutation","pectinate",50,1,19,"single_swap",2,1,16,1,0.11586009161889,0.11586009161889,TRUE,0,TRUE,TRUE,TRUE
"controlled_permutation","pectinate",50,1,19,"single_swap",2,1,17,1,0.115528470941783,0.115528470941783,TRUE,0,TRUE,TRUE,TRUE
"controlled_permutation","pectinate",50,1,19,"single_swap",2,1,18,1,0.113993601401158,0.113993601401158,TRUE,0,TRUE,TRUE,TRUE
"controlled_permutation","pectinate",50,1,19,"single_swap",2,1,19,1,0.114200831102687,0.114200831102687,TRUE,0,TRUE,TRUE,TRUE
"controlled_permutation","pectinate",50,1,19,"single_swap",4,1,1,1,0.114786449056142,0.114786449056142,TRUE,0,TRUE,TRUE,TRUE
"controlled_permutation","pectinate",50,1,19,"single_swap",4,1,2,1,0.0818960685492874,0.0818960685492874,TRUE,0,TRUE,TRUE,TRUE
"controlled_permutation","pectinate",50,1,19,"single_swap",4,1,3,1,0.107747230054682,0.107747230054682,TRUE,0,TRUE,TRUE,TRUE
"controlled_permutation","pectinate",50,1,19,"single_swap",4,1,4,1,0.123012930700589,0.123012930700589,TRUE,0,TRUE,TRUE,TRUE
"controlled_permutation","pectinate",50,1,19,"single_swap",4,1,5,1,0.111992560307773,0.111992560307773,TRUE,0,TRUE,TRUE,TRUE
"controlled_permutation","pectinate",50,1,19,"single_swap",4,1,6,1,0.116612852755789,0.116612852755789,TRUE,0,TRUE,TRUE,TRUE
"controlled_permutation","pectinate",50,1,19,"single_swap",4,1,7,1,0.114585377968472,0.114585377968472,TRUE,0,TRUE,TRUE,TRUE
"controlled_permutation","pectinate",50,1,19,"single_swap",4,1,8,1,0.118555491852832,0.118555491852832,TRUE,0,TRUE,TRUE,TRUE
"controlled_permutation","pectinate",50,1,19,"single_swap",4,1,9,1,0.112162969936974,0.112162969936974,TRUE,0,TRUE,TRUE,TRUE
"controlled_permutation","pectinate",50,1,19,"single_swap",4,1,10,1,0.115995492144479,0.115995492144479,TRUE,0,TRUE,TRUE,TRUE
"controlled_permutation","pectinate",50,1,19,"single_swap",4,1,11,1,0.115146702411475,0.115146702411475,TRUE,0,TRUE,TRUE,TRUE
"controlled_permutation","pectinate",50,1,19,"single_swap",4,1,12,1,0.111176050495826,0.111176050495826,TRUE,0,TRUE,TRUE,TRUE
"controlled_permutation","pectinate",50,1,19,"single_swap",4,1,13,1,0.122638811176404,0.122638811176404,TRUE,0,TRUE,TRUE,TRUE
"controlled_permutation","pectinate",50,1,19,"single_swap",4,1,14,1,0.114400902148863,0.114400902148863,TRUE,0,TRUE,TRUE,TRUE
"controlled_permutation","pectinate",50,1,19,"single_swap",4,1,15,1,0.113347741562956,0.113347741562956,TRUE,0,TRUE,TRUE,TRUE
"controlled_permutation","pectinate",50,1,19,"single_swap",4,1,16,1,0.11586009161889,0.11586009161889,TRUE,0,TRUE,TRUE,TRUE
"controlled_permutation","pectinate",50,1,19,"single_swap",4,1,17,1,0.115528470941783,0.115528470941783,TRUE,0,TRUE,TRUE,TRUE
"controlled_permutation","pectinate",50,1,19,"single_swap",4,1,18,1,0.113993601401158,0.113993601401158,TRUE,0,TRUE,TRUE,TRUE
"controlled_permutation","pectinate",50,1,19,"single_swap",4,1,19,1,0.114200831102687,0.114200831102687,TRUE,0,TRUE,TRUE,TRUE
"controlled_permutation","pectinate",50,1,19,"single_swap",8,1,1,1,0.114786449056142,0.114786449056142,TRUE,0,TRUE,TRUE,TRUE
"controlled_permutation","pectinate",50,1,19,"single_swap",8,1,2,1,0.0818960685492874,0.0818960685492874,TRUE,0,TRUE,TRUE,TRUE
"controlled_permutation","pectinate",50,1,19,"single_swap",8,1,3,1,0.107747230054682,0.107747230054682,TRUE,0,TRUE,TRUE,TRUE
"controlled_permutation","pectinate",50,1,19,"single_swap",8,1,4,1,0.123012930700589,0.123012930700589,TRUE,0,TRUE,TRUE,TRUE
"controlled_permutation","pectinate",50,1,19,"single_swap",8,1,5,1,0.111992560307773,0.111992560307773,TRUE,0,TRUE,TRUE,TRUE
"controlled_permutation","pectinate",50,1,19,"single_swap",8,1,6,1,0.116612852755789,0.116612852755789,TRUE,0,TRUE,TRUE,TRUE
"controlled_permutation","pectinate",50,1,19,"single_swap",8,1,7,1,0.114585377968472,0.114585377968472,TRUE,0,TRUE,TRUE,TRUE
"controlled_permutation","pectinate",50,1,19,"single_swap",8,1,8,1,0.118555491852832,0.118555491852832,TRUE,0,TRUE,TRUE,TRUE
"controlled_permutation","pectinate",50,1,19,"single_swap",8,1,9,1,0.112162969936974,0.112162969936974,TRUE,0,TRUE,TRUE,TRUE
"controlled_permutation","pectinate",50,1,19,"single_swap",8,1,10,1,0.115995492144479,0.115995492144479,TRUE,0,TRUE,TRUE,TRUE
"controlled_permutation","pectinate",50,1,19,"single_swap",8,1,11,1,0.115146702411475,0.115146702411475,TRUE,0,TRUE,TRUE,TRUE
"controlled_permutation","pectinate",50,1,19,"single_swap",8,1,12,1,0.111176050495826,0.111176050495826,TRUE,0,TRUE,TRUE,TRUE
"controlled_permutation","pectinate",50,1,19,"single_swap",8,1,13,1,0.122638811176404,0.122638811176404,TRUE,0,TRUE,TRUE,TRUE
"controlled_permutation","pectinate",50,1,19,"single_swap",8,1,14,1,0.114400902148863,0.114400902148863,TRUE,0,TRUE,TRUE,TRUE
"controlled_permutation","pectinate",50,1,19,"single_swap",8,1,15,1,0.113347741562956,0.113347741562956,TRUE,0,TRUE,TRUE,TRUE
"controlled_permutation","pectinate",50,1,19,"single_swap",8,1,16,1,0.11586009161889,0.11586009161889,TRUE,0,TRUE,TRUE,TRUE
"controlled_permutation","pectinate",50,1,19,"single_swap",8,1,17,1,0.115528470941783,0.115528470941783,TRUE,0,TRUE,TRUE,TRUE
"controlled_permutation","pectinate",50,1,19,"single_swap",8,1,18,1,0.113993601401158,0.113993601401158,TRUE,0,TRUE,TRUE,TRUE
"controlled_permutation","pectinate",50,1,19,"single_swap",8,1,19,1,0.114200831102687,0.114200831102687,TRUE,0,TRUE,TRUE,TRUE
"controlled_permutation","pectinate",50,1,19,"single_swap",16,1,1,1,0.114786449056142,0.114786449056142,TRUE,0,TRUE,TRUE,TRUE
"controlled_permutation","pectinate",50,1,19,"single_swap",16,1,2,1,0.0818960685492874,0.0818960685492874,TRUE,0,TRUE,TRUE,TRUE
"controlled_permutation","pectinate",50,1,19,"single_swap",16,1,3,1,0.107747230054682,0.107747230054682,TRUE,0,TRUE,TRUE,TRUE
"controlled_permutation","pectinate",50,1,19,"single_swap",16,1,4,1,0.123012930700589,0.123012930700589,TRUE,0,TRUE,TRUE,TRUE
"controlled_permutation","pectinate",50,1,19,"single_swap",16,1,5,1,0.111992560307773,0.111992560307773,TRUE,0,TRUE,TRUE,TRUE
"controlled_permutation","pectinate",50,1,19,"single_swap",16,1,6,1,0.116612852755789,0.116612852755789,TRUE,0,TRUE,TRUE,TRUE
"controlled_permutation","pectinate",50,1,19,"single_swap",16,1,7,1,0.114585377968472,0.114585377968472,TRUE,0,TRUE,TRUE,TRUE
"controlled_permutation","pectinate",50,1,19,"single_swap",16,1,8,1,0.118555491852832,0.118555491852832,TRUE,0,TRUE,TRUE,TRUE
"controlled_permutation","pectinate",50,1,19,"single_swap",16,1,9,1,0.112162969936974,0.112162969936974,TRUE,0,TRUE,TRUE,TRUE
"controlled_permutation","pectinate",50,1,19,"single_swap",16,1,10,1,0.115995492144479,0.115995492144479,TRUE,0,TRUE,TRUE,TRUE
"controlled_permutation","pectinate",50,1,19,"single_swap",16,1,11,1,0.115146702411475,0.115146702411475,TRUE,0,TRUE,TRUE,TRUE
"controlled_permutation","pectinate",50,1,19,"single_swap",16,1,12,1,0.111176050495826,0.111176050495826,TRUE,0,TRUE,TRUE,TRUE
"controlled_permutation","pectinate",50,1,19,"single_swap",16,1,13,1,0.122638811176404,0.122638811176404,TRUE,0,TRUE,TRUE,TRUE
"controlled_permutation","pectinate",50,1,19,"single_swap",16,1,14,1,0.114400902148863,0.114400902148863,TRUE,0,TRUE,TRUE,TRUE
"controlled_permutation","pectinate",50,1,19,"single_swap",16,1,15,1,0.113347741562956,0.113347741562956,TRUE,0,TRUE,TRUE,TRUE
"controlled_permutation","pectinate",50,1,19,"single_swap",16,1,16,1,0.11586009161889,0.11586009161889,TRUE,0,TRUE,TRUE,TRUE
"controlled_permutation","pectinate",50,1,19,"single_swap",16,1,17,1,0.115528470941783,0.115528470941783,TRUE,0,TRUE,TRUE,TRUE
"controlled_permutation","pectinate",50,1,19,"single_swap",16,1,18,1,0.113993601401158,0.113993601401158,TRUE,0,TRUE,TRUE,TRUE
"controlled_permutation","pectinate",50,1,19,"single_swap",16,1,19,1,0.114200831102687,0.114200831102687,TRUE,0,TRUE,TRUE,TRUE
"controlled_permutation","pectinate",50,1,19,"reverse",2,1,1,1,0.114786449056142,0.114786449056142,TRUE,0,TRUE,TRUE,TRUE
"controlled_permutation","pectinate",50,1,19,"reverse",2,1,2,1,0.163655122440121,0.163655122440121,TRUE,0,TRUE,TRUE,TRUE
"controlled_permutation","pectinate",50,1,19,"reverse",2,1,3,1,0.163655122440121,0.163655122440121,TRUE,0,TRUE,TRUE,TRUE
"controlled_permutation","pectinate",50,1,19,"reverse",2,1,4,1,0.163655122440121,0.163655122440121,TRUE,0,TRUE,TRUE,TRUE
"controlled_permutation","pectinate",50,1,19,"reverse",2,1,5,1,0.163655122440121,0.163655122440121,TRUE,0,TRUE,TRUE,TRUE
"controlled_permutation","pectinate",50,1,19,"reverse",2,1,6,1,0.163655122440121,0.163655122440121,TRUE,0,TRUE,TRUE,TRUE
"controlled_permutation","pectinate",50,1,19,"reverse",2,1,7,1,0.163655122440121,0.163655122440121,TRUE,0,TRUE,TRUE,TRUE
"controlled_permutation","pectinate",50,1,19,"reverse",2,1,8,1,0.163655122440121,0.163655122440121,TRUE,0,TRUE,TRUE,TRUE
"controlled_permutation","pectinate",50,1,19,"reverse",2,1,9,1,0.163655122440121,0.163655122440121,TRUE,0,TRUE,TRUE,TRUE
"controlled_permutation","pectinate",50,1,19,"reverse",2,1,10,1,0.163655122440121,0.163655122440121,TRUE,0,TRUE,TRUE,TRUE
"controlled_permutation","pectinate",50,1,19,"reverse",2,1,11,1,0.163655122440121,0.163655122440121,TRUE,0,TRUE,TRUE,TRUE
"controlled_permutation","pectinate",50,1,19,"reverse",2,1,12,1,0.163655122440121,0.163655122440121,TRUE,0,TRUE,TRUE,TRUE
"controlled_permutation","pectinate",50,1,19,"reverse",2,1,13,1,0.163655122440121,0.163655122440121,TRUE,0,TRUE,TRUE,TRUE
"controlled_permutation","pectinate",50,1,19,"reverse",2,1,14,1,0.163655122440121,0.163655122440121,TRUE,0,TRUE,TRUE,TRUE
"controlled_permutation","pectinate",50,1,19,"reverse",2,1,15,1,0.163655122440121,0.163655122440121,TRUE,0,TRUE,TRUE,TRUE
"controlled_permutation","pectinate",50,1,19,"reverse",2,1,16,1,0.163655122440121,0.163655122440121,TRUE,0,TRUE,TRUE,TRUE
"controlled_permutation","pectinate",50,1,19,"reverse",2,1,17,1,0.163655122440121,0.163655122440121,TRUE,0,TRUE,TRUE,TRUE
"controlled_permutation","pectinate",50,1,19,"reverse",2,1,18,1,0.163655122440121,0.163655122440121,TRUE,0,TRUE,TRUE,TRUE
"controlled_permutation","pectinate",50,1,19,"reverse",2,1,19,1,0.163655122440121,0.163655122440121,TRUE,0,TRUE,TRUE,TRUE
"controlled_permutation","pectinate",50,1,19,"reverse",4,1,1,1,0.114786449056142,0.114786449056142,TRUE,0,TRUE,TRUE,TRUE
"controlled_permutation","pectinate",50,1,19,"reverse",4,1,2,1,0.163655122440121,0.163655122440121,TRUE,0,TRUE,TRUE,TRUE
"controlled_permutation","pectinate",50,1,19,"reverse",4,1,3,1,0.163655122440121,0.163655122440121,TRUE,0,TRUE,TRUE,TRUE
"controlled_permutation","pectinate",50,1,19,"reverse",4,1,4,1,0.163655122440121,0.163655122440121,TRUE,0,TRUE,TRUE,TRUE
"controlled_permutation","pectinate",50,1,19,"reverse",4,1,5,1,0.163655122440121,0.163655122440121,TRUE,0,TRUE,TRUE,TRUE
"controlled_permutation","pectinate",50,1,19,"reverse",4,1,6,1,0.163655122440121,0.163655122440121,TRUE,0,TRUE,TRUE,TRUE
"controlled_permutation","pectinate",50,1,19,"reverse",4,1,7,1,0.163655122440121,0.163655122440121,TRUE,0,TRUE,TRUE,TRUE
"controlled_permutation","pectinate",50,1,19,"reverse",4,1,8,1,0.163655122440121,0.163655122440121,TRUE,0,TRUE,TRUE,TRUE
"controlled_permutation","pectinate",50,1,19,"reverse",4,1,9,1,0.163655122440121,0.163655122440121,TRUE,0,TRUE,TRUE,TRUE
"controlled_permutation","pectinate",50,1,19,"reverse",4,1,10,1,0.163655122440121,0.163655122440121,TRUE,0,TRUE,TRUE,TRUE
"controlled_permutation","pectinate",50,1,19,"reverse",4,1,11,1,0.163655122440121,0.163655122440121,TRUE,0,TRUE,TRUE,TRUE
"controlled_permutation","pectinate",50,1,19,"reverse",4,1,12,1,0.163655122440121,0.163655122440121,TRUE,0,TRUE,TRUE,TRUE
"controlled_permutation","pectinate",50,1,19,"reverse",4,1,13,1,0.163655122440121,0.163655122440121,TRUE,0,TRUE,TRUE,TRUE
"controlled_permutation","pectinate",50,1,19,"reverse",4,1,14,1,0.163655122440121,0.163655122440121,TRUE,0,TRUE,TRUE,TRUE
"controlled_permutation","pectinate",50,1,19,"reverse",4,1,15,1,0.163655122440121,0.163655122440121,TRUE,0,TRUE,TRUE,TRUE
"controlled_permutation","pectinate",50,1,19,"reverse",4,1,16,1,0.163655122440121,0.163655122440121,TRUE,0,TRUE,TRUE,TRUE
"controlled_permutation","pectinate",50,1,19,"reverse",4,1,17,1,0.163655122440121,0.163655122440121,TRUE,0,TRUE,TRUE,TRUE
"controlled_permutation","pectinate",50,1,19,"reverse",4,1,18,1,0.163655122440121,0.163655122440121,TRUE,0,TRUE,TRUE,TRUE
"controlled_permutation","pectinate",50,1,19,"reverse",4,1,19,1,0.163655122440121,0.163655122440121,TRUE,0,TRUE,TRUE,TRUE
"controlled_permutation","pectinate",50,1,19,"reverse",8,1,1,1,0.114786449056142,0.114786449056142,TRUE,0,TRUE,TRUE,TRUE
"controlled_permutation","pectinate",50,1,19,"reverse",8,1,2,1,0.163655122440121,0.163655122440121,TRUE,0,TRUE,TRUE,TRUE
"controlled_permutation","pectinate",50,1,19,"reverse",8,1,3,1,0.163655122440121,0.163655122440121,TRUE,0,TRUE,TRUE,TRUE
"controlled_permutation","pectinate",50,1,19,"reverse",8,1,4,1,0.163655122440121,0.163655122440121,TRUE,0,TRUE,TRUE,TRUE
"controlled_permutation","pectinate",50,1,19,"reverse",8,1,5,1,0.163655122440121,0.163655122440121,TRUE,0,TRUE,TRUE,TRUE
"controlled_permutation","pectinate",50,1,19,"reverse",8,1,6,1,0.163655122440121,0.163655122440121,TRUE,0,TRUE,TRUE,TRUE
"controlled_permutation","pectinate",50,1,19,"reverse",8,1,7,1,0.163655122440121,0.163655122440121,TRUE,0,TRUE,TRUE,TRUE
"controlled_permutation","pectinate",50,1,19,"reverse",8,1,8,1,0.163655122440121,0.163655122440121,TRUE,0,TRUE,TRUE,TRUE
"controlled_permutation","pectinate",50,1,19,"reverse",8,1,9,1,0.163655122440121,0.163655122440121,TRUE,0,TRUE,TRUE,TRUE
"controlled_permutation","pectinate",50,1,19,"reverse",8,1,10,1,0.163655122440121,0.163655122440121,TRUE,0,TRUE,TRUE,TRUE
"controlled_permutation","pectinate",50,1,19,"reverse",8,1,11,1,0.163655122440121,0.163655122440121,TRUE,0,TRUE,TRUE,TRUE
"controlled_permutation","pectinate",50,1,19,"reverse",8,1,12,1,0.163655122440121,0.163655122440121,TRUE,0,TRUE,TRUE,TRUE
"controlled_permutation","pectinate",50,1,19,"reverse",8,1,13,1,0.163655122440121,0.163655122440121,TRUE,0,TRUE,TRUE,TRUE
"controlled_permutation","pectinate",50,1,19,"reverse",8,1,14,1,0.163655122440121,0.163655122440121,TRUE,0,TRUE,TRUE,TRUE
"controlled_permutation","pectinate",50,1,19,"reverse",8,1,15,1,0.163655122440121,0.163655122440121,TRUE,0,TRUE,TRUE,TRUE
"controlled_permutation","pectinate",50,1,19,"reverse",8,1,16,1,0.163655122440121,0.163655122440121,TRUE,0,TRUE,TRUE,TRUE
"controlled_permutation","pectinate",50,1,19,"reverse",8,1,17,1,0.163655122440121,0.163655122440121,TRUE,0,TRUE,TRUE,TRUE
"controlled_permutation","pectinate",50,1,19,"reverse",8,1,18,1,0.163655122440121,0.163655122440121,TRUE,0,TRUE,TRUE,TRUE
"controlled_permutation","pectinate",50,1,19,"reverse",8,1,19,1,0.163655122440121,0.163655122440121,TRUE,0,TRUE,TRUE,TRUE
"controlled_permutation","pectinate",50,1,19,"reverse",16,1,1,1,0.114786449056142,0.114786449056142,TRUE,0,TRUE,TRUE,TRUE
"controlled_permutation","pectinate",50,1,19,"reverse",16,1,2,1,0.163655122440121,0.163655122440121,TRUE,0,TRUE,TRUE,TRUE
"controlled_permutation","pectinate",50,1,19,"reverse",16,1,3,1,0.163655122440121,0.163655122440121,TRUE,0,TRUE,TRUE,TRUE
"controlled_permutation","pectinate",50,1,19,"reverse",16,1,4,1,0.163655122440121,0.163655122440121,TRUE,0,TRUE,TRUE,TRUE
"controlled_permutation","pectinate",50,1,19,"reverse",16,1,5,1,0.163655122440121,0.163655122440121,TRUE,0,TRUE,TRUE,TRUE
"controlled_permutation","pectinate",50,1,19,"reverse",16,1,6,1,0.163655122440121,0.163655122440121,TRUE,0,TRUE,TRUE,TRUE
"controlled_permutation","pectinate",50,1,19,"reverse",16,1,7,1,0.163655122440121,0.163655122440121,TRUE,0,TRUE,TRUE,TRUE
"controlled_permutation","pectinate",50,1,19,"reverse",16,1,8,1,0.163655122440121,0.163655122440121,TRUE,0,TRUE,TRUE,TRUE
"controlled_permutation","pectinate",50,1,19,"reverse",16,1,9,1,0.163655122440121,0.163655122440121,TRUE,0,TRUE,TRUE,TRUE
"controlled_permutation","pectinate",50,1,19,"reverse",16,1,10,1,0.163655122440121,0.163655122440121,TRUE,0,TRUE,TRUE,TRUE
"controlled_permutation","pectinate",50,1,19,"reverse",16,1,11,1,0.163655122440121,0.163655122440121,TRUE,0,TRUE,TRUE,TRUE
"controlled_permutation","pectinate",50,1,19,"reverse",16,1,12,1,0.163655122440121,0.163655122440121,TRUE,0,TRUE,TRUE,TRUE
"controlled_permutation","pectinate",50,1,19,"reverse",16,1,13,1,0.163655122440121,0.163655122440121,TRUE,0,TRUE,TRUE,TRUE
"controlled_permutation","pectinate",50,1,19,"reverse",16,1,14,1,0.163655122440121,0.163655122440121,TRUE,0,TRUE,TRUE,TRUE
"controlled_permutation","pectinate",50,1,19,"reverse",16,1,15,1,0.163655122440121,0.163655122440121,TRUE,0,TRUE,TRUE,TRUE
"controlled_permutation","pectinate",50,1,19,"reverse",16,1,16,1,0.163655122440121,0.163655122440121,TRUE,0,TRUE,TRUE,TRUE
"controlled_permutation","pectinate",50,1,19,"reverse",16,1,17,1,0.163655122440121,0.163655122440121,TRUE,0,TRUE,TRUE,TRUE
"controlled_permutation","pectinate",50,1,19,"reverse",16,1,18,1,0.163655122440121,0.163655122440121,TRUE,0,TRUE,TRUE,TRUE
"controlled_permutation","pectinate",50,1,19,"reverse",16,1,19,1,0.163655122440121,0.163655122440121,TRUE,0,TRUE,TRUE,TRUE
"controlled_permutation","pectinate",50,1,19,"cyclic_shift",2,1,1,1,0.114786449056142,0.114786449056142,TRUE,0,TRUE,TRUE,TRUE
"controlled_permutation","pectinate",50,1,19,"cyclic_shift",2,1,2,1,0.0905370087808076,0.0905370087808076,TRUE,0,TRUE,TRUE,TRUE
"controlled_permutation","pectinate",50,1,19,"cyclic_shift",2,1,3,1,0.09211644915179,0.09211644915179,TRUE,0,TRUE,TRUE,TRUE
"controlled_permutation","pectinate",50,1,19,"cyclic_shift",2,1,4,1,0.0811020729783218,0.0811020729783218,TRUE,0,TRUE,TRUE,TRUE
"controlled_permutation","pectinate",50,1,19,"cyclic_shift",2,1,5,1,0.112962566245635,0.112962566245635,TRUE,0,TRUE,TRUE,TRUE
"controlled_permutation","pectinate",50,1,19,"cyclic_shift",2,1,6,1,0.0880884217685578,0.0880884217685578,TRUE,0,TRUE,TRUE,TRUE
"controlled_permutation","pectinate",50,1,19,"cyclic_shift",2,1,7,1,0.112048432457103,0.112048432457103,TRUE,0,TRUE,TRUE,TRUE
"controlled_permutation","pectinate",50,1,19,"cyclic_shift",2,1,8,1,0.0887140813169733,0.0887140813169733,TRUE,0,TRUE,TRUE,TRUE
"controlled_permutation","pectinate",50,1,19,"cyclic_shift",2,1,9,1,0.317193943365062,0.317193943365062,TRUE,0,TRUE,TRUE,TRUE
"controlled_permutation","pectinate",50,1,19,"cyclic_shift",2,1,10,1,0.17015480001227,0.17015480001227,TRUE,0,TRUE,TRUE,TRUE
"controlled_permutation","pectinate",50,1,19,"cyclic_shift",2,1,11,1,0.114365463651183,0.114365463651183,TRUE,0,TRUE,TRUE,TRUE
"controlled_permutation","pectinate",50,1,19,"cyclic_shift",2,1,12,1,0.113468604069373,0.113468604069373,TRUE,0,TRUE,TRUE,TRUE
"controlled_permutation","pectinate",50,1,19,"cyclic_shift",2,1,13,1,0.127081912574695,0.127081912574695,TRUE,0,TRUE,TRUE,TRUE
"controlled_permutation","pectinate",50,1,19,"cyclic_shift",2,1,14,1,0.0857618587291041,0.0857618587291041,TRUE,0,TRUE,TRUE,TRUE
"controlled_permutation","pectinate",50,1,19,"cyclic_shift",2,1,15,1,0.123412124578409,0.123412124578409,TRUE,0,TRUE,TRUE,TRUE
"controlled_permutation","pectinate",50,1,19,"cyclic_shift",2,1,16,1,0.0863444625201027,0.0863444625201027,TRUE,0,TRUE,TRUE,TRUE
"controlled_permutation","pectinate",50,1,19,"cyclic_shift",2,1,17,1,0.0841723124327206,0.0841723124327206,TRUE,0,TRUE,TRUE,TRUE
"controlled_permutation","pectinate",50,1,19,"cyclic_shift",2,1,18,1,0.102376540638043,0.102376540638043,TRUE,0,TRUE,TRUE,TRUE
"controlled_permutation","pectinate",50,1,19,"cyclic_shift",2,1,19,1,0.125704106078506,0.125704106078506,TRUE,0,TRUE,TRUE,TRUE
"controlled_permutation","pectinate",50,1,19,"cyclic_shift",4,1,1,1,0.114786449056142,0.114786449056142,TRUE,0,TRUE,TRUE,TRUE
"controlled_permutation","pectinate",50,1,19,"cyclic_shift",4,1,2,1,0.0905370087808076,0.0905370087808076,TRUE,0,TRUE,TRUE,TRUE
"controlled_permutation","pectinate",50,1,19,"cyclic_shift",4,1,3,1,0.09211644915179,0.09211644915179,TRUE,0,TRUE,TRUE,TRUE
"controlled_permutation","pectinate",50,1,19,"cyclic_shift",4,1,4,1,0.0811020729783218,0.0811020729783218,TRUE,0,TRUE,TRUE,TRUE
"controlled_permutation","pectinate",50,1,19,"cyclic_shift",4,1,5,1,0.112962566245635,0.112962566245635,TRUE,0,TRUE,TRUE,TRUE
"controlled_permutation","pectinate",50,1,19,"cyclic_shift",4,1,6,1,0.0880884217685578,0.0880884217685578,TRUE,0,TRUE,TRUE,TRUE
"controlled_permutation","pectinate",50,1,19,"cyclic_shift",4,1,7,1,0.112048432457103,0.112048432457103,TRUE,0,TRUE,TRUE,TRUE
"controlled_permutation","pectinate",50,1,19,"cyclic_shift",4,1,8,1,0.0887140813169733,0.0887140813169733,TRUE,0,TRUE,TRUE,TRUE
"controlled_permutation","pectinate",50,1,19,"cyclic_shift",4,1,9,1,0.317193943365062,0.317193943365062,TRUE,0,TRUE,TRUE,TRUE
"controlled_permutation","pectinate",50,1,19,"cyclic_shift",4,1,10,1,0.17015480001227,0.17015480001227,TRUE,0,TRUE,TRUE,TRUE
"controlled_permutation","pectinate",50,1,19,"cyclic_shift",4,1,11,1,0.114365463651183,0.114365463651183,TRUE,0,TRUE,TRUE,TRUE
"controlled_permutation","pectinate",50,1,19,"cyclic_shift",4,1,12,1,0.113468604069373,0.113468604069373,TRUE,0,TRUE,TRUE,TRUE
"controlled_permutation","pectinate",50,1,19,"cyclic_shift",4,1,13,1,0.127081912574695,0.127081912574695,TRUE,0,TRUE,TRUE,TRUE
"controlled_permutation","pectinate",50,1,19,"cyclic_shift",4,1,14,1,0.0857618587291041,0.0857618587291041,TRUE,0,TRUE,TRUE,TRUE
"controlled_permutation","pectinate",50,1,19,"cyclic_shift",4,1,15,1,0.123412124578409,0.123412124578409,TRUE,0,TRUE,TRUE,TRUE
"controlled_permutation","pectinate",50,1,19,"cyclic_shift",4,1,16,1,0.0863444625201027,0.0863444625201027,TRUE,0,TRUE,TRUE,TRUE
"controlled_permutation","pectinate",50,1,19,"cyclic_shift",4,1,17,1,0.0841723124327206,0.0841723124327206,TRUE,0,TRUE,TRUE,TRUE
"controlled_permutation","pectinate",50,1,19,"cyclic_shift",4,1,18,1,0.102376540638043,0.102376540638043,TRUE,0,TRUE,TRUE,TRUE
"controlled_permutation","pectinate",50,1,19,"cyclic_shift",4,1,19,1,0.125704106078506,0.125704106078506,TRUE,0,TRUE,TRUE,TRUE
"controlled_permutation","pectinate",50,1,19,"cyclic_shift",8,1,1,1,0.114786449056142,0.114786449056142,TRUE,0,TRUE,TRUE,TRUE
"controlled_permutation","pectinate",50,1,19,"cyclic_shift",8,1,2,1,0.0905370087808076,0.0905370087808076,TRUE,0,TRUE,TRUE,TRUE
"controlled_permutation","pectinate",50,1,19,"cyclic_shift",8,1,3,1,0.09211644915179,0.09211644915179,TRUE,0,TRUE,TRUE,TRUE
"controlled_permutation","pectinate",50,1,19,"cyclic_shift",8,1,4,1,0.0811020729783218,0.0811020729783218,TRUE,0,TRUE,TRUE,TRUE
"controlled_permutation","pectinate",50,1,19,"cyclic_shift",8,1,5,1,0.112962566245635,0.112962566245635,TRUE,0,TRUE,TRUE,TRUE
"controlled_permutation","pectinate",50,1,19,"cyclic_shift",8,1,6,1,0.0880884217685578,0.0880884217685578,TRUE,0,TRUE,TRUE,TRUE
"controlled_permutation","pectinate",50,1,19,"cyclic_shift",8,1,7,1,0.112048432457103,0.112048432457103,TRUE,0,TRUE,TRUE,TRUE
"controlled_permutation","pectinate",50,1,19,"cyclic_shift",8,1,8,1,0.0887140813169733,0.0887140813169733,TRUE,0,TRUE,TRUE,TRUE
"controlled_permutation","pectinate",50,1,19,"cyclic_shift",8,1,9,1,0.317193943365062,0.317193943365062,TRUE,0,TRUE,TRUE,TRUE
"controlled_permutation","pectinate",50,1,19,"cyclic_shift",8,1,10,1,0.17015480001227,0.17015480001227,TRUE,0,TRUE,TRUE,TRUE
"controlled_permutation","pectinate",50,1,19,"cyclic_shift",8,1,11,1,0.114365463651183,0.114365463651183,TRUE,0,TRUE,TRUE,TRUE
"controlled_permutation","pectinate",50,1,19,"cyclic_shift",8,1,12,1,0.113468604069373,0.113468604069373,TRUE,0,TRUE,TRUE,TRUE
"controlled_permutation","pectinate",50,1,19,"cyclic_shift",8,1,13,1,0.127081912574695,0.127081912574695,TRUE,0,TRUE,TRUE,TRUE
"controlled_permutation","pectinate",50,1,19,"cyclic_shift",8,1,14,1,0.0857618587291041,0.0857618587291041,TRUE,0,TRUE,TRUE,TRUE
"controlled_permutation","pectinate",50,1,19,"cyclic_shift",8,1,15,1,0.123412124578409,0.123412124578409,TRUE,0,TRUE,TRUE,TRUE
"controlled_permutation","pectinate",50,1,19,"cyclic_shift",8,1,16,1,0.0863444625201027,0.0863444625201027,TRUE,0,TRUE,TRUE,TRUE
"controlled_permutation","pectinate",50,1,19,"cyclic_shift",8,1,17,1,0.0841723124327206,0.0841723124327206,TRUE,0,TRUE,TRUE,TRUE
"controlled_permutation","pectinate",50,1,19,"cyclic_shift",8,1,18,1,0.102376540638043,0.102376540638043,TRUE,0,TRUE,TRUE,TRUE
"controlled_permutation","pectinate",50,1,19,"cyclic_shift",8,1,19,1,0.125704106078506,0.125704106078506,TRUE,0,TRUE,TRUE,TRUE
"controlled_permutation","pectinate",50,1,19,"cyclic_shift",16,1,1,1,0.114786449056142,0.114786449056142,TRUE,0,TRUE,TRUE,TRUE
"controlled_permutation","pectinate",50,1,19,"cyclic_shift",16,1,2,1,0.0905370087808076,0.0905370087808076,TRUE,0,TRUE,TRUE,TRUE
"controlled_permutation","pectinate",50,1,19,"cyclic_shift",16,1,3,1,0.09211644915179,0.09211644915179,TRUE,0,TRUE,TRUE,TRUE
"controlled_permutation","pectinate",50,1,19,"cyclic_shift",16,1,4,1,0.0811020729783218,0.0811020729783218,TRUE,0,TRUE,TRUE,TRUE
"controlled_permutation","pectinate",50,1,19,"cyclic_shift",16,1,5,1,0.112962566245635,0.112962566245635,TRUE,0,TRUE,TRUE,TRUE
"controlled_permutation","pectinate",50,1,19,"cyclic_shift",16,1,6,1,0.0880884217685578,0.0880884217685578,TRUE,0,TRUE,TRUE,TRUE
"controlled_permutation","pectinate",50,1,19,"cyclic_shift",16,1,7,1,0.112048432457103,0.112048432457103,TRUE,0,TRUE,TRUE,TRUE
"controlled_permutation","pectinate",50,1,19,"cyclic_shift",16,1,8,1,0.0887140813169733,0.0887140813169733,TRUE,0,TRUE,TRUE,TRUE
"controlled_permutation","pectinate",50,1,19,"cyclic_shift",16,1,9,1,0.317193943365062,0.317193943365062,TRUE,0,TRUE,TRUE,TRUE
"controlled_permutation","pectinate",50,1,19,"cyclic_shift",16,1,10,1,0.17015480001227,0.17015480001227,TRUE,0,TRUE,TRUE,TRUE
"controlled_permutation","pectinate",50,1,19,"cyclic_shift",16,1,11,1,0.114365463651183,0.114365463651183,TRUE,0,TRUE,TRUE,TRUE
"controlled_permutation","pectinate",50,1,19,"cyclic_shift",16,1,12,1,0.113468604069373,0.113468604069373,TRUE,0,TRUE,TRUE,TRUE
"controlled_permutation","pectinate",50,1,19,"cyclic_shift",16,1,13,1,0.127081912574695,0.127081912574695,TRUE,0,TRUE,TRUE,TRUE
"controlled_permutation","pectinate",50,1,19,"cyclic_shift",16,1,14,1,0.0857618587291041,0.0857618587291041,TRUE,0,TRUE,TRUE,TRUE
"controlled_permutation","pectinate",50,1,19,"cyclic_shift",16,1,15,1,0.123412124578409,0.123412124578409,TRUE,0,TRUE,TRUE,TRUE
"controlled_permutation","pectinate",50,1,19,"cyclic_shift",16,1,16,1,0.0863444625201027,0.0863444625201027,TRUE,0,TRUE,TRUE,TRUE
"controlled_permutation","pectinate",50,1,19,"cyclic_shift",16,1,17,1,0.0841723124327206,0.0841723124327206,TRUE,0,TRUE,TRUE,TRUE
"controlled_permutation","pectinate",50,1,19,"cyclic_shift",16,1,18,1,0.102376540638043,0.102376540638043,TRUE,0,TRUE,TRUE,TRUE
"controlled_permutation","pectinate",50,1,19,"cyclic_shift",16,1,19,1,0.125704106078506,0.125704106078506,TRUE,0,TRUE,TRUE,TRUE
"controlled_permutation","pectinate",50,1,19,"fixed_random",2,1,1,1,0.114786449056142,0.114786449056142,TRUE,0,TRUE,TRUE,TRUE
"controlled_permutation","pectinate",50,1,19,"fixed_random",2,1,2,1,0.0882903529447071,0.0882903529447071,TRUE,0,TRUE,TRUE,TRUE
"controlled_permutation","pectinate",50,1,19,"fixed_random",2,1,3,1,0.179091678946477,0.179091678946477,TRUE,0,TRUE,TRUE,TRUE
"controlled_permutation","pectinate",50,1,19,"fixed_random",2,1,4,1,0.0818331830371831,0.0818331830371831,TRUE,0,TRUE,TRUE,TRUE
"controlled_permutation","pectinate",50,1,19,"fixed_random",2,1,5,1,0.101084828149614,0.101084828149614,TRUE,0,TRUE,TRUE,TRUE
"controlled_permutation","pectinate",50,1,19,"fixed_random",2,1,6,1,0.0824706929517521,0.0824706929517521,TRUE,0,TRUE,TRUE,TRUE
"controlled_permutation","pectinate",50,1,19,"fixed_random",2,1,7,1,0.107104003086199,0.107104003086199,TRUE,0,TRUE,TRUE,TRUE
"controlled_permutation","pectinate",50,1,19,"fixed_random",2,1,8,1,0.150165345566415,0.150165345566415,TRUE,0,TRUE,TRUE,TRUE
"controlled_permutation","pectinate",50,1,19,"fixed_random",2,1,9,1,0.0642687745866621,0.0642687745866621,TRUE,0,TRUE,TRUE,TRUE
"controlled_permutation","pectinate",50,1,19,"fixed_random",2,1,10,1,0.0896605709027604,0.0896605709027604,TRUE,0,TRUE,TRUE,TRUE
"controlled_permutation","pectinate",50,1,19,"fixed_random",2,1,11,1,0.0833133973741077,0.0833133973741077,TRUE,0,TRUE,TRUE,TRUE
"controlled_permutation","pectinate",50,1,19,"fixed_random",2,1,12,1,0.159313849459985,0.159313849459985,TRUE,0,TRUE,TRUE,TRUE
"controlled_permutation","pectinate",50,1,19,"fixed_random",2,1,13,1,0.106347114237758,0.106347114237758,TRUE,0,TRUE,TRUE,TRUE
"controlled_permutation","pectinate",50,1,19,"fixed_random",2,1,14,1,0.136713840884084,0.136713840884084,TRUE,0,TRUE,TRUE,TRUE
"controlled_permutation","pectinate",50,1,19,"fixed_random",2,1,15,1,0.118610986909582,0.118610986909582,TRUE,0,TRUE,TRUE,TRUE
"controlled_permutation","pectinate",50,1,19,"fixed_random",2,1,16,1,0.241809031062516,0.241809031062516,TRUE,0,TRUE,TRUE,TRUE
"controlled_permutation","pectinate",50,1,19,"fixed_random",2,1,17,1,0.074727146907812,0.074727146907812,TRUE,0,TRUE,TRUE,TRUE
"controlled_permutation","pectinate",50,1,19,"fixed_random",2,1,18,1,0.15496401153886,0.15496401153886,TRUE,0,TRUE,TRUE,TRUE
"controlled_permutation","pectinate",50,1,19,"fixed_random",2,1,19,1,0.118045757600721,0.118045757600721,TRUE,0,TRUE,TRUE,TRUE
"controlled_permutation","pectinate",50,1,19,"fixed_random",4,1,1,1,0.114786449056142,0.114786449056142,TRUE,0,TRUE,TRUE,TRUE
"controlled_permutation","pectinate",50,1,19,"fixed_random",4,1,2,1,0.0882903529447071,0.0882903529447071,TRUE,0,TRUE,TRUE,TRUE
"controlled_permutation","pectinate",50,1,19,"fixed_random",4,1,3,1,0.179091678946477,0.179091678946477,TRUE,0,TRUE,TRUE,TRUE
"controlled_permutation","pectinate",50,1,19,"fixed_random",4,1,4,1,0.0818331830371831,0.0818331830371831,TRUE,0,TRUE,TRUE,TRUE
"controlled_permutation","pectinate",50,1,19,"fixed_random",4,1,5,1,0.101084828149614,0.101084828149614,TRUE,0,TRUE,TRUE,TRUE
"controlled_permutation","pectinate",50,1,19,"fixed_random",4,1,6,1,0.0824706929517521,0.0824706929517521,TRUE,0,TRUE,TRUE,TRUE
"controlled_permutation","pectinate",50,1,19,"fixed_random",4,1,7,1,0.107104003086199,0.107104003086199,TRUE,0,TRUE,TRUE,TRUE
"controlled_permutation","pectinate",50,1,19,"fixed_random",4,1,8,1,0.150165345566415,0.150165345566415,TRUE,0,TRUE,TRUE,TRUE
"controlled_permutation","pectinate",50,1,19,"fixed_random",4,1,9,1,0.0642687745866621,0.0642687745866621,TRUE,0,TRUE,TRUE,TRUE
"controlled_permutation","pectinate",50,1,19,"fixed_random",4,1,10,1,0.0896605709027604,0.0896605709027604,TRUE,0,TRUE,TRUE,TRUE
"controlled_permutation","pectinate",50,1,19,"fixed_random",4,1,11,1,0.0833133973741077,0.0833133973741077,TRUE,0,TRUE,TRUE,TRUE
"controlled_permutation","pectinate",50,1,19,"fixed_random",4,1,12,1,0.159313849459985,0.159313849459985,TRUE,0,TRUE,TRUE,TRUE
"controlled_permutation","pectinate",50,1,19,"fixed_random",4,1,13,1,0.106347114237758,0.106347114237758,TRUE,0,TRUE,TRUE,TRUE
"controlled_permutation","pectinate",50,1,19,"fixed_random",4,1,14,1,0.136713840884084,0.136713840884084,TRUE,0,TRUE,TRUE,TRUE
"controlled_permutation","pectinate",50,1,19,"fixed_random",4,1,15,1,0.118610986909582,0.118610986909582,TRUE,0,TRUE,TRUE,TRUE
"controlled_permutation","pectinate",50,1,19,"fixed_random",4,1,16,1,0.241809031062516,0.241809031062516,TRUE,0,TRUE,TRUE,TRUE
"controlled_permutation","pectinate",50,1,19,"fixed_random",4,1,17,1,0.074727146907812,0.074727146907812,TRUE,0,TRUE,TRUE,TRUE
"controlled_permutation","pectinate",50,1,19,"fixed_random",4,1,18,1,0.15496401153886,0.15496401153886,TRUE,0,TRUE,TRUE,TRUE
"controlled_permutation","pectinate",50,1,19,"fixed_random",4,1,19,1,0.118045757600721,0.118045757600721,TRUE,0,TRUE,TRUE,TRUE
"controlled_permutation","pectinate",50,1,19,"fixed_random",8,1,1,1,0.114786449056142,0.114786449056142,TRUE,0,TRUE,TRUE,TRUE
"controlled_permutation","pectinate",50,1,19,"fixed_random",8,1,2,1,0.0882903529447071,0.0882903529447071,TRUE,0,TRUE,TRUE,TRUE
"controlled_permutation","pectinate",50,1,19,"fixed_random",8,1,3,1,0.179091678946477,0.179091678946477,TRUE,0,TRUE,TRUE,TRUE
"controlled_permutation","pectinate",50,1,19,"fixed_random",8,1,4,1,0.0818331830371831,0.0818331830371831,TRUE,0,TRUE,TRUE,TRUE
"controlled_permutation","pectinate",50,1,19,"fixed_random",8,1,5,1,0.101084828149614,0.101084828149614,TRUE,0,TRUE,TRUE,TRUE
"controlled_permutation","pectinate",50,1,19,"fixed_random",8,1,6,1,0.0824706929517521,0.0824706929517521,TRUE,0,TRUE,TRUE,TRUE
"controlled_permutation","pectinate",50,1,19,"fixed_random",8,1,7,1,0.107104003086199,0.107104003086199,TRUE,0,TRUE,TRUE,TRUE
"controlled_permutation","pectinate",50,1,19,"fixed_random",8,1,8,1,0.150165345566415,0.150165345566415,TRUE,0,TRUE,TRUE,TRUE
"controlled_permutation","pectinate",50,1,19,"fixed_random",8,1,9,1,0.0642687745866621,0.0642687745866621,TRUE,0,TRUE,TRUE,TRUE
"controlled_permutation","pectinate",50,1,19,"fixed_random",8,1,10,1,0.0896605709027604,0.0896605709027604,TRUE,0,TRUE,TRUE,TRUE
"controlled_permutation","pectinate",50,1,19,"fixed_random",8,1,11,1,0.0833133973741077,0.0833133973741077,TRUE,0,TRUE,TRUE,TRUE
"controlled_permutation","pectinate",50,1,19,"fixed_random",8,1,12,1,0.159313849459985,0.159313849459985,TRUE,0,TRUE,TRUE,TRUE
"controlled_permutation","pectinate",50,1,19,"fixed_random",8,1,13,1,0.106347114237758,0.106347114237758,TRUE,0,TRUE,TRUE,TRUE
"controlled_permutation","pectinate",50,1,19,"fixed_random",8,1,14,1,0.136713840884084,0.136713840884084,TRUE,0,TRUE,TRUE,TRUE
"controlled_permutation","pectinate",50,1,19,"fixed_random",8,1,15,1,0.118610986909582,0.118610986909582,TRUE,0,TRUE,TRUE,TRUE
"controlled_permutation","pectinate",50,1,19,"fixed_random",8,1,16,1,0.241809031062516,0.241809031062516,TRUE,0,TRUE,TRUE,TRUE
"controlled_permutation","pectinate",50,1,19,"fixed_random",8,1,17,1,0.074727146907812,0.074727146907812,TRUE,0,TRUE,TRUE,TRUE
"controlled_permutation","pectinate",50,1,19,"fixed_random",8,1,18,1,0.15496401153886,0.15496401153886,TRUE,0,TRUE,TRUE,TRUE
"controlled_permutation","pectinate",50,1,19,"fixed_random",8,1,19,1,0.118045757600721,0.118045757600721,TRUE,0,TRUE,TRUE,TRUE
"controlled_permutation","pectinate",50,1,19,"fixed_random",16,1,1,1,0.114786449056142,0.114786449056142,TRUE,0,TRUE,TRUE,TRUE
"controlled_permutation","pectinate",50,1,19,"fixed_random",16,1,2,1,0.0882903529447071,0.0882903529447071,TRUE,0,TRUE,TRUE,TRUE
"controlled_permutation","pectinate",50,1,19,"fixed_random",16,1,3,1,0.179091678946477,0.179091678946477,TRUE,0,TRUE,TRUE,TRUE
"controlled_permutation","pectinate",50,1,19,"fixed_random",16,1,4,1,0.0818331830371831,0.0818331830371831,TRUE,0,TRUE,TRUE,TRUE
"controlled_permutation","pectinate",50,1,19,"fixed_random",16,1,5,1,0.101084828149614,0.101084828149614,TRUE,0,TRUE,TRUE,TRUE
"controlled_permutation","pectinate",50,1,19,"fixed_random",16,1,6,1,0.0824706929517521,0.0824706929517521,TRUE,0,TRUE,TRUE,TRUE
"controlled_permutation","pectinate",50,1,19,"fixed_random",16,1,7,1,0.107104003086199,0.107104003086199,TRUE,0,TRUE,TRUE,TRUE
"controlled_permutation","pectinate",50,1,19,"fixed_random",16,1,8,1,0.150165345566415,0.150165345566415,TRUE,0,TRUE,TRUE,TRUE
"controlled_permutation","pectinate",50,1,19,"fixed_random",16,1,9,1,0.0642687745866621,0.0642687745866621,TRUE,0,TRUE,TRUE,TRUE
"controlled_permutation","pectinate",50,1,19,"fixed_random",16,1,10,1,0.0896605709027604,0.0896605709027604,TRUE,0,TRUE,TRUE,TRUE
"controlled_permutation","pectinate",50,1,19,"fixed_random",16,1,11,1,0.0833133973741077,0.0833133973741077,TRUE,0,TRUE,TRUE,TRUE
"controlled_permutation","pectinate",50,1,19,"fixed_random",16,1,12,1,0.159313849459985,0.159313849459985,TRUE,0,TRUE,TRUE,TRUE
"controlled_permutation","pectinate",50,1,19,"fixed_random",16,1,13,1,0.106347114237758,0.106347114237758,TRUE,0,TRUE,TRUE,TRUE
"controlled_permutation","pectinate",50,1,19,"fixed_random",16,1,14,1,0.136713840884084,0.136713840884084,TRUE,0,TRUE,TRUE,TRUE
"controlled_permutation","pectinate",50,1,19,"fixed_random",16,1,15,1,0.118610986909582,0.118610986909582,TRUE,0,TRUE,TRUE,TRUE
"controlled_permutation","pectinate",50,1,19,"fixed_random",16,1,16,1,0.241809031062516,0.241809031062516,TRUE,0,TRUE,TRUE,TRUE
"controlled_permutation","pectinate",50,1,19,"fixed_random",16,1,17,1,0.074727146907812,0.074727146907812,TRUE,0,TRUE,TRUE,TRUE
"controlled_permutation","pectinate",50,1,19,"fixed_random",16,1,18,1,0.15496401153886,0.15496401153886,TRUE,0,TRUE,TRUE,TRUE
"controlled_permutation","pectinate",50,1,19,"fixed_random",16,1,19,1,0.118045757600721,0.118045757600721,TRUE,0,TRUE,TRUE,TRUE
"controlled_permutation","pectinate",50,1,19,"adversarial",2,1,1,1,0.114786449056142,0.114786449056142,TRUE,0,TRUE,TRUE,TRUE
"controlled_permutation","pectinate",50,1,19,"adversarial",2,1,2,1,0.163196358172254,0.163196358172254,TRUE,0,TRUE,TRUE,TRUE
"controlled_permutation","pectinate",50,1,19,"adversarial",2,1,3,1,0.106263819682929,0.106263819682929,TRUE,0,TRUE,TRUE,TRUE
"controlled_permutation","pectinate",50,1,19,"adversarial",2,1,4,1,0.155994892588706,0.155994892588706,TRUE,0,TRUE,TRUE,TRUE
"controlled_permutation","pectinate",50,1,19,"adversarial",2,1,5,1,0.0921207669210575,0.0921207669210575,TRUE,0,TRUE,TRUE,TRUE
"controlled_permutation","pectinate",50,1,19,"adversarial",2,1,6,1,0.163196358172254,0.163196358172254,TRUE,0,TRUE,TRUE,TRUE
"controlled_permutation","pectinate",50,1,19,"adversarial",2,1,7,1,0.106263819682929,0.106263819682929,TRUE,0,TRUE,TRUE,TRUE
"controlled_permutation","pectinate",50,1,19,"adversarial",2,1,8,1,0.155994892588706,0.155994892588706,TRUE,0,TRUE,TRUE,TRUE
"controlled_permutation","pectinate",50,1,19,"adversarial",2,1,9,1,0.0921207669210575,0.0921207669210575,TRUE,0,TRUE,TRUE,TRUE
"controlled_permutation","pectinate",50,1,19,"adversarial",2,1,10,1,0.163196358172254,0.163196358172254,TRUE,0,TRUE,TRUE,TRUE
"controlled_permutation","pectinate",50,1,19,"adversarial",2,1,11,1,0.106263819682929,0.106263819682929,TRUE,0,TRUE,TRUE,TRUE
"controlled_permutation","pectinate",50,1,19,"adversarial",2,1,12,1,0.155994892588706,0.155994892588706,TRUE,0,TRUE,TRUE,TRUE
"controlled_permutation","pectinate",50,1,19,"adversarial",2,1,13,1,0.0921207669210575,0.0921207669210575,TRUE,0,TRUE,TRUE,TRUE
"controlled_permutation","pectinate",50,1,19,"adversarial",2,1,14,1,0.163196358172254,0.163196358172254,TRUE,0,TRUE,TRUE,TRUE
"controlled_permutation","pectinate",50,1,19,"adversarial",2,1,15,1,0.106263819682929,0.106263819682929,TRUE,0,TRUE,TRUE,TRUE
"controlled_permutation","pectinate",50,1,19,"adversarial",2,1,16,1,0.155994892588706,0.155994892588706,TRUE,0,TRUE,TRUE,TRUE
"controlled_permutation","pectinate",50,1,19,"adversarial",2,1,17,1,0.0921207669210575,0.0921207669210575,TRUE,0,TRUE,TRUE,TRUE
"controlled_permutation","pectinate",50,1,19,"adversarial",2,1,18,1,0.163196358172254,0.163196358172254,TRUE,0,TRUE,TRUE,TRUE
"controlled_permutation","pectinate",50,1,19,"adversarial",2,1,19,1,0.106263819682929,0.106263819682929,TRUE,0,TRUE,TRUE,TRUE
"controlled_permutation","pectinate",50,1,19,"adversarial",4,1,1,1,0.114786449056142,0.114786449056142,TRUE,0,TRUE,TRUE,TRUE
"controlled_permutation","pectinate",50,1,19,"adversarial",4,1,2,1,0.163196358172254,0.163196358172254,TRUE,0,TRUE,TRUE,TRUE
"controlled_permutation","pectinate",50,1,19,"adversarial",4,1,3,1,0.106263819682929,0.106263819682929,TRUE,0,TRUE,TRUE,TRUE
"controlled_permutation","pectinate",50,1,19,"adversarial",4,1,4,1,0.155994892588706,0.155994892588706,TRUE,0,TRUE,TRUE,TRUE
"controlled_permutation","pectinate",50,1,19,"adversarial",4,1,5,1,0.0921207669210575,0.0921207669210575,TRUE,0,TRUE,TRUE,TRUE
"controlled_permutation","pectinate",50,1,19,"adversarial",4,1,6,1,0.163196358172254,0.163196358172254,TRUE,0,TRUE,TRUE,TRUE
"controlled_permutation","pectinate",50,1,19,"adversarial",4,1,7,1,0.106263819682929,0.106263819682929,TRUE,0,TRUE,TRUE,TRUE
"controlled_permutation","pectinate",50,1,19,"adversarial",4,1,8,1,0.155994892588706,0.155994892588706,TRUE,0,TRUE,TRUE,TRUE
"controlled_permutation","pectinate",50,1,19,"adversarial",4,1,9,1,0.0921207669210575,0.0921207669210575,TRUE,0,TRUE,TRUE,TRUE
"controlled_permutation","pectinate",50,1,19,"adversarial",4,1,10,1,0.163196358172254,0.163196358172254,TRUE,0,TRUE,TRUE,TRUE
"controlled_permutation","pectinate",50,1,19,"adversarial",4,1,11,1,0.106263819682929,0.106263819682929,TRUE,0,TRUE,TRUE,TRUE
"controlled_permutation","pectinate",50,1,19,"adversarial",4,1,12,1,0.155994892588706,0.155994892588706,TRUE,0,TRUE,TRUE,TRUE
"controlled_permutation","pectinate",50,1,19,"adversarial",4,1,13,1,0.0921207669210575,0.0921207669210575,TRUE,0,TRUE,TRUE,TRUE
"controlled_permutation","pectinate",50,1,19,"adversarial",4,1,14,1,0.163196358172254,0.163196358172254,TRUE,0,TRUE,TRUE,TRUE
"controlled_permutation","pectinate",50,1,19,"adversarial",4,1,15,1,0.106263819682929,0.106263819682929,TRUE,0,TRUE,TRUE,TRUE
"controlled_permutation","pectinate",50,1,19,"adversarial",4,1,16,1,0.155994892588706,0.155994892588706,TRUE,0,TRUE,TRUE,TRUE
"controlled_permutation","pectinate",50,1,19,"adversarial",4,1,17,1,0.0921207669210575,0.0921207669210575,TRUE,0,TRUE,TRUE,TRUE
"controlled_permutation","pectinate",50,1,19,"adversarial",4,1,18,1,0.163196358172254,0.163196358172254,TRUE,0,TRUE,TRUE,TRUE
"controlled_permutation","pectinate",50,1,19,"adversarial",4,1,19,1,0.106263819682929,0.106263819682929,TRUE,0,TRUE,TRUE,TRUE
"controlled_permutation","pectinate",50,1,19,"adversarial",8,1,1,1,0.114786449056142,0.114786449056142,TRUE,0,TRUE,TRUE,TRUE
"controlled_permutation","pectinate",50,1,19,"adversarial",8,1,2,1,0.163196358172254,0.163196358172254,TRUE,0,TRUE,TRUE,TRUE
"controlled_permutation","pectinate",50,1,19,"adversarial",8,1,3,1,0.106263819682929,0.106263819682929,TRUE,0,TRUE,TRUE,TRUE
"controlled_permutation","pectinate",50,1,19,"adversarial",8,1,4,1,0.155994892588706,0.155994892588706,TRUE,0,TRUE,TRUE,TRUE
"controlled_permutation","pectinate",50,1,19,"adversarial",8,1,5,1,0.0921207669210575,0.0921207669210575,TRUE,0,TRUE,TRUE,TRUE
"controlled_permutation","pectinate",50,1,19,"adversarial",8,1,6,1,0.163196358172254,0.163196358172254,TRUE,0,TRUE,TRUE,TRUE
"controlled_permutation","pectinate",50,1,19,"adversarial",8,1,7,1,0.106263819682929,0.106263819682929,TRUE,0,TRUE,TRUE,TRUE
"controlled_permutation","pectinate",50,1,19,"adversarial",8,1,8,1,0.155994892588706,0.155994892588706,TRUE,0,TRUE,TRUE,TRUE
"controlled_permutation","pectinate",50,1,19,"adversarial",8,1,9,1,0.0921207669210575,0.0921207669210575,TRUE,0,TRUE,TRUE,TRUE
"controlled_permutation","pectinate",50,1,19,"adversarial",8,1,10,1,0.163196358172254,0.163196358172254,TRUE,0,TRUE,TRUE,TRUE
"controlled_permutation","pectinate",50,1,19,"adversarial",8,1,11,1,0.106263819682929,0.106263819682929,TRUE,0,TRUE,TRUE,TRUE
"controlled_permutation","pectinate",50,1,19,"adversarial",8,1,12,1,0.155994892588706,0.155994892588706,TRUE,0,TRUE,TRUE,TRUE
"controlled_permutation","pectinate",50,1,19,"adversarial",8,1,13,1,0.0921207669210575,0.0921207669210575,TRUE,0,TRUE,TRUE,TRUE
"controlled_permutation","pectinate",50,1,19,"adversarial",8,1,14,1,0.163196358172254,0.163196358172254,TRUE,0,TRUE,TRUE,TRUE
"controlled_permutation","pectinate",50,1,19,"adversarial",8,1,15,1,0.106263819682929,0.106263819682929,TRUE,0,TRUE,TRUE,TRUE
"controlled_permutation","pectinate",50,1,19,"adversarial",8,1,16,1,0.155994892588706,0.155994892588706,TRUE,0,TRUE,TRUE,TRUE
"controlled_permutation","pectinate",50,1,19,"adversarial",8,1,17,1,0.0921207669210575,0.0921207669210575,TRUE,0,TRUE,TRUE,TRUE
"controlled_permutation","pectinate",50,1,19,"adversarial",8,1,18,1,0.163196358172254,0.163196358172254,TRUE,0,TRUE,TRUE,TRUE
"controlled_permutation","pectinate",50,1,19,"adversarial",8,1,19,1,0.106263819682929,0.106263819682929,TRUE,0,TRUE,TRUE,TRUE
"controlled_permutation","pectinate",50,1,19,"adversarial",16,1,1,1,0.114786449056142,0.114786449056142,TRUE,0,TRUE,TRUE,TRUE
"controlled_permutation","pectinate",50,1,19,"adversarial",16,1,2,1,0.163196358172254,0.163196358172254,TRUE,0,TRUE,TRUE,TRUE
"controlled_permutation","pectinate",50,1,19,"adversarial",16,1,3,1,0.106263819682929,0.106263819682929,TRUE,0,TRUE,TRUE,TRUE
"controlled_permutation","pectinate",50,1,19,"adversarial",16,1,4,1,0.155994892588706,0.155994892588706,TRUE,0,TRUE,TRUE,TRUE
"controlled_permutation","pectinate",50,1,19,"adversarial",16,1,5,1,0.0921207669210575,0.0921207669210575,TRUE,0,TRUE,TRUE,TRUE
"controlled_permutation","pectinate",50,1,19,"adversarial",16,1,6,1,0.163196358172254,0.163196358172254,TRUE,0,TRUE,TRUE,TRUE
"controlled_permutation","pectinate",50,1,19,"adversarial",16,1,7,1,0.106263819682929,0.106263819682929,TRUE,0,TRUE,TRUE,TRUE
"controlled_permutation","pectinate",50,1,19,"adversarial",16,1,8,1,0.155994892588706,0.155994892588706,TRUE,0,TRUE,TRUE,TRUE
"controlled_permutation","pectinate",50,1,19,"adversarial",16,1,9,1,0.0921207669210575,0.0921207669210575,TRUE,0,TRUE,TRUE,TRUE
"controlled_permutation","pectinate",50,1,19,"adversarial",16,1,10,1,0.163196358172254,0.163196358172254,TRUE,0,TRUE,TRUE,TRUE
"controlled_permutation","pectinate",50,1,19,"adversarial",16,1,11,1,0.106263819682929,0.106263819682929,TRUE,0,TRUE,TRUE,TRUE
"controlled_permutation","pectinate",50,1,19,"adversarial",16,1,12,1,0.155994892588706,0.155994892588706,TRUE,0,TRUE,TRUE,TRUE
"controlled_permutation","pectinate",50,1,19,"adversarial",16,1,13,1,0.0921207669210575,0.0921207669210575,TRUE,0,TRUE,TRUE,TRUE
"controlled_permutation","pectinate",50,1,19,"adversarial",16,1,14,1,0.163196358172254,0.163196358172254,TRUE,0,TRUE,TRUE,TRUE
"controlled_permutation","pectinate",50,1,19,"adversarial",16,1,15,1,0.106263819682929,0.106263819682929,TRUE,0,TRUE,TRUE,TRUE
"controlled_permutation","pectinate",50,1,19,"adversarial",16,1,16,1,0.155994892588706,0.155994892588706,TRUE,0,TRUE,TRUE,TRUE
"controlled_permutation","pectinate",50,1,19,"adversarial",16,1,17,1,0.0921207669210575,0.0921207669210575,TRUE,0,TRUE,TRUE,TRUE
"controlled_permutation","pectinate",50,1,19,"adversarial",16,1,18,1,0.163196358172254,0.163196358172254,TRUE,0,TRUE,TRUE,TRUE
"controlled_permutation","pectinate",50,1,19,"adversarial",16,1,19,1,0.106263819682929,0.106263819682929,TRUE,0,TRUE,TRUE,TRUE
"controlled_permutation","pectinate",500,1,19,"identity",2,1,1,1,0.0271412931761383,0.0271412931761383,TRUE,0,TRUE,TRUE,TRUE
"controlled_permutation","pectinate",500,1,19,"identity",2,1,2,1,0.0271412931761383,0.0271412931761383,TRUE,0,TRUE,TRUE,TRUE
"controlled_permutation","pectinate",500,1,19,"identity",2,1,3,1,0.0271412931761383,0.0271412931761383,TRUE,0,TRUE,TRUE,TRUE
"controlled_permutation","pectinate",500,1,19,"identity",2,1,4,1,0.0271412931761383,0.0271412931761383,TRUE,0,TRUE,TRUE,TRUE
"controlled_permutation","pectinate",500,1,19,"identity",2,1,5,1,0.0271412931761383,0.0271412931761383,TRUE,0,TRUE,TRUE,TRUE
"controlled_permutation","pectinate",500,1,19,"identity",2,1,6,1,0.0271412931761383,0.0271412931761383,TRUE,0,TRUE,TRUE,TRUE
"controlled_permutation","pectinate",500,1,19,"identity",2,1,7,1,0.0271412931761383,0.0271412931761383,TRUE,0,TRUE,TRUE,TRUE
"controlled_permutation","pectinate",500,1,19,"identity",2,1,8,1,0.0271412931761383,0.0271412931761383,TRUE,0,TRUE,TRUE,TRUE
"controlled_permutation","pectinate",500,1,19,"identity",2,1,9,1,0.0271412931761383,0.0271412931761383,TRUE,0,TRUE,TRUE,TRUE
"controlled_permutation","pectinate",500,1,19,"identity",2,1,10,1,0.0271412931761383,0.0271412931761383,TRUE,0,TRUE,TRUE,TRUE
"controlled_permutation","pectinate",500,1,19,"identity",2,1,11,1,0.0271412931761383,0.0271412931761383,TRUE,0,TRUE,TRUE,TRUE
"controlled_permutation","pectinate",500,1,19,"identity",2,1,12,1,0.0271412931761383,0.0271412931761383,TRUE,0,TRUE,TRUE,TRUE
"controlled_permutation","pectinate",500,1,19,"identity",2,1,13,1,0.0271412931761383,0.0271412931761383,TRUE,0,TRUE,TRUE,TRUE
"controlled_permutation","pectinate",500,1,19,"identity",2,1,14,1,0.0271412931761383,0.0271412931761383,TRUE,0,TRUE,TRUE,TRUE
"controlled_permutation","pectinate",500,1,19,"identity",2,1,15,1,0.0271412931761383,0.0271412931761383,TRUE,0,TRUE,TRUE,TRUE
"controlled_permutation","pectinate",500,1,19,"identity",2,1,16,1,0.0271412931761383,0.0271412931761383,TRUE,0,TRUE,TRUE,TRUE
"controlled_permutation","pectinate",500,1,19,"identity",2,1,17,1,0.0271412931761383,0.0271412931761383,TRUE,0,TRUE,TRUE,TRUE
"controlled_permutation","pectinate",500,1,19,"identity",2,1,18,1,0.0271412931761383,0.0271412931761383,TRUE,0,TRUE,TRUE,TRUE
"controlled_permutation","pectinate",500,1,19,"identity",2,1,19,1,0.0271412931761383,0.0271412931761383,TRUE,0,TRUE,TRUE,TRUE
"controlled_permutation","pectinate",500,1,19,"identity",4,1,1,1,0.0271412931761383,0.0271412931761383,TRUE,0,TRUE,TRUE,TRUE
"controlled_permutation","pectinate",500,1,19,"identity",4,1,2,1,0.0271412931761383,0.0271412931761383,TRUE,0,TRUE,TRUE,TRUE
"controlled_permutation","pectinate",500,1,19,"identity",4,1,3,1,0.0271412931761383,0.0271412931761383,TRUE,0,TRUE,TRUE,TRUE
"controlled_permutation","pectinate",500,1,19,"identity",4,1,4,1,0.0271412931761383,0.0271412931761383,TRUE,0,TRUE,TRUE,TRUE
"controlled_permutation","pectinate",500,1,19,"identity",4,1,5,1,0.0271412931761383,0.0271412931761383,TRUE,0,TRUE,TRUE,TRUE
"controlled_permutation","pectinate",500,1,19,"identity",4,1,6,1,0.0271412931761383,0.0271412931761383,TRUE,0,TRUE,TRUE,TRUE
"controlled_permutation","pectinate",500,1,19,"identity",4,1,7,1,0.0271412931761383,0.0271412931761383,TRUE,0,TRUE,TRUE,TRUE
"controlled_permutation","pectinate",500,1,19,"identity",4,1,8,1,0.0271412931761383,0.0271412931761383,TRUE,0,TRUE,TRUE,TRUE
"controlled_permutation","pectinate",500,1,19,"identity",4,1,9,1,0.0271412931761383,0.0271412931761383,TRUE,0,TRUE,TRUE,TRUE
"controlled_permutation","pectinate",500,1,19,"identity",4,1,10,1,0.0271412931761383,0.0271412931761383,TRUE,0,TRUE,TRUE,TRUE
"controlled_permutation","pectinate",500,1,19,"identity",4,1,11,1,0.0271412931761383,0.0271412931761383,TRUE,0,TRUE,TRUE,TRUE
"controlled_permutation","pectinate",500,1,19,"identity",4,1,12,1,0.0271412931761383,0.0271412931761383,TRUE,0,TRUE,TRUE,TRUE
"controlled_permutation","pectinate",500,1,19,"identity",4,1,13,1,0.0271412931761383,0.0271412931761383,TRUE,0,TRUE,TRUE,TRUE
"controlled_permutation","pectinate",500,1,19,"identity",4,1,14,1,0.0271412931761383,0.0271412931761383,TRUE,0,TRUE,TRUE,TRUE
"controlled_permutation","pectinate",500,1,19,"identity",4,1,15,1,0.0271412931761383,0.0271412931761383,TRUE,0,TRUE,TRUE,TRUE
"controlled_permutation","pectinate",500,1,19,"identity",4,1,16,1,0.0271412931761383,0.0271412931761383,TRUE,0,TRUE,TRUE,TRUE
"controlled_permutation","pectinate",500,1,19,"identity",4,1,17,1,0.0271412931761383,0.0271412931761383,TRUE,0,TRUE,TRUE,TRUE
"controlled_permutation","pectinate",500,1,19,"identity",4,1,18,1,0.0271412931761383,0.0271412931761383,TRUE,0,TRUE,TRUE,TRUE
"controlled_permutation","pectinate",500,1,19,"identity",4,1,19,1,0.0271412931761383,0.0271412931761383,TRUE,0,TRUE,TRUE,TRUE
"controlled_permutation","pectinate",500,1,19,"identity",8,1,1,1,0.0271412931761383,0.0271412931761383,TRUE,0,TRUE,TRUE,TRUE
"controlled_permutation","pectinate",500,1,19,"identity",8,1,2,1,0.0271412931761383,0.0271412931761383,TRUE,0,TRUE,TRUE,TRUE
"controlled_permutation","pectinate",500,1,19,"identity",8,1,3,1,0.0271412931761383,0.0271412931761383,TRUE,0,TRUE,TRUE,TRUE
"controlled_permutation","pectinate",500,1,19,"identity",8,1,4,1,0.0271412931761383,0.0271412931761383,TRUE,0,TRUE,TRUE,TRUE
"controlled_permutation","pectinate",500,1,19,"identity",8,1,5,1,0.0271412931761383,0.0271412931761383,TRUE,0,TRUE,TRUE,TRUE
"controlled_permutation","pectinate",500,1,19,"identity",8,1,6,1,0.0271412931761383,0.0271412931761383,TRUE,0,TRUE,TRUE,TRUE
"controlled_permutation","pectinate",500,1,19,"identity",8,1,7,1,0.0271412931761383,0.0271412931761383,TRUE,0,TRUE,TRUE,TRUE
"controlled_permutation","pectinate",500,1,19,"identity",8,1,8,1,0.0271412931761383,0.0271412931761383,TRUE,0,TRUE,TRUE,TRUE
"controlled_permutation","pectinate",500,1,19,"identity",8,1,9,1,0.0271412931761383,0.0271412931761383,TRUE,0,TRUE,TRUE,TRUE
"controlled_permutation","pectinate",500,1,19,"identity",8,1,10,1,0.0271412931761383,0.0271412931761383,TRUE,0,TRUE,TRUE,TRUE
"controlled_permutation","pectinate",500,1,19,"identity",8,1,11,1,0.0271412931761383,0.0271412931761383,TRUE,0,TRUE,TRUE,TRUE
"controlled_permutation","pectinate",500,1,19,"identity",8,1,12,1,0.0271412931761383,0.0271412931761383,TRUE,0,TRUE,TRUE,TRUE
"controlled_permutation","pectinate",500,1,19,"identity",8,1,13,1,0.0271412931761383,0.0271412931761383,TRUE,0,TRUE,TRUE,TRUE
"controlled_permutation","pectinate",500,1,19,"identity",8,1,14,1,0.0271412931761383,0.0271412931761383,TRUE,0,TRUE,TRUE,TRUE
"controlled_permutation","pectinate",500,1,19,"identity",8,1,15,1,0.0271412931761383,0.0271412931761383,TRUE,0,TRUE,TRUE,TRUE
"controlled_permutation","pectinate",500,1,19,"identity",8,1,16,1,0.0271412931761383,0.0271412931761383,TRUE,0,TRUE,TRUE,TRUE
"controlled_permutation","pectinate",500,1,19,"identity",8,1,17,1,0.0271412931761383,0.0271412931761383,TRUE,0,TRUE,TRUE,TRUE
"controlled_permutation","pectinate",500,1,19,"identity",8,1,18,1,0.0271412931761383,0.0271412931761383,TRUE,0,TRUE,TRUE,TRUE
"controlled_permutation","pectinate",500,1,19,"identity",8,1,19,1,0.0271412931761383,0.0271412931761383,TRUE,0,TRUE,TRUE,TRUE
"controlled_permutation","pectinate",500,1,19,"identity",16,1,1,1,0.0271412931761383,0.0271412931761383,TRUE,0,TRUE,TRUE,TRUE
"controlled_permutation","pectinate",500,1,19,"identity",16,1,2,1,0.0271412931761383,0.0271412931761383,TRUE,0,TRUE,TRUE,TRUE
"controlled_permutation","pectinate",500,1,19,"identity",16,1,3,1,0.0271412931761383,0.0271412931761383,TRUE,0,TRUE,TRUE,TRUE
"controlled_permutation","pectinate",500,1,19,"identity",16,1,4,1,0.0271412931761383,0.0271412931761383,TRUE,0,TRUE,TRUE,TRUE
"controlled_permutation","pectinate",500,1,19,"identity",16,1,5,1,0.0271412931761383,0.0271412931761383,TRUE,0,TRUE,TRUE,TRUE
"controlled_permutation","pectinate",500,1,19,"identity",16,1,6,1,0.0271412931761383,0.0271412931761383,TRUE,0,TRUE,TRUE,TRUE
"controlled_permutation","pectinate",500,1,19,"identity",16,1,7,1,0.0271412931761383,0.0271412931761383,TRUE,0,TRUE,TRUE,TRUE
"controlled_permutation","pectinate",500,1,19,"identity",16,1,8,1,0.0271412931761383,0.0271412931761383,TRUE,0,TRUE,TRUE,TRUE
"controlled_permutation","pectinate",500,1,19,"identity",16,1,9,1,0.0271412931761383,0.0271412931761383,TRUE,0,TRUE,TRUE,TRUE
"controlled_permutation","pectinate",500,1,19,"identity",16,1,10,1,0.0271412931761383,0.0271412931761383,TRUE,0,TRUE,TRUE,TRUE
"controlled_permutation","pectinate",500,1,19,"identity",16,1,11,1,0.0271412931761383,0.0271412931761383,TRUE,0,TRUE,TRUE,TRUE
"controlled_permutation","pectinate",500,1,19,"identity",16,1,12,1,0.0271412931761383,0.0271412931761383,TRUE,0,TRUE,TRUE,TRUE
"controlled_permutation","pectinate",500,1,19,"identity",16,1,13,1,0.0271412931761383,0.0271412931761383,TRUE,0,TRUE,TRUE,TRUE
"controlled_permutation","pectinate",500,1,19,"identity",16,1,14,1,0.0271412931761383,0.0271412931761383,TRUE,0,TRUE,TRUE,TRUE
"controlled_permutation","pectinate",500,1,19,"identity",16,1,15,1,0.0271412931761383,0.0271412931761383,TRUE,0,TRUE,TRUE,TRUE
"controlled_permutation","pectinate",500,1,19,"identity",16,1,16,1,0.0271412931761383,0.0271412931761383,TRUE,0,TRUE,TRUE,TRUE
"controlled_permutation","pectinate",500,1,19,"identity",16,1,17,1,0.0271412931761383,0.0271412931761383,TRUE,0,TRUE,TRUE,TRUE
"controlled_permutation","pectinate",500,1,19,"identity",16,1,18,1,0.0271412931761383,0.0271412931761383,TRUE,0,TRUE,TRUE,TRUE
"controlled_permutation","pectinate",500,1,19,"identity",16,1,19,1,0.0271412931761383,0.0271412931761383,TRUE,0,TRUE,TRUE,TRUE
"controlled_permutation","pectinate",500,1,19,"single_swap",2,1,1,1,0.0271412931761383,0.0271412931761383,TRUE,0,TRUE,TRUE,TRUE
"controlled_permutation","pectinate",500,1,19,"single_swap",2,1,2,1,0.0107349630005428,0.0107349630005428,TRUE,0,TRUE,TRUE,TRUE
"controlled_permutation","pectinate",500,1,19,"single_swap",2,1,3,1,0.0328241522923385,0.0328241522923385,TRUE,0,TRUE,TRUE,TRUE
"controlled_permutation","pectinate",500,1,19,"single_swap",2,1,4,1,0.023814051142848,0.023814051142848,TRUE,0,TRUE,TRUE,TRUE
"controlled_permutation","pectinate",500,1,19,"single_swap",2,1,5,1,0.0293697231741973,0.0293697231741973,TRUE,0,TRUE,TRUE,TRUE
"controlled_permutation","pectinate",500,1,19,"single_swap",2,1,6,1,0.0266801075193605,0.0266801075193605,TRUE,0,TRUE,TRUE,TRUE
"controlled_permutation","pectinate",500,1,19,"single_swap",2,1,7,1,0.0272356725969128,0.0272356725969128,TRUE,0,TRUE,TRUE,TRUE
"controlled_permutation","pectinate",500,1,19,"single_swap",2,1,8,1,0.0272459871079738,0.0272459871079738,TRUE,0,TRUE,TRUE,TRUE
"controlled_permutation","pectinate",500,1,19,"single_swap",2,1,9,1,0.0269879719850868,0.0269879719850868,TRUE,0,TRUE,TRUE,TRUE
"controlled_permutation","pectinate",500,1,19,"single_swap",2,1,10,1,0.0271089581935123,0.0271089581935123,TRUE,0,TRUE,TRUE,TRUE
"controlled_permutation","pectinate",500,1,19,"single_swap",2,1,11,1,0.0271370116001154,0.0271370116001154,TRUE,0,TRUE,TRUE,TRUE
"controlled_permutation","pectinate",500,1,19,"single_swap",2,1,12,1,0.0271497796361411,0.0271497796361411,TRUE,0,TRUE,TRUE,TRUE
"controlled_permutation","pectinate",500,1,19,"single_swap",2,1,13,1,0.0271355471801503,0.0271355471801503,TRUE,0,TRUE,TRUE,TRUE
"controlled_permutation","pectinate",500,1,19,"single_swap",2,1,14,1,0.0272128712397659,0.0272128712397659,TRUE,0,TRUE,TRUE,TRUE
"controlled_permutation","pectinate",500,1,19,"single_swap",2,1,15,1,0.0270233306387426,0.0270233306387426,TRUE,0,TRUE,TRUE,TRUE
"controlled_permutation","pectinate",500,1,19,"single_swap",2,1,16,1,0.0272127763131683,0.0272127763131683,TRUE,0,TRUE,TRUE,TRUE
"controlled_permutation","pectinate",500,1,19,"single_swap",2,1,17,1,0.0271233414891937,0.0271233414891937,TRUE,0,TRUE,TRUE,TRUE
"controlled_permutation","pectinate",500,1,19,"single_swap",2,1,18,1,0.027123289387355,0.027123289387355,TRUE,0,TRUE,TRUE,TRUE
"controlled_permutation","pectinate",500,1,19,"single_swap",2,1,19,1,0.0271424568044312,0.0271424568044312,TRUE,0,TRUE,TRUE,TRUE
"controlled_permutation","pectinate",500,1,19,"single_swap",4,1,1,1,0.0271412931761383,0.0271412931761383,TRUE,0,TRUE,TRUE,TRUE
"controlled_permutation","pectinate",500,1,19,"single_swap",4,1,2,1,0.0107349630005428,0.0107349630005428,TRUE,0,TRUE,TRUE,TRUE
"controlled_permutation","pectinate",500,1,19,"single_swap",4,1,3,1,0.0328241522923385,0.0328241522923385,TRUE,0,TRUE,TRUE,TRUE
"controlled_permutation","pectinate",500,1,19,"single_swap",4,1,4,1,0.023814051142848,0.023814051142848,TRUE,0,TRUE,TRUE,TRUE
"controlled_permutation","pectinate",500,1,19,"single_swap",4,1,5,1,0.0293697231741973,0.0293697231741973,TRUE,0,TRUE,TRUE,TRUE
"controlled_permutation","pectinate",500,1,19,"single_swap",4,1,6,1,0.0266801075193605,0.0266801075193605,TRUE,0,TRUE,TRUE,TRUE
"controlled_permutation","pectinate",500,1,19,"single_swap",4,1,7,1,0.0272356725969128,0.0272356725969128,TRUE,0,TRUE,TRUE,TRUE
"controlled_permutation","pectinate",500,1,19,"single_swap",4,1,8,1,0.0272459871079738,0.0272459871079738,TRUE,0,TRUE,TRUE,TRUE
"controlled_permutation","pectinate",500,1,19,"single_swap",4,1,9,1,0.0269879719850868,0.0269879719850868,TRUE,0,TRUE,TRUE,TRUE
"controlled_permutation","pectinate",500,1,19,"single_swap",4,1,10,1,0.0271089581935123,0.0271089581935123,TRUE,0,TRUE,TRUE,TRUE
"controlled_permutation","pectinate",500,1,19,"single_swap",4,1,11,1,0.0271370116001154,0.0271370116001154,TRUE,0,TRUE,TRUE,TRUE
"controlled_permutation","pectinate",500,1,19,"single_swap",4,1,12,1,0.0271497796361411,0.0271497796361411,TRUE,0,TRUE,TRUE,TRUE
"controlled_permutation","pectinate",500,1,19,"single_swap",4,1,13,1,0.0271355471801503,0.0271355471801503,TRUE,0,TRUE,TRUE,TRUE
"controlled_permutation","pectinate",500,1,19,"single_swap",4,1,14,1,0.0272128712397659,0.0272128712397659,TRUE,0,TRUE,TRUE,TRUE
"controlled_permutation","pectinate",500,1,19,"single_swap",4,1,15,1,0.0270233306387426,0.0270233306387426,TRUE,0,TRUE,TRUE,TRUE
"controlled_permutation","pectinate",500,1,19,"single_swap",4,1,16,1,0.0272127763131683,0.0272127763131683,TRUE,0,TRUE,TRUE,TRUE
"controlled_permutation","pectinate",500,1,19,"single_swap",4,1,17,1,0.0271233414891937,0.0271233414891937,TRUE,0,TRUE,TRUE,TRUE
"controlled_permutation","pectinate",500,1,19,"single_swap",4,1,18,1,0.027123289387355,0.027123289387355,TRUE,0,TRUE,TRUE,TRUE
"controlled_permutation","pectinate",500,1,19,"single_swap",4,1,19,1,0.0271424568044312,0.0271424568044312,TRUE,0,TRUE,TRUE,TRUE
"controlled_permutation","pectinate",500,1,19,"single_swap",8,1,1,1,0.0271412931761383,0.0271412931761383,TRUE,0,TRUE,TRUE,TRUE
"controlled_permutation","pectinate",500,1,19,"single_swap",8,1,2,1,0.0107349630005428,0.0107349630005428,TRUE,0,TRUE,TRUE,TRUE
"controlled_permutation","pectinate",500,1,19,"single_swap",8,1,3,1,0.0328241522923385,0.0328241522923385,TRUE,0,TRUE,TRUE,TRUE
"controlled_permutation","pectinate",500,1,19,"single_swap",8,1,4,1,0.023814051142848,0.023814051142848,TRUE,0,TRUE,TRUE,TRUE
"controlled_permutation","pectinate",500,1,19,"single_swap",8,1,5,1,0.0293697231741973,0.0293697231741973,TRUE,0,TRUE,TRUE,TRUE
"controlled_permutation","pectinate",500,1,19,"single_swap",8,1,6,1,0.0266801075193605,0.0266801075193605,TRUE,0,TRUE,TRUE,TRUE
"controlled_permutation","pectinate",500,1,19,"single_swap",8,1,7,1,0.0272356725969128,0.0272356725969128,TRUE,0,TRUE,TRUE,TRUE
"controlled_permutation","pectinate",500,1,19,"single_swap",8,1,8,1,0.0272459871079738,0.0272459871079738,TRUE,0,TRUE,TRUE,TRUE
"controlled_permutation","pectinate",500,1,19,"single_swap",8,1,9,1,0.0269879719850868,0.0269879719850868,TRUE,0,TRUE,TRUE,TRUE
"controlled_permutation","pectinate",500,1,19,"single_swap",8,1,10,1,0.0271089581935123,0.0271089581935123,TRUE,0,TRUE,TRUE,TRUE
"controlled_permutation","pectinate",500,1,19,"single_swap",8,1,11,1,0.0271370116001154,0.0271370116001154,TRUE,0,TRUE,TRUE,TRUE
"controlled_permutation","pectinate",500,1,19,"single_swap",8,1,12,1,0.0271497796361411,0.0271497796361411,TRUE,0,TRUE,TRUE,TRUE
"controlled_permutation","pectinate",500,1,19,"single_swap",8,1,13,1,0.0271355471801503,0.0271355471801503,TRUE,0,TRUE,TRUE,TRUE
"controlled_permutation","pectinate",500,1,19,"single_swap",8,1,14,1,0.0272128712397659,0.0272128712397659,TRUE,0,TRUE,TRUE,TRUE
"controlled_permutation","pectinate",500,1,19,"single_swap",8,1,15,1,0.0270233306387426,0.0270233306387426,TRUE,0,TRUE,TRUE,TRUE
"controlled_permutation","pectinate",500,1,19,"single_swap",8,1,16,1,0.0272127763131683,0.0272127763131683,TRUE,0,TRUE,TRUE,TRUE
"controlled_permutation","pectinate",500,1,19,"single_swap",8,1,17,1,0.0271233414891937,0.0271233414891937,TRUE,0,TRUE,TRUE,TRUE
"controlled_permutation","pectinate",500,1,19,"single_swap",8,1,18,1,0.027123289387355,0.027123289387355,TRUE,0,TRUE,TRUE,TRUE
"controlled_permutation","pectinate",500,1,19,"single_swap",8,1,19,1,0.0271424568044312,0.0271424568044312,TRUE,0,TRUE,TRUE,TRUE
"controlled_permutation","pectinate",500,1,19,"single_swap",16,1,1,1,0.0271412931761383,0.0271412931761383,TRUE,0,TRUE,TRUE,TRUE
"controlled_permutation","pectinate",500,1,19,"single_swap",16,1,2,1,0.0107349630005428,0.0107349630005428,TRUE,0,TRUE,TRUE,TRUE
"controlled_permutation","pectinate",500,1,19,"single_swap",16,1,3,1,0.0328241522923385,0.0328241522923385,TRUE,0,TRUE,TRUE,TRUE
"controlled_permutation","pectinate",500,1,19,"single_swap",16,1,4,1,0.023814051142848,0.023814051142848,TRUE,0,TRUE,TRUE,TRUE
"controlled_permutation","pectinate",500,1,19,"single_swap",16,1,5,1,0.0293697231741973,0.0293697231741973,TRUE,0,TRUE,TRUE,TRUE
"controlled_permutation","pectinate",500,1,19,"single_swap",16,1,6,1,0.0266801075193605,0.0266801075193605,TRUE,0,TRUE,TRUE,TRUE
"controlled_permutation","pectinate",500,1,19,"single_swap",16,1,7,1,0.0272356725969128,0.0272356725969128,TRUE,0,TRUE,TRUE,TRUE
"controlled_permutation","pectinate",500,1,19,"single_swap",16,1,8,1,0.0272459871079738,0.0272459871079738,TRUE,0,TRUE,TRUE,TRUE
"controlled_permutation","pectinate",500,1,19,"single_swap",16,1,9,1,0.0269879719850868,0.0269879719850868,TRUE,0,TRUE,TRUE,TRUE
"controlled_permutation","pectinate",500,1,19,"single_swap",16,1,10,1,0.0271089581935123,0.0271089581935123,TRUE,0,TRUE,TRUE,TRUE
"controlled_permutation","pectinate",500,1,19,"single_swap",16,1,11,1,0.0271370116001154,0.0271370116001154,TRUE,0,TRUE,TRUE,TRUE
"controlled_permutation","pectinate",500,1,19,"single_swap",16,1,12,1,0.0271497796361411,0.0271497796361411,TRUE,0,TRUE,TRUE,TRUE
"controlled_permutation","pectinate",500,1,19,"single_swap",16,1,13,1,0.0271355471801503,0.0271355471801503,TRUE,0,TRUE,TRUE,TRUE
"controlled_permutation","pectinate",500,1,19,"single_swap",16,1,14,1,0.0272128712397659,0.0272128712397659,TRUE,0,TRUE,TRUE,TRUE
"controlled_permutation","pectinate",500,1,19,"single_swap",16,1,15,1,0.0270233306387426,0.0270233306387426,TRUE,0,TRUE,TRUE,TRUE
"controlled_permutation","pectinate",500,1,19,"single_swap",16,1,16,1,0.0272127763131683,0.0272127763131683,TRUE,0,TRUE,TRUE,TRUE
"controlled_permutation","pectinate",500,1,19,"single_swap",16,1,17,1,0.0271233414891937,0.0271233414891937,TRUE,0,TRUE,TRUE,TRUE
"controlled_permutation","pectinate",500,1,19,"single_swap",16,1,18,1,0.027123289387355,0.027123289387355,TRUE,0,TRUE,TRUE,TRUE
"controlled_permutation","pectinate",500,1,19,"single_swap",16,1,19,1,0.0271424568044312,0.0271424568044312,TRUE,0,TRUE,TRUE,TRUE
"controlled_permutation","pectinate",500,1,19,"reverse",2,1,1,1,0.0271412931761383,0.0271412931761383,TRUE,0,TRUE,TRUE,TRUE
"controlled_permutation","pectinate",500,1,19,"reverse",2,1,2,1,0.0101440743261515,0.0101440743261515,TRUE,0,TRUE,TRUE,TRUE
"controlled_permutation","pectinate",500,1,19,"reverse",2,1,3,1,0.0101440743261515,0.0101440743261515,TRUE,0,TRUE,TRUE,TRUE
"controlled_permutation","pectinate",500,1,19,"reverse",2,1,4,1,0.0101440743261515,0.0101440743261515,TRUE,0,TRUE,TRUE,TRUE
"controlled_permutation","pectinate",500,1,19,"reverse",2,1,5,1,0.0101440743261515,0.0101440743261515,TRUE,0,TRUE,TRUE,TRUE
"controlled_permutation","pectinate",500,1,19,"reverse",2,1,6,1,0.0101440743261515,0.0101440743261515,TRUE,0,TRUE,TRUE,TRUE
"controlled_permutation","pectinate",500,1,19,"reverse",2,1,7,1,0.0101440743261515,0.0101440743261515,TRUE,0,TRUE,TRUE,TRUE
"controlled_permutation","pectinate",500,1,19,"reverse",2,1,8,1,0.0101440743261515,0.0101440743261515,TRUE,0,TRUE,TRUE,TRUE
"controlled_permutation","pectinate",500,1,19,"reverse",2,1,9,1,0.0101440743261515,0.0101440743261515,TRUE,0,TRUE,TRUE,TRUE
"controlled_permutation","pectinate",500,1,19,"reverse",2,1,10,1,0.0101440743261515,0.0101440743261515,TRUE,0,TRUE,TRUE,TRUE
"controlled_permutation","pectinate",500,1,19,"reverse",2,1,11,1,0.0101440743261515,0.0101440743261515,TRUE,0,TRUE,TRUE,TRUE
"controlled_permutation","pectinate",500,1,19,"reverse",2,1,12,1,0.0101440743261515,0.0101440743261515,TRUE,0,TRUE,TRUE,TRUE
"controlled_permutation","pectinate",500,1,19,"reverse",2,1,13,1,0.0101440743261515,0.0101440743261515,TRUE,0,TRUE,TRUE,TRUE
"controlled_permutation","pectinate",500,1,19,"reverse",2,1,14,1,0.0101440743261515,0.0101440743261515,TRUE,0,TRUE,TRUE,TRUE
"controlled_permutation","pectinate",500,1,19,"reverse",2,1,15,1,0.0101440743261515,0.0101440743261515,TRUE,0,TRUE,TRUE,TRUE
"controlled_permutation","pectinate",500,1,19,"reverse",2,1,16,1,0.0101440743261515,0.0101440743261515,TRUE,0,TRUE,TRUE,TRUE
"controlled_permutation","pectinate",500,1,19,"reverse",2,1,17,1,0.0101440743261515,0.0101440743261515,TRUE,0,TRUE,TRUE,TRUE
"controlled_permutation","pectinate",500,1,19,"reverse",2,1,18,1,0.0101440743261515,0.0101440743261515,TRUE,0,TRUE,TRUE,TRUE
"controlled_permutation","pectinate",500,1,19,"reverse",2,1,19,1,0.0101440743261515,0.0101440743261515,TRUE,0,TRUE,TRUE,TRUE
"controlled_permutation","pectinate",500,1,19,"reverse",4,1,1,1,0.0271412931761383,0.0271412931761383,TRUE,0,TRUE,TRUE,TRUE
"controlled_permutation","pectinate",500,1,19,"reverse",4,1,2,1,0.0101440743261515,0.0101440743261515,TRUE,0,TRUE,TRUE,TRUE
"controlled_permutation","pectinate",500,1,19,"reverse",4,1,3,1,0.0101440743261515,0.0101440743261515,TRUE,0,TRUE,TRUE,TRUE
"controlled_permutation","pectinate",500,1,19,"reverse",4,1,4,1,0.0101440743261515,0.0101440743261515,TRUE,0,TRUE,TRUE,TRUE
"controlled_permutation","pectinate",500,1,19,"reverse",4,1,5,1,0.0101440743261515,0.0101440743261515,TRUE,0,TRUE,TRUE,TRUE
"controlled_permutation","pectinate",500,1,19,"reverse",4,1,6,1,0.0101440743261515,0.0101440743261515,TRUE,0,TRUE,TRUE,TRUE
"controlled_permutation","pectinate",500,1,19,"reverse",4,1,7,1,0.0101440743261515,0.0101440743261515,TRUE,0,TRUE,TRUE,TRUE
"controlled_permutation","pectinate",500,1,19,"reverse",4,1,8,1,0.0101440743261515,0.0101440743261515,TRUE,0,TRUE,TRUE,TRUE
"controlled_permutation","pectinate",500,1,19,"reverse",4,1,9,1,0.0101440743261515,0.0101440743261515,TRUE,0,TRUE,TRUE,TRUE
"controlled_permutation","pectinate",500,1,19,"reverse",4,1,10,1,0.0101440743261515,0.0101440743261515,TRUE,0,TRUE,TRUE,TRUE
"controlled_permutation","pectinate",500,1,19,"reverse",4,1,11,1,0.0101440743261515,0.0101440743261515,TRUE,0,TRUE,TRUE,TRUE
"controlled_permutation","pectinate",500,1,19,"reverse",4,1,12,1,0.0101440743261515,0.0101440743261515,TRUE,0,TRUE,TRUE,TRUE
"controlled_permutation","pectinate",500,1,19,"reverse",4,1,13,1,0.0101440743261515,0.0101440743261515,TRUE,0,TRUE,TRUE,TRUE
"controlled_permutation","pectinate",500,1,19,"reverse",4,1,14,1,0.0101440743261515,0.0101440743261515,TRUE,0,TRUE,TRUE,TRUE
"controlled_permutation","pectinate",500,1,19,"reverse",4,1,15,1,0.0101440743261515,0.0101440743261515,TRUE,0,TRUE,TRUE,TRUE
"controlled_permutation","pectinate",500,1,19,"reverse",4,1,16,1,0.0101440743261515,0.0101440743261515,TRUE,0,TRUE,TRUE,TRUE
"controlled_permutation","pectinate",500,1,19,"reverse",4,1,17,1,0.0101440743261515,0.0101440743261515,TRUE,0,TRUE,TRUE,TRUE
"controlled_permutation","pectinate",500,1,19,"reverse",4,1,18,1,0.0101440743261515,0.0101440743261515,TRUE,0,TRUE,TRUE,TRUE
"controlled_permutation","pectinate",500,1,19,"reverse",4,1,19,1,0.0101440743261515,0.0101440743261515,TRUE,0,TRUE,TRUE,TRUE
"controlled_permutation","pectinate",500,1,19,"reverse",8,1,1,1,0.0271412931761383,0.0271412931761383,TRUE,0,TRUE,TRUE,TRUE
"controlled_permutation","pectinate",500,1,19,"reverse",8,1,2,1,0.0101440743261515,0.0101440743261515,TRUE,0,TRUE,TRUE,TRUE
"controlled_permutation","pectinate",500,1,19,"reverse",8,1,3,1,0.0101440743261515,0.0101440743261515,TRUE,0,TRUE,TRUE,TRUE
"controlled_permutation","pectinate",500,1,19,"reverse",8,1,4,1,0.0101440743261515,0.0101440743261515,TRUE,0,TRUE,TRUE,TRUE
"controlled_permutation","pectinate",500,1,19,"reverse",8,1,5,1,0.0101440743261515,0.0101440743261515,TRUE,0,TRUE,TRUE,TRUE
"controlled_permutation","pectinate",500,1,19,"reverse",8,1,6,1,0.0101440743261515,0.0101440743261515,TRUE,0,TRUE,TRUE,TRUE
"controlled_permutation","pectinate",500,1,19,"reverse",8,1,7,1,0.0101440743261515,0.0101440743261515,TRUE,0,TRUE,TRUE,TRUE
"controlled_permutation","pectinate",500,1,19,"reverse",8,1,8,1,0.0101440743261515,0.0101440743261515,TRUE,0,TRUE,TRUE,TRUE
"controlled_permutation","pectinate",500,1,19,"reverse",8,1,9,1,0.0101440743261515,0.0101440743261515,TRUE,0,TRUE,TRUE,TRUE
"controlled_permutation","pectinate",500,1,19,"reverse",8,1,10,1,0.0101440743261515,0.0101440743261515,TRUE,0,TRUE,TRUE,TRUE
"controlled_permutation","pectinate",500,1,19,"reverse",8,1,11,1,0.0101440743261515,0.0101440743261515,TRUE,0,TRUE,TRUE,TRUE
"controlled_permutation","pectinate",500,1,19,"reverse",8,1,12,1,0.0101440743261515,0.0101440743261515,TRUE,0,TRUE,TRUE,TRUE
"controlled_permutation","pectinate",500,1,19,"reverse",8,1,13,1,0.0101440743261515,0.0101440743261515,TRUE,0,TRUE,TRUE,TRUE
"controlled_permutation","pectinate",500,1,19,"reverse",8,1,14,1,0.0101440743261515,0.0101440743261515,TRUE,0,TRUE,TRUE,TRUE
"controlled_permutation","pectinate",500,1,19,"reverse",8,1,15,1,0.0101440743261515,0.0101440743261515,TRUE,0,TRUE,TRUE,TRUE
"controlled_permutation","pectinate",500,1,19,"reverse",8,1,16,1,0.0101440743261515,0.0101440743261515,TRUE,0,TRUE,TRUE,TRUE
"controlled_permutation","pectinate",500,1,19,"reverse",8,1,17,1,0.0101440743261515,0.0101440743261515,TRUE,0,TRUE,TRUE,TRUE
"controlled_permutation","pectinate",500,1,19,"reverse",8,1,18,1,0.0101440743261515,0.0101440743261515,TRUE,0,TRUE,TRUE,TRUE
"controlled_permutation","pectinate",500,1,19,"reverse",8,1,19,1,0.0101440743261515,0.0101440743261515,TRUE,0,TRUE,TRUE,TRUE
"controlled_permutation","pectinate",500,1,19,"reverse",16,1,1,1,0.0271412931761383,0.0271412931761383,TRUE,0,TRUE,TRUE,TRUE
"controlled_permutation","pectinate",500,1,19,"reverse",16,1,2,1,0.0101440743261515,0.0101440743261515,TRUE,0,TRUE,TRUE,TRUE
"controlled_permutation","pectinate",500,1,19,"reverse",16,1,3,1,0.0101440743261515,0.0101440743261515,TRUE,0,TRUE,TRUE,TRUE
"controlled_permutation","pectinate",500,1,19,"reverse",16,1,4,1,0.0101440743261515,0.0101440743261515,TRUE,0,TRUE,TRUE,TRUE
"controlled_permutation","pectinate",500,1,19,"reverse",16,1,5,1,0.0101440743261515,0.0101440743261515,TRUE,0,TRUE,TRUE,TRUE
"controlled_permutation","pectinate",500,1,19,"reverse",16,1,6,1,0.0101440743261515,0.0101440743261515,TRUE,0,TRUE,TRUE,TRUE
"controlled_permutation","pectinate",500,1,19,"reverse",16,1,7,1,0.0101440743261515,0.0101440743261515,TRUE,0,TRUE,TRUE,TRUE
"controlled_permutation","pectinate",500,1,19,"reverse",16,1,8,1,0.0101440743261515,0.0101440743261515,TRUE,0,TRUE,TRUE,TRUE
"controlled_permutation","pectinate",500,1,19,"reverse",16,1,9,1,0.0101440743261515,0.0101440743261515,TRUE,0,TRUE,TRUE,TRUE
"controlled_permutation","pectinate",500,1,19,"reverse",16,1,10,1,0.0101440743261515,0.0101440743261515,TRUE,0,TRUE,TRUE,TRUE
"controlled_permutation","pectinate",500,1,19,"reverse",16,1,11,1,0.0101440743261515,0.0101440743261515,TRUE,0,TRUE,TRUE,TRUE
"controlled_permutation","pectinate",500,1,19,"reverse",16,1,12,1,0.0101440743261515,0.0101440743261515,TRUE,0,TRUE,TRUE,TRUE
"controlled_permutation","pectinate",500,1,19,"reverse",16,1,13,1,0.0101440743261515,0.0101440743261515,TRUE,0,TRUE,TRUE,TRUE
"controlled_permutation","pectinate",500,1,19,"reverse",16,1,14,1,0.0101440743261515,0.0101440743261515,TRUE,0,TRUE,TRUE,TRUE
"controlled_permutation","pectinate",500,1,19,"reverse",16,1,15,1,0.0101440743261515,0.0101440743261515,TRUE,0,TRUE,TRUE,TRUE
"controlled_permutation","pectinate",500,1,19,"reverse",16,1,16,1,0.0101440743261515,0.0101440743261515,TRUE,0,TRUE,TRUE,TRUE
"controlled_permutation","pectinate",500,1,19,"reverse",16,1,17,1,0.0101440743261515,0.0101440743261515,TRUE,0,TRUE,TRUE,TRUE
"controlled_permutation","pectinate",500,1,19,"reverse",16,1,18,1,0.0101440743261515,0.0101440743261515,TRUE,0,TRUE,TRUE,TRUE
"controlled_permutation","pectinate",500,1,19,"reverse",16,1,19,1,0.0101440743261515,0.0101440743261515,TRUE,0,TRUE,TRUE,TRUE
"controlled_permutation","pectinate",500,1,19,"cyclic_shift",2,1,1,1,0.0271412931761383,0.0271412931761383,TRUE,0,TRUE,TRUE,TRUE
"controlled_permutation","pectinate",500,1,19,"cyclic_shift",2,1,2,1,0.00840388208747046,0.00840388208747046,TRUE,0,TRUE,TRUE,TRUE
"controlled_permutation","pectinate",500,1,19,"cyclic_shift",2,1,3,1,0.0115919634988212,0.0115919634988212,TRUE,0,TRUE,TRUE,TRUE
"controlled_permutation","pectinate",500,1,19,"cyclic_shift",2,1,4,1,0.0091954233081981,0.0091954233081981,TRUE,0,TRUE,TRUE,TRUE
"controlled_permutation","pectinate",500,1,19,"cyclic_shift",2,1,5,1,0.0207972008157246,0.0207972008157246,TRUE,0,TRUE,TRUE,TRUE
"controlled_permutation","pectinate",500,1,19,"cyclic_shift",2,1,6,1,0.00928448168253912,0.00928448168253912,TRUE,0,TRUE,TRUE,TRUE
"controlled_permutation","pectinate",500,1,19,"cyclic_shift",2,1,7,1,0.00874061102955668,0.00874061102955668,TRUE,0,TRUE,TRUE,TRUE
"controlled_permutation","pectinate",500,1,19,"cyclic_shift",2,1,8,1,0.0100780046766034,0.0100780046766034,TRUE,0,TRUE,TRUE,TRUE
"controlled_permutation","pectinate",500,1,19,"cyclic_shift",2,1,9,1,0.0151585305086942,0.0151585305086942,TRUE,0,TRUE,TRUE,TRUE
"controlled_permutation","pectinate",500,1,19,"cyclic_shift",2,1,10,1,0.0152916421233675,0.0152916421233675,TRUE,0,TRUE,TRUE,TRUE
"controlled_permutation","pectinate",500,1,19,"cyclic_shift",2,1,11,1,0.00845377914177294,0.00845377914177294,TRUE,0,TRUE,TRUE,TRUE
"controlled_permutation","pectinate",500,1,19,"cyclic_shift",2,1,12,1,0.0085099815899788,0.0085099815899788,TRUE,0,TRUE,TRUE,TRUE
"controlled_permutation","pectinate",500,1,19,"cyclic_shift",2,1,13,1,0.00831513096686054,0.00831513096686054,TRUE,0,TRUE,TRUE,TRUE
"controlled_permutation","pectinate",500,1,19,"cyclic_shift",2,1,14,1,0.00830080486504151,0.00830080486504151,TRUE,0,TRUE,TRUE,TRUE
"controlled_permutation","pectinate",500,1,19,"cyclic_shift",2,1,15,1,0.0299400450258086,0.0299400450258086,TRUE,0,TRUE,TRUE,TRUE
"controlled_permutation","pectinate",500,1,19,"cyclic_shift",2,1,16,1,0.0130888671327788,0.0130888671327788,TRUE,0,TRUE,TRUE,TRUE
"controlled_permutation","pectinate",500,1,19,"cyclic_shift",2,1,17,1,0.0100789607972926,0.0100789607972926,TRUE,0,TRUE,TRUE,TRUE
"controlled_permutation","pectinate",500,1,19,"cyclic_shift",2,1,18,1,0.00873943660575325,0.00873943660575325,TRUE,0,TRUE,TRUE,TRUE
"controlled_permutation","pectinate",500,1,19,"cyclic_shift",2,1,19,1,0.00908657562822936,0.00908657562822936,TRUE,0,TRUE,TRUE,TRUE
"controlled_permutation","pectinate",500,1,19,"cyclic_shift",4,1,1,1,0.0271412931761383,0.0271412931761383,TRUE,0,TRUE,TRUE,TRUE
"controlled_permutation","pectinate",500,1,19,"cyclic_shift",4,1,2,1,0.00840388208747046,0.00840388208747046,TRUE,0,TRUE,TRUE,TRUE
"controlled_permutation","pectinate",500,1,19,"cyclic_shift",4,1,3,1,0.0115919634988212,0.0115919634988212,TRUE,0,TRUE,TRUE,TRUE
"controlled_permutation","pectinate",500,1,19,"cyclic_shift",4,1,4,1,0.0091954233081981,0.0091954233081981,TRUE,0,TRUE,TRUE,TRUE
"controlled_permutation","pectinate",500,1,19,"cyclic_shift",4,1,5,1,0.0207972008157246,0.0207972008157246,TRUE,0,TRUE,TRUE,TRUE
"controlled_permutation","pectinate",500,1,19,"cyclic_shift",4,1,6,1,0.00928448168253912,0.00928448168253912,TRUE,0,TRUE,TRUE,TRUE
"controlled_permutation","pectinate",500,1,19,"cyclic_shift",4,1,7,1,0.00874061102955668,0.00874061102955668,TRUE,0,TRUE,TRUE,TRUE
"controlled_permutation","pectinate",500,1,19,"cyclic_shift",4,1,8,1,0.0100780046766034,0.0100780046766034,TRUE,0,TRUE,TRUE,TRUE
"controlled_permutation","pectinate",500,1,19,"cyclic_shift",4,1,9,1,0.0151585305086942,0.0151585305086942,TRUE,0,TRUE,TRUE,TRUE
"controlled_permutation","pectinate",500,1,19,"cyclic_shift",4,1,10,1,0.0152916421233675,0.0152916421233675,TRUE,0,TRUE,TRUE,TRUE
"controlled_permutation","pectinate",500,1,19,"cyclic_shift",4,1,11,1,0.00845377914177294,0.00845377914177294,TRUE,0,TRUE,TRUE,TRUE
"controlled_permutation","pectinate",500,1,19,"cyclic_shift",4,1,12,1,0.0085099815899788,0.0085099815899788,TRUE,0,TRUE,TRUE,TRUE
"controlled_permutation","pectinate",500,1,19,"cyclic_shift",4,1,13,1,0.00831513096686054,0.00831513096686054,TRUE,0,TRUE,TRUE,TRUE
"controlled_permutation","pectinate",500,1,19,"cyclic_shift",4,1,14,1,0.00830080486504151,0.00830080486504151,TRUE,0,TRUE,TRUE,TRUE
"controlled_permutation","pectinate",500,1,19,"cyclic_shift",4,1,15,1,0.0299400450258086,0.0299400450258086,TRUE,0,TRUE,TRUE,TRUE
"controlled_permutation","pectinate",500,1,19,"cyclic_shift",4,1,16,1,0.0130888671327788,0.0130888671327788,TRUE,0,TRUE,TRUE,TRUE
"controlled_permutation","pectinate",500,1,19,"cyclic_shift",4,1,17,1,0.0100789607972926,0.0100789607972926,TRUE,0,TRUE,TRUE,TRUE
"controlled_permutation","pectinate",500,1,19,"cyclic_shift",4,1,18,1,0.00873943660575325,0.00873943660575325,TRUE,0,TRUE,TRUE,TRUE
"controlled_permutation","pectinate",500,1,19,"cyclic_shift",4,1,19,1,0.00908657562822936,0.00908657562822936,TRUE,0,TRUE,TRUE,TRUE
"controlled_permutation","pectinate",500,1,19,"cyclic_shift",8,1,1,1,0.0271412931761383,0.0271412931761383,TRUE,0,TRUE,TRUE,TRUE
"controlled_permutation","pectinate",500,1,19,"cyclic_shift",8,1,2,1,0.00840388208747046,0.00840388208747046,TRUE,0,TRUE,TRUE,TRUE
"controlled_permutation","pectinate",500,1,19,"cyclic_shift",8,1,3,1,0.0115919634988212,0.0115919634988212,TRUE,0,TRUE,TRUE,TRUE
"controlled_permutation","pectinate",500,1,19,"cyclic_shift",8,1,4,1,0.0091954233081981,0.0091954233081981,TRUE,0,TRUE,TRUE,TRUE
"controlled_permutation","pectinate",500,1,19,"cyclic_shift",8,1,5,1,0.0207972008157246,0.0207972008157246,TRUE,0,TRUE,TRUE,TRUE
"controlled_permutation","pectinate",500,1,19,"cyclic_shift",8,1,6,1,0.00928448168253912,0.00928448168253912,TRUE,0,TRUE,TRUE,TRUE
"controlled_permutation","pectinate",500,1,19,"cyclic_shift",8,1,7,1,0.00874061102955668,0.00874061102955668,TRUE,0,TRUE,TRUE,TRUE
"controlled_permutation","pectinate",500,1,19,"cyclic_shift",8,1,8,1,0.0100780046766034,0.0100780046766034,TRUE,0,TRUE,TRUE,TRUE
"controlled_permutation","pectinate",500,1,19,"cyclic_shift",8,1,9,1,0.0151585305086942,0.0151585305086942,TRUE,0,TRUE,TRUE,TRUE
"controlled_permutation","pectinate",500,1,19,"cyclic_shift",8,1,10,1,0.0152916421233675,0.0152916421233675,TRUE,0,TRUE,TRUE,TRUE
"controlled_permutation","pectinate",500,1,19,"cyclic_shift",8,1,11,1,0.00845377914177294,0.00845377914177294,TRUE,0,TRUE,TRUE,TRUE
"controlled_permutation","pectinate",500,1,19,"cyclic_shift",8,1,12,1,0.0085099815899788,0.0085099815899788,TRUE,0,TRUE,TRUE,TRUE
"controlled_permutation","pectinate",500,1,19,"cyclic_shift",8,1,13,1,0.00831513096686054,0.00831513096686054,TRUE,0,TRUE,TRUE,TRUE
"controlled_permutation","pectinate",500,1,19,"cyclic_shift",8,1,14,1,0.00830080486504151,0.00830080486504151,TRUE,0,TRUE,TRUE,TRUE
"controlled_permutation","pectinate",500,1,19,"cyclic_shift",8,1,15,1,0.0299400450258086,0.0299400450258086,TRUE,0,TRUE,TRUE,TRUE
"controlled_permutation","pectinate",500,1,19,"cyclic_shift",8,1,16,1,0.0130888671327788,0.0130888671327788,TRUE,0,TRUE,TRUE,TRUE
"controlled_permutation","pectinate",500,1,19,"cyclic_shift",8,1,17,1,0.0100789607972926,0.0100789607972926,TRUE,0,TRUE,TRUE,TRUE
"controlled_permutation","pectinate",500,1,19,"cyclic_shift",8,1,18,1,0.00873943660575325,0.00873943660575325,TRUE,0,TRUE,TRUE,TRUE
"controlled_permutation","pectinate",500,1,19,"cyclic_shift",8,1,19,1,0.00908657562822936,0.00908657562822936,TRUE,0,TRUE,TRUE,TRUE
"controlled_permutation","pectinate",500,1,19,"cyclic_shift",16,1,1,1,0.0271412931761383,0.0271412931761383,TRUE,0,TRUE,TRUE,TRUE
"controlled_permutation","pectinate",500,1,19,"cyclic_shift",16,1,2,1,0.00840388208747046,0.00840388208747046,TRUE,0,TRUE,TRUE,TRUE
"controlled_permutation","pectinate",500,1,19,"cyclic_shift",16,1,3,1,0.0115919634988212,0.0115919634988212,TRUE,0,TRUE,TRUE,TRUE
"controlled_permutation","pectinate",500,1,19,"cyclic_shift",16,1,4,1,0.0091954233081981,0.0091954233081981,TRUE,0,TRUE,TRUE,TRUE
"controlled_permutation","pectinate",500,1,19,"cyclic_shift",16,1,5,1,0.0207972008157246,0.0207972008157246,TRUE,0,TRUE,TRUE,TRUE
"controlled_permutation","pectinate",500,1,19,"cyclic_shift",16,1,6,1,0.00928448168253912,0.00928448168253912,TRUE,0,TRUE,TRUE,TRUE
"controlled_permutation","pectinate",500,1,19,"cyclic_shift",16,1,7,1,0.00874061102955668,0.00874061102955668,TRUE,0,TRUE,TRUE,TRUE
"controlled_permutation","pectinate",500,1,19,"cyclic_shift",16,1,8,1,0.0100780046766034,0.0100780046766034,TRUE,0,TRUE,TRUE,TRUE
"controlled_permutation","pectinate",500,1,19,"cyclic_shift",16,1,9,1,0.0151585305086942,0.0151585305086942,TRUE,0,TRUE,TRUE,TRUE
"controlled_permutation","pectinate",500,1,19,"cyclic_shift",16,1,10,1,0.0152916421233675,0.0152916421233675,TRUE,0,TRUE,TRUE,TRUE
"controlled_permutation","pectinate",500,1,19,"cyclic_shift",16,1,11,1,0.00845377914177294,0.00845377914177294,TRUE,0,TRUE,TRUE,TRUE
"controlled_permutation","pectinate",500,1,19,"cyclic_shift",16,1,12,1,0.0085099815899788,0.0085099815899788,TRUE,0,TRUE,TRUE,TRUE
"controlled_permutation","pectinate",500,1,19,"cyclic_shift",16,1,13,1,0.00831513096686054,0.00831513096686054,TRUE,0,TRUE,TRUE,TRUE
"controlled_permutation","pectinate",500,1,19,"cyclic_shift",16,1,14,1,0.00830080486504151,0.00830080486504151,TRUE,0,TRUE,TRUE,TRUE
"controlled_permutation","pectinate",500,1,19,"cyclic_shift",16,1,15,1,0.0299400450258086,0.0299400450258086,TRUE,0,TRUE,TRUE,TRUE
"controlled_permutation","pectinate",500,1,19,"cyclic_shift",16,1,16,1,0.0130888671327788,0.0130888671327788,TRUE,0,TRUE,TRUE,TRUE
"controlled_permutation","pectinate",500,1,19,"cyclic_shift",16,1,17,1,0.0100789607972926,0.0100789607972926,TRUE,0,TRUE,TRUE,TRUE
"controlled_permutation","pectinate",500,1,19,"cyclic_shift",16,1,18,1,0.00873943660575325,0.00873943660575325,TRUE,0,TRUE,TRUE,TRUE
"controlled_permutation","pectinate",500,1,19,"cyclic_shift",16,1,19,1,0.00908657562822936,0.00908657562822936,TRUE,0,TRUE,TRUE,TRUE
"controlled_permutation","pectinate",500,1,19,"fixed_random",2,1,1,1,0.0271412931761383,0.0271412931761383,TRUE,0,TRUE,TRUE,TRUE
"controlled_permutation","pectinate",500,1,19,"fixed_random",2,1,2,1,0.00866025736301106,0.00866025736301106,TRUE,0,TRUE,TRUE,TRUE
"controlled_permutation","pectinate",500,1,19,"fixed_random",2,1,3,1,0.00881246560509367,0.00881246560509367,TRUE,0,TRUE,TRUE,TRUE
"controlled_permutation","pectinate",500,1,19,"fixed_random",2,1,4,1,0.018448996279607,0.018448996279607,TRUE,0,TRUE,TRUE,TRUE
"controlled_permutation","pectinate",500,1,19,"fixed_random",2,1,5,1,0.00804314113928476,0.00804314113928476,TRUE,0,TRUE,TRUE,TRUE
"controlled_permutation","pectinate",500,1,19,"fixed_random",2,1,6,1,0.00908545142572434,0.00908545142572434,TRUE,0,TRUE,TRUE,TRUE
"controlled_permutation","pectinate",500,1,19,"fixed_random",2,1,7,1,0.0122194458888458,0.0122194458888458,TRUE,0,TRUE,TRUE,TRUE
"controlled_permutation","pectinate",500,1,19,"fixed_random",2,1,8,1,0.00971099713427858,0.00971099713427858,TRUE,0,TRUE,TRUE,TRUE
"controlled_permutation","pectinate",500,1,19,"fixed_random",2,1,9,1,0.00738288871932069,0.00738288871932069,TRUE,0,TRUE,TRUE,TRUE
"controlled_permutation","pectinate",500,1,19,"fixed_random",2,1,10,1,0.00791496286214162,0.00791496286214162,TRUE,0,TRUE,TRUE,TRUE
"controlled_permutation","pectinate",500,1,19,"fixed_random",2,1,11,1,0.0137987753926151,0.0137987753926151,TRUE,0,TRUE,TRUE,TRUE
"controlled_permutation","pectinate",500,1,19,"fixed_random",2,1,12,1,0.0200986615362409,0.0200986615362409,TRUE,0,TRUE,TRUE,TRUE
"controlled_permutation","pectinate",500,1,19,"fixed_random",2,1,13,1,0.00891068599545606,0.00891068599545606,TRUE,0,TRUE,TRUE,TRUE
"controlled_permutation","pectinate",500,1,19,"fixed_random",2,1,14,1,0.00797979853314409,0.00797979853314409,TRUE,0,TRUE,TRUE,TRUE
"controlled_permutation","pectinate",500,1,19,"fixed_random",2,1,15,1,0.00747907411404515,0.00747907411404515,TRUE,0,TRUE,TRUE,TRUE
"controlled_permutation","pectinate",500,1,19,"fixed_random",2,1,16,1,0.00813491136627102,0.00813491136627102,TRUE,0,TRUE,TRUE,TRUE
"controlled_permutation","pectinate",500,1,19,"fixed_random",2,1,17,1,0.00977498750270202,0.00977498750270202,TRUE,0,TRUE,TRUE,TRUE
"controlled_permutation","pectinate",500,1,19,"fixed_random",2,1,18,1,0.0126388037543013,0.0126388037543013,TRUE,0,TRUE,TRUE,TRUE
"controlled_permutation","pectinate",500,1,19,"fixed_random",2,1,19,1,0.00880731775755211,0.00880731775755211,TRUE,0,TRUE,TRUE,TRUE
"controlled_permutation","pectinate",500,1,19,"fixed_random",4,1,1,1,0.0271412931761383,0.0271412931761383,TRUE,0,TRUE,TRUE,TRUE
"controlled_permutation","pectinate",500,1,19,"fixed_random",4,1,2,1,0.00866025736301106,0.00866025736301106,TRUE,0,TRUE,TRUE,TRUE
"controlled_permutation","pectinate",500,1,19,"fixed_random",4,1,3,1,0.00881246560509367,0.00881246560509367,TRUE,0,TRUE,TRUE,TRUE
"controlled_permutation","pectinate",500,1,19,"fixed_random",4,1,4,1,0.018448996279607,0.018448996279607,TRUE,0,TRUE,TRUE,TRUE
"controlled_permutation","pectinate",500,1,19,"fixed_random",4,1,5,1,0.00804314113928476,0.00804314113928476,TRUE,0,TRUE,TRUE,TRUE
"controlled_permutation","pectinate",500,1,19,"fixed_random",4,1,6,1,0.00908545142572434,0.00908545142572434,TRUE,0,TRUE,TRUE,TRUE
"controlled_permutation","pectinate",500,1,19,"fixed_random",4,1,7,1,0.0122194458888458,0.0122194458888458,TRUE,0,TRUE,TRUE,TRUE
"controlled_permutation","pectinate",500,1,19,"fixed_random",4,1,8,1,0.00971099713427858,0.00971099713427858,TRUE,0,TRUE,TRUE,TRUE
"controlled_permutation","pectinate",500,1,19,"fixed_random",4,1,9,1,0.00738288871932069,0.00738288871932069,TRUE,0,TRUE,TRUE,TRUE
"controlled_permutation","pectinate",500,1,19,"fixed_random",4,1,10,1,0.00791496286214162,0.00791496286214162,TRUE,0,TRUE,TRUE,TRUE
"controlled_permutation","pectinate",500,1,19,"fixed_random",4,1,11,1,0.0137987753926151,0.0137987753926151,TRUE,0,TRUE,TRUE,TRUE
"controlled_permutation","pectinate",500,1,19,"fixed_random",4,1,12,1,0.0200986615362409,0.0200986615362409,TRUE,0,TRUE,TRUE,TRUE
"controlled_permutation","pectinate",500,1,19,"fixed_random",4,1,13,1,0.00891068599545606,0.00891068599545606,TRUE,0,TRUE,TRUE,TRUE
"controlled_permutation","pectinate",500,1,19,"fixed_random",4,1,14,1,0.00797979853314409,0.00797979853314409,TRUE,0,TRUE,TRUE,TRUE
"controlled_permutation","pectinate",500,1,19,"fixed_random",4,1,15,1,0.00747907411404515,0.00747907411404515,TRUE,0,TRUE,TRUE,TRUE
"controlled_permutation","pectinate",500,1,19,"fixed_random",4,1,16,1,0.00813491136627102,0.00813491136627102,TRUE,0,TRUE,TRUE,TRUE
"controlled_permutation","pectinate",500,1,19,"fixed_random",4,1,17,1,0.00977498750270202,0.00977498750270202,TRUE,0,TRUE,TRUE,TRUE
"controlled_permutation","pectinate",500,1,19,"fixed_random",4,1,18,1,0.0126388037543013,0.0126388037543013,TRUE,0,TRUE,TRUE,TRUE
"controlled_permutation","pectinate",500,1,19,"fixed_random",4,1,19,1,0.00880731775755211,0.00880731775755211,TRUE,0,TRUE,TRUE,TRUE
"controlled_permutation","pectinate",500,1,19,"fixed_random",8,1,1,1,0.0271412931761383,0.0271412931761383,TRUE,0,TRUE,TRUE,TRUE
"controlled_permutation","pectinate",500,1,19,"fixed_random",8,1,2,1,0.00866025736301106,0.00866025736301106,TRUE,0,TRUE,TRUE,TRUE
"controlled_permutation","pectinate",500,1,19,"fixed_random",8,1,3,1,0.00881246560509367,0.00881246560509367,TRUE,0,TRUE,TRUE,TRUE
"controlled_permutation","pectinate",500,1,19,"fixed_random",8,1,4,1,0.018448996279607,0.018448996279607,TRUE,0,TRUE,TRUE,TRUE
"controlled_permutation","pectinate",500,1,19,"fixed_random",8,1,5,1,0.00804314113928476,0.00804314113928476,TRUE,0,TRUE,TRUE,TRUE
"controlled_permutation","pectinate",500,1,19,"fixed_random",8,1,6,1,0.00908545142572434,0.00908545142572434,TRUE,0,TRUE,TRUE,TRUE
"controlled_permutation","pectinate",500,1,19,"fixed_random",8,1,7,1,0.0122194458888458,0.0122194458888458,TRUE,0,TRUE,TRUE,TRUE
"controlled_permutation","pectinate",500,1,19,"fixed_random",8,1,8,1,0.00971099713427858,0.00971099713427858,TRUE,0,TRUE,TRUE,TRUE
"controlled_permutation","pectinate",500,1,19,"fixed_random",8,1,9,1,0.00738288871932069,0.00738288871932069,TRUE,0,TRUE,TRUE,TRUE
"controlled_permutation","pectinate",500,1,19,"fixed_random",8,1,10,1,0.00791496286214162,0.00791496286214162,TRUE,0,TRUE,TRUE,TRUE
"controlled_permutation","pectinate",500,1,19,"fixed_random",8,1,11,1,0.0137987753926151,0.0137987753926151,TRUE,0,TRUE,TRUE,TRUE
"controlled_permutation","pectinate",500,1,19,"fixed_random",8,1,12,1,0.0200986615362409,0.0200986615362409,TRUE,0,TRUE,TRUE,TRUE
"controlled_permutation","pectinate",500,1,19,"fixed_random",8,1,13,1,0.00891068599545606,0.00891068599545606,TRUE,0,TRUE,TRUE,TRUE
"controlled_permutation","pectinate",500,1,19,"fixed_random",8,1,14,1,0.00797979853314409,0.00797979853314409,TRUE,0,TRUE,TRUE,TRUE
"controlled_permutation","pectinate",500,1,19,"fixed_random",8,1,15,1,0.00747907411404515,0.00747907411404515,TRUE,0,TRUE,TRUE,TRUE
"controlled_permutation","pectinate",500,1,19,"fixed_random",8,1,16,1,0.00813491136627102,0.00813491136627102,TRUE,0,TRUE,TRUE,TRUE
"controlled_permutation","pectinate",500,1,19,"fixed_random",8,1,17,1,0.00977498750270202,0.00977498750270202,TRUE,0,TRUE,TRUE,TRUE
"controlled_permutation","pectinate",500,1,19,"fixed_random",8,1,18,1,0.0126388037543013,0.0126388037543013,TRUE,0,TRUE,TRUE,TRUE
"controlled_permutation","pectinate",500,1,19,"fixed_random",8,1,19,1,0.00880731775755211,0.00880731775755211,TRUE,0,TRUE,TRUE,TRUE
"controlled_permutation","pectinate",500,1,19,"fixed_random",16,1,1,1,0.0271412931761383,0.0271412931761383,TRUE,0,TRUE,TRUE,TRUE
"controlled_permutation","pectinate",500,1,19,"fixed_random",16,1,2,1,0.00866025736301106,0.00866025736301106,TRUE,0,TRUE,TRUE,TRUE
"controlled_permutation","pectinate",500,1,19,"fixed_random",16,1,3,1,0.00881246560509367,0.00881246560509367,TRUE,0,TRUE,TRUE,TRUE
"controlled_permutation","pectinate",500,1,19,"fixed_random",16,1,4,1,0.018448996279607,0.018448996279607,TRUE,0,TRUE,TRUE,TRUE
"controlled_permutation","pectinate",500,1,19,"fixed_random",16,1,5,1,0.00804314113928476,0.00804314113928476,TRUE,0,TRUE,TRUE,TRUE
"controlled_permutation","pectinate",500,1,19,"fixed_random",16,1,6,1,0.00908545142572434,0.00908545142572434,TRUE,0,TRUE,TRUE,TRUE
"controlled_permutation","pectinate",500,1,19,"fixed_random",16,1,7,1,0.0122194458888458,0.0122194458888458,TRUE,0,TRUE,TRUE,TRUE
"controlled_permutation","pectinate",500,1,19,"fixed_random",16,1,8,1,0.00971099713427858,0.00971099713427858,TRUE,0,TRUE,TRUE,TRUE
"controlled_permutation","pectinate",500,1,19,"fixed_random",16,1,9,1,0.00738288871932069,0.00738288871932069,TRUE,0,TRUE,TRUE,TRUE
"controlled_permutation","pectinate",500,1,19,"fixed_random",16,1,10,1,0.00791496286214162,0.00791496286214162,TRUE,0,TRUE,TRUE,TRUE
"controlled_permutation","pectinate",500,1,19,"fixed_random",16,1,11,1,0.0137987753926151,0.0137987753926151,TRUE,0,TRUE,TRUE,TRUE
"controlled_permutation","pectinate",500,1,19,"fixed_random",16,1,12,1,0.0200986615362409,0.0200986615362409,TRUE,0,TRUE,TRUE,TRUE
"controlled_permutation","pectinate",500,1,19,"fixed_random",16,1,13,1,0.00891068599545606,0.00891068599545606,TRUE,0,TRUE,TRUE,TRUE
"controlled_permutation","pectinate",500,1,19,"fixed_random",16,1,14,1,0.00797979853314409,0.00797979853314409,TRUE,0,TRUE,TRUE,TRUE
"controlled_permutation","pectinate",500,1,19,"fixed_random",16,1,15,1,0.00747907411404515,0.00747907411404515,TRUE,0,TRUE,TRUE,TRUE
"controlled_permutation","pectinate",500,1,19,"fixed_random",16,1,16,1,0.00813491136627102,0.00813491136627102,TRUE,0,TRUE,TRUE,TRUE
"controlled_permutation","pectinate",500,1,19,"fixed_random",16,1,17,1,0.00977498750270202,0.00977498750270202,TRUE,0,TRUE,TRUE,TRUE
"controlled_permutation","pectinate",500,1,19,"fixed_random",16,1,18,1,0.0126388037543013,0.0126388037543013,TRUE,0,TRUE,TRUE,TRUE
"controlled_permutation","pectinate",500,1,19,"fixed_random",16,1,19,1,0.00880731775755211,0.00880731775755211,TRUE,0,TRUE,TRUE,TRUE
"controlled_permutation","pectinate",500,1,19,"adversarial",2,1,1,1,0.0271412931761383,0.0271412931761383,TRUE,0,TRUE,TRUE,TRUE
"controlled_permutation","pectinate",500,1,19,"adversarial",2,1,2,1,0.00827700373676326,0.00827700373676326,TRUE,0,TRUE,TRUE,TRUE
"controlled_permutation","pectinate",500,1,19,"adversarial",2,1,3,1,0.0214060384006485,0.0214060384006485,TRUE,0,TRUE,TRUE,TRUE
"controlled_permutation","pectinate",500,1,19,"adversarial",2,1,4,1,0.00856380366781981,0.00856380366781981,TRUE,0,TRUE,TRUE,TRUE
"controlled_permutation","pectinate",500,1,19,"adversarial",2,1,5,1,0.00967152686982788,0.00967152686982788,TRUE,0,TRUE,TRUE,TRUE
"controlled_permutation","pectinate",500,1,19,"adversarial",2,1,6,1,0.00827700373676326,0.00827700373676326,TRUE,0,TRUE,TRUE,TRUE
"controlled_permutation","pectinate",500,1,19,"adversarial",2,1,7,1,0.0214060384006485,0.0214060384006485,TRUE,0,TRUE,TRUE,TRUE
"controlled_permutation","pectinate",500,1,19,"adversarial",2,1,8,1,0.00856380366781981,0.00856380366781981,TRUE,0,TRUE,TRUE,TRUE
"controlled_permutation","pectinate",500,1,19,"adversarial",2,1,9,1,0.00967152686982788,0.00967152686982788,TRUE,0,TRUE,TRUE,TRUE
"controlled_permutation","pectinate",500,1,19,"adversarial",2,1,10,1,0.00827700373676326,0.00827700373676326,TRUE,0,TRUE,TRUE,TRUE
"controlled_permutation","pectinate",500,1,19,"adversarial",2,1,11,1,0.0214060384006485,0.0214060384006485,TRUE,0,TRUE,TRUE,TRUE
"controlled_permutation","pectinate",500,1,19,"adversarial",2,1,12,1,0.00856380366781981,0.00856380366781981,TRUE,0,TRUE,TRUE,TRUE
"controlled_permutation","pectinate",500,1,19,"adversarial",2,1,13,1,0.00967152686982788,0.00967152686982788,TRUE,0,TRUE,TRUE,TRUE
"controlled_permutation","pectinate",500,1,19,"adversarial",2,1,14,1,0.00827700373676326,0.00827700373676326,TRUE,0,TRUE,TRUE,TRUE
"controlled_permutation","pectinate",500,1,19,"adversarial",2,1,15,1,0.0214060384006485,0.0214060384006485,TRUE,0,TRUE,TRUE,TRUE
"controlled_permutation","pectinate",500,1,19,"adversarial",2,1,16,1,0.00856380366781981,0.00856380366781981,TRUE,0,TRUE,TRUE,TRUE
"controlled_permutation","pectinate",500,1,19,"adversarial",2,1,17,1,0.00967152686982788,0.00967152686982788,TRUE,0,TRUE,TRUE,TRUE
"controlled_permutation","pectinate",500,1,19,"adversarial",2,1,18,1,0.00827700373676326,0.00827700373676326,TRUE,0,TRUE,TRUE,TRUE
"controlled_permutation","pectinate",500,1,19,"adversarial",2,1,19,1,0.0214060384006485,0.0214060384006485,TRUE,0,TRUE,TRUE,TRUE
"controlled_permutation","pectinate",500,1,19,"adversarial",4,1,1,1,0.0271412931761383,0.0271412931761383,TRUE,0,TRUE,TRUE,TRUE
"controlled_permutation","pectinate",500,1,19,"adversarial",4,1,2,1,0.00827700373676326,0.00827700373676326,TRUE,0,TRUE,TRUE,TRUE
"controlled_permutation","pectinate",500,1,19,"adversarial",4,1,3,1,0.0214060384006485,0.0214060384006485,TRUE,0,TRUE,TRUE,TRUE
"controlled_permutation","pectinate",500,1,19,"adversarial",4,1,4,1,0.00856380366781981,0.00856380366781981,TRUE,0,TRUE,TRUE,TRUE
"controlled_permutation","pectinate",500,1,19,"adversarial",4,1,5,1,0.00967152686982788,0.00967152686982788,TRUE,0,TRUE,TRUE,TRUE
"controlled_permutation","pectinate",500,1,19,"adversarial",4,1,6,1,0.00827700373676326,0.00827700373676326,TRUE,0,TRUE,TRUE,TRUE
"controlled_permutation","pectinate",500,1,19,"adversarial",4,1,7,1,0.0214060384006485,0.0214060384006485,TRUE,0,TRUE,TRUE,TRUE
"controlled_permutation","pectinate",500,1,19,"adversarial",4,1,8,1,0.00856380366781981,0.00856380366781981,TRUE,0,TRUE,TRUE,TRUE
"controlled_permutation","pectinate",500,1,19,"adversarial",4,1,9,1,0.00967152686982788,0.00967152686982788,TRUE,0,TRUE,TRUE,TRUE
"controlled_permutation","pectinate",500,1,19,"adversarial",4,1,10,1,0.00827700373676326,0.00827700373676326,TRUE,0,TRUE,TRUE,TRUE
"controlled_permutation","pectinate",500,1,19,"adversarial",4,1,11,1,0.0214060384006485,0.0214060384006485,TRUE,0,TRUE,TRUE,TRUE
"controlled_permutation","pectinate",500,1,19,"adversarial",4,1,12,1,0.00856380366781981,0.00856380366781981,TRUE,0,TRUE,TRUE,TRUE
"controlled_permutation","pectinate",500,1,19,"adversarial",4,1,13,1,0.00967152686982788,0.00967152686982788,TRUE,0,TRUE,TRUE,TRUE
"controlled_permutation","pectinate",500,1,19,"adversarial",4,1,14,1,0.00827700373676326,0.00827700373676326,TRUE,0,TRUE,TRUE,TRUE
"controlled_permutation","pectinate",500,1,19,"adversarial",4,1,15,1,0.0214060384006485,0.0214060384006485,TRUE,0,TRUE,TRUE,TRUE
"controlled_permutation","pectinate",500,1,19,"adversarial",4,1,16,1,0.00856380366781981,0.00856380366781981,TRUE,0,TRUE,TRUE,TRUE
"controlled_permutation","pectinate",500,1,19,"adversarial",4,1,17,1,0.00967152686982788,0.00967152686982788,TRUE,0,TRUE,TRUE,TRUE
"controlled_permutation","pectinate",500,1,19,"adversarial",4,1,18,1,0.00827700373676326,0.00827700373676326,TRUE,0,TRUE,TRUE,TRUE
"controlled_permutation","pectinate",500,1,19,"adversarial",4,1,19,1,0.0214060384006485,0.0214060384006485,TRUE,0,TRUE,TRUE,TRUE
"controlled_permutation","pectinate",500,1,19,"adversarial",8,1,1,1,0.0271412931761383,0.0271412931761383,TRUE,0,TRUE,TRUE,TRUE
"controlled_permutation","pectinate",500,1,19,"adversarial",8,1,2,1,0.00827700373676326,0.00827700373676326,TRUE,0,TRUE,TRUE,TRUE
"controlled_permutation","pectinate",500,1,19,"adversarial",8,1,3,1,0.0214060384006485,0.0214060384006485,TRUE,0,TRUE,TRUE,TRUE
"controlled_permutation","pectinate",500,1,19,"adversarial",8,1,4,1,0.00856380366781981,0.00856380366781981,TRUE,0,TRUE,TRUE,TRUE
"controlled_permutation","pectinate",500,1,19,"adversarial",8,1,5,1,0.00967152686982788,0.00967152686982788,TRUE,0,TRUE,TRUE,TRUE
"controlled_permutation","pectinate",500,1,19,"adversarial",8,1,6,1,0.00827700373676326,0.00827700373676326,TRUE,0,TRUE,TRUE,TRUE
"controlled_permutation","pectinate",500,1,19,"adversarial",8,1,7,1,0.0214060384006485,0.0214060384006485,TRUE,0,TRUE,TRUE,TRUE
"controlled_permutation","pectinate",500,1,19,"adversarial",8,1,8,1,0.00856380366781981,0.00856380366781981,TRUE,0,TRUE,TRUE,TRUE
"controlled_permutation","pectinate",500,1,19,"adversarial",8,1,9,1,0.00967152686982788,0.00967152686982788,TRUE,0,TRUE,TRUE,TRUE
"controlled_permutation","pectinate",500,1,19,"adversarial",8,1,10,1,0.00827700373676326,0.00827700373676326,TRUE,0,TRUE,TRUE,TRUE
"controlled_permutation","pectinate",500,1,19,"adversarial",8,1,11,1,0.0214060384006485,0.0214060384006485,TRUE,0,TRUE,TRUE,TRUE
"controlled_permutation","pectinate",500,1,19,"adversarial",8,1,12,1,0.00856380366781981,0.00856380366781981,TRUE,0,TRUE,TRUE,TRUE
"controlled_permutation","pectinate",500,1,19,"adversarial",8,1,13,1,0.00967152686982788,0.00967152686982788,TRUE,0,TRUE,TRUE,TRUE
"controlled_permutation","pectinate",500,1,19,"adversarial",8,1,14,1,0.00827700373676326,0.00827700373676326,TRUE,0,TRUE,TRUE,TRUE
"controlled_permutation","pectinate",500,1,19,"adversarial",8,1,15,1,0.0214060384006485,0.0214060384006485,TRUE,0,TRUE,TRUE,TRUE
"controlled_permutation","pectinate",500,1,19,"adversarial",8,1,16,1,0.00856380366781981,0.00856380366781981,TRUE,0,TRUE,TRUE,TRUE
"controlled_permutation","pectinate",500,1,19,"adversarial",8,1,17,1,0.00967152686982788,0.00967152686982788,TRUE,0,TRUE,TRUE,TRUE
"controlled_permutation","pectinate",500,1,19,"adversarial",8,1,18,1,0.00827700373676326,0.00827700373676326,TRUE,0,TRUE,TRUE,TRUE
"controlled_permutation","pectinate",500,1,19,"adversarial",8,1,19,1,0.0214060384006485,0.0214060384006485,TRUE,0,TRUE,TRUE,TRUE
"controlled_permutation","pectinate",500,1,19,"adversarial",16,1,1,1,0.0271412931761383,0.0271412931761383,TRUE,0,TRUE,TRUE,TRUE
"controlled_permutation","pectinate",500,1,19,"adversarial",16,1,2,1,0.00827700373676326,0.00827700373676326,TRUE,0,TRUE,TRUE,TRUE
"controlled_permutation","pectinate",500,1,19,"adversarial",16,1,3,1,0.0214060384006485,0.0214060384006485,TRUE,0,TRUE,TRUE,TRUE
"controlled_permutation","pectinate",500,1,19,"adversarial",16,1,4,1,0.00856380366781981,0.00856380366781981,TRUE,0,TRUE,TRUE,TRUE
"controlled_permutation","pectinate",500,1,19,"adversarial",16,1,5,1,0.00967152686982788,0.00967152686982788,TRUE,0,TRUE,TRUE,TRUE
"controlled_permutation","pectinate",500,1,19,"adversarial",16,1,6,1,0.00827700373676326,0.00827700373676326,TRUE,0,TRUE,TRUE,TRUE
"controlled_permutation","pectinate",500,1,19,"adversarial",16,1,7,1,0.0214060384006485,0.0214060384006485,TRUE,0,TRUE,TRUE,TRUE
"controlled_permutation","pectinate",500,1,19,"adversarial",16,1,8,1,0.00856380366781981,0.00856380366781981,TRUE,0,TRUE,TRUE,TRUE
"controlled_permutation","pectinate",500,1,19,"adversarial",16,1,9,1,0.00967152686982788,0.00967152686982788,TRUE,0,TRUE,TRUE,TRUE
"controlled_permutation","pectinate",500,1,19,"adversarial",16,1,10,1,0.00827700373676326,0.00827700373676326,TRUE,0,TRUE,TRUE,TRUE
"controlled_permutation","pectinate",500,1,19,"adversarial",16,1,11,1,0.0214060384006485,0.0214060384006485,TRUE,0,TRUE,TRUE,TRUE
"controlled_permutation","pectinate",500,1,19,"adversarial",16,1,12,1,0.00856380366781981,0.00856380366781981,TRUE,0,TRUE,TRUE,TRUE
"controlled_permutation","pectinate",500,1,19,"adversarial",16,1,13,1,0.00967152686982788,0.00967152686982788,TRUE,0,TRUE,TRUE,TRUE
"controlled_permutation","pectinate",500,1,19,"adversarial",16,1,14,1,0.00827700373676326,0.00827700373676326,TRUE,0,TRUE,TRUE,TRUE
"controlled_permutation","pectinate",500,1,19,"adversarial",16,1,15,1,0.0214060384006485,0.0214060384006485,TRUE,0,TRUE,TRUE,TRUE
"controlled_permutation","pectinate",500,1,19,"adversarial",16,1,16,1,0.00856380366781981,0.00856380366781981,TRUE,0,TRUE,TRUE,TRUE
"controlled_permutation","pectinate",500,1,19,"adversarial",16,1,17,1,0.00967152686982788,0.00967152686982788,TRUE,0,TRUE,TRUE,TRUE
"controlled_permutation","pectinate",500,1,19,"adversarial",16,1,18,1,0.00827700373676326,0.00827700373676326,TRUE,0,TRUE,TRUE,TRUE
"controlled_permutation","pectinate",500,1,19,"adversarial",16,1,19,1,0.0214060384006485,0.0214060384006485,TRUE,0,TRUE,TRUE,TRUE
"controlled_permutation","pectinate",2000,1,19,"identity",2,1,1,1,0.00273188412511931,0.00273188412511931,TRUE,0,TRUE,TRUE,TRUE
"controlled_permutation","pectinate",2000,1,19,"identity",2,1,2,1,0.00273188412511931,0.00273188412511931,TRUE,0,TRUE,TRUE,TRUE
"controlled_permutation","pectinate",2000,1,19,"identity",2,1,3,1,0.00273188412511931,0.00273188412511931,TRUE,0,TRUE,TRUE,TRUE
"controlled_permutation","pectinate",2000,1,19,"identity",2,1,4,1,0.00273188412511931,0.00273188412511931,TRUE,0,TRUE,TRUE,TRUE
"controlled_permutation","pectinate",2000,1,19,"identity",2,1,5,1,0.00273188412511931,0.00273188412511931,TRUE,0,TRUE,TRUE,TRUE
"controlled_permutation","pectinate",2000,1,19,"identity",2,1,6,1,0.00273188412511931,0.00273188412511931,TRUE,0,TRUE,TRUE,TRUE
"controlled_permutation","pectinate",2000,1,19,"identity",2,1,7,1,0.00273188412511931,0.00273188412511931,TRUE,0,TRUE,TRUE,TRUE
"controlled_permutation","pectinate",2000,1,19,"identity",2,1,8,1,0.00273188412511931,0.00273188412511931,TRUE,0,TRUE,TRUE,TRUE
"controlled_permutation","pectinate",2000,1,19,"identity",2,1,9,1,0.00273188412511931,0.00273188412511931,TRUE,0,TRUE,TRUE,TRUE
"controlled_permutation","pectinate",2000,1,19,"identity",2,1,10,1,0.00273188412511931,0.00273188412511931,TRUE,0,TRUE,TRUE,TRUE
"controlled_permutation","pectinate",2000,1,19,"identity",2,1,11,1,0.00273188412511931,0.00273188412511931,TRUE,0,TRUE,TRUE,TRUE
"controlled_permutation","pectinate",2000,1,19,"identity",2,1,12,1,0.00273188412511931,0.00273188412511931,TRUE,0,TRUE,TRUE,TRUE
"controlled_permutation","pectinate",2000,1,19,"identity",2,1,13,1,0.00273188412511931,0.00273188412511931,TRUE,0,TRUE,TRUE,TRUE
"controlled_permutation","pectinate",2000,1,19,"identity",2,1,14,1,0.00273188412511931,0.00273188412511931,TRUE,0,TRUE,TRUE,TRUE
"controlled_permutation","pectinate",2000,1,19,"identity",2,1,15,1,0.00273188412511931,0.00273188412511931,TRUE,0,TRUE,TRUE,TRUE
"controlled_permutation","pectinate",2000,1,19,"identity",2,1,16,1,0.00273188412511931,0.00273188412511931,TRUE,0,TRUE,TRUE,TRUE
"controlled_permutation","pectinate",2000,1,19,"identity",2,1,17,1,0.00273188412511931,0.00273188412511931,TRUE,0,TRUE,TRUE,TRUE
"controlled_permutation","pectinate",2000,1,19,"identity",2,1,18,1,0.00273188412511931,0.00273188412511931,TRUE,0,TRUE,TRUE,TRUE
"controlled_permutation","pectinate",2000,1,19,"identity",2,1,19,1,0.00273188412511931,0.00273188412511931,TRUE,0,TRUE,TRUE,TRUE
"controlled_permutation","pectinate",2000,1,19,"identity",4,1,1,1,0.00273188412511931,0.00273188412511931,TRUE,0,TRUE,TRUE,TRUE
"controlled_permutation","pectinate",2000,1,19,"identity",4,1,2,1,0.00273188412511931,0.00273188412511931,TRUE,0,TRUE,TRUE,TRUE
"controlled_permutation","pectinate",2000,1,19,"identity",4,1,3,1,0.00273188412511931,0.00273188412511931,TRUE,0,TRUE,TRUE,TRUE
"controlled_permutation","pectinate",2000,1,19,"identity",4,1,4,1,0.00273188412511931,0.00273188412511931,TRUE,0,TRUE,TRUE,TRUE
"controlled_permutation","pectinate",2000,1,19,"identity",4,1,5,1,0.00273188412511931,0.00273188412511931,TRUE,0,TRUE,TRUE,TRUE
"controlled_permutation","pectinate",2000,1,19,"identity",4,1,6,1,0.00273188412511931,0.00273188412511931,TRUE,0,TRUE,TRUE,TRUE
"controlled_permutation","pectinate",2000,1,19,"identity",4,1,7,1,0.00273188412511931,0.00273188412511931,TRUE,0,TRUE,TRUE,TRUE
"controlled_permutation","pectinate",2000,1,19,"identity",4,1,8,1,0.00273188412511931,0.00273188412511931,TRUE,0,TRUE,TRUE,TRUE
"controlled_permutation","pectinate",2000,1,19,"identity",4,1,9,1,0.00273188412511931,0.00273188412511931,TRUE,0,TRUE,TRUE,TRUE
"controlled_permutation","pectinate",2000,1,19,"identity",4,1,10,1,0.00273188412511931,0.00273188412511931,TRUE,0,TRUE,TRUE,TRUE
"controlled_permutation","pectinate",2000,1,19,"identity",4,1,11,1,0.00273188412511931,0.00273188412511931,TRUE,0,TRUE,TRUE,TRUE
"controlled_permutation","pectinate",2000,1,19,"identity",4,1,12,1,0.00273188412511931,0.00273188412511931,TRUE,0,TRUE,TRUE,TRUE
"controlled_permutation","pectinate",2000,1,19,"identity",4,1,13,1,0.00273188412511931,0.00273188412511931,TRUE,0,TRUE,TRUE,TRUE
"controlled_permutation","pectinate",2000,1,19,"identity",4,1,14,1,0.00273188412511931,0.00273188412511931,TRUE,0,TRUE,TRUE,TRUE
"controlled_permutation","pectinate",2000,1,19,"identity",4,1,15,1,0.00273188412511931,0.00273188412511931,TRUE,0,TRUE,TRUE,TRUE
"controlled_permutation","pectinate",2000,1,19,"identity",4,1,16,1,0.00273188412511931,0.00273188412511931,TRUE,0,TRUE,TRUE,TRUE
"controlled_permutation","pectinate",2000,1,19,"identity",4,1,17,1,0.00273188412511931,0.00273188412511931,TRUE,0,TRUE,TRUE,TRUE
"controlled_permutation","pectinate",2000,1,19,"identity",4,1,18,1,0.00273188412511931,0.00273188412511931,TRUE,0,TRUE,TRUE,TRUE
"controlled_permutation","pectinate",2000,1,19,"identity",4,1,19,1,0.00273188412511931,0.00273188412511931,TRUE,0,TRUE,TRUE,TRUE
"controlled_permutation","pectinate",2000,1,19,"identity",8,1,1,1,0.00273188412511931,0.00273188412511931,TRUE,0,TRUE,TRUE,TRUE
"controlled_permutation","pectinate",2000,1,19,"identity",8,1,2,1,0.00273188412511931,0.00273188412511931,TRUE,0,TRUE,TRUE,TRUE
"controlled_permutation","pectinate",2000,1,19,"identity",8,1,3,1,0.00273188412511931,0.00273188412511931,TRUE,0,TRUE,TRUE,TRUE
"controlled_permutation","pectinate",2000,1,19,"identity",8,1,4,1,0.00273188412511931,0.00273188412511931,TRUE,0,TRUE,TRUE,TRUE
"controlled_permutation","pectinate",2000,1,19,"identity",8,1,5,1,0.00273188412511931,0.00273188412511931,TRUE,0,TRUE,TRUE,TRUE
"controlled_permutation","pectinate",2000,1,19,"identity",8,1,6,1,0.00273188412511931,0.00273188412511931,TRUE,0,TRUE,TRUE,TRUE
"controlled_permutation","pectinate",2000,1,19,"identity",8,1,7,1,0.00273188412511931,0.00273188412511931,TRUE,0,TRUE,TRUE,TRUE
"controlled_permutation","pectinate",2000,1,19,"identity",8,1,8,1,0.00273188412511931,0.00273188412511931,TRUE,0,TRUE,TRUE,TRUE
"controlled_permutation","pectinate",2000,1,19,"identity",8,1,9,1,0.00273188412511931,0.00273188412511931,TRUE,0,TRUE,TRUE,TRUE
"controlled_permutation","pectinate",2000,1,19,"identity",8,1,10,1,0.00273188412511931,0.00273188412511931,TRUE,0,TRUE,TRUE,TRUE
"controlled_permutation","pectinate",2000,1,19,"identity",8,1,11,1,0.00273188412511931,0.00273188412511931,TRUE,0,TRUE,TRUE,TRUE
"controlled_permutation","pectinate",2000,1,19,"identity",8,1,12,1,0.00273188412511931,0.00273188412511931,TRUE,0,TRUE,TRUE,TRUE
"controlled_permutation","pectinate",2000,1,19,"identity",8,1,13,1,0.00273188412511931,0.00273188412511931,TRUE,0,TRUE,TRUE,TRUE
"controlled_permutation","pectinate",2000,1,19,"identity",8,1,14,1,0.00273188412511931,0.00273188412511931,TRUE,0,TRUE,TRUE,TRUE
"controlled_permutation","pectinate",2000,1,19,"identity",8,1,15,1,0.00273188412511931,0.00273188412511931,TRUE,0,TRUE,TRUE,TRUE
"controlled_permutation","pectinate",2000,1,19,"identity",8,1,16,1,0.00273188412511931,0.00273188412511931,TRUE,0,TRUE,TRUE,TRUE
"controlled_permutation","pectinate",2000,1,19,"identity",8,1,17,1,0.00273188412511931,0.00273188412511931,TRUE,0,TRUE,TRUE,TRUE
"controlled_permutation","pectinate",2000,1,19,"identity",8,1,18,1,0.00273188412511931,0.00273188412511931,TRUE,0,TRUE,TRUE,TRUE
"controlled_permutation","pectinate",2000,1,19,"identity",8,1,19,1,0.00273188412511931,0.00273188412511931,TRUE,0,TRUE,TRUE,TRUE
"controlled_permutation","pectinate",2000,1,19,"identity",16,1,1,1,0.00273188412511931,0.00273188412511931,TRUE,0,TRUE,TRUE,TRUE
"controlled_permutation","pectinate",2000,1,19,"identity",16,1,2,1,0.00273188412511931,0.00273188412511931,TRUE,0,TRUE,TRUE,TRUE
"controlled_permutation","pectinate",2000,1,19,"identity",16,1,3,1,0.00273188412511931,0.00273188412511931,TRUE,0,TRUE,TRUE,TRUE
"controlled_permutation","pectinate",2000,1,19,"identity",16,1,4,1,0.00273188412511931,0.00273188412511931,TRUE,0,TRUE,TRUE,TRUE
"controlled_permutation","pectinate",2000,1,19,"identity",16,1,5,1,0.00273188412511931,0.00273188412511931,TRUE,0,TRUE,TRUE,TRUE
"controlled_permutation","pectinate",2000,1,19,"identity",16,1,6,1,0.00273188412511931,0.00273188412511931,TRUE,0,TRUE,TRUE,TRUE
"controlled_permutation","pectinate",2000,1,19,"identity",16,1,7,1,0.00273188412511931,0.00273188412511931,TRUE,0,TRUE,TRUE,TRUE
"controlled_permutation","pectinate",2000,1,19,"identity",16,1,8,1,0.00273188412511931,0.00273188412511931,TRUE,0,TRUE,TRUE,TRUE
"controlled_permutation","pectinate",2000,1,19,"identity",16,1,9,1,0.00273188412511931,0.00273188412511931,TRUE,0,TRUE,TRUE,TRUE
"controlled_permutation","pectinate",2000,1,19,"identity",16,1,10,1,0.00273188412511931,0.00273188412511931,TRUE,0,TRUE,TRUE,TRUE
"controlled_permutation","pectinate",2000,1,19,"identity",16,1,11,1,0.00273188412511931,0.00273188412511931,TRUE,0,TRUE,TRUE,TRUE
"controlled_permutation","pectinate",2000,1,19,"identity",16,1,12,1,0.00273188412511931,0.00273188412511931,TRUE,0,TRUE,TRUE,TRUE
"controlled_permutation","pectinate",2000,1,19,"identity",16,1,13,1,0.00273188412511931,0.00273188412511931,TRUE,0,TRUE,TRUE,TRUE
"controlled_permutation","pectinate",2000,1,19,"identity",16,1,14,1,0.00273188412511931,0.00273188412511931,TRUE,0,TRUE,TRUE,TRUE
"controlled_permutation","pectinate",2000,1,19,"identity",16,1,15,1,0.00273188412511931,0.00273188412511931,TRUE,0,TRUE,TRUE,TRUE
"controlled_permutation","pectinate",2000,1,19,"identity",16,1,16,1,0.00273188412511931,0.00273188412511931,TRUE,0,TRUE,TRUE,TRUE
"controlled_permutation","pectinate",2000,1,19,"identity",16,1,17,1,0.00273188412511931,0.00273188412511931,TRUE,0,TRUE,TRUE,TRUE
"controlled_permutation","pectinate",2000,1,19,"identity",16,1,18,1,0.00273188412511931,0.00273188412511931,TRUE,0,TRUE,TRUE,TRUE
"controlled_permutation","pectinate",2000,1,19,"identity",16,1,19,1,0.00273188412511931,0.00273188412511931,TRUE,0,TRUE,TRUE,TRUE
"controlled_permutation","pectinate",2000,1,19,"single_swap",2,1,1,1,0.00273188412511931,0.00273188412511931,TRUE,0,TRUE,TRUE,TRUE
"controlled_permutation","pectinate",2000,1,19,"single_swap",2,1,2,1,0.00215799402596018,0.00215799402596018,TRUE,0,TRUE,TRUE,TRUE
"controlled_permutation","pectinate",2000,1,19,"single_swap",2,1,3,1,0.00271718309748238,0.00271718309748238,TRUE,0,TRUE,TRUE,TRUE
"controlled_permutation","pectinate",2000,1,19,"single_swap",2,1,4,1,0.00266087063833247,0.00266087063833247,TRUE,0,TRUE,TRUE,TRUE
"controlled_permutation","pectinate",2000,1,19,"single_swap",2,1,5,1,0.00281098079956015,0.00281098079956015,TRUE,0,TRUE,TRUE,TRUE
"controlled_permutation","pectinate",2000,1,19,"single_swap",2,1,6,1,0.00268290970420188,0.00268290970420188,TRUE,0,TRUE,TRUE,TRUE
"controlled_permutation","pectinate",2000,1,19,"single_swap",2,1,7,1,0.00273841070658892,0.00273841070658892,TRUE,0,TRUE,TRUE,TRUE
"controlled_permutation","pectinate",2000,1,19,"single_swap",2,1,8,1,0.00273487601278601,0.00273487601278601,TRUE,0,TRUE,TRUE,TRUE
"controlled_permutation","pectinate",2000,1,19,"single_swap",2,1,9,1,0.00273356761121224,0.00273356761121224,TRUE,0,TRUE,TRUE,TRUE
"controlled_permutation","pectinate",2000,1,19,"single_swap",2,1,10,1,0.00273188456413453,0.00273188456413453,TRUE,0,TRUE,TRUE,TRUE
"controlled_permutation","pectinate",2000,1,19,"single_swap",2,1,11,1,0.00273182861960632,0.00273182861960632,TRUE,0,TRUE,TRUE,TRUE
"controlled_permutation","pectinate",2000,1,19,"single_swap",2,1,12,1,0.00273133826299493,0.00273133826299493,TRUE,0,TRUE,TRUE,TRUE
"controlled_permutation","pectinate",2000,1,19,"single_swap",2,1,13,1,0.00273183618727105,0.00273183618727105,TRUE,0,TRUE,TRUE,TRUE
"controlled_permutation","pectinate",2000,1,19,"single_swap",2,1,14,1,0.00273518130532573,0.00273518130532573,TRUE,0,TRUE,TRUE,TRUE
"controlled_permutation","pectinate",2000,1,19,"single_swap",2,1,15,1,0.00272885000693987,0.00272885000693987,TRUE,0,TRUE,TRUE,TRUE
"controlled_permutation","pectinate",2000,1,19,"single_swap",2,1,16,1,0.00272769150618224,0.00272769150618224,TRUE,0,TRUE,TRUE,TRUE
"controlled_permutation","pectinate",2000,1,19,"single_swap",2,1,17,1,0.00273352521353548,0.00273352521353548,TRUE,0,TRUE,TRUE,TRUE
"controlled_permutation","pectinate",2000,1,19,"single_swap",2,1,18,1,0.0027314304774577,0.0027314304774577,TRUE,0,TRUE,TRUE,TRUE
"controlled_permutation","pectinate",2000,1,19,"single_swap",2,1,19,1,0.00273257293236187,0.00273257293236187,TRUE,0,TRUE,TRUE,TRUE
"controlled_permutation","pectinate",2000,1,19,"single_swap",4,1,1,1,0.00273188412511931,0.00273188412511931,TRUE,0,TRUE,TRUE,TRUE
"controlled_permutation","pectinate",2000,1,19,"single_swap",4,1,2,1,0.00215799402596018,0.00215799402596018,TRUE,0,TRUE,TRUE,TRUE
"controlled_permutation","pectinate",2000,1,19,"single_swap",4,1,3,1,0.00271718309748238,0.00271718309748238,TRUE,0,TRUE,TRUE,TRUE
"controlled_permutation","pectinate",2000,1,19,"single_swap",4,1,4,1,0.00266087063833247,0.00266087063833247,TRUE,0,TRUE,TRUE,TRUE
"controlled_permutation","pectinate",2000,1,19,"single_swap",4,1,5,1,0.00281098079956015,0.00281098079956015,TRUE,0,TRUE,TRUE,TRUE
"controlled_permutation","pectinate",2000,1,19,"single_swap",4,1,6,1,0.00268290970420188,0.00268290970420188,TRUE,0,TRUE,TRUE,TRUE
"controlled_permutation","pectinate",2000,1,19,"single_swap",4,1,7,1,0.00273841070658892,0.00273841070658892,TRUE,0,TRUE,TRUE,TRUE
"controlled_permutation","pectinate",2000,1,19,"single_swap",4,1,8,1,0.00273487601278601,0.00273487601278601,TRUE,0,TRUE,TRUE,TRUE
"controlled_permutation","pectinate",2000,1,19,"single_swap",4,1,9,1,0.00273356761121224,0.00273356761121224,TRUE,0,TRUE,TRUE,TRUE
"controlled_permutation","pectinate",2000,1,19,"single_swap",4,1,10,1,0.00273188456413453,0.00273188456413453,TRUE,0,TRUE,TRUE,TRUE
"controlled_permutation","pectinate",2000,1,19,"single_swap",4,1,11,1,0.00273182861960632,0.00273182861960632,TRUE,0,TRUE,TRUE,TRUE
"controlled_permutation","pectinate",2000,1,19,"single_swap",4,1,12,1,0.00273133826299493,0.00273133826299493,TRUE,0,TRUE,TRUE,TRUE
"controlled_permutation","pectinate",2000,1,19,"single_swap",4,1,13,1,0.00273183618727105,0.00273183618727105,TRUE,0,TRUE,TRUE,TRUE
"controlled_permutation","pectinate",2000,1,19,"single_swap",4,1,14,1,0.00273518130532573,0.00273518130532573,TRUE,0,TRUE,TRUE,TRUE
"controlled_permutation","pectinate",2000,1,19,"single_swap",4,1,15,1,0.00272885000693987,0.00272885000693987,TRUE,0,TRUE,TRUE,TRUE
"controlled_permutation","pectinate",2000,1,19,"single_swap",4,1,16,1,0.00272769150618224,0.00272769150618224,TRUE,0,TRUE,TRUE,TRUE
"controlled_permutation","pectinate",2000,1,19,"single_swap",4,1,17,1,0.00273352521353548,0.00273352521353548,TRUE,0,TRUE,TRUE,TRUE
"controlled_permutation","pectinate",2000,1,19,"single_swap",4,1,18,1,0.0027314304774577,0.0027314304774577,TRUE,0,TRUE,TRUE,TRUE
"controlled_permutation","pectinate",2000,1,19,"single_swap",4,1,19,1,0.00273257293236187,0.00273257293236187,TRUE,0,TRUE,TRUE,TRUE
"controlled_permutation","pectinate",2000,1,19,"single_swap",8,1,1,1,0.00273188412511931,0.00273188412511931,TRUE,0,TRUE,TRUE,TRUE
"controlled_permutation","pectinate",2000,1,19,"single_swap",8,1,2,1,0.00215799402596018,0.00215799402596018,TRUE,0,TRUE,TRUE,TRUE
"controlled_permutation","pectinate",2000,1,19,"single_swap",8,1,3,1,0.00271718309748238,0.00271718309748238,TRUE,0,TRUE,TRUE,TRUE
"controlled_permutation","pectinate",2000,1,19,"single_swap",8,1,4,1,0.00266087063833247,0.00266087063833247,TRUE,0,TRUE,TRUE,TRUE
"controlled_permutation","pectinate",2000,1,19,"single_swap",8,1,5,1,0.00281098079956015,0.00281098079956015,TRUE,0,TRUE,TRUE,TRUE
"controlled_permutation","pectinate",2000,1,19,"single_swap",8,1,6,1,0.00268290970420188,0.00268290970420188,TRUE,0,TRUE,TRUE,TRUE
"controlled_permutation","pectinate",2000,1,19,"single_swap",8,1,7,1,0.00273841070658892,0.00273841070658892,TRUE,0,TRUE,TRUE,TRUE
"controlled_permutation","pectinate",2000,1,19,"single_swap",8,1,8,1,0.00273487601278601,0.00273487601278601,TRUE,0,TRUE,TRUE,TRUE
"controlled_permutation","pectinate",2000,1,19,"single_swap",8,1,9,1,0.00273356761121224,0.00273356761121224,TRUE,0,TRUE,TRUE,TRUE
"controlled_permutation","pectinate",2000,1,19,"single_swap",8,1,10,1,0.00273188456413453,0.00273188456413453,TRUE,0,TRUE,TRUE,TRUE
"controlled_permutation","pectinate",2000,1,19,"single_swap",8,1,11,1,0.00273182861960632,0.00273182861960632,TRUE,0,TRUE,TRUE,TRUE
"controlled_permutation","pectinate",2000,1,19,"single_swap",8,1,12,1,0.00273133826299493,0.00273133826299493,TRUE,0,TRUE,TRUE,TRUE
"controlled_permutation","pectinate",2000,1,19,"single_swap",8,1,13,1,0.00273183618727105,0.00273183618727105,TRUE,0,TRUE,TRUE,TRUE
"controlled_permutation","pectinate",2000,1,19,"single_swap",8,1,14,1,0.00273518130532573,0.00273518130532573,TRUE,0,TRUE,TRUE,TRUE
"controlled_permutation","pectinate",2000,1,19,"single_swap",8,1,15,1,0.00272885000693987,0.00272885000693987,TRUE,0,TRUE,TRUE,TRUE
"controlled_permutation","pectinate",2000,1,19,"single_swap",8,1,16,1,0.00272769150618224,0.00272769150618224,TRUE,0,TRUE,TRUE,TRUE
"controlled_permutation","pectinate",2000,1,19,"single_swap",8,1,17,1,0.00273352521353548,0.00273352521353548,TRUE,0,TRUE,TRUE,TRUE
"controlled_permutation","pectinate",2000,1,19,"single_swap",8,1,18,1,0.0027314304774577,0.0027314304774577,TRUE,0,TRUE,TRUE,TRUE
"controlled_permutation","pectinate",2000,1,19,"single_swap",8,1,19,1,0.00273257293236187,0.00273257293236187,TRUE,0,TRUE,TRUE,TRUE
"controlled_permutation","pectinate",2000,1,19,"single_swap",16,1,1,1,0.00273188412511931,0.00273188412511931,TRUE,0,TRUE,TRUE,TRUE
"controlled_permutation","pectinate",2000,1,19,"single_swap",16,1,2,1,0.00215799402596018,0.00215799402596018,TRUE,0,TRUE,TRUE,TRUE
"controlled_permutation","pectinate",2000,1,19,"single_swap",16,1,3,1,0.00271718309748238,0.00271718309748238,TRUE,0,TRUE,TRUE,TRUE
"controlled_permutation","pectinate",2000,1,19,"single_swap",16,1,4,1,0.00266087063833247,0.00266087063833247,TRUE,0,TRUE,TRUE,TRUE
"controlled_permutation","pectinate",2000,1,19,"single_swap",16,1,5,1,0.00281098079956015,0.00281098079956015,TRUE,0,TRUE,TRUE,TRUE
"controlled_permutation","pectinate",2000,1,19,"single_swap",16,1,6,1,0.00268290970420188,0.00268290970420188,TRUE,0,TRUE,TRUE,TRUE
"controlled_permutation","pectinate",2000,1,19,"single_swap",16,1,7,1,0.00273841070658892,0.00273841070658892,TRUE,0,TRUE,TRUE,TRUE
"controlled_permutation","pectinate",2000,1,19,"single_swap",16,1,8,1,0.00273487601278601,0.00273487601278601,TRUE,0,TRUE,TRUE,TRUE
"controlled_permutation","pectinate",2000,1,19,"single_swap",16,1,9,1,0.00273356761121224,0.00273356761121224,TRUE,0,TRUE,TRUE,TRUE
"controlled_permutation","pectinate",2000,1,19,"single_swap",16,1,10,1,0.00273188456413453,0.00273188456413453,TRUE,0,TRUE,TRUE,TRUE
"controlled_permutation","pectinate",2000,1,19,"single_swap",16,1,11,1,0.00273182861960632,0.00273182861960632,TRUE,0,TRUE,TRUE,TRUE
"controlled_permutation","pectinate",2000,1,19,"single_swap",16,1,12,1,0.00273133826299493,0.00273133826299493,TRUE,0,TRUE,TRUE,TRUE
"controlled_permutation","pectinate",2000,1,19,"single_swap",16,1,13,1,0.00273183618727105,0.00273183618727105,TRUE,0,TRUE,TRUE,TRUE
"controlled_permutation","pectinate",2000,1,19,"single_swap",16,1,14,1,0.00273518130532573,0.00273518130532573,TRUE,0,TRUE,TRUE,TRUE
"controlled_permutation","pectinate",2000,1,19,"single_swap",16,1,15,1,0.00272885000693987,0.00272885000693987,TRUE,0,TRUE,TRUE,TRUE
"controlled_permutation","pectinate",2000,1,19,"single_swap",16,1,16,1,0.00272769150618224,0.00272769150618224,TRUE,0,TRUE,TRUE,TRUE
"controlled_permutation","pectinate",2000,1,19,"single_swap",16,1,17,1,0.00273352521353548,0.00273352521353548,TRUE,0,TRUE,TRUE,TRUE
"controlled_permutation","pectinate",2000,1,19,"single_swap",16,1,18,1,0.0027314304774577,0.0027314304774577,TRUE,0,TRUE,TRUE,TRUE
"controlled_permutation","pectinate",2000,1,19,"single_swap",16,1,19,1,0.00273257293236187,0.00273257293236187,TRUE,0,TRUE,TRUE,TRUE
"controlled_permutation","pectinate",2000,1,19,"reverse",2,1,1,1,0.00273188412511931,0.00273188412511931,TRUE,0,TRUE,TRUE,TRUE
"controlled_permutation","pectinate",2000,1,19,"reverse",2,1,2,1,0.00196497905764893,0.00196497905764893,TRUE,0,TRUE,TRUE,TRUE
"controlled_permutation","pectinate",2000,1,19,"reverse",2,1,3,1,0.00196497905764893,0.00196497905764893,TRUE,0,TRUE,TRUE,TRUE
"controlled_permutation","pectinate",2000,1,19,"reverse",2,1,4,1,0.00196497905764893,0.00196497905764893,TRUE,0,TRUE,TRUE,TRUE
"controlled_permutation","pectinate",2000,1,19,"reverse",2,1,5,1,0.00196497905764893,0.00196497905764893,TRUE,0,TRUE,TRUE,TRUE
"controlled_permutation","pectinate",2000,1,19,"reverse",2,1,6,1,0.00196497905764893,0.00196497905764893,TRUE,0,TRUE,TRUE,TRUE
"controlled_permutation","pectinate",2000,1,19,"reverse",2,1,7,1,0.00196497905764893,0.00196497905764893,TRUE,0,TRUE,TRUE,TRUE
"controlled_permutation","pectinate",2000,1,19,"reverse",2,1,8,1,0.00196497905764893,0.00196497905764893,TRUE,0,TRUE,TRUE,TRUE
"controlled_permutation","pectinate",2000,1,19,"reverse",2,1,9,1,0.00196497905764893,0.00196497905764893,TRUE,0,TRUE,TRUE,TRUE
"controlled_permutation","pectinate",2000,1,19,"reverse",2,1,10,1,0.00196497905764893,0.00196497905764893,TRUE,0,TRUE,TRUE,TRUE
"controlled_permutation","pectinate",2000,1,19,"reverse",2,1,11,1,0.00196497905764893,0.00196497905764893,TRUE,0,TRUE,TRUE,TRUE
"controlled_permutation","pectinate",2000,1,19,"reverse",2,1,12,1,0.00196497905764893,0.00196497905764893,TRUE,0,TRUE,TRUE,TRUE
"controlled_permutation","pectinate",2000,1,19,"reverse",2,1,13,1,0.00196497905764893,0.00196497905764893,TRUE,0,TRUE,TRUE,TRUE
"controlled_permutation","pectinate",2000,1,19,"reverse",2,1,14,1,0.00196497905764893,0.00196497905764893,TRUE,0,TRUE,TRUE,TRUE
"controlled_permutation","pectinate",2000,1,19,"reverse",2,1,15,1,0.00196497905764893,0.00196497905764893,TRUE,0,TRUE,TRUE,TRUE
"controlled_permutation","pectinate",2000,1,19,"reverse",2,1,16,1,0.00196497905764893,0.00196497905764893,TRUE,0,TRUE,TRUE,TRUE
"controlled_permutation","pectinate",2000,1,19,"reverse",2,1,17,1,0.00196497905764893,0.00196497905764893,TRUE,0,TRUE,TRUE,TRUE
"controlled_permutation","pectinate",2000,1,19,"reverse",2,1,18,1,0.00196497905764893,0.00196497905764893,TRUE,0,TRUE,TRUE,TRUE
"controlled_permutation","pectinate",2000,1,19,"reverse",2,1,19,1,0.00196497905764893,0.00196497905764893,TRUE,0,TRUE,TRUE,TRUE
"controlled_permutation","pectinate",2000,1,19,"reverse",4,1,1,1,0.00273188412511931,0.00273188412511931,TRUE,0,TRUE,TRUE,TRUE
"controlled_permutation","pectinate",2000,1,19,"reverse",4,1,2,1,0.00196497905764893,0.00196497905764893,TRUE,0,TRUE,TRUE,TRUE
"controlled_permutation","pectinate",2000,1,19,"reverse",4,1,3,1,0.00196497905764893,0.00196497905764893,TRUE,0,TRUE,TRUE,TRUE
"controlled_permutation","pectinate",2000,1,19,"reverse",4,1,4,1,0.00196497905764893,0.00196497905764893,TRUE,0,TRUE,TRUE,TRUE
"controlled_permutation","pectinate",2000,1,19,"reverse",4,1,5,1,0.00196497905764893,0.00196497905764893,TRUE,0,TRUE,TRUE,TRUE
"controlled_permutation","pectinate",2000,1,19,"reverse",4,1,6,1,0.00196497905764893,0.00196497905764893,TRUE,0,TRUE,TRUE,TRUE
"controlled_permutation","pectinate",2000,1,19,"reverse",4,1,7,1,0.00196497905764893,0.00196497905764893,TRUE,0,TRUE,TRUE,TRUE
"controlled_permutation","pectinate",2000,1,19,"reverse",4,1,8,1,0.00196497905764893,0.00196497905764893,TRUE,0,TRUE,TRUE,TRUE
"controlled_permutation","pectinate",2000,1,19,"reverse",4,1,9,1,0.00196497905764893,0.00196497905764893,TRUE,0,TRUE,TRUE,TRUE
"controlled_permutation","pectinate",2000,1,19,"reverse",4,1,10,1,0.00196497905764893,0.00196497905764893,TRUE,0,TRUE,TRUE,TRUE
"controlled_permutation","pectinate",2000,1,19,"reverse",4,1,11,1,0.00196497905764893,0.00196497905764893,TRUE,0,TRUE,TRUE,TRUE
"controlled_permutation","pectinate",2000,1,19,"reverse",4,1,12,1,0.00196497905764893,0.00196497905764893,TRUE,0,TRUE,TRUE,TRUE
"controlled_permutation","pectinate",2000,1,19,"reverse",4,1,13,1,0.00196497905764893,0.00196497905764893,TRUE,0,TRUE,TRUE,TRUE
"controlled_permutation","pectinate",2000,1,19,"reverse",4,1,14,1,0.00196497905764893,0.00196497905764893,TRUE,0,TRUE,TRUE,TRUE
"controlled_permutation","pectinate",2000,1,19,"reverse",4,1,15,1,0.00196497905764893,0.00196497905764893,TRUE,0,TRUE,TRUE,TRUE
"controlled_permutation","pectinate",2000,1,19,"reverse",4,1,16,1,0.00196497905764893,0.00196497905764893,TRUE,0,TRUE,TRUE,TRUE
"controlled_permutation","pectinate",2000,1,19,"reverse",4,1,17,1,0.00196497905764893,0.00196497905764893,TRUE,0,TRUE,TRUE,TRUE
"controlled_permutation","pectinate",2000,1,19,"reverse",4,1,18,1,0.00196497905764893,0.00196497905764893,TRUE,0,TRUE,TRUE,TRUE
"controlled_permutation","pectinate",2000,1,19,"reverse",4,1,19,1,0.00196497905764893,0.00196497905764893,TRUE,0,TRUE,TRUE,TRUE
"controlled_permutation","pectinate",2000,1,19,"reverse",8,1,1,1,0.00273188412511931,0.00273188412511931,TRUE,0,TRUE,TRUE,TRUE
"controlled_permutation","pectinate",2000,1,19,"reverse",8,1,2,1,0.00196497905764893,0.00196497905764893,TRUE,0,TRUE,TRUE,TRUE
"controlled_permutation","pectinate",2000,1,19,"reverse",8,1,3,1,0.00196497905764893,0.00196497905764893,TRUE,0,TRUE,TRUE,TRUE
"controlled_permutation","pectinate",2000,1,19,"reverse",8,1,4,1,0.00196497905764893,0.00196497905764893,TRUE,0,TRUE,TRUE,TRUE
"controlled_permutation","pectinate",2000,1,19,"reverse",8,1,5,1,0.00196497905764893,0.00196497905764893,TRUE,0,TRUE,TRUE,TRUE
"controlled_permutation","pectinate",2000,1,19,"reverse",8,1,6,1,0.00196497905764893,0.00196497905764893,TRUE,0,TRUE,TRUE,TRUE
"controlled_permutation","pectinate",2000,1,19,"reverse",8,1,7,1,0.00196497905764893,0.00196497905764893,TRUE,0,TRUE,TRUE,TRUE
"controlled_permutation","pectinate",2000,1,19,"reverse",8,1,8,1,0.00196497905764893,0.00196497905764893,TRUE,0,TRUE,TRUE,TRUE
"controlled_permutation","pectinate",2000,1,19,"reverse",8,1,9,1,0.00196497905764893,0.00196497905764893,TRUE,0,TRUE,TRUE,TRUE
"controlled_permutation","pectinate",2000,1,19,"reverse",8,1,10,1,0.00196497905764893,0.00196497905764893,TRUE,0,TRUE,TRUE,TRUE
"controlled_permutation","pectinate",2000,1,19,"reverse",8,1,11,1,0.00196497905764893,0.00196497905764893,TRUE,0,TRUE,TRUE,TRUE
"controlled_permutation","pectinate",2000,1,19,"reverse",8,1,12,1,0.00196497905764893,0.00196497905764893,TRUE,0,TRUE,TRUE,TRUE
"controlled_permutation","pectinate",2000,1,19,"reverse",8,1,13,1,0.00196497905764893,0.00196497905764893,TRUE,0,TRUE,TRUE,TRUE
"controlled_permutation","pectinate",2000,1,19,"reverse",8,1,14,1,0.00196497905764893,0.00196497905764893,TRUE,0,TRUE,TRUE,TRUE
"controlled_permutation","pectinate",2000,1,19,"reverse",8,1,15,1,0.00196497905764893,0.00196497905764893,TRUE,0,TRUE,TRUE,TRUE
"controlled_permutation","pectinate",2000,1,19,"reverse",8,1,16,1,0.00196497905764893,0.00196497905764893,TRUE,0,TRUE,TRUE,TRUE
"controlled_permutation","pectinate",2000,1,19,"reverse",8,1,17,1,0.00196497905764893,0.00196497905764893,TRUE,0,TRUE,TRUE,TRUE
"controlled_permutation","pectinate",2000,1,19,"reverse",8,1,18,1,0.00196497905764893,0.00196497905764893,TRUE,0,TRUE,TRUE,TRUE
"controlled_permutation","pectinate",2000,1,19,"reverse",8,1,19,1,0.00196497905764893,0.00196497905764893,TRUE,0,TRUE,TRUE,TRUE
"controlled_permutation","pectinate",2000,1,19,"reverse",16,1,1,1,0.00273188412511931,0.00273188412511931,TRUE,0,TRUE,TRUE,TRUE
"controlled_permutation","pectinate",2000,1,19,"reverse",16,1,2,1,0.00196497905764893,0.00196497905764893,TRUE,0,TRUE,TRUE,TRUE
"controlled_permutation","pectinate",2000,1,19,"reverse",16,1,3,1,0.00196497905764893,0.00196497905764893,TRUE,0,TRUE,TRUE,TRUE
"controlled_permutation","pectinate",2000,1,19,"reverse",16,1,4,1,0.00196497905764893,0.00196497905764893,TRUE,0,TRUE,TRUE,TRUE
"controlled_permutation","pectinate",2000,1,19,"reverse",16,1,5,1,0.00196497905764893,0.00196497905764893,TRUE,0,TRUE,TRUE,TRUE
"controlled_permutation","pectinate",2000,1,19,"reverse",16,1,6,1,0.00196497905764893,0.00196497905764893,TRUE,0,TRUE,TRUE,TRUE
"controlled_permutation","pectinate",2000,1,19,"reverse",16,1,7,1,0.00196497905764893,0.00196497905764893,TRUE,0,TRUE,TRUE,TRUE
"controlled_permutation","pectinate",2000,1,19,"reverse",16,1,8,1,0.00196497905764893,0.00196497905764893,TRUE,0,TRUE,TRUE,TRUE
"controlled_permutation","pectinate",2000,1,19,"reverse",16,1,9,1,0.00196497905764893,0.00196497905764893,TRUE,0,TRUE,TRUE,TRUE
"controlled_permutation","pectinate",2000,1,19,"reverse",16,1,10,1,0.00196497905764893,0.00196497905764893,TRUE,0,TRUE,TRUE,TRUE
"controlled_permutation","pectinate",2000,1,19,"reverse",16,1,11,1,0.00196497905764893,0.00196497905764893,TRUE,0,TRUE,TRUE,TRUE
"controlled_permutation","pectinate",2000,1,19,"reverse",16,1,12,1,0.00196497905764893,0.00196497905764893,TRUE,0,TRUE,TRUE,TRUE
"controlled_permutation","pectinate",2000,1,19,"reverse",16,1,13,1,0.00196497905764893,0.00196497905764893,TRUE,0,TRUE,TRUE,TRUE
"controlled_permutation","pectinate",2000,1,19,"reverse",16,1,14,1,0.00196497905764893,0.00196497905764893,TRUE,0,TRUE,TRUE,TRUE
"controlled_permutation","pectinate",2000,1,19,"reverse",16,1,15,1,0.00196497905764893,0.00196497905764893,TRUE,0,TRUE,TRUE,TRUE
"controlled_permutation","pectinate",2000,1,19,"reverse",16,1,16,1,0.00196497905764893,0.00196497905764893,TRUE,0,TRUE,TRUE,TRUE
"controlled_permutation","pectinate",2000,1,19,"reverse",16,1,17,1,0.00196497905764893,0.00196497905764893,TRUE,0,TRUE,TRUE,TRUE
"controlled_permutation","pectinate",2000,1,19,"reverse",16,1,18,1,0.00196497905764893,0.00196497905764893,TRUE,0,TRUE,TRUE,TRUE
"controlled_permutation","pectinate",2000,1,19,"reverse",16,1,19,1,0.00196497905764893,0.00196497905764893,TRUE,0,TRUE,TRUE,TRUE
"controlled_permutation","pectinate",2000,1,19,"cyclic_shift",2,1,1,1,0.00273188412511931,0.00273188412511931,TRUE,0,TRUE,TRUE,TRUE
"controlled_permutation","pectinate",2000,1,19,"cyclic_shift",2,1,2,1,0.00196064041325814,0.00196064041325814,TRUE,0,TRUE,TRUE,TRUE
"controlled_permutation","pectinate",2000,1,19,"cyclic_shift",2,1,3,1,0.00193279955026907,0.00193279955026907,TRUE,0,TRUE,TRUE,TRUE
"controlled_permutation","pectinate",2000,1,19,"cyclic_shift",2,1,4,1,0.00196037767206965,0.00196037767206965,TRUE,0,TRUE,TRUE,TRUE
"controlled_permutation","pectinate",2000,1,19,"cyclic_shift",2,1,5,1,0.00209549922973429,0.00209549922973429,TRUE,0,TRUE,TRUE,TRUE
"controlled_permutation","pectinate",2000,1,19,"cyclic_shift",2,1,6,1,0.00347393609242338,0.00347393609242338,TRUE,0,TRUE,TRUE,TRUE
"controlled_permutation","pectinate",2000,1,19,"cyclic_shift",2,1,7,1,0.00193295345304905,0.00193295345304905,TRUE,0,TRUE,TRUE,TRUE
"controlled_permutation","pectinate",2000,1,19,"cyclic_shift",2,1,8,1,0.00385510159310825,0.00385510159310825,TRUE,0,TRUE,TRUE,TRUE
"controlled_permutation","pectinate",2000,1,19,"cyclic_shift",2,1,9,1,0.00208021635558342,0.00208021635558342,TRUE,0,TRUE,TRUE,TRUE
"controlled_permutation","pectinate",2000,1,19,"cyclic_shift",2,1,10,1,0.00342984917617665,0.00342984917617665,TRUE,0,TRUE,TRUE,TRUE
"controlled_permutation","pectinate",2000,1,19,"cyclic_shift",2,1,11,1,0.00366584341636986,0.00366584341636986,TRUE,0,TRUE,TRUE,TRUE
"controlled_permutation","pectinate",2000,1,19,"cyclic_shift",2,1,12,1,0.00221252604426062,0.00221252604426062,TRUE,0,TRUE,TRUE,TRUE
"controlled_permutation","pectinate",2000,1,19,"cyclic_shift",2,1,13,1,0.00197838476949312,0.00197838476949312,TRUE,0,TRUE,TRUE,TRUE
"controlled_permutation","pectinate",2000,1,19,"cyclic_shift",2,1,14,1,0.0038994547814694,0.0038994547814694,TRUE,0,TRUE,TRUE,TRUE
"controlled_permutation","pectinate",2000,1,19,"cyclic_shift",2,1,15,1,0.00210174972353295,0.00210174972353295,TRUE,0,TRUE,TRUE,TRUE
"controlled_permutation","pectinate",2000,1,19,"cyclic_shift",2,1,16,1,0.00547235675627371,0.00547235675627371,TRUE,0,TRUE,TRUE,TRUE
"controlled_permutation","pectinate",2000,1,19,"cyclic_shift",2,1,17,1,0.00193754723838053,0.00193754723838053,TRUE,0,TRUE,TRUE,TRUE
"controlled_permutation","pectinate",2000,1,19,"cyclic_shift",2,1,18,1,0.00198063289065639,0.00198063289065639,TRUE,0,TRUE,TRUE,TRUE
"controlled_permutation","pectinate",2000,1,19,"cyclic_shift",2,1,19,1,0.00193242299033558,0.00193242299033558,TRUE,0,TRUE,TRUE,TRUE
"controlled_permutation","pectinate",2000,1,19,"cyclic_shift",4,1,1,1,0.00273188412511931,0.00273188412511931,TRUE,0,TRUE,TRUE,TRUE
"controlled_permutation","pectinate",2000,1,19,"cyclic_shift",4,1,2,1,0.00196064041325814,0.00196064041325814,TRUE,0,TRUE,TRUE,TRUE
"controlled_permutation","pectinate",2000,1,19,"cyclic_shift",4,1,3,1,0.00193279955026907,0.00193279955026907,TRUE,0,TRUE,TRUE,TRUE
"controlled_permutation","pectinate",2000,1,19,"cyclic_shift",4,1,4,1,0.00196037767206965,0.00196037767206965,TRUE,0,TRUE,TRUE,TRUE
"controlled_permutation","pectinate",2000,1,19,"cyclic_shift",4,1,5,1,0.00209549922973429,0.00209549922973429,TRUE,0,TRUE,TRUE,TRUE
"controlled_permutation","pectinate",2000,1,19,"cyclic_shift",4,1,6,1,0.00347393609242338,0.00347393609242338,TRUE,0,TRUE,TRUE,TRUE
"controlled_permutation","pectinate",2000,1,19,"cyclic_shift",4,1,7,1,0.00193295345304905,0.00193295345304905,TRUE,0,TRUE,TRUE,TRUE
"controlled_permutation","pectinate",2000,1,19,"cyclic_shift",4,1,8,1,0.00385510159310825,0.00385510159310825,TRUE,0,TRUE,TRUE,TRUE
"controlled_permutation","pectinate",2000,1,19,"cyclic_shift",4,1,9,1,0.00208021635558342,0.00208021635558342,TRUE,0,TRUE,TRUE,TRUE
"controlled_permutation","pectinate",2000,1,19,"cyclic_shift",4,1,10,1,0.00342984917617665,0.00342984917617665,TRUE,0,TRUE,TRUE,TRUE
"controlled_permutation","pectinate",2000,1,19,"cyclic_shift",4,1,11,1,0.00366584341636986,0.00366584341636986,TRUE,0,TRUE,TRUE,TRUE
"controlled_permutation","pectinate",2000,1,19,"cyclic_shift",4,1,12,1,0.00221252604426062,0.00221252604426062,TRUE,0,TRUE,TRUE,TRUE
"controlled_permutation","pectinate",2000,1,19,"cyclic_shift",4,1,13,1,0.00197838476949312,0.00197838476949312,TRUE,0,TRUE,TRUE,TRUE
"controlled_permutation","pectinate",2000,1,19,"cyclic_shift",4,1,14,1,0.0038994547814694,0.0038994547814694,TRUE,0,TRUE,TRUE,TRUE
"controlled_permutation","pectinate",2000,1,19,"cyclic_shift",4,1,15,1,0.00210174972353295,0.00210174972353295,TRUE,0,TRUE,TRUE,TRUE
"controlled_permutation","pectinate",2000,1,19,"cyclic_shift",4,1,16,1,0.00547235675627371,0.00547235675627371,TRUE,0,TRUE,TRUE,TRUE
"controlled_permutation","pectinate",2000,1,19,"cyclic_shift",4,1,17,1,0.00193754723838053,0.00193754723838053,TRUE,0,TRUE,TRUE,TRUE
"controlled_permutation","pectinate",2000,1,19,"cyclic_shift",4,1,18,1,0.00198063289065639,0.00198063289065639,TRUE,0,TRUE,TRUE,TRUE
"controlled_permutation","pectinate",2000,1,19,"cyclic_shift",4,1,19,1,0.00193242299033558,0.00193242299033558,TRUE,0,TRUE,TRUE,TRUE
"controlled_permutation","pectinate",2000,1,19,"cyclic_shift",8,1,1,1,0.00273188412511931,0.00273188412511931,TRUE,0,TRUE,TRUE,TRUE
"controlled_permutation","pectinate",2000,1,19,"cyclic_shift",8,1,2,1,0.00196064041325814,0.00196064041325814,TRUE,0,TRUE,TRUE,TRUE
"controlled_permutation","pectinate",2000,1,19,"cyclic_shift",8,1,3,1,0.00193279955026907,0.00193279955026907,TRUE,0,TRUE,TRUE,TRUE
"controlled_permutation","pectinate",2000,1,19,"cyclic_shift",8,1,4,1,0.00196037767206965,0.00196037767206965,TRUE,0,TRUE,TRUE,TRUE
"controlled_permutation","pectinate",2000,1,19,"cyclic_shift",8,1,5,1,0.00209549922973429,0.00209549922973429,TRUE,0,TRUE,TRUE,TRUE
"controlled_permutation","pectinate",2000,1,19,"cyclic_shift",8,1,6,1,0.00347393609242338,0.00347393609242338,TRUE,0,TRUE,TRUE,TRUE
"controlled_permutation","pectinate",2000,1,19,"cyclic_shift",8,1,7,1,0.00193295345304905,0.00193295345304905,TRUE,0,TRUE,TRUE,TRUE
"controlled_permutation","pectinate",2000,1,19,"cyclic_shift",8,1,8,1,0.00385510159310825,0.00385510159310825,TRUE,0,TRUE,TRUE,TRUE
"controlled_permutation","pectinate",2000,1,19,"cyclic_shift",8,1,9,1,0.00208021635558342,0.00208021635558342,TRUE,0,TRUE,TRUE,TRUE
"controlled_permutation","pectinate",2000,1,19,"cyclic_shift",8,1,10,1,0.00342984917617665,0.00342984917617665,TRUE,0,TRUE,TRUE,TRUE
"controlled_permutation","pectinate",2000,1,19,"cyclic_shift",8,1,11,1,0.00366584341636986,0.00366584341636986,TRUE,0,TRUE,TRUE,TRUE
"controlled_permutation","pectinate",2000,1,19,"cyclic_shift",8,1,12,1,0.00221252604426062,0.00221252604426062,TRUE,0,TRUE,TRUE,TRUE
"controlled_permutation","pectinate",2000,1,19,"cyclic_shift",8,1,13,1,0.00197838476949312,0.00197838476949312,TRUE,0,TRUE,TRUE,TRUE
"controlled_permutation","pectinate",2000,1,19,"cyclic_shift",8,1,14,1,0.0038994547814694,0.0038994547814694,TRUE,0,TRUE,TRUE,TRUE
"controlled_permutation","pectinate",2000,1,19,"cyclic_shift",8,1,15,1,0.00210174972353295,0.00210174972353295,TRUE,0,TRUE,TRUE,TRUE
"controlled_permutation","pectinate",2000,1,19,"cyclic_shift",8,1,16,1,0.00547235675627371,0.00547235675627371,TRUE,0,TRUE,TRUE,TRUE
"controlled_permutation","pectinate",2000,1,19,"cyclic_shift",8,1,17,1,0.00193754723838053,0.00193754723838053,TRUE,0,TRUE,TRUE,TRUE
"controlled_permutation","pectinate",2000,1,19,"cyclic_shift",8,1,18,1,0.00198063289065639,0.00198063289065639,TRUE,0,TRUE,TRUE,TRUE
"controlled_permutation","pectinate",2000,1,19,"cyclic_shift",8,1,19,1,0.00193242299033558,0.00193242299033558,TRUE,0,TRUE,TRUE,TRUE
"controlled_permutation","pectinate",2000,1,19,"cyclic_shift",16,1,1,1,0.00273188412511931,0.00273188412511931,TRUE,0,TRUE,TRUE,TRUE
"controlled_permutation","pectinate",2000,1,19,"cyclic_shift",16,1,2,1,0.00196064041325814,0.00196064041325814,TRUE,0,TRUE,TRUE,TRUE
"controlled_permutation","pectinate",2000,1,19,"cyclic_shift",16,1,3,1,0.00193279955026907,0.00193279955026907,TRUE,0,TRUE,TRUE,TRUE
"controlled_permutation","pectinate",2000,1,19,"cyclic_shift",16,1,4,1,0.00196037767206965,0.00196037767206965,TRUE,0,TRUE,TRUE,TRUE
"controlled_permutation","pectinate",2000,1,19,"cyclic_shift",16,1,5,1,0.00209549922973429,0.00209549922973429,TRUE,0,TRUE,TRUE,TRUE
"controlled_permutation","pectinate",2000,1,19,"cyclic_shift",16,1,6,1,0.00347393609242338,0.00347393609242338,TRUE,0,TRUE,TRUE,TRUE
"controlled_permutation","pectinate",2000,1,19,"cyclic_shift",16,1,7,1,0.00193295345304905,0.00193295345304905,TRUE,0,TRUE,TRUE,TRUE
"controlled_permutation","pectinate",2000,1,19,"cyclic_shift",16,1,8,1,0.00385510159310825,0.00385510159310825,TRUE,0,TRUE,TRUE,TRUE
"controlled_permutation","pectinate",2000,1,19,"cyclic_shift",16,1,9,1,0.00208021635558342,0.00208021635558342,TRUE,0,TRUE,TRUE,TRUE
"controlled_permutation","pectinate",2000,1,19,"cyclic_shift",16,1,10,1,0.00342984917617665,0.00342984917617665,TRUE,0,TRUE,TRUE,TRUE
"controlled_permutation","pectinate",2000,1,19,"cyclic_shift",16,1,11,1,0.00366584341636986,0.00366584341636986,TRUE,0,TRUE,TRUE,TRUE
"controlled_permutation","pectinate",2000,1,19,"cyclic_shift",16,1,12,1,0.00221252604426062,0.00221252604426062,TRUE,0,TRUE,TRUE,TRUE
"controlled_permutation","pectinate",2000,1,19,"cyclic_shift",16,1,13,1,0.00197838476949312,0.00197838476949312,TRUE,0,TRUE,TRUE,TRUE
"controlled_permutation","pectinate",2000,1,19,"cyclic_shift",16,1,14,1,0.0038994547814694,0.0038994547814694,TRUE,0,TRUE,TRUE,TRUE
"controlled_permutation","pectinate",2000,1,19,"cyclic_shift",16,1,15,1,0.00210174972353295,0.00210174972353295,TRUE,0,TRUE,TRUE,TRUE
"controlled_permutation","pectinate",2000,1,19,"cyclic_shift",16,1,16,1,0.00547235675627371,0.00547235675627371,TRUE,0,TRUE,TRUE,TRUE
"controlled_permutation","pectinate",2000,1,19,"cyclic_shift",16,1,17,1,0.00193754723838053,0.00193754723838053,TRUE,0,TRUE,TRUE,TRUE
"controlled_permutation","pectinate",2000,1,19,"cyclic_shift",16,1,18,1,0.00198063289065639,0.00198063289065639,TRUE,0,TRUE,TRUE,TRUE
"controlled_permutation","pectinate",2000,1,19,"cyclic_shift",16,1,19,1,0.00193242299033558,0.00193242299033558,TRUE,0,TRUE,TRUE,TRUE
"controlled_permutation","pectinate",2000,1,19,"fixed_random",2,1,1,1,0.00273188412511931,0.00273188412511931,TRUE,0,TRUE,TRUE,TRUE
"controlled_permutation","pectinate",2000,1,19,"fixed_random",2,1,2,1,0.00229058895515677,0.00229058895515677,TRUE,0,TRUE,TRUE,TRUE
"controlled_permutation","pectinate",2000,1,19,"fixed_random",2,1,3,1,0.00243955988122617,0.00243955988122617,TRUE,0,TRUE,TRUE,TRUE
"controlled_permutation","pectinate",2000,1,19,"fixed_random",2,1,4,1,0.00332350211891502,0.00332350211891502,TRUE,0,TRUE,TRUE,TRUE
"controlled_permutation","pectinate",2000,1,19,"fixed_random",2,1,5,1,0.00225091218221995,0.00225091218221995,TRUE,0,TRUE,TRUE,TRUE
"controlled_permutation","pectinate",2000,1,19,"fixed_random",2,1,6,1,0.00200361065425404,0.00200361065425404,TRUE,0,TRUE,TRUE,TRUE
"controlled_permutation","pectinate",2000,1,19,"fixed_random",2,1,7,1,0.0042088548701942,0.0042088548701942,TRUE,0,TRUE,TRUE,TRUE
"controlled_permutation","pectinate",2000,1,19,"fixed_random",2,1,8,1,0.00305397965876151,0.00305397965876151,TRUE,0,TRUE,TRUE,TRUE
"controlled_permutation","pectinate",2000,1,19,"fixed_random",2,1,9,1,0.00439167262776882,0.00439167262776882,TRUE,0,TRUE,TRUE,TRUE
"controlled_permutation","pectinate",2000,1,19,"fixed_random",2,1,10,1,0.00256945882119316,0.00256945882119316,TRUE,0,TRUE,TRUE,TRUE
"controlled_permutation","pectinate",2000,1,19,"fixed_random",2,1,11,1,0.00194737075738431,0.00194737075738431,TRUE,0,TRUE,TRUE,TRUE
"controlled_permutation","pectinate",2000,1,19,"fixed_random",2,1,12,1,0.00195417352285882,0.00195417352285882,TRUE,0,TRUE,TRUE,TRUE
"controlled_permutation","pectinate",2000,1,19,"fixed_random",2,1,13,1,0.0029040077724088,0.0029040077724088,TRUE,0,TRUE,TRUE,TRUE
"controlled_permutation","pectinate",2000,1,19,"fixed_random",2,1,14,1,0.00360292593366371,0.00360292593366371,TRUE,0,TRUE,TRUE,TRUE
"controlled_permutation","pectinate",2000,1,19,"fixed_random",2,1,15,1,0.00394355774035436,0.00394355774035436,TRUE,0,TRUE,TRUE,TRUE
"controlled_permutation","pectinate",2000,1,19,"fixed_random",2,1,16,1,0.00246605701081329,0.00246605701081329,TRUE,0,TRUE,TRUE,TRUE
"controlled_permutation","pectinate",2000,1,19,"fixed_random",2,1,17,1,0.0022271550083631,0.0022271550083631,TRUE,0,TRUE,TRUE,TRUE
"controlled_permutation","pectinate",2000,1,19,"fixed_random",2,1,18,1,0.00246258161555322,0.00246258161555322,TRUE,0,TRUE,TRUE,TRUE
"controlled_permutation","pectinate",2000,1,19,"fixed_random",2,1,19,1,0.00227395738775668,0.00227395738775668,TRUE,0,TRUE,TRUE,TRUE
"controlled_permutation","pectinate",2000,1,19,"fixed_random",4,1,1,1,0.00273188412511931,0.00273188412511931,TRUE,0,TRUE,TRUE,TRUE
"controlled_permutation","pectinate",2000,1,19,"fixed_random",4,1,2,1,0.00229058895515677,0.00229058895515677,TRUE,0,TRUE,TRUE,TRUE
"controlled_permutation","pectinate",2000,1,19,"fixed_random",4,1,3,1,0.00243955988122617,0.00243955988122617,TRUE,0,TRUE,TRUE,TRUE
"controlled_permutation","pectinate",2000,1,19,"fixed_random",4,1,4,1,0.00332350211891502,0.00332350211891502,TRUE,0,TRUE,TRUE,TRUE
"controlled_permutation","pectinate",2000,1,19,"fixed_random",4,1,5,1,0.00225091218221995,0.00225091218221995,TRUE,0,TRUE,TRUE,TRUE
"controlled_permutation","pectinate",2000,1,19,"fixed_random",4,1,6,1,0.00200361065425404,0.00200361065425404,TRUE,0,TRUE,TRUE,TRUE
"controlled_permutation","pectinate",2000,1,19,"fixed_random",4,1,7,1,0.0042088548701942,0.0042088548701942,TRUE,0,TRUE,TRUE,TRUE
"controlled_permutation","pectinate",2000,1,19,"fixed_random",4,1,8,1,0.00305397965876151,0.00305397965876151,TRUE,0,TRUE,TRUE,TRUE
"controlled_permutation","pectinate",2000,1,19,"fixed_random",4,1,9,1,0.00439167262776882,0.00439167262776882,TRUE,0,TRUE,TRUE,TRUE
"controlled_permutation","pectinate",2000,1,19,"fixed_random",4,1,10,1,0.00256945882119316,0.00256945882119316,TRUE,0,TRUE,TRUE,TRUE
"controlled_permutation","pectinate",2000,1,19,"fixed_random",4,1,11,1,0.00194737075738431,0.00194737075738431,TRUE,0,TRUE,TRUE,TRUE
"controlled_permutation","pectinate",2000,1,19,"fixed_random",4,1,12,1,0.00195417352285882,0.00195417352285882,TRUE,0,TRUE,TRUE,TRUE
"controlled_permutation","pectinate",2000,1,19,"fixed_random",4,1,13,1,0.0029040077724088,0.0029040077724088,TRUE,0,TRUE,TRUE,TRUE
"controlled_permutation","pectinate",2000,1,19,"fixed_random",4,1,14,1,0.00360292593366371,0.00360292593366371,TRUE,0,TRUE,TRUE,TRUE
"controlled_permutation","pectinate",2000,1,19,"fixed_random",4,1,15,1,0.00394355774035436,0.00394355774035436,TRUE,0,TRUE,TRUE,TRUE
"controlled_permutation","pectinate",2000,1,19,"fixed_random",4,1,16,1,0.00246605701081329,0.00246605701081329,TRUE,0,TRUE,TRUE,TRUE
"controlled_permutation","pectinate",2000,1,19,"fixed_random",4,1,17,1,0.0022271550083631,0.0022271550083631,TRUE,0,TRUE,TRUE,TRUE
"controlled_permutation","pectinate",2000,1,19,"fixed_random",4,1,18,1,0.00246258161555322,0.00246258161555322,TRUE,0,TRUE,TRUE,TRUE
"controlled_permutation","pectinate",2000,1,19,"fixed_random",4,1,19,1,0.00227395738775668,0.00227395738775668,TRUE,0,TRUE,TRUE,TRUE
"controlled_permutation","pectinate",2000,1,19,"fixed_random",8,1,1,1,0.00273188412511931,0.00273188412511931,TRUE,0,TRUE,TRUE,TRUE
"controlled_permutation","pectinate",2000,1,19,"fixed_random",8,1,2,1,0.00229058895515677,0.00229058895515677,TRUE,0,TRUE,TRUE,TRUE
"controlled_permutation","pectinate",2000,1,19,"fixed_random",8,1,3,1,0.00243955988122617,0.00243955988122617,TRUE,0,TRUE,TRUE,TRUE
"controlled_permutation","pectinate",2000,1,19,"fixed_random",8,1,4,1,0.00332350211891502,0.00332350211891502,TRUE,0,TRUE,TRUE,TRUE
"controlled_permutation","pectinate",2000,1,19,"fixed_random",8,1,5,1,0.00225091218221995,0.00225091218221995,TRUE,0,TRUE,TRUE,TRUE
"controlled_permutation","pectinate",2000,1,19,"fixed_random",8,1,6,1,0.00200361065425404,0.00200361065425404,TRUE,0,TRUE,TRUE,TRUE
"controlled_permutation","pectinate",2000,1,19,"fixed_random",8,1,7,1,0.0042088548701942,0.0042088548701942,TRUE,0,TRUE,TRUE,TRUE
"controlled_permutation","pectinate",2000,1,19,"fixed_random",8,1,8,1,0.00305397965876151,0.00305397965876151,TRUE,0,TRUE,TRUE,TRUE
"controlled_permutation","pectinate",2000,1,19,"fixed_random",8,1,9,1,0.00439167262776882,0.00439167262776882,TRUE,0,TRUE,TRUE,TRUE
"controlled_permutation","pectinate",2000,1,19,"fixed_random",8,1,10,1,0.00256945882119316,0.00256945882119316,TRUE,0,TRUE,TRUE,TRUE
"controlled_permutation","pectinate",2000,1,19,"fixed_random",8,1,11,1,0.00194737075738431,0.00194737075738431,TRUE,0,TRUE,TRUE,TRUE
"controlled_permutation","pectinate",2000,1,19,"fixed_random",8,1,12,1,0.00195417352285882,0.00195417352285882,TRUE,0,TRUE,TRUE,TRUE
"controlled_permutation","pectinate",2000,1,19,"fixed_random",8,1,13,1,0.0029040077724088,0.0029040077724088,TRUE,0,TRUE,TRUE,TRUE
"controlled_permutation","pectinate",2000,1,19,"fixed_random",8,1,14,1,0.00360292593366371,0.00360292593366371,TRUE,0,TRUE,TRUE,TRUE
"controlled_permutation","pectinate",2000,1,19,"fixed_random",8,1,15,1,0.00394355774035436,0.00394355774035436,TRUE,0,TRUE,TRUE,TRUE
"controlled_permutation","pectinate",2000,1,19,"fixed_random",8,1,16,1,0.00246605701081329,0.00246605701081329,TRUE,0,TRUE,TRUE,TRUE
"controlled_permutation","pectinate",2000,1,19,"fixed_random",8,1,17,1,0.0022271550083631,0.0022271550083631,TRUE,0,TRUE,TRUE,TRUE
"controlled_permutation","pectinate",2000,1,19,"fixed_random",8,1,18,1,0.00246258161555322,0.00246258161555322,TRUE,0,TRUE,TRUE,TRUE
"controlled_permutation","pectinate",2000,1,19,"fixed_random",8,1,19,1,0.00227395738775668,0.00227395738775668,TRUE,0,TRUE,TRUE,TRUE
"controlled_permutation","pectinate",2000,1,19,"fixed_random",16,1,1,1,0.00273188412511931,0.00273188412511931,TRUE,0,TRUE,TRUE,TRUE
"controlled_permutation","pectinate",2000,1,19,"fixed_random",16,1,2,1,0.00229058895515677,0.00229058895515677,TRUE,0,TRUE,TRUE,TRUE
"controlled_permutation","pectinate",2000,1,19,"fixed_random",16,1,3,1,0.00243955988122617,0.00243955988122617,TRUE,0,TRUE,TRUE,TRUE
"controlled_permutation","pectinate",2000,1,19,"fixed_random",16,1,4,1,0.00332350211891502,0.00332350211891502,TRUE,0,TRUE,TRUE,TRUE
"controlled_permutation","pectinate",2000,1,19,"fixed_random",16,1,5,1,0.00225091218221995,0.00225091218221995,TRUE,0,TRUE,TRUE,TRUE
"controlled_permutation","pectinate",2000,1,19,"fixed_random",16,1,6,1,0.00200361065425404,0.00200361065425404,TRUE,0,TRUE,TRUE,TRUE
"controlled_permutation","pectinate",2000,1,19,"fixed_random",16,1,7,1,0.0042088548701942,0.0042088548701942,TRUE,0,TRUE,TRUE,TRUE
"controlled_permutation","pectinate",2000,1,19,"fixed_random",16,1,8,1,0.00305397965876151,0.00305397965876151,TRUE,0,TRUE,TRUE,TRUE
"controlled_permutation","pectinate",2000,1,19,"fixed_random",16,1,9,1,0.00439167262776882,0.00439167262776882,TRUE,0,TRUE,TRUE,TRUE
"controlled_permutation","pectinate",2000,1,19,"fixed_random",16,1,10,1,0.00256945882119316,0.00256945882119316,TRUE,0,TRUE,TRUE,TRUE
"controlled_permutation","pectinate",2000,1,19,"fixed_random",16,1,11,1,0.00194737075738431,0.00194737075738431,TRUE,0,TRUE,TRUE,TRUE
"controlled_permutation","pectinate",2000,1,19,"fixed_random",16,1,12,1,0.00195417352285882,0.00195417352285882,TRUE,0,TRUE,TRUE,TRUE
"controlled_permutation","pectinate",2000,1,19,"fixed_random",16,1,13,1,0.0029040077724088,0.0029040077724088,TRUE,0,TRUE,TRUE,TRUE
"controlled_permutation","pectinate",2000,1,19,"fixed_random",16,1,14,1,0.00360292593366371,0.00360292593366371,TRUE,0,TRUE,TRUE,TRUE
"controlled_permutation","pectinate",2000,1,19,"fixed_random",16,1,15,1,0.00394355774035436,0.00394355774035436,TRUE,0,TRUE,TRUE,TRUE
"controlled_permutation","pectinate",2000,1,19,"fixed_random",16,1,16,1,0.00246605701081329,0.00246605701081329,TRUE,0,TRUE,TRUE,TRUE
"controlled_permutation","pectinate",2000,1,19,"fixed_random",16,1,17,1,0.0022271550083631,0.0022271550083631,TRUE,0,TRUE,TRUE,TRUE
"controlled_permutation","pectinate",2000,1,19,"fixed_random",16,1,18,1,0.00246258161555322,0.00246258161555322,TRUE,0,TRUE,TRUE,TRUE
"controlled_permutation","pectinate",2000,1,19,"fixed_random",16,1,19,1,0.00227395738775668,0.00227395738775668,TRUE,0,TRUE,TRUE,TRUE
"controlled_permutation","pectinate",2000,1,19,"adversarial",2,1,1,1,0.00273188412511931,0.00273188412511931,TRUE,0,TRUE,TRUE,TRUE
"controlled_permutation","pectinate",2000,1,19,"adversarial",2,1,2,1,0.00206680676502063,0.00206680676502063,TRUE,0,TRUE,TRUE,TRUE
"controlled_permutation","pectinate",2000,1,19,"adversarial",2,1,3,1,0.00229745851611555,0.00229745851611555,TRUE,0,TRUE,TRUE,TRUE
"controlled_permutation","pectinate",2000,1,19,"adversarial",2,1,4,1,0.00209781474306063,0.00209781474306063,TRUE,0,TRUE,TRUE,TRUE
"controlled_permutation","pectinate",2000,1,19,"adversarial",2,1,5,1,0.00197012199243105,0.00197012199243105,TRUE,0,TRUE,TRUE,TRUE
"controlled_permutation","pectinate",2000,1,19,"adversarial",2,1,6,1,0.00206680676502063,0.00206680676502063,TRUE,0,TRUE,TRUE,TRUE
"controlled_permutation","pectinate",2000,1,19,"adversarial",2,1,7,1,0.00229745851611555,0.00229745851611555,TRUE,0,TRUE,TRUE,TRUE
"controlled_permutation","pectinate",2000,1,19,"adversarial",2,1,8,1,0.00209781474306063,0.00209781474306063,TRUE,0,TRUE,TRUE,TRUE
"controlled_permutation","pectinate",2000,1,19,"adversarial",2,1,9,1,0.00197012199243105,0.00197012199243105,TRUE,0,TRUE,TRUE,TRUE
"controlled_permutation","pectinate",2000,1,19,"adversarial",2,1,10,1,0.00206680676502063,0.00206680676502063,TRUE,0,TRUE,TRUE,TRUE
"controlled_permutation","pectinate",2000,1,19,"adversarial",2,1,11,1,0.00229745851611555,0.00229745851611555,TRUE,0,TRUE,TRUE,TRUE
"controlled_permutation","pectinate",2000,1,19,"adversarial",2,1,12,1,0.00209781474306063,0.00209781474306063,TRUE,0,TRUE,TRUE,TRUE
"controlled_permutation","pectinate",2000,1,19,"adversarial",2,1,13,1,0.00197012199243105,0.00197012199243105,TRUE,0,TRUE,TRUE,TRUE
"controlled_permutation","pectinate",2000,1,19,"adversarial",2,1,14,1,0.00206680676502063,0.00206680676502063,TRUE,0,TRUE,TRUE,TRUE
"controlled_permutation","pectinate",2000,1,19,"adversarial",2,1,15,1,0.00229745851611555,0.00229745851611555,TRUE,0,TRUE,TRUE,TRUE
"controlled_permutation","pectinate",2000,1,19,"adversarial",2,1,16,1,0.00209781474306063,0.00209781474306063,TRUE,0,TRUE,TRUE,TRUE
"controlled_permutation","pectinate",2000,1,19,"adversarial",2,1,17,1,0.00197012199243105,0.00197012199243105,TRUE,0,TRUE,TRUE,TRUE
"controlled_permutation","pectinate",2000,1,19,"adversarial",2,1,18,1,0.00206680676502063,0.00206680676502063,TRUE,0,TRUE,TRUE,TRUE
"controlled_permutation","pectinate",2000,1,19,"adversarial",2,1,19,1,0.00229745851611555,0.00229745851611555,TRUE,0,TRUE,TRUE,TRUE
"controlled_permutation","pectinate",2000,1,19,"adversarial",4,1,1,1,0.00273188412511931,0.00273188412511931,TRUE,0,TRUE,TRUE,TRUE
"controlled_permutation","pectinate",2000,1,19,"adversarial",4,1,2,1,0.00206680676502063,0.00206680676502063,TRUE,0,TRUE,TRUE,TRUE
"controlled_permutation","pectinate",2000,1,19,"adversarial",4,1,3,1,0.00229745851611555,0.00229745851611555,TRUE,0,TRUE,TRUE,TRUE
"controlled_permutation","pectinate",2000,1,19,"adversarial",4,1,4,1,0.00209781474306063,0.00209781474306063,TRUE,0,TRUE,TRUE,TRUE
"controlled_permutation","pectinate",2000,1,19,"adversarial",4,1,5,1,0.00197012199243105,0.00197012199243105,TRUE,0,TRUE,TRUE,TRUE
"controlled_permutation","pectinate",2000,1,19,"adversarial",4,1,6,1,0.00206680676502063,0.00206680676502063,TRUE,0,TRUE,TRUE,TRUE
"controlled_permutation","pectinate",2000,1,19,"adversarial",4,1,7,1,0.00229745851611555,0.00229745851611555,TRUE,0,TRUE,TRUE,TRUE
"controlled_permutation","pectinate",2000,1,19,"adversarial",4,1,8,1,0.00209781474306063,0.00209781474306063,TRUE,0,TRUE,TRUE,TRUE
"controlled_permutation","pectinate",2000,1,19,"adversarial",4,1,9,1,0.00197012199243105,0.00197012199243105,TRUE,0,TRUE,TRUE,TRUE
"controlled_permutation","pectinate",2000,1,19,"adversarial",4,1,10,1,0.00206680676502063,0.00206680676502063,TRUE,0,TRUE,TRUE,TRUE
"controlled_permutation","pectinate",2000,1,19,"adversarial",4,1,11,1,0.00229745851611555,0.00229745851611555,TRUE,0,TRUE,TRUE,TRUE
"controlled_permutation","pectinate",2000,1,19,"adversarial",4,1,12,1,0.00209781474306063,0.00209781474306063,TRUE,0,TRUE,TRUE,TRUE
"controlled_permutation","pectinate",2000,1,19,"adversarial",4,1,13,1,0.00197012199243105,0.00197012199243105,TRUE,0,TRUE,TRUE,TRUE
"controlled_permutation","pectinate",2000,1,19,"adversarial",4,1,14,1,0.00206680676502063,0.00206680676502063,TRUE,0,TRUE,TRUE,TRUE
"controlled_permutation","pectinate",2000,1,19,"adversarial",4,1,15,1,0.00229745851611555,0.00229745851611555,TRUE,0,TRUE,TRUE,TRUE
"controlled_permutation","pectinate",2000,1,19,"adversarial",4,1,16,1,0.00209781474306063,0.00209781474306063,TRUE,0,TRUE,TRUE,TRUE
"controlled_permutation","pectinate",2000,1,19,"adversarial",4,1,17,1,0.00197012199243105,0.00197012199243105,TRUE,0,TRUE,TRUE,TRUE
"controlled_permutation","pectinate",2000,1,19,"adversarial",4,1,18,1,0.00206680676502063,0.00206680676502063,TRUE,0,TRUE,TRUE,TRUE
"controlled_permutation","pectinate",2000,1,19,"adversarial",4,1,19,1,0.00229745851611555,0.00229745851611555,TRUE,0,TRUE,TRUE,TRUE
"controlled_permutation","pectinate",2000,1,19,"adversarial",8,1,1,1,0.00273188412511931,0.00273188412511931,TRUE,0,TRUE,TRUE,TRUE
"controlled_permutation","pectinate",2000,1,19,"adversarial",8,1,2,1,0.00206680676502063,0.00206680676502063,TRUE,0,TRUE,TRUE,TRUE
"controlled_permutation","pectinate",2000,1,19,"adversarial",8,1,3,1,0.00229745851611555,0.00229745851611555,TRUE,0,TRUE,TRUE,TRUE
"controlled_permutation","pectinate",2000,1,19,"adversarial",8,1,4,1,0.00209781474306063,0.00209781474306063,TRUE,0,TRUE,TRUE,TRUE
"controlled_permutation","pectinate",2000,1,19,"adversarial",8,1,5,1,0.00197012199243105,0.00197012199243105,TRUE,0,TRUE,TRUE,TRUE
"controlled_permutation","pectinate",2000,1,19,"adversarial",8,1,6,1,0.00206680676502063,0.00206680676502063,TRUE,0,TRUE,TRUE,TRUE
"controlled_permutation","pectinate",2000,1,19,"adversarial",8,1,7,1,0.00229745851611555,0.00229745851611555,TRUE,0,TRUE,TRUE,TRUE
"controlled_permutation","pectinate",2000,1,19,"adversarial",8,1,8,1,0.00209781474306063,0.00209781474306063,TRUE,0,TRUE,TRUE,TRUE
"controlled_permutation","pectinate",2000,1,19,"adversarial",8,1,9,1,0.00197012199243105,0.00197012199243105,TRUE,0,TRUE,TRUE,TRUE
"controlled_permutation","pectinate",2000,1,19,"adversarial",8,1,10,1,0.00206680676502063,0.00206680676502063,TRUE,0,TRUE,TRUE,TRUE
"controlled_permutation","pectinate",2000,1,19,"adversarial",8,1,11,1,0.00229745851611555,0.00229745851611555,TRUE,0,TRUE,TRUE,TRUE
"controlled_permutation","pectinate",2000,1,19,"adversarial",8,1,12,1,0.00209781474306063,0.00209781474306063,TRUE,0,TRUE,TRUE,TRUE
"controlled_permutation","pectinate",2000,1,19,"adversarial",8,1,13,1,0.00197012199243105,0.00197012199243105,TRUE,0,TRUE,TRUE,TRUE
"controlled_permutation","pectinate",2000,1,19,"adversarial",8,1,14,1,0.00206680676502063,0.00206680676502063,TRUE,0,TRUE,TRUE,TRUE
"controlled_permutation","pectinate",2000,1,19,"adversarial",8,1,15,1,0.00229745851611555,0.00229745851611555,TRUE,0,TRUE,TRUE,TRUE
"controlled_permutation","pectinate",2000,1,19,"adversarial",8,1,16,1,0.00209781474306063,0.00209781474306063,TRUE,0,TRUE,TRUE,TRUE
"controlled_permutation","pectinate",2000,1,19,"adversarial",8,1,17,1,0.00197012199243105,0.00197012199243105,TRUE,0,TRUE,TRUE,TRUE
"controlled_permutation","pectinate",2000,1,19,"adversarial",8,1,18,1,0.00206680676502063,0.00206680676502063,TRUE,0,TRUE,TRUE,TRUE
"controlled_permutation","pectinate",2000,1,19,"adversarial",8,1,19,1,0.00229745851611555,0.00229745851611555,TRUE,0,TRUE,TRUE,TRUE
"controlled_permutation","pectinate",2000,1,19,"adversarial",16,1,1,1,0.00273188412511931,0.00273188412511931,TRUE,0,TRUE,TRUE,TRUE
"controlled_permutation","pectinate",2000,1,19,"adversarial",16,1,2,1,0.00206680676502063,0.00206680676502063,TRUE,0,TRUE,TRUE,TRUE
"controlled_permutation","pectinate",2000,1,19,"adversarial",16,1,3,1,0.00229745851611555,0.00229745851611555,TRUE,0,TRUE,TRUE,TRUE
"controlled_permutation","pectinate",2000,1,19,"adversarial",16,1,4,1,0.00209781474306063,0.00209781474306063,TRUE,0,TRUE,TRUE,TRUE
"controlled_permutation","pectinate",2000,1,19,"adversarial",16,1,5,1,0.00197012199243105,0.00197012199243105,TRUE,0,TRUE,TRUE,TRUE
"controlled_permutation","pectinate",2000,1,19,"adversarial",16,1,6,1,0.00206680676502063,0.00206680676502063,TRUE,0,TRUE,TRUE,TRUE
"controlled_permutation","pectinate",2000,1,19,"adversarial",16,1,7,1,0.00229745851611555,0.00229745851611555,TRUE,0,TRUE,TRUE,TRUE
"controlled_permutation","pectinate",2000,1,19,"adversarial",16,1,8,1,0.00209781474306063,0.00209781474306063,TRUE,0,TRUE,TRUE,TRUE
"controlled_permutation","pectinate",2000,1,19,"adversarial",16,1,9,1,0.00197012199243105,0.00197012199243105,TRUE,0,TRUE,TRUE,TRUE
"controlled_permutation","pectinate",2000,1,19,"adversarial",16,1,10,1,0.00206680676502063,0.00206680676502063,TRUE,0,TRUE,TRUE,TRUE
"controlled_permutation","pectinate",2000,1,19,"adversarial",16,1,11,1,0.00229745851611555,0.00229745851611555,TRUE,0,TRUE,TRUE,TRUE
"controlled_permutation","pectinate",2000,1,19,"adversarial",16,1,12,1,0.00209781474306063,0.00209781474306063,TRUE,0,TRUE,TRUE,TRUE
"controlled_permutation","pectinate",2000,1,19,"adversarial",16,1,13,1,0.00197012199243105,0.00197012199243105,TRUE,0,TRUE,TRUE,TRUE
"controlled_permutation","pectinate",2000,1,19,"adversarial",16,1,14,1,0.00206680676502063,0.00206680676502063,TRUE,0,TRUE,TRUE,TRUE
"controlled_permutation","pectinate",2000,1,19,"adversarial",16,1,15,1,0.00229745851611555,0.00229745851611555,TRUE,0,TRUE,TRUE,TRUE
"controlled_permutation","pectinate",2000,1,19,"adversarial",16,1,16,1,0.00209781474306063,0.00209781474306063,TRUE,0,TRUE,TRUE,TRUE
"controlled_permutation","pectinate",2000,1,19,"adversarial",16,1,17,1,0.00197012199243105,0.00197012199243105,TRUE,0,TRUE,TRUE,TRUE
"controlled_permutation","pectinate",2000,1,19,"adversarial",16,1,18,1,0.00206680676502063,0.00206680676502063,TRUE,0,TRUE,TRUE,TRUE
"controlled_permutation","pectinate",2000,1,19,"adversarial",16,1,19,1,0.00229745851611555,0.00229745851611555,TRUE,0,TRUE,TRUE,TRUE
"controlled_permutation","pectinate",5000,1,19,"identity",2,1,1,1,0.000803674724525601,0.000803674724525601,TRUE,0,TRUE,TRUE,TRUE
"controlled_permutation","pectinate",5000,1,19,"identity",2,1,2,1,0.000803674724525601,0.000803674724525601,TRUE,0,TRUE,TRUE,TRUE
"controlled_permutation","pectinate",5000,1,19,"identity",2,1,3,1,0.000803674724525601,0.000803674724525601,TRUE,0,TRUE,TRUE,TRUE
"controlled_permutation","pectinate",5000,1,19,"identity",2,1,4,1,0.000803674724525601,0.000803674724525601,TRUE,0,TRUE,TRUE,TRUE
"controlled_permutation","pectinate",5000,1,19,"identity",2,1,5,1,0.000803674724525601,0.000803674724525601,TRUE,0,TRUE,TRUE,TRUE
"controlled_permutation","pectinate",5000,1,19,"identity",2,1,6,1,0.000803674724525601,0.000803674724525601,TRUE,0,TRUE,TRUE,TRUE
"controlled_permutation","pectinate",5000,1,19,"identity",2,1,7,1,0.000803674724525601,0.000803674724525601,TRUE,0,TRUE,TRUE,TRUE
"controlled_permutation","pectinate",5000,1,19,"identity",2,1,8,1,0.000803674724525601,0.000803674724525601,TRUE,0,TRUE,TRUE,TRUE
"controlled_permutation","pectinate",5000,1,19,"identity",2,1,9,1,0.000803674724525601,0.000803674724525601,TRUE,0,TRUE,TRUE,TRUE
"controlled_permutation","pectinate",5000,1,19,"identity",2,1,10,1,0.000803674724525601,0.000803674724525601,TRUE,0,TRUE,TRUE,TRUE
"controlled_permutation","pectinate",5000,1,19,"identity",2,1,11,1,0.000803674724525601,0.000803674724525601,TRUE,0,TRUE,TRUE,TRUE
"controlled_permutation","pectinate",5000,1,19,"identity",2,1,12,1,0.000803674724525601,0.000803674724525601,TRUE,0,TRUE,TRUE,TRUE
"controlled_permutation","pectinate",5000,1,19,"identity",2,1,13,1,0.000803674724525601,0.000803674724525601,TRUE,0,TRUE,TRUE,TRUE
"controlled_permutation","pectinate",5000,1,19,"identity",2,1,14,1,0.000803674724525601,0.000803674724525601,TRUE,0,TRUE,TRUE,TRUE
"controlled_permutation","pectinate",5000,1,19,"identity",2,1,15,1,0.000803674724525601,0.000803674724525601,TRUE,0,TRUE,TRUE,TRUE
"controlled_permutation","pectinate",5000,1,19,"identity",2,1,16,1,0.000803674724525601,0.000803674724525601,TRUE,0,TRUE,TRUE,TRUE
"controlled_permutation","pectinate",5000,1,19,"identity",2,1,17,1,0.000803674724525601,0.000803674724525601,TRUE,0,TRUE,TRUE,TRUE
"controlled_permutation","pectinate",5000,1,19,"identity",2,1,18,1,0.000803674724525601,0.000803674724525601,TRUE,0,TRUE,TRUE,TRUE
"controlled_permutation","pectinate",5000,1,19,"identity",2,1,19,1,0.000803674724525601,0.000803674724525601,TRUE,0,TRUE,TRUE,TRUE
"controlled_permutation","pectinate",5000,1,19,"identity",4,1,1,1,0.000803674724525601,0.000803674724525601,TRUE,0,TRUE,TRUE,TRUE
"controlled_permutation","pectinate",5000,1,19,"identity",4,1,2,1,0.000803674724525601,0.000803674724525601,TRUE,0,TRUE,TRUE,TRUE
"controlled_permutation","pectinate",5000,1,19,"identity",4,1,3,1,0.000803674724525601,0.000803674724525601,TRUE,0,TRUE,TRUE,TRUE
"controlled_permutation","pectinate",5000,1,19,"identity",4,1,4,1,0.000803674724525601,0.000803674724525601,TRUE,0,TRUE,TRUE,TRUE
"controlled_permutation","pectinate",5000,1,19,"identity",4,1,5,1,0.000803674724525601,0.000803674724525601,TRUE,0,TRUE,TRUE,TRUE
"controlled_permutation","pectinate",5000,1,19,"identity",4,1,6,1,0.000803674724525601,0.000803674724525601,TRUE,0,TRUE,TRUE,TRUE
"controlled_permutation","pectinate",5000,1,19,"identity",4,1,7,1,0.000803674724525601,0.000803674724525601,TRUE,0,TRUE,TRUE,TRUE
"controlled_permutation","pectinate",5000,1,19,"identity",4,1,8,1,0.000803674724525601,0.000803674724525601,TRUE,0,TRUE,TRUE,TRUE
"controlled_permutation","pectinate",5000,1,19,"identity",4,1,9,1,0.000803674724525601,0.000803674724525601,TRUE,0,TRUE,TRUE,TRUE
"controlled_permutation","pectinate",5000,1,19,"identity",4,1,10,1,0.000803674724525601,0.000803674724525601,TRUE,0,TRUE,TRUE,TRUE
"controlled_permutation","pectinate",5000,1,19,"identity",4,1,11,1,0.000803674724525601,0.000803674724525601,TRUE,0,TRUE,TRUE,TRUE
"controlled_permutation","pectinate",5000,1,19,"identity",4,1,12,1,0.000803674724525601,0.000803674724525601,TRUE,0,TRUE,TRUE,TRUE
"controlled_permutation","pectinate",5000,1,19,"identity",4,1,13,1,0.000803674724525601,0.000803674724525601,TRUE,0,TRUE,TRUE,TRUE
"controlled_permutation","pectinate",5000,1,19,"identity",4,1,14,1,0.000803674724525601,0.000803674724525601,TRUE,0,TRUE,TRUE,TRUE
"controlled_permutation","pectinate",5000,1,19,"identity",4,1,15,1,0.000803674724525601,0.000803674724525601,TRUE,0,TRUE,TRUE,TRUE
"controlled_permutation","pectinate",5000,1,19,"identity",4,1,16,1,0.000803674724525601,0.000803674724525601,TRUE,0,TRUE,TRUE,TRUE
"controlled_permutation","pectinate",5000,1,19,"identity",4,1,17,1,0.000803674724525601,0.000803674724525601,TRUE,0,TRUE,TRUE,TRUE
"controlled_permutation","pectinate",5000,1,19,"identity",4,1,18,1,0.000803674724525601,0.000803674724525601,TRUE,0,TRUE,TRUE,TRUE
"controlled_permutation","pectinate",5000,1,19,"identity",4,1,19,1,0.000803674724525601,0.000803674724525601,TRUE,0,TRUE,TRUE,TRUE
"controlled_permutation","pectinate",5000,1,19,"identity",8,1,1,1,0.000803674724525601,0.000803674724525601,TRUE,0,TRUE,TRUE,TRUE
"controlled_permutation","pectinate",5000,1,19,"identity",8,1,2,1,0.000803674724525601,0.000803674724525601,TRUE,0,TRUE,TRUE,TRUE
"controlled_permutation","pectinate",5000,1,19,"identity",8,1,3,1,0.000803674724525601,0.000803674724525601,TRUE,0,TRUE,TRUE,TRUE
"controlled_permutation","pectinate",5000,1,19,"identity",8,1,4,1,0.000803674724525601,0.000803674724525601,TRUE,0,TRUE,TRUE,TRUE
"controlled_permutation","pectinate",5000,1,19,"identity",8,1,5,1,0.000803674724525601,0.000803674724525601,TRUE,0,TRUE,TRUE,TRUE
"controlled_permutation","pectinate",5000,1,19,"identity",8,1,6,1,0.000803674724525601,0.000803674724525601,TRUE,0,TRUE,TRUE,TRUE
"controlled_permutation","pectinate",5000,1,19,"identity",8,1,7,1,0.000803674724525601,0.000803674724525601,TRUE,0,TRUE,TRUE,TRUE
"controlled_permutation","pectinate",5000,1,19,"identity",8,1,8,1,0.000803674724525601,0.000803674724525601,TRUE,0,TRUE,TRUE,TRUE
"controlled_permutation","pectinate",5000,1,19,"identity",8,1,9,1,0.000803674724525601,0.000803674724525601,TRUE,0,TRUE,TRUE,TRUE
"controlled_permutation","pectinate",5000,1,19,"identity",8,1,10,1,0.000803674724525601,0.000803674724525601,TRUE,0,TRUE,TRUE,TRUE
"controlled_permutation","pectinate",5000,1,19,"identity",8,1,11,1,0.000803674724525601,0.000803674724525601,TRUE,0,TRUE,TRUE,TRUE
"controlled_permutation","pectinate",5000,1,19,"identity",8,1,12,1,0.000803674724525601,0.000803674724525601,TRUE,0,TRUE,TRUE,TRUE
"controlled_permutation","pectinate",5000,1,19,"identity",8,1,13,1,0.000803674724525601,0.000803674724525601,TRUE,0,TRUE,TRUE,TRUE
"controlled_permutation","pectinate",5000,1,19,"identity",8,1,14,1,0.000803674724525601,0.000803674724525601,TRUE,0,TRUE,TRUE,TRUE
"controlled_permutation","pectinate",5000,1,19,"identity",8,1,15,1,0.000803674724525601,0.000803674724525601,TRUE,0,TRUE,TRUE,TRUE
"controlled_permutation","pectinate",5000,1,19,"identity",8,1,16,1,0.000803674724525601,0.000803674724525601,TRUE,0,TRUE,TRUE,TRUE
"controlled_permutation","pectinate",5000,1,19,"identity",8,1,17,1,0.000803674724525601,0.000803674724525601,TRUE,0,TRUE,TRUE,TRUE
"controlled_permutation","pectinate",5000,1,19,"identity",8,1,18,1,0.000803674724525601,0.000803674724525601,TRUE,0,TRUE,TRUE,TRUE
"controlled_permutation","pectinate",5000,1,19,"identity",8,1,19,1,0.000803674724525601,0.000803674724525601,TRUE,0,TRUE,TRUE,TRUE
"controlled_permutation","pectinate",5000,1,19,"identity",16,1,1,1,0.000803674724525601,0.000803674724525601,TRUE,0,TRUE,TRUE,TRUE
"controlled_permutation","pectinate",5000,1,19,"identity",16,1,2,1,0.000803674724525601,0.000803674724525601,TRUE,0,TRUE,TRUE,TRUE
"controlled_permutation","pectinate",5000,1,19,"identity",16,1,3,1,0.000803674724525601,0.000803674724525601,TRUE,0,TRUE,TRUE,TRUE
"controlled_permutation","pectinate",5000,1,19,"identity",16,1,4,1,0.000803674724525601,0.000803674724525601,TRUE,0,TRUE,TRUE,TRUE
"controlled_permutation","pectinate",5000,1,19,"identity",16,1,5,1,0.000803674724525601,0.000803674724525601,TRUE,0,TRUE,TRUE,TRUE
"controlled_permutation","pectinate",5000,1,19,"identity",16,1,6,1,0.000803674724525601,0.000803674724525601,TRUE,0,TRUE,TRUE,TRUE
"controlled_permutation","pectinate",5000,1,19,"identity",16,1,7,1,0.000803674724525601,0.000803674724525601,TRUE,0,TRUE,TRUE,TRUE
"controlled_permutation","pectinate",5000,1,19,"identity",16,1,8,1,0.000803674724525601,0.000803674724525601,TRUE,0,TRUE,TRUE,TRUE
"controlled_permutation","pectinate",5000,1,19,"identity",16,1,9,1,0.000803674724525601,0.000803674724525601,TRUE,0,TRUE,TRUE,TRUE
"controlled_permutation","pectinate",5000,1,19,"identity",16,1,10,1,0.000803674724525601,0.000803674724525601,TRUE,0,TRUE,TRUE,TRUE
"controlled_permutation","pectinate",5000,1,19,"identity",16,1,11,1,0.000803674724525601,0.000803674724525601,TRUE,0,TRUE,TRUE,TRUE
"controlled_permutation","pectinate",5000,1,19,"identity",16,1,12,1,0.000803674724525601,0.000803674724525601,TRUE,0,TRUE,TRUE,TRUE
"controlled_permutation","pectinate",5000,1,19,"identity",16,1,13,1,0.000803674724525601,0.000803674724525601,TRUE,0,TRUE,TRUE,TRUE
"controlled_permutation","pectinate",5000,1,19,"identity",16,1,14,1,0.000803674724525601,0.000803674724525601,TRUE,0,TRUE,TRUE,TRUE
"controlled_permutation","pectinate",5000,1,19,"identity",16,1,15,1,0.000803674724525601,0.000803674724525601,TRUE,0,TRUE,TRUE,TRUE
"controlled_permutation","pectinate",5000,1,19,"identity",16,1,16,1,0.000803674724525601,0.000803674724525601,TRUE,0,TRUE,TRUE,TRUE
"controlled_permutation","pectinate",5000,1,19,"identity",16,1,17,1,0.000803674724525601,0.000803674724525601,TRUE,0,TRUE,TRUE,TRUE
"controlled_permutation","pectinate",5000,1,19,"identity",16,1,18,1,0.000803674724525601,0.000803674724525601,TRUE,0,TRUE,TRUE,TRUE
"controlled_permutation","pectinate",5000,1,19,"identity",16,1,19,1,0.000803674724525601,0.000803674724525601,TRUE,0,TRUE,TRUE,TRUE
"controlled_permutation","pectinate",5000,1,19,"single_swap",2,1,1,1,0.000803674724525601,0.000803674724525601,TRUE,0,TRUE,TRUE,TRUE
"controlled_permutation","pectinate",5000,1,19,"single_swap",2,1,2,1,0.00101894280934934,0.00101894280934934,TRUE,0,TRUE,TRUE,TRUE
"controlled_permutation","pectinate",5000,1,19,"single_swap",2,1,3,1,0.000789568751662931,0.000789568751662931,TRUE,0,TRUE,TRUE,TRUE
"controlled_permutation","pectinate",5000,1,19,"single_swap",2,1,4,1,0.000788446397559501,0.000788446397559501,TRUE,0,TRUE,TRUE,TRUE
"controlled_permutation","pectinate",5000,1,19,"single_swap",2,1,5,1,0.000817554507650333,0.000817554507650333,TRUE,0,TRUE,TRUE,TRUE
"controlled_permutation","pectinate",5000,1,19,"single_swap",2,1,6,1,0.000798495175548925,0.000798495175548925,TRUE,0,TRUE,TRUE,TRUE
"controlled_permutation","pectinate",5000,1,19,"single_swap",2,1,7,1,0.000804708255209176,0.000804708255209176,TRUE,0,TRUE,TRUE,TRUE
"controlled_permutation","pectinate",5000,1,19,"single_swap",2,1,8,1,0.000803411027093212,0.000803411027093212,TRUE,0,TRUE,TRUE,TRUE
"controlled_permutation","pectinate",5000,1,19,"single_swap",2,1,9,1,0.000803802299944892,0.000803802299944892,TRUE,0,TRUE,TRUE,TRUE
"controlled_permutation","pectinate",5000,1,19,"single_swap",2,1,10,1,0.000803543998728827,0.000803543998728827,TRUE,0,TRUE,TRUE,TRUE
"controlled_permutation","pectinate",5000,1,19,"single_swap",2,1,11,1,0.000804033886162173,0.000804033886162173,TRUE,0,TRUE,TRUE,TRUE
"controlled_permutation","pectinate",5000,1,19,"single_swap",2,1,12,1,0.000803298822756101,0.000803298822756101,TRUE,0,TRUE,TRUE,TRUE
"controlled_permutation","pectinate",5000,1,19,"single_swap",2,1,13,1,0.000804354193244646,0.000804354193244646,TRUE,0,TRUE,TRUE,TRUE
"controlled_permutation","pectinate",5000,1,19,"single_swap",2,1,14,1,0.000803419528421268,0.000803419528421268,TRUE,0,TRUE,TRUE,TRUE
"controlled_permutation","pectinate",5000,1,19,"single_swap",2,1,15,1,0.000803673481345516,0.000803673481345516,TRUE,0,TRUE,TRUE,TRUE
"controlled_permutation","pectinate",5000,1,19,"single_swap",2,1,16,1,0.000803365723328769,0.000803365723328769,TRUE,0,TRUE,TRUE,TRUE
"controlled_permutation","pectinate",5000,1,19,"single_swap",2,1,17,1,0.000803780630596856,0.000803780630596856,TRUE,0,TRUE,TRUE,TRUE
"controlled_permutation","pectinate",5000,1,19,"single_swap",2,1,18,1,0.000803685888141062,0.000803685888141062,TRUE,0,TRUE,TRUE,TRUE
"controlled_permutation","pectinate",5000,1,19,"single_swap",2,1,19,1,0.000803661676821335,0.000803661676821335,TRUE,0,TRUE,TRUE,TRUE
"controlled_permutation","pectinate",5000,1,19,"single_swap",4,1,1,1,0.000803674724525601,0.000803674724525601,TRUE,0,TRUE,TRUE,TRUE
"controlled_permutation","pectinate",5000,1,19,"single_swap",4,1,2,1,0.00101894280934934,0.00101894280934934,TRUE,0,TRUE,TRUE,TRUE
"controlled_permutation","pectinate",5000,1,19,"single_swap",4,1,3,1,0.000789568751662931,0.000789568751662931,TRUE,0,TRUE,TRUE,TRUE
"controlled_permutation","pectinate",5000,1,19,"single_swap",4,1,4,1,0.000788446397559501,0.000788446397559501,TRUE,0,TRUE,TRUE,TRUE
"controlled_permutation","pectinate",5000,1,19,"single_swap",4,1,5,1,0.000817554507650333,0.000817554507650333,TRUE,0,TRUE,TRUE,TRUE
"controlled_permutation","pectinate",5000,1,19,"single_swap",4,1,6,1,0.000798495175548925,0.000798495175548925,TRUE,0,TRUE,TRUE,TRUE
"controlled_permutation","pectinate",5000,1,19,"single_swap",4,1,7,1,0.000804708255209176,0.000804708255209176,TRUE,0,TRUE,TRUE,TRUE
"controlled_permutation","pectinate",5000,1,19,"single_swap",4,1,8,1,0.000803411027093212,0.000803411027093212,TRUE,0,TRUE,TRUE,TRUE
"controlled_permutation","pectinate",5000,1,19,"single_swap",4,1,9,1,0.000803802299944892,0.000803802299944892,TRUE,0,TRUE,TRUE,TRUE
"controlled_permutation","pectinate",5000,1,19,"single_swap",4,1,10,1,0.000803543998728827,0.000803543998728827,TRUE,0,TRUE,TRUE,TRUE
"controlled_permutation","pectinate",5000,1,19,"single_swap",4,1,11,1,0.000804033886162173,0.000804033886162173,TRUE,0,TRUE,TRUE,TRUE
"controlled_permutation","pectinate",5000,1,19,"single_swap",4,1,12,1,0.000803298822756101,0.000803298822756101,TRUE,0,TRUE,TRUE,TRUE
"controlled_permutation","pectinate",5000,1,19,"single_swap",4,1,13,1,0.000804354193244646,0.000804354193244646,TRUE,0,TRUE,TRUE,TRUE
"controlled_permutation","pectinate",5000,1,19,"single_swap",4,1,14,1,0.000803419528421268,0.000803419528421268,TRUE,0,TRUE,TRUE,TRUE
"controlled_permutation","pectinate",5000,1,19,"single_swap",4,1,15,1,0.000803673481345516,0.000803673481345516,TRUE,0,TRUE,TRUE,TRUE
"controlled_permutation","pectinate",5000,1,19,"single_swap",4,1,16,1,0.000803365723328769,0.000803365723328769,TRUE,0,TRUE,TRUE,TRUE
"controlled_permutation","pectinate",5000,1,19,"single_swap",4,1,17,1,0.000803780630596856,0.000803780630596856,TRUE,0,TRUE,TRUE,TRUE
"controlled_permutation","pectinate",5000,1,19,"single_swap",4,1,18,1,0.000803685888141062,0.000803685888141062,TRUE,0,TRUE,TRUE,TRUE
"controlled_permutation","pectinate",5000,1,19,"single_swap",4,1,19,1,0.000803661676821335,0.000803661676821335,TRUE,0,TRUE,TRUE,TRUE
"controlled_permutation","pectinate",5000,1,19,"single_swap",8,1,1,1,0.000803674724525601,0.000803674724525601,TRUE,0,TRUE,TRUE,TRUE
"controlled_permutation","pectinate",5000,1,19,"single_swap",8,1,2,1,0.00101894280934934,0.00101894280934934,TRUE,0,TRUE,TRUE,TRUE
"controlled_permutation","pectinate",5000,1,19,"single_swap",8,1,3,1,0.000789568751662931,0.000789568751662931,TRUE,0,TRUE,TRUE,TRUE
"controlled_permutation","pectinate",5000,1,19,"single_swap",8,1,4,1,0.000788446397559501,0.000788446397559501,TRUE,0,TRUE,TRUE,TRUE
"controlled_permutation","pectinate",5000,1,19,"single_swap",8,1,5,1,0.000817554507650333,0.000817554507650333,TRUE,0,TRUE,TRUE,TRUE
"controlled_permutation","pectinate",5000,1,19,"single_swap",8,1,6,1,0.000798495175548925,0.000798495175548925,TRUE,0,TRUE,TRUE,TRUE
"controlled_permutation","pectinate",5000,1,19,"single_swap",8,1,7,1,0.000804708255209176,0.000804708255209176,TRUE,0,TRUE,TRUE,TRUE
"controlled_permutation","pectinate",5000,1,19,"single_swap",8,1,8,1,0.000803411027093212,0.000803411027093212,TRUE,0,TRUE,TRUE,TRUE
"controlled_permutation","pectinate",5000,1,19,"single_swap",8,1,9,1,0.000803802299944892,0.000803802299944892,TRUE,0,TRUE,TRUE,TRUE
"controlled_permutation","pectinate",5000,1,19,"single_swap",8,1,10,1,0.000803543998728827,0.000803543998728827,TRUE,0,TRUE,TRUE,TRUE
"controlled_permutation","pectinate",5000,1,19,"single_swap",8,1,11,1,0.000804033886162173,0.000804033886162173,TRUE,0,TRUE,TRUE,TRUE
"controlled_permutation","pectinate",5000,1,19,"single_swap",8,1,12,1,0.000803298822756101,0.000803298822756101,TRUE,0,TRUE,TRUE,TRUE
"controlled_permutation","pectinate",5000,1,19,"single_swap",8,1,13,1,0.000804354193244646,0.000804354193244646,TRUE,0,TRUE,TRUE,TRUE
"controlled_permutation","pectinate",5000,1,19,"single_swap",8,1,14,1,0.000803419528421268,0.000803419528421268,TRUE,0,TRUE,TRUE,TRUE
"controlled_permutation","pectinate",5000,1,19,"single_swap",8,1,15,1,0.000803673481345516,0.000803673481345516,TRUE,0,TRUE,TRUE,TRUE
"controlled_permutation","pectinate",5000,1,19,"single_swap",8,1,16,1,0.000803365723328769,0.000803365723328769,TRUE,0,TRUE,TRUE,TRUE
"controlled_permutation","pectinate",5000,1,19,"single_swap",8,1,17,1,0.000803780630596856,0.000803780630596856,TRUE,0,TRUE,TRUE,TRUE
"controlled_permutation","pectinate",5000,1,19,"single_swap",8,1,18,1,0.000803685888141062,0.000803685888141062,TRUE,0,TRUE,TRUE,TRUE
"controlled_permutation","pectinate",5000,1,19,"single_swap",8,1,19,1,0.000803661676821335,0.000803661676821335,TRUE,0,TRUE,TRUE,TRUE
"controlled_permutation","pectinate",5000,1,19,"single_swap",16,1,1,1,0.000803674724525601,0.000803674724525601,TRUE,0,TRUE,TRUE,TRUE
"controlled_permutation","pectinate",5000,1,19,"single_swap",16,1,2,1,0.00101894280934934,0.00101894280934934,TRUE,0,TRUE,TRUE,TRUE
"controlled_permutation","pectinate",5000,1,19,"single_swap",16,1,3,1,0.000789568751662931,0.000789568751662931,TRUE,0,TRUE,TRUE,TRUE
"controlled_permutation","pectinate",5000,1,19,"single_swap",16,1,4,1,0.000788446397559501,0.000788446397559501,TRUE,0,TRUE,TRUE,TRUE
"controlled_permutation","pectinate",5000,1,19,"single_swap",16,1,5,1,0.000817554507650333,0.000817554507650333,TRUE,0,TRUE,TRUE,TRUE
"controlled_permutation","pectinate",5000,1,19,"single_swap",16,1,6,1,0.000798495175548925,0.000798495175548925,TRUE,0,TRUE,TRUE,TRUE
"controlled_permutation","pectinate",5000,1,19,"single_swap",16,1,7,1,0.000804708255209176,0.000804708255209176,TRUE,0,TRUE,TRUE,TRUE
"controlled_permutation","pectinate",5000,1,19,"single_swap",16,1,8,1,0.000803411027093212,0.000803411027093212,TRUE,0,TRUE,TRUE,TRUE
"controlled_permutation","pectinate",5000,1,19,"single_swap",16,1,9,1,0.000803802299944892,0.000803802299944892,TRUE,0,TRUE,TRUE,TRUE
"controlled_permutation","pectinate",5000,1,19,"single_swap",16,1,10,1,0.000803543998728827,0.000803543998728827,TRUE,0,TRUE,TRUE,TRUE
"controlled_permutation","pectinate",5000,1,19,"single_swap",16,1,11,1,0.000804033886162173,0.000804033886162173,TRUE,0,TRUE,TRUE,TRUE
"controlled_permutation","pectinate",5000,1,19,"single_swap",16,1,12,1,0.000803298822756101,0.000803298822756101,TRUE,0,TRUE,TRUE,TRUE
"controlled_permutation","pectinate",5000,1,19,"single_swap",16,1,13,1,0.000804354193244646,0.000804354193244646,TRUE,0,TRUE,TRUE,TRUE
"controlled_permutation","pectinate",5000,1,19,"single_swap",16,1,14,1,0.000803419528421268,0.000803419528421268,TRUE,0,TRUE,TRUE,TRUE
"controlled_permutation","pectinate",5000,1,19,"single_swap",16,1,15,1,0.000803673481345516,0.000803673481345516,TRUE,0,TRUE,TRUE,TRUE
"controlled_permutation","pectinate",5000,1,19,"single_swap",16,1,16,1,0.000803365723328769,0.000803365723328769,TRUE,0,TRUE,TRUE,TRUE
"controlled_permutation","pectinate",5000,1,19,"single_swap",16,1,17,1,0.000803780630596856,0.000803780630596856,TRUE,0,TRUE,TRUE,TRUE
"controlled_permutation","pectinate",5000,1,19,"single_swap",16,1,18,1,0.000803685888141062,0.000803685888141062,TRUE,0,TRUE,TRUE,TRUE
"controlled_permutation","pectinate",5000,1,19,"single_swap",16,1,19,1,0.000803661676821335,0.000803661676821335,TRUE,0,TRUE,TRUE,TRUE
"controlled_permutation","pectinate",5000,1,19,"reverse",2,1,1,1,0.000803674724525601,0.000803674724525601,TRUE,0,TRUE,TRUE,TRUE
"controlled_permutation","pectinate",5000,1,19,"reverse",2,1,2,1,0.00218187738286888,0.00218187738286888,TRUE,0,TRUE,TRUE,TRUE
"controlled_permutation","pectinate",5000,1,19,"reverse",2,1,3,1,0.00218187738286888,0.00218187738286888,TRUE,0,TRUE,TRUE,TRUE
"controlled_permutation","pectinate",5000,1,19,"reverse",2,1,4,1,0.00218187738286888,0.00218187738286888,TRUE,0,TRUE,TRUE,TRUE
"controlled_permutation","pectinate",5000,1,19,"reverse",2,1,5,1,0.00218187738286888,0.00218187738286888,TRUE,0,TRUE,TRUE,TRUE
"controlled_permutation","pectinate",5000,1,19,"reverse",2,1,6,1,0.00218187738286888,0.00218187738286888,TRUE,0,TRUE,TRUE,TRUE
"controlled_permutation","pectinate",5000,1,19,"reverse",2,1,7,1,0.00218187738286888,0.00218187738286888,TRUE,0,TRUE,TRUE,TRUE
"controlled_permutation","pectinate",5000,1,19,"reverse",2,1,8,1,0.00218187738286888,0.00218187738286888,TRUE,0,TRUE,TRUE,TRUE
"controlled_permutation","pectinate",5000,1,19,"reverse",2,1,9,1,0.00218187738286888,0.00218187738286888,TRUE,0,TRUE,TRUE,TRUE
"controlled_permutation","pectinate",5000,1,19,"reverse",2,1,10,1,0.00218187738286888,0.00218187738286888,TRUE,0,TRUE,TRUE,TRUE
"controlled_permutation","pectinate",5000,1,19,"reverse",2,1,11,1,0.00218187738286888,0.00218187738286888,TRUE,0,TRUE,TRUE,TRUE
"controlled_permutation","pectinate",5000,1,19,"reverse",2,1,12,1,0.00218187738286888,0.00218187738286888,TRUE,0,TRUE,TRUE,TRUE
"controlled_permutation","pectinate",5000,1,19,"reverse",2,1,13,1,0.00218187738286888,0.00218187738286888,TRUE,0,TRUE,TRUE,TRUE
"controlled_permutation","pectinate",5000,1,19,"reverse",2,1,14,1,0.00218187738286888,0.00218187738286888,TRUE,0,TRUE,TRUE,TRUE
"controlled_permutation","pectinate",5000,1,19,"reverse",2,1,15,1,0.00218187738286888,0.00218187738286888,TRUE,0,TRUE,TRUE,TRUE
"controlled_permutation","pectinate",5000,1,19,"reverse",2,1,16,1,0.00218187738286888,0.00218187738286888,TRUE,0,TRUE,TRUE,TRUE
"controlled_permutation","pectinate",5000,1,19,"reverse",2,1,17,1,0.00218187738286888,0.00218187738286888,TRUE,0,TRUE,TRUE,TRUE
"controlled_permutation","pectinate",5000,1,19,"reverse",2,1,18,1,0.00218187738286888,0.00218187738286888,TRUE,0,TRUE,TRUE,TRUE
"controlled_permutation","pectinate",5000,1,19,"reverse",2,1,19,1,0.00218187738286888,0.00218187738286888,TRUE,0,TRUE,TRUE,TRUE
"controlled_permutation","pectinate",5000,1,19,"reverse",4,1,1,1,0.000803674724525601,0.000803674724525601,TRUE,0,TRUE,TRUE,TRUE
"controlled_permutation","pectinate",5000,1,19,"reverse",4,1,2,1,0.00218187738286888,0.00218187738286888,TRUE,0,TRUE,TRUE,TRUE
"controlled_permutation","pectinate",5000,1,19,"reverse",4,1,3,1,0.00218187738286888,0.00218187738286888,TRUE,0,TRUE,TRUE,TRUE
"controlled_permutation","pectinate",5000,1,19,"reverse",4,1,4,1,0.00218187738286888,0.00218187738286888,TRUE,0,TRUE,TRUE,TRUE
"controlled_permutation","pectinate",5000,1,19,"reverse",4,1,5,1,0.00218187738286888,0.00218187738286888,TRUE,0,TRUE,TRUE,TRUE
"controlled_permutation","pectinate",5000,1,19,"reverse",4,1,6,1,0.00218187738286888,0.00218187738286888,TRUE,0,TRUE,TRUE,TRUE
"controlled_permutation","pectinate",5000,1,19,"reverse",4,1,7,1,0.00218187738286888,0.00218187738286888,TRUE,0,TRUE,TRUE,TRUE
"controlled_permutation","pectinate",5000,1,19,"reverse",4,1,8,1,0.00218187738286888,0.00218187738286888,TRUE,0,TRUE,TRUE,TRUE
"controlled_permutation","pectinate",5000,1,19,"reverse",4,1,9,1,0.00218187738286888,0.00218187738286888,TRUE,0,TRUE,TRUE,TRUE
"controlled_permutation","pectinate",5000,1,19,"reverse",4,1,10,1,0.00218187738286888,0.00218187738286888,TRUE,0,TRUE,TRUE,TRUE
"controlled_permutation","pectinate",5000,1,19,"reverse",4,1,11,1,0.00218187738286888,0.00218187738286888,TRUE,0,TRUE,TRUE,TRUE
"controlled_permutation","pectinate",5000,1,19,"reverse",4,1,12,1,0.00218187738286888,0.00218187738286888,TRUE,0,TRUE,TRUE,TRUE
"controlled_permutation","pectinate",5000,1,19,"reverse",4,1,13,1,0.00218187738286888,0.00218187738286888,TRUE,0,TRUE,TRUE,TRUE
"controlled_permutation","pectinate",5000,1,19,"reverse",4,1,14,1,0.00218187738286888,0.00218187738286888,TRUE,0,TRUE,TRUE,TRUE
"controlled_permutation","pectinate",5000,1,19,"reverse",4,1,15,1,0.00218187738286888,0.00218187738286888,TRUE,0,TRUE,TRUE,TRUE
"controlled_permutation","pectinate",5000,1,19,"reverse",4,1,16,1,0.00218187738286888,0.00218187738286888,TRUE,0,TRUE,TRUE,TRUE
"controlled_permutation","pectinate",5000,1,19,"reverse",4,1,17,1,0.00218187738286888,0.00218187738286888,TRUE,0,TRUE,TRUE,TRUE
"controlled_permutation","pectinate",5000,1,19,"reverse",4,1,18,1,0.00218187738286888,0.00218187738286888,TRUE,0,TRUE,TRUE,TRUE
"controlled_permutation","pectinate",5000,1,19,"reverse",4,1,19,1,0.00218187738286888,0.00218187738286888,TRUE,0,TRUE,TRUE,TRUE
"controlled_permutation","pectinate",5000,1,19,"reverse",8,1,1,1,0.000803674724525601,0.000803674724525601,TRUE,0,TRUE,TRUE,TRUE
"controlled_permutation","pectinate",5000,1,19,"reverse",8,1,2,1,0.00218187738286888,0.00218187738286888,TRUE,0,TRUE,TRUE,TRUE
"controlled_permutation","pectinate",5000,1,19,"reverse",8,1,3,1,0.00218187738286888,0.00218187738286888,TRUE,0,TRUE,TRUE,TRUE
"controlled_permutation","pectinate",5000,1,19,"reverse",8,1,4,1,0.00218187738286888,0.00218187738286888,TRUE,0,TRUE,TRUE,TRUE
"controlled_permutation","pectinate",5000,1,19,"reverse",8,1,5,1,0.00218187738286888,0.00218187738286888,TRUE,0,TRUE,TRUE,TRUE
"controlled_permutation","pectinate",5000,1,19,"reverse",8,1,6,1,0.00218187738286888,0.00218187738286888,TRUE,0,TRUE,TRUE,TRUE
"controlled_permutation","pectinate",5000,1,19,"reverse",8,1,7,1,0.00218187738286888,0.00218187738286888,TRUE,0,TRUE,TRUE,TRUE
"controlled_permutation","pectinate",5000,1,19,"reverse",8,1,8,1,0.00218187738286888,0.00218187738286888,TRUE,0,TRUE,TRUE,TRUE
"controlled_permutation","pectinate",5000,1,19,"reverse",8,1,9,1,0.00218187738286888,0.00218187738286888,TRUE,0,TRUE,TRUE,TRUE
"controlled_permutation","pectinate",5000,1,19,"reverse",8,1,10,1,0.00218187738286888,0.00218187738286888,TRUE,0,TRUE,TRUE,TRUE
"controlled_permutation","pectinate",5000,1,19,"reverse",8,1,11,1,0.00218187738286888,0.00218187738286888,TRUE,0,TRUE,TRUE,TRUE
"controlled_permutation","pectinate",5000,1,19,"reverse",8,1,12,1,0.00218187738286888,0.00218187738286888,TRUE,0,TRUE,TRUE,TRUE
"controlled_permutation","pectinate",5000,1,19,"reverse",8,1,13,1,0.00218187738286888,0.00218187738286888,TRUE,0,TRUE,TRUE,TRUE
"controlled_permutation","pectinate",5000,1,19,"reverse",8,1,14,1,0.00218187738286888,0.00218187738286888,TRUE,0,TRUE,TRUE,TRUE
"controlled_permutation","pectinate",5000,1,19,"reverse",8,1,15,1,0.00218187738286888,0.00218187738286888,TRUE,0,TRUE,TRUE,TRUE
"controlled_permutation","pectinate",5000,1,19,"reverse",8,1,16,1,0.00218187738286888,0.00218187738286888,TRUE,0,TRUE,TRUE,TRUE
"controlled_permutation","pectinate",5000,1,19,"reverse",8,1,17,1,0.00218187738286888,0.00218187738286888,TRUE,0,TRUE,TRUE,TRUE
"controlled_permutation","pectinate",5000,1,19,"reverse",8,1,18,1,0.00218187738286888,0.00218187738286888,TRUE,0,TRUE,TRUE,TRUE
"controlled_permutation","pectinate",5000,1,19,"reverse",8,1,19,1,0.00218187738286888,0.00218187738286888,TRUE,0,TRUE,TRUE,TRUE
"controlled_permutation","pectinate",5000,1,19,"reverse",16,1,1,1,0.000803674724525601,0.000803674724525601,TRUE,0,TRUE,TRUE,TRUE
"controlled_permutation","pectinate",5000,1,19,"reverse",16,1,2,1,0.00218187738286888,0.00218187738286888,TRUE,0,TRUE,TRUE,TRUE
"controlled_permutation","pectinate",5000,1,19,"reverse",16,1,3,1,0.00218187738286888,0.00218187738286888,TRUE,0,TRUE,TRUE,TRUE
"controlled_permutation","pectinate",5000,1,19,"reverse",16,1,4,1,0.00218187738286888,0.00218187738286888,TRUE,0,TRUE,TRUE,TRUE
"controlled_permutation","pectinate",5000,1,19,"reverse",16,1,5,1,0.00218187738286888,0.00218187738286888,TRUE,0,TRUE,TRUE,TRUE
"controlled_permutation","pectinate",5000,1,19,"reverse",16,1,6,1,0.00218187738286888,0.00218187738286888,TRUE,0,TRUE,TRUE,TRUE
"controlled_permutation","pectinate",5000,1,19,"reverse",16,1,7,1,0.00218187738286888,0.00218187738286888,TRUE,0,TRUE,TRUE,TRUE
"controlled_permutation","pectinate",5000,1,19,"reverse",16,1,8,1,0.00218187738286888,0.00218187738286888,TRUE,0,TRUE,TRUE,TRUE
"controlled_permutation","pectinate",5000,1,19,"reverse",16,1,9,1,0.00218187738286888,0.00218187738286888,TRUE,0,TRUE,TRUE,TRUE
"controlled_permutation","pectinate",5000,1,19,"reverse",16,1,10,1,0.00218187738286888,0.00218187738286888,TRUE,0,TRUE,TRUE,TRUE
"controlled_permutation","pectinate",5000,1,19,"reverse",16,1,11,1,0.00218187738286888,0.00218187738286888,TRUE,0,TRUE,TRUE,TRUE
"controlled_permutation","pectinate",5000,1,19,"reverse",16,1,12,1,0.00218187738286888,0.00218187738286888,TRUE,0,TRUE,TRUE,TRUE
"controlled_permutation","pectinate",5000,1,19,"reverse",16,1,13,1,0.00218187738286888,0.00218187738286888,TRUE,0,TRUE,TRUE,TRUE
"controlled_permutation","pectinate",5000,1,19,"reverse",16,1,14,1,0.00218187738286888,0.00218187738286888,TRUE,0,TRUE,TRUE,TRUE
"controlled_permutation","pectinate",5000,1,19,"reverse",16,1,15,1,0.00218187738286888,0.00218187738286888,TRUE,0,TRUE,TRUE,TRUE
"controlled_permutation","pectinate",5000,1,19,"reverse",16,1,16,1,0.00218187738286888,0.00218187738286888,TRUE,0,TRUE,TRUE,TRUE
"controlled_permutation","pectinate",5000,1,19,"reverse",16,1,17,1,0.00218187738286888,0.00218187738286888,TRUE,0,TRUE,TRUE,TRUE
"controlled_permutation","pectinate",5000,1,19,"reverse",16,1,18,1,0.00218187738286888,0.00218187738286888,TRUE,0,TRUE,TRUE,TRUE
"controlled_permutation","pectinate",5000,1,19,"reverse",16,1,19,1,0.00218187738286888,0.00218187738286888,TRUE,0,TRUE,TRUE,TRUE
"controlled_permutation","pectinate",5000,1,19,"cyclic_shift",2,1,1,1,0.000803674724525601,0.000803674724525601,TRUE,0,TRUE,TRUE,TRUE
"controlled_permutation","pectinate",5000,1,19,"cyclic_shift",2,1,2,1,0.0010745392130137,0.0010745392130137,TRUE,0,TRUE,TRUE,TRUE
"controlled_permutation","pectinate",5000,1,19,"cyclic_shift",2,1,3,1,0.000800103862414455,0.000800103862414455,TRUE,0,TRUE,TRUE,TRUE
"controlled_permutation","pectinate",5000,1,19,"cyclic_shift",2,1,4,1,0.00085669955577045,0.00085669955577045,TRUE,0,TRUE,TRUE,TRUE
"controlled_permutation","pectinate",5000,1,19,"cyclic_shift",2,1,5,1,0.00101052870879867,0.00101052870879867,TRUE,0,TRUE,TRUE,TRUE
"controlled_permutation","pectinate",5000,1,19,"cyclic_shift",2,1,6,1,0.00106298660496047,0.00106298660496047,TRUE,0,TRUE,TRUE,TRUE
"controlled_permutation","pectinate",5000,1,19,"cyclic_shift",2,1,7,1,0.00185923352209274,0.00185923352209274,TRUE,0,TRUE,TRUE,TRUE
"controlled_permutation","pectinate",5000,1,19,"cyclic_shift",2,1,8,1,0.00581805384482481,0.00581805384482481,TRUE,0,TRUE,TRUE,TRUE
"controlled_permutation","pectinate",5000,1,19,"cyclic_shift",2,1,9,1,0.00257629351811447,0.00257629351811447,TRUE,0,TRUE,TRUE,TRUE
"controlled_permutation","pectinate",5000,1,19,"cyclic_shift",2,1,10,1,0.00171070199295579,0.00171070199295579,TRUE,0,TRUE,TRUE,TRUE
"controlled_permutation","pectinate",5000,1,19,"cyclic_shift",2,1,11,1,0.00197742498690058,0.00197742498690058,TRUE,0,TRUE,TRUE,TRUE
"controlled_permutation","pectinate",5000,1,19,"cyclic_shift",2,1,12,1,0.000783420961531671,0.000783420961531671,TRUE,0,TRUE,TRUE,TRUE
"controlled_permutation","pectinate",5000,1,19,"cyclic_shift",2,1,13,1,0.000949976228075564,0.000949976228075564,TRUE,0,TRUE,TRUE,TRUE
"controlled_permutation","pectinate",5000,1,19,"cyclic_shift",2,1,14,1,0.00118061614209969,0.00118061614209969,TRUE,0,TRUE,TRUE,TRUE
"controlled_permutation","pectinate",5000,1,19,"cyclic_shift",2,1,15,1,0.000807850537773474,0.000807850537773474,TRUE,0,TRUE,TRUE,TRUE
"controlled_permutation","pectinate",5000,1,19,"cyclic_shift",2,1,16,1,0.00150364229827223,0.00150364229827223,TRUE,0,TRUE,TRUE,TRUE
"controlled_permutation","pectinate",5000,1,19,"cyclic_shift",2,1,17,1,0.00100009505916292,0.00100009505916292,TRUE,0,TRUE,TRUE,TRUE
"controlled_permutation","pectinate",5000,1,19,"cyclic_shift",2,1,18,1,0.000877957038787549,0.000877957038787549,TRUE,0,TRUE,TRUE,TRUE
"controlled_permutation","pectinate",5000,1,19,"cyclic_shift",2,1,19,1,0.00110268494072759,0.00110268494072759,TRUE,0,TRUE,TRUE,TRUE
"controlled_permutation","pectinate",5000,1,19,"cyclic_shift",4,1,1,1,0.000803674724525601,0.000803674724525601,TRUE,0,TRUE,TRUE,TRUE
"controlled_permutation","pectinate",5000,1,19,"cyclic_shift",4,1,2,1,0.0010745392130137,0.0010745392130137,TRUE,0,TRUE,TRUE,TRUE
"controlled_permutation","pectinate",5000,1,19,"cyclic_shift",4,1,3,1,0.000800103862414455,0.000800103862414455,TRUE,0,TRUE,TRUE,TRUE
"controlled_permutation","pectinate",5000,1,19,"cyclic_shift",4,1,4,1,0.00085669955577045,0.00085669955577045,TRUE,0,TRUE,TRUE,TRUE
"controlled_permutation","pectinate",5000,1,19,"cyclic_shift",4,1,5,1,0.00101052870879867,0.00101052870879867,TRUE,0,TRUE,TRUE,TRUE
"controlled_permutation","pectinate",5000,1,19,"cyclic_shift",4,1,6,1,0.00106298660496047,0.00106298660496047,TRUE,0,TRUE,TRUE,TRUE
"controlled_permutation","pectinate",5000,1,19,"cyclic_shift",4,1,7,1,0.00185923352209274,0.00185923352209274,TRUE,0,TRUE,TRUE,TRUE
"controlled_permutation","pectinate",5000,1,19,"cyclic_shift",4,1,8,1,0.00581805384482481,0.00581805384482481,TRUE,0,TRUE,TRUE,TRUE
"controlled_permutation","pectinate",5000,1,19,"cyclic_shift",4,1,9,1,0.00257629351811447,0.00257629351811447,TRUE,0,TRUE,TRUE,TRUE
"controlled_permutation","pectinate",5000,1,19,"cyclic_shift",4,1,10,1,0.00171070199295579,0.00171070199295579,TRUE,0,TRUE,TRUE,TRUE
"controlled_permutation","pectinate",5000,1,19,"cyclic_shift",4,1,11,1,0.00197742498690058,0.00197742498690058,TRUE,0,TRUE,TRUE,TRUE
"controlled_permutation","pectinate",5000,1,19,"cyclic_shift",4,1,12,1,0.000783420961531671,0.000783420961531671,TRUE,0,TRUE,TRUE,TRUE
"controlled_permutation","pectinate",5000,1,19,"cyclic_shift",4,1,13,1,0.000949976228075564,0.000949976228075564,TRUE,0,TRUE,TRUE,TRUE
"controlled_permutation","pectinate",5000,1,19,"cyclic_shift",4,1,14,1,0.00118061614209969,0.00118061614209969,TRUE,0,TRUE,TRUE,TRUE
"controlled_permutation","pectinate",5000,1,19,"cyclic_shift",4,1,15,1,0.000807850537773474,0.000807850537773474,TRUE,0,TRUE,TRUE,TRUE
"controlled_permutation","pectinate",5000,1,19,"cyclic_shift",4,1,16,1,0.00150364229827223,0.00150364229827223,TRUE,0,TRUE,TRUE,TRUE
"controlled_permutation","pectinate",5000,1,19,"cyclic_shift",4,1,17,1,0.00100009505916292,0.00100009505916292,TRUE,0,TRUE,TRUE,TRUE
"controlled_permutation","pectinate",5000,1,19,"cyclic_shift",4,1,18,1,0.000877957038787549,0.000877957038787549,TRUE,0,TRUE,TRUE,TRUE
"controlled_permutation","pectinate",5000,1,19,"cyclic_shift",4,1,19,1,0.00110268494072759,0.00110268494072759,TRUE,0,TRUE,TRUE,TRUE
"controlled_permutation","pectinate",5000,1,19,"cyclic_shift",8,1,1,1,0.000803674724525601,0.000803674724525601,TRUE,0,TRUE,TRUE,TRUE
"controlled_permutation","pectinate",5000,1,19,"cyclic_shift",8,1,2,1,0.0010745392130137,0.0010745392130137,TRUE,0,TRUE,TRUE,TRUE
"controlled_permutation","pectinate",5000,1,19,"cyclic_shift",8,1,3,1,0.000800103862414455,0.000800103862414455,TRUE,0,TRUE,TRUE,TRUE
"controlled_permutation","pectinate",5000,1,19,"cyclic_shift",8,1,4,1,0.00085669955577045,0.00085669955577045,TRUE,0,TRUE,TRUE,TRUE
"controlled_permutation","pectinate",5000,1,19,"cyclic_shift",8,1,5,1,0.00101052870879867,0.00101052870879867,TRUE,0,TRUE,TRUE,TRUE
"controlled_permutation","pectinate",5000,1,19,"cyclic_shift",8,1,6,1,0.00106298660496047,0.00106298660496047,TRUE,0,TRUE,TRUE,TRUE
"controlled_permutation","pectinate",5000,1,19,"cyclic_shift",8,1,7,1,0.00185923352209274,0.00185923352209274,TRUE,0,TRUE,TRUE,TRUE
"controlled_permutation","pectinate",5000,1,19,"cyclic_shift",8,1,8,1,0.00581805384482481,0.00581805384482481,TRUE,0,TRUE,TRUE,TRUE
"controlled_permutation","pectinate",5000,1,19,"cyclic_shift",8,1,9,1,0.00257629351811447,0.00257629351811447,TRUE,0,TRUE,TRUE,TRUE
"controlled_permutation","pectinate",5000,1,19,"cyclic_shift",8,1,10,1,0.00171070199295579,0.00171070199295579,TRUE,0,TRUE,TRUE,TRUE
"controlled_permutation","pectinate",5000,1,19,"cyclic_shift",8,1,11,1,0.00197742498690058,0.00197742498690058,TRUE,0,TRUE,TRUE,TRUE
"controlled_permutation","pectinate",5000,1,19,"cyclic_shift",8,1,12,1,0.000783420961531671,0.000783420961531671,TRUE,0,TRUE,TRUE,TRUE
"controlled_permutation","pectinate",5000,1,19,"cyclic_shift",8,1,13,1,0.000949976228075564,0.000949976228075564,TRUE,0,TRUE,TRUE,TRUE
"controlled_permutation","pectinate",5000,1,19,"cyclic_shift",8,1,14,1,0.00118061614209969,0.00118061614209969,TRUE,0,TRUE,TRUE,TRUE
"controlled_permutation","pectinate",5000,1,19,"cyclic_shift",8,1,15,1,0.000807850537773474,0.000807850537773474,TRUE,0,TRUE,TRUE,TRUE
"controlled_permutation","pectinate",5000,1,19,"cyclic_shift",8,1,16,1,0.00150364229827223,0.00150364229827223,TRUE,0,TRUE,TRUE,TRUE
"controlled_permutation","pectinate",5000,1,19,"cyclic_shift",8,1,17,1,0.00100009505916292,0.00100009505916292,TRUE,0,TRUE,TRUE,TRUE
"controlled_permutation","pectinate",5000,1,19,"cyclic_shift",8,1,18,1,0.000877957038787549,0.000877957038787549,TRUE,0,TRUE,TRUE,TRUE
"controlled_permutation","pectinate",5000,1,19,"cyclic_shift",8,1,19,1,0.00110268494072759,0.00110268494072759,TRUE,0,TRUE,TRUE,TRUE
"controlled_permutation","pectinate",5000,1,19,"cyclic_shift",16,1,1,1,0.000803674724525601,0.000803674724525601,TRUE,0,TRUE,TRUE,TRUE
"controlled_permutation","pectinate",5000,1,19,"cyclic_shift",16,1,2,1,0.0010745392130137,0.0010745392130137,TRUE,0,TRUE,TRUE,TRUE
"controlled_permutation","pectinate",5000,1,19,"cyclic_shift",16,1,3,1,0.000800103862414455,0.000800103862414455,TRUE,0,TRUE,TRUE,TRUE
"controlled_permutation","pectinate",5000,1,19,"cyclic_shift",16,1,4,1,0.00085669955577045,0.00085669955577045,TRUE,0,TRUE,TRUE,TRUE
"controlled_permutation","pectinate",5000,1,19,"cyclic_shift",16,1,5,1,0.00101052870879867,0.00101052870879867,TRUE,0,TRUE,TRUE,TRUE
"controlled_permutation","pectinate",5000,1,19,"cyclic_shift",16,1,6,1,0.00106298660496047,0.00106298660496047,TRUE,0,TRUE,TRUE,TRUE
"controlled_permutation","pectinate",5000,1,19,"cyclic_shift",16,1,7,1,0.00185923352209274,0.00185923352209274,TRUE,0,TRUE,TRUE,TRUE
"controlled_permutation","pectinate",5000,1,19,"cyclic_shift",16,1,8,1,0.00581805384482481,0.00581805384482481,TRUE,0,TRUE,TRUE,TRUE
"controlled_permutation","pectinate",5000,1,19,"cyclic_shift",16,1,9,1,0.00257629351811447,0.00257629351811447,TRUE,0,TRUE,TRUE,TRUE
"controlled_permutation","pectinate",5000,1,19,"cyclic_shift",16,1,10,1,0.00171070199295579,0.00171070199295579,TRUE,0,TRUE,TRUE,TRUE
"controlled_permutation","pectinate",5000,1,19,"cyclic_shift",16,1,11,1,0.00197742498690058,0.00197742498690058,TRUE,0,TRUE,TRUE,TRUE
"controlled_permutation","pectinate",5000,1,19,"cyclic_shift",16,1,12,1,0.000783420961531671,0.000783420961531671,TRUE,0,TRUE,TRUE,TRUE
"controlled_permutation","pectinate",5000,1,19,"cyclic_shift",16,1,13,1,0.000949976228075564,0.000949976228075564,TRUE,0,TRUE,TRUE,TRUE
"controlled_permutation","pectinate",5000,1,19,"cyclic_shift",16,1,14,1,0.00118061614209969,0.00118061614209969,TRUE,0,TRUE,TRUE,TRUE
"controlled_permutation","pectinate",5000,1,19,"cyclic_shift",16,1,15,1,0.000807850537773474,0.000807850537773474,TRUE,0,TRUE,TRUE,TRUE
"controlled_permutation","pectinate",5000,1,19,"cyclic_shift",16,1,16,1,0.00150364229827223,0.00150364229827223,TRUE,0,TRUE,TRUE,TRUE
"controlled_permutation","pectinate",5000,1,19,"cyclic_shift",16,1,17,1,0.00100009505916292,0.00100009505916292,TRUE,0,TRUE,TRUE,TRUE
"controlled_permutation","pectinate",5000,1,19,"cyclic_shift",16,1,18,1,0.000877957038787549,0.000877957038787549,TRUE,0,TRUE,TRUE,TRUE
"controlled_permutation","pectinate",5000,1,19,"cyclic_shift",16,1,19,1,0.00110268494072759,0.00110268494072759,TRUE,0,TRUE,TRUE,TRUE
"controlled_permutation","pectinate",5000,1,19,"fixed_random",2,1,1,1,0.000803674724525601,0.000803674724525601,TRUE,0,TRUE,TRUE,TRUE
"controlled_permutation","pectinate",5000,1,19,"fixed_random",2,1,2,1,0.000975387563686933,0.000975387563686933,TRUE,0,TRUE,TRUE,TRUE
"controlled_permutation","pectinate",5000,1,19,"fixed_random",2,1,3,1,0.000819133166747499,0.000819133166747499,TRUE,0,TRUE,TRUE,TRUE
"controlled_permutation","pectinate",5000,1,19,"fixed_random",2,1,4,1,0.00121422279954967,0.00121422279954967,TRUE,0,TRUE,TRUE,TRUE
"controlled_permutation","pectinate",5000,1,19,"fixed_random",2,1,5,1,0.000804090408984432,0.000804090408984432,TRUE,0,TRUE,TRUE,TRUE
"controlled_permutation","pectinate",5000,1,19,"fixed_random",2,1,6,1,0.000798239906128352,0.000798239906128352,TRUE,0,TRUE,TRUE,TRUE
"controlled_permutation","pectinate",5000,1,19,"fixed_random",2,1,7,1,0.000975705556728586,0.000975705556728586,TRUE,0,TRUE,TRUE,TRUE
"controlled_permutation","pectinate",5000,1,19,"fixed_random",2,1,8,1,0.00104580646987505,0.00104580646987505,TRUE,0,TRUE,TRUE,TRUE
"controlled_permutation","pectinate",5000,1,19,"fixed_random",2,1,9,1,0.000802894307873389,0.000802894307873389,TRUE,0,TRUE,TRUE,TRUE
"controlled_permutation","pectinate",5000,1,19,"fixed_random",2,1,10,1,0.00128601881848629,0.00128601881848629,TRUE,0,TRUE,TRUE,TRUE
"controlled_permutation","pectinate",5000,1,19,"fixed_random",2,1,11,1,0.000795503006677073,0.000795503006677073,TRUE,0,TRUE,TRUE,TRUE
"controlled_permutation","pectinate",5000,1,19,"fixed_random",2,1,12,1,0.00102670456247105,0.00102670456247105,TRUE,0,TRUE,TRUE,TRUE
"controlled_permutation","pectinate",5000,1,19,"fixed_random",2,1,13,1,0.000815434964200487,0.000815434964200487,TRUE,0,TRUE,TRUE,TRUE
"controlled_permutation","pectinate",5000,1,19,"fixed_random",2,1,14,1,0.000865607734139859,0.000865607734139859,TRUE,0,TRUE,TRUE,TRUE
"controlled_permutation","pectinate",5000,1,19,"fixed_random",2,1,15,1,0.000861919885837777,0.000861919885837777,TRUE,0,TRUE,TRUE,TRUE
"controlled_permutation","pectinate",5000,1,19,"fixed_random",2,1,16,1,0.000841397459865922,0.000841397459865922,TRUE,0,TRUE,TRUE,TRUE
"controlled_permutation","pectinate",5000,1,19,"fixed_random",2,1,17,1,0.000798628508702346,0.000798628508702346,TRUE,0,TRUE,TRUE,TRUE
"controlled_permutation","pectinate",5000,1,19,"fixed_random",2,1,18,1,0.00109099370584691,0.00109099370584691,TRUE,0,TRUE,TRUE,TRUE
"controlled_permutation","pectinate",5000,1,19,"fixed_random",2,1,19,1,0.00103709950164161,0.00103709950164161,TRUE,0,TRUE,TRUE,TRUE
"controlled_permutation","pectinate",5000,1,19,"fixed_random",4,1,1,1,0.000803674724525601,0.000803674724525601,TRUE,0,TRUE,TRUE,TRUE
"controlled_permutation","pectinate",5000,1,19,"fixed_random",4,1,2,1,0.000975387563686933,0.000975387563686933,TRUE,0,TRUE,TRUE,TRUE
"controlled_permutation","pectinate",5000,1,19,"fixed_random",4,1,3,1,0.000819133166747499,0.000819133166747499,TRUE,0,TRUE,TRUE,TRUE
"controlled_permutation","pectinate",5000,1,19,"fixed_random",4,1,4,1,0.00121422279954967,0.00121422279954967,TRUE,0,TRUE,TRUE,TRUE
"controlled_permutation","pectinate",5000,1,19,"fixed_random",4,1,5,1,0.000804090408984432,0.000804090408984432,TRUE,0,TRUE,TRUE,TRUE
"controlled_permutation","pectinate",5000,1,19,"fixed_random",4,1,6,1,0.000798239906128352,0.000798239906128352,TRUE,0,TRUE,TRUE,TRUE
"controlled_permutation","pectinate",5000,1,19,"fixed_random",4,1,7,1,0.000975705556728586,0.000975705556728586,TRUE,0,TRUE,TRUE,TRUE
"controlled_permutation","pectinate",5000,1,19,"fixed_random",4,1,8,1,0.00104580646987505,0.00104580646987505,TRUE,0,TRUE,TRUE,TRUE
"controlled_permutation","pectinate",5000,1,19,"fixed_random",4,1,9,1,0.000802894307873389,0.000802894307873389,TRUE,0,TRUE,TRUE,TRUE
"controlled_permutation","pectinate",5000,1,19,"fixed_random",4,1,10,1,0.00128601881848629,0.00128601881848629,TRUE,0,TRUE,TRUE,TRUE
"controlled_permutation","pectinate",5000,1,19,"fixed_random",4,1,11,1,0.000795503006677073,0.000795503006677073,TRUE,0,TRUE,TRUE,TRUE
"controlled_permutation","pectinate",5000,1,19,"fixed_random",4,1,12,1,0.00102670456247105,0.00102670456247105,TRUE,0,TRUE,TRUE,TRUE
"controlled_permutation","pectinate",5000,1,19,"fixed_random",4,1,13,1,0.000815434964200487,0.000815434964200487,TRUE,0,TRUE,TRUE,TRUE
"controlled_permutation","pectinate",5000,1,19,"fixed_random",4,1,14,1,0.000865607734139859,0.000865607734139859,TRUE,0,TRUE,TRUE,TRUE
"controlled_permutation","pectinate",5000,1,19,"fixed_random",4,1,15,1,0.000861919885837777,0.000861919885837777,TRUE,0,TRUE,TRUE,TRUE
"controlled_permutation","pectinate",5000,1,19,"fixed_random",4,1,16,1,0.000841397459865922,0.000841397459865922,TRUE,0,TRUE,TRUE,TRUE
"controlled_permutation","pectinate",5000,1,19,"fixed_random",4,1,17,1,0.000798628508702346,0.000798628508702346,TRUE,0,TRUE,TRUE,TRUE
"controlled_permutation","pectinate",5000,1,19,"fixed_random",4,1,18,1,0.00109099370584691,0.00109099370584691,TRUE,0,TRUE,TRUE,TRUE
"controlled_permutation","pectinate",5000,1,19,"fixed_random",4,1,19,1,0.00103709950164161,0.00103709950164161,TRUE,0,TRUE,TRUE,TRUE
"controlled_permutation","pectinate",5000,1,19,"fixed_random",8,1,1,1,0.000803674724525601,0.000803674724525601,TRUE,0,TRUE,TRUE,TRUE
"controlled_permutation","pectinate",5000,1,19,"fixed_random",8,1,2,1,0.000975387563686933,0.000975387563686933,TRUE,0,TRUE,TRUE,TRUE
"controlled_permutation","pectinate",5000,1,19,"fixed_random",8,1,3,1,0.000819133166747499,0.000819133166747499,TRUE,0,TRUE,TRUE,TRUE
"controlled_permutation","pectinate",5000,1,19,"fixed_random",8,1,4,1,0.00121422279954967,0.00121422279954967,TRUE,0,TRUE,TRUE,TRUE
"controlled_permutation","pectinate",5000,1,19,"fixed_random",8,1,5,1,0.000804090408984432,0.000804090408984432,TRUE,0,TRUE,TRUE,TRUE
"controlled_permutation","pectinate",5000,1,19,"fixed_random",8,1,6,1,0.000798239906128352,0.000798239906128352,TRUE,0,TRUE,TRUE,TRUE
"controlled_permutation","pectinate",5000,1,19,"fixed_random",8,1,7,1,0.000975705556728586,0.000975705556728586,TRUE,0,TRUE,TRUE,TRUE
"controlled_permutation","pectinate",5000,1,19,"fixed_random",8,1,8,1,0.00104580646987505,0.00104580646987505,TRUE,0,TRUE,TRUE,TRUE
"controlled_permutation","pectinate",5000,1,19,"fixed_random",8,1,9,1,0.000802894307873389,0.000802894307873389,TRUE,0,TRUE,TRUE,TRUE
"controlled_permutation","pectinate",5000,1,19,"fixed_random",8,1,10,1,0.00128601881848629,0.00128601881848629,TRUE,0,TRUE,TRUE,TRUE
"controlled_permutation","pectinate",5000,1,19,"fixed_random",8,1,11,1,0.000795503006677073,0.000795503006677073,TRUE,0,TRUE,TRUE,TRUE
"controlled_permutation","pectinate",5000,1,19,"fixed_random",8,1,12,1,0.00102670456247105,0.00102670456247105,TRUE,0,TRUE,TRUE,TRUE
"controlled_permutation","pectinate",5000,1,19,"fixed_random",8,1,13,1,0.000815434964200487,0.000815434964200487,TRUE,0,TRUE,TRUE,TRUE
"controlled_permutation","pectinate",5000,1,19,"fixed_random",8,1,14,1,0.000865607734139859,0.000865607734139859,TRUE,0,TRUE,TRUE,TRUE
"controlled_permutation","pectinate",5000,1,19,"fixed_random",8,1,15,1,0.000861919885837777,0.000861919885837777,TRUE,0,TRUE,TRUE,TRUE
"controlled_permutation","pectinate",5000,1,19,"fixed_random",8,1,16,1,0.000841397459865922,0.000841397459865922,TRUE,0,TRUE,TRUE,TRUE
"controlled_permutation","pectinate",5000,1,19,"fixed_random",8,1,17,1,0.000798628508702346,0.000798628508702346,TRUE,0,TRUE,TRUE,TRUE
"controlled_permutation","pectinate",5000,1,19,"fixed_random",8,1,18,1,0.00109099370584691,0.00109099370584691,TRUE,0,TRUE,TRUE,TRUE
"controlled_permutation","pectinate",5000,1,19,"fixed_random",8,1,19,1,0.00103709950164161,0.00103709950164161,TRUE,0,TRUE,TRUE,TRUE
"controlled_permutation","pectinate",5000,1,19,"fixed_random",16,1,1,1,0.000803674724525601,0.000803674724525601,TRUE,0,TRUE,TRUE,TRUE
"controlled_permutation","pectinate",5000,1,19,"fixed_random",16,1,2,1,0.000975387563686933,0.000975387563686933,TRUE,0,TRUE,TRUE,TRUE
"controlled_permutation","pectinate",5000,1,19,"fixed_random",16,1,3,1,0.000819133166747499,0.000819133166747499,TRUE,0,TRUE,TRUE,TRUE
"controlled_permutation","pectinate",5000,1,19,"fixed_random",16,1,4,1,0.00121422279954967,0.00121422279954967,TRUE,0,TRUE,TRUE,TRUE
"controlled_permutation","pectinate",5000,1,19,"fixed_random",16,1,5,1,0.000804090408984432,0.000804090408984432,TRUE,0,TRUE,TRUE,TRUE
"controlled_permutation","pectinate",5000,1,19,"fixed_random",16,1,6,1,0.000798239906128352,0.000798239906128352,TRUE,0,TRUE,TRUE,TRUE
"controlled_permutation","pectinate",5000,1,19,"fixed_random",16,1,7,1,0.000975705556728586,0.000975705556728586,TRUE,0,TRUE,TRUE,TRUE
"controlled_permutation","pectinate",5000,1,19,"fixed_random",16,1,8,1,0.00104580646987505,0.00104580646987505,TRUE,0,TRUE,TRUE,TRUE
"controlled_permutation","pectinate",5000,1,19,"fixed_random",16,1,9,1,0.000802894307873389,0.000802894307873389,TRUE,0,TRUE,TRUE,TRUE
"controlled_permutation","pectinate",5000,1,19,"fixed_random",16,1,10,1,0.00128601881848629,0.00128601881848629,TRUE,0,TRUE,TRUE,TRUE
"controlled_permutation","pectinate",5000,1,19,"fixed_random",16,1,11,1,0.000795503006677073,0.000795503006677073,TRUE,0,TRUE,TRUE,TRUE
"controlled_permutation","pectinate",5000,1,19,"fixed_random",16,1,12,1,0.00102670456247105,0.00102670456247105,TRUE,0,TRUE,TRUE,TRUE
"controlled_permutation","pectinate",5000,1,19,"fixed_random",16,1,13,1,0.000815434964200487,0.000815434964200487,TRUE,0,TRUE,TRUE,TRUE
"controlled_permutation","pectinate",5000,1,19,"fixed_random",16,1,14,1,0.000865607734139859,0.000865607734139859,TRUE,0,TRUE,TRUE,TRUE
"controlled_permutation","pectinate",5000,1,19,"fixed_random",16,1,15,1,0.000861919885837777,0.000861919885837777,TRUE,0,TRUE,TRUE,TRUE
"controlled_permutation","pectinate",5000,1,19,"fixed_random",16,1,16,1,0.000841397459865922,0.000841397459865922,TRUE,0,TRUE,TRUE,TRUE
"controlled_permutation","pectinate",5000,1,19,"fixed_random",16,1,17,1,0.000798628508702346,0.000798628508702346,TRUE,0,TRUE,TRUE,TRUE
"controlled_permutation","pectinate",5000,1,19,"fixed_random",16,1,18,1,0.00109099370584691,0.00109099370584691,TRUE,0,TRUE,TRUE,TRUE
"controlled_permutation","pectinate",5000,1,19,"fixed_random",16,1,19,1,0.00103709950164161,0.00103709950164161,TRUE,0,TRUE,TRUE,TRUE
"controlled_permutation","pectinate",5000,1,19,"adversarial",2,1,1,1,0.000803674724525601,0.000803674724525601,TRUE,0,TRUE,TRUE,TRUE
"controlled_permutation","pectinate",5000,1,19,"adversarial",2,1,2,1,0.00181825216645586,0.00181825216645586,TRUE,0,TRUE,TRUE,TRUE
"controlled_permutation","pectinate",5000,1,19,"adversarial",2,1,3,1,0.00084864924630896,0.00084864924630896,TRUE,0,TRUE,TRUE,TRUE
"controlled_permutation","pectinate",5000,1,19,"adversarial",2,1,4,1,0.00196478660377543,0.00196478660377543,TRUE,0,TRUE,TRUE,TRUE
"controlled_permutation","pectinate",5000,1,19,"adversarial",2,1,5,1,0.000870788519416558,0.000870788519416558,TRUE,0,TRUE,TRUE,TRUE
"controlled_permutation","pectinate",5000,1,19,"adversarial",2,1,6,1,0.00181825216645586,0.00181825216645586,TRUE,0,TRUE,TRUE,TRUE
"controlled_permutation","pectinate",5000,1,19,"adversarial",2,1,7,1,0.00084864924630896,0.00084864924630896,TRUE,0,TRUE,TRUE,TRUE
"controlled_permutation","pectinate",5000,1,19,"adversarial",2,1,8,1,0.00196478660377543,0.00196478660377543,TRUE,0,TRUE,TRUE,TRUE
"controlled_permutation","pectinate",5000,1,19,"adversarial",2,1,9,1,0.000870788519416558,0.000870788519416558,TRUE,0,TRUE,TRUE,TRUE
"controlled_permutation","pectinate",5000,1,19,"adversarial",2,1,10,1,0.00181825216645586,0.00181825216645586,TRUE,0,TRUE,TRUE,TRUE
"controlled_permutation","pectinate",5000,1,19,"adversarial",2,1,11,1,0.00084864924630896,0.00084864924630896,TRUE,0,TRUE,TRUE,TRUE
"controlled_permutation","pectinate",5000,1,19,"adversarial",2,1,12,1,0.00196478660377543,0.00196478660377543,TRUE,0,TRUE,TRUE,TRUE
"controlled_permutation","pectinate",5000,1,19,"adversarial",2,1,13,1,0.000870788519416558,0.000870788519416558,TRUE,0,TRUE,TRUE,TRUE
"controlled_permutation","pectinate",5000,1,19,"adversarial",2,1,14,1,0.00181825216645586,0.00181825216645586,TRUE,0,TRUE,TRUE,TRUE
"controlled_permutation","pectinate",5000,1,19,"adversarial",2,1,15,1,0.00084864924630896,0.00084864924630896,TRUE,0,TRUE,TRUE,TRUE
"controlled_permutation","pectinate",5000,1,19,"adversarial",2,1,16,1,0.00196478660377543,0.00196478660377543,TRUE,0,TRUE,TRUE,TRUE
"controlled_permutation","pectinate",5000,1,19,"adversarial",2,1,17,1,0.000870788519416558,0.000870788519416558,TRUE,0,TRUE,TRUE,TRUE
"controlled_permutation","pectinate",5000,1,19,"adversarial",2,1,18,1,0.00181825216645586,0.00181825216645586,TRUE,0,TRUE,TRUE,TRUE
"controlled_permutation","pectinate",5000,1,19,"adversarial",2,1,19,1,0.00084864924630896,0.00084864924630896,TRUE,0,TRUE,TRUE,TRUE
"controlled_permutation","pectinate",5000,1,19,"adversarial",4,1,1,1,0.000803674724525601,0.000803674724525601,TRUE,0,TRUE,TRUE,TRUE
"controlled_permutation","pectinate",5000,1,19,"adversarial",4,1,2,1,0.00181825216645586,0.00181825216645586,TRUE,0,TRUE,TRUE,TRUE
"controlled_permutation","pectinate",5000,1,19,"adversarial",4,1,3,1,0.00084864924630896,0.00084864924630896,TRUE,0,TRUE,TRUE,TRUE
"controlled_permutation","pectinate",5000,1,19,"adversarial",4,1,4,1,0.00196478660377543,0.00196478660377543,TRUE,0,TRUE,TRUE,TRUE
"controlled_permutation","pectinate",5000,1,19,"adversarial",4,1,5,1,0.000870788519416558,0.000870788519416558,TRUE,0,TRUE,TRUE,TRUE
"controlled_permutation","pectinate",5000,1,19,"adversarial",4,1,6,1,0.00181825216645586,0.00181825216645586,TRUE,0,TRUE,TRUE,TRUE
"controlled_permutation","pectinate",5000,1,19,"adversarial",4,1,7,1,0.00084864924630896,0.00084864924630896,TRUE,0,TRUE,TRUE,TRUE
"controlled_permutation","pectinate",5000,1,19,"adversarial",4,1,8,1,0.00196478660377543,0.00196478660377543,TRUE,0,TRUE,TRUE,TRUE
"controlled_permutation","pectinate",5000,1,19,"adversarial",4,1,9,1,0.000870788519416558,0.000870788519416558,TRUE,0,TRUE,TRUE,TRUE
"controlled_permutation","pectinate",5000,1,19,"adversarial",4,1,10,1,0.00181825216645586,0.00181825216645586,TRUE,0,TRUE,TRUE,TRUE
"controlled_permutation","pectinate",5000,1,19,"adversarial",4,1,11,1,0.00084864924630896,0.00084864924630896,TRUE,0,TRUE,TRUE,TRUE
"controlled_permutation","pectinate",5000,1,19,"adversarial",4,1,12,1,0.00196478660377543,0.00196478660377543,TRUE,0,TRUE,TRUE,TRUE
"controlled_permutation","pectinate",5000,1,19,"adversarial",4,1,13,1,0.000870788519416558,0.000870788519416558,TRUE,0,TRUE,TRUE,TRUE
"controlled_permutation","pectinate",5000,1,19,"adversarial",4,1,14,1,0.00181825216645586,0.00181825216645586,TRUE,0,TRUE,TRUE,TRUE
"controlled_permutation","pectinate",5000,1,19,"adversarial",4,1,15,1,0.00084864924630896,0.00084864924630896,TRUE,0,TRUE,TRUE,TRUE
"controlled_permutation","pectinate",5000,1,19,"adversarial",4,1,16,1,0.00196478660377543,0.00196478660377543,TRUE,0,TRUE,TRUE,TRUE
"controlled_permutation","pectinate",5000,1,19,"adversarial",4,1,17,1,0.000870788519416558,0.000870788519416558,TRUE,0,TRUE,TRUE,TRUE
"controlled_permutation","pectinate",5000,1,19,"adversarial",4,1,18,1,0.00181825216645586,0.00181825216645586,TRUE,0,TRUE,TRUE,TRUE
"controlled_permutation","pectinate",5000,1,19,"adversarial",4,1,19,1,0.00084864924630896,0.00084864924630896,TRUE,0,TRUE,TRUE,TRUE
"controlled_permutation","pectinate",5000,1,19,"adversarial",8,1,1,1,0.000803674724525601,0.000803674724525601,TRUE,0,TRUE,TRUE,TRUE
"controlled_permutation","pectinate",5000,1,19,"adversarial",8,1,2,1,0.00181825216645586,0.00181825216645586,TRUE,0,TRUE,TRUE,TRUE
"controlled_permutation","pectinate",5000,1,19,"adversarial",8,1,3,1,0.00084864924630896,0.00084864924630896,TRUE,0,TRUE,TRUE,TRUE
"controlled_permutation","pectinate",5000,1,19,"adversarial",8,1,4,1,0.00196478660377543,0.00196478660377543,TRUE,0,TRUE,TRUE,TRUE
"controlled_permutation","pectinate",5000,1,19,"adversarial",8,1,5,1,0.000870788519416558,0.000870788519416558,TRUE,0,TRUE,TRUE,TRUE
"controlled_permutation","pectinate",5000,1,19,"adversarial",8,1,6,1,0.00181825216645586,0.00181825216645586,TRUE,0,TRUE,TRUE,TRUE
"controlled_permutation","pectinate",5000,1,19,"adversarial",8,1,7,1,0.00084864924630896,0.00084864924630896,TRUE,0,TRUE,TRUE,TRUE
"controlled_permutation","pectinate",5000,1,19,"adversarial",8,1,8,1,0.00196478660377543,0.00196478660377543,TRUE,0,TRUE,TRUE,TRUE
"controlled_permutation","pectinate",5000,1,19,"adversarial",8,1,9,1,0.000870788519416558,0.000870788519416558,TRUE,0,TRUE,TRUE,TRUE
"controlled_permutation","pectinate",5000,1,19,"adversarial",8,1,10,1,0.00181825216645586,0.00181825216645586,TRUE,0,TRUE,TRUE,TRUE
"controlled_permutation","pectinate",5000,1,19,"adversarial",8,1,11,1,0.00084864924630896,0.00084864924630896,TRUE,0,TRUE,TRUE,TRUE
"controlled_permutation","pectinate",5000,1,19,"adversarial",8,1,12,1,0.00196478660377543,0.00196478660377543,TRUE,0,TRUE,TRUE,TRUE
"controlled_permutation","pectinate",5000,1,19,"adversarial",8,1,13,1,0.000870788519416558,0.000870788519416558,TRUE,0,TRUE,TRUE,TRUE
"controlled_permutation","pectinate",5000,1,19,"adversarial",8,1,14,1,0.00181825216645586,0.00181825216645586,TRUE,0,TRUE,TRUE,TRUE
"controlled_permutation","pectinate",5000,1,19,"adversarial",8,1,15,1,0.00084864924630896,0.00084864924630896,TRUE,0,TRUE,TRUE,TRUE
"controlled_permutation","pectinate",5000,1,19,"adversarial",8,1,16,1,0.00196478660377543,0.00196478660377543,TRUE,0,TRUE,TRUE,TRUE
"controlled_permutation","pectinate",5000,1,19,"adversarial",8,1,17,1,0.000870788519416558,0.000870788519416558,TRUE,0,TRUE,TRUE,TRUE
"controlled_permutation","pectinate",5000,1,19,"adversarial",8,1,18,1,0.00181825216645586,0.00181825216645586,TRUE,0,TRUE,TRUE,TRUE
"controlled_permutation","pectinate",5000,1,19,"adversarial",8,1,19,1,0.00084864924630896,0.00084864924630896,TRUE,0,TRUE,TRUE,TRUE
"controlled_permutation","pectinate",5000,1,19,"adversarial",16,1,1,1,0.000803674724525601,0.000803674724525601,TRUE,0,TRUE,TRUE,TRUE
"controlled_permutation","pectinate",5000,1,19,"adversarial",16,1,2,1,0.00181825216645586,0.00181825216645586,TRUE,0,TRUE,TRUE,TRUE
"controlled_permutation","pectinate",5000,1,19,"adversarial",16,1,3,1,0.00084864924630896,0.00084864924630896,TRUE,0,TRUE,TRUE,TRUE
"controlled_permutation","pectinate",5000,1,19,"adversarial",16,1,4,1,0.00196478660377543,0.00196478660377543,TRUE,0,TRUE,TRUE,TRUE
"controlled_permutation","pectinate",5000,1,19,"adversarial",16,1,5,1,0.000870788519416558,0.000870788519416558,TRUE,0,TRUE,TRUE,TRUE
"controlled_permutation","pectinate",5000,1,19,"adversarial",16,1,6,1,0.00181825216645586,0.00181825216645586,TRUE,0,TRUE,TRUE,TRUE
"controlled_permutation","pectinate",5000,1,19,"adversarial",16,1,7,1,0.00084864924630896,0.00084864924630896,TRUE,0,TRUE,TRUE,TRUE
"controlled_permutation","pectinate",5000,1,19,"adversarial",16,1,8,1,0.00196478660377543,0.00196478660377543,TRUE,0,TRUE,TRUE,TRUE
"controlled_permutation","pectinate",5000,1,19,"adversarial",16,1,9,1,0.000870788519416558,0.000870788519416558,TRUE,0,TRUE,TRUE,TRUE
"controlled_permutation","pectinate",5000,1,19,"adversarial",16,1,10,1,0.00181825216645586,0.00181825216645586,TRUE,0,TRUE,TRUE,TRUE
"controlled_permutation","pectinate",5000,1,19,"adversarial",16,1,11,1,0.00084864924630896,0.00084864924630896,TRUE,0,TRUE,TRUE,TRUE
"controlled_permutation","pectinate",5000,1,19,"adversarial",16,1,12,1,0.00196478660377543,0.00196478660377543,TRUE,0,TRUE,TRUE,TRUE
"controlled_permutation","pectinate",5000,1,19,"adversarial",16,1,13,1,0.000870788519416558,0.000870788519416558,TRUE,0,TRUE,TRUE,TRUE
"controlled_permutation","pectinate",5000,1,19,"adversarial",16,1,14,1,0.00181825216645586,0.00181825216645586,TRUE,0,TRUE,TRUE,TRUE
"controlled_permutation","pectinate",5000,1,19,"adversarial",16,1,15,1,0.00084864924630896,0.00084864924630896,TRUE,0,TRUE,TRUE,TRUE
"controlled_permutation","pectinate",5000,1,19,"adversarial",16,1,16,1,0.00196478660377543,0.00196478660377543,TRUE,0,TRUE,TRUE,TRUE
"controlled_permutation","pectinate",5000,1,19,"adversarial",16,1,17,1,0.000870788519416558,0.000870788519416558,TRUE,0,TRUE,TRUE,TRUE
"controlled_permutation","pectinate",5000,1,19,"adversarial",16,1,18,1,0.00181825216645586,0.00181825216645586,TRUE,0,TRUE,TRUE,TRUE
"controlled_permutation","pectinate",5000,1,19,"adversarial",16,1,19,1,0.00084864924630896,0.00084864924630896,TRUE,0,TRUE,TRUE,TRUE
