"method","route","workload","metric","locale_fixture_seed","locale_a","locale_b","locale_a_status","locale_b_status","value_a","value_b","absolute_difference","relative_difference","equal","status_a","status_b","warning_class_a","warning_class_b","failure_a","failure_b","retained_species_a","retained_species_b","fingerprint_a","fingerprint_b","rng_same_seed"
"check_tree","raw","signal=K,lambda,D,Delta","complete_object",20260906,"C","English_United States.1252","RUN","RUN","TRUE TRUE,TRUE,TRUE,TRUE","TRUE TRUE,TRUE,TRUE,TRUE",,,TRUE,"TRUE","TRUE","","","","",,,"","",
"prepare_tree","raw","context","fingerprint",20260906,"C","English_United States.1252","RUN","RUN","A\ra0\ra1\raa\re<U+00E9>\re<U+00E8>\ra-1\ra_1\r2\r10\ra\rb\rc|13,13,14,15,16,17,18,18,17,16,15,19,19,14,20,20,21,22,22,23,23,21,1,14,15,16,17,18,2,3,4,5,19,6,7,20,8,21,22,9,23,10,11,12|0.23539179842919111,0.80798191134817898,0.80130413454025984,0.68222106411121786,0.68593794759362936,0.75543729565106332,0.94998027384281158,0.10613868827931583,0.98006802564486861,0.80127149377949536,0.45031965058296919,0.47308068466372788,0.0031998178455978632,0.92458422714844346,0.3385634736623615,0.18979763658717275,0.57290200376883149,0.42593759135343134,0.25607985258102417,0.35851155966520309,0.40463989763520658,0.48055561515502632|11","A\ra0\ra1\raa\re<U+00E9>\re<U+00E8>\ra-1\ra_1\r2\r10\ra\rb\rc|13,13,14,15,16,17,18,18,17,16,15,19,19,14,20,20,21,22,22,23,23,21,1,14,15,16,17,18,2,3,4,5,19,6,7,20,8,21,22,9,23,10,11,12|0.23539179842919111,0.80798191134817898,0.80130413454025984,0.68222106411121786,0.68593794759362936,0.75543729565106332,0.94998027384281158,0.10613868827931583,0.98006802564486861,0.80127149377949536,0.45031965058296919,0.47308068466372788,0.0031998178455978632,0.92458422714844346,0.3385634736623615,0.18979763658717275,0.57290200376883149,0.42593759135343134,0.25607985258102417,0.35851155966520309,0.40463989763520658,0.48055561515502632|11",,,TRUE,"ok","ok","","","","",,,"A\ra0\ra1\raa\re<U+00E9>\re<U+00E8>\ra-1\ra_1\r2\r10\ra\rb\rc|13,13,14,15,16,17,18,18,17,16,15,19,19,14,20,20,21,22,22,23,23,21,1,14,15,16,17,18,2,3,4,5,19,6,7,20,8,21,22,9,23,10,11,12|0.23539179842919111,0.80798191134817898,0.80130413454025984,0.68222106411121786,0.68593794759362936,0.75543729565106332,0.94998027384281158,0.10613868827931583,0.98006802564486861,0.80127149377949536,0.45031965058296919,0.47308068466372788,0.0031998178455978632,0.92458422714844346,0.3385634736623615,0.18979763658717275,0.57290200376883149,0.42593759135343134,0.25607985258102417,0.35851155966520309,0.40463989763520658,0.48055561515502632|11","A\ra0\ra1\raa\re<U+00E9>\re<U+00E8>\ra-1\ra_1\r2\r10\ra\rb\rc|13,13,14,15,16,17,18,18,17,16,15,19,19,14,20,20,21,22,22,23,23,21,1,14,15,16,17,18,2,3,4,5,19,6,7,20,8,21,22,9,23,10,11,12|0.23539179842919111,0.80798191134817898,0.80130413454025984,0.68222106411121786,0.68593794759362936,0.75543729565106332,0.94998027384281158,0.10613868827931583,0.98006802564486861,0.80127149377949536,0.45031965058296919,0.47308068466372788,0.0031998178455978632,0.92458422714844346,0.3385634736623615,0.18979763658717275,0.57290200376883149,0.42593759135343134,0.25607985258102417,0.35851155966520309,0.40463989763520658,0.48055561515502632|11",
"K","raw","K_test_false","estimate",20260906,"C","English_United States.1252","RUN","RUN","2.1770454636539149","2.1770454636539149",0,0,TRUE,"ok","ok","","","","","12","12","A\ra0\ra1\raa\re<U+00E9>\re<U+00E8>\ra-1\ra_1\r2\r10\ra\rb\rc|13,13,14,15,16,17,18,18,17,16,15,19,19,14,20,20,21,22,22,23,23,21,1,14,15,16,17,18,2,3,4,5,19,6,7,20,8,21,22,9,23,10,11,12|0.23539179842919111,0.80798191134817898,0.80130413454025984,0.68222106411121786,0.68593794759362936,0.75543729565106332,0.94998027384281158,0.10613868827931583,0.98006802564486861,0.80127149377949536,0.45031965058296919,0.47308068466372788,0.0031998178455978632,0.92458422714844346,0.3385634736623615,0.18979763658717275,0.57290200376883149,0.42593759135343134,0.25607985258102417,0.35851155966520309,0.40463989763520658,0.48055561515502632|11","A\ra0\ra1\raa\re<U+00E9>\re<U+00E8>\ra-1\ra_1\r2\r10\ra\rb\rc|13,13,14,15,16,17,18,18,17,16,15,19,19,14,20,20,21,22,22,23,23,21,1,14,15,16,17,18,2,3,4,5,19,6,7,20,8,21,22,9,23,10,11,12|0.23539179842919111,0.80798191134817898,0.80130413454025984,0.68222106411121786,0.68593794759362936,0.75543729565106332,0.94998027384281158,0.10613868827931583,0.98006802564486861,0.80127149377949536,0.45031965058296919,0.47308068466372788,0.0031998178455978632,0.92458422714844346,0.3385634736623615,0.18979763658717275,0.57290200376883149,0.42593759135343134,0.25607985258102417,0.35851155966520309,0.40463989763520658,0.48055561515502632|11",TRUE
"K","raw","K_test_false","matched_species",20260906,"C","English_United States.1252","RUN","RUN","12","12",0,0,TRUE,"ok","ok","","","","","12","12","A\ra0\ra1\raa\re<U+00E9>\re<U+00E8>\ra-1\ra_1\r2\r10\ra\rb\rc|13,13,14,15,16,17,18,18,17,16,15,19,19,14,20,20,21,22,22,23,23,21,1,14,15,16,17,18,2,3,4,5,19,6,7,20,8,21,22,9,23,10,11,12|0.23539179842919111,0.80798191134817898,0.80130413454025984,0.68222106411121786,0.68593794759362936,0.75543729565106332,0.94998027384281158,0.10613868827931583,0.98006802564486861,0.80127149377949536,0.45031965058296919,0.47308068466372788,0.0031998178455978632,0.92458422714844346,0.3385634736623615,0.18979763658717275,0.57290200376883149,0.42593759135343134,0.25607985258102417,0.35851155966520309,0.40463989763520658,0.48055561515502632|11","A\ra0\ra1\raa\re<U+00E9>\re<U+00E8>\ra-1\ra_1\r2\r10\ra\rb\rc|13,13,14,15,16,17,18,18,17,16,15,19,19,14,20,20,21,22,22,23,23,21,1,14,15,16,17,18,2,3,4,5,19,6,7,20,8,21,22,9,23,10,11,12|0.23539179842919111,0.80798191134817898,0.80130413454025984,0.68222106411121786,0.68593794759362936,0.75543729565106332,0.94998027384281158,0.10613868827931583,0.98006802564486861,0.80127149377949536,0.45031965058296919,0.47308068466372788,0.0031998178455978632,0.92458422714844346,0.3385634736623615,0.18979763658717275,0.57290200376883149,0.42593759135343134,0.25607985258102417,0.35851155966520309,0.40463989763520658,0.48055561515502632|11",TRUE
"K","raw","K_test_false","retained_species",20260906,"C","English_United States.1252","RUN","RUN","12","12",0,0,TRUE,"ok","ok","","","","","12","12","A\ra0\ra1\raa\re<U+00E9>\re<U+00E8>\ra-1\ra_1\r2\r10\ra\rb\rc|13,13,14,15,16,17,18,18,17,16,15,19,19,14,20,20,21,22,22,23,23,21,1,14,15,16,17,18,2,3,4,5,19,6,7,20,8,21,22,9,23,10,11,12|0.23539179842919111,0.80798191134817898,0.80130413454025984,0.68222106411121786,0.68593794759362936,0.75543729565106332,0.94998027384281158,0.10613868827931583,0.98006802564486861,0.80127149377949536,0.45031965058296919,0.47308068466372788,0.0031998178455978632,0.92458422714844346,0.3385634736623615,0.18979763658717275,0.57290200376883149,0.42593759135343134,0.25607985258102417,0.35851155966520309,0.40463989763520658,0.48055561515502632|11","A\ra0\ra1\raa\re<U+00E9>\re<U+00E8>\ra-1\ra_1\r2\r10\ra\rb\rc|13,13,14,15,16,17,18,18,17,16,15,19,19,14,20,20,21,22,22,23,23,21,1,14,15,16,17,18,2,3,4,5,19,6,7,20,8,21,22,9,23,10,11,12|0.23539179842919111,0.80798191134817898,0.80130413454025984,0.68222106411121786,0.68593794759362936,0.75543729565106332,0.94998027384281158,0.10613868827931583,0.98006802564486861,0.80127149377949536,0.45031965058296919,0.47308068466372788,0.0031998178455978632,0.92458422714844346,0.3385634736623615,0.18979763658717275,0.57290200376883149,0.42593759135343134,0.25607985258102417,0.35851155966520309,0.40463989763520658,0.48055561515502632|11",TRUE
"K","raw","K_test_false","status",20260906,"C","English_United States.1252","RUN","RUN","ok","ok",,,TRUE,"ok","ok","","","","","12","12","A\ra0\ra1\raa\re<U+00E9>\re<U+00E8>\ra-1\ra_1\r2\r10\ra\rb\rc|13,13,14,15,16,17,18,18,17,16,15,19,19,14,20,20,21,22,22,23,23,21,1,14,15,16,17,18,2,3,4,5,19,6,7,20,8,21,22,9,23,10,11,12|0.23539179842919111,0.80798191134817898,0.80130413454025984,0.68222106411121786,0.68593794759362936,0.75543729565106332,0.94998027384281158,0.10613868827931583,0.98006802564486861,0.80127149377949536,0.45031965058296919,0.47308068466372788,0.0031998178455978632,0.92458422714844346,0.3385634736623615,0.18979763658717275,0.57290200376883149,0.42593759135343134,0.25607985258102417,0.35851155966520309,0.40463989763520658,0.48055561515502632|11","A\ra0\ra1\raa\re<U+00E9>\re<U+00E8>\ra-1\ra_1\r2\r10\ra\rb\rc|13,13,14,15,16,17,18,18,17,16,15,19,19,14,20,20,21,22,22,23,23,21,1,14,15,16,17,18,2,3,4,5,19,6,7,20,8,21,22,9,23,10,11,12|0.23539179842919111,0.80798191134817898,0.80130413454025984,0.68222106411121786,0.68593794759362936,0.75543729565106332,0.94998027384281158,0.10613868827931583,0.98006802564486861,0.80127149377949536,0.45031965058296919,0.47308068466372788,0.0031998178455978632,0.92458422714844346,0.3385634736623615,0.18979763658717275,0.57290200376883149,0.42593759135343134,0.25607985258102417,0.35851155966520309,0.40463989763520658,0.48055561515502632|11",TRUE
"K","prepared","K_test_false","estimate",20260906,"C","English_United States.1252","RUN","RUN","2.1770454636539149","2.1770454636539149",0,0,TRUE,"ok","ok","","","","","12","12","A\ra0\ra1\raa\re<U+00E9>\re<U+00E8>\ra-1\ra_1\r2\r10\ra\rb\rc|13,13,14,15,16,17,18,18,17,16,15,19,19,14,20,20,21,22,22,23,23,21,1,14,15,16,17,18,2,3,4,5,19,6,7,20,8,21,22,9,23,10,11,12|0.23539179842919111,0.80798191134817898,0.80130413454025984,0.68222106411121786,0.68593794759362936,0.75543729565106332,0.94998027384281158,0.10613868827931583,0.98006802564486861,0.80127149377949536,0.45031965058296919,0.47308068466372788,0.0031998178455978632,0.92458422714844346,0.3385634736623615,0.18979763658717275,0.57290200376883149,0.42593759135343134,0.25607985258102417,0.35851155966520309,0.40463989763520658,0.48055561515502632|11","A\ra0\ra1\raa\re<U+00E9>\re<U+00E8>\ra-1\ra_1\r2\r10\ra\rb\rc|13,13,14,15,16,17,18,18,17,16,15,19,19,14,20,20,21,22,22,23,23,21,1,14,15,16,17,18,2,3,4,5,19,6,7,20,8,21,22,9,23,10,11,12|0.23539179842919111,0.80798191134817898,0.80130413454025984,0.68222106411121786,0.68593794759362936,0.75543729565106332,0.94998027384281158,0.10613868827931583,0.98006802564486861,0.80127149377949536,0.45031965058296919,0.47308068466372788,0.0031998178455978632,0.92458422714844346,0.3385634736623615,0.18979763658717275,0.57290200376883149,0.42593759135343134,0.25607985258102417,0.35851155966520309,0.40463989763520658,0.48055561515502632|11",TRUE
"K","prepared","K_test_false","matched_species",20260906,"C","English_United States.1252","RUN","RUN","12","12",0,0,TRUE,"ok","ok","","","","","12","12","A\ra0\ra1\raa\re<U+00E9>\re<U+00E8>\ra-1\ra_1\r2\r10\ra\rb\rc|13,13,14,15,16,17,18,18,17,16,15,19,19,14,20,20,21,22,22,23,23,21,1,14,15,16,17,18,2,3,4,5,19,6,7,20,8,21,22,9,23,10,11,12|0.23539179842919111,0.80798191134817898,0.80130413454025984,0.68222106411121786,0.68593794759362936,0.75543729565106332,0.94998027384281158,0.10613868827931583,0.98006802564486861,0.80127149377949536,0.45031965058296919,0.47308068466372788,0.0031998178455978632,0.92458422714844346,0.3385634736623615,0.18979763658717275,0.57290200376883149,0.42593759135343134,0.25607985258102417,0.35851155966520309,0.40463989763520658,0.48055561515502632|11","A\ra0\ra1\raa\re<U+00E9>\re<U+00E8>\ra-1\ra_1\r2\r10\ra\rb\rc|13,13,14,15,16,17,18,18,17,16,15,19,19,14,20,20,21,22,22,23,23,21,1,14,15,16,17,18,2,3,4,5,19,6,7,20,8,21,22,9,23,10,11,12|0.23539179842919111,0.80798191134817898,0.80130413454025984,0.68222106411121786,0.68593794759362936,0.75543729565106332,0.94998027384281158,0.10613868827931583,0.98006802564486861,0.80127149377949536,0.45031965058296919,0.47308068466372788,0.0031998178455978632,0.92458422714844346,0.3385634736623615,0.18979763658717275,0.57290200376883149,0.42593759135343134,0.25607985258102417,0.35851155966520309,0.40463989763520658,0.48055561515502632|11",TRUE
"K","prepared","K_test_false","retained_species",20260906,"C","English_United States.1252","RUN","RUN","12","12",0,0,TRUE,"ok","ok","","","","","12","12","A\ra0\ra1\raa\re<U+00E9>\re<U+00E8>\ra-1\ra_1\r2\r10\ra\rb\rc|13,13,14,15,16,17,18,18,17,16,15,19,19,14,20,20,21,22,22,23,23,21,1,14,15,16,17,18,2,3,4,5,19,6,7,20,8,21,22,9,23,10,11,12|0.23539179842919111,0.80798191134817898,0.80130413454025984,0.68222106411121786,0.68593794759362936,0.75543729565106332,0.94998027384281158,0.10613868827931583,0.98006802564486861,0.80127149377949536,0.45031965058296919,0.47308068466372788,0.0031998178455978632,0.92458422714844346,0.3385634736623615,0.18979763658717275,0.57290200376883149,0.42593759135343134,0.25607985258102417,0.35851155966520309,0.40463989763520658,0.48055561515502632|11","A\ra0\ra1\raa\re<U+00E9>\re<U+00E8>\ra-1\ra_1\r2\r10\ra\rb\rc|13,13,14,15,16,17,18,18,17,16,15,19,19,14,20,20,21,22,22,23,23,21,1,14,15,16,17,18,2,3,4,5,19,6,7,20,8,21,22,9,23,10,11,12|0.23539179842919111,0.80798191134817898,0.80130413454025984,0.68222106411121786,0.68593794759362936,0.75543729565106332,0.94998027384281158,0.10613868827931583,0.98006802564486861,0.80127149377949536,0.45031965058296919,0.47308068466372788,0.0031998178455978632,0.92458422714844346,0.3385634736623615,0.18979763658717275,0.57290200376883149,0.42593759135343134,0.25607985258102417,0.35851155966520309,0.40463989763520658,0.48055561515502632|11",TRUE
"K","prepared","K_test_false","status",20260906,"C","English_United States.1252","RUN","RUN","ok","ok",,,TRUE,"ok","ok","","","","","12","12","A\ra0\ra1\raa\re<U+00E9>\re<U+00E8>\ra-1\ra_1\r2\r10\ra\rb\rc|13,13,14,15,16,17,18,18,17,16,15,19,19,14,20,20,21,22,22,23,23,21,1,14,15,16,17,18,2,3,4,5,19,6,7,20,8,21,22,9,23,10,11,12|0.23539179842919111,0.80798191134817898,0.80130413454025984,0.68222106411121786,0.68593794759362936,0.75543729565106332,0.94998027384281158,0.10613868827931583,0.98006802564486861,0.80127149377949536,0.45031965058296919,0.47308068466372788,0.0031998178455978632,0.92458422714844346,0.3385634736623615,0.18979763658717275,0.57290200376883149,0.42593759135343134,0.25607985258102417,0.35851155966520309,0.40463989763520658,0.48055561515502632|11","A\ra0\ra1\raa\re<U+00E9>\re<U+00E8>\ra-1\ra_1\r2\r10\ra\rb\rc|13,13,14,15,16,17,18,18,17,16,15,19,19,14,20,20,21,22,22,23,23,21,1,14,15,16,17,18,2,3,4,5,19,6,7,20,8,21,22,9,23,10,11,12|0.23539179842919111,0.80798191134817898,0.80130413454025984,0.68222106411121786,0.68593794759362936,0.75543729565106332,0.94998027384281158,0.10613868827931583,0.98006802564486861,0.80127149377949536,0.45031965058296919,0.47308068466372788,0.0031998178455978632,0.92458422714844346,0.3385634736623615,0.18979763658717275,0.57290200376883149,0.42593759135343134,0.25607985258102417,0.35851155966520309,0.40463989763520658,0.48055561515502632|11",TRUE
"K","raw","K_test_true_fixed","estimate",20260906,"C","English_United States.1252","RUN","RUN","2.1770454636539145","2.1770454636539145",0,0,TRUE,"ok","ok","","","","","12","12","A\ra0\ra1\raa\re<U+00E9>\re<U+00E8>\ra-1\ra_1\r2\r10\ra\rb\rc|13,13,14,15,16,17,18,18,17,16,15,19,19,14,20,20,21,22,22,23,23,21,1,14,15,16,17,18,2,3,4,5,19,6,7,20,8,21,22,9,23,10,11,12|0.23539179842919111,0.80798191134817898,0.80130413454025984,0.68222106411121786,0.68593794759362936,0.75543729565106332,0.94998027384281158,0.10613868827931583,0.98006802564486861,0.80127149377949536,0.45031965058296919,0.47308068466372788,0.0031998178455978632,0.92458422714844346,0.3385634736623615,0.18979763658717275,0.57290200376883149,0.42593759135343134,0.25607985258102417,0.35851155966520309,0.40463989763520658,0.48055561515502632|11","A\ra0\ra1\raa\re<U+00E9>\re<U+00E8>\ra-1\ra_1\r2\r10\ra\rb\rc|13,13,14,15,16,17,18,18,17,16,15,19,19,14,20,20,21,22,22,23,23,21,1,14,15,16,17,18,2,3,4,5,19,6,7,20,8,21,22,9,23,10,11,12|0.23539179842919111,0.80798191134817898,0.80130413454025984,0.68222106411121786,0.68593794759362936,0.75543729565106332,0.94998027384281158,0.10613868827931583,0.98006802564486861,0.80127149377949536,0.45031965058296919,0.47308068466372788,0.0031998178455978632,0.92458422714844346,0.3385634736623615,0.18979763658717275,0.57290200376883149,0.42593759135343134,0.25607985258102417,0.35851155966520309,0.40463989763520658,0.48055561515502632|11",TRUE
"K","raw","K_test_true_fixed","P",20260906,"C","English_United States.1252","RUN","RUN","0.5","0.5",0,0,TRUE,"ok","ok","","","","","12","12","A\ra0\ra1\raa\re<U+00E9>\re<U+00E8>\ra-1\ra_1\r2\r10\ra\rb\rc|13,13,14,15,16,17,18,18,17,16,15,19,19,14,20,20,21,22,22,23,23,21,1,14,15,16,17,18,2,3,4,5,19,6,7,20,8,21,22,9,23,10,11,12|0.23539179842919111,0.80798191134817898,0.80130413454025984,0.68222106411121786,0.68593794759362936,0.75543729565106332,0.94998027384281158,0.10613868827931583,0.98006802564486861,0.80127149377949536,0.45031965058296919,0.47308068466372788,0.0031998178455978632,0.92458422714844346,0.3385634736623615,0.18979763658717275,0.57290200376883149,0.42593759135343134,0.25607985258102417,0.35851155966520309,0.40463989763520658,0.48055561515502632|11","A\ra0\ra1\raa\re<U+00E9>\re<U+00E8>\ra-1\ra_1\r2\r10\ra\rb\rc|13,13,14,15,16,17,18,18,17,16,15,19,19,14,20,20,21,22,22,23,23,21,1,14,15,16,17,18,2,3,4,5,19,6,7,20,8,21,22,9,23,10,11,12|0.23539179842919111,0.80798191134817898,0.80130413454025984,0.68222106411121786,0.68593794759362936,0.75543729565106332,0.94998027384281158,0.10613868827931583,0.98006802564486861,0.80127149377949536,0.45031965058296919,0.47308068466372788,0.0031998178455978632,0.92458422714844346,0.3385634736623615,0.18979763658717275,0.57290200376883149,0.42593759135343134,0.25607985258102417,0.35851155966520309,0.40463989763520658,0.48055561515502632|11",TRUE
"K","raw","K_test_true_fixed","MCSE",20260906,"C","English_United States.1252","RUN","RUN","0.25","0.25",0,0,TRUE,"ok","ok","","","","","12","12","A\ra0\ra1\raa\re<U+00E9>\re<U+00E8>\ra-1\ra_1\r2\r10\ra\rb\rc|13,13,14,15,16,17,18,18,17,16,15,19,19,14,20,20,21,22,22,23,23,21,1,14,15,16,17,18,2,3,4,5,19,6,7,20,8,21,22,9,23,10,11,12|0.23539179842919111,0.80798191134817898,0.80130413454025984,0.68222106411121786,0.68593794759362936,0.75543729565106332,0.94998027384281158,0.10613868827931583,0.98006802564486861,0.80127149377949536,0.45031965058296919,0.47308068466372788,0.0031998178455978632,0.92458422714844346,0.3385634736623615,0.18979763658717275,0.57290200376883149,0.42593759135343134,0.25607985258102417,0.35851155966520309,0.40463989763520658,0.48055561515502632|11","A\ra0\ra1\raa\re<U+00E9>\re<U+00E8>\ra-1\ra_1\r2\r10\ra\rb\rc|13,13,14,15,16,17,18,18,17,16,15,19,19,14,20,20,21,22,22,23,23,21,1,14,15,16,17,18,2,3,4,5,19,6,7,20,8,21,22,9,23,10,11,12|0.23539179842919111,0.80798191134817898,0.80130413454025984,0.68222106411121786,0.68593794759362936,0.75543729565106332,0.94998027384281158,0.10613868827931583,0.98006802564486861,0.80127149377949536,0.45031965058296919,0.47308068466372788,0.0031998178455978632,0.92458422714844346,0.3385634736623615,0.18979763658717275,0.57290200376883149,0.42593759135343134,0.25607985258102417,0.35851155966520309,0.40463989763520658,0.48055561515502632|11",TRUE
"K","raw","K_test_true_fixed","matched_species",20260906,"C","English_United States.1252","RUN","RUN","12","12",0,0,TRUE,"ok","ok","","","","","12","12","A\ra0\ra1\raa\re<U+00E9>\re<U+00E8>\ra-1\ra_1\r2\r10\ra\rb\rc|13,13,14,15,16,17,18,18,17,16,15,19,19,14,20,20,21,22,22,23,23,21,1,14,15,16,17,18,2,3,4,5,19,6,7,20,8,21,22,9,23,10,11,12|0.23539179842919111,0.80798191134817898,0.80130413454025984,0.68222106411121786,0.68593794759362936,0.75543729565106332,0.94998027384281158,0.10613868827931583,0.98006802564486861,0.80127149377949536,0.45031965058296919,0.47308068466372788,0.0031998178455978632,0.92458422714844346,0.3385634736623615,0.18979763658717275,0.57290200376883149,0.42593759135343134,0.25607985258102417,0.35851155966520309,0.40463989763520658,0.48055561515502632|11","A\ra0\ra1\raa\re<U+00E9>\re<U+00E8>\ra-1\ra_1\r2\r10\ra\rb\rc|13,13,14,15,16,17,18,18,17,16,15,19,19,14,20,20,21,22,22,23,23,21,1,14,15,16,17,18,2,3,4,5,19,6,7,20,8,21,22,9,23,10,11,12|0.23539179842919111,0.80798191134817898,0.80130413454025984,0.68222106411121786,0.68593794759362936,0.75543729565106332,0.94998027384281158,0.10613868827931583,0.98006802564486861,0.80127149377949536,0.45031965058296919,0.47308068466372788,0.0031998178455978632,0.92458422714844346,0.3385634736623615,0.18979763658717275,0.57290200376883149,0.42593759135343134,0.25607985258102417,0.35851155966520309,0.40463989763520658,0.48055561515502632|11",TRUE
"K","raw","K_test_true_fixed","retained_species",20260906,"C","English_United States.1252","RUN","RUN","12","12",0,0,TRUE,"ok","ok","","","","","12","12","A\ra0\ra1\raa\re<U+00E9>\re<U+00E8>\ra-1\ra_1\r2\r10\ra\rb\rc|13,13,14,15,16,17,18,18,17,16,15,19,19,14,20,20,21,22,22,23,23,21,1,14,15,16,17,18,2,3,4,5,19,6,7,20,8,21,22,9,23,10,11,12|0.23539179842919111,0.80798191134817898,0.80130413454025984,0.68222106411121786,0.68593794759362936,0.75543729565106332,0.94998027384281158,0.10613868827931583,0.98006802564486861,0.80127149377949536,0.45031965058296919,0.47308068466372788,0.0031998178455978632,0.92458422714844346,0.3385634736623615,0.18979763658717275,0.57290200376883149,0.42593759135343134,0.25607985258102417,0.35851155966520309,0.40463989763520658,0.48055561515502632|11","A\ra0\ra1\raa\re<U+00E9>\re<U+00E8>\ra-1\ra_1\r2\r10\ra\rb\rc|13,13,14,15,16,17,18,18,17,16,15,19,19,14,20,20,21,22,22,23,23,21,1,14,15,16,17,18,2,3,4,5,19,6,7,20,8,21,22,9,23,10,11,12|0.23539179842919111,0.80798191134817898,0.80130413454025984,0.68222106411121786,0.68593794759362936,0.75543729565106332,0.94998027384281158,0.10613868827931583,0.98006802564486861,0.80127149377949536,0.45031965058296919,0.47308068466372788,0.0031998178455978632,0.92458422714844346,0.3385634736623615,0.18979763658717275,0.57290200376883149,0.42593759135343134,0.25607985258102417,0.35851155966520309,0.40463989763520658,0.48055561515502632|11",TRUE
"K","raw","K_test_true_fixed","status",20260906,"C","English_United States.1252","RUN","RUN","ok","ok",,,TRUE,"ok","ok","","","","","12","12","A\ra0\ra1\raa\re<U+00E9>\re<U+00E8>\ra-1\ra_1\r2\r10\ra\rb\rc|13,13,14,15,16,17,18,18,17,16,15,19,19,14,20,20,21,22,22,23,23,21,1,14,15,16,17,18,2,3,4,5,19,6,7,20,8,21,22,9,23,10,11,12|0.23539179842919111,0.80798191134817898,0.80130413454025984,0.68222106411121786,0.68593794759362936,0.75543729565106332,0.94998027384281158,0.10613868827931583,0.98006802564486861,0.80127149377949536,0.45031965058296919,0.47308068466372788,0.0031998178455978632,0.92458422714844346,0.3385634736623615,0.18979763658717275,0.57290200376883149,0.42593759135343134,0.25607985258102417,0.35851155966520309,0.40463989763520658,0.48055561515502632|11","A\ra0\ra1\raa\re<U+00E9>\re<U+00E8>\ra-1\ra_1\r2\r10\ra\rb\rc|13,13,14,15,16,17,18,18,17,16,15,19,19,14,20,20,21,22,22,23,23,21,1,14,15,16,17,18,2,3,4,5,19,6,7,20,8,21,22,9,23,10,11,12|0.23539179842919111,0.80798191134817898,0.80130413454025984,0.68222106411121786,0.68593794759362936,0.75543729565106332,0.94998027384281158,0.10613868827931583,0.98006802564486861,0.80127149377949536,0.45031965058296919,0.47308068466372788,0.0031998178455978632,0.92458422714844346,0.3385634736623615,0.18979763658717275,0.57290200376883149,0.42593759135343134,0.25607985258102417,0.35851155966520309,0.40463989763520658,0.48055561515502632|11",TRUE
"K","prepared","K_test_true_fixed","estimate",20260906,"C","English_United States.1252","RUN","RUN","2.1770454636539145","2.1770454636539145",0,0,TRUE,"ok","ok","","","","","12","12","A\ra0\ra1\raa\re<U+00E9>\re<U+00E8>\ra-1\ra_1\r2\r10\ra\rb\rc|13,13,14,15,16,17,18,18,17,16,15,19,19,14,20,20,21,22,22,23,23,21,1,14,15,16,17,18,2,3,4,5,19,6,7,20,8,21,22,9,23,10,11,12|0.23539179842919111,0.80798191134817898,0.80130413454025984,0.68222106411121786,0.68593794759362936,0.75543729565106332,0.94998027384281158,0.10613868827931583,0.98006802564486861,0.80127149377949536,0.45031965058296919,0.47308068466372788,0.0031998178455978632,0.92458422714844346,0.3385634736623615,0.18979763658717275,0.57290200376883149,0.42593759135343134,0.25607985258102417,0.35851155966520309,0.40463989763520658,0.48055561515502632|11","A\ra0\ra1\raa\re<U+00E9>\re<U+00E8>\ra-1\ra_1\r2\r10\ra\rb\rc|13,13,14,15,16,17,18,18,17,16,15,19,19,14,20,20,21,22,22,23,23,21,1,14,15,16,17,18,2,3,4,5,19,6,7,20,8,21,22,9,23,10,11,12|0.23539179842919111,0.80798191134817898,0.80130413454025984,0.68222106411121786,0.68593794759362936,0.75543729565106332,0.94998027384281158,0.10613868827931583,0.98006802564486861,0.80127149377949536,0.45031965058296919,0.47308068466372788,0.0031998178455978632,0.92458422714844346,0.3385634736623615,0.18979763658717275,0.57290200376883149,0.42593759135343134,0.25607985258102417,0.35851155966520309,0.40463989763520658,0.48055561515502632|11",TRUE
"K","prepared","K_test_true_fixed","P",20260906,"C","English_United States.1252","RUN","RUN","0.5","0.5",0,0,TRUE,"ok","ok","","","","","12","12","A\ra0\ra1\raa\re<U+00E9>\re<U+00E8>\ra-1\ra_1\r2\r10\ra\rb\rc|13,13,14,15,16,17,18,18,17,16,15,19,19,14,20,20,21,22,22,23,23,21,1,14,15,16,17,18,2,3,4,5,19,6,7,20,8,21,22,9,23,10,11,12|0.23539179842919111,0.80798191134817898,0.80130413454025984,0.68222106411121786,0.68593794759362936,0.75543729565106332,0.94998027384281158,0.10613868827931583,0.98006802564486861,0.80127149377949536,0.45031965058296919,0.47308068466372788,0.0031998178455978632,0.92458422714844346,0.3385634736623615,0.18979763658717275,0.57290200376883149,0.42593759135343134,0.25607985258102417,0.35851155966520309,0.40463989763520658,0.48055561515502632|11","A\ra0\ra1\raa\re<U+00E9>\re<U+00E8>\ra-1\ra_1\r2\r10\ra\rb\rc|13,13,14,15,16,17,18,18,17,16,15,19,19,14,20,20,21,22,22,23,23,21,1,14,15,16,17,18,2,3,4,5,19,6,7,20,8,21,22,9,23,10,11,12|0.23539179842919111,0.80798191134817898,0.80130413454025984,0.68222106411121786,0.68593794759362936,0.75543729565106332,0.94998027384281158,0.10613868827931583,0.98006802564486861,0.80127149377949536,0.45031965058296919,0.47308068466372788,0.0031998178455978632,0.92458422714844346,0.3385634736623615,0.18979763658717275,0.57290200376883149,0.42593759135343134,0.25607985258102417,0.35851155966520309,0.40463989763520658,0.48055561515502632|11",TRUE
"K","prepared","K_test_true_fixed","MCSE",20260906,"C","English_United States.1252","RUN","RUN","0.25","0.25",0,0,TRUE,"ok","ok","","","","","12","12","A\ra0\ra1\raa\re<U+00E9>\re<U+00E8>\ra-1\ra_1\r2\r10\ra\rb\rc|13,13,14,15,16,17,18,18,17,16,15,19,19,14,20,20,21,22,22,23,23,21,1,14,15,16,17,18,2,3,4,5,19,6,7,20,8,21,22,9,23,10,11,12|0.23539179842919111,0.80798191134817898,0.80130413454025984,0.68222106411121786,0.68593794759362936,0.75543729565106332,0.94998027384281158,0.10613868827931583,0.98006802564486861,0.80127149377949536,0.45031965058296919,0.47308068466372788,0.0031998178455978632,0.92458422714844346,0.3385634736623615,0.18979763658717275,0.57290200376883149,0.42593759135343134,0.25607985258102417,0.35851155966520309,0.40463989763520658,0.48055561515502632|11","A\ra0\ra1\raa\re<U+00E9>\re<U+00E8>\ra-1\ra_1\r2\r10\ra\rb\rc|13,13,14,15,16,17,18,18,17,16,15,19,19,14,20,20,21,22,22,23,23,21,1,14,15,16,17,18,2,3,4,5,19,6,7,20,8,21,22,9,23,10,11,12|0.23539179842919111,0.80798191134817898,0.80130413454025984,0.68222106411121786,0.68593794759362936,0.75543729565106332,0.94998027384281158,0.10613868827931583,0.98006802564486861,0.80127149377949536,0.45031965058296919,0.47308068466372788,0.0031998178455978632,0.92458422714844346,0.3385634736623615,0.18979763658717275,0.57290200376883149,0.42593759135343134,0.25607985258102417,0.35851155966520309,0.40463989763520658,0.48055561515502632|11",TRUE
"K","prepared","K_test_true_fixed","matched_species",20260906,"C","English_United States.1252","RUN","RUN","12","12",0,0,TRUE,"ok","ok","","","","","12","12","A\ra0\ra1\raa\re<U+00E9>\re<U+00E8>\ra-1\ra_1\r2\r10\ra\rb\rc|13,13,14,15,16,17,18,18,17,16,15,19,19,14,20,20,21,22,22,23,23,21,1,14,15,16,17,18,2,3,4,5,19,6,7,20,8,21,22,9,23,10,11,12|0.23539179842919111,0.80798191134817898,0.80130413454025984,0.68222106411121786,0.68593794759362936,0.75543729565106332,0.94998027384281158,0.10613868827931583,0.98006802564486861,0.80127149377949536,0.45031965058296919,0.47308068466372788,0.0031998178455978632,0.92458422714844346,0.3385634736623615,0.18979763658717275,0.57290200376883149,0.42593759135343134,0.25607985258102417,0.35851155966520309,0.40463989763520658,0.48055561515502632|11","A\ra0\ra1\raa\re<U+00E9>\re<U+00E8>\ra-1\ra_1\r2\r10\ra\rb\rc|13,13,14,15,16,17,18,18,17,16,15,19,19,14,20,20,21,22,22,23,23,21,1,14,15,16,17,18,2,3,4,5,19,6,7,20,8,21,22,9,23,10,11,12|0.23539179842919111,0.80798191134817898,0.80130413454025984,0.68222106411121786,0.68593794759362936,0.75543729565106332,0.94998027384281158,0.10613868827931583,0.98006802564486861,0.80127149377949536,0.45031965058296919,0.47308068466372788,0.0031998178455978632,0.92458422714844346,0.3385634736623615,0.18979763658717275,0.57290200376883149,0.42593759135343134,0.25607985258102417,0.35851155966520309,0.40463989763520658,0.48055561515502632|11",TRUE
"K","prepared","K_test_true_fixed","retained_species",20260906,"C","English_United States.1252","RUN","RUN","12","12",0,0,TRUE,"ok","ok","","","","","12","12","A\ra0\ra1\raa\re<U+00E9>\re<U+00E8>\ra-1\ra_1\r2\r10\ra\rb\rc|13,13,14,15,16,17,18,18,17,16,15,19,19,14,20,20,21,22,22,23,23,21,1,14,15,16,17,18,2,3,4,5,19,6,7,20,8,21,22,9,23,10,11,12|0.23539179842919111,0.80798191134817898,0.80130413454025984,0.68222106411121786,0.68593794759362936,0.75543729565106332,0.94998027384281158,0.10613868827931583,0.98006802564486861,0.80127149377949536,0.45031965058296919,0.47308068466372788,0.0031998178455978632,0.92458422714844346,0.3385634736623615,0.18979763658717275,0.57290200376883149,0.42593759135343134,0.25607985258102417,0.35851155966520309,0.40463989763520658,0.48055561515502632|11","A\ra0\ra1\raa\re<U+00E9>\re<U+00E8>\ra-1\ra_1\r2\r10\ra\rb\rc|13,13,14,15,16,17,18,18,17,16,15,19,19,14,20,20,21,22,22,23,23,21,1,14,15,16,17,18,2,3,4,5,19,6,7,20,8,21,22,9,23,10,11,12|0.23539179842919111,0.80798191134817898,0.80130413454025984,0.68222106411121786,0.68593794759362936,0.75543729565106332,0.94998027384281158,0.10613868827931583,0.98006802564486861,0.80127149377949536,0.45031965058296919,0.47308068466372788,0.0031998178455978632,0.92458422714844346,0.3385634736623615,0.18979763658717275,0.57290200376883149,0.42593759135343134,0.25607985258102417,0.35851155966520309,0.40463989763520658,0.48055561515502632|11",TRUE
"K","prepared","K_test_true_fixed","status",20260906,"C","English_United States.1252","RUN","RUN","ok","ok",,,TRUE,"ok","ok","","","","","12","12","A\ra0\ra1\raa\re<U+00E9>\re<U+00E8>\ra-1\ra_1\r2\r10\ra\rb\rc|13,13,14,15,16,17,18,18,17,16,15,19,19,14,20,20,21,22,22,23,23,21,1,14,15,16,17,18,2,3,4,5,19,6,7,20,8,21,22,9,23,10,11,12|0.23539179842919111,0.80798191134817898,0.80130413454025984,0.68222106411121786,0.68593794759362936,0.75543729565106332,0.94998027384281158,0.10613868827931583,0.98006802564486861,0.80127149377949536,0.45031965058296919,0.47308068466372788,0.0031998178455978632,0.92458422714844346,0.3385634736623615,0.18979763658717275,0.57290200376883149,0.42593759135343134,0.25607985258102417,0.35851155966520309,0.40463989763520658,0.48055561515502632|11","A\ra0\ra1\raa\re<U+00E9>\re<U+00E8>\ra-1\ra_1\r2\r10\ra\rb\rc|13,13,14,15,16,17,18,18,17,16,15,19,19,14,20,20,21,22,22,23,23,21,1,14,15,16,17,18,2,3,4,5,19,6,7,20,8,21,22,9,23,10,11,12|0.23539179842919111,0.80798191134817898,0.80130413454025984,0.68222106411121786,0.68593794759362936,0.75543729565106332,0.94998027384281158,0.10613868827931583,0.98006802564486861,0.80127149377949536,0.45031965058296919,0.47308068466372788,0.0031998178455978632,0.92458422714844346,0.3385634736623615,0.18979763658717275,0.57290200376883149,0.42593759135343134,0.25607985258102417,0.35851155966520309,0.40463989763520658,0.48055561515502632|11",TRUE
"lambda","raw","lambda_test_true","estimate",20260906,"C","English_United States.1252","RUN","RUN","0.9999338930386481","0.9999338930386481",0,0,TRUE,"ok","ok","","","","","12","12","A\ra0\ra1\raa\re<U+00E9>\re<U+00E8>\ra-1\ra_1\r2\r10\ra\rb\rc|13,13,14,15,16,17,18,18,17,16,15,19,19,14,20,20,21,22,22,23,23,21,1,14,15,16,17,18,2,3,4,5,19,6,7,20,8,21,22,9,23,10,11,12|0.23539179842919111,0.80798191134817898,0.80130413454025984,0.68222106411121786,0.68593794759362936,0.75543729565106332,0.94998027384281158,0.10613868827931583,0.98006802564486861,0.80127149377949536,0.45031965058296919,0.47308068466372788,0.0031998178455978632,0.92458422714844346,0.3385634736623615,0.18979763658717275,0.57290200376883149,0.42593759135343134,0.25607985258102417,0.35851155966520309,0.40463989763520658,0.48055561515502632|11","A\ra0\ra1\raa\re<U+00E9>\re<U+00E8>\ra-1\ra_1\r2\r10\ra\rb\rc|13,13,14,15,16,17,18,18,17,16,15,19,19,14,20,20,21,22,22,23,23,21,1,14,15,16,17,18,2,3,4,5,19,6,7,20,8,21,22,9,23,10,11,12|0.23539179842919111,0.80798191134817898,0.80130413454025984,0.68222106411121786,0.68593794759362936,0.75543729565106332,0.94998027384281158,0.10613868827931583,0.98006802564486861,0.80127149377949536,0.45031965058296919,0.47308068466372788,0.0031998178455978632,0.92458422714844346,0.3385634736623615,0.18979763658717275,0.57290200376883149,0.42593759135343134,0.25607985258102417,0.35851155966520309,0.40463989763520658,0.48055561515502632|11",TRUE
"lambda","raw","lambda_test_true","logLik",20260906,"C","English_United States.1252","RUN","RUN","-10.412354042870824","-10.412354042870824",0,0,TRUE,"ok","ok","","","","","12","12","A\ra0\ra1\raa\re<U+00E9>\re<U+00E8>\ra-1\ra_1\r2\r10\ra\rb\rc|13,13,14,15,16,17,18,18,17,16,15,19,19,14,20,20,21,22,22,23,23,21,1,14,15,16,17,18,2,3,4,5,19,6,7,20,8,21,22,9,23,10,11,12|0.23539179842919111,0.80798191134817898,0.80130413454025984,0.68222106411121786,0.68593794759362936,0.75543729565106332,0.94998027384281158,0.10613868827931583,0.98006802564486861,0.80127149377949536,0.45031965058296919,0.47308068466372788,0.0031998178455978632,0.92458422714844346,0.3385634736623615,0.18979763658717275,0.57290200376883149,0.42593759135343134,0.25607985258102417,0.35851155966520309,0.40463989763520658,0.48055561515502632|11","A\ra0\ra1\raa\re<U+00E9>\re<U+00E8>\ra-1\ra_1\r2\r10\ra\rb\rc|13,13,14,15,16,17,18,18,17,16,15,19,19,14,20,20,21,22,22,23,23,21,1,14,15,16,17,18,2,3,4,5,19,6,7,20,8,21,22,9,23,10,11,12|0.23539179842919111,0.80798191134817898,0.80130413454025984,0.68222106411121786,0.68593794759362936,0.75543729565106332,0.94998027384281158,0.10613868827931583,0.98006802564486861,0.80127149377949536,0.45031965058296919,0.47308068466372788,0.0031998178455978632,0.92458422714844346,0.3385634736623615,0.18979763658717275,0.57290200376883149,0.42593759135343134,0.25607985258102417,0.35851155966520309,0.40463989763520658,0.48055561515502632|11",TRUE
"lambda","raw","lambda_test_true","LR",20260906,"C","English_United States.1252","RUN","RUN","17.705531539605005","17.705531539605005",0,0,TRUE,"ok","ok","","","","","12","12","A\ra0\ra1\raa\re<U+00E9>\re<U+00E8>\ra-1\ra_1\r2\r10\ra\rb\rc|13,13,14,15,16,17,18,18,17,16,15,19,19,14,20,20,21,22,22,23,23,21,1,14,15,16,17,18,2,3,4,5,19,6,7,20,8,21,22,9,23,10,11,12|0.23539179842919111,0.80798191134817898,0.80130413454025984,0.68222106411121786,0.68593794759362936,0.75543729565106332,0.94998027384281158,0.10613868827931583,0.98006802564486861,0.80127149377949536,0.45031965058296919,0.47308068466372788,0.0031998178455978632,0.92458422714844346,0.3385634736623615,0.18979763658717275,0.57290200376883149,0.42593759135343134,0.25607985258102417,0.35851155966520309,0.40463989763520658,0.48055561515502632|11","A\ra0\ra1\raa\re<U+00E9>\re<U+00E8>\ra-1\ra_1\r2\r10\ra\rb\rc|13,13,14,15,16,17,18,18,17,16,15,19,19,14,20,20,21,22,22,23,23,21,1,14,15,16,17,18,2,3,4,5,19,6,7,20,8,21,22,9,23,10,11,12|0.23539179842919111,0.80798191134817898,0.80130413454025984,0.68222106411121786,0.68593794759362936,0.75543729565106332,0.94998027384281158,0.10613868827931583,0.98006802564486861,0.80127149377949536,0.45031965058296919,0.47308068466372788,0.0031998178455978632,0.92458422714844346,0.3385634736623615,0.18979763658717275,0.57290200376883149,0.42593759135343134,0.25607985258102417,0.35851155966520309,0.40463989763520658,0.48055561515502632|11",TRUE
"lambda","raw","lambda_test_true","P",20260906,"C","English_United States.1252","RUN","RUN","2.5787562075367023e-05","2.5787562075367023e-05",0,0,TRUE,"ok","ok","","","","","12","12","A\ra0\ra1\raa\re<U+00E9>\re<U+00E8>\ra-1\ra_1\r2\r10\ra\rb\rc|13,13,14,15,16,17,18,18,17,16,15,19,19,14,20,20,21,22,22,23,23,21,1,14,15,16,17,18,2,3,4,5,19,6,7,20,8,21,22,9,23,10,11,12|0.23539179842919111,0.80798191134817898,0.80130413454025984,0.68222106411121786,0.68593794759362936,0.75543729565106332,0.94998027384281158,0.10613868827931583,0.98006802564486861,0.80127149377949536,0.45031965058296919,0.47308068466372788,0.0031998178455978632,0.92458422714844346,0.3385634736623615,0.18979763658717275,0.57290200376883149,0.42593759135343134,0.25607985258102417,0.35851155966520309,0.40463989763520658,0.48055561515502632|11","A\ra0\ra1\raa\re<U+00E9>\re<U+00E8>\ra-1\ra_1\r2\r10\ra\rb\rc|13,13,14,15,16,17,18,18,17,16,15,19,19,14,20,20,21,22,22,23,23,21,1,14,15,16,17,18,2,3,4,5,19,6,7,20,8,21,22,9,23,10,11,12|0.23539179842919111,0.80798191134817898,0.80130413454025984,0.68222106411121786,0.68593794759362936,0.75543729565106332,0.94998027384281158,0.10613868827931583,0.98006802564486861,0.80127149377949536,0.45031965058296919,0.47308068466372788,0.0031998178455978632,0.92458422714844346,0.3385634736623615,0.18979763658717275,0.57290200376883149,0.42593759135343134,0.25607985258102417,0.35851155966520309,0.40463989763520658,0.48055561515502632|11",TRUE
"lambda","raw","lambda_test_true","matched_species",20260906,"C","English_United States.1252","RUN","RUN","12","12",0,0,TRUE,"ok","ok","","","","","12","12","A\ra0\ra1\raa\re<U+00E9>\re<U+00E8>\ra-1\ra_1\r2\r10\ra\rb\rc|13,13,14,15,16,17,18,18,17,16,15,19,19,14,20,20,21,22,22,23,23,21,1,14,15,16,17,18,2,3,4,5,19,6,7,20,8,21,22,9,23,10,11,12|0.23539179842919111,0.80798191134817898,0.80130413454025984,0.68222106411121786,0.68593794759362936,0.75543729565106332,0.94998027384281158,0.10613868827931583,0.98006802564486861,0.80127149377949536,0.45031965058296919,0.47308068466372788,0.0031998178455978632,0.92458422714844346,0.3385634736623615,0.18979763658717275,0.57290200376883149,0.42593759135343134,0.25607985258102417,0.35851155966520309,0.40463989763520658,0.48055561515502632|11","A\ra0\ra1\raa\re<U+00E9>\re<U+00E8>\ra-1\ra_1\r2\r10\ra\rb\rc|13,13,14,15,16,17,18,18,17,16,15,19,19,14,20,20,21,22,22,23,23,21,1,14,15,16,17,18,2,3,4,5,19,6,7,20,8,21,22,9,23,10,11,12|0.23539179842919111,0.80798191134817898,0.80130413454025984,0.68222106411121786,0.68593794759362936,0.75543729565106332,0.94998027384281158,0.10613868827931583,0.98006802564486861,0.80127149377949536,0.45031965058296919,0.47308068466372788,0.0031998178455978632,0.92458422714844346,0.3385634736623615,0.18979763658717275,0.57290200376883149,0.42593759135343134,0.25607985258102417,0.35851155966520309,0.40463989763520658,0.48055561515502632|11",TRUE
"lambda","raw","lambda_test_true","retained_species",20260906,"C","English_United States.1252","RUN","RUN","12","12",0,0,TRUE,"ok","ok","","","","","12","12","A\ra0\ra1\raa\re<U+00E9>\re<U+00E8>\ra-1\ra_1\r2\r10\ra\rb\rc|13,13,14,15,16,17,18,18,17,16,15,19,19,14,20,20,21,22,22,23,23,21,1,14,15,16,17,18,2,3,4,5,19,6,7,20,8,21,22,9,23,10,11,12|0.23539179842919111,0.80798191134817898,0.80130413454025984,0.68222106411121786,0.68593794759362936,0.75543729565106332,0.94998027384281158,0.10613868827931583,0.98006802564486861,0.80127149377949536,0.45031965058296919,0.47308068466372788,0.0031998178455978632,0.92458422714844346,0.3385634736623615,0.18979763658717275,0.57290200376883149,0.42593759135343134,0.25607985258102417,0.35851155966520309,0.40463989763520658,0.48055561515502632|11","A\ra0\ra1\raa\re<U+00E9>\re<U+00E8>\ra-1\ra_1\r2\r10\ra\rb\rc|13,13,14,15,16,17,18,18,17,16,15,19,19,14,20,20,21,22,22,23,23,21,1,14,15,16,17,18,2,3,4,5,19,6,7,20,8,21,22,9,23,10,11,12|0.23539179842919111,0.80798191134817898,0.80130413454025984,0.68222106411121786,0.68593794759362936,0.75543729565106332,0.94998027384281158,0.10613868827931583,0.98006802564486861,0.80127149377949536,0.45031965058296919,0.47308068466372788,0.0031998178455978632,0.92458422714844346,0.3385634736623615,0.18979763658717275,0.57290200376883149,0.42593759135343134,0.25607985258102417,0.35851155966520309,0.40463989763520658,0.48055561515502632|11",TRUE
"lambda","raw","lambda_test_true","status",20260906,"C","English_United States.1252","RUN","RUN","ok","ok",,,TRUE,"ok","ok","","","","","12","12","A\ra0\ra1\raa\re<U+00E9>\re<U+00E8>\ra-1\ra_1\r2\r10\ra\rb\rc|13,13,14,15,16,17,18,18,17,16,15,19,19,14,20,20,21,22,22,23,23,21,1,14,15,16,17,18,2,3,4,5,19,6,7,20,8,21,22,9,23,10,11,12|0.23539179842919111,0.80798191134817898,0.80130413454025984,0.68222106411121786,0.68593794759362936,0.75543729565106332,0.94998027384281158,0.10613868827931583,0.98006802564486861,0.80127149377949536,0.45031965058296919,0.47308068466372788,0.0031998178455978632,0.92458422714844346,0.3385634736623615,0.18979763658717275,0.57290200376883149,0.42593759135343134,0.25607985258102417,0.35851155966520309,0.40463989763520658,0.48055561515502632|11","A\ra0\ra1\raa\re<U+00E9>\re<U+00E8>\ra-1\ra_1\r2\r10\ra\rb\rc|13,13,14,15,16,17,18,18,17,16,15,19,19,14,20,20,21,22,22,23,23,21,1,14,15,16,17,18,2,3,4,5,19,6,7,20,8,21,22,9,23,10,11,12|0.23539179842919111,0.80798191134817898,0.80130413454025984,0.68222106411121786,0.68593794759362936,0.75543729565106332,0.94998027384281158,0.10613868827931583,0.98006802564486861,0.80127149377949536,0.45031965058296919,0.47308068466372788,0.0031998178455978632,0.92458422714844346,0.3385634736623615,0.18979763658717275,0.57290200376883149,0.42593759135343134,0.25607985258102417,0.35851155966520309,0.40463989763520658,0.48055561515502632|11",TRUE
"lambda","prepared","lambda_test_true","estimate",20260906,"C","English_United States.1252","RUN","RUN","0.9999338930386481","0.9999338930386481",0,0,TRUE,"ok","ok","","","","","12","12","A\ra0\ra1\raa\re<U+00E9>\re<U+00E8>\ra-1\ra_1\r2\r10\ra\rb\rc|13,13,14,15,16,17,18,18,17,16,15,19,19,14,20,20,21,22,22,23,23,21,1,14,15,16,17,18,2,3,4,5,19,6,7,20,8,21,22,9,23,10,11,12|0.23539179842919111,0.80798191134817898,0.80130413454025984,0.68222106411121786,0.68593794759362936,0.75543729565106332,0.94998027384281158,0.10613868827931583,0.98006802564486861,0.80127149377949536,0.45031965058296919,0.47308068466372788,0.0031998178455978632,0.92458422714844346,0.3385634736623615,0.18979763658717275,0.57290200376883149,0.42593759135343134,0.25607985258102417,0.35851155966520309,0.40463989763520658,0.48055561515502632|11","A\ra0\ra1\raa\re<U+00E9>\re<U+00E8>\ra-1\ra_1\r2\r10\ra\rb\rc|13,13,14,15,16,17,18,18,17,16,15,19,19,14,20,20,21,22,22,23,23,21,1,14,15,16,17,18,2,3,4,5,19,6,7,20,8,21,22,9,23,10,11,12|0.23539179842919111,0.80798191134817898,0.80130413454025984,0.68222106411121786,0.68593794759362936,0.75543729565106332,0.94998027384281158,0.10613868827931583,0.98006802564486861,0.80127149377949536,0.45031965058296919,0.47308068466372788,0.0031998178455978632,0.92458422714844346,0.3385634736623615,0.18979763658717275,0.57290200376883149,0.42593759135343134,0.25607985258102417,0.35851155966520309,0.40463989763520658,0.48055561515502632|11",TRUE
"lambda","prepared","lambda_test_true","logLik",20260906,"C","English_United States.1252","RUN","RUN","-10.412354042870824","-10.412354042870824",0,0,TRUE,"ok","ok","","","","","12","12","A\ra0\ra1\raa\re<U+00E9>\re<U+00E8>\ra-1\ra_1\r2\r10\ra\rb\rc|13,13,14,15,16,17,18,18,17,16,15,19,19,14,20,20,21,22,22,23,23,21,1,14,15,16,17,18,2,3,4,5,19,6,7,20,8,21,22,9,23,10,11,12|0.23539179842919111,0.80798191134817898,0.80130413454025984,0.68222106411121786,0.68593794759362936,0.75543729565106332,0.94998027384281158,0.10613868827931583,0.98006802564486861,0.80127149377949536,0.45031965058296919,0.47308068466372788,0.0031998178455978632,0.92458422714844346,0.3385634736623615,0.18979763658717275,0.57290200376883149,0.42593759135343134,0.25607985258102417,0.35851155966520309,0.40463989763520658,0.48055561515502632|11","A\ra0\ra1\raa\re<U+00E9>\re<U+00E8>\ra-1\ra_1\r2\r10\ra\rb\rc|13,13,14,15,16,17,18,18,17,16,15,19,19,14,20,20,21,22,22,23,23,21,1,14,15,16,17,18,2,3,4,5,19,6,7,20,8,21,22,9,23,10,11,12|0.23539179842919111,0.80798191134817898,0.80130413454025984,0.68222106411121786,0.68593794759362936,0.75543729565106332,0.94998027384281158,0.10613868827931583,0.98006802564486861,0.80127149377949536,0.45031965058296919,0.47308068466372788,0.0031998178455978632,0.92458422714844346,0.3385634736623615,0.18979763658717275,0.57290200376883149,0.42593759135343134,0.25607985258102417,0.35851155966520309,0.40463989763520658,0.48055561515502632|11",TRUE
"lambda","prepared","lambda_test_true","LR",20260906,"C","English_United States.1252","RUN","RUN","17.705531539605005","17.705531539605005",0,0,TRUE,"ok","ok","","","","","12","12","A\ra0\ra1\raa\re<U+00E9>\re<U+00E8>\ra-1\ra_1\r2\r10\ra\rb\rc|13,13,14,15,16,17,18,18,17,16,15,19,19,14,20,20,21,22,22,23,23,21,1,14,15,16,17,18,2,3,4,5,19,6,7,20,8,21,22,9,23,10,11,12|0.23539179842919111,0.80798191134817898,0.80130413454025984,0.68222106411121786,0.68593794759362936,0.75543729565106332,0.94998027384281158,0.10613868827931583,0.98006802564486861,0.80127149377949536,0.45031965058296919,0.47308068466372788,0.0031998178455978632,0.92458422714844346,0.3385634736623615,0.18979763658717275,0.57290200376883149,0.42593759135343134,0.25607985258102417,0.35851155966520309,0.40463989763520658,0.48055561515502632|11","A\ra0\ra1\raa\re<U+00E9>\re<U+00E8>\ra-1\ra_1\r2\r10\ra\rb\rc|13,13,14,15,16,17,18,18,17,16,15,19,19,14,20,20,21,22,22,23,23,21,1,14,15,16,17,18,2,3,4,5,19,6,7,20,8,21,22,9,23,10,11,12|0.23539179842919111,0.80798191134817898,0.80130413454025984,0.68222106411121786,0.68593794759362936,0.75543729565106332,0.94998027384281158,0.10613868827931583,0.98006802564486861,0.80127149377949536,0.45031965058296919,0.47308068466372788,0.0031998178455978632,0.92458422714844346,0.3385634736623615,0.18979763658717275,0.57290200376883149,0.42593759135343134,0.25607985258102417,0.35851155966520309,0.40463989763520658,0.48055561515502632|11",TRUE
"lambda","prepared","lambda_test_true","P",20260906,"C","English_United States.1252","RUN","RUN","2.5787562075367023e-05","2.5787562075367023e-05",0,0,TRUE,"ok","ok","","","","","12","12","A\ra0\ra1\raa\re<U+00E9>\re<U+00E8>\ra-1\ra_1\r2\r10\ra\rb\rc|13,13,14,15,16,17,18,18,17,16,15,19,19,14,20,20,21,22,22,23,23,21,1,14,15,16,17,18,2,3,4,5,19,6,7,20,8,21,22,9,23,10,11,12|0.23539179842919111,0.80798191134817898,0.80130413454025984,0.68222106411121786,0.68593794759362936,0.75543729565106332,0.94998027384281158,0.10613868827931583,0.98006802564486861,0.80127149377949536,0.45031965058296919,0.47308068466372788,0.0031998178455978632,0.92458422714844346,0.3385634736623615,0.18979763658717275,0.57290200376883149,0.42593759135343134,0.25607985258102417,0.35851155966520309,0.40463989763520658,0.48055561515502632|11","A\ra0\ra1\raa\re<U+00E9>\re<U+00E8>\ra-1\ra_1\r2\r10\ra\rb\rc|13,13,14,15,16,17,18,18,17,16,15,19,19,14,20,20,21,22,22,23,23,21,1,14,15,16,17,18,2,3,4,5,19,6,7,20,8,21,22,9,23,10,11,12|0.23539179842919111,0.80798191134817898,0.80130413454025984,0.68222106411121786,0.68593794759362936,0.75543729565106332,0.94998027384281158,0.10613868827931583,0.98006802564486861,0.80127149377949536,0.45031965058296919,0.47308068466372788,0.0031998178455978632,0.92458422714844346,0.3385634736623615,0.18979763658717275,0.57290200376883149,0.42593759135343134,0.25607985258102417,0.35851155966520309,0.40463989763520658,0.48055561515502632|11",TRUE
"lambda","prepared","lambda_test_true","matched_species",20260906,"C","English_United States.1252","RUN","RUN","12","12",0,0,TRUE,"ok","ok","","","","","12","12","A\ra0\ra1\raa\re<U+00E9>\re<U+00E8>\ra-1\ra_1\r2\r10\ra\rb\rc|13,13,14,15,16,17,18,18,17,16,15,19,19,14,20,20,21,22,22,23,23,21,1,14,15,16,17,18,2,3,4,5,19,6,7,20,8,21,22,9,23,10,11,12|0.23539179842919111,0.80798191134817898,0.80130413454025984,0.68222106411121786,0.68593794759362936,0.75543729565106332,0.94998027384281158,0.10613868827931583,0.98006802564486861,0.80127149377949536,0.45031965058296919,0.47308068466372788,0.0031998178455978632,0.92458422714844346,0.3385634736623615,0.18979763658717275,0.57290200376883149,0.42593759135343134,0.25607985258102417,0.35851155966520309,0.40463989763520658,0.48055561515502632|11","A\ra0\ra1\raa\re<U+00E9>\re<U+00E8>\ra-1\ra_1\r2\r10\ra\rb\rc|13,13,14,15,16,17,18,18,17,16,15,19,19,14,20,20,21,22,22,23,23,21,1,14,15,16,17,18,2,3,4,5,19,6,7,20,8,21,22,9,23,10,11,12|0.23539179842919111,0.80798191134817898,0.80130413454025984,0.68222106411121786,0.68593794759362936,0.75543729565106332,0.94998027384281158,0.10613868827931583,0.98006802564486861,0.80127149377949536,0.45031965058296919,0.47308068466372788,0.0031998178455978632,0.92458422714844346,0.3385634736623615,0.18979763658717275,0.57290200376883149,0.42593759135343134,0.25607985258102417,0.35851155966520309,0.40463989763520658,0.48055561515502632|11",TRUE
"lambda","prepared","lambda_test_true","retained_species",20260906,"C","English_United States.1252","RUN","RUN","12","12",0,0,TRUE,"ok","ok","","","","","12","12","A\ra0\ra1\raa\re<U+00E9>\re<U+00E8>\ra-1\ra_1\r2\r10\ra\rb\rc|13,13,14,15,16,17,18,18,17,16,15,19,19,14,20,20,21,22,22,23,23,21,1,14,15,16,17,18,2,3,4,5,19,6,7,20,8,21,22,9,23,10,11,12|0.23539179842919111,0.80798191134817898,0.80130413454025984,0.68222106411121786,0.68593794759362936,0.75543729565106332,0.94998027384281158,0.10613868827931583,0.98006802564486861,0.80127149377949536,0.45031965058296919,0.47308068466372788,0.0031998178455978632,0.92458422714844346,0.3385634736623615,0.18979763658717275,0.57290200376883149,0.42593759135343134,0.25607985258102417,0.35851155966520309,0.40463989763520658,0.48055561515502632|11","A\ra0\ra1\raa\re<U+00E9>\re<U+00E8>\ra-1\ra_1\r2\r10\ra\rb\rc|13,13,14,15,16,17,18,18,17,16,15,19,19,14,20,20,21,22,22,23,23,21,1,14,15,16,17,18,2,3,4,5,19,6,7,20,8,21,22,9,23,10,11,12|0.23539179842919111,0.80798191134817898,0.80130413454025984,0.68222106411121786,0.68593794759362936,0.75543729565106332,0.94998027384281158,0.10613868827931583,0.98006802564486861,0.80127149377949536,0.45031965058296919,0.47308068466372788,0.0031998178455978632,0.92458422714844346,0.3385634736623615,0.18979763658717275,0.57290200376883149,0.42593759135343134,0.25607985258102417,0.35851155966520309,0.40463989763520658,0.48055561515502632|11",TRUE
"lambda","prepared","lambda_test_true","status",20260906,"C","English_United States.1252","RUN","RUN","ok","ok",,,TRUE,"ok","ok","","","","","12","12","A\ra0\ra1\raa\re<U+00E9>\re<U+00E8>\ra-1\ra_1\r2\r10\ra\rb\rc|13,13,14,15,16,17,18,18,17,16,15,19,19,14,20,20,21,22,22,23,23,21,1,14,15,16,17,18,2,3,4,5,19,6,7,20,8,21,22,9,23,10,11,12|0.23539179842919111,0.80798191134817898,0.80130413454025984,0.68222106411121786,0.68593794759362936,0.75543729565106332,0.94998027384281158,0.10613868827931583,0.98006802564486861,0.80127149377949536,0.45031965058296919,0.47308068466372788,0.0031998178455978632,0.92458422714844346,0.3385634736623615,0.18979763658717275,0.57290200376883149,0.42593759135343134,0.25607985258102417,0.35851155966520309,0.40463989763520658,0.48055561515502632|11","A\ra0\ra1\raa\re<U+00E9>\re<U+00E8>\ra-1\ra_1\r2\r10\ra\rb\rc|13,13,14,15,16,17,18,18,17,16,15,19,19,14,20,20,21,22,22,23,23,21,1,14,15,16,17,18,2,3,4,5,19,6,7,20,8,21,22,9,23,10,11,12|0.23539179842919111,0.80798191134817898,0.80130413454025984,0.68222106411121786,0.68593794759362936,0.75543729565106332,0.94998027384281158,0.10613868827931583,0.98006802564486861,0.80127149377949536,0.45031965058296919,0.47308068466372788,0.0031998178455978632,0.92458422714844346,0.3385634736623615,0.18979763658717275,0.57290200376883149,0.42593759135343134,0.25607985258102417,0.35851155966520309,0.40463989763520658,0.48055561515502632|11",TRUE
"D","raw","test=FALSE","estimate",20260906,"C","English_United States.1252","RUN","RUN","1.0000000000000002","1.0000000000000002",0,0,TRUE,"ok","ok","","","","","12","12","A\ra0\ra1\raa\re<U+00E9>\re<U+00E8>\ra-1\ra_1\r2\r10\ra\rb\rc|13,13,14,15,16,17,18,18,17,16,15,19,19,14,20,20,21,22,22,23,23,21,1,14,15,16,17,18,2,3,4,5,19,6,7,20,8,21,22,9,23,10,11,12|0.23539179842919111,0.80798191134817898,0.80130413454025984,0.68222106411121786,0.68593794759362936,0.75543729565106332,0.94998027384281158,0.10613868827931583,0.98006802564486861,0.80127149377949536,0.45031965058296919,0.47308068466372788,0.0031998178455978632,0.92458422714844346,0.3385634736623615,0.18979763658717275,0.57290200376883149,0.42593759135343134,0.25607985258102417,0.35851155966520309,0.40463989763520658,0.48055561515502632|11","A\ra0\ra1\raa\re<U+00E9>\re<U+00E8>\ra-1\ra_1\r2\r10\ra\rb\rc|13,13,14,15,16,17,18,18,17,16,15,19,19,14,20,20,21,22,22,23,23,21,1,14,15,16,17,18,2,3,4,5,19,6,7,20,8,21,22,9,23,10,11,12|0.23539179842919111,0.80798191134817898,0.80130413454025984,0.68222106411121786,0.68593794759362936,0.75543729565106332,0.94998027384281158,0.10613868827931583,0.98006802564486861,0.80127149377949536,0.45031965058296919,0.47308068466372788,0.0031998178455978632,0.92458422714844346,0.3385634736623615,0.18979763658717275,0.57290200376883149,0.42593759135343134,0.25607985258102417,0.35851155966520309,0.40463989763520658,0.48055561515502632|11",TRUE
"D","raw","test=FALSE","matched_species",20260906,"C","English_United States.1252","RUN","RUN","12","12",0,0,TRUE,"ok","ok","","","","","12","12","A\ra0\ra1\raa\re<U+00E9>\re<U+00E8>\ra-1\ra_1\r2\r10\ra\rb\rc|13,13,14,15,16,17,18,18,17,16,15,19,19,14,20,20,21,22,22,23,23,21,1,14,15,16,17,18,2,3,4,5,19,6,7,20,8,21,22,9,23,10,11,12|0.23539179842919111,0.80798191134817898,0.80130413454025984,0.68222106411121786,0.68593794759362936,0.75543729565106332,0.94998027384281158,0.10613868827931583,0.98006802564486861,0.80127149377949536,0.45031965058296919,0.47308068466372788,0.0031998178455978632,0.92458422714844346,0.3385634736623615,0.18979763658717275,0.57290200376883149,0.42593759135343134,0.25607985258102417,0.35851155966520309,0.40463989763520658,0.48055561515502632|11","A\ra0\ra1\raa\re<U+00E9>\re<U+00E8>\ra-1\ra_1\r2\r10\ra\rb\rc|13,13,14,15,16,17,18,18,17,16,15,19,19,14,20,20,21,22,22,23,23,21,1,14,15,16,17,18,2,3,4,5,19,6,7,20,8,21,22,9,23,10,11,12|0.23539179842919111,0.80798191134817898,0.80130413454025984,0.68222106411121786,0.68593794759362936,0.75543729565106332,0.94998027384281158,0.10613868827931583,0.98006802564486861,0.80127149377949536,0.45031965058296919,0.47308068466372788,0.0031998178455978632,0.92458422714844346,0.3385634736623615,0.18979763658717275,0.57290200376883149,0.42593759135343134,0.25607985258102417,0.35851155966520309,0.40463989763520658,0.48055561515502632|11",TRUE
"D","raw","test=FALSE","retained_species",20260906,"C","English_United States.1252","RUN","RUN","12","12",0,0,TRUE,"ok","ok","","","","","12","12","A\ra0\ra1\raa\re<U+00E9>\re<U+00E8>\ra-1\ra_1\r2\r10\ra\rb\rc|13,13,14,15,16,17,18,18,17,16,15,19,19,14,20,20,21,22,22,23,23,21,1,14,15,16,17,18,2,3,4,5,19,6,7,20,8,21,22,9,23,10,11,12|0.23539179842919111,0.80798191134817898,0.80130413454025984,0.68222106411121786,0.68593794759362936,0.75543729565106332,0.94998027384281158,0.10613868827931583,0.98006802564486861,0.80127149377949536,0.45031965058296919,0.47308068466372788,0.0031998178455978632,0.92458422714844346,0.3385634736623615,0.18979763658717275,0.57290200376883149,0.42593759135343134,0.25607985258102417,0.35851155966520309,0.40463989763520658,0.48055561515502632|11","A\ra0\ra1\raa\re<U+00E9>\re<U+00E8>\ra-1\ra_1\r2\r10\ra\rb\rc|13,13,14,15,16,17,18,18,17,16,15,19,19,14,20,20,21,22,22,23,23,21,1,14,15,16,17,18,2,3,4,5,19,6,7,20,8,21,22,9,23,10,11,12|0.23539179842919111,0.80798191134817898,0.80130413454025984,0.68222106411121786,0.68593794759362936,0.75543729565106332,0.94998027384281158,0.10613868827931583,0.98006802564486861,0.80127149377949536,0.45031965058296919,0.47308068466372788,0.0031998178455978632,0.92458422714844346,0.3385634736623615,0.18979763658717275,0.57290200376883149,0.42593759135343134,0.25607985258102417,0.35851155966520309,0.40463989763520658,0.48055561515502632|11",TRUE
"D","raw","test=FALSE","status",20260906,"C","English_United States.1252","RUN","RUN","ok","ok",,,TRUE,"ok","ok","","","","","12","12","A\ra0\ra1\raa\re<U+00E9>\re<U+00E8>\ra-1\ra_1\r2\r10\ra\rb\rc|13,13,14,15,16,17,18,18,17,16,15,19,19,14,20,20,21,22,22,23,23,21,1,14,15,16,17,18,2,3,4,5,19,6,7,20,8,21,22,9,23,10,11,12|0.23539179842919111,0.80798191134817898,0.80130413454025984,0.68222106411121786,0.68593794759362936,0.75543729565106332,0.94998027384281158,0.10613868827931583,0.98006802564486861,0.80127149377949536,0.45031965058296919,0.47308068466372788,0.0031998178455978632,0.92458422714844346,0.3385634736623615,0.18979763658717275,0.57290200376883149,0.42593759135343134,0.25607985258102417,0.35851155966520309,0.40463989763520658,0.48055561515502632|11","A\ra0\ra1\raa\re<U+00E9>\re<U+00E8>\ra-1\ra_1\r2\r10\ra\rb\rc|13,13,14,15,16,17,18,18,17,16,15,19,19,14,20,20,21,22,22,23,23,21,1,14,15,16,17,18,2,3,4,5,19,6,7,20,8,21,22,9,23,10,11,12|0.23539179842919111,0.80798191134817898,0.80130413454025984,0.68222106411121786,0.68593794759362936,0.75543729565106332,0.94998027384281158,0.10613868827931583,0.98006802564486861,0.80127149377949536,0.45031965058296919,0.47308068466372788,0.0031998178455978632,0.92458422714844346,0.3385634736623615,0.18979763658717275,0.57290200376883149,0.42593759135343134,0.25607985258102417,0.35851155966520309,0.40463989763520658,0.48055561515502632|11",TRUE
"D","prepared","test=FALSE","estimate",20260906,"C","English_United States.1252","RUN","RUN","1.0000000000000002","1.0000000000000002",0,0,TRUE,"ok","ok","","","","","12","12","A\ra0\ra1\raa\re<U+00E9>\re<U+00E8>\ra-1\ra_1\r2\r10\ra\rb\rc|13,13,14,15,16,17,18,18,17,16,15,19,19,14,20,20,21,22,22,23,23,21,1,14,15,16,17,18,2,3,4,5,19,6,7,20,8,21,22,9,23,10,11,12|0.23539179842919111,0.80798191134817898,0.80130413454025984,0.68222106411121786,0.68593794759362936,0.75543729565106332,0.94998027384281158,0.10613868827931583,0.98006802564486861,0.80127149377949536,0.45031965058296919,0.47308068466372788,0.0031998178455978632,0.92458422714844346,0.3385634736623615,0.18979763658717275,0.57290200376883149,0.42593759135343134,0.25607985258102417,0.35851155966520309,0.40463989763520658,0.48055561515502632|11","A\ra0\ra1\raa\re<U+00E9>\re<U+00E8>\ra-1\ra_1\r2\r10\ra\rb\rc|13,13,14,15,16,17,18,18,17,16,15,19,19,14,20,20,21,22,22,23,23,21,1,14,15,16,17,18,2,3,4,5,19,6,7,20,8,21,22,9,23,10,11,12|0.23539179842919111,0.80798191134817898,0.80130413454025984,0.68222106411121786,0.68593794759362936,0.75543729565106332,0.94998027384281158,0.10613868827931583,0.98006802564486861,0.80127149377949536,0.45031965058296919,0.47308068466372788,0.0031998178455978632,0.92458422714844346,0.3385634736623615,0.18979763658717275,0.57290200376883149,0.42593759135343134,0.25607985258102417,0.35851155966520309,0.40463989763520658,0.48055561515502632|11",TRUE
"D","prepared","test=FALSE","matched_species",20260906,"C","English_United States.1252","RUN","RUN","12","12",0,0,TRUE,"ok","ok","","","","","12","12","A\ra0\ra1\raa\re<U+00E9>\re<U+00E8>\ra-1\ra_1\r2\r10\ra\rb\rc|13,13,14,15,16,17,18,18,17,16,15,19,19,14,20,20,21,22,22,23,23,21,1,14,15,16,17,18,2,3,4,5,19,6,7,20,8,21,22,9,23,10,11,12|0.23539179842919111,0.80798191134817898,0.80130413454025984,0.68222106411121786,0.68593794759362936,0.75543729565106332,0.94998027384281158,0.10613868827931583,0.98006802564486861,0.80127149377949536,0.45031965058296919,0.47308068466372788,0.0031998178455978632,0.92458422714844346,0.3385634736623615,0.18979763658717275,0.57290200376883149,0.42593759135343134,0.25607985258102417,0.35851155966520309,0.40463989763520658,0.48055561515502632|11","A\ra0\ra1\raa\re<U+00E9>\re<U+00E8>\ra-1\ra_1\r2\r10\ra\rb\rc|13,13,14,15,16,17,18,18,17,16,15,19,19,14,20,20,21,22,22,23,23,21,1,14,15,16,17,18,2,3,4,5,19,6,7,20,8,21,22,9,23,10,11,12|0.23539179842919111,0.80798191134817898,0.80130413454025984,0.68222106411121786,0.68593794759362936,0.75543729565106332,0.94998027384281158,0.10613868827931583,0.98006802564486861,0.80127149377949536,0.45031965058296919,0.47308068466372788,0.0031998178455978632,0.92458422714844346,0.3385634736623615,0.18979763658717275,0.57290200376883149,0.42593759135343134,0.25607985258102417,0.35851155966520309,0.40463989763520658,0.48055561515502632|11",TRUE
"D","prepared","test=FALSE","retained_species",20260906,"C","English_United States.1252","RUN","RUN","12","12",0,0,TRUE,"ok","ok","","","","","12","12","A\ra0\ra1\raa\re<U+00E9>\re<U+00E8>\ra-1\ra_1\r2\r10\ra\rb\rc|13,13,14,15,16,17,18,18,17,16,15,19,19,14,20,20,21,22,22,23,23,21,1,14,15,16,17,18,2,3,4,5,19,6,7,20,8,21,22,9,23,10,11,12|0.23539179842919111,0.80798191134817898,0.80130413454025984,0.68222106411121786,0.68593794759362936,0.75543729565106332,0.94998027384281158,0.10613868827931583,0.98006802564486861,0.80127149377949536,0.45031965058296919,0.47308068466372788,0.0031998178455978632,0.92458422714844346,0.3385634736623615,0.18979763658717275,0.57290200376883149,0.42593759135343134,0.25607985258102417,0.35851155966520309,0.40463989763520658,0.48055561515502632|11","A\ra0\ra1\raa\re<U+00E9>\re<U+00E8>\ra-1\ra_1\r2\r10\ra\rb\rc|13,13,14,15,16,17,18,18,17,16,15,19,19,14,20,20,21,22,22,23,23,21,1,14,15,16,17,18,2,3,4,5,19,6,7,20,8,21,22,9,23,10,11,12|0.23539179842919111,0.80798191134817898,0.80130413454025984,0.68222106411121786,0.68593794759362936,0.75543729565106332,0.94998027384281158,0.10613868827931583,0.98006802564486861,0.80127149377949536,0.45031965058296919,0.47308068466372788,0.0031998178455978632,0.92458422714844346,0.3385634736623615,0.18979763658717275,0.57290200376883149,0.42593759135343134,0.25607985258102417,0.35851155966520309,0.40463989763520658,0.48055561515502632|11",TRUE
"D","prepared","test=FALSE","status",20260906,"C","English_United States.1252","RUN","RUN","ok","ok",,,TRUE,"ok","ok","","","","","12","12","A\ra0\ra1\raa\re<U+00E9>\re<U+00E8>\ra-1\ra_1\r2\r10\ra\rb\rc|13,13,14,15,16,17,18,18,17,16,15,19,19,14,20,20,21,22,22,23,23,21,1,14,15,16,17,18,2,3,4,5,19,6,7,20,8,21,22,9,23,10,11,12|0.23539179842919111,0.80798191134817898,0.80130413454025984,0.68222106411121786,0.68593794759362936,0.75543729565106332,0.94998027384281158,0.10613868827931583,0.98006802564486861,0.80127149377949536,0.45031965058296919,0.47308068466372788,0.0031998178455978632,0.92458422714844346,0.3385634736623615,0.18979763658717275,0.57290200376883149,0.42593759135343134,0.25607985258102417,0.35851155966520309,0.40463989763520658,0.48055561515502632|11","A\ra0\ra1\raa\re<U+00E9>\re<U+00E8>\ra-1\ra_1\r2\r10\ra\rb\rc|13,13,14,15,16,17,18,18,17,16,15,19,19,14,20,20,21,22,22,23,23,21,1,14,15,16,17,18,2,3,4,5,19,6,7,20,8,21,22,9,23,10,11,12|0.23539179842919111,0.80798191134817898,0.80130413454025984,0.68222106411121786,0.68593794759362936,0.75543729565106332,0.94998027384281158,0.10613868827931583,0.98006802564486861,0.80127149377949536,0.45031965058296919,0.47308068466372788,0.0031998178455978632,0.92458422714844346,0.3385634736623615,0.18979763658717275,0.57290200376883149,0.42593759135343134,0.25607985258102417,0.35851155966520309,0.40463989763520658,0.48055561515502632|11",TRUE
"D","raw","test=TRUE","estimate",20260906,"C","English_United States.1252","RUN","RUN","1.0000000000000002","1.0000000000000002",0,0,TRUE,"ok","ok","","","","","12","12","A\ra0\ra1\raa\re<U+00E9>\re<U+00E8>\ra-1\ra_1\r2\r10\ra\rb\rc|13,13,14,15,16,17,18,18,17,16,15,19,19,14,20,20,21,22,22,23,23,21,1,14,15,16,17,18,2,3,4,5,19,6,7,20,8,21,22,9,23,10,11,12|0.23539179842919111,0.80798191134817898,0.80130413454025984,0.68222106411121786,0.68593794759362936,0.75543729565106332,0.94998027384281158,0.10613868827931583,0.98006802564486861,0.80127149377949536,0.45031965058296919,0.47308068466372788,0.0031998178455978632,0.92458422714844346,0.3385634736623615,0.18979763658717275,0.57290200376883149,0.42593759135343134,0.25607985258102417,0.35851155966520309,0.40463989763520658,0.48055561515502632|11","A\ra0\ra1\raa\re<U+00E9>\re<U+00E8>\ra-1\ra_1\r2\r10\ra\rb\rc|13,13,14,15,16,17,18,18,17,16,15,19,19,14,20,20,21,22,22,23,23,21,1,14,15,16,17,18,2,3,4,5,19,6,7,20,8,21,22,9,23,10,11,12|0.23539179842919111,0.80798191134817898,0.80130413454025984,0.68222106411121786,0.68593794759362936,0.75543729565106332,0.94998027384281158,0.10613868827931583,0.98006802564486861,0.80127149377949536,0.45031965058296919,0.47308068466372788,0.0031998178455978632,0.92458422714844346,0.3385634736623615,0.18979763658717275,0.57290200376883149,0.42593759135343134,0.25607985258102417,0.35851155966520309,0.40463989763520658,0.48055561515502632|11",TRUE
"D","raw","test=TRUE","P_random",20260906,"C","English_United States.1252","RUN","RUN","0.5","0.5",0,0,TRUE,"ok","ok","","","","","12","12","A\ra0\ra1\raa\re<U+00E9>\re<U+00E8>\ra-1\ra_1\r2\r10\ra\rb\rc|13,13,14,15,16,17,18,18,17,16,15,19,19,14,20,20,21,22,22,23,23,21,1,14,15,16,17,18,2,3,4,5,19,6,7,20,8,21,22,9,23,10,11,12|0.23539179842919111,0.80798191134817898,0.80130413454025984,0.68222106411121786,0.68593794759362936,0.75543729565106332,0.94998027384281158,0.10613868827931583,0.98006802564486861,0.80127149377949536,0.45031965058296919,0.47308068466372788,0.0031998178455978632,0.92458422714844346,0.3385634736623615,0.18979763658717275,0.57290200376883149,0.42593759135343134,0.25607985258102417,0.35851155966520309,0.40463989763520658,0.48055561515502632|11","A\ra0\ra1\raa\re<U+00E9>\re<U+00E8>\ra-1\ra_1\r2\r10\ra\rb\rc|13,13,14,15,16,17,18,18,17,16,15,19,19,14,20,20,21,22,22,23,23,21,1,14,15,16,17,18,2,3,4,5,19,6,7,20,8,21,22,9,23,10,11,12|0.23539179842919111,0.80798191134817898,0.80130413454025984,0.68222106411121786,0.68593794759362936,0.75543729565106332,0.94998027384281158,0.10613868827931583,0.98006802564486861,0.80127149377949536,0.45031965058296919,0.47308068466372788,0.0031998178455978632,0.92458422714844346,0.3385634736623615,0.18979763658717275,0.57290200376883149,0.42593759135343134,0.25607985258102417,0.35851155966520309,0.40463989763520658,0.48055561515502632|11",TRUE
"D","raw","test=TRUE","P_Brownian",20260906,"C","English_United States.1252","RUN","RUN","0","0",0,0,TRUE,"ok","ok","","","","","12","12","A\ra0\ra1\raa\re<U+00E9>\re<U+00E8>\ra-1\ra_1\r2\r10\ra\rb\rc|13,13,14,15,16,17,18,18,17,16,15,19,19,14,20,20,21,22,22,23,23,21,1,14,15,16,17,18,2,3,4,5,19,6,7,20,8,21,22,9,23,10,11,12|0.23539179842919111,0.80798191134817898,0.80130413454025984,0.68222106411121786,0.68593794759362936,0.75543729565106332,0.94998027384281158,0.10613868827931583,0.98006802564486861,0.80127149377949536,0.45031965058296919,0.47308068466372788,0.0031998178455978632,0.92458422714844346,0.3385634736623615,0.18979763658717275,0.57290200376883149,0.42593759135343134,0.25607985258102417,0.35851155966520309,0.40463989763520658,0.48055561515502632|11","A\ra0\ra1\raa\re<U+00E9>\re<U+00E8>\ra-1\ra_1\r2\r10\ra\rb\rc|13,13,14,15,16,17,18,18,17,16,15,19,19,14,20,20,21,22,22,23,23,21,1,14,15,16,17,18,2,3,4,5,19,6,7,20,8,21,22,9,23,10,11,12|0.23539179842919111,0.80798191134817898,0.80130413454025984,0.68222106411121786,0.68593794759362936,0.75543729565106332,0.94998027384281158,0.10613868827931583,0.98006802564486861,0.80127149377949536,0.45031965058296919,0.47308068466372788,0.0031998178455978632,0.92458422714844346,0.3385634736623615,0.18979763658717275,0.57290200376883149,0.42593759135343134,0.25607985258102417,0.35851155966520309,0.40463989763520658,0.48055561515502632|11",TRUE
"D","raw","test=TRUE","MCSE_random",20260906,"C","English_United States.1252","RUN","RUN","0.25","0.25",0,0,TRUE,"ok","ok","","","","","12","12","A\ra0\ra1\raa\re<U+00E9>\re<U+00E8>\ra-1\ra_1\r2\r10\ra\rb\rc|13,13,14,15,16,17,18,18,17,16,15,19,19,14,20,20,21,22,22,23,23,21,1,14,15,16,17,18,2,3,4,5,19,6,7,20,8,21,22,9,23,10,11,12|0.23539179842919111,0.80798191134817898,0.80130413454025984,0.68222106411121786,0.68593794759362936,0.75543729565106332,0.94998027384281158,0.10613868827931583,0.98006802564486861,0.80127149377949536,0.45031965058296919,0.47308068466372788,0.0031998178455978632,0.92458422714844346,0.3385634736623615,0.18979763658717275,0.57290200376883149,0.42593759135343134,0.25607985258102417,0.35851155966520309,0.40463989763520658,0.48055561515502632|11","A\ra0\ra1\raa\re<U+00E9>\re<U+00E8>\ra-1\ra_1\r2\r10\ra\rb\rc|13,13,14,15,16,17,18,18,17,16,15,19,19,14,20,20,21,22,22,23,23,21,1,14,15,16,17,18,2,3,4,5,19,6,7,20,8,21,22,9,23,10,11,12|0.23539179842919111,0.80798191134817898,0.80130413454025984,0.68222106411121786,0.68593794759362936,0.75543729565106332,0.94998027384281158,0.10613868827931583,0.98006802564486861,0.80127149377949536,0.45031965058296919,0.47308068466372788,0.0031998178455978632,0.92458422714844346,0.3385634736623615,0.18979763658717275,0.57290200376883149,0.42593759135343134,0.25607985258102417,0.35851155966520309,0.40463989763520658,0.48055561515502632|11",TRUE
"D","raw","test=TRUE","MCSE_Brownian",20260906,"C","English_United States.1252","RUN","RUN","0","0",0,0,TRUE,"ok","ok","","","","","12","12","A\ra0\ra1\raa\re<U+00E9>\re<U+00E8>\ra-1\ra_1\r2\r10\ra\rb\rc|13,13,14,15,16,17,18,18,17,16,15,19,19,14,20,20,21,22,22,23,23,21,1,14,15,16,17,18,2,3,4,5,19,6,7,20,8,21,22,9,23,10,11,12|0.23539179842919111,0.80798191134817898,0.80130413454025984,0.68222106411121786,0.68593794759362936,0.75543729565106332,0.94998027384281158,0.10613868827931583,0.98006802564486861,0.80127149377949536,0.45031965058296919,0.47308068466372788,0.0031998178455978632,0.92458422714844346,0.3385634736623615,0.18979763658717275,0.57290200376883149,0.42593759135343134,0.25607985258102417,0.35851155966520309,0.40463989763520658,0.48055561515502632|11","A\ra0\ra1\raa\re<U+00E9>\re<U+00E8>\ra-1\ra_1\r2\r10\ra\rb\rc|13,13,14,15,16,17,18,18,17,16,15,19,19,14,20,20,21,22,22,23,23,21,1,14,15,16,17,18,2,3,4,5,19,6,7,20,8,21,22,9,23,10,11,12|0.23539179842919111,0.80798191134817898,0.80130413454025984,0.68222106411121786,0.68593794759362936,0.75543729565106332,0.94998027384281158,0.10613868827931583,0.98006802564486861,0.80127149377949536,0.45031965058296919,0.47308068466372788,0.0031998178455978632,0.92458422714844346,0.3385634736623615,0.18979763658717275,0.57290200376883149,0.42593759135343134,0.25607985258102417,0.35851155966520309,0.40463989763520658,0.48055561515502632|11",TRUE
"D","raw","test=TRUE","matched_species",20260906,"C","English_United States.1252","RUN","RUN","12","12",0,0,TRUE,"ok","ok","","","","","12","12","A\ra0\ra1\raa\re<U+00E9>\re<U+00E8>\ra-1\ra_1\r2\r10\ra\rb\rc|13,13,14,15,16,17,18,18,17,16,15,19,19,14,20,20,21,22,22,23,23,21,1,14,15,16,17,18,2,3,4,5,19,6,7,20,8,21,22,9,23,10,11,12|0.23539179842919111,0.80798191134817898,0.80130413454025984,0.68222106411121786,0.68593794759362936,0.75543729565106332,0.94998027384281158,0.10613868827931583,0.98006802564486861,0.80127149377949536,0.45031965058296919,0.47308068466372788,0.0031998178455978632,0.92458422714844346,0.3385634736623615,0.18979763658717275,0.57290200376883149,0.42593759135343134,0.25607985258102417,0.35851155966520309,0.40463989763520658,0.48055561515502632|11","A\ra0\ra1\raa\re<U+00E9>\re<U+00E8>\ra-1\ra_1\r2\r10\ra\rb\rc|13,13,14,15,16,17,18,18,17,16,15,19,19,14,20,20,21,22,22,23,23,21,1,14,15,16,17,18,2,3,4,5,19,6,7,20,8,21,22,9,23,10,11,12|0.23539179842919111,0.80798191134817898,0.80130413454025984,0.68222106411121786,0.68593794759362936,0.75543729565106332,0.94998027384281158,0.10613868827931583,0.98006802564486861,0.80127149377949536,0.45031965058296919,0.47308068466372788,0.0031998178455978632,0.92458422714844346,0.3385634736623615,0.18979763658717275,0.57290200376883149,0.42593759135343134,0.25607985258102417,0.35851155966520309,0.40463989763520658,0.48055561515502632|11",TRUE
"D","raw","test=TRUE","retained_species",20260906,"C","English_United States.1252","RUN","RUN","12","12",0,0,TRUE,"ok","ok","","","","","12","12","A\ra0\ra1\raa\re<U+00E9>\re<U+00E8>\ra-1\ra_1\r2\r10\ra\rb\rc|13,13,14,15,16,17,18,18,17,16,15,19,19,14,20,20,21,22,22,23,23,21,1,14,15,16,17,18,2,3,4,5,19,6,7,20,8,21,22,9,23,10,11,12|0.23539179842919111,0.80798191134817898,0.80130413454025984,0.68222106411121786,0.68593794759362936,0.75543729565106332,0.94998027384281158,0.10613868827931583,0.98006802564486861,0.80127149377949536,0.45031965058296919,0.47308068466372788,0.0031998178455978632,0.92458422714844346,0.3385634736623615,0.18979763658717275,0.57290200376883149,0.42593759135343134,0.25607985258102417,0.35851155966520309,0.40463989763520658,0.48055561515502632|11","A\ra0\ra1\raa\re<U+00E9>\re<U+00E8>\ra-1\ra_1\r2\r10\ra\rb\rc|13,13,14,15,16,17,18,18,17,16,15,19,19,14,20,20,21,22,22,23,23,21,1,14,15,16,17,18,2,3,4,5,19,6,7,20,8,21,22,9,23,10,11,12|0.23539179842919111,0.80798191134817898,0.80130413454025984,0.68222106411121786,0.68593794759362936,0.75543729565106332,0.94998027384281158,0.10613868827931583,0.98006802564486861,0.80127149377949536,0.45031965058296919,0.47308068466372788,0.0031998178455978632,0.92458422714844346,0.3385634736623615,0.18979763658717275,0.57290200376883149,0.42593759135343134,0.25607985258102417,0.35851155966520309,0.40463989763520658,0.48055561515502632|11",TRUE
"D","raw","test=TRUE","status",20260906,"C","English_United States.1252","RUN","RUN","ok","ok",,,TRUE,"ok","ok","","","","","12","12","A\ra0\ra1\raa\re<U+00E9>\re<U+00E8>\ra-1\ra_1\r2\r10\ra\rb\rc|13,13,14,15,16,17,18,18,17,16,15,19,19,14,20,20,21,22,22,23,23,21,1,14,15,16,17,18,2,3,4,5,19,6,7,20,8,21,22,9,23,10,11,12|0.23539179842919111,0.80798191134817898,0.80130413454025984,0.68222106411121786,0.68593794759362936,0.75543729565106332,0.94998027384281158,0.10613868827931583,0.98006802564486861,0.80127149377949536,0.45031965058296919,0.47308068466372788,0.0031998178455978632,0.92458422714844346,0.3385634736623615,0.18979763658717275,0.57290200376883149,0.42593759135343134,0.25607985258102417,0.35851155966520309,0.40463989763520658,0.48055561515502632|11","A\ra0\ra1\raa\re<U+00E9>\re<U+00E8>\ra-1\ra_1\r2\r10\ra\rb\rc|13,13,14,15,16,17,18,18,17,16,15,19,19,14,20,20,21,22,22,23,23,21,1,14,15,16,17,18,2,3,4,5,19,6,7,20,8,21,22,9,23,10,11,12|0.23539179842919111,0.80798191134817898,0.80130413454025984,0.68222106411121786,0.68593794759362936,0.75543729565106332,0.94998027384281158,0.10613868827931583,0.98006802564486861,0.80127149377949536,0.45031965058296919,0.47308068466372788,0.0031998178455978632,0.92458422714844346,0.3385634736623615,0.18979763658717275,0.57290200376883149,0.42593759135343134,0.25607985258102417,0.35851155966520309,0.40463989763520658,0.48055561515502632|11",TRUE
"D","prepared","test=TRUE","estimate",20260906,"C","English_United States.1252","RUN","RUN","1.0000000000000002","1.0000000000000002",0,0,TRUE,"ok","ok","","","","","12","12","A\ra0\ra1\raa\re<U+00E9>\re<U+00E8>\ra-1\ra_1\r2\r10\ra\rb\rc|13,13,14,15,16,17,18,18,17,16,15,19,19,14,20,20,21,22,22,23,23,21,1,14,15,16,17,18,2,3,4,5,19,6,7,20,8,21,22,9,23,10,11,12|0.23539179842919111,0.80798191134817898,0.80130413454025984,0.68222106411121786,0.68593794759362936,0.75543729565106332,0.94998027384281158,0.10613868827931583,0.98006802564486861,0.80127149377949536,0.45031965058296919,0.47308068466372788,0.0031998178455978632,0.92458422714844346,0.3385634736623615,0.18979763658717275,0.57290200376883149,0.42593759135343134,0.25607985258102417,0.35851155966520309,0.40463989763520658,0.48055561515502632|11","A\ra0\ra1\raa\re<U+00E9>\re<U+00E8>\ra-1\ra_1\r2\r10\ra\rb\rc|13,13,14,15,16,17,18,18,17,16,15,19,19,14,20,20,21,22,22,23,23,21,1,14,15,16,17,18,2,3,4,5,19,6,7,20,8,21,22,9,23,10,11,12|0.23539179842919111,0.80798191134817898,0.80130413454025984,0.68222106411121786,0.68593794759362936,0.75543729565106332,0.94998027384281158,0.10613868827931583,0.98006802564486861,0.80127149377949536,0.45031965058296919,0.47308068466372788,0.0031998178455978632,0.92458422714844346,0.3385634736623615,0.18979763658717275,0.57290200376883149,0.42593759135343134,0.25607985258102417,0.35851155966520309,0.40463989763520658,0.48055561515502632|11",TRUE
"D","prepared","test=TRUE","P_random",20260906,"C","English_United States.1252","RUN","RUN","0.5","0.5",0,0,TRUE,"ok","ok","","","","","12","12","A\ra0\ra1\raa\re<U+00E9>\re<U+00E8>\ra-1\ra_1\r2\r10\ra\rb\rc|13,13,14,15,16,17,18,18,17,16,15,19,19,14,20,20,21,22,22,23,23,21,1,14,15,16,17,18,2,3,4,5,19,6,7,20,8,21,22,9,23,10,11,12|0.23539179842919111,0.80798191134817898,0.80130413454025984,0.68222106411121786,0.68593794759362936,0.75543729565106332,0.94998027384281158,0.10613868827931583,0.98006802564486861,0.80127149377949536,0.45031965058296919,0.47308068466372788,0.0031998178455978632,0.92458422714844346,0.3385634736623615,0.18979763658717275,0.57290200376883149,0.42593759135343134,0.25607985258102417,0.35851155966520309,0.40463989763520658,0.48055561515502632|11","A\ra0\ra1\raa\re<U+00E9>\re<U+00E8>\ra-1\ra_1\r2\r10\ra\rb\rc|13,13,14,15,16,17,18,18,17,16,15,19,19,14,20,20,21,22,22,23,23,21,1,14,15,16,17,18,2,3,4,5,19,6,7,20,8,21,22,9,23,10,11,12|0.23539179842919111,0.80798191134817898,0.80130413454025984,0.68222106411121786,0.68593794759362936,0.75543729565106332,0.94998027384281158,0.10613868827931583,0.98006802564486861,0.80127149377949536,0.45031965058296919,0.47308068466372788,0.0031998178455978632,0.92458422714844346,0.3385634736623615,0.18979763658717275,0.57290200376883149,0.42593759135343134,0.25607985258102417,0.35851155966520309,0.40463989763520658,0.48055561515502632|11",TRUE
"D","prepared","test=TRUE","P_Brownian",20260906,"C","English_United States.1252","RUN","RUN","0","0",0,0,TRUE,"ok","ok","","","","","12","12","A\ra0\ra1\raa\re<U+00E9>\re<U+00E8>\ra-1\ra_1\r2\r10\ra\rb\rc|13,13,14,15,16,17,18,18,17,16,15,19,19,14,20,20,21,22,22,23,23,21,1,14,15,16,17,18,2,3,4,5,19,6,7,20,8,21,22,9,23,10,11,12|0.23539179842919111,0.80798191134817898,0.80130413454025984,0.68222106411121786,0.68593794759362936,0.75543729565106332,0.94998027384281158,0.10613868827931583,0.98006802564486861,0.80127149377949536,0.45031965058296919,0.47308068466372788,0.0031998178455978632,0.92458422714844346,0.3385634736623615,0.18979763658717275,0.57290200376883149,0.42593759135343134,0.25607985258102417,0.35851155966520309,0.40463989763520658,0.48055561515502632|11","A\ra0\ra1\raa\re<U+00E9>\re<U+00E8>\ra-1\ra_1\r2\r10\ra\rb\rc|13,13,14,15,16,17,18,18,17,16,15,19,19,14,20,20,21,22,22,23,23,21,1,14,15,16,17,18,2,3,4,5,19,6,7,20,8,21,22,9,23,10,11,12|0.23539179842919111,0.80798191134817898,0.80130413454025984,0.68222106411121786,0.68593794759362936,0.75543729565106332,0.94998027384281158,0.10613868827931583,0.98006802564486861,0.80127149377949536,0.45031965058296919,0.47308068466372788,0.0031998178455978632,0.92458422714844346,0.3385634736623615,0.18979763658717275,0.57290200376883149,0.42593759135343134,0.25607985258102417,0.35851155966520309,0.40463989763520658,0.48055561515502632|11",TRUE
"D","prepared","test=TRUE","MCSE_random",20260906,"C","English_United States.1252","RUN","RUN","0.25","0.25",0,0,TRUE,"ok","ok","","","","","12","12","A\ra0\ra1\raa\re<U+00E9>\re<U+00E8>\ra-1\ra_1\r2\r10\ra\rb\rc|13,13,14,15,16,17,18,18,17,16,15,19,19,14,20,20,21,22,22,23,23,21,1,14,15,16,17,18,2,3,4,5,19,6,7,20,8,21,22,9,23,10,11,12|0.23539179842919111,0.80798191134817898,0.80130413454025984,0.68222106411121786,0.68593794759362936,0.75543729565106332,0.94998027384281158,0.10613868827931583,0.98006802564486861,0.80127149377949536,0.45031965058296919,0.47308068466372788,0.0031998178455978632,0.92458422714844346,0.3385634736623615,0.18979763658717275,0.57290200376883149,0.42593759135343134,0.25607985258102417,0.35851155966520309,0.40463989763520658,0.48055561515502632|11","A\ra0\ra1\raa\re<U+00E9>\re<U+00E8>\ra-1\ra_1\r2\r10\ra\rb\rc|13,13,14,15,16,17,18,18,17,16,15,19,19,14,20,20,21,22,22,23,23,21,1,14,15,16,17,18,2,3,4,5,19,6,7,20,8,21,22,9,23,10,11,12|0.23539179842919111,0.80798191134817898,0.80130413454025984,0.68222106411121786,0.68593794759362936,0.75543729565106332,0.94998027384281158,0.10613868827931583,0.98006802564486861,0.80127149377949536,0.45031965058296919,0.47308068466372788,0.0031998178455978632,0.92458422714844346,0.3385634736623615,0.18979763658717275,0.57290200376883149,0.42593759135343134,0.25607985258102417,0.35851155966520309,0.40463989763520658,0.48055561515502632|11",TRUE
"D","prepared","test=TRUE","MCSE_Brownian",20260906,"C","English_United States.1252","RUN","RUN","0","0",0,0,TRUE,"ok","ok","","","","","12","12","A\ra0\ra1\raa\re<U+00E9>\re<U+00E8>\ra-1\ra_1\r2\r10\ra\rb\rc|13,13,14,15,16,17,18,18,17,16,15,19,19,14,20,20,21,22,22,23,23,21,1,14,15,16,17,18,2,3,4,5,19,6,7,20,8,21,22,9,23,10,11,12|0.23539179842919111,0.80798191134817898,0.80130413454025984,0.68222106411121786,0.68593794759362936,0.75543729565106332,0.94998027384281158,0.10613868827931583,0.98006802564486861,0.80127149377949536,0.45031965058296919,0.47308068466372788,0.0031998178455978632,0.92458422714844346,0.3385634736623615,0.18979763658717275,0.57290200376883149,0.42593759135343134,0.25607985258102417,0.35851155966520309,0.40463989763520658,0.48055561515502632|11","A\ra0\ra1\raa\re<U+00E9>\re<U+00E8>\ra-1\ra_1\r2\r10\ra\rb\rc|13,13,14,15,16,17,18,18,17,16,15,19,19,14,20,20,21,22,22,23,23,21,1,14,15,16,17,18,2,3,4,5,19,6,7,20,8,21,22,9,23,10,11,12|0.23539179842919111,0.80798191134817898,0.80130413454025984,0.68222106411121786,0.68593794759362936,0.75543729565106332,0.94998027384281158,0.10613868827931583,0.98006802564486861,0.80127149377949536,0.45031965058296919,0.47308068466372788,0.0031998178455978632,0.92458422714844346,0.3385634736623615,0.18979763658717275,0.57290200376883149,0.42593759135343134,0.25607985258102417,0.35851155966520309,0.40463989763520658,0.48055561515502632|11",TRUE
"D","prepared","test=TRUE","matched_species",20260906,"C","English_United States.1252","RUN","RUN","12","12",0,0,TRUE,"ok","ok","","","","","12","12","A\ra0\ra1\raa\re<U+00E9>\re<U+00E8>\ra-1\ra_1\r2\r10\ra\rb\rc|13,13,14,15,16,17,18,18,17,16,15,19,19,14,20,20,21,22,22,23,23,21,1,14,15,16,17,18,2,3,4,5,19,6,7,20,8,21,22,9,23,10,11,12|0.23539179842919111,0.80798191134817898,0.80130413454025984,0.68222106411121786,0.68593794759362936,0.75543729565106332,0.94998027384281158,0.10613868827931583,0.98006802564486861,0.80127149377949536,0.45031965058296919,0.47308068466372788,0.0031998178455978632,0.92458422714844346,0.3385634736623615,0.18979763658717275,0.57290200376883149,0.42593759135343134,0.25607985258102417,0.35851155966520309,0.40463989763520658,0.48055561515502632|11","A\ra0\ra1\raa\re<U+00E9>\re<U+00E8>\ra-1\ra_1\r2\r10\ra\rb\rc|13,13,14,15,16,17,18,18,17,16,15,19,19,14,20,20,21,22,22,23,23,21,1,14,15,16,17,18,2,3,4,5,19,6,7,20,8,21,22,9,23,10,11,12|0.23539179842919111,0.80798191134817898,0.80130413454025984,0.68222106411121786,0.68593794759362936,0.75543729565106332,0.94998027384281158,0.10613868827931583,0.98006802564486861,0.80127149377949536,0.45031965058296919,0.47308068466372788,0.0031998178455978632,0.92458422714844346,0.3385634736623615,0.18979763658717275,0.57290200376883149,0.42593759135343134,0.25607985258102417,0.35851155966520309,0.40463989763520658,0.48055561515502632|11",TRUE
"D","prepared","test=TRUE","retained_species",20260906,"C","English_United States.1252","RUN","RUN","12","12",0,0,TRUE,"ok","ok","","","","","12","12","A\ra0\ra1\raa\re<U+00E9>\re<U+00E8>\ra-1\ra_1\r2\r10\ra\rb\rc|13,13,14,15,16,17,18,18,17,16,15,19,19,14,20,20,21,22,22,23,23,21,1,14,15,16,17,18,2,3,4,5,19,6,7,20,8,21,22,9,23,10,11,12|0.23539179842919111,0.80798191134817898,0.80130413454025984,0.68222106411121786,0.68593794759362936,0.75543729565106332,0.94998027384281158,0.10613868827931583,0.98006802564486861,0.80127149377949536,0.45031965058296919,0.47308068466372788,0.0031998178455978632,0.92458422714844346,0.3385634736623615,0.18979763658717275,0.57290200376883149,0.42593759135343134,0.25607985258102417,0.35851155966520309,0.40463989763520658,0.48055561515502632|11","A\ra0\ra1\raa\re<U+00E9>\re<U+00E8>\ra-1\ra_1\r2\r10\ra\rb\rc|13,13,14,15,16,17,18,18,17,16,15,19,19,14,20,20,21,22,22,23,23,21,1,14,15,16,17,18,2,3,4,5,19,6,7,20,8,21,22,9,23,10,11,12|0.23539179842919111,0.80798191134817898,0.80130413454025984,0.68222106411121786,0.68593794759362936,0.75543729565106332,0.94998027384281158,0.10613868827931583,0.98006802564486861,0.80127149377949536,0.45031965058296919,0.47308068466372788,0.0031998178455978632,0.92458422714844346,0.3385634736623615,0.18979763658717275,0.57290200376883149,0.42593759135343134,0.25607985258102417,0.35851155966520309,0.40463989763520658,0.48055561515502632|11",TRUE
"D","prepared","test=TRUE","status",20260906,"C","English_United States.1252","RUN","RUN","ok","ok",,,TRUE,"ok","ok","","","","","12","12","A\ra0\ra1\raa\re<U+00E9>\re<U+00E8>\ra-1\ra_1\r2\r10\ra\rb\rc|13,13,14,15,16,17,18,18,17,16,15,19,19,14,20,20,21,22,22,23,23,21,1,14,15,16,17,18,2,3,4,5,19,6,7,20,8,21,22,9,23,10,11,12|0.23539179842919111,0.80798191134817898,0.80130413454025984,0.68222106411121786,0.68593794759362936,0.75543729565106332,0.94998027384281158,0.10613868827931583,0.98006802564486861,0.80127149377949536,0.45031965058296919,0.47308068466372788,0.0031998178455978632,0.92458422714844346,0.3385634736623615,0.18979763658717275,0.57290200376883149,0.42593759135343134,0.25607985258102417,0.35851155966520309,0.40463989763520658,0.48055561515502632|11","A\ra0\ra1\raa\re<U+00E9>\re<U+00E8>\ra-1\ra_1\r2\r10\ra\rb\rc|13,13,14,15,16,17,18,18,17,16,15,19,19,14,20,20,21,22,22,23,23,21,1,14,15,16,17,18,2,3,4,5,19,6,7,20,8,21,22,9,23,10,11,12|0.23539179842919111,0.80798191134817898,0.80130413454025984,0.68222106411121786,0.68593794759362936,0.75543729565106332,0.94998027384281158,0.10613868827931583,0.98006802564486861,0.80127149377949536,0.45031965058296919,0.47308068466372788,0.0031998178455978632,0.92458422714844346,0.3385634736623615,0.18979763658717275,0.57290200376883149,0.42593759135343134,0.25607985258102417,0.35851155966520309,0.40463989763520658,0.48055561515502632|11",TRUE
"Delta","raw","test=FALSE","estimate",20260906,"C","English_United States.1252","RUN","RUN","0.089163852025665596","0.089163852025665596",0,0,TRUE,"ok","ok","simpleWarning/warning/condition","simpleWarning/warning/condition","","","12","12","A\ra0\ra1\raa\re<U+00E9>\re<U+00E8>\ra-1\ra_1\r2\r10\ra\rb\rc|13,13,14,15,16,17,18,18,17,16,15,19,19,14,20,20,21,22,22,23,23,21,1,14,15,16,17,18,2,3,4,5,19,6,7,20,8,21,22,9,23,10,11,12|0.23539179842919111,0.80798191134817898,0.80130413454025984,0.68222106411121786,0.68593794759362936,0.75543729565106332,0.94998027384281158,0.10613868827931583,0.98006802564486861,0.80127149377949536,0.45031965058296919,0.47308068466372788,0.0031998178455978632,0.92458422714844346,0.3385634736623615,0.18979763658717275,0.57290200376883149,0.42593759135343134,0.25607985258102417,0.35851155966520309,0.40463989763520658,0.48055561515502632|11","A\ra0\ra1\raa\re<U+00E9>\re<U+00E8>\ra-1\ra_1\r2\r10\ra\rb\rc|13,13,14,15,16,17,18,18,17,16,15,19,19,14,20,20,21,22,22,23,23,21,1,14,15,16,17,18,2,3,4,5,19,6,7,20,8,21,22,9,23,10,11,12|0.23539179842919111,0.80798191134817898,0.80130413454025984,0.68222106411121786,0.68593794759362936,0.75543729565106332,0.94998027384281158,0.10613868827931583,0.98006802564486861,0.80127149377949536,0.45031965058296919,0.47308068466372788,0.0031998178455978632,0.92458422714844346,0.3385634736623615,0.18979763658717275,0.57290200376883149,0.42593759135343134,0.25607985258102417,0.35851155966520309,0.40463989763520658,0.48055561515502632|11",TRUE
"Delta","raw","test=FALSE","MCSE",20260906,"C","English_United States.1252","RUN","RUN","0.021241298743253301","0.021241298743253301",0,0,TRUE,"ok","ok","simpleWarning/warning/condition","simpleWarning/warning/condition","","","12","12","A\ra0\ra1\raa\re<U+00E9>\re<U+00E8>\ra-1\ra_1\r2\r10\ra\rb\rc|13,13,14,15,16,17,18,18,17,16,15,19,19,14,20,20,21,22,22,23,23,21,1,14,15,16,17,18,2,3,4,5,19,6,7,20,8,21,22,9,23,10,11,12|0.23539179842919111,0.80798191134817898,0.80130413454025984,0.68222106411121786,0.68593794759362936,0.75543729565106332,0.94998027384281158,0.10613868827931583,0.98006802564486861,0.80127149377949536,0.45031965058296919,0.47308068466372788,0.0031998178455978632,0.92458422714844346,0.3385634736623615,0.18979763658717275,0.57290200376883149,0.42593759135343134,0.25607985258102417,0.35851155966520309,0.40463989763520658,0.48055561515502632|11","A\ra0\ra1\raa\re<U+00E9>\re<U+00E8>\ra-1\ra_1\r2\r10\ra\rb\rc|13,13,14,15,16,17,18,18,17,16,15,19,19,14,20,20,21,22,22,23,23,21,1,14,15,16,17,18,2,3,4,5,19,6,7,20,8,21,22,9,23,10,11,12|0.23539179842919111,0.80798191134817898,0.80130413454025984,0.68222106411121786,0.68593794759362936,0.75543729565106332,0.94998027384281158,0.10613868827931583,0.98006802564486861,0.80127149377949536,0.45031965058296919,0.47308068466372788,0.0031998178455978632,0.92458422714844346,0.3385634736623615,0.18979763658717275,0.57290200376883149,0.42593759135343134,0.25607985258102417,0.35851155966520309,0.40463989763520658,0.48055561515502632|11",TRUE
"Delta","raw","test=FALSE","ESS_alpha",20260906,"C","English_United States.1252","RUN","RUN","20.90033635945862","20.90033635945862",0,0,TRUE,"ok","ok","simpleWarning/warning/condition","simpleWarning/warning/condition","","","12","12","A\ra0\ra1\raa\re<U+00E9>\re<U+00E8>\ra-1\ra_1\r2\r10\ra\rb\rc|13,13,14,15,16,17,18,18,17,16,15,19,19,14,20,20,21,22,22,23,23,21,1,14,15,16,17,18,2,3,4,5,19,6,7,20,8,21,22,9,23,10,11,12|0.23539179842919111,0.80798191134817898,0.80130413454025984,0.68222106411121786,0.68593794759362936,0.75543729565106332,0.94998027384281158,0.10613868827931583,0.98006802564486861,0.80127149377949536,0.45031965058296919,0.47308068466372788,0.0031998178455978632,0.92458422714844346,0.3385634736623615,0.18979763658717275,0.57290200376883149,0.42593759135343134,0.25607985258102417,0.35851155966520309,0.40463989763520658,0.48055561515502632|11","A\ra0\ra1\raa\re<U+00E9>\re<U+00E8>\ra-1\ra_1\r2\r10\ra\rb\rc|13,13,14,15,16,17,18,18,17,16,15,19,19,14,20,20,21,22,22,23,23,21,1,14,15,16,17,18,2,3,4,5,19,6,7,20,8,21,22,9,23,10,11,12|0.23539179842919111,0.80798191134817898,0.80130413454025984,0.68222106411121786,0.68593794759362936,0.75543729565106332,0.94998027384281158,0.10613868827931583,0.98006802564486861,0.80127149377949536,0.45031965058296919,0.47308068466372788,0.0031998178455978632,0.92458422714844346,0.3385634736623615,0.18979763658717275,0.57290200376883149,0.42593759135343134,0.25607985258102417,0.35851155966520309,0.40463989763520658,0.48055561515502632|11",TRUE
"Delta","raw","test=FALSE","ESS_beta",20260906,"C","English_United States.1252","RUN","RUN","24.573197863442822","24.573197863442822",0,0,TRUE,"ok","ok","simpleWarning/warning/condition","simpleWarning/warning/condition","","","12","12","A\ra0\ra1\raa\re<U+00E9>\re<U+00E8>\ra-1\ra_1\r2\r10\ra\rb\rc|13,13,14,15,16,17,18,18,17,16,15,19,19,14,20,20,21,22,22,23,23,21,1,14,15,16,17,18,2,3,4,5,19,6,7,20,8,21,22,9,23,10,11,12|0.23539179842919111,0.80798191134817898,0.80130413454025984,0.68222106411121786,0.68593794759362936,0.75543729565106332,0.94998027384281158,0.10613868827931583,0.98006802564486861,0.80127149377949536,0.45031965058296919,0.47308068466372788,0.0031998178455978632,0.92458422714844346,0.3385634736623615,0.18979763658717275,0.57290200376883149,0.42593759135343134,0.25607985258102417,0.35851155966520309,0.40463989763520658,0.48055561515502632|11","A\ra0\ra1\raa\re<U+00E9>\re<U+00E8>\ra-1\ra_1\r2\r10\ra\rb\rc|13,13,14,15,16,17,18,18,17,16,15,19,19,14,20,20,21,22,22,23,23,21,1,14,15,16,17,18,2,3,4,5,19,6,7,20,8,21,22,9,23,10,11,12|0.23539179842919111,0.80798191134817898,0.80130413454025984,0.68222106411121786,0.68593794759362936,0.75543729565106332,0.94998027384281158,0.10613868827931583,0.98006802564486861,0.80127149377949536,0.45031965058296919,0.47308068466372788,0.0031998178455978632,0.92458422714844346,0.3385634736623615,0.18979763658717275,0.57290200376883149,0.42593759135343134,0.25607985258102417,0.35851155966520309,0.40463989763520658,0.48055561515502632|11",TRUE
"Delta","raw","test=FALSE","Rhat_alpha",20260906,"C","English_United States.1252","RUN","RUN","1.0185527000303904","1.0185527000303904",0,0,TRUE,"ok","ok","simpleWarning/warning/condition","simpleWarning/warning/condition","","","12","12","A\ra0\ra1\raa\re<U+00E9>\re<U+00E8>\ra-1\ra_1\r2\r10\ra\rb\rc|13,13,14,15,16,17,18,18,17,16,15,19,19,14,20,20,21,22,22,23,23,21,1,14,15,16,17,18,2,3,4,5,19,6,7,20,8,21,22,9,23,10,11,12|0.23539179842919111,0.80798191134817898,0.80130413454025984,0.68222106411121786,0.68593794759362936,0.75543729565106332,0.94998027384281158,0.10613868827931583,0.98006802564486861,0.80127149377949536,0.45031965058296919,0.47308068466372788,0.0031998178455978632,0.92458422714844346,0.3385634736623615,0.18979763658717275,0.57290200376883149,0.42593759135343134,0.25607985258102417,0.35851155966520309,0.40463989763520658,0.48055561515502632|11","A\ra0\ra1\raa\re<U+00E9>\re<U+00E8>\ra-1\ra_1\r2\r10\ra\rb\rc|13,13,14,15,16,17,18,18,17,16,15,19,19,14,20,20,21,22,22,23,23,21,1,14,15,16,17,18,2,3,4,5,19,6,7,20,8,21,22,9,23,10,11,12|0.23539179842919111,0.80798191134817898,0.80130413454025984,0.68222106411121786,0.68593794759362936,0.75543729565106332,0.94998027384281158,0.10613868827931583,0.98006802564486861,0.80127149377949536,0.45031965058296919,0.47308068466372788,0.0031998178455978632,0.92458422714844346,0.3385634736623615,0.18979763658717275,0.57290200376883149,0.42593759135343134,0.25607985258102417,0.35851155966520309,0.40463989763520658,0.48055561515502632|11",TRUE
"Delta","raw","test=FALSE","Rhat_beta",20260906,"C","English_United States.1252","RUN","RUN","1.0998664137201133","1.0998664137201133",0,0,TRUE,"ok","ok","simpleWarning/warning/condition","simpleWarning/warning/condition","","","12","12","A\ra0\ra1\raa\re<U+00E9>\re<U+00E8>\ra-1\ra_1\r2\r10\ra\rb\rc|13,13,14,15,16,17,18,18,17,16,15,19,19,14,20,20,21,22,22,23,23,21,1,14,15,16,17,18,2,3,4,5,19,6,7,20,8,21,22,9,23,10,11,12|0.23539179842919111,0.80798191134817898,0.80130413454025984,0.68222106411121786,0.68593794759362936,0.75543729565106332,0.94998027384281158,0.10613868827931583,0.98006802564486861,0.80127149377949536,0.45031965058296919,0.47308068466372788,0.0031998178455978632,0.92458422714844346,0.3385634736623615,0.18979763658717275,0.57290200376883149,0.42593759135343134,0.25607985258102417,0.35851155966520309,0.40463989763520658,0.48055561515502632|11","A\ra0\ra1\raa\re<U+00E9>\re<U+00E8>\ra-1\ra_1\r2\r10\ra\rb\rc|13,13,14,15,16,17,18,18,17,16,15,19,19,14,20,20,21,22,22,23,23,21,1,14,15,16,17,18,2,3,4,5,19,6,7,20,8,21,22,9,23,10,11,12|0.23539179842919111,0.80798191134817898,0.80130413454025984,0.68222106411121786,0.68593794759362936,0.75543729565106332,0.94998027384281158,0.10613868827931583,0.98006802564486861,0.80127149377949536,0.45031965058296919,0.47308068466372788,0.0031998178455978632,0.92458422714844346,0.3385634736623615,0.18979763658717275,0.57290200376883149,0.42593759135343134,0.25607985258102417,0.35851155966520309,0.40463989763520658,0.48055561515502632|11",TRUE
"Delta","raw","test=FALSE","matched_species",20260906,"C","English_United States.1252","RUN","RUN","12","12",0,0,TRUE,"ok","ok","simpleWarning/warning/condition","simpleWarning/warning/condition","","","12","12","A\ra0\ra1\raa\re<U+00E9>\re<U+00E8>\ra-1\ra_1\r2\r10\ra\rb\rc|13,13,14,15,16,17,18,18,17,16,15,19,19,14,20,20,21,22,22,23,23,21,1,14,15,16,17,18,2,3,4,5,19,6,7,20,8,21,22,9,23,10,11,12|0.23539179842919111,0.80798191134817898,0.80130413454025984,0.68222106411121786,0.68593794759362936,0.75543729565106332,0.94998027384281158,0.10613868827931583,0.98006802564486861,0.80127149377949536,0.45031965058296919,0.47308068466372788,0.0031998178455978632,0.92458422714844346,0.3385634736623615,0.18979763658717275,0.57290200376883149,0.42593759135343134,0.25607985258102417,0.35851155966520309,0.40463989763520658,0.48055561515502632|11","A\ra0\ra1\raa\re<U+00E9>\re<U+00E8>\ra-1\ra_1\r2\r10\ra\rb\rc|13,13,14,15,16,17,18,18,17,16,15,19,19,14,20,20,21,22,22,23,23,21,1,14,15,16,17,18,2,3,4,5,19,6,7,20,8,21,22,9,23,10,11,12|0.23539179842919111,0.80798191134817898,0.80130413454025984,0.68222106411121786,0.68593794759362936,0.75543729565106332,0.94998027384281158,0.10613868827931583,0.98006802564486861,0.80127149377949536,0.45031965058296919,0.47308068466372788,0.0031998178455978632,0.92458422714844346,0.3385634736623615,0.18979763658717275,0.57290200376883149,0.42593759135343134,0.25607985258102417,0.35851155966520309,0.40463989763520658,0.48055561515502632|11",TRUE
"Delta","raw","test=FALSE","retained_species",20260906,"C","English_United States.1252","RUN","RUN","12","12",0,0,TRUE,"ok","ok","simpleWarning/warning/condition","simpleWarning/warning/condition","","","12","12","A\ra0\ra1\raa\re<U+00E9>\re<U+00E8>\ra-1\ra_1\r2\r10\ra\rb\rc|13,13,14,15,16,17,18,18,17,16,15,19,19,14,20,20,21,22,22,23,23,21,1,14,15,16,17,18,2,3,4,5,19,6,7,20,8,21,22,9,23,10,11,12|0.23539179842919111,0.80798191134817898,0.80130413454025984,0.68222106411121786,0.68593794759362936,0.75543729565106332,0.94998027384281158,0.10613868827931583,0.98006802564486861,0.80127149377949536,0.45031965058296919,0.47308068466372788,0.0031998178455978632,0.92458422714844346,0.3385634736623615,0.18979763658717275,0.57290200376883149,0.42593759135343134,0.25607985258102417,0.35851155966520309,0.40463989763520658,0.48055561515502632|11","A\ra0\ra1\raa\re<U+00E9>\re<U+00E8>\ra-1\ra_1\r2\r10\ra\rb\rc|13,13,14,15,16,17,18,18,17,16,15,19,19,14,20,20,21,22,22,23,23,21,1,14,15,16,17,18,2,3,4,5,19,6,7,20,8,21,22,9,23,10,11,12|0.23539179842919111,0.80798191134817898,0.80130413454025984,0.68222106411121786,0.68593794759362936,0.75543729565106332,0.94998027384281158,0.10613868827931583,0.98006802564486861,0.80127149377949536,0.45031965058296919,0.47308068466372788,0.0031998178455978632,0.92458422714844346,0.3385634736623615,0.18979763658717275,0.57290200376883149,0.42593759135343134,0.25607985258102417,0.35851155966520309,0.40463989763520658,0.48055561515502632|11",TRUE
"Delta","raw","test=FALSE","status",20260906,"C","English_United States.1252","RUN","RUN","ok","ok",,,TRUE,"ok","ok","simpleWarning/warning/condition","simpleWarning/warning/condition","","","12","12","A\ra0\ra1\raa\re<U+00E9>\re<U+00E8>\ra-1\ra_1\r2\r10\ra\rb\rc|13,13,14,15,16,17,18,18,17,16,15,19,19,14,20,20,21,22,22,23,23,21,1,14,15,16,17,18,2,3,4,5,19,6,7,20,8,21,22,9,23,10,11,12|0.23539179842919111,0.80798191134817898,0.80130413454025984,0.68222106411121786,0.68593794759362936,0.75543729565106332,0.94998027384281158,0.10613868827931583,0.98006802564486861,0.80127149377949536,0.45031965058296919,0.47308068466372788,0.0031998178455978632,0.92458422714844346,0.3385634736623615,0.18979763658717275,0.57290200376883149,0.42593759135343134,0.25607985258102417,0.35851155966520309,0.40463989763520658,0.48055561515502632|11","A\ra0\ra1\raa\re<U+00E9>\re<U+00E8>\ra-1\ra_1\r2\r10\ra\rb\rc|13,13,14,15,16,17,18,18,17,16,15,19,19,14,20,20,21,22,22,23,23,21,1,14,15,16,17,18,2,3,4,5,19,6,7,20,8,21,22,9,23,10,11,12|0.23539179842919111,0.80798191134817898,0.80130413454025984,0.68222106411121786,0.68593794759362936,0.75543729565106332,0.94998027384281158,0.10613868827931583,0.98006802564486861,0.80127149377949536,0.45031965058296919,0.47308068466372788,0.0031998178455978632,0.92458422714844346,0.3385634736623615,0.18979763658717275,0.57290200376883149,0.42593759135343134,0.25607985258102417,0.35851155966520309,0.40463989763520658,0.48055561515502632|11",TRUE
"Delta","prepared","test=FALSE","estimate",20260906,"C","English_United States.1252","RUN","RUN","0.089163852025665596","0.089163852025665596",0,0,TRUE,"ok","ok","simpleWarning/warning/condition","simpleWarning/warning/condition","","","12","12","A\ra0\ra1\raa\re<U+00E9>\re<U+00E8>\ra-1\ra_1\r2\r10\ra\rb\rc|13,13,14,15,16,17,18,18,17,16,15,19,19,14,20,20,21,22,22,23,23,21,1,14,15,16,17,18,2,3,4,5,19,6,7,20,8,21,22,9,23,10,11,12|0.23539179842919111,0.80798191134817898,0.80130413454025984,0.68222106411121786,0.68593794759362936,0.75543729565106332,0.94998027384281158,0.10613868827931583,0.98006802564486861,0.80127149377949536,0.45031965058296919,0.47308068466372788,0.0031998178455978632,0.92458422714844346,0.3385634736623615,0.18979763658717275,0.57290200376883149,0.42593759135343134,0.25607985258102417,0.35851155966520309,0.40463989763520658,0.48055561515502632|11","A\ra0\ra1\raa\re<U+00E9>\re<U+00E8>\ra-1\ra_1\r2\r10\ra\rb\rc|13,13,14,15,16,17,18,18,17,16,15,19,19,14,20,20,21,22,22,23,23,21,1,14,15,16,17,18,2,3,4,5,19,6,7,20,8,21,22,9,23,10,11,12|0.23539179842919111,0.80798191134817898,0.80130413454025984,0.68222106411121786,0.68593794759362936,0.75543729565106332,0.94998027384281158,0.10613868827931583,0.98006802564486861,0.80127149377949536,0.45031965058296919,0.47308068466372788,0.0031998178455978632,0.92458422714844346,0.3385634736623615,0.18979763658717275,0.57290200376883149,0.42593759135343134,0.25607985258102417,0.35851155966520309,0.40463989763520658,0.48055561515502632|11",TRUE
"Delta","prepared","test=FALSE","MCSE",20260906,"C","English_United States.1252","RUN","RUN","0.021241298743253301","0.021241298743253301",0,0,TRUE,"ok","ok","simpleWarning/warning/condition","simpleWarning/warning/condition","","","12","12","A\ra0\ra1\raa\re<U+00E9>\re<U+00E8>\ra-1\ra_1\r2\r10\ra\rb\rc|13,13,14,15,16,17,18,18,17,16,15,19,19,14,20,20,21,22,22,23,23,21,1,14,15,16,17,18,2,3,4,5,19,6,7,20,8,21,22,9,23,10,11,12|0.23539179842919111,0.80798191134817898,0.80130413454025984,0.68222106411121786,0.68593794759362936,0.75543729565106332,0.94998027384281158,0.10613868827931583,0.98006802564486861,0.80127149377949536,0.45031965058296919,0.47308068466372788,0.0031998178455978632,0.92458422714844346,0.3385634736623615,0.18979763658717275,0.57290200376883149,0.42593759135343134,0.25607985258102417,0.35851155966520309,0.40463989763520658,0.48055561515502632|11","A\ra0\ra1\raa\re<U+00E9>\re<U+00E8>\ra-1\ra_1\r2\r10\ra\rb\rc|13,13,14,15,16,17,18,18,17,16,15,19,19,14,20,20,21,22,22,23,23,21,1,14,15,16,17,18,2,3,4,5,19,6,7,20,8,21,22,9,23,10,11,12|0.23539179842919111,0.80798191134817898,0.80130413454025984,0.68222106411121786,0.68593794759362936,0.75543729565106332,0.94998027384281158,0.10613868827931583,0.98006802564486861,0.80127149377949536,0.45031965058296919,0.47308068466372788,0.0031998178455978632,0.92458422714844346,0.3385634736623615,0.18979763658717275,0.57290200376883149,0.42593759135343134,0.25607985258102417,0.35851155966520309,0.40463989763520658,0.48055561515502632|11",TRUE
"Delta","prepared","test=FALSE","ESS_alpha",20260906,"C","English_United States.1252","RUN","RUN","20.90033635945862","20.90033635945862",0,0,TRUE,"ok","ok","simpleWarning/warning/condition","simpleWarning/warning/condition","","","12","12","A\ra0\ra1\raa\re<U+00E9>\re<U+00E8>\ra-1\ra_1\r2\r10\ra\rb\rc|13,13,14,15,16,17,18,18,17,16,15,19,19,14,20,20,21,22,22,23,23,21,1,14,15,16,17,18,2,3,4,5,19,6,7,20,8,21,22,9,23,10,11,12|0.23539179842919111,0.80798191134817898,0.80130413454025984,0.68222106411121786,0.68593794759362936,0.75543729565106332,0.94998027384281158,0.10613868827931583,0.98006802564486861,0.80127149377949536,0.45031965058296919,0.47308068466372788,0.0031998178455978632,0.92458422714844346,0.3385634736623615,0.18979763658717275,0.57290200376883149,0.42593759135343134,0.25607985258102417,0.35851155966520309,0.40463989763520658,0.48055561515502632|11","A\ra0\ra1\raa\re<U+00E9>\re<U+00E8>\ra-1\ra_1\r2\r10\ra\rb\rc|13,13,14,15,16,17,18,18,17,16,15,19,19,14,20,20,21,22,22,23,23,21,1,14,15,16,17,18,2,3,4,5,19,6,7,20,8,21,22,9,23,10,11,12|0.23539179842919111,0.80798191134817898,0.80130413454025984,0.68222106411121786,0.68593794759362936,0.75543729565106332,0.94998027384281158,0.10613868827931583,0.98006802564486861,0.80127149377949536,0.45031965058296919,0.47308068466372788,0.0031998178455978632,0.92458422714844346,0.3385634736623615,0.18979763658717275,0.57290200376883149,0.42593759135343134,0.25607985258102417,0.35851155966520309,0.40463989763520658,0.48055561515502632|11",TRUE
"Delta","prepared","test=FALSE","ESS_beta",20260906,"C","English_United States.1252","RUN","RUN","24.573197863442822","24.573197863442822",0,0,TRUE,"ok","ok","simpleWarning/warning/condition","simpleWarning/warning/condition","","","12","12","A\ra0\ra1\raa\re<U+00E9>\re<U+00E8>\ra-1\ra_1\r2\r10\ra\rb\rc|13,13,14,15,16,17,18,18,17,16,15,19,19,14,20,20,21,22,22,23,23,21,1,14,15,16,17,18,2,3,4,5,19,6,7,20,8,21,22,9,23,10,11,12|0.23539179842919111,0.80798191134817898,0.80130413454025984,0.68222106411121786,0.68593794759362936,0.75543729565106332,0.94998027384281158,0.10613868827931583,0.98006802564486861,0.80127149377949536,0.45031965058296919,0.47308068466372788,0.0031998178455978632,0.92458422714844346,0.3385634736623615,0.18979763658717275,0.57290200376883149,0.42593759135343134,0.25607985258102417,0.35851155966520309,0.40463989763520658,0.48055561515502632|11","A\ra0\ra1\raa\re<U+00E9>\re<U+00E8>\ra-1\ra_1\r2\r10\ra\rb\rc|13,13,14,15,16,17,18,18,17,16,15,19,19,14,20,20,21,22,22,23,23,21,1,14,15,16,17,18,2,3,4,5,19,6,7,20,8,21,22,9,23,10,11,12|0.23539179842919111,0.80798191134817898,0.80130413454025984,0.68222106411121786,0.68593794759362936,0.75543729565106332,0.94998027384281158,0.10613868827931583,0.98006802564486861,0.80127149377949536,0.45031965058296919,0.47308068466372788,0.0031998178455978632,0.92458422714844346,0.3385634736623615,0.18979763658717275,0.57290200376883149,0.42593759135343134,0.25607985258102417,0.35851155966520309,0.40463989763520658,0.48055561515502632|11",TRUE
"Delta","prepared","test=FALSE","Rhat_alpha",20260906,"C","English_United States.1252","RUN","RUN","1.0185527000303904","1.0185527000303904",0,0,TRUE,"ok","ok","simpleWarning/warning/condition","simpleWarning/warning/condition","","","12","12","A\ra0\ra1\raa\re<U+00E9>\re<U+00E8>\ra-1\ra_1\r2\r10\ra\rb\rc|13,13,14,15,16,17,18,18,17,16,15,19,19,14,20,20,21,22,22,23,23,21,1,14,15,16,17,18,2,3,4,5,19,6,7,20,8,21,22,9,23,10,11,12|0.23539179842919111,0.80798191134817898,0.80130413454025984,0.68222106411121786,0.68593794759362936,0.75543729565106332,0.94998027384281158,0.10613868827931583,0.98006802564486861,0.80127149377949536,0.45031965058296919,0.47308068466372788,0.0031998178455978632,0.92458422714844346,0.3385634736623615,0.18979763658717275,0.57290200376883149,0.42593759135343134,0.25607985258102417,0.35851155966520309,0.40463989763520658,0.48055561515502632|11","A\ra0\ra1\raa\re<U+00E9>\re<U+00E8>\ra-1\ra_1\r2\r10\ra\rb\rc|13,13,14,15,16,17,18,18,17,16,15,19,19,14,20,20,21,22,22,23,23,21,1,14,15,16,17,18,2,3,4,5,19,6,7,20,8,21,22,9,23,10,11,12|0.23539179842919111,0.80798191134817898,0.80130413454025984,0.68222106411121786,0.68593794759362936,0.75543729565106332,0.94998027384281158,0.10613868827931583,0.98006802564486861,0.80127149377949536,0.45031965058296919,0.47308068466372788,0.0031998178455978632,0.92458422714844346,0.3385634736623615,0.18979763658717275,0.57290200376883149,0.42593759135343134,0.25607985258102417,0.35851155966520309,0.40463989763520658,0.48055561515502632|11",TRUE
"Delta","prepared","test=FALSE","Rhat_beta",20260906,"C","English_United States.1252","RUN","RUN","1.0998664137201133","1.0998664137201133",0,0,TRUE,"ok","ok","simpleWarning/warning/condition","simpleWarning/warning/condition","","","12","12","A\ra0\ra1\raa\re<U+00E9>\re<U+00E8>\ra-1\ra_1\r2\r10\ra\rb\rc|13,13,14,15,16,17,18,18,17,16,15,19,19,14,20,20,21,22,22,23,23,21,1,14,15,16,17,18,2,3,4,5,19,6,7,20,8,21,22,9,23,10,11,12|0.23539179842919111,0.80798191134817898,0.80130413454025984,0.68222106411121786,0.68593794759362936,0.75543729565106332,0.94998027384281158,0.10613868827931583,0.98006802564486861,0.80127149377949536,0.45031965058296919,0.47308068466372788,0.0031998178455978632,0.92458422714844346,0.3385634736623615,0.18979763658717275,0.57290200376883149,0.42593759135343134,0.25607985258102417,0.35851155966520309,0.40463989763520658,0.48055561515502632|11","A\ra0\ra1\raa\re<U+00E9>\re<U+00E8>\ra-1\ra_1\r2\r10\ra\rb\rc|13,13,14,15,16,17,18,18,17,16,15,19,19,14,20,20,21,22,22,23,23,21,1,14,15,16,17,18,2,3,4,5,19,6,7,20,8,21,22,9,23,10,11,12|0.23539179842919111,0.80798191134817898,0.80130413454025984,0.68222106411121786,0.68593794759362936,0.75543729565106332,0.94998027384281158,0.10613868827931583,0.98006802564486861,0.80127149377949536,0.45031965058296919,0.47308068466372788,0.0031998178455978632,0.92458422714844346,0.3385634736623615,0.18979763658717275,0.57290200376883149,0.42593759135343134,0.25607985258102417,0.35851155966520309,0.40463989763520658,0.48055561515502632|11",TRUE
"Delta","prepared","test=FALSE","matched_species",20260906,"C","English_United States.1252","RUN","RUN","12","12",0,0,TRUE,"ok","ok","simpleWarning/warning/condition","simpleWarning/warning/condition","","","12","12","A\ra0\ra1\raa\re<U+00E9>\re<U+00E8>\ra-1\ra_1\r2\r10\ra\rb\rc|13,13,14,15,16,17,18,18,17,16,15,19,19,14,20,20,21,22,22,23,23,21,1,14,15,16,17,18,2,3,4,5,19,6,7,20,8,21,22,9,23,10,11,12|0.23539179842919111,0.80798191134817898,0.80130413454025984,0.68222106411121786,0.68593794759362936,0.75543729565106332,0.94998027384281158,0.10613868827931583,0.98006802564486861,0.80127149377949536,0.45031965058296919,0.47308068466372788,0.0031998178455978632,0.92458422714844346,0.3385634736623615,0.18979763658717275,0.57290200376883149,0.42593759135343134,0.25607985258102417,0.35851155966520309,0.40463989763520658,0.48055561515502632|11","A\ra0\ra1\raa\re<U+00E9>\re<U+00E8>\ra-1\ra_1\r2\r10\ra\rb\rc|13,13,14,15,16,17,18,18,17,16,15,19,19,14,20,20,21,22,22,23,23,21,1,14,15,16,17,18,2,3,4,5,19,6,7,20,8,21,22,9,23,10,11,12|0.23539179842919111,0.80798191134817898,0.80130413454025984,0.68222106411121786,0.68593794759362936,0.75543729565106332,0.94998027384281158,0.10613868827931583,0.98006802564486861,0.80127149377949536,0.45031965058296919,0.47308068466372788,0.0031998178455978632,0.92458422714844346,0.3385634736623615,0.18979763658717275,0.57290200376883149,0.42593759135343134,0.25607985258102417,0.35851155966520309,0.40463989763520658,0.48055561515502632|11",TRUE
"Delta","prepared","test=FALSE","retained_species",20260906,"C","English_United States.1252","RUN","RUN","12","12",0,0,TRUE,"ok","ok","simpleWarning/warning/condition","simpleWarning/warning/condition","","","12","12","A\ra0\ra1\raa\re<U+00E9>\re<U+00E8>\ra-1\ra_1\r2\r10\ra\rb\rc|13,13,14,15,16,17,18,18,17,16,15,19,19,14,20,20,21,22,22,23,23,21,1,14,15,16,17,18,2,3,4,5,19,6,7,20,8,21,22,9,23,10,11,12|0.23539179842919111,0.80798191134817898,0.80130413454025984,0.68222106411121786,0.68593794759362936,0.75543729565106332,0.94998027384281158,0.10613868827931583,0.98006802564486861,0.80127149377949536,0.45031965058296919,0.47308068466372788,0.0031998178455978632,0.92458422714844346,0.3385634736623615,0.18979763658717275,0.57290200376883149,0.42593759135343134,0.25607985258102417,0.35851155966520309,0.40463989763520658,0.48055561515502632|11","A\ra0\ra1\raa\re<U+00E9>\re<U+00E8>\ra-1\ra_1\r2\r10\ra\rb\rc|13,13,14,15,16,17,18,18,17,16,15,19,19,14,20,20,21,22,22,23,23,21,1,14,15,16,17,18,2,3,4,5,19,6,7,20,8,21,22,9,23,10,11,12|0.23539179842919111,0.80798191134817898,0.80130413454025984,0.68222106411121786,0.68593794759362936,0.75543729565106332,0.94998027384281158,0.10613868827931583,0.98006802564486861,0.80127149377949536,0.45031965058296919,0.47308068466372788,0.0031998178455978632,0.92458422714844346,0.3385634736623615,0.18979763658717275,0.57290200376883149,0.42593759135343134,0.25607985258102417,0.35851155966520309,0.40463989763520658,0.48055561515502632|11",TRUE
"Delta","prepared","test=FALSE","status",20260906,"C","English_United States.1252","RUN","RUN","ok","ok",,,TRUE,"ok","ok","simpleWarning/warning/condition","simpleWarning/warning/condition","","","12","12","A\ra0\ra1\raa\re<U+00E9>\re<U+00E8>\ra-1\ra_1\r2\r10\ra\rb\rc|13,13,14,15,16,17,18,18,17,16,15,19,19,14,20,20,21,22,22,23,23,21,1,14,15,16,17,18,2,3,4,5,19,6,7,20,8,21,22,9,23,10,11,12|0.23539179842919111,0.80798191134817898,0.80130413454025984,0.68222106411121786,0.68593794759362936,0.75543729565106332,0.94998027384281158,0.10613868827931583,0.98006802564486861,0.80127149377949536,0.45031965058296919,0.47308068466372788,0.0031998178455978632,0.92458422714844346,0.3385634736623615,0.18979763658717275,0.57290200376883149,0.42593759135343134,0.25607985258102417,0.35851155966520309,0.40463989763520658,0.48055561515502632|11","A\ra0\ra1\raa\re<U+00E9>\re<U+00E8>\ra-1\ra_1\r2\r10\ra\rb\rc|13,13,14,15,16,17,18,18,17,16,15,19,19,14,20,20,21,22,22,23,23,21,1,14,15,16,17,18,2,3,4,5,19,6,7,20,8,21,22,9,23,10,11,12|0.23539179842919111,0.80798191134817898,0.80130413454025984,0.68222106411121786,0.68593794759362936,0.75543729565106332,0.94998027384281158,0.10613868827931583,0.98006802564486861,0.80127149377949536,0.45031965058296919,0.47308068466372788,0.0031998178455978632,0.92458422714844346,0.3385634736623615,0.18979763658717275,0.57290200376883149,0.42593759135343134,0.25607985258102417,0.35851155966520309,0.40463989763520658,0.48055561515502632|11",TRUE
"Delta","raw","test=TRUE","estimate",20260906,"C","English_United States.1252","RUN","RUN","0.089163852025665596","0.089163852025665596",0,0,TRUE,"ok","ok","simpleWarning/warning/condition","simpleWarning/warning/condition","","","12","12","A\ra0\ra1\raa\re<U+00E9>\re<U+00E8>\ra-1\ra_1\r2\r10\ra\rb\rc|13,13,14,15,16,17,18,18,17,16,15,19,19,14,20,20,21,22,22,23,23,21,1,14,15,16,17,18,2,3,4,5,19,6,7,20,8,21,22,9,23,10,11,12|0.23539179842919111,0.80798191134817898,0.80130413454025984,0.68222106411121786,0.68593794759362936,0.75543729565106332,0.94998027384281158,0.10613868827931583,0.98006802564486861,0.80127149377949536,0.45031965058296919,0.47308068466372788,0.0031998178455978632,0.92458422714844346,0.3385634736623615,0.18979763658717275,0.57290200376883149,0.42593759135343134,0.25607985258102417,0.35851155966520309,0.40463989763520658,0.48055561515502632|11","A\ra0\ra1\raa\re<U+00E9>\re<U+00E8>\ra-1\ra_1\r2\r10\ra\rb\rc|13,13,14,15,16,17,18,18,17,16,15,19,19,14,20,20,21,22,22,23,23,21,1,14,15,16,17,18,2,3,4,5,19,6,7,20,8,21,22,9,23,10,11,12|0.23539179842919111,0.80798191134817898,0.80130413454025984,0.68222106411121786,0.68593794759362936,0.75543729565106332,0.94998027384281158,0.10613868827931583,0.98006802564486861,0.80127149377949536,0.45031965058296919,0.47308068466372788,0.0031998178455978632,0.92458422714844346,0.3385634736623615,0.18979763658717275,0.57290200376883149,0.42593759135343134,0.25607985258102417,0.35851155966520309,0.40463989763520658,0.48055561515502632|11",TRUE
"Delta","raw","test=TRUE","P",20260906,"C","English_United States.1252","RUN","RUN","0.25","0.25",0,0,TRUE,"ok","ok","simpleWarning/warning/condition","simpleWarning/warning/condition","","","12","12","A\ra0\ra1\raa\re<U+00E9>\re<U+00E8>\ra-1\ra_1\r2\r10\ra\rb\rc|13,13,14,15,16,17,18,18,17,16,15,19,19,14,20,20,21,22,22,23,23,21,1,14,15,16,17,18,2,3,4,5,19,6,7,20,8,21,22,9,23,10,11,12|0.23539179842919111,0.80798191134817898,0.80130413454025984,0.68222106411121786,0.68593794759362936,0.75543729565106332,0.94998027384281158,0.10613868827931583,0.98006802564486861,0.80127149377949536,0.45031965058296919,0.47308068466372788,0.0031998178455978632,0.92458422714844346,0.3385634736623615,0.18979763658717275,0.57290200376883149,0.42593759135343134,0.25607985258102417,0.35851155966520309,0.40463989763520658,0.48055561515502632|11","A\ra0\ra1\raa\re<U+00E9>\re<U+00E8>\ra-1\ra_1\r2\r10\ra\rb\rc|13,13,14,15,16,17,18,18,17,16,15,19,19,14,20,20,21,22,22,23,23,21,1,14,15,16,17,18,2,3,4,5,19,6,7,20,8,21,22,9,23,10,11,12|0.23539179842919111,0.80798191134817898,0.80130413454025984,0.68222106411121786,0.68593794759362936,0.75543729565106332,0.94998027384281158,0.10613868827931583,0.98006802564486861,0.80127149377949536,0.45031965058296919,0.47308068466372788,0.0031998178455978632,0.92458422714844346,0.3385634736623615,0.18979763658717275,0.57290200376883149,0.42593759135343134,0.25607985258102417,0.35851155966520309,0.40463989763520658,0.48055561515502632|11",TRUE
"Delta","raw","test=TRUE","MCSE",20260906,"C","English_United States.1252","RUN","RUN","0.021241298743253301","0.021241298743253301",0,0,TRUE,"ok","ok","simpleWarning/warning/condition","simpleWarning/warning/condition","","","12","12","A\ra0\ra1\raa\re<U+00E9>\re<U+00E8>\ra-1\ra_1\r2\r10\ra\rb\rc|13,13,14,15,16,17,18,18,17,16,15,19,19,14,20,20,21,22,22,23,23,21,1,14,15,16,17,18,2,3,4,5,19,6,7,20,8,21,22,9,23,10,11,12|0.23539179842919111,0.80798191134817898,0.80130413454025984,0.68222106411121786,0.68593794759362936,0.75543729565106332,0.94998027384281158,0.10613868827931583,0.98006802564486861,0.80127149377949536,0.45031965058296919,0.47308068466372788,0.0031998178455978632,0.92458422714844346,0.3385634736623615,0.18979763658717275,0.57290200376883149,0.42593759135343134,0.25607985258102417,0.35851155966520309,0.40463989763520658,0.48055561515502632|11","A\ra0\ra1\raa\re<U+00E9>\re<U+00E8>\ra-1\ra_1\r2\r10\ra\rb\rc|13,13,14,15,16,17,18,18,17,16,15,19,19,14,20,20,21,22,22,23,23,21,1,14,15,16,17,18,2,3,4,5,19,6,7,20,8,21,22,9,23,10,11,12|0.23539179842919111,0.80798191134817898,0.80130413454025984,0.68222106411121786,0.68593794759362936,0.75543729565106332,0.94998027384281158,0.10613868827931583,0.98006802564486861,0.80127149377949536,0.45031965058296919,0.47308068466372788,0.0031998178455978632,0.92458422714844346,0.3385634736623615,0.18979763658717275,0.57290200376883149,0.42593759135343134,0.25607985258102417,0.35851155966520309,0.40463989763520658,0.48055561515502632|11",TRUE
"Delta","raw","test=TRUE","ESS_alpha",20260906,"C","English_United States.1252","RUN","RUN","20.90033635945862","20.90033635945862",0,0,TRUE,"ok","ok","simpleWarning/warning/condition","simpleWarning/warning/condition","","","12","12","A\ra0\ra1\raa\re<U+00E9>\re<U+00E8>\ra-1\ra_1\r2\r10\ra\rb\rc|13,13,14,15,16,17,18,18,17,16,15,19,19,14,20,20,21,22,22,23,23,21,1,14,15,16,17,18,2,3,4,5,19,6,7,20,8,21,22,9,23,10,11,12|0.23539179842919111,0.80798191134817898,0.80130413454025984,0.68222106411121786,0.68593794759362936,0.75543729565106332,0.94998027384281158,0.10613868827931583,0.98006802564486861,0.80127149377949536,0.45031965058296919,0.47308068466372788,0.0031998178455978632,0.92458422714844346,0.3385634736623615,0.18979763658717275,0.57290200376883149,0.42593759135343134,0.25607985258102417,0.35851155966520309,0.40463989763520658,0.48055561515502632|11","A\ra0\ra1\raa\re<U+00E9>\re<U+00E8>\ra-1\ra_1\r2\r10\ra\rb\rc|13,13,14,15,16,17,18,18,17,16,15,19,19,14,20,20,21,22,22,23,23,21,1,14,15,16,17,18,2,3,4,5,19,6,7,20,8,21,22,9,23,10,11,12|0.23539179842919111,0.80798191134817898,0.80130413454025984,0.68222106411121786,0.68593794759362936,0.75543729565106332,0.94998027384281158,0.10613868827931583,0.98006802564486861,0.80127149377949536,0.45031965058296919,0.47308068466372788,0.0031998178455978632,0.92458422714844346,0.3385634736623615,0.18979763658717275,0.57290200376883149,0.42593759135343134,0.25607985258102417,0.35851155966520309,0.40463989763520658,0.48055561515502632|11",TRUE
"Delta","raw","test=TRUE","ESS_beta",20260906,"C","English_United States.1252","RUN","RUN","24.573197863442822","24.573197863442822",0,0,TRUE,"ok","ok","simpleWarning/warning/condition","simpleWarning/warning/condition","","","12","12","A\ra0\ra1\raa\re<U+00E9>\re<U+00E8>\ra-1\ra_1\r2\r10\ra\rb\rc|13,13,14,15,16,17,18,18,17,16,15,19,19,14,20,20,21,22,22,23,23,21,1,14,15,16,17,18,2,3,4,5,19,6,7,20,8,21,22,9,23,10,11,12|0.23539179842919111,0.80798191134817898,0.80130413454025984,0.68222106411121786,0.68593794759362936,0.75543729565106332,0.94998027384281158,0.10613868827931583,0.98006802564486861,0.80127149377949536,0.45031965058296919,0.47308068466372788,0.0031998178455978632,0.92458422714844346,0.3385634736623615,0.18979763658717275,0.57290200376883149,0.42593759135343134,0.25607985258102417,0.35851155966520309,0.40463989763520658,0.48055561515502632|11","A\ra0\ra1\raa\re<U+00E9>\re<U+00E8>\ra-1\ra_1\r2\r10\ra\rb\rc|13,13,14,15,16,17,18,18,17,16,15,19,19,14,20,20,21,22,22,23,23,21,1,14,15,16,17,18,2,3,4,5,19,6,7,20,8,21,22,9,23,10,11,12|0.23539179842919111,0.80798191134817898,0.80130413454025984,0.68222106411121786,0.68593794759362936,0.75543729565106332,0.94998027384281158,0.10613868827931583,0.98006802564486861,0.80127149377949536,0.45031965058296919,0.47308068466372788,0.0031998178455978632,0.92458422714844346,0.3385634736623615,0.18979763658717275,0.57290200376883149,0.42593759135343134,0.25607985258102417,0.35851155966520309,0.40463989763520658,0.48055561515502632|11",TRUE
"Delta","raw","test=TRUE","Rhat_alpha",20260906,"C","English_United States.1252","RUN","RUN","1.0185527000303904","1.0185527000303904",0,0,TRUE,"ok","ok","simpleWarning/warning/condition","simpleWarning/warning/condition","","","12","12","A\ra0\ra1\raa\re<U+00E9>\re<U+00E8>\ra-1\ra_1\r2\r10\ra\rb\rc|13,13,14,15,16,17,18,18,17,16,15,19,19,14,20,20,21,22,22,23,23,21,1,14,15,16,17,18,2,3,4,5,19,6,7,20,8,21,22,9,23,10,11,12|0.23539179842919111,0.80798191134817898,0.80130413454025984,0.68222106411121786,0.68593794759362936,0.75543729565106332,0.94998027384281158,0.10613868827931583,0.98006802564486861,0.80127149377949536,0.45031965058296919,0.47308068466372788,0.0031998178455978632,0.92458422714844346,0.3385634736623615,0.18979763658717275,0.57290200376883149,0.42593759135343134,0.25607985258102417,0.35851155966520309,0.40463989763520658,0.48055561515502632|11","A\ra0\ra1\raa\re<U+00E9>\re<U+00E8>\ra-1\ra_1\r2\r10\ra\rb\rc|13,13,14,15,16,17,18,18,17,16,15,19,19,14,20,20,21,22,22,23,23,21,1,14,15,16,17,18,2,3,4,5,19,6,7,20,8,21,22,9,23,10,11,12|0.23539179842919111,0.80798191134817898,0.80130413454025984,0.68222106411121786,0.68593794759362936,0.75543729565106332,0.94998027384281158,0.10613868827931583,0.98006802564486861,0.80127149377949536,0.45031965058296919,0.47308068466372788,0.0031998178455978632,0.92458422714844346,0.3385634736623615,0.18979763658717275,0.57290200376883149,0.42593759135343134,0.25607985258102417,0.35851155966520309,0.40463989763520658,0.48055561515502632|11",TRUE
"Delta","raw","test=TRUE","Rhat_beta",20260906,"C","English_United States.1252","RUN","RUN","1.0998664137201133","1.0998664137201133",0,0,TRUE,"ok","ok","simpleWarning/warning/condition","simpleWarning/warning/condition","","","12","12","A\ra0\ra1\raa\re<U+00E9>\re<U+00E8>\ra-1\ra_1\r2\r10\ra\rb\rc|13,13,14,15,16,17,18,18,17,16,15,19,19,14,20,20,21,22,22,23,23,21,1,14,15,16,17,18,2,3,4,5,19,6,7,20,8,21,22,9,23,10,11,12|0.23539179842919111,0.80798191134817898,0.80130413454025984,0.68222106411121786,0.68593794759362936,0.75543729565106332,0.94998027384281158,0.10613868827931583,0.98006802564486861,0.80127149377949536,0.45031965058296919,0.47308068466372788,0.0031998178455978632,0.92458422714844346,0.3385634736623615,0.18979763658717275,0.57290200376883149,0.42593759135343134,0.25607985258102417,0.35851155966520309,0.40463989763520658,0.48055561515502632|11","A\ra0\ra1\raa\re<U+00E9>\re<U+00E8>\ra-1\ra_1\r2\r10\ra\rb\rc|13,13,14,15,16,17,18,18,17,16,15,19,19,14,20,20,21,22,22,23,23,21,1,14,15,16,17,18,2,3,4,5,19,6,7,20,8,21,22,9,23,10,11,12|0.23539179842919111,0.80798191134817898,0.80130413454025984,0.68222106411121786,0.68593794759362936,0.75543729565106332,0.94998027384281158,0.10613868827931583,0.98006802564486861,0.80127149377949536,0.45031965058296919,0.47308068466372788,0.0031998178455978632,0.92458422714844346,0.3385634736623615,0.18979763658717275,0.57290200376883149,0.42593759135343134,0.25607985258102417,0.35851155966520309,0.40463989763520658,0.48055561515502632|11",TRUE
"Delta","raw","test=TRUE","matched_species",20260906,"C","English_United States.1252","RUN","RUN","12","12",0,0,TRUE,"ok","ok","simpleWarning/warning/condition","simpleWarning/warning/condition","","","12","12","A\ra0\ra1\raa\re<U+00E9>\re<U+00E8>\ra-1\ra_1\r2\r10\ra\rb\rc|13,13,14,15,16,17,18,18,17,16,15,19,19,14,20,20,21,22,22,23,23,21,1,14,15,16,17,18,2,3,4,5,19,6,7,20,8,21,22,9,23,10,11,12|0.23539179842919111,0.80798191134817898,0.80130413454025984,0.68222106411121786,0.68593794759362936,0.75543729565106332,0.94998027384281158,0.10613868827931583,0.98006802564486861,0.80127149377949536,0.45031965058296919,0.47308068466372788,0.0031998178455978632,0.92458422714844346,0.3385634736623615,0.18979763658717275,0.57290200376883149,0.42593759135343134,0.25607985258102417,0.35851155966520309,0.40463989763520658,0.48055561515502632|11","A\ra0\ra1\raa\re<U+00E9>\re<U+00E8>\ra-1\ra_1\r2\r10\ra\rb\rc|13,13,14,15,16,17,18,18,17,16,15,19,19,14,20,20,21,22,22,23,23,21,1,14,15,16,17,18,2,3,4,5,19,6,7,20,8,21,22,9,23,10,11,12|0.23539179842919111,0.80798191134817898,0.80130413454025984,0.68222106411121786,0.68593794759362936,0.75543729565106332,0.94998027384281158,0.10613868827931583,0.98006802564486861,0.80127149377949536,0.45031965058296919,0.47308068466372788,0.0031998178455978632,0.92458422714844346,0.3385634736623615,0.18979763658717275,0.57290200376883149,0.42593759135343134,0.25607985258102417,0.35851155966520309,0.40463989763520658,0.48055561515502632|11",TRUE
"Delta","raw","test=TRUE","retained_species",20260906,"C","English_United States.1252","RUN","RUN","12","12",0,0,TRUE,"ok","ok","simpleWarning/warning/condition","simpleWarning/warning/condition","","","12","12","A\ra0\ra1\raa\re<U+00E9>\re<U+00E8>\ra-1\ra_1\r2\r10\ra\rb\rc|13,13,14,15,16,17,18,18,17,16,15,19,19,14,20,20,21,22,22,23,23,21,1,14,15,16,17,18,2,3,4,5,19,6,7,20,8,21,22,9,23,10,11,12|0.23539179842919111,0.80798191134817898,0.80130413454025984,0.68222106411121786,0.68593794759362936,0.75543729565106332,0.94998027384281158,0.10613868827931583,0.98006802564486861,0.80127149377949536,0.45031965058296919,0.47308068466372788,0.0031998178455978632,0.92458422714844346,0.3385634736623615,0.18979763658717275,0.57290200376883149,0.42593759135343134,0.25607985258102417,0.35851155966520309,0.40463989763520658,0.48055561515502632|11","A\ra0\ra1\raa\re<U+00E9>\re<U+00E8>\ra-1\ra_1\r2\r10\ra\rb\rc|13,13,14,15,16,17,18,18,17,16,15,19,19,14,20,20,21,22,22,23,23,21,1,14,15,16,17,18,2,3,4,5,19,6,7,20,8,21,22,9,23,10,11,12|0.23539179842919111,0.80798191134817898,0.80130413454025984,0.68222106411121786,0.68593794759362936,0.75543729565106332,0.94998027384281158,0.10613868827931583,0.98006802564486861,0.80127149377949536,0.45031965058296919,0.47308068466372788,0.0031998178455978632,0.92458422714844346,0.3385634736623615,0.18979763658717275,0.57290200376883149,0.42593759135343134,0.25607985258102417,0.35851155966520309,0.40463989763520658,0.48055561515502632|11",TRUE
"Delta","raw","test=TRUE","status",20260906,"C","English_United States.1252","RUN","RUN","ok","ok",,,TRUE,"ok","ok","simpleWarning/warning/condition","simpleWarning/warning/condition","","","12","12","A\ra0\ra1\raa\re<U+00E9>\re<U+00E8>\ra-1\ra_1\r2\r10\ra\rb\rc|13,13,14,15,16,17,18,18,17,16,15,19,19,14,20,20,21,22,22,23,23,21,1,14,15,16,17,18,2,3,4,5,19,6,7,20,8,21,22,9,23,10,11,12|0.23539179842919111,0.80798191134817898,0.80130413454025984,0.68222106411121786,0.68593794759362936,0.75543729565106332,0.94998027384281158,0.10613868827931583,0.98006802564486861,0.80127149377949536,0.45031965058296919,0.47308068466372788,0.0031998178455978632,0.92458422714844346,0.3385634736623615,0.18979763658717275,0.57290200376883149,0.42593759135343134,0.25607985258102417,0.35851155966520309,0.40463989763520658,0.48055561515502632|11","A\ra0\ra1\raa\re<U+00E9>\re<U+00E8>\ra-1\ra_1\r2\r10\ra\rb\rc|13,13,14,15,16,17,18,18,17,16,15,19,19,14,20,20,21,22,22,23,23,21,1,14,15,16,17,18,2,3,4,5,19,6,7,20,8,21,22,9,23,10,11,12|0.23539179842919111,0.80798191134817898,0.80130413454025984,0.68222106411121786,0.68593794759362936,0.75543729565106332,0.94998027384281158,0.10613868827931583,0.98006802564486861,0.80127149377949536,0.45031965058296919,0.47308068466372788,0.0031998178455978632,0.92458422714844346,0.3385634736623615,0.18979763658717275,0.57290200376883149,0.42593759135343134,0.25607985258102417,0.35851155966520309,0.40463989763520658,0.48055561515502632|11",TRUE
"Delta","prepared","test=TRUE","estimate",20260906,"C","English_United States.1252","RUN","RUN","0.089163852025665596","0.089163852025665596",0,0,TRUE,"ok","ok","simpleWarning/warning/condition","simpleWarning/warning/condition","","","12","12","A\ra0\ra1\raa\re<U+00E9>\re<U+00E8>\ra-1\ra_1\r2\r10\ra\rb\rc|13,13,14,15,16,17,18,18,17,16,15,19,19,14,20,20,21,22,22,23,23,21,1,14,15,16,17,18,2,3,4,5,19,6,7,20,8,21,22,9,23,10,11,12|0.23539179842919111,0.80798191134817898,0.80130413454025984,0.68222106411121786,0.68593794759362936,0.75543729565106332,0.94998027384281158,0.10613868827931583,0.98006802564486861,0.80127149377949536,0.45031965058296919,0.47308068466372788,0.0031998178455978632,0.92458422714844346,0.3385634736623615,0.18979763658717275,0.57290200376883149,0.42593759135343134,0.25607985258102417,0.35851155966520309,0.40463989763520658,0.48055561515502632|11","A\ra0\ra1\raa\re<U+00E9>\re<U+00E8>\ra-1\ra_1\r2\r10\ra\rb\rc|13,13,14,15,16,17,18,18,17,16,15,19,19,14,20,20,21,22,22,23,23,21,1,14,15,16,17,18,2,3,4,5,19,6,7,20,8,21,22,9,23,10,11,12|0.23539179842919111,0.80798191134817898,0.80130413454025984,0.68222106411121786,0.68593794759362936,0.75543729565106332,0.94998027384281158,0.10613868827931583,0.98006802564486861,0.80127149377949536,0.45031965058296919,0.47308068466372788,0.0031998178455978632,0.92458422714844346,0.3385634736623615,0.18979763658717275,0.57290200376883149,0.42593759135343134,0.25607985258102417,0.35851155966520309,0.40463989763520658,0.48055561515502632|11",TRUE
"Delta","prepared","test=TRUE","P",20260906,"C","English_United States.1252","RUN","RUN","0.25","0.25",0,0,TRUE,"ok","ok","simpleWarning/warning/condition","simpleWarning/warning/condition","","","12","12","A\ra0\ra1\raa\re<U+00E9>\re<U+00E8>\ra-1\ra_1\r2\r10\ra\rb\rc|13,13,14,15,16,17,18,18,17,16,15,19,19,14,20,20,21,22,22,23,23,21,1,14,15,16,17,18,2,3,4,5,19,6,7,20,8,21,22,9,23,10,11,12|0.23539179842919111,0.80798191134817898,0.80130413454025984,0.68222106411121786,0.68593794759362936,0.75543729565106332,0.94998027384281158,0.10613868827931583,0.98006802564486861,0.80127149377949536,0.45031965058296919,0.47308068466372788,0.0031998178455978632,0.92458422714844346,0.3385634736623615,0.18979763658717275,0.57290200376883149,0.42593759135343134,0.25607985258102417,0.35851155966520309,0.40463989763520658,0.48055561515502632|11","A\ra0\ra1\raa\re<U+00E9>\re<U+00E8>\ra-1\ra_1\r2\r10\ra\rb\rc|13,13,14,15,16,17,18,18,17,16,15,19,19,14,20,20,21,22,22,23,23,21,1,14,15,16,17,18,2,3,4,5,19,6,7,20,8,21,22,9,23,10,11,12|0.23539179842919111,0.80798191134817898,0.80130413454025984,0.68222106411121786,0.68593794759362936,0.75543729565106332,0.94998027384281158,0.10613868827931583,0.98006802564486861,0.80127149377949536,0.45031965058296919,0.47308068466372788,0.0031998178455978632,0.92458422714844346,0.3385634736623615,0.18979763658717275,0.57290200376883149,0.42593759135343134,0.25607985258102417,0.35851155966520309,0.40463989763520658,0.48055561515502632|11",TRUE
"Delta","prepared","test=TRUE","MCSE",20260906,"C","English_United States.1252","RUN","RUN","0.021241298743253301","0.021241298743253301",0,0,TRUE,"ok","ok","simpleWarning/warning/condition","simpleWarning/warning/condition","","","12","12","A\ra0\ra1\raa\re<U+00E9>\re<U+00E8>\ra-1\ra_1\r2\r10\ra\rb\rc|13,13,14,15,16,17,18,18,17,16,15,19,19,14,20,20,21,22,22,23,23,21,1,14,15,16,17,18,2,3,4,5,19,6,7,20,8,21,22,9,23,10,11,12|0.23539179842919111,0.80798191134817898,0.80130413454025984,0.68222106411121786,0.68593794759362936,0.75543729565106332,0.94998027384281158,0.10613868827931583,0.98006802564486861,0.80127149377949536,0.45031965058296919,0.47308068466372788,0.0031998178455978632,0.92458422714844346,0.3385634736623615,0.18979763658717275,0.57290200376883149,0.42593759135343134,0.25607985258102417,0.35851155966520309,0.40463989763520658,0.48055561515502632|11","A\ra0\ra1\raa\re<U+00E9>\re<U+00E8>\ra-1\ra_1\r2\r10\ra\rb\rc|13,13,14,15,16,17,18,18,17,16,15,19,19,14,20,20,21,22,22,23,23,21,1,14,15,16,17,18,2,3,4,5,19,6,7,20,8,21,22,9,23,10,11,12|0.23539179842919111,0.80798191134817898,0.80130413454025984,0.68222106411121786,0.68593794759362936,0.75543729565106332,0.94998027384281158,0.10613868827931583,0.98006802564486861,0.80127149377949536,0.45031965058296919,0.47308068466372788,0.0031998178455978632,0.92458422714844346,0.3385634736623615,0.18979763658717275,0.57290200376883149,0.42593759135343134,0.25607985258102417,0.35851155966520309,0.40463989763520658,0.48055561515502632|11",TRUE
"Delta","prepared","test=TRUE","ESS_alpha",20260906,"C","English_United States.1252","RUN","RUN","20.90033635945862","20.90033635945862",0,0,TRUE,"ok","ok","simpleWarning/warning/condition","simpleWarning/warning/condition","","","12","12","A\ra0\ra1\raa\re<U+00E9>\re<U+00E8>\ra-1\ra_1\r2\r10\ra\rb\rc|13,13,14,15,16,17,18,18,17,16,15,19,19,14,20,20,21,22,22,23,23,21,1,14,15,16,17,18,2,3,4,5,19,6,7,20,8,21,22,9,23,10,11,12|0.23539179842919111,0.80798191134817898,0.80130413454025984,0.68222106411121786,0.68593794759362936,0.75543729565106332,0.94998027384281158,0.10613868827931583,0.98006802564486861,0.80127149377949536,0.45031965058296919,0.47308068466372788,0.0031998178455978632,0.92458422714844346,0.3385634736623615,0.18979763658717275,0.57290200376883149,0.42593759135343134,0.25607985258102417,0.35851155966520309,0.40463989763520658,0.48055561515502632|11","A\ra0\ra1\raa\re<U+00E9>\re<U+00E8>\ra-1\ra_1\r2\r10\ra\rb\rc|13,13,14,15,16,17,18,18,17,16,15,19,19,14,20,20,21,22,22,23,23,21,1,14,15,16,17,18,2,3,4,5,19,6,7,20,8,21,22,9,23,10,11,12|0.23539179842919111,0.80798191134817898,0.80130413454025984,0.68222106411121786,0.68593794759362936,0.75543729565106332,0.94998027384281158,0.10613868827931583,0.98006802564486861,0.80127149377949536,0.45031965058296919,0.47308068466372788,0.0031998178455978632,0.92458422714844346,0.3385634736623615,0.18979763658717275,0.57290200376883149,0.42593759135343134,0.25607985258102417,0.35851155966520309,0.40463989763520658,0.48055561515502632|11",TRUE
"Delta","prepared","test=TRUE","ESS_beta",20260906,"C","English_United States.1252","RUN","RUN","24.573197863442822","24.573197863442822",0,0,TRUE,"ok","ok","simpleWarning/warning/condition","simpleWarning/warning/condition","","","12","12","A\ra0\ra1\raa\re<U+00E9>\re<U+00E8>\ra-1\ra_1\r2\r10\ra\rb\rc|13,13,14,15,16,17,18,18,17,16,15,19,19,14,20,20,21,22,22,23,23,21,1,14,15,16,17,18,2,3,4,5,19,6,7,20,8,21,22,9,23,10,11,12|0.23539179842919111,0.80798191134817898,0.80130413454025984,0.68222106411121786,0.68593794759362936,0.75543729565106332,0.94998027384281158,0.10613868827931583,0.98006802564486861,0.80127149377949536,0.45031965058296919,0.47308068466372788,0.0031998178455978632,0.92458422714844346,0.3385634736623615,0.18979763658717275,0.57290200376883149,0.42593759135343134,0.25607985258102417,0.35851155966520309,0.40463989763520658,0.48055561515502632|11","A\ra0\ra1\raa\re<U+00E9>\re<U+00E8>\ra-1\ra_1\r2\r10\ra\rb\rc|13,13,14,15,16,17,18,18,17,16,15,19,19,14,20,20,21,22,22,23,23,21,1,14,15,16,17,18,2,3,4,5,19,6,7,20,8,21,22,9,23,10,11,12|0.23539179842919111,0.80798191134817898,0.80130413454025984,0.68222106411121786,0.68593794759362936,0.75543729565106332,0.94998027384281158,0.10613868827931583,0.98006802564486861,0.80127149377949536,0.45031965058296919,0.47308068466372788,0.0031998178455978632,0.92458422714844346,0.3385634736623615,0.18979763658717275,0.57290200376883149,0.42593759135343134,0.25607985258102417,0.35851155966520309,0.40463989763520658,0.48055561515502632|11",TRUE
"Delta","prepared","test=TRUE","Rhat_alpha",20260906,"C","English_United States.1252","RUN","RUN","1.0185527000303904","1.0185527000303904",0,0,TRUE,"ok","ok","simpleWarning/warning/condition","simpleWarning/warning/condition","","","12","12","A\ra0\ra1\raa\re<U+00E9>\re<U+00E8>\ra-1\ra_1\r2\r10\ra\rb\rc|13,13,14,15,16,17,18,18,17,16,15,19,19,14,20,20,21,22,22,23,23,21,1,14,15,16,17,18,2,3,4,5,19,6,7,20,8,21,22,9,23,10,11,12|0.23539179842919111,0.80798191134817898,0.80130413454025984,0.68222106411121786,0.68593794759362936,0.75543729565106332,0.94998027384281158,0.10613868827931583,0.98006802564486861,0.80127149377949536,0.45031965058296919,0.47308068466372788,0.0031998178455978632,0.92458422714844346,0.3385634736623615,0.18979763658717275,0.57290200376883149,0.42593759135343134,0.25607985258102417,0.35851155966520309,0.40463989763520658,0.48055561515502632|11","A\ra0\ra1\raa\re<U+00E9>\re<U+00E8>\ra-1\ra_1\r2\r10\ra\rb\rc|13,13,14,15,16,17,18,18,17,16,15,19,19,14,20,20,21,22,22,23,23,21,1,14,15,16,17,18,2,3,4,5,19,6,7,20,8,21,22,9,23,10,11,12|0.23539179842919111,0.80798191134817898,0.80130413454025984,0.68222106411121786,0.68593794759362936,0.75543729565106332,0.94998027384281158,0.10613868827931583,0.98006802564486861,0.80127149377949536,0.45031965058296919,0.47308068466372788,0.0031998178455978632,0.92458422714844346,0.3385634736623615,0.18979763658717275,0.57290200376883149,0.42593759135343134,0.25607985258102417,0.35851155966520309,0.40463989763520658,0.48055561515502632|11",TRUE
"Delta","prepared","test=TRUE","Rhat_beta",20260906,"C","English_United States.1252","RUN","RUN","1.0998664137201133","1.0998664137201133",0,0,TRUE,"ok","ok","simpleWarning/warning/condition","simpleWarning/warning/condition","","","12","12","A\ra0\ra1\raa\re<U+00E9>\re<U+00E8>\ra-1\ra_1\r2\r10\ra\rb\rc|13,13,14,15,16,17,18,18,17,16,15,19,19,14,20,20,21,22,22,23,23,21,1,14,15,16,17,18,2,3,4,5,19,6,7,20,8,21,22,9,23,10,11,12|0.23539179842919111,0.80798191134817898,0.80130413454025984,0.68222106411121786,0.68593794759362936,0.75543729565106332,0.94998027384281158,0.10613868827931583,0.98006802564486861,0.80127149377949536,0.45031965058296919,0.47308068466372788,0.0031998178455978632,0.92458422714844346,0.3385634736623615,0.18979763658717275,0.57290200376883149,0.42593759135343134,0.25607985258102417,0.35851155966520309,0.40463989763520658,0.48055561515502632|11","A\ra0\ra1\raa\re<U+00E9>\re<U+00E8>\ra-1\ra_1\r2\r10\ra\rb\rc|13,13,14,15,16,17,18,18,17,16,15,19,19,14,20,20,21,22,22,23,23,21,1,14,15,16,17,18,2,3,4,5,19,6,7,20,8,21,22,9,23,10,11,12|0.23539179842919111,0.80798191134817898,0.80130413454025984,0.68222106411121786,0.68593794759362936,0.75543729565106332,0.94998027384281158,0.10613868827931583,0.98006802564486861,0.80127149377949536,0.45031965058296919,0.47308068466372788,0.0031998178455978632,0.92458422714844346,0.3385634736623615,0.18979763658717275,0.57290200376883149,0.42593759135343134,0.25607985258102417,0.35851155966520309,0.40463989763520658,0.48055561515502632|11",TRUE
"Delta","prepared","test=TRUE","matched_species",20260906,"C","English_United States.1252","RUN","RUN","12","12",0,0,TRUE,"ok","ok","simpleWarning/warning/condition","simpleWarning/warning/condition","","","12","12","A\ra0\ra1\raa\re<U+00E9>\re<U+00E8>\ra-1\ra_1\r2\r10\ra\rb\rc|13,13,14,15,16,17,18,18,17,16,15,19,19,14,20,20,21,22,22,23,23,21,1,14,15,16,17,18,2,3,4,5,19,6,7,20,8,21,22,9,23,10,11,12|0.23539179842919111,0.80798191134817898,0.80130413454025984,0.68222106411121786,0.68593794759362936,0.75543729565106332,0.94998027384281158,0.10613868827931583,0.98006802564486861,0.80127149377949536,0.45031965058296919,0.47308068466372788,0.0031998178455978632,0.92458422714844346,0.3385634736623615,0.18979763658717275,0.57290200376883149,0.42593759135343134,0.25607985258102417,0.35851155966520309,0.40463989763520658,0.48055561515502632|11","A\ra0\ra1\raa\re<U+00E9>\re<U+00E8>\ra-1\ra_1\r2\r10\ra\rb\rc|13,13,14,15,16,17,18,18,17,16,15,19,19,14,20,20,21,22,22,23,23,21,1,14,15,16,17,18,2,3,4,5,19,6,7,20,8,21,22,9,23,10,11,12|0.23539179842919111,0.80798191134817898,0.80130413454025984,0.68222106411121786,0.68593794759362936,0.75543729565106332,0.94998027384281158,0.10613868827931583,0.98006802564486861,0.80127149377949536,0.45031965058296919,0.47308068466372788,0.0031998178455978632,0.92458422714844346,0.3385634736623615,0.18979763658717275,0.57290200376883149,0.42593759135343134,0.25607985258102417,0.35851155966520309,0.40463989763520658,0.48055561515502632|11",TRUE
"Delta","prepared","test=TRUE","retained_species",20260906,"C","English_United States.1252","RUN","RUN","12","12",0,0,TRUE,"ok","ok","simpleWarning/warning/condition","simpleWarning/warning/condition","","","12","12","A\ra0\ra1\raa\re<U+00E9>\re<U+00E8>\ra-1\ra_1\r2\r10\ra\rb\rc|13,13,14,15,16,17,18,18,17,16,15,19,19,14,20,20,21,22,22,23,23,21,1,14,15,16,17,18,2,3,4,5,19,6,7,20,8,21,22,9,23,10,11,12|0.23539179842919111,0.80798191134817898,0.80130413454025984,0.68222106411121786,0.68593794759362936,0.75543729565106332,0.94998027384281158,0.10613868827931583,0.98006802564486861,0.80127149377949536,0.45031965058296919,0.47308068466372788,0.0031998178455978632,0.92458422714844346,0.3385634736623615,0.18979763658717275,0.57290200376883149,0.42593759135343134,0.25607985258102417,0.35851155966520309,0.40463989763520658,0.48055561515502632|11","A\ra0\ra1\raa\re<U+00E9>\re<U+00E8>\ra-1\ra_1\r2\r10\ra\rb\rc|13,13,14,15,16,17,18,18,17,16,15,19,19,14,20,20,21,22,22,23,23,21,1,14,15,16,17,18,2,3,4,5,19,6,7,20,8,21,22,9,23,10,11,12|0.23539179842919111,0.80798191134817898,0.80130413454025984,0.68222106411121786,0.68593794759362936,0.75543729565106332,0.94998027384281158,0.10613868827931583,0.98006802564486861,0.80127149377949536,0.45031965058296919,0.47308068466372788,0.0031998178455978632,0.92458422714844346,0.3385634736623615,0.18979763658717275,0.57290200376883149,0.42593759135343134,0.25607985258102417,0.35851155966520309,0.40463989763520658,0.48055561515502632|11",TRUE
"Delta","prepared","test=TRUE","status",20260906,"C","English_United States.1252","RUN","RUN","ok","ok",,,TRUE,"ok","ok","simpleWarning/warning/condition","simpleWarning/warning/condition","","","12","12","A\ra0\ra1\raa\re<U+00E9>\re<U+00E8>\ra-1\ra_1\r2\r10\ra\rb\rc|13,13,14,15,16,17,18,18,17,16,15,19,19,14,20,20,21,22,22,23,23,21,1,14,15,16,17,18,2,3,4,5,19,6,7,20,8,21,22,9,23,10,11,12|0.23539179842919111,0.80798191134817898,0.80130413454025984,0.68222106411121786,0.68593794759362936,0.75543729565106332,0.94998027384281158,0.10613868827931583,0.98006802564486861,0.80127149377949536,0.45031965058296919,0.47308068466372788,0.0031998178455978632,0.92458422714844346,0.3385634736623615,0.18979763658717275,0.57290200376883149,0.42593759135343134,0.25607985258102417,0.35851155966520309,0.40463989763520658,0.48055561515502632|11","A\ra0\ra1\raa\re<U+00E9>\re<U+00E8>\ra-1\ra_1\r2\r10\ra\rb\rc|13,13,14,15,16,17,18,18,17,16,15,19,19,14,20,20,21,22,22,23,23,21,1,14,15,16,17,18,2,3,4,5,19,6,7,20,8,21,22,9,23,10,11,12|0.23539179842919111,0.80798191134817898,0.80130413454025984,0.68222106411121786,0.68593794759362936,0.75543729565106332,0.94998027384281158,0.10613868827931583,0.98006802564486861,0.80127149377949536,0.45031965058296919,0.47308068466372788,0.0031998178455978632,0.92458422714844346,0.3385634736623615,0.18979763658717275,0.57290200376883149,0.42593759135343134,0.25607985258102417,0.35851155966520309,0.40463989763520658,0.48055561515502632|11",TRUE
"ACE","raw","CI=TRUE","logLik",20260906,"C","English_United States.1252","RUN","RUN","-12.084735176401292","-12.084735176401292",0,0,TRUE,"ok","ok","","","","",,,"A\ra0\ra1\raa\re<U+00E9>\re<U+00E8>\ra-1\ra_1\r2\r10\ra\rb\rc|13,13,14,15,16,17,18,18,17,16,15,19,19,14,20,20,21,22,22,23,23,21,1,14,15,16,17,18,2,3,4,5,19,6,7,20,8,21,22,9,23,10,11,12|0.23539179842919111,0.80798191134817898,0.80130413454025984,0.68222106411121786,0.68593794759362936,0.75543729565106332,0.94998027384281158,0.10613868827931583,0.98006802564486861,0.80127149377949536,0.45031965058296919,0.47308068466372788,0.0031998178455978632,0.92458422714844346,0.3385634736623615,0.18979763658717275,0.57290200376883149,0.42593759135343134,0.25607985258102417,0.35851155966520309,0.40463989763520658,0.48055561515502632|11","A\ra0\ra1\raa\re<U+00E9>\re<U+00E8>\ra-1\ra_1\r2\r10\ra\rb\rc|13,13,14,15,16,17,18,18,17,16,15,19,19,14,20,20,21,22,22,23,23,21,1,14,15,16,17,18,2,3,4,5,19,6,7,20,8,21,22,9,23,10,11,12|0.23539179842919111,0.80798191134817898,0.80130413454025984,0.68222106411121786,0.68593794759362936,0.75543729565106332,0.94998027384281158,0.10613868827931583,0.98006802564486861,0.80127149377949536,0.45031965058296919,0.47308068466372788,0.0031998178455978632,0.92458422714844346,0.3385634736623615,0.18979763658717275,0.57290200376883149,0.42593759135343134,0.25607985258102417,0.35851155966520309,0.40463989763520658,0.48055561515502632|11",
"ACE","raw","CI=TRUE","lik_anc",20260906,"C","English_United States.1252","RUN","RUN","0.333357696229369560,0.333333330216958712,0.333333333005476518,0.333333333333333204,0.333333195010585615,0.333333441860085566,0.330005631252658138,0.333333333333333204,0.333333333333332926,0.333333335216900561,0.913551831378123014,0.333321151885315192,0.333333330214710677,0.333333333115198638,0.333333333333333370,0.333333609978597456,0.333333290857652897,0.330005631252658305,0.333333333333333259,0.333333333333333814,0.333333332391549719,0.043224084232567225,0.333321151885315303,0.333333339568330611,0.333333333879324956,0.333333333333333481,0.333333195010816985,0.333333267282261481,0.339988737494683613,0.333333333333333592,0.333333333333333259,0.333333332391549775,0.043224084389309782","0.333357696229369560,0.333333330216958712,0.333333333005476518,0.333333333333333204,0.333333195010585615,0.333333441860085566,0.330005631252658138,0.333333333333333204,0.333333333333332926,0.333333335216900561,0.913551831378123014,0.333321151885315192,0.333333330214710677,0.333333333115198638,0.333333333333333370,0.333333609978597456,0.333333290857652897,0.330005631252658305,0.333333333333333259,0.333333333333333814,0.333333332391549719,0.043224084232567225,0.333321151885315303,0.333333339568330611,0.333333333879324956,0.333333333333333481,0.333333195010816985,0.333333267282261481,0.339988737494683613,0.333333333333333592,0.333333333333333259,0.333333332391549775,0.043224084389309782",0,0,TRUE,"ok","ok","","","","",,,"A\ra0\ra1\raa\re<U+00E9>\re<U+00E8>\ra-1\ra_1\r2\r10\ra\rb\rc|13,13,14,15,16,17,18,18,17,16,15,19,19,14,20,20,21,22,22,23,23,21,1,14,15,16,17,18,2,3,4,5,19,6,7,20,8,21,22,9,23,10,11,12|0.23539179842919111,0.80798191134817898,0.80130413454025984,0.68222106411121786,0.68593794759362936,0.75543729565106332,0.94998027384281158,0.10613868827931583,0.98006802564486861,0.80127149377949536,0.45031965058296919,0.47308068466372788,0.0031998178455978632,0.92458422714844346,0.3385634736623615,0.18979763658717275,0.57290200376883149,0.42593759135343134,0.25607985258102417,0.35851155966520309,0.40463989763520658,0.48055561515502632|11","A\ra0\ra1\raa\re<U+00E9>\re<U+00E8>\ra-1\ra_1\r2\r10\ra\rb\rc|13,13,14,15,16,17,18,18,17,16,15,19,19,14,20,20,21,22,22,23,23,21,1,14,15,16,17,18,2,3,4,5,19,6,7,20,8,21,22,9,23,10,11,12|0.23539179842919111,0.80798191134817898,0.80130413454025984,0.68222106411121786,0.68593794759362936,0.75543729565106332,0.94998027384281158,0.10613868827931583,0.98006802564486861,0.80127149377949536,0.45031965058296919,0.47308068466372788,0.0031998178455978632,0.92458422714844346,0.3385634736623615,0.18979763658717275,0.57290200376883149,0.42593759135343134,0.25607985258102417,0.35851155966520309,0.40463989763520658,0.48055561515502632|11",
"ACE","raw","CI=TRUE","rates",20260906,"C","English_United States.1252","RUN","RUN","14.468054533412596","14.468054533412596",0,0,TRUE,"ok","ok","","","","",,,"A\ra0\ra1\raa\re<U+00E9>\re<U+00E8>\ra-1\ra_1\r2\r10\ra\rb\rc|13,13,14,15,16,17,18,18,17,16,15,19,19,14,20,20,21,22,22,23,23,21,1,14,15,16,17,18,2,3,4,5,19,6,7,20,8,21,22,9,23,10,11,12|0.23539179842919111,0.80798191134817898,0.80130413454025984,0.68222106411121786,0.68593794759362936,0.75543729565106332,0.94998027384281158,0.10613868827931583,0.98006802564486861,0.80127149377949536,0.45031965058296919,0.47308068466372788,0.0031998178455978632,0.92458422714844346,0.3385634736623615,0.18979763658717275,0.57290200376883149,0.42593759135343134,0.25607985258102417,0.35851155966520309,0.40463989763520658,0.48055561515502632|11","A\ra0\ra1\raa\re<U+00E9>\re<U+00E8>\ra-1\ra_1\r2\r10\ra\rb\rc|13,13,14,15,16,17,18,18,17,16,15,19,19,14,20,20,21,22,22,23,23,21,1,14,15,16,17,18,2,3,4,5,19,6,7,20,8,21,22,9,23,10,11,12|0.23539179842919111,0.80798191134817898,0.80130413454025984,0.68222106411121786,0.68593794759362936,0.75543729565106332,0.94998027384281158,0.10613868827931583,0.98006802564486861,0.80127149377949536,0.45031965058296919,0.47308068466372788,0.0031998178455978632,0.92458422714844346,0.3385634736623615,0.18979763658717275,0.57290200376883149,0.42593759135343134,0.25607985258102417,0.35851155966520309,0.40463989763520658,0.48055561515502632|11",
"ACE","raw","CI=TRUE","se",20260906,"C","English_United States.1252","RUN","RUN","9174.4705933500391","9174.4705933500391",0,0,TRUE,"ok","ok","","","","",,,"A\ra0\ra1\raa\re<U+00E9>\re<U+00E8>\ra-1\ra_1\r2\r10\ra\rb\rc|13,13,14,15,16,17,18,18,17,16,15,19,19,14,20,20,21,22,22,23,23,21,1,14,15,16,17,18,2,3,4,5,19,6,7,20,8,21,22,9,23,10,11,12|0.23539179842919111,0.80798191134817898,0.80130413454025984,0.68222106411121786,0.68593794759362936,0.75543729565106332,0.94998027384281158,0.10613868827931583,0.98006802564486861,0.80127149377949536,0.45031965058296919,0.47308068466372788,0.0031998178455978632,0.92458422714844346,0.3385634736623615,0.18979763658717275,0.57290200376883149,0.42593759135343134,0.25607985258102417,0.35851155966520309,0.40463989763520658,0.48055561515502632|11","A\ra0\ra1\raa\re<U+00E9>\re<U+00E8>\ra-1\ra_1\r2\r10\ra\rb\rc|13,13,14,15,16,17,18,18,17,16,15,19,19,14,20,20,21,22,22,23,23,21,1,14,15,16,17,18,2,3,4,5,19,6,7,20,8,21,22,9,23,10,11,12|0.23539179842919111,0.80798191134817898,0.80130413454025984,0.68222106411121786,0.68593794759362936,0.75543729565106332,0.94998027384281158,0.10613868827931583,0.98006802564486861,0.80127149377949536,0.45031965058296919,0.47308068466372788,0.0031998178455978632,0.92458422714844346,0.3385634736623615,0.18979763658717275,0.57290200376883149,0.42593759135343134,0.25607985258102417,0.35851155966520309,0.40463989763520658,0.48055561515502632|11",
"ACE","raw","CI=TRUE","convergence",20260906,"C","English_United States.1252","RUN","RUN","0","0",0,0,TRUE,"ok","ok","","","","",,,"A\ra0\ra1\raa\re<U+00E9>\re<U+00E8>\ra-1\ra_1\r2\r10\ra\rb\rc|13,13,14,15,16,17,18,18,17,16,15,19,19,14,20,20,21,22,22,23,23,21,1,14,15,16,17,18,2,3,4,5,19,6,7,20,8,21,22,9,23,10,11,12|0.23539179842919111,0.80798191134817898,0.80130413454025984,0.68222106411121786,0.68593794759362936,0.75543729565106332,0.94998027384281158,0.10613868827931583,0.98006802564486861,0.80127149377949536,0.45031965058296919,0.47308068466372788,0.0031998178455978632,0.92458422714844346,0.3385634736623615,0.18979763658717275,0.57290200376883149,0.42593759135343134,0.25607985258102417,0.35851155966520309,0.40463989763520658,0.48055561515502632|11","A\ra0\ra1\raa\re<U+00E9>\re<U+00E8>\ra-1\ra_1\r2\r10\ra\rb\rc|13,13,14,15,16,17,18,18,17,16,15,19,19,14,20,20,21,22,22,23,23,21,1,14,15,16,17,18,2,3,4,5,19,6,7,20,8,21,22,9,23,10,11,12|0.23539179842919111,0.80798191134817898,0.80130413454025984,0.68222106411121786,0.68593794759362936,0.75543729565106332,0.94998027384281158,0.10613868827931583,0.98006802564486861,0.80127149377949536,0.45031965058296919,0.47308068466372788,0.0031998178455978632,0.92458422714844346,0.3385634736623615,0.18979763658717275,0.57290200376883149,0.42593759135343134,0.25607985258102417,0.35851155966520309,0.40463989763520658,0.48055561515502632|11",
"ACE","raw","CI=TRUE","message",20260906,"C","English_United States.1252","RUN","RUN","relative convergence (4)","relative convergence (4)",,,TRUE,"ok","ok","","","","",,,"A\ra0\ra1\raa\re<U+00E9>\re<U+00E8>\ra-1\ra_1\r2\r10\ra\rb\rc|13,13,14,15,16,17,18,18,17,16,15,19,19,14,20,20,21,22,22,23,23,21,1,14,15,16,17,18,2,3,4,5,19,6,7,20,8,21,22,9,23,10,11,12|0.23539179842919111,0.80798191134817898,0.80130413454025984,0.68222106411121786,0.68593794759362936,0.75543729565106332,0.94998027384281158,0.10613868827931583,0.98006802564486861,0.80127149377949536,0.45031965058296919,0.47308068466372788,0.0031998178455978632,0.92458422714844346,0.3385634736623615,0.18979763658717275,0.57290200376883149,0.42593759135343134,0.25607985258102417,0.35851155966520309,0.40463989763520658,0.48055561515502632|11","A\ra0\ra1\raa\re<U+00E9>\re<U+00E8>\ra-1\ra_1\r2\r10\ra\rb\rc|13,13,14,15,16,17,18,18,17,16,15,19,19,14,20,20,21,22,22,23,23,21,1,14,15,16,17,18,2,3,4,5,19,6,7,20,8,21,22,9,23,10,11,12|0.23539179842919111,0.80798191134817898,0.80130413454025984,0.68222106411121786,0.68593794759362936,0.75543729565106332,0.94998027384281158,0.10613868827931583,0.98006802564486861,0.80127149377949536,0.45031965058296919,0.47308068466372788,0.0031998178455978632,0.92458422714844346,0.3385634736623615,0.18979763658717275,0.57290200376883149,0.42593759135343134,0.25607985258102417,0.35851155966520309,0.40463989763520658,0.48055561515502632|11",
"ACE","prepared","CI=TRUE","logLik",20260906,"C","English_United States.1252","RUN","RUN","-12.084735176401292","-12.084735176401292",0,0,TRUE,"ok","ok","","","","",,,"A\ra0\ra1\raa\re<U+00E9>\re<U+00E8>\ra-1\ra_1\r2\r10\ra\rb\rc|13,13,14,15,16,17,18,18,17,16,15,19,19,14,20,20,21,22,22,23,23,21,1,14,15,16,17,18,2,3,4,5,19,6,7,20,8,21,22,9,23,10,11,12|0.23539179842919111,0.80798191134817898,0.80130413454025984,0.68222106411121786,0.68593794759362936,0.75543729565106332,0.94998027384281158,0.10613868827931583,0.98006802564486861,0.80127149377949536,0.45031965058296919,0.47308068466372788,0.0031998178455978632,0.92458422714844346,0.3385634736623615,0.18979763658717275,0.57290200376883149,0.42593759135343134,0.25607985258102417,0.35851155966520309,0.40463989763520658,0.48055561515502632|11","A\ra0\ra1\raa\re<U+00E9>\re<U+00E8>\ra-1\ra_1\r2\r10\ra\rb\rc|13,13,14,15,16,17,18,18,17,16,15,19,19,14,20,20,21,22,22,23,23,21,1,14,15,16,17,18,2,3,4,5,19,6,7,20,8,21,22,9,23,10,11,12|0.23539179842919111,0.80798191134817898,0.80130413454025984,0.68222106411121786,0.68593794759362936,0.75543729565106332,0.94998027384281158,0.10613868827931583,0.98006802564486861,0.80127149377949536,0.45031965058296919,0.47308068466372788,0.0031998178455978632,0.92458422714844346,0.3385634736623615,0.18979763658717275,0.57290200376883149,0.42593759135343134,0.25607985258102417,0.35851155966520309,0.40463989763520658,0.48055561515502632|11",
"ACE","prepared","CI=TRUE","lik_anc",20260906,"C","English_United States.1252","RUN","RUN","0.333357696229369560,0.333333330216958712,0.333333333005476518,0.333333333333333204,0.333333195010585615,0.333333441860085566,0.330005631252658138,0.333333333333333204,0.333333333333332926,0.333333335216900561,0.913551831378123014,0.333321151885315192,0.333333330214710677,0.333333333115198638,0.333333333333333370,0.333333609978597456,0.333333290857652897,0.330005631252658305,0.333333333333333259,0.333333333333333814,0.333333332391549719,0.043224084232567225,0.333321151885315303,0.333333339568330611,0.333333333879324956,0.333333333333333481,0.333333195010816985,0.333333267282261481,0.339988737494683613,0.333333333333333592,0.333333333333333259,0.333333332391549775,0.043224084389309782","0.333357696229369560,0.333333330216958712,0.333333333005476518,0.333333333333333204,0.333333195010585615,0.333333441860085566,0.330005631252658138,0.333333333333333204,0.333333333333332926,0.333333335216900561,0.913551831378123014,0.333321151885315192,0.333333330214710677,0.333333333115198638,0.333333333333333370,0.333333609978597456,0.333333290857652897,0.330005631252658305,0.333333333333333259,0.333333333333333814,0.333333332391549719,0.043224084232567225,0.333321151885315303,0.333333339568330611,0.333333333879324956,0.333333333333333481,0.333333195010816985,0.333333267282261481,0.339988737494683613,0.333333333333333592,0.333333333333333259,0.333333332391549775,0.043224084389309782",0,0,TRUE,"ok","ok","","","","",,,"A\ra0\ra1\raa\re<U+00E9>\re<U+00E8>\ra-1\ra_1\r2\r10\ra\rb\rc|13,13,14,15,16,17,18,18,17,16,15,19,19,14,20,20,21,22,22,23,23,21,1,14,15,16,17,18,2,3,4,5,19,6,7,20,8,21,22,9,23,10,11,12|0.23539179842919111,0.80798191134817898,0.80130413454025984,0.68222106411121786,0.68593794759362936,0.75543729565106332,0.94998027384281158,0.10613868827931583,0.98006802564486861,0.80127149377949536,0.45031965058296919,0.47308068466372788,0.0031998178455978632,0.92458422714844346,0.3385634736623615,0.18979763658717275,0.57290200376883149,0.42593759135343134,0.25607985258102417,0.35851155966520309,0.40463989763520658,0.48055561515502632|11","A\ra0\ra1\raa\re<U+00E9>\re<U+00E8>\ra-1\ra_1\r2\r10\ra\rb\rc|13,13,14,15,16,17,18,18,17,16,15,19,19,14,20,20,21,22,22,23,23,21,1,14,15,16,17,18,2,3,4,5,19,6,7,20,8,21,22,9,23,10,11,12|0.23539179842919111,0.80798191134817898,0.80130413454025984,0.68222106411121786,0.68593794759362936,0.75543729565106332,0.94998027384281158,0.10613868827931583,0.98006802564486861,0.80127149377949536,0.45031965058296919,0.47308068466372788,0.0031998178455978632,0.92458422714844346,0.3385634736623615,0.18979763658717275,0.57290200376883149,0.42593759135343134,0.25607985258102417,0.35851155966520309,0.40463989763520658,0.48055561515502632|11",
"ACE","prepared","CI=TRUE","rates",20260906,"C","English_United States.1252","RUN","RUN","14.468054533412596","14.468054533412596",0,0,TRUE,"ok","ok","","","","",,,"A\ra0\ra1\raa\re<U+00E9>\re<U+00E8>\ra-1\ra_1\r2\r10\ra\rb\rc|13,13,14,15,16,17,18,18,17,16,15,19,19,14,20,20,21,22,22,23,23,21,1,14,15,16,17,18,2,3,4,5,19,6,7,20,8,21,22,9,23,10,11,12|0.23539179842919111,0.80798191134817898,0.80130413454025984,0.68222106411121786,0.68593794759362936,0.75543729565106332,0.94998027384281158,0.10613868827931583,0.98006802564486861,0.80127149377949536,0.45031965058296919,0.47308068466372788,0.0031998178455978632,0.92458422714844346,0.3385634736623615,0.18979763658717275,0.57290200376883149,0.42593759135343134,0.25607985258102417,0.35851155966520309,0.40463989763520658,0.48055561515502632|11","A\ra0\ra1\raa\re<U+00E9>\re<U+00E8>\ra-1\ra_1\r2\r10\ra\rb\rc|13,13,14,15,16,17,18,18,17,16,15,19,19,14,20,20,21,22,22,23,23,21,1,14,15,16,17,18,2,3,4,5,19,6,7,20,8,21,22,9,23,10,11,12|0.23539179842919111,0.80798191134817898,0.80130413454025984,0.68222106411121786,0.68593794759362936,0.75543729565106332,0.94998027384281158,0.10613868827931583,0.98006802564486861,0.80127149377949536,0.45031965058296919,0.47308068466372788,0.0031998178455978632,0.92458422714844346,0.3385634736623615,0.18979763658717275,0.57290200376883149,0.42593759135343134,0.25607985258102417,0.35851155966520309,0.40463989763520658,0.48055561515502632|11",
"ACE","prepared","CI=TRUE","se",20260906,"C","English_United States.1252","RUN","RUN","9174.4705933500391","9174.4705933500391",0,0,TRUE,"ok","ok","","","","",,,"A\ra0\ra1\raa\re<U+00E9>\re<U+00E8>\ra-1\ra_1\r2\r10\ra\rb\rc|13,13,14,15,16,17,18,18,17,16,15,19,19,14,20,20,21,22,22,23,23,21,1,14,15,16,17,18,2,3,4,5,19,6,7,20,8,21,22,9,23,10,11,12|0.23539179842919111,0.80798191134817898,0.80130413454025984,0.68222106411121786,0.68593794759362936,0.75543729565106332,0.94998027384281158,0.10613868827931583,0.98006802564486861,0.80127149377949536,0.45031965058296919,0.47308068466372788,0.0031998178455978632,0.92458422714844346,0.3385634736623615,0.18979763658717275,0.57290200376883149,0.42593759135343134,0.25607985258102417,0.35851155966520309,0.40463989763520658,0.48055561515502632|11","A\ra0\ra1\raa\re<U+00E9>\re<U+00E8>\ra-1\ra_1\r2\r10\ra\rb\rc|13,13,14,15,16,17,18,18,17,16,15,19,19,14,20,20,21,22,22,23,23,21,1,14,15,16,17,18,2,3,4,5,19,6,7,20,8,21,22,9,23,10,11,12|0.23539179842919111,0.80798191134817898,0.80130413454025984,0.68222106411121786,0.68593794759362936,0.75543729565106332,0.94998027384281158,0.10613868827931583,0.98006802564486861,0.80127149377949536,0.45031965058296919,0.47308068466372788,0.0031998178455978632,0.92458422714844346,0.3385634736623615,0.18979763658717275,0.57290200376883149,0.42593759135343134,0.25607985258102417,0.35851155966520309,0.40463989763520658,0.48055561515502632|11",
"ACE","prepared","CI=TRUE","convergence",20260906,"C","English_United States.1252","RUN","RUN","0","0",0,0,TRUE,"ok","ok","","","","",,,"A\ra0\ra1\raa\re<U+00E9>\re<U+00E8>\ra-1\ra_1\r2\r10\ra\rb\rc|13,13,14,15,16,17,18,18,17,16,15,19,19,14,20,20,21,22,22,23,23,21,1,14,15,16,17,18,2,3,4,5,19,6,7,20,8,21,22,9,23,10,11,12|0.23539179842919111,0.80798191134817898,0.80130413454025984,0.68222106411121786,0.68593794759362936,0.75543729565106332,0.94998027384281158,0.10613868827931583,0.98006802564486861,0.80127149377949536,0.45031965058296919,0.47308068466372788,0.0031998178455978632,0.92458422714844346,0.3385634736623615,0.18979763658717275,0.57290200376883149,0.42593759135343134,0.25607985258102417,0.35851155966520309,0.40463989763520658,0.48055561515502632|11","A\ra0\ra1\raa\re<U+00E9>\re<U+00E8>\ra-1\ra_1\r2\r10\ra\rb\rc|13,13,14,15,16,17,18,18,17,16,15,19,19,14,20,20,21,22,22,23,23,21,1,14,15,16,17,18,2,3,4,5,19,6,7,20,8,21,22,9,23,10,11,12|0.23539179842919111,0.80798191134817898,0.80130413454025984,0.68222106411121786,0.68593794759362936,0.75543729565106332,0.94998027384281158,0.10613868827931583,0.98006802564486861,0.80127149377949536,0.45031965058296919,0.47308068466372788,0.0031998178455978632,0.92458422714844346,0.3385634736623615,0.18979763658717275,0.57290200376883149,0.42593759135343134,0.25607985258102417,0.35851155966520309,0.40463989763520658,0.48055561515502632|11",
"ACE","prepared","CI=TRUE","message",20260906,"C","English_United States.1252","RUN","RUN","relative convergence (4)","relative convergence (4)",,,TRUE,"ok","ok","","","","",,,"A\ra0\ra1\raa\re<U+00E9>\re<U+00E8>\ra-1\ra_1\r2\r10\ra\rb\rc|13,13,14,15,16,17,18,18,17,16,15,19,19,14,20,20,21,22,22,23,23,21,1,14,15,16,17,18,2,3,4,5,19,6,7,20,8,21,22,9,23,10,11,12|0.23539179842919111,0.80798191134817898,0.80130413454025984,0.68222106411121786,0.68593794759362936,0.75543729565106332,0.94998027384281158,0.10613868827931583,0.98006802564486861,0.80127149377949536,0.45031965058296919,0.47308068466372788,0.0031998178455978632,0.92458422714844346,0.3385634736623615,0.18979763658717275,0.57290200376883149,0.42593759135343134,0.25607985258102417,0.35851155966520309,0.40463989763520658,0.48055561515502632|11","A\ra0\ra1\raa\re<U+00E9>\re<U+00E8>\ra-1\ra_1\r2\r10\ra\rb\rc|13,13,14,15,16,17,18,18,17,16,15,19,19,14,20,20,21,22,22,23,23,21,1,14,15,16,17,18,2,3,4,5,19,6,7,20,8,21,22,9,23,10,11,12|0.23539179842919111,0.80798191134817898,0.80130413454025984,0.68222106411121786,0.68593794759362936,0.75543729565106332,0.94998027384281158,0.10613868827931583,0.98006802564486861,0.80127149377949536,0.45031965058296919,0.47308068466372788,0.0031998178455978632,0.92458422714844346,0.3385634736623615,0.18979763658717275,0.57290200376883149,0.42593759135343134,0.25607985258102417,0.35851155966520309,0.40463989763520658,0.48055561515502632|11",
