"method","workload","shape","n","route","repeat_id","position","nsim","ncores","elapsed_s","status","error_message","error_class","warning_text","statistic","resource_limit","estimated_dense_bytes","estimated_workload_bytes","estimated_cubic_work","resource_reason","P","traits","traits_per_sec","per_trait_s"
"K","batch","random",500,"raw_matrix",1,1,NA,1,0.0500000000000114,"ok","","","",0.337384097405548,FALSE,NA,NA,NA,"",NA,1,19.9999999999955,0.0500000000000114
"K","batch","random",500,"prepared_matrix",1,2,NA,1,0,"ok","","","",0.337384097405548,FALSE,NA,NA,NA,"",NA,1,NA,NA
"K","batch","random",500,"raw_column_loop",1,3,NA,1,0.0499999999999972,"ok","","","",NA,FALSE,NA,NA,NA,"",NA,1,20.0000000000011,0.0499999999999972
"K","batch","random",500,"prepared_column_loop",1,4,NA,1,0,"ok","","","",NA,FALSE,NA,NA,NA,"",NA,1,NA,NA
"K","batch","random",500,"reference_column_loop",1,5,NA,1,NA,"resource_limit","estimated repeated dense cubic work 125000000 (n=500, traits=1) exceeds batch-reference cap 100000000","resource_limit","",NA,TRUE,2e+06,2e+06,1.25e+08,"estimated repeated dense cubic work 125000000 (n=500, traits=1) exceeds batch-reference cap 100000000",NA,1,NA,NA
"K","batch","random",500,"reference_column_loop",2,1,NA,1,NA,"resource_limit","estimated repeated dense cubic work 125000000 (n=500, traits=1) exceeds batch-reference cap 100000000","resource_limit","",NA,TRUE,2e+06,2e+06,1.25e+08,"estimated repeated dense cubic work 125000000 (n=500, traits=1) exceeds batch-reference cap 100000000",NA,1,NA,NA
"K","batch","random",500,"prepared_column_loop",2,2,NA,1,0,"ok","","","",NA,FALSE,NA,NA,NA,"",NA,1,NA,NA
"K","batch","random",500,"raw_column_loop",2,3,NA,1,0.0499999999999972,"ok","","","",NA,FALSE,NA,NA,NA,"",NA,1,20.0000000000011,0.0499999999999972
"K","batch","random",500,"prepared_matrix",2,4,NA,1,0,"ok","","","",0.337384097405548,FALSE,NA,NA,NA,"",NA,1,NA,NA
"K","batch","random",500,"raw_matrix",2,5,NA,1,0.0499999999999972,"ok","","","",0.337384097405548,FALSE,NA,NA,NA,"",NA,1,20.0000000000011,0.0499999999999972
"K","batch","random",500,"raw_matrix",3,1,NA,1,0.0300000000000011,"ok","","","",0.337384097405548,FALSE,NA,NA,NA,"",NA,1,33.3333333333321,0.0300000000000011
"K","batch","random",500,"prepared_matrix",3,2,NA,1,0.00999999999999091,"ok","","","",0.337384097405548,FALSE,NA,NA,NA,"",NA,1,100.000000000091,0.00999999999999091
"K","batch","random",500,"raw_column_loop",3,3,NA,1,0.0300000000000011,"ok","","","",NA,FALSE,NA,NA,NA,"",NA,1,33.3333333333321,0.0300000000000011
"K","batch","random",500,"prepared_column_loop",3,4,NA,1,0,"ok","","","",NA,FALSE,NA,NA,NA,"",NA,1,NA,NA
"K","batch","random",500,"reference_column_loop",3,5,NA,1,NA,"resource_limit","estimated repeated dense cubic work 125000000 (n=500, traits=1) exceeds batch-reference cap 100000000","resource_limit","",NA,TRUE,2e+06,2e+06,1.25e+08,"estimated repeated dense cubic work 125000000 (n=500, traits=1) exceeds batch-reference cap 100000000",NA,1,NA,NA
"K","batch","random",500,"reference_column_loop",4,1,NA,1,NA,"resource_limit","estimated repeated dense cubic work 125000000 (n=500, traits=1) exceeds batch-reference cap 100000000","resource_limit","",NA,TRUE,2e+06,2e+06,1.25e+08,"estimated repeated dense cubic work 125000000 (n=500, traits=1) exceeds batch-reference cap 100000000",NA,1,NA,NA
"K","batch","random",500,"prepared_column_loop",4,2,NA,1,0.019999999999996,"ok","","","",NA,FALSE,NA,NA,NA,"",NA,1,50.0000000000099,0.019999999999996
"K","batch","random",500,"raw_column_loop",4,3,NA,1,0.0300000000000011,"ok","","","",NA,FALSE,NA,NA,NA,"",NA,1,33.3333333333321,0.0300000000000011
"K","batch","random",500,"prepared_matrix",4,4,NA,1,0.0300000000000011,"ok","","","",0.337384097405548,FALSE,NA,NA,NA,"",NA,1,33.3333333333321,0.0300000000000011
"K","batch","random",500,"raw_matrix",4,5,NA,1,0.0300000000000011,"ok","","","",0.337384097405548,FALSE,NA,NA,NA,"",NA,1,33.3333333333321,0.0300000000000011
"K","batch","random",500,"raw_matrix",5,1,NA,1,0.0499999999999972,"ok","","","",0.337384097405548,FALSE,NA,NA,NA,"",NA,1,20.0000000000011,0.0499999999999972
"K","batch","random",500,"prepared_matrix",5,2,NA,1,0.0100000000000051,"ok","","","",0.337384097405548,FALSE,NA,NA,NA,"",NA,1,99.9999999999488,0.0100000000000051
"K","batch","random",500,"raw_column_loop",5,3,NA,1,0.0299999999999869,"ok","","","",NA,FALSE,NA,NA,NA,"",NA,1,33.3333333333479,0.0299999999999869
"K","batch","random",500,"prepared_column_loop",5,4,NA,1,0.0200000000000102,"ok","","","",NA,FALSE,NA,NA,NA,"",NA,1,49.9999999999744,0.0200000000000102
"K","batch","random",500,"reference_column_loop",5,5,NA,1,NA,"resource_limit","estimated repeated dense cubic work 125000000 (n=500, traits=1) exceeds batch-reference cap 100000000","resource_limit","",NA,TRUE,2e+06,2e+06,1.25e+08,"estimated repeated dense cubic work 125000000 (n=500, traits=1) exceeds batch-reference cap 100000000",NA,1,NA,NA
"K","batch","random",500,"reference_column_loop",6,1,NA,1,NA,"resource_limit","estimated repeated dense cubic work 125000000 (n=500, traits=1) exceeds batch-reference cap 100000000","resource_limit","",NA,TRUE,2e+06,2e+06,1.25e+08,"estimated repeated dense cubic work 125000000 (n=500, traits=1) exceeds batch-reference cap 100000000",NA,1,NA,NA
"K","batch","random",500,"prepared_column_loop",6,2,NA,1,0.00999999999999091,"ok","","","",NA,FALSE,NA,NA,NA,"",NA,1,100.000000000091,0.00999999999999091
"K","batch","random",500,"raw_column_loop",6,3,NA,1,0.0400000000000063,"ok","","","",NA,FALSE,NA,NA,NA,"",NA,1,24.9999999999961,0.0400000000000063
"K","batch","random",500,"prepared_matrix",6,4,NA,1,0.0100000000000051,"ok","","","",0.337384097405548,FALSE,NA,NA,NA,"",NA,1,99.9999999999488,0.0100000000000051
"K","batch","random",500,"raw_matrix",6,5,NA,1,0.0499999999999972,"ok","","","",0.337384097405548,FALSE,NA,NA,NA,"",NA,1,20.0000000000011,0.0499999999999972
"K","batch","random",500,"raw_matrix",7,1,NA,1,0.0300000000000011,"ok","","","",0.337384097405548,FALSE,NA,NA,NA,"",NA,1,33.3333333333321,0.0300000000000011
"K","batch","random",500,"prepared_matrix",7,2,NA,1,0.019999999999996,"ok","","","",0.337384097405548,FALSE,NA,NA,NA,"",NA,1,50.0000000000099,0.019999999999996
"K","batch","random",500,"raw_column_loop",7,3,NA,1,0.0300000000000011,"ok","","","",NA,FALSE,NA,NA,NA,"",NA,1,33.3333333333321,0.0300000000000011
"K","batch","random",500,"prepared_column_loop",7,4,NA,1,0.0100000000000051,"ok","","","",NA,FALSE,NA,NA,NA,"",NA,1,99.9999999999488,0.0100000000000051
"K","batch","random",500,"reference_column_loop",7,5,NA,1,NA,"resource_limit","estimated repeated dense cubic work 125000000 (n=500, traits=1) exceeds batch-reference cap 100000000","resource_limit","",NA,TRUE,2e+06,2e+06,1.25e+08,"estimated repeated dense cubic work 125000000 (n=500, traits=1) exceeds batch-reference cap 100000000",NA,1,NA,NA
"K","batch","random",500,"reference_column_loop",8,1,NA,1,NA,"resource_limit","estimated repeated dense cubic work 125000000 (n=500, traits=1) exceeds batch-reference cap 100000000","resource_limit","",NA,TRUE,2e+06,2e+06,1.25e+08,"estimated repeated dense cubic work 125000000 (n=500, traits=1) exceeds batch-reference cap 100000000",NA,1,NA,NA
"K","batch","random",500,"prepared_column_loop",8,2,NA,1,0.019999999999996,"ok","","","",NA,FALSE,NA,NA,NA,"",NA,1,50.0000000000099,0.019999999999996
"K","batch","random",500,"raw_column_loop",8,3,NA,1,0.0300000000000011,"ok","","","",NA,FALSE,NA,NA,NA,"",NA,1,33.3333333333321,0.0300000000000011
"K","batch","random",500,"prepared_matrix",8,4,NA,1,0.00999999999999091,"ok","","","",0.337384097405548,FALSE,NA,NA,NA,"",NA,1,100.000000000091,0.00999999999999091
"K","batch","random",500,"raw_matrix",8,5,NA,1,0.0400000000000063,"ok","","","",0.337384097405548,FALSE,NA,NA,NA,"",NA,1,24.9999999999961,0.0400000000000063
"K","batch","random",500,"raw_matrix",9,1,NA,1,0.0400000000000063,"ok","","","",0.337384097405548,FALSE,NA,NA,NA,"",NA,1,24.9999999999961,0.0400000000000063
"K","batch","random",500,"prepared_matrix",9,2,NA,1,0,"ok","","","",0.337384097405548,FALSE,NA,NA,NA,"",NA,1,NA,NA
"K","batch","random",500,"raw_column_loop",9,3,NA,1,0.0499999999999972,"ok","","","",NA,FALSE,NA,NA,NA,"",NA,1,20.0000000000011,0.0499999999999972
"K","batch","random",500,"prepared_column_loop",9,4,NA,1,0,"ok","","","",NA,FALSE,NA,NA,NA,"",NA,1,NA,NA
"K","batch","random",500,"reference_column_loop",9,5,NA,1,NA,"resource_limit","estimated repeated dense cubic work 125000000 (n=500, traits=1) exceeds batch-reference cap 100000000","resource_limit","",NA,TRUE,2e+06,2e+06,1.25e+08,"estimated repeated dense cubic work 125000000 (n=500, traits=1) exceeds batch-reference cap 100000000",NA,1,NA,NA
"K","batch","random",500,"reference_column_loop",10,1,NA,1,NA,"resource_limit","estimated repeated dense cubic work 125000000 (n=500, traits=1) exceeds batch-reference cap 100000000","resource_limit","",NA,TRUE,2e+06,2e+06,1.25e+08,"estimated repeated dense cubic work 125000000 (n=500, traits=1) exceeds batch-reference cap 100000000",NA,1,NA,NA
"K","batch","random",500,"prepared_column_loop",10,2,NA,1,0,"ok","","","",NA,FALSE,NA,NA,NA,"",NA,1,NA,NA
"K","batch","random",500,"raw_column_loop",10,3,NA,1,0.0400000000000063,"ok","","","",NA,FALSE,NA,NA,NA,"",NA,1,24.9999999999961,0.0400000000000063
"K","batch","random",500,"prepared_matrix",10,4,NA,1,0,"ok","","","",0.337384097405548,FALSE,NA,NA,NA,"",NA,1,NA,NA
"K","batch","random",500,"raw_matrix",10,5,NA,1,0.0499999999999972,"ok","","","",0.337384097405548,FALSE,NA,NA,NA,"",NA,1,20.0000000000011,0.0499999999999972
"K","batch","random",500,"raw_matrix",1,1,NA,1,0.0300000000000011,"ok","","","",0.337384097405548,FALSE,NA,NA,NA,"",NA,8,266.666666666657,0.00375000000000014
"K","batch","random",500,"prepared_matrix",1,2,NA,1,0.019999999999996,"ok","","","",0.337384097405548,FALSE,NA,NA,NA,"",NA,8,400.00000000008,0.0024999999999995
"K","batch","random",500,"raw_column_loop",1,3,NA,1,0.310000000000002,"ok","","","",NA,FALSE,NA,NA,NA,"",NA,8,25.806451612903,0.0387500000000003
"K","batch","random",500,"prepared_column_loop",1,4,NA,1,0.0600000000000023,"ok","","","",NA,FALSE,NA,NA,NA,"",NA,8,133.333333333328,0.00750000000000028
"K","batch","random",500,"reference_column_loop",1,5,NA,1,NA,"resource_limit","estimated repeated dense cubic work 1000000000 (n=500, traits=8) exceeds batch-reference cap 100000000","resource_limit","",NA,TRUE,2e+06,1.6e+07,1e+09,"estimated repeated dense cubic work 1000000000 (n=500, traits=8) exceeds batch-reference cap 100000000",NA,8,NA,NA
"K","batch","random",500,"reference_column_loop",2,1,NA,1,NA,"resource_limit","estimated repeated dense cubic work 1000000000 (n=500, traits=8) exceeds batch-reference cap 100000000","resource_limit","",NA,TRUE,2e+06,1.6e+07,1e+09,"estimated repeated dense cubic work 1000000000 (n=500, traits=8) exceeds batch-reference cap 100000000",NA,8,NA,NA
"K","batch","random",500,"prepared_column_loop",2,2,NA,1,0.0699999999999932,"ok","","","",NA,FALSE,NA,NA,NA,"",NA,8,114.285714285725,0.00874999999999915
"K","batch","random",500,"raw_column_loop",2,3,NA,1,0.290000000000006,"ok","","","",NA,FALSE,NA,NA,NA,"",NA,8,27.5862068965511,0.0362500000000008
"K","batch","random",500,"prepared_matrix",2,4,NA,1,0,"ok","","","",0.337384097405548,FALSE,NA,NA,NA,"",NA,8,NA,NA
"K","batch","random",500,"raw_matrix",2,5,NA,1,0.039999999999992,"ok","","","",0.337384097405548,FALSE,NA,NA,NA,"",NA,8,200.00000000004,0.00499999999999901
"K","batch","random",500,"raw_matrix",3,1,NA,1,0.0400000000000063,"ok","","","",0.337384097405548,FALSE,NA,NA,NA,"",NA,8,199.999999999969,0.00500000000000078
"K","batch","random",500,"prepared_matrix",3,2,NA,1,0.0100000000000051,"ok","","","",0.337384097405548,FALSE,NA,NA,NA,"",NA,8,799.999999999591,0.00125000000000064
"K","batch","random",500,"raw_column_loop",3,3,NA,1,0.359999999999999,"ok","","","",NA,FALSE,NA,NA,NA,"",NA,8,22.2222222222223,0.0449999999999999
"K","batch","random",500,"prepared_column_loop",3,4,NA,1,0.0799999999999983,"ok","","","",NA,FALSE,NA,NA,NA,"",NA,8,100.000000000002,0.00999999999999979
"K","batch","random",500,"reference_column_loop",3,5,NA,1,NA,"resource_limit","estimated repeated dense cubic work 1000000000 (n=500, traits=8) exceeds batch-reference cap 100000000","resource_limit","",NA,TRUE,2e+06,1.6e+07,1e+09,"estimated repeated dense cubic work 1000000000 (n=500, traits=8) exceeds batch-reference cap 100000000",NA,8,NA,NA
"K","batch","random",500,"reference_column_loop",4,1,NA,1,NA,"resource_limit","estimated repeated dense cubic work 1000000000 (n=500, traits=8) exceeds batch-reference cap 100000000","resource_limit","",NA,TRUE,2e+06,1.6e+07,1e+09,"estimated repeated dense cubic work 1000000000 (n=500, traits=8) exceeds batch-reference cap 100000000",NA,8,NA,NA
"K","batch","random",500,"prepared_column_loop",4,2,NA,1,0.0900000000000034,"ok","","","",NA,FALSE,NA,NA,NA,"",NA,8,88.8888888888855,0.0112500000000004
"K","batch","random",500,"raw_column_loop",4,3,NA,1,0.509999999999991,"ok","","","",NA,FALSE,NA,NA,NA,"",NA,8,15.6862745098042,0.0637499999999989
"K","batch","random",500,"prepared_matrix",4,4,NA,1,0.0200000000000102,"ok","","","",0.337384097405548,FALSE,NA,NA,NA,"",NA,8,399.999999999795,0.00250000000000128
"K","batch","random",500,"raw_matrix",4,5,NA,1,0.0799999999999983,"ok","","","",0.337384097405548,FALSE,NA,NA,NA,"",NA,8,100.000000000002,0.00999999999999979
"K","batch","random",500,"raw_matrix",5,1,NA,1,0.0700000000000074,"ok","","","",0.337384097405548,FALSE,NA,NA,NA,"",NA,8,114.285714285702,0.00875000000000092
"K","batch","random",500,"prepared_matrix",5,2,NA,1,0.0100000000000051,"ok","","","",0.337384097405548,FALSE,NA,NA,NA,"",NA,8,799.999999999591,0.00125000000000064
"K","batch","random",500,"raw_column_loop",5,3,NA,1,0.530000000000001,"ok","","","",NA,FALSE,NA,NA,NA,"",NA,8,15.0943396226415,0.0662500000000001
"K","batch","random",500,"prepared_column_loop",5,4,NA,1,0.0699999999999932,"ok","","","",NA,FALSE,NA,NA,NA,"",NA,8,114.285714285725,0.00874999999999915
"K","batch","random",500,"reference_column_loop",5,5,NA,1,NA,"resource_limit","estimated repeated dense cubic work 1000000000 (n=500, traits=8) exceeds batch-reference cap 100000000","resource_limit","",NA,TRUE,2e+06,1.6e+07,1e+09,"estimated repeated dense cubic work 1000000000 (n=500, traits=8) exceeds batch-reference cap 100000000",NA,8,NA,NA
"K","batch","random",500,"reference_column_loop",6,1,NA,1,NA,"resource_limit","estimated repeated dense cubic work 1000000000 (n=500, traits=8) exceeds batch-reference cap 100000000","resource_limit","",NA,TRUE,2e+06,1.6e+07,1e+09,"estimated repeated dense cubic work 1000000000 (n=500, traits=8) exceeds batch-reference cap 100000000",NA,8,NA,NA
"K","batch","random",500,"prepared_column_loop",6,2,NA,1,0.0599999999999881,"ok","","","",NA,FALSE,NA,NA,NA,"",NA,8,133.33333333336,0.00749999999999851
"K","batch","random",500,"raw_column_loop",6,3,NA,1,0.410000000000011,"ok","","","",NA,FALSE,NA,NA,NA,"",NA,8,19.5121951219507,0.0512500000000014
"K","batch","random",500,"prepared_matrix",6,4,NA,1,0.019999999999996,"ok","","","",0.337384097405548,FALSE,NA,NA,NA,"",NA,8,400.00000000008,0.0024999999999995
"K","batch","random",500,"raw_matrix",6,5,NA,1,0.0600000000000023,"ok","","","",0.337384097405548,FALSE,NA,NA,NA,"",NA,8,133.333333333328,0.00750000000000028
"K","batch","random",500,"raw_matrix",7,1,NA,1,0.0500000000000114,"ok","","","",0.337384097405548,FALSE,NA,NA,NA,"",NA,8,159.999999999964,0.00625000000000142
"K","batch","random",500,"prepared_matrix",7,2,NA,1,0.019999999999996,"ok","","","",0.337384097405548,FALSE,NA,NA,NA,"",NA,8,400.00000000008,0.0024999999999995
"K","batch","random",500,"raw_column_loop",7,3,NA,1,0.359999999999999,"ok","","","",NA,FALSE,NA,NA,NA,"",NA,8,22.2222222222223,0.0449999999999999
"K","batch","random",500,"prepared_column_loop",7,4,NA,1,0.0999999999999943,"ok","","","",NA,FALSE,NA,NA,NA,"",NA,8,80.0000000000045,0.0124999999999993
"K","batch","random",500,"reference_column_loop",7,5,NA,1,NA,"resource_limit","estimated repeated dense cubic work 1000000000 (n=500, traits=8) exceeds batch-reference cap 100000000","resource_limit","",NA,TRUE,2e+06,1.6e+07,1e+09,"estimated repeated dense cubic work 1000000000 (n=500, traits=8) exceeds batch-reference cap 100000000",NA,8,NA,NA
"K","batch","random",500,"reference_column_loop",8,1,NA,1,NA,"resource_limit","estimated repeated dense cubic work 1000000000 (n=500, traits=8) exceeds batch-reference cap 100000000","resource_limit","",NA,TRUE,2e+06,1.6e+07,1e+09,"estimated repeated dense cubic work 1000000000 (n=500, traits=8) exceeds batch-reference cap 100000000",NA,8,NA,NA
"K","batch","random",500,"prepared_column_loop",8,2,NA,1,0.100000000000009,"ok","","","",NA,FALSE,NA,NA,NA,"",NA,8,79.9999999999932,0.0125000000000011
"K","batch","random",500,"raw_column_loop",8,3,NA,1,0.509999999999991,"ok","","","",NA,FALSE,NA,NA,NA,"",NA,8,15.6862745098042,0.0637499999999989
"K","batch","random",500,"prepared_matrix",8,4,NA,1,0.0200000000000102,"ok","","","",0.337384097405548,FALSE,NA,NA,NA,"",NA,8,399.999999999795,0.00250000000000128
"K","batch","random",500,"raw_matrix",8,5,NA,1,0.0499999999999972,"ok","","","",0.337384097405548,FALSE,NA,NA,NA,"",NA,8,160.000000000009,0.00624999999999964
"K","batch","random",500,"raw_matrix",9,1,NA,1,0.0300000000000011,"ok","","","",0.337384097405548,FALSE,NA,NA,NA,"",NA,8,266.666666666657,0.00375000000000014
"K","batch","random",500,"prepared_matrix",9,2,NA,1,0.00999999999999091,"ok","","","",0.337384097405548,FALSE,NA,NA,NA,"",NA,8,800.000000000728,0.00124999999999886
"K","batch","random",500,"raw_column_loop",9,3,NA,1,0.350000000000009,"ok","","","",NA,FALSE,NA,NA,NA,"",NA,8,22.8571428571423,0.0437500000000011
"K","batch","random",500,"prepared_column_loop",9,4,NA,1,0.0799999999999983,"ok","","","",NA,FALSE,NA,NA,NA,"",NA,8,100.000000000002,0.00999999999999979
"K","batch","random",500,"reference_column_loop",9,5,NA,1,NA,"resource_limit","estimated repeated dense cubic work 1000000000 (n=500, traits=8) exceeds batch-reference cap 100000000","resource_limit","",NA,TRUE,2e+06,1.6e+07,1e+09,"estimated repeated dense cubic work 1000000000 (n=500, traits=8) exceeds batch-reference cap 100000000",NA,8,NA,NA
"K","batch","random",500,"reference_column_loop",10,1,NA,1,NA,"resource_limit","estimated repeated dense cubic work 1000000000 (n=500, traits=8) exceeds batch-reference cap 100000000","resource_limit","",NA,TRUE,2e+06,1.6e+07,1e+09,"estimated repeated dense cubic work 1000000000 (n=500, traits=8) exceeds batch-reference cap 100000000",NA,8,NA,NA
"K","batch","random",500,"prepared_column_loop",10,2,NA,1,0.0600000000000023,"ok","","","",NA,FALSE,NA,NA,NA,"",NA,8,133.333333333328,0.00750000000000028
"K","batch","random",500,"raw_column_loop",10,3,NA,1,0.350000000000009,"ok","","","",NA,FALSE,NA,NA,NA,"",NA,8,22.8571428571423,0.0437500000000011
"K","batch","random",500,"prepared_matrix",10,4,NA,1,0.0100000000000051,"ok","","","",0.337384097405548,FALSE,NA,NA,NA,"",NA,8,799.999999999591,0.00125000000000064
"K","batch","random",500,"raw_matrix",10,5,NA,1,0.0499999999999972,"ok","","","",0.337384097405548,FALSE,NA,NA,NA,"",NA,8,160.000000000009,0.00624999999999964
"K","batch","random",500,"raw_matrix",1,1,NA,1,0.0600000000000023,"ok","","","",0.337384097405548,FALSE,NA,NA,NA,"",NA,32,533.333333333313,0.00187500000000007
"K","batch","random",500,"prepared_matrix",1,2,NA,1,0,"ok","","","",0.337384097405548,FALSE,NA,NA,NA,"",NA,32,NA,NA
"K","batch","random",500,"raw_column_loop",1,3,NA,1,1.39,"ok","","","",NA,FALSE,NA,NA,NA,"",NA,32,23.0215827338129,0.0434375
"K","batch","random",500,"prepared_column_loop",1,4,NA,1,0.340000000000003,"ok","","","",NA,FALSE,NA,NA,NA,"",NA,32,94.1176470588226,0.0106250000000001
"K","batch","random",500,"reference_column_loop",1,5,NA,1,NA,"resource_limit","estimated repeated dense cubic work 4000000000 (n=500, traits=32) exceeds batch-reference cap 100000000","resource_limit","",NA,TRUE,2e+06,6.4e+07,4e+09,"estimated repeated dense cubic work 4000000000 (n=500, traits=32) exceeds batch-reference cap 100000000",NA,32,NA,NA
"K","batch","random",500,"reference_column_loop",2,1,NA,1,NA,"resource_limit","estimated repeated dense cubic work 4000000000 (n=500, traits=32) exceeds batch-reference cap 100000000","resource_limit","",NA,TRUE,2e+06,6.4e+07,4e+09,"estimated repeated dense cubic work 4000000000 (n=500, traits=32) exceeds batch-reference cap 100000000",NA,32,NA,NA
"K","batch","random",500,"prepared_column_loop",2,2,NA,1,0.230000000000004,"ok","","","",NA,FALSE,NA,NA,NA,"",NA,32,139.130434782606,0.00718750000000012
"K","batch","random",500,"raw_column_loop",2,3,NA,1,1.33,"ok","","","",NA,FALSE,NA,NA,NA,"",NA,32,24.0601503759399,0.0415624999999999
"K","batch","random",500,"prepared_matrix",2,4,NA,1,0.019999999999996,"ok","","","",0.337384097405548,FALSE,NA,NA,NA,"",NA,32,1600.00000000032,0.000624999999999876
"K","batch","random",500,"raw_matrix",2,5,NA,1,0.0400000000000063,"ok","","","",0.337384097405548,FALSE,NA,NA,NA,"",NA,32,799.999999999875,0.0012500000000002
"K","batch","random",500,"raw_matrix",3,1,NA,1,0.0499999999999972,"ok","","","",0.337384097405548,FALSE,NA,NA,NA,"",NA,32,640.000000000036,0.00156249999999991
"K","batch","random",500,"prepared_matrix",3,2,NA,1,0.00999999999999091,"ok","","","",0.337384097405548,FALSE,NA,NA,NA,"",NA,32,3200.00000000291,0.000312499999999716
"K","batch","random",500,"raw_column_loop",3,3,NA,1,1.38000000000001,"ok","","","",NA,FALSE,NA,NA,NA,"",NA,32,23.1884057971013,0.0431250000000003
"K","batch","random",500,"prepared_column_loop",3,4,NA,1,0.280000000000001,"ok","","","",NA,FALSE,NA,NA,NA,"",NA,32,114.285714285714,0.00875000000000004
"K","batch","random",500,"reference_column_loop",3,5,NA,1,NA,"resource_limit","estimated repeated dense cubic work 4000000000 (n=500, traits=32) exceeds batch-reference cap 100000000","resource_limit","",NA,TRUE,2e+06,6.4e+07,4e+09,"estimated repeated dense cubic work 4000000000 (n=500, traits=32) exceeds batch-reference cap 100000000",NA,32,NA,NA
"K","batch","random",500,"reference_column_loop",4,1,NA,1,NA,"resource_limit","estimated repeated dense cubic work 4000000000 (n=500, traits=32) exceeds batch-reference cap 100000000","resource_limit","",NA,TRUE,2e+06,6.4e+07,4e+09,"estimated repeated dense cubic work 4000000000 (n=500, traits=32) exceeds batch-reference cap 100000000",NA,32,NA,NA
"K","batch","random",500,"prepared_column_loop",4,2,NA,1,0.269999999999996,"ok","","","",NA,FALSE,NA,NA,NA,"",NA,32,118.51851851852,0.00843749999999988
"K","batch","random",500,"raw_column_loop",4,3,NA,1,1.53,"ok","","","",NA,FALSE,NA,NA,NA,"",NA,32,20.9150326797385,0.0478125
"K","batch","random",500,"prepared_matrix",4,4,NA,1,0.00999999999999091,"ok","","","",0.337384097405548,FALSE,NA,NA,NA,"",NA,32,3200.00000000291,0.000312499999999716
"K","batch","random",500,"raw_matrix",4,5,NA,1,0.0500000000000114,"ok","","","",0.337384097405548,FALSE,NA,NA,NA,"",NA,32,639.999999999854,0.00156250000000036
"K","batch","random",500,"raw_matrix",5,1,NA,1,0.0300000000000011,"ok","","","",0.337384097405548,FALSE,NA,NA,NA,"",NA,32,1066.66666666663,0.000937500000000036
"K","batch","random",500,"prepared_matrix",5,2,NA,1,0.0100000000000051,"ok","","","",0.337384097405548,FALSE,NA,NA,NA,"",NA,32,3199.99999999836,0.00031250000000016
"K","batch","random",500,"raw_column_loop",5,3,NA,1,1.52999999999999,"ok","","","",NA,FALSE,NA,NA,NA,"",NA,32,20.9150326797387,0.0478124999999996
"K","batch","random",500,"prepared_column_loop",5,4,NA,1,0.300000000000011,"ok","","","",NA,FALSE,NA,NA,NA,"",NA,32,106.666666666663,0.00937500000000036
"K","batch","random",500,"reference_column_loop",5,5,NA,1,NA,"resource_limit","estimated repeated dense cubic work 4000000000 (n=500, traits=32) exceeds batch-reference cap 100000000","resource_limit","",NA,TRUE,2e+06,6.4e+07,4e+09,"estimated repeated dense cubic work 4000000000 (n=500, traits=32) exceeds batch-reference cap 100000000",NA,32,NA,NA
"K","batch","random",500,"reference_column_loop",6,1,NA,1,NA,"resource_limit","estimated repeated dense cubic work 4000000000 (n=500, traits=32) exceeds batch-reference cap 100000000","resource_limit","",NA,TRUE,2e+06,6.4e+07,4e+09,"estimated repeated dense cubic work 4000000000 (n=500, traits=32) exceeds batch-reference cap 100000000",NA,32,NA,NA
"K","batch","random",500,"prepared_column_loop",6,2,NA,1,0.469999999999999,"ok","","","",NA,FALSE,NA,NA,NA,"",NA,32,68.0851063829789,0.0146875
"K","batch","random",500,"raw_column_loop",6,3,NA,1,1.69,"ok","","","",NA,FALSE,NA,NA,NA,"",NA,32,18.9349112426036,0.0528124999999999
"K","batch","random",500,"prepared_matrix",6,4,NA,1,0.0100000000000051,"ok","","","",0.337384097405548,FALSE,NA,NA,NA,"",NA,32,3199.99999999836,0.00031250000000016
"K","batch","random",500,"raw_matrix",6,5,NA,1,0.0699999999999932,"ok","","","",0.337384097405548,FALSE,NA,NA,NA,"",NA,32,457.142857142902,0.00218749999999979
"K","batch","random",500,"raw_matrix",7,1,NA,1,0.0300000000000011,"ok","","","",0.337384097405548,FALSE,NA,NA,NA,"",NA,32,1066.66666666663,0.000937500000000036
"K","batch","random",500,"prepared_matrix",7,2,NA,1,0.0100000000000051,"ok","","","",0.337384097405548,FALSE,NA,NA,NA,"",NA,32,3199.99999999836,0.00031250000000016
"K","batch","random",500,"raw_column_loop",7,3,NA,1,1.55999999999999,"ok","","","",NA,FALSE,NA,NA,NA,"",NA,32,20.5128205128207,0.0487499999999996
"K","batch","random",500,"prepared_column_loop",7,4,NA,1,0.320000000000007,"ok","","","",NA,FALSE,NA,NA,NA,"",NA,32,99.9999999999977,0.0100000000000002
"K","batch","random",500,"reference_column_loop",7,5,NA,1,NA,"resource_limit","estimated repeated dense cubic work 4000000000 (n=500, traits=32) exceeds batch-reference cap 100000000","resource_limit","",NA,TRUE,2e+06,6.4e+07,4e+09,"estimated repeated dense cubic work 4000000000 (n=500, traits=32) exceeds batch-reference cap 100000000",NA,32,NA,NA
"K","batch","random",500,"reference_column_loop",8,1,NA,1,NA,"resource_limit","estimated repeated dense cubic work 4000000000 (n=500, traits=32) exceeds batch-reference cap 100000000","resource_limit","",NA,TRUE,2e+06,6.4e+07,4e+09,"estimated repeated dense cubic work 4000000000 (n=500, traits=32) exceeds batch-reference cap 100000000",NA,32,NA,NA
"K","batch","random",500,"prepared_column_loop",8,2,NA,1,0.279999999999987,"ok","","","",NA,FALSE,NA,NA,NA,"",NA,32,114.28571428572,0.00874999999999959
"K","batch","random",500,"raw_column_loop",8,3,NA,1,1.27000000000001,"ok","","","",NA,FALSE,NA,NA,NA,"",NA,32,25.1968503937006,0.0396875000000003
"K","batch","random",500,"prepared_matrix",8,4,NA,1,0,"ok","","","",0.337384097405548,FALSE,NA,NA,NA,"",NA,32,NA,NA
"K","batch","random",500,"raw_matrix",8,5,NA,1,0.0499999999999972,"ok","","","",0.337384097405548,FALSE,NA,NA,NA,"",NA,32,640.000000000036,0.00156249999999991
"K","batch","random",500,"raw_matrix",9,1,NA,1,0.039999999999992,"ok","","","",0.337384097405548,FALSE,NA,NA,NA,"",NA,32,800.000000000159,0.00124999999999975
"K","batch","random",500,"prepared_matrix",9,2,NA,1,0,"ok","","","",0.337384097405548,FALSE,NA,NA,NA,"",NA,32,NA,NA
"K","batch","random",500,"raw_column_loop",9,3,NA,1,1.22999999999999,"ok","","","",NA,FALSE,NA,NA,NA,"",NA,32,26.0162601626018,0.0384374999999997
"K","batch","random",500,"prepared_column_loop",9,4,NA,1,0.25,"ok","","","",NA,FALSE,NA,NA,NA,"",NA,32,128,0.0078125
"K","batch","random",500,"reference_column_loop",9,5,NA,1,NA,"resource_limit","estimated repeated dense cubic work 4000000000 (n=500, traits=32) exceeds batch-reference cap 100000000","resource_limit","",NA,TRUE,2e+06,6.4e+07,4e+09,"estimated repeated dense cubic work 4000000000 (n=500, traits=32) exceeds batch-reference cap 100000000",NA,32,NA,NA
"K","batch","random",500,"reference_column_loop",10,1,NA,1,NA,"resource_limit","estimated repeated dense cubic work 4000000000 (n=500, traits=32) exceeds batch-reference cap 100000000","resource_limit","",NA,TRUE,2e+06,6.4e+07,4e+09,"estimated repeated dense cubic work 4000000000 (n=500, traits=32) exceeds batch-reference cap 100000000",NA,32,NA,NA
"K","batch","random",500,"prepared_column_loop",10,2,NA,1,0.25,"ok","","","",NA,FALSE,NA,NA,NA,"",NA,32,128,0.0078125
"K","batch","random",500,"raw_column_loop",10,3,NA,1,1.30000000000001,"ok","","","",NA,FALSE,NA,NA,NA,"",NA,32,24.6153846153844,0.0406250000000004
"K","batch","random",500,"prepared_matrix",10,4,NA,1,0.019999999999996,"ok","","","",0.337384097405548,FALSE,NA,NA,NA,"",NA,32,1600.00000000032,0.000624999999999876
"K","batch","random",500,"raw_matrix",10,5,NA,1,0.0300000000000011,"ok","","","",0.337384097405548,FALSE,NA,NA,NA,"",NA,32,1066.66666666663,0.000937500000000036
"K","batch","random",500,"raw_matrix",1,1,NA,1,0.039999999999992,"ok","","","",0.337384097405548,FALSE,NA,NA,NA,"",NA,100,2500.0000000005,0.00039999999999992
"K","batch","random",500,"prepared_matrix",1,2,NA,1,0.0200000000000102,"ok","","","",0.337384097405548,FALSE,NA,NA,NA,"",NA,100,4999.99999999744,0.000200000000000102
"K","batch","random",500,"raw_column_loop",1,3,NA,1,4.09,"ok","","","",NA,FALSE,NA,NA,NA,"",NA,100,24.4498777506112,0.0409
"K","batch","random",500,"prepared_column_loop",1,4,NA,1,0.889999999999986,"ok","","","",NA,FALSE,NA,NA,NA,"",NA,100,112.359550561799,0.00889999999999986
"K","batch","random",500,"reference_column_loop",1,5,NA,1,NA,"resource_limit","estimated repeated dense cubic work 12500000000 (n=500, traits=100) exceeds batch-reference cap 100000000","resource_limit","",NA,TRUE,2e+06,2e+08,1.25e+10,"estimated repeated dense cubic work 12500000000 (n=500, traits=100) exceeds batch-reference cap 100000000",NA,100,NA,NA
"K","batch","random",500,"reference_column_loop",2,1,NA,1,NA,"resource_limit","estimated repeated dense cubic work 12500000000 (n=500, traits=100) exceeds batch-reference cap 100000000","resource_limit","",NA,TRUE,2e+06,2e+08,1.25e+10,"estimated repeated dense cubic work 12500000000 (n=500, traits=100) exceeds batch-reference cap 100000000",NA,100,NA,NA
"K","batch","random",500,"prepared_column_loop",2,2,NA,1,1.34999999999999,"ok","","","",NA,FALSE,NA,NA,NA,"",NA,100,74.0740740740744,0.0134999999999999
"K","batch","random",500,"raw_column_loop",2,3,NA,1,4.79999999999998,"ok","","","",NA,FALSE,NA,NA,NA,"",NA,100,20.8333333333334,0.0479999999999998
"K","batch","random",500,"prepared_matrix",2,4,NA,1,0.0300000000000011,"ok","","","",0.337384097405548,FALSE,NA,NA,NA,"",NA,100,3333.33333333321,0.000300000000000011
"K","batch","random",500,"raw_matrix",2,5,NA,1,0.0500000000000114,"ok","","","",0.337384097405548,FALSE,NA,NA,NA,"",NA,100,1999.99999999955,0.000500000000000114
"K","batch","random",500,"raw_matrix",3,1,NA,1,0.039999999999992,"ok","","","",0.337384097405548,FALSE,NA,NA,NA,"",NA,100,2500.0000000005,0.00039999999999992
"K","batch","random",500,"prepared_matrix",3,2,NA,1,0.0200000000000102,"ok","","","",0.337384097405548,FALSE,NA,NA,NA,"",NA,100,4999.99999999744,0.000200000000000102
"K","batch","random",500,"raw_column_loop",3,3,NA,1,4.63,"ok","","","",NA,FALSE,NA,NA,NA,"",NA,100,21.598272138229,0.0463
"K","batch","random",500,"prepared_column_loop",3,4,NA,1,0.810000000000002,"ok","","","",NA,FALSE,NA,NA,NA,"",NA,100,123.456790123456,0.00810000000000002
"K","batch","random",500,"reference_column_loop",3,5,NA,1,NA,"resource_limit","estimated repeated dense cubic work 12500000000 (n=500, traits=100) exceeds batch-reference cap 100000000","resource_limit","",NA,TRUE,2e+06,2e+08,1.25e+10,"estimated repeated dense cubic work 12500000000 (n=500, traits=100) exceeds batch-reference cap 100000000",NA,100,NA,NA
"K","batch","random",500,"reference_column_loop",4,1,NA,1,NA,"resource_limit","estimated repeated dense cubic work 12500000000 (n=500, traits=100) exceeds batch-reference cap 100000000","resource_limit","",NA,TRUE,2e+06,2e+08,1.25e+10,"estimated repeated dense cubic work 12500000000 (n=500, traits=100) exceeds batch-reference cap 100000000",NA,100,NA,NA
"K","batch","random",500,"prepared_column_loop",4,2,NA,1,0.860000000000014,"ok","","","",NA,FALSE,NA,NA,NA,"",NA,100,116.27906976744,0.00860000000000014
"K","batch","random",500,"raw_column_loop",4,3,NA,1,4.26999999999998,"ok","","","",NA,FALSE,NA,NA,NA,"",NA,100,23.4192037470727,0.0426999999999998
"K","batch","random",500,"prepared_matrix",4,4,NA,1,0.0100000000000193,"ok","","","",0.337384097405548,FALSE,NA,NA,NA,"",NA,100,9999.99999998067,0.000100000000000193
"K","batch","random",500,"raw_matrix",4,5,NA,1,0.039999999999992,"ok","","","",0.337384097405548,FALSE,NA,NA,NA,"",NA,100,2500.0000000005,0.00039999999999992
"K","batch","random",500,"raw_matrix",5,1,NA,1,0.0500000000000114,"ok","","","",0.337384097405548,FALSE,NA,NA,NA,"",NA,100,1999.99999999955,0.000500000000000114
"K","batch","random",500,"prepared_matrix",5,2,NA,1,0.00999999999999091,"ok","","","",0.337384097405548,FALSE,NA,NA,NA,"",NA,100,10000.0000000091,9.99999999999091e-05
"K","batch","random",500,"raw_column_loop",5,3,NA,1,4.08000000000001,"ok","","","",NA,FALSE,NA,NA,NA,"",NA,100,24.5098039215686,0.0408000000000001
"K","batch","random",500,"prepared_column_loop",5,4,NA,1,0.769999999999982,"ok","","","",NA,FALSE,NA,NA,NA,"",NA,100,129.870129870133,0.00769999999999982
"K","batch","random",500,"reference_column_loop",5,5,NA,1,NA,"resource_limit","estimated repeated dense cubic work 12500000000 (n=500, traits=100) exceeds batch-reference cap 100000000","resource_limit","",NA,TRUE,2e+06,2e+08,1.25e+10,"estimated repeated dense cubic work 12500000000 (n=500, traits=100) exceeds batch-reference cap 100000000",NA,100,NA,NA
"K","batch","random",500,"reference_column_loop",6,1,NA,1,NA,"resource_limit","estimated repeated dense cubic work 12500000000 (n=500, traits=100) exceeds batch-reference cap 100000000","resource_limit","",NA,TRUE,2e+06,2e+08,1.25e+10,"estimated repeated dense cubic work 12500000000 (n=500, traits=100) exceeds batch-reference cap 100000000",NA,100,NA,NA
"K","batch","random",500,"prepared_column_loop",6,2,NA,1,0.780000000000001,"ok","","","",NA,FALSE,NA,NA,NA,"",NA,100,128.205128205128,0.00780000000000001
"K","batch","random",500,"raw_column_loop",6,3,NA,1,4.31,"ok","","","",NA,FALSE,NA,NA,NA,"",NA,100,23.2018561484919,0.0431
"K","batch","random",500,"prepared_matrix",6,4,NA,1,0.0200000000000102,"ok","","","",0.337384097405548,FALSE,NA,NA,NA,"",NA,100,4999.99999999744,0.000200000000000102
"K","batch","random",500,"raw_matrix",6,5,NA,1,0.039999999999992,"ok","","","",0.337384097405548,FALSE,NA,NA,NA,"",NA,100,2500.0000000005,0.00039999999999992
"K","batch","random",500,"raw_matrix",7,1,NA,1,0.0500000000000114,"ok","","","",0.337384097405548,FALSE,NA,NA,NA,"",NA,100,1999.99999999955,0.000500000000000114
"K","batch","random",500,"prepared_matrix",7,2,NA,1,0.0199999999999818,"ok","","","",0.337384097405548,FALSE,NA,NA,NA,"",NA,100,5000.00000000455,0.000199999999999818
"K","batch","random",500,"raw_column_loop",7,3,NA,1,4.31,"ok","","","",NA,FALSE,NA,NA,NA,"",NA,100,23.2018561484919,0.0431
"K","batch","random",500,"prepared_column_loop",7,4,NA,1,0.830000000000013,"ok","","","",NA,FALSE,NA,NA,NA,"",NA,100,120.481927710842,0.00830000000000012
"K","batch","random",500,"reference_column_loop",7,5,NA,1,NA,"resource_limit","estimated repeated dense cubic work 12500000000 (n=500, traits=100) exceeds batch-reference cap 100000000","resource_limit","",NA,TRUE,2e+06,2e+08,1.25e+10,"estimated repeated dense cubic work 12500000000 (n=500, traits=100) exceeds batch-reference cap 100000000",NA,100,NA,NA
"K","batch","random",500,"reference_column_loop",8,1,NA,1,NA,"resource_limit","estimated repeated dense cubic work 12500000000 (n=500, traits=100) exceeds batch-reference cap 100000000","resource_limit","",NA,TRUE,2e+06,2e+08,1.25e+10,"estimated repeated dense cubic work 12500000000 (n=500, traits=100) exceeds batch-reference cap 100000000",NA,100,NA,NA
"K","batch","random",500,"prepared_column_loop",8,2,NA,1,0.859999999999985,"ok","","","",NA,FALSE,NA,NA,NA,"",NA,100,116.279069767444,0.00859999999999985
"K","batch","random",500,"raw_column_loop",8,3,NA,1,4.25,"ok","","","",NA,FALSE,NA,NA,NA,"",NA,100,23.5294117647059,0.0425
"K","batch","random",500,"prepared_matrix",8,4,NA,1,0.0199999999999818,"ok","","","",0.337384097405548,FALSE,NA,NA,NA,"",NA,100,5000.00000000455,0.000199999999999818
"K","batch","random",500,"raw_matrix",8,5,NA,1,0.0400000000000205,"ok","","","",0.337384097405548,FALSE,NA,NA,NA,"",NA,100,2499.99999999872,0.000400000000000205
"K","batch","random",500,"raw_matrix",9,1,NA,1,0.0300000000000011,"ok","","","",0.337384097405548,FALSE,NA,NA,NA,"",NA,100,3333.33333333321,0.000300000000000011
"K","batch","random",500,"prepared_matrix",9,2,NA,1,0.0200000000000102,"ok","","","",0.337384097405548,FALSE,NA,NA,NA,"",NA,100,4999.99999999744,0.000200000000000102
"K","batch","random",500,"raw_column_loop",9,3,NA,1,5.30000000000001,"ok","","","",NA,FALSE,NA,NA,NA,"",NA,100,18.8679245283018,0.0530000000000001
"K","batch","random",500,"prepared_column_loop",9,4,NA,1,0.969999999999999,"ok","","","",NA,FALSE,NA,NA,NA,"",NA,100,103.092783505155,0.00969999999999999
"K","batch","random",500,"reference_column_loop",9,5,NA,1,NA,"resource_limit","estimated repeated dense cubic work 12500000000 (n=500, traits=100) exceeds batch-reference cap 100000000","resource_limit","",NA,TRUE,2e+06,2e+08,1.25e+10,"estimated repeated dense cubic work 12500000000 (n=500, traits=100) exceeds batch-reference cap 100000000",NA,100,NA,NA
"K","batch","random",500,"reference_column_loop",10,1,NA,1,NA,"resource_limit","estimated repeated dense cubic work 12500000000 (n=500, traits=100) exceeds batch-reference cap 100000000","resource_limit","",NA,TRUE,2e+06,2e+08,1.25e+10,"estimated repeated dense cubic work 12500000000 (n=500, traits=100) exceeds batch-reference cap 100000000",NA,100,NA,NA
"K","batch","random",500,"prepared_column_loop",10,2,NA,1,0.75,"ok","","","",NA,FALSE,NA,NA,NA,"",NA,100,133.333333333333,0.0075
"K","batch","random",500,"raw_column_loop",10,3,NA,1,3.90000000000001,"ok","","","",NA,FALSE,NA,NA,NA,"",NA,100,25.6410256410256,0.0390000000000001
"K","batch","random",500,"prepared_matrix",10,4,NA,1,0.0199999999999818,"ok","","","",0.337384097405548,FALSE,NA,NA,NA,"",NA,100,5000.00000000455,0.000199999999999818
"K","batch","random",500,"raw_matrix",10,5,NA,1,0.0500000000000114,"ok","","","",0.337384097405548,FALSE,NA,NA,NA,"",NA,100,1999.99999999955,0.000500000000000114
"K","batch","random",2000,"raw_matrix",1,1,NA,1,0.159999999999997,"ok","","","",0.256660571317626,FALSE,NA,NA,NA,"",NA,1,6.25000000000013,0.159999999999997
"K","batch","random",2000,"prepared_matrix",1,2,NA,1,0.00999999999999091,"ok","","","",0.256660571317626,FALSE,NA,NA,NA,"",NA,1,100.000000000091,0.00999999999999091
"K","batch","random",2000,"raw_column_loop",1,3,NA,1,0.140000000000015,"ok","","","",NA,FALSE,NA,NA,NA,"",NA,1,7.14285714285639,0.140000000000015
"K","batch","random",2000,"prepared_column_loop",1,4,NA,1,0.039999999999992,"ok","","","",NA,FALSE,NA,NA,NA,"",NA,1,25.000000000005,0.039999999999992
"K","batch","random",2000,"reference_column_loop",1,5,NA,1,NA,"resource_limit","estimated repeated dense cubic work 8000000000 (n=2000, traits=1) exceeds batch-reference cap 100000000","resource_limit","",NA,TRUE,3.2e+07,3.2e+07,8e+09,"estimated repeated dense cubic work 8000000000 (n=2000, traits=1) exceeds batch-reference cap 100000000",NA,1,NA,NA
"K","batch","random",2000,"reference_column_loop",2,1,NA,1,NA,"resource_limit","estimated repeated dense cubic work 8000000000 (n=2000, traits=1) exceeds batch-reference cap 100000000","resource_limit","",NA,TRUE,3.2e+07,3.2e+07,8e+09,"estimated repeated dense cubic work 8000000000 (n=2000, traits=1) exceeds batch-reference cap 100000000",NA,1,NA,NA
"K","batch","random",2000,"prepared_column_loop",2,2,NA,1,0.00999999999999091,"ok","","","",NA,FALSE,NA,NA,NA,"",NA,1,100.000000000091,0.00999999999999091
"K","batch","random",2000,"raw_column_loop",2,3,NA,1,0.159999999999997,"ok","","","",NA,FALSE,NA,NA,NA,"",NA,1,6.25000000000013,0.159999999999997
"K","batch","random",2000,"prepared_matrix",2,4,NA,1,0.0100000000000193,"ok","","","",0.256660571317626,FALSE,NA,NA,NA,"",NA,1,99.9999999998067,0.0100000000000193
"K","batch","random",2000,"raw_matrix",2,5,NA,1,0.140000000000015,"ok","","","",0.256660571317626,FALSE,NA,NA,NA,"",NA,1,7.14285714285639,0.140000000000015
"K","batch","random",2000,"raw_matrix",3,1,NA,1,0.159999999999997,"ok","","","",0.256660571317626,FALSE,NA,NA,NA,"",NA,1,6.25000000000013,0.159999999999997
"K","batch","random",2000,"prepared_matrix",3,2,NA,1,0.0300000000000011,"ok","","","",0.256660571317626,FALSE,NA,NA,NA,"",NA,1,33.3333333333321,0.0300000000000011
"K","batch","random",2000,"raw_column_loop",3,3,NA,1,0.139999999999986,"ok","","","",NA,FALSE,NA,NA,NA,"",NA,1,7.14285714285784,0.139999999999986
"K","batch","random",2000,"prepared_column_loop",3,4,NA,1,0.0300000000000011,"ok","","","",NA,FALSE,NA,NA,NA,"",NA,1,33.3333333333321,0.0300000000000011
"K","batch","random",2000,"reference_column_loop",3,5,NA,1,NA,"resource_limit","estimated repeated dense cubic work 8000000000 (n=2000, traits=1) exceeds batch-reference cap 100000000","resource_limit","",NA,TRUE,3.2e+07,3.2e+07,8e+09,"estimated repeated dense cubic work 8000000000 (n=2000, traits=1) exceeds batch-reference cap 100000000",NA,1,NA,NA
"K","batch","random",2000,"reference_column_loop",4,1,NA,1,NA,"resource_limit","estimated repeated dense cubic work 8000000000 (n=2000, traits=1) exceeds batch-reference cap 100000000","resource_limit","",NA,TRUE,3.2e+07,3.2e+07,8e+09,"estimated repeated dense cubic work 8000000000 (n=2000, traits=1) exceeds batch-reference cap 100000000",NA,1,NA,NA
"K","batch","random",2000,"prepared_column_loop",4,2,NA,1,0.0300000000000011,"ok","","","",NA,FALSE,NA,NA,NA,"",NA,1,33.3333333333321,0.0300000000000011
"K","batch","random",2000,"raw_column_loop",4,3,NA,1,0.140000000000015,"ok","","","",NA,FALSE,NA,NA,NA,"",NA,1,7.14285714285639,0.140000000000015
"K","batch","random",2000,"prepared_matrix",4,4,NA,1,0.0199999999999818,"ok","","","",0.256660571317626,FALSE,NA,NA,NA,"",NA,1,50.0000000000455,0.0199999999999818
"K","batch","random",2000,"raw_matrix",4,5,NA,1,0.139999999999986,"ok","","","",0.256660571317626,FALSE,NA,NA,NA,"",NA,1,7.14285714285784,0.139999999999986
"K","batch","random",2000,"raw_matrix",5,1,NA,1,0.140000000000015,"ok","","","",0.256660571317626,FALSE,NA,NA,NA,"",NA,1,7.14285714285639,0.140000000000015
"K","batch","random",2000,"prepared_matrix",5,2,NA,1,0.0300000000000011,"ok","","","",0.256660571317626,FALSE,NA,NA,NA,"",NA,1,33.3333333333321,0.0300000000000011
"K","batch","random",2000,"raw_column_loop",5,3,NA,1,0.139999999999986,"ok","","","",NA,FALSE,NA,NA,NA,"",NA,1,7.14285714285784,0.139999999999986
"K","batch","random",2000,"prepared_column_loop",5,4,NA,1,0.0200000000000102,"ok","","","",NA,FALSE,NA,NA,NA,"",NA,1,49.9999999999744,0.0200000000000102
"K","batch","random",2000,"reference_column_loop",5,5,NA,1,NA,"resource_limit","estimated repeated dense cubic work 8000000000 (n=2000, traits=1) exceeds batch-reference cap 100000000","resource_limit","",NA,TRUE,3.2e+07,3.2e+07,8e+09,"estimated repeated dense cubic work 8000000000 (n=2000, traits=1) exceeds batch-reference cap 100000000",NA,1,NA,NA
"K","batch","random",2000,"reference_column_loop",6,1,NA,1,NA,"resource_limit","estimated repeated dense cubic work 8000000000 (n=2000, traits=1) exceeds batch-reference cap 100000000","resource_limit","",NA,TRUE,3.2e+07,3.2e+07,8e+09,"estimated repeated dense cubic work 8000000000 (n=2000, traits=1) exceeds batch-reference cap 100000000",NA,1,NA,NA
"K","batch","random",2000,"prepared_column_loop",6,2,NA,1,0.0100000000000193,"ok","","","",NA,FALSE,NA,NA,NA,"",NA,1,99.9999999998067,0.0100000000000193
"K","batch","random",2000,"raw_column_loop",6,3,NA,1,0.159999999999997,"ok","","","",NA,FALSE,NA,NA,NA,"",NA,1,6.25000000000013,0.159999999999997
"K","batch","random",2000,"prepared_matrix",6,4,NA,1,0.0300000000000011,"ok","","","",0.256660571317626,FALSE,NA,NA,NA,"",NA,1,33.3333333333321,0.0300000000000011
"K","batch","random",2000,"raw_matrix",6,5,NA,1,0.299999999999983,"ok","","","",0.256660571317626,FALSE,NA,NA,NA,"",NA,1,3.33333333333352,0.299999999999983
"K","batch","random",2000,"raw_matrix",7,1,NA,1,0.180000000000007,"ok","","","",0.256660571317626,FALSE,NA,NA,NA,"",NA,1,5.55555555555534,0.180000000000007
"K","batch","random",2000,"prepared_matrix",7,2,NA,1,0.0200000000000102,"ok","","","",0.256660571317626,FALSE,NA,NA,NA,"",NA,1,49.9999999999744,0.0200000000000102
"K","batch","random",2000,"raw_column_loop",7,3,NA,1,0.159999999999997,"ok","","","",NA,FALSE,NA,NA,NA,"",NA,1,6.25000000000013,0.159999999999997
"K","batch","random",2000,"prepared_column_loop",7,4,NA,1,0.0200000000000102,"ok","","","",NA,FALSE,NA,NA,NA,"",NA,1,49.9999999999744,0.0200000000000102
"K","batch","random",2000,"reference_column_loop",7,5,NA,1,NA,"resource_limit","estimated repeated dense cubic work 8000000000 (n=2000, traits=1) exceeds batch-reference cap 100000000","resource_limit","",NA,TRUE,3.2e+07,3.2e+07,8e+09,"estimated repeated dense cubic work 8000000000 (n=2000, traits=1) exceeds batch-reference cap 100000000",NA,1,NA,NA
"K","batch","random",2000,"reference_column_loop",8,1,NA,1,NA,"resource_limit","estimated repeated dense cubic work 8000000000 (n=2000, traits=1) exceeds batch-reference cap 100000000","resource_limit","",NA,TRUE,3.2e+07,3.2e+07,8e+09,"estimated repeated dense cubic work 8000000000 (n=2000, traits=1) exceeds batch-reference cap 100000000",NA,1,NA,NA
"K","batch","random",2000,"prepared_column_loop",8,2,NA,1,0.0300000000000011,"ok","","","",NA,FALSE,NA,NA,NA,"",NA,1,33.3333333333321,0.0300000000000011
"K","batch","random",2000,"raw_column_loop",8,3,NA,1,0.150000000000006,"ok","","","",NA,FALSE,NA,NA,NA,"",NA,1,6.66666666666641,0.150000000000006
"K","batch","random",2000,"prepared_matrix",8,4,NA,1,0.0199999999999818,"ok","","","",0.256660571317626,FALSE,NA,NA,NA,"",NA,1,50.0000000000455,0.0199999999999818
"K","batch","random",2000,"raw_matrix",8,5,NA,1,0.159999999999997,"ok","","","",0.256660571317626,FALSE,NA,NA,NA,"",NA,1,6.25000000000013,0.159999999999997
"K","batch","random",2000,"raw_matrix",9,1,NA,1,0.140000000000015,"ok","","","",0.256660571317626,FALSE,NA,NA,NA,"",NA,1,7.14285714285639,0.140000000000015
"K","batch","random",2000,"prepared_matrix",9,2,NA,1,0.0300000000000011,"ok","","","",0.256660571317626,FALSE,NA,NA,NA,"",NA,1,33.3333333333321,0.0300000000000011
"K","batch","random",2000,"raw_column_loop",9,3,NA,1,0.150000000000006,"ok","","","",NA,FALSE,NA,NA,NA,"",NA,1,6.66666666666641,0.150000000000006
"K","batch","random",2000,"prepared_column_loop",9,4,NA,1,0.0199999999999818,"ok","","","",NA,FALSE,NA,NA,NA,"",NA,1,50.0000000000455,0.0199999999999818
"K","batch","random",2000,"reference_column_loop",9,5,NA,1,NA,"resource_limit","estimated repeated dense cubic work 8000000000 (n=2000, traits=1) exceeds batch-reference cap 100000000","resource_limit","",NA,TRUE,3.2e+07,3.2e+07,8e+09,"estimated repeated dense cubic work 8000000000 (n=2000, traits=1) exceeds batch-reference cap 100000000",NA,1,NA,NA
"K","batch","random",2000,"reference_column_loop",10,1,NA,1,NA,"resource_limit","estimated repeated dense cubic work 8000000000 (n=2000, traits=1) exceeds batch-reference cap 100000000","resource_limit","",NA,TRUE,3.2e+07,3.2e+07,8e+09,"estimated repeated dense cubic work 8000000000 (n=2000, traits=1) exceeds batch-reference cap 100000000",NA,1,NA,NA
"K","batch","random",2000,"prepared_column_loop",10,2,NA,1,0.0300000000000011,"ok","","","",NA,FALSE,NA,NA,NA,"",NA,1,33.3333333333321,0.0300000000000011
"K","batch","random",2000,"raw_column_loop",10,3,NA,1,0.140000000000015,"ok","","","",NA,FALSE,NA,NA,NA,"",NA,1,7.14285714285639,0.140000000000015
"K","batch","random",2000,"prepared_matrix",10,4,NA,1,0.0300000000000011,"ok","","","",0.256660571317626,FALSE,NA,NA,NA,"",NA,1,33.3333333333321,0.0300000000000011
"K","batch","random",2000,"raw_matrix",10,5,NA,1,0.139999999999986,"ok","","","",0.256660571317626,FALSE,NA,NA,NA,"",NA,1,7.14285714285784,0.139999999999986
"K","batch","random",2000,"raw_matrix",1,1,NA,1,0.159999999999997,"ok","","","",0.256660571317626,FALSE,NA,NA,NA,"",NA,8,50.0000000000011,0.0199999999999996
"K","batch","random",2000,"prepared_matrix",1,2,NA,1,0.00999999999999091,"ok","","","",0.256660571317626,FALSE,NA,NA,NA,"",NA,8,800.000000000728,0.00124999999999886
"K","batch","random",2000,"raw_column_loop",1,3,NA,1,1.34999999999999,"ok","","","",NA,FALSE,NA,NA,NA,"",NA,8,5.92592592592595,0.168749999999999
"K","batch","random",2000,"prepared_column_loop",1,4,NA,1,0.200000000000017,"ok","","","",NA,FALSE,NA,NA,NA,"",NA,8,39.9999999999966,0.0250000000000021
"K","batch","random",2000,"reference_column_loop",1,5,NA,1,NA,"resource_limit","estimated repeated dense cubic work 64000000000 (n=2000, traits=8) exceeds batch-reference cap 100000000","resource_limit","",NA,TRUE,3.2e+07,2.56e+08,6.4e+10,"estimated repeated dense cubic work 64000000000 (n=2000, traits=8) exceeds batch-reference cap 100000000",NA,8,NA,NA
"K","batch","random",2000,"reference_column_loop",2,1,NA,1,NA,"resource_limit","estimated repeated dense cubic work 64000000000 (n=2000, traits=8) exceeds batch-reference cap 100000000","resource_limit","",NA,TRUE,3.2e+07,2.56e+08,6.4e+10,"estimated repeated dense cubic work 64000000000 (n=2000, traits=8) exceeds batch-reference cap 100000000",NA,8,NA,NA
"K","batch","random",2000,"prepared_column_loop",2,2,NA,1,0.219999999999999,"ok","","","",NA,FALSE,NA,NA,NA,"",NA,8,36.3636363636366,0.0274999999999999
"K","batch","random",2000,"raw_column_loop",2,3,NA,1,1.47999999999999,"ok","","","",NA,FALSE,NA,NA,NA,"",NA,8,5.40540540540544,0.184999999999999
"K","batch","random",2000,"prepared_matrix",2,4,NA,1,0.0200000000000102,"ok","","","",0.256660571317626,FALSE,NA,NA,NA,"",NA,8,399.999999999795,0.00250000000000128
"K","batch","random",2000,"raw_matrix",2,5,NA,1,0.169999999999987,"ok","","","",0.256660571317626,FALSE,NA,NA,NA,"",NA,8,47.0588235294152,0.0212499999999984
"K","batch","random",2000,"raw_matrix",3,1,NA,1,0.169999999999987,"ok","","","",0.256660571317626,FALSE,NA,NA,NA,"",NA,8,47.0588235294152,0.0212499999999984
"K","batch","random",2000,"prepared_matrix",3,2,NA,1,0.0300000000000011,"ok","","","",0.256660571317626,FALSE,NA,NA,NA,"",NA,8,266.666666666657,0.00375000000000014
"K","batch","random",2000,"raw_column_loop",3,3,NA,1,1.34,"ok","","","",NA,FALSE,NA,NA,NA,"",NA,8,5.97014925373133,0.1675
"K","batch","random",2000,"prepared_column_loop",3,4,NA,1,0.25,"ok","","","",NA,FALSE,NA,NA,NA,"",NA,8,32,0.03125
"K","batch","random",2000,"reference_column_loop",3,5,NA,1,NA,"resource_limit","estimated repeated dense cubic work 64000000000 (n=2000, traits=8) exceeds batch-reference cap 100000000","resource_limit","",NA,TRUE,3.2e+07,2.56e+08,6.4e+10,"estimated repeated dense cubic work 64000000000 (n=2000, traits=8) exceeds batch-reference cap 100000000",NA,8,NA,NA
"K","batch","random",2000,"reference_column_loop",4,1,NA,1,NA,"resource_limit","estimated repeated dense cubic work 64000000000 (n=2000, traits=8) exceeds batch-reference cap 100000000","resource_limit","",NA,TRUE,3.2e+07,2.56e+08,6.4e+10,"estimated repeated dense cubic work 64000000000 (n=2000, traits=8) exceeds batch-reference cap 100000000",NA,8,NA,NA
"K","batch","random",2000,"prepared_column_loop",4,2,NA,1,0.210000000000008,"ok","","","",NA,FALSE,NA,NA,NA,"",NA,8,38.0952380952367,0.026250000000001
"K","batch","random",2000,"raw_column_loop",4,3,NA,1,1.47,"ok","","","",NA,FALSE,NA,NA,NA,"",NA,8,5.4421768707483,0.18375
"K","batch","random",2000,"prepared_matrix",4,4,NA,1,0.0300000000000011,"ok","","","",0.256660571317626,FALSE,NA,NA,NA,"",NA,8,266.666666666657,0.00375000000000014
"K","batch","random",2000,"raw_matrix",4,5,NA,1,0.169999999999987,"ok","","","",0.256660571317626,FALSE,NA,NA,NA,"",NA,8,47.0588235294152,0.0212499999999984
"K","batch","random",2000,"raw_matrix",5,1,NA,1,0.150000000000006,"ok","","","",0.256660571317626,FALSE,NA,NA,NA,"",NA,8,53.3333333333313,0.0187500000000007
"K","batch","random",2000,"prepared_matrix",5,2,NA,1,0.039999999999992,"ok","","","",0.256660571317626,FALSE,NA,NA,NA,"",NA,8,200.00000000004,0.00499999999999901
"K","batch","random",2000,"raw_column_loop",5,3,NA,1,1.31,"ok","","","",NA,FALSE,NA,NA,NA,"",NA,8,6.10687022900762,0.16375
"K","batch","random",2000,"prepared_column_loop",5,4,NA,1,0.189999999999998,"ok","","","",NA,FALSE,NA,NA,NA,"",NA,8,42.1052631578952,0.0237499999999997
"K","batch","random",2000,"reference_column_loop",5,5,NA,1,NA,"resource_limit","estimated repeated dense cubic work 64000000000 (n=2000, traits=8) exceeds batch-reference cap 100000000","resource_limit","",NA,TRUE,3.2e+07,2.56e+08,6.4e+10,"estimated repeated dense cubic work 64000000000 (n=2000, traits=8) exceeds batch-reference cap 100000000",NA,8,NA,NA
"K","batch","random",2000,"reference_column_loop",6,1,NA,1,NA,"resource_limit","estimated repeated dense cubic work 64000000000 (n=2000, traits=8) exceeds batch-reference cap 100000000","resource_limit","",NA,TRUE,3.2e+07,2.56e+08,6.4e+10,"estimated repeated dense cubic work 64000000000 (n=2000, traits=8) exceeds batch-reference cap 100000000",NA,8,NA,NA
"K","batch","random",2000,"prepared_column_loop",6,2,NA,1,0.219999999999999,"ok","","","",NA,FALSE,NA,NA,NA,"",NA,8,36.3636363636366,0.0274999999999999
"K","batch","random",2000,"raw_column_loop",6,3,NA,1,1.72,"ok","","","",NA,FALSE,NA,NA,NA,"",NA,8,4.65116279069768,0.215
"K","batch","random",2000,"prepared_matrix",6,4,NA,1,0.039999999999992,"ok","","","",0.256660571317626,FALSE,NA,NA,NA,"",NA,8,200.00000000004,0.00499999999999901
"K","batch","random",2000,"raw_matrix",6,5,NA,1,0.170000000000016,"ok","","","",0.256660571317626,FALSE,NA,NA,NA,"",NA,8,47.0588235294074,0.021250000000002
"K","batch","random",2000,"raw_matrix",7,1,NA,1,0.169999999999987,"ok","","","",0.256660571317626,FALSE,NA,NA,NA,"",NA,8,47.0588235294152,0.0212499999999984
"K","batch","random",2000,"prepared_matrix",7,2,NA,1,0.0300000000000011,"ok","","","",0.256660571317626,FALSE,NA,NA,NA,"",NA,8,266.666666666657,0.00375000000000014
"K","batch","random",2000,"raw_column_loop",7,3,NA,1,1.47,"ok","","","",NA,FALSE,NA,NA,NA,"",NA,8,5.4421768707483,0.18375
"K","batch","random",2000,"prepared_column_loop",7,4,NA,1,0.199999999999989,"ok","","","",NA,FALSE,NA,NA,NA,"",NA,8,40.0000000000023,0.0249999999999986
"K","batch","random",2000,"reference_column_loop",7,5,NA,1,NA,"resource_limit","estimated repeated dense cubic work 64000000000 (n=2000, traits=8) exceeds batch-reference cap 100000000","resource_limit","",NA,TRUE,3.2e+07,2.56e+08,6.4e+10,"estimated repeated dense cubic work 64000000000 (n=2000, traits=8) exceeds batch-reference cap 100000000",NA,8,NA,NA
"K","batch","random",2000,"reference_column_loop",8,1,NA,1,NA,"resource_limit","estimated repeated dense cubic work 64000000000 (n=2000, traits=8) exceeds batch-reference cap 100000000","resource_limit","",NA,TRUE,3.2e+07,2.56e+08,6.4e+10,"estimated repeated dense cubic work 64000000000 (n=2000, traits=8) exceeds batch-reference cap 100000000",NA,8,NA,NA
"K","batch","random",2000,"prepared_column_loop",8,2,NA,1,0.219999999999999,"ok","","","",NA,FALSE,NA,NA,NA,"",NA,8,36.3636363636366,0.0274999999999999
"K","batch","random",2000,"raw_column_loop",8,3,NA,1,1.68000000000001,"ok","","","",NA,FALSE,NA,NA,NA,"",NA,8,4.76190476190474,0.210000000000001
"K","batch","random",2000,"prepared_matrix",8,4,NA,1,0.0199999999999818,"ok","","","",0.256660571317626,FALSE,NA,NA,NA,"",NA,8,400.000000000364,0.00249999999999773
"K","batch","random",2000,"raw_matrix",8,5,NA,1,0.150000000000006,"ok","","","",0.256660571317626,FALSE,NA,NA,NA,"",NA,8,53.3333333333313,0.0187500000000007
"K","batch","random",2000,"raw_matrix",9,1,NA,1,0.140000000000015,"ok","","","",0.256660571317626,FALSE,NA,NA,NA,"",NA,8,57.1428571428511,0.0175000000000018
"K","batch","random",2000,"prepared_matrix",9,2,NA,1,0.0100000000000193,"ok","","","",0.256660571317626,FALSE,NA,NA,NA,"",NA,8,799.999999998454,0.00125000000000242
"K","batch","random",2000,"raw_column_loop",9,3,NA,1,1.17999999999998,"ok","","","",NA,FALSE,NA,NA,NA,"",NA,8,6.77966101694928,0.147499999999997
"K","batch","random",2000,"prepared_column_loop",9,4,NA,1,0.170000000000016,"ok","","","",NA,FALSE,NA,NA,NA,"",NA,8,47.0588235294074,0.021250000000002
"K","batch","random",2000,"reference_column_loop",9,5,NA,1,NA,"resource_limit","estimated repeated dense cubic work 64000000000 (n=2000, traits=8) exceeds batch-reference cap 100000000","resource_limit","",NA,TRUE,3.2e+07,2.56e+08,6.4e+10,"estimated repeated dense cubic work 64000000000 (n=2000, traits=8) exceeds batch-reference cap 100000000",NA,8,NA,NA
"K","batch","random",2000,"reference_column_loop",10,1,NA,1,NA,"resource_limit","estimated repeated dense cubic work 64000000000 (n=2000, traits=8) exceeds batch-reference cap 100000000","resource_limit","",NA,TRUE,3.2e+07,2.56e+08,6.4e+10,"estimated repeated dense cubic work 64000000000 (n=2000, traits=8) exceeds batch-reference cap 100000000",NA,8,NA,NA
"K","batch","random",2000,"prepared_column_loop",10,2,NA,1,0.280000000000001,"ok","","","",NA,FALSE,NA,NA,NA,"",NA,8,28.5714285714285,0.0350000000000001
"K","batch","random",2000,"raw_column_loop",10,3,NA,1,1.26999999999998,"ok","","","",NA,FALSE,NA,NA,NA,"",NA,8,6.29921259842529,0.158749999999998
"K","batch","random",2000,"prepared_matrix",10,4,NA,1,0.0100000000000193,"ok","","","",0.256660571317626,FALSE,NA,NA,NA,"",NA,8,799.999999998454,0.00125000000000242
"K","batch","random",2000,"raw_matrix",10,5,NA,1,0.159999999999997,"ok","","","",0.256660571317626,FALSE,NA,NA,NA,"",NA,8,50.0000000000011,0.0199999999999996
"K","batch","random",2000,"raw_matrix",1,1,NA,1,0.280000000000001,"ok","","","",0.256660571317626,FALSE,NA,NA,NA,"",NA,32,114.285714285714,0.00875000000000004
"K","batch","random",2000,"prepared_matrix",1,2,NA,1,0.0500000000000114,"ok","","","",0.256660571317626,FALSE,NA,NA,NA,"",NA,32,639.999999999854,0.00156250000000036
"K","batch","random",2000,"raw_column_loop",1,3,NA,1,9.5,"ok","","","",NA,FALSE,NA,NA,NA,"",NA,32,3.36842105263158,0.296875
"K","batch","random",2000,"prepared_column_loop",1,4,NA,1,0.870000000000005,"ok","","","",NA,FALSE,NA,NA,NA,"",NA,32,36.7816091954021,0.0271875000000001
"K","batch","random",2000,"reference_column_loop",1,5,NA,1,NA,"resource_limit","estimated repeated dense cubic work 256000000000 (n=2000, traits=32) exceeds batch-reference cap 100000000","resource_limit","",NA,TRUE,3.2e+07,1.024e+09,2.56e+11,"estimated repeated dense cubic work 256000000000 (n=2000, traits=32) exceeds batch-reference cap 100000000",NA,32,NA,NA
"K","batch","random",2000,"reference_column_loop",2,1,NA,1,NA,"resource_limit","estimated repeated dense cubic work 256000000000 (n=2000, traits=32) exceeds batch-reference cap 100000000","resource_limit","",NA,TRUE,3.2e+07,1.024e+09,2.56e+11,"estimated repeated dense cubic work 256000000000 (n=2000, traits=32) exceeds batch-reference cap 100000000",NA,32,NA,NA
"K","batch","random",2000,"prepared_column_loop",2,2,NA,1,0.879999999999995,"ok","","","",NA,FALSE,NA,NA,NA,"",NA,32,36.3636363636366,0.0274999999999999
"K","batch","random",2000,"raw_column_loop",2,3,NA,1,5.97,"ok","","","",NA,FALSE,NA,NA,NA,"",NA,32,5.36013400335009,0.1865625
"K","batch","random",2000,"prepared_matrix",2,4,NA,1,0.039999999999992,"ok","","","",0.256660571317626,FALSE,NA,NA,NA,"",NA,32,800.000000000159,0.00124999999999975
"K","batch","random",2000,"raw_matrix",2,5,NA,1,0.189999999999998,"ok","","","",0.256660571317626,FALSE,NA,NA,NA,"",NA,32,168.421052631581,0.00593749999999993
"K","batch","random",2000,"raw_matrix",3,1,NA,1,0.210000000000008,"ok","","","",0.256660571317626,FALSE,NA,NA,NA,"",NA,32,152.380952380947,0.00656250000000025
"K","batch","random",2000,"prepared_matrix",3,2,NA,1,0.039999999999992,"ok","","","",0.256660571317626,FALSE,NA,NA,NA,"",NA,32,800.000000000159,0.00124999999999975
"K","batch","random",2000,"raw_column_loop",3,3,NA,1,7.09999999999999,"ok","","","",NA,FALSE,NA,NA,NA,"",NA,32,4.50704225352113,0.221875
"K","batch","random",2000,"prepared_column_loop",3,4,NA,1,0.860000000000014,"ok","","","",NA,FALSE,NA,NA,NA,"",NA,32,37.2093023255808,0.0268750000000004
"K","batch","random",2000,"reference_column_loop",3,5,NA,1,NA,"resource_limit","estimated repeated dense cubic work 256000000000 (n=2000, traits=32) exceeds batch-reference cap 100000000","resource_limit","",NA,TRUE,3.2e+07,1.024e+09,2.56e+11,"estimated repeated dense cubic work 256000000000 (n=2000, traits=32) exceeds batch-reference cap 100000000",NA,32,NA,NA
"K","batch","random",2000,"reference_column_loop",4,1,NA,1,NA,"resource_limit","estimated repeated dense cubic work 256000000000 (n=2000, traits=32) exceeds batch-reference cap 100000000","resource_limit","",NA,TRUE,3.2e+07,1.024e+09,2.56e+11,"estimated repeated dense cubic work 256000000000 (n=2000, traits=32) exceeds batch-reference cap 100000000",NA,32,NA,NA
"K","batch","random",2000,"prepared_column_loop",4,2,NA,1,0.759999999999991,"ok","","","",NA,FALSE,NA,NA,NA,"",NA,32,42.1052631578952,0.0237499999999997
"K","batch","random",2000,"raw_column_loop",4,3,NA,1,5.58000000000001,"ok","","","",NA,FALSE,NA,NA,NA,"",NA,32,5.73476702508959,0.174375
"K","batch","random",2000,"prepared_matrix",4,4,NA,1,0.0499999999999829,"ok","","","",0.256660571317626,FALSE,NA,NA,NA,"",NA,32,640.000000000218,0.00156249999999947
"K","batch","random",2000,"raw_matrix",4,5,NA,1,0.150000000000006,"ok","","","",0.256660571317626,FALSE,NA,NA,NA,"",NA,32,213.333333333325,0.00468750000000018
"K","batch","random",2000,"raw_matrix",5,1,NA,1,0.150000000000006,"ok","","","",0.256660571317626,FALSE,NA,NA,NA,"",NA,32,213.333333333325,0.00468750000000018
"K","batch","random",2000,"prepared_matrix",5,2,NA,1,0.039999999999992,"ok","","","",0.256660571317626,FALSE,NA,NA,NA,"",NA,32,800.000000000159,0.00124999999999975
"K","batch","random",2000,"raw_column_loop",5,3,NA,1,5.93000000000001,"ok","","","",NA,FALSE,NA,NA,NA,"",NA,32,5.39629005059021,0.1853125
"K","batch","random",2000,"prepared_column_loop",5,4,NA,1,0.859999999999985,"ok","","","",NA,FALSE,NA,NA,NA,"",NA,32,37.209302325582,0.0268749999999995
"K","batch","random",2000,"reference_column_loop",5,5,NA,1,NA,"resource_limit","estimated repeated dense cubic work 256000000000 (n=2000, traits=32) exceeds batch-reference cap 100000000","resource_limit","",NA,TRUE,3.2e+07,1.024e+09,2.56e+11,"estimated repeated dense cubic work 256000000000 (n=2000, traits=32) exceeds batch-reference cap 100000000",NA,32,NA,NA
"K","batch","random",2000,"reference_column_loop",6,1,NA,1,NA,"resource_limit","estimated repeated dense cubic work 256000000000 (n=2000, traits=32) exceeds batch-reference cap 100000000","resource_limit","",NA,TRUE,3.2e+07,1.024e+09,2.56e+11,"estimated repeated dense cubic work 256000000000 (n=2000, traits=32) exceeds batch-reference cap 100000000",NA,32,NA,NA
"K","batch","random",2000,"prepared_column_loop",6,2,NA,1,0.889999999999986,"ok","","","",NA,FALSE,NA,NA,NA,"",NA,32,35.9550561797758,0.0278124999999996
"K","batch","random",2000,"raw_column_loop",6,3,NA,1,6.11000000000001,"ok","","","",NA,FALSE,NA,NA,NA,"",NA,32,5.23731587561374,0.1909375
"K","batch","random",2000,"prepared_matrix",6,4,NA,1,0.039999999999992,"ok","","","",0.256660571317626,FALSE,NA,NA,NA,"",NA,32,800.000000000159,0.00124999999999975
"K","batch","random",2000,"raw_matrix",6,5,NA,1,0.219999999999999,"ok","","","",0.256660571317626,FALSE,NA,NA,NA,"",NA,32,145.454545454546,0.00687499999999996
"K","batch","random",2000,"raw_matrix",7,1,NA,1,0.219999999999999,"ok","","","",0.256660571317626,FALSE,NA,NA,NA,"",NA,32,145.454545454546,0.00687499999999996
"K","batch","random",2000,"prepared_matrix",7,2,NA,1,0.0600000000000023,"ok","","","",0.256660571317626,FALSE,NA,NA,NA,"",NA,32,533.333333333313,0.00187500000000007
"K","batch","random",2000,"raw_column_loop",7,3,NA,1,5.77000000000001,"ok","","","",NA,FALSE,NA,NA,NA,"",NA,32,5.54592720970536,0.1803125
"K","batch","random",2000,"prepared_column_loop",7,4,NA,1,0.769999999999982,"ok","","","",NA,FALSE,NA,NA,NA,"",NA,32,41.5584415584425,0.0240624999999994
"K","batch","random",2000,"reference_column_loop",7,5,NA,1,NA,"resource_limit","estimated repeated dense cubic work 256000000000 (n=2000, traits=32) exceeds batch-reference cap 100000000","resource_limit","",NA,TRUE,3.2e+07,1.024e+09,2.56e+11,"estimated repeated dense cubic work 256000000000 (n=2000, traits=32) exceeds batch-reference cap 100000000",NA,32,NA,NA
"K","batch","random",2000,"reference_column_loop",8,1,NA,1,NA,"resource_limit","estimated repeated dense cubic work 256000000000 (n=2000, traits=32) exceeds batch-reference cap 100000000","resource_limit","",NA,TRUE,3.2e+07,1.024e+09,2.56e+11,"estimated repeated dense cubic work 256000000000 (n=2000, traits=32) exceeds batch-reference cap 100000000",NA,32,NA,NA
"K","batch","random",2000,"prepared_column_loop",8,2,NA,1,0.75,"ok","","","",NA,FALSE,NA,NA,NA,"",NA,32,42.6666666666667,0.0234375
"K","batch","random",2000,"raw_column_loop",8,3,NA,1,5.34000000000003,"ok","","","",NA,FALSE,NA,NA,NA,"",NA,32,5.99250936329584,0.166875000000001
"K","batch","random",2000,"prepared_matrix",8,4,NA,1,0.0299999999999727,"ok","","","",0.256660571317626,FALSE,NA,NA,NA,"",NA,32,1066.66666666764,0.000937499999999147
"K","batch","random",2000,"raw_matrix",8,5,NA,1,0.189999999999998,"ok","","","",0.256660571317626,FALSE,NA,NA,NA,"",NA,32,168.421052631581,0.00593749999999993
"K","batch","random",2000,"raw_matrix",9,1,NA,1,0.189999999999998,"ok","","","",0.256660571317626,FALSE,NA,NA,NA,"",NA,32,168.421052631581,0.00593749999999993
"K","batch","random",2000,"prepared_matrix",9,2,NA,1,0.0400000000000205,"ok","","","",0.256660571317626,FALSE,NA,NA,NA,"",NA,32,799.999999999591,0.00125000000000064
"K","batch","random",2000,"raw_column_loop",9,3,NA,1,5.72000000000003,"ok","","","",NA,FALSE,NA,NA,NA,"",NA,32,5.59440559440557,0.178750000000001
"K","batch","random",2000,"prepared_column_loop",9,4,NA,1,0.810000000000002,"ok","","","",NA,FALSE,NA,NA,NA,"",NA,32,39.5061728395061,0.0253125000000001
"K","batch","random",2000,"reference_column_loop",9,5,NA,1,NA,"resource_limit","estimated repeated dense cubic work 256000000000 (n=2000, traits=32) exceeds batch-reference cap 100000000","resource_limit","",NA,TRUE,3.2e+07,1.024e+09,2.56e+11,"estimated repeated dense cubic work 256000000000 (n=2000, traits=32) exceeds batch-reference cap 100000000",NA,32,NA,NA
"K","batch","random",2000,"reference_column_loop",10,1,NA,1,NA,"resource_limit","estimated repeated dense cubic work 256000000000 (n=2000, traits=32) exceeds batch-reference cap 100000000","resource_limit","",NA,TRUE,3.2e+07,1.024e+09,2.56e+11,"estimated repeated dense cubic work 256000000000 (n=2000, traits=32) exceeds batch-reference cap 100000000",NA,32,NA,NA
"K","batch","random",2000,"prepared_column_loop",10,2,NA,1,0.859999999999957,"ok","","","",NA,FALSE,NA,NA,NA,"",NA,32,37.2093023255833,0.0268749999999986
"K","batch","random",2000,"raw_column_loop",10,3,NA,1,6,"ok","","","",NA,FALSE,NA,NA,NA,"",NA,32,5.33333333333333,0.1875
"K","batch","random",2000,"prepared_matrix",10,4,NA,1,0.0300000000000296,"ok","","","",0.256660571317626,FALSE,NA,NA,NA,"",NA,32,1066.66666666562,0.000937500000000924
"K","batch","random",2000,"raw_matrix",10,5,NA,1,0.170000000000016,"ok","","","",0.256660571317626,FALSE,NA,NA,NA,"",NA,32,188.235294117629,0.0053125000000005
"K","batch","random",2000,"raw_matrix",1,1,NA,1,0.220000000000027,"ok","","","",0.256660571317626,FALSE,NA,NA,NA,"",NA,100,454.545454545398,0.00220000000000027
"K","batch","random",2000,"prepared_matrix",1,2,NA,1,0.0500000000000114,"ok","","","",0.256660571317626,FALSE,NA,NA,NA,"",NA,100,1999.99999999955,0.000500000000000114
"K","batch","random",2000,"raw_column_loop",1,3,NA,1,17.4,"ok","","","",NA,FALSE,NA,NA,NA,"",NA,100,5.74712643678162,0.174
"K","batch","random",2000,"prepared_column_loop",1,4,NA,1,2.78000000000003,"ok","","","",NA,FALSE,NA,NA,NA,"",NA,100,35.9712230215824,0.0278000000000003
"K","batch","random",2000,"reference_column_loop",1,5,NA,1,NA,"resource_limit","estimated reference dense/workload bytes 3200000000 (n=2000, traits=100) exceeds cap 2147483648 bytes","resource_limit","",NA,TRUE,3.2e+07,3.2e+09,8e+11,"estimated reference dense/workload bytes 3200000000 (n=2000, traits=100) exceeds cap 2147483648 bytes",NA,100,NA,NA
"K","batch","random",2000,"reference_column_loop",2,1,NA,1,NA,"resource_limit","estimated reference dense/workload bytes 3200000000 (n=2000, traits=100) exceeds cap 2147483648 bytes","resource_limit","",NA,TRUE,3.2e+07,3.2e+09,8e+11,"estimated reference dense/workload bytes 3200000000 (n=2000, traits=100) exceeds cap 2147483648 bytes",NA,100,NA,NA
"K","batch","random",2000,"prepared_column_loop",2,2,NA,1,2.67999999999995,"ok","","","",NA,FALSE,NA,NA,NA,"",NA,100,37.3134328358216,0.0267999999999995
"K","batch","random",2000,"raw_column_loop",2,3,NA,1,17.81,"ok","","","",NA,FALSE,NA,NA,NA,"",NA,100,5.61482313307131,0.1781
"K","batch","random",2000,"prepared_matrix",2,4,NA,1,0.0600000000000023,"ok","","","",0.256660571317626,FALSE,NA,NA,NA,"",NA,100,1666.6666666666,0.000600000000000023
"K","batch","random",2000,"raw_matrix",2,5,NA,1,0.200000000000045,"ok","","","",0.256660571317626,FALSE,NA,NA,NA,"",NA,100,499.999999999886,0.00200000000000045
"K","batch","random",2000,"raw_matrix",3,1,NA,1,0.20999999999998,"ok","","","",0.256660571317626,FALSE,NA,NA,NA,"",NA,100,476.190476190523,0.0020999999999998
"K","batch","random",2000,"prepared_matrix",3,2,NA,1,0.0400000000000205,"ok","","","",0.256660571317626,FALSE,NA,NA,NA,"",NA,100,2499.99999999872,0.000400000000000205
"K","batch","random",2000,"raw_column_loop",3,3,NA,1,16.41,"ok","","","",NA,FALSE,NA,NA,NA,"",NA,100,6.09384521633152,0.1641
"K","batch","random",2000,"prepared_column_loop",3,4,NA,1,2.34000000000003,"ok","","","",NA,FALSE,NA,NA,NA,"",NA,100,42.7350427350422,0.0234000000000003
"K","batch","random",2000,"reference_column_loop",3,5,NA,1,NA,"resource_limit","estimated reference dense/workload bytes 3200000000 (n=2000, traits=100) exceeds cap 2147483648 bytes","resource_limit","",NA,TRUE,3.2e+07,3.2e+09,8e+11,"estimated reference dense/workload bytes 3200000000 (n=2000, traits=100) exceeds cap 2147483648 bytes",NA,100,NA,NA
"K","batch","random",2000,"reference_column_loop",4,1,NA,1,NA,"resource_limit","estimated reference dense/workload bytes 3200000000 (n=2000, traits=100) exceeds cap 2147483648 bytes","resource_limit","",NA,TRUE,3.2e+07,3.2e+09,8e+11,"estimated reference dense/workload bytes 3200000000 (n=2000, traits=100) exceeds cap 2147483648 bytes",NA,100,NA,NA
"K","batch","random",2000,"prepared_column_loop",4,2,NA,1,2.26999999999998,"ok","","","",NA,FALSE,NA,NA,NA,"",NA,100,44.0528634361237,0.0226999999999998
"K","batch","random",2000,"raw_column_loop",4,3,NA,1,18.09,"ok","","","",NA,FALSE,NA,NA,NA,"",NA,100,5.52791597567716,0.1809
"K","batch","random",2000,"prepared_matrix",4,4,NA,1,0.109999999999957,"ok","","","",0.256660571317626,FALSE,NA,NA,NA,"",NA,100,909.090909091266,0.00109999999999957
"K","batch","random",2000,"raw_matrix",4,5,NA,1,0.330000000000041,"ok","","","",0.256660571317626,FALSE,NA,NA,NA,"",NA,100,303.030303030265,0.00330000000000041
"K","batch","random",2000,"raw_matrix",5,1,NA,1,0.259999999999991,"ok","","","",0.256660571317626,FALSE,NA,NA,NA,"",NA,100,384.615384615398,0.00259999999999991
"K","batch","random",2000,"prepared_matrix",5,2,NA,1,0.0799999999999841,"ok","","","",0.256660571317626,FALSE,NA,NA,NA,"",NA,100,1250.00000000025,0.000799999999999841
"K","batch","random",2000,"raw_column_loop",5,3,NA,1,17.88,"ok","","","",NA,FALSE,NA,NA,NA,"",NA,100,5.59284116331096,0.1788
"K","batch","random",2000,"prepared_column_loop",5,4,NA,1,2.90000000000003,"ok","","","",NA,FALSE,NA,NA,NA,"",NA,100,34.4827586206892,0.0290000000000003
"K","batch","random",2000,"reference_column_loop",5,5,NA,1,NA,"resource_limit","estimated reference dense/workload bytes 3200000000 (n=2000, traits=100) exceeds cap 2147483648 bytes","resource_limit","",NA,TRUE,3.2e+07,3.2e+09,8e+11,"estimated reference dense/workload bytes 3200000000 (n=2000, traits=100) exceeds cap 2147483648 bytes",NA,100,NA,NA
"K","batch","random",2000,"reference_column_loop",6,1,NA,1,NA,"resource_limit","estimated reference dense/workload bytes 3200000000 (n=2000, traits=100) exceeds cap 2147483648 bytes","resource_limit","",NA,TRUE,3.2e+07,3.2e+09,8e+11,"estimated reference dense/workload bytes 3200000000 (n=2000, traits=100) exceeds cap 2147483648 bytes",NA,100,NA,NA
"K","batch","random",2000,"prepared_column_loop",6,2,NA,1,2.54000000000002,"ok","","","",NA,FALSE,NA,NA,NA,"",NA,100,39.3700787401572,0.0254000000000002
"K","batch","random",2000,"raw_column_loop",6,3,NA,1,17.02,"ok","","","",NA,FALSE,NA,NA,NA,"",NA,100,5.87544065804936,0.1702
"K","batch","random",2000,"prepared_matrix",6,4,NA,1,0.0500000000000114,"ok","","","",0.256660571317626,FALSE,NA,NA,NA,"",NA,100,1999.99999999955,0.000500000000000114
"K","batch","random",2000,"raw_matrix",6,5,NA,1,0.180000000000007,"ok","","","",0.256660571317626,FALSE,NA,NA,NA,"",NA,100,555.555555555535,0.00180000000000007
"K","batch","random",2000,"raw_matrix",7,1,NA,1,0.21999999999997,"ok","","","",0.256660571317626,FALSE,NA,NA,NA,"",NA,100,454.545454545516,0.0021999999999997
"K","batch","random",2000,"prepared_matrix",7,2,NA,1,0.0500000000000114,"ok","","","",0.256660571317626,FALSE,NA,NA,NA,"",NA,100,1999.99999999955,0.000500000000000114
"K","batch","random",2000,"raw_column_loop",7,3,NA,1,17.13,"ok","","","",NA,FALSE,NA,NA,NA,"",NA,100,5.83771161704612,0.1713
"K","batch","random",2000,"prepared_column_loop",7,4,NA,1,2.33999999999997,"ok","","","",NA,FALSE,NA,NA,NA,"",NA,100,42.7350427350432,0.0233999999999998
"K","batch","random",2000,"reference_column_loop",7,5,NA,1,NA,"resource_limit","estimated reference dense/workload bytes 3200000000 (n=2000, traits=100) exceeds cap 2147483648 bytes","resource_limit","",NA,TRUE,3.2e+07,3.2e+09,8e+11,"estimated reference dense/workload bytes 3200000000 (n=2000, traits=100) exceeds cap 2147483648 bytes",NA,100,NA,NA
"K","batch","random",2000,"reference_column_loop",8,1,NA,1,NA,"resource_limit","estimated reference dense/workload bytes 3200000000 (n=2000, traits=100) exceeds cap 2147483648 bytes","resource_limit","",NA,TRUE,3.2e+07,3.2e+09,8e+11,"estimated reference dense/workload bytes 3200000000 (n=2000, traits=100) exceeds cap 2147483648 bytes",NA,100,NA,NA
"K","batch","random",2000,"prepared_column_loop",8,2,NA,1,2.09000000000003,"ok","","","",NA,FALSE,NA,NA,NA,"",NA,100,47.8468899521524,0.0209000000000003
"K","batch","random",2000,"raw_column_loop",8,3,NA,1,17.13,"ok","","","",NA,FALSE,NA,NA,NA,"",NA,100,5.83771161704612,0.1713
"K","batch","random",2000,"prepared_matrix",8,4,NA,1,0.0600000000000023,"ok","","","",0.256660571317626,FALSE,NA,NA,NA,"",NA,100,1666.6666666666,0.000600000000000023
"K","batch","random",2000,"raw_matrix",8,5,NA,1,0.21999999999997,"ok","","","",0.256660571317626,FALSE,NA,NA,NA,"",NA,100,454.545454545516,0.0021999999999997
"K","batch","random",2000,"raw_matrix",9,1,NA,1,0.340000000000032,"ok","","","",0.256660571317626,FALSE,NA,NA,NA,"",NA,100,294.117647058796,0.00340000000000032
"K","batch","random",2000,"prepared_matrix",9,2,NA,1,0.0299999999999727,"ok","","","",0.256660571317626,FALSE,NA,NA,NA,"",NA,100,3333.33333333636,0.000299999999999727
"K","batch","random",2000,"raw_column_loop",9,3,NA,1,16.39,"ok","","","",NA,FALSE,NA,NA,NA,"",NA,100,6.10128126906649,0.1639
"K","batch","random",2000,"prepared_column_loop",9,4,NA,1,2.71999999999997,"ok","","","",NA,FALSE,NA,NA,NA,"",NA,100,36.7647058823533,0.0271999999999997
"K","batch","random",2000,"reference_column_loop",9,5,NA,1,NA,"resource_limit","estimated reference dense/workload bytes 3200000000 (n=2000, traits=100) exceeds cap 2147483648 bytes","resource_limit","",NA,TRUE,3.2e+07,3.2e+09,8e+11,"estimated reference dense/workload bytes 3200000000 (n=2000, traits=100) exceeds cap 2147483648 bytes",NA,100,NA,NA
"K","batch","random",2000,"reference_column_loop",10,1,NA,1,NA,"resource_limit","estimated reference dense/workload bytes 3200000000 (n=2000, traits=100) exceeds cap 2147483648 bytes","resource_limit","",NA,TRUE,3.2e+07,3.2e+09,8e+11,"estimated reference dense/workload bytes 3200000000 (n=2000, traits=100) exceeds cap 2147483648 bytes",NA,100,NA,NA
"K","batch","random",2000,"prepared_column_loop",10,2,NA,1,2.47000000000003,"ok","","","",NA,FALSE,NA,NA,NA,"",NA,100,40.4858299595137,0.0247000000000003
"K","batch","random",2000,"raw_column_loop",10,3,NA,1,16.72,"ok","","","",NA,FALSE,NA,NA,NA,"",NA,100,5.98086124401915,0.1672
"K","batch","random",2000,"prepared_matrix",10,4,NA,1,0.0500000000000114,"ok","","","",0.256660571317626,FALSE,NA,NA,NA,"",NA,100,1999.99999999955,0.000500000000000114
"K","batch","random",2000,"raw_matrix",10,5,NA,1,0.199999999999989,"ok","","","",0.256660571317626,FALSE,NA,NA,NA,"",NA,100,500.000000000028,0.00199999999999989
"K","batch","random",5000,"raw_matrix",1,1,NA,1,0.589999999999975,"ok","","","",0.210984015218046,FALSE,NA,NA,NA,"",NA,1,1.69491525423736,0.589999999999975
"K","batch","random",5000,"prepared_matrix",1,2,NA,1,0.0500000000000114,"ok","","","",0.210984015218046,FALSE,NA,NA,NA,"",NA,1,19.9999999999955,0.0500000000000114
"K","batch","random",5000,"raw_column_loop",1,3,NA,1,0.439999999999998,"ok","","","",NA,FALSE,NA,NA,NA,"",NA,1,2.27272727272728,0.439999999999998
"K","batch","random",5000,"prepared_column_loop",1,4,NA,1,0.0600000000000023,"ok","","","",NA,FALSE,NA,NA,NA,"",NA,1,16.666666666666,0.0600000000000023
"K","batch","random",5000,"reference_column_loop",1,5,NA,1,NA,"resource_limit","estimated repeated dense cubic work 125000000000 (n=5000, traits=1) exceeds batch-reference cap 100000000","resource_limit","",NA,TRUE,2e+08,2e+08,1.25e+11,"estimated repeated dense cubic work 125000000000 (n=5000, traits=1) exceeds batch-reference cap 100000000",NA,1,NA,NA
"K","batch","random",5000,"reference_column_loop",2,1,NA,1,NA,"resource_limit","estimated repeated dense cubic work 125000000000 (n=5000, traits=1) exceeds batch-reference cap 100000000","resource_limit","",NA,TRUE,2e+08,2e+08,1.25e+11,"estimated repeated dense cubic work 125000000000 (n=5000, traits=1) exceeds batch-reference cap 100000000",NA,1,NA,NA
"K","batch","random",5000,"prepared_column_loop",2,2,NA,1,0.0500000000000114,"ok","","","",NA,FALSE,NA,NA,NA,"",NA,1,19.9999999999955,0.0500000000000114
"K","batch","random",5000,"raw_column_loop",2,3,NA,1,0.399999999999977,"ok","","","",NA,FALSE,NA,NA,NA,"",NA,1,2.50000000000014,0.399999999999977
"K","batch","random",5000,"prepared_matrix",2,4,NA,1,0.0500000000000114,"ok","","","",0.210984015218046,FALSE,NA,NA,NA,"",NA,1,19.9999999999955,0.0500000000000114
"K","batch","random",5000,"raw_matrix",2,5,NA,1,0.610000000000014,"ok","","","",0.210984015218046,FALSE,NA,NA,NA,"",NA,1,1.63934426229505,0.610000000000014
"K","batch","random",5000,"raw_matrix",3,1,NA,1,0.579999999999984,"ok","","","",0.210984015218046,FALSE,NA,NA,NA,"",NA,1,1.72413793103453,0.579999999999984
"K","batch","random",5000,"prepared_matrix",3,2,NA,1,0.0600000000000023,"ok","","","",0.210984015218046,FALSE,NA,NA,NA,"",NA,1,16.666666666666,0.0600000000000023
"K","batch","random",5000,"raw_column_loop",3,3,NA,1,0.400000000000034,"ok","","","",NA,FALSE,NA,NA,NA,"",NA,1,2.49999999999979,0.400000000000034
"K","batch","random",5000,"prepared_column_loop",3,4,NA,1,0.0499999999999545,"ok","","","",NA,FALSE,NA,NA,NA,"",NA,1,20.0000000000182,0.0499999999999545
"K","batch","random",5000,"reference_column_loop",3,5,NA,1,NA,"resource_limit","estimated repeated dense cubic work 125000000000 (n=5000, traits=1) exceeds batch-reference cap 100000000","resource_limit","",NA,TRUE,2e+08,2e+08,1.25e+11,"estimated repeated dense cubic work 125000000000 (n=5000, traits=1) exceeds batch-reference cap 100000000",NA,1,NA,NA
"K","batch","random",5000,"reference_column_loop",4,1,NA,1,NA,"resource_limit","estimated repeated dense cubic work 125000000000 (n=5000, traits=1) exceeds batch-reference cap 100000000","resource_limit","",NA,TRUE,2e+08,2e+08,1.25e+11,"estimated repeated dense cubic work 125000000000 (n=5000, traits=1) exceeds batch-reference cap 100000000",NA,1,NA,NA
"K","batch","random",5000,"prepared_column_loop",4,2,NA,1,0.0600000000000023,"ok","","","",NA,FALSE,NA,NA,NA,"",NA,1,16.666666666666,0.0600000000000023
"K","batch","random",5000,"raw_column_loop",4,3,NA,1,0.430000000000007,"ok","","","",NA,FALSE,NA,NA,NA,"",NA,1,2.3255813953488,0.430000000000007
"K","batch","random",5000,"prepared_matrix",4,4,NA,1,0.0400000000000205,"ok","","","",0.210984015218046,FALSE,NA,NA,NA,"",NA,1,24.9999999999872,0.0400000000000205
"K","batch","random",5000,"raw_matrix",4,5,NA,1,0.46999999999997,"ok","","","",0.210984015218046,FALSE,NA,NA,NA,"",NA,1,2.12765957446822,0.46999999999997
"K","batch","random",5000,"raw_matrix",5,1,NA,1,0.53000000000003,"ok","","","",0.210984015218046,FALSE,NA,NA,NA,"",NA,1,1.88679245283008,0.53000000000003
"K","batch","random",5000,"prepared_matrix",5,2,NA,1,0.0500000000000114,"ok","","","",0.210984015218046,FALSE,NA,NA,NA,"",NA,1,19.9999999999955,0.0500000000000114
"K","batch","random",5000,"raw_column_loop",5,3,NA,1,0.45999999999998,"ok","","","",NA,FALSE,NA,NA,NA,"",NA,1,2.17391304347836,0.45999999999998
"K","batch","random",5000,"prepared_column_loop",5,4,NA,1,0.0500000000000114,"ok","","","",NA,FALSE,NA,NA,NA,"",NA,1,19.9999999999955,0.0500000000000114
"K","batch","random",5000,"reference_column_loop",5,5,NA,1,NA,"resource_limit","estimated repeated dense cubic work 125000000000 (n=5000, traits=1) exceeds batch-reference cap 100000000","resource_limit","",NA,TRUE,2e+08,2e+08,1.25e+11,"estimated repeated dense cubic work 125000000000 (n=5000, traits=1) exceeds batch-reference cap 100000000",NA,1,NA,NA
"K","batch","random",5000,"reference_column_loop",6,1,NA,1,NA,"resource_limit","estimated repeated dense cubic work 125000000000 (n=5000, traits=1) exceeds batch-reference cap 100000000","resource_limit","",NA,TRUE,2e+08,2e+08,1.25e+11,"estimated repeated dense cubic work 125000000000 (n=5000, traits=1) exceeds batch-reference cap 100000000",NA,1,NA,NA
"K","batch","random",5000,"prepared_column_loop",6,2,NA,1,0.0500000000000114,"ok","","","",NA,FALSE,NA,NA,NA,"",NA,1,19.9999999999955,0.0500000000000114
"K","batch","random",5000,"raw_column_loop",6,3,NA,1,0.45999999999998,"ok","","","",NA,FALSE,NA,NA,NA,"",NA,1,2.17391304347836,0.45999999999998
"K","batch","random",5000,"prepared_matrix",6,4,NA,1,0.0600000000000023,"ok","","","",0.210984015218046,FALSE,NA,NA,NA,"",NA,1,16.666666666666,0.0600000000000023
"K","batch","random",5000,"raw_matrix",6,5,NA,1,0.450000000000045,"ok","","","",0.210984015218046,FALSE,NA,NA,NA,"",NA,1,2.222222222222,0.450000000000045
"K","batch","random",5000,"raw_matrix",7,1,NA,1,0.46999999999997,"ok","","","",0.210984015218046,FALSE,NA,NA,NA,"",NA,1,2.12765957446822,0.46999999999997
"K","batch","random",5000,"prepared_matrix",7,2,NA,1,0.0600000000000023,"ok","","","",0.210984015218046,FALSE,NA,NA,NA,"",NA,1,16.666666666666,0.0600000000000023
"K","batch","random",5000,"raw_column_loop",7,3,NA,1,0.439999999999998,"ok","","","",NA,FALSE,NA,NA,NA,"",NA,1,2.27272727272728,0.439999999999998
"K","batch","random",5000,"prepared_column_loop",7,4,NA,1,0.0799999999999841,"ok","","","",NA,FALSE,NA,NA,NA,"",NA,1,12.5000000000025,0.0799999999999841
"K","batch","random",5000,"reference_column_loop",7,5,NA,1,NA,"resource_limit","estimated repeated dense cubic work 125000000000 (n=5000, traits=1) exceeds batch-reference cap 100000000","resource_limit","",NA,TRUE,2e+08,2e+08,1.25e+11,"estimated repeated dense cubic work 125000000000 (n=5000, traits=1) exceeds batch-reference cap 100000000",NA,1,NA,NA
"K","batch","random",5000,"reference_column_loop",8,1,NA,1,NA,"resource_limit","estimated repeated dense cubic work 125000000000 (n=5000, traits=1) exceeds batch-reference cap 100000000","resource_limit","",NA,TRUE,2e+08,2e+08,1.25e+11,"estimated repeated dense cubic work 125000000000 (n=5000, traits=1) exceeds batch-reference cap 100000000",NA,1,NA,NA
"K","batch","random",5000,"prepared_column_loop",8,2,NA,1,0.0600000000000023,"ok","","","",NA,FALSE,NA,NA,NA,"",NA,1,16.666666666666,0.0600000000000023
"K","batch","random",5000,"raw_column_loop",8,3,NA,1,0.450000000000045,"ok","","","",NA,FALSE,NA,NA,NA,"",NA,1,2.222222222222,0.450000000000045
"K","batch","random",5000,"prepared_matrix",8,4,NA,1,0.21999999999997,"ok","","","",0.210984015218046,FALSE,NA,NA,NA,"",NA,1,4.54545454545516,0.21999999999997
"K","batch","random",5000,"raw_matrix",8,5,NA,1,0.439999999999998,"ok","","","",0.210984015218046,FALSE,NA,NA,NA,"",NA,1,2.27272727272728,0.439999999999998
"K","batch","random",5000,"raw_matrix",9,1,NA,1,0.490000000000009,"ok","","","",0.210984015218046,FALSE,NA,NA,NA,"",NA,1,2.04081632653057,0.490000000000009
"K","batch","random",5000,"prepared_matrix",9,2,NA,1,0.0399999999999636,"ok","","","",0.210984015218046,FALSE,NA,NA,NA,"",NA,1,25.0000000000227,0.0399999999999636
"K","batch","random",5000,"raw_column_loop",9,3,NA,1,0.389999999999986,"ok","","","",NA,FALSE,NA,NA,NA,"",NA,1,2.56410256410265,0.389999999999986
"K","batch","random",5000,"prepared_column_loop",9,4,NA,1,0.0500000000000682,"ok","","","",NA,FALSE,NA,NA,NA,"",NA,1,19.9999999999727,0.0500000000000682
"K","batch","random",5000,"reference_column_loop",9,5,NA,1,NA,"resource_limit","estimated repeated dense cubic work 125000000000 (n=5000, traits=1) exceeds batch-reference cap 100000000","resource_limit","",NA,TRUE,2e+08,2e+08,1.25e+11,"estimated repeated dense cubic work 125000000000 (n=5000, traits=1) exceeds batch-reference cap 100000000",NA,1,NA,NA
"K","batch","random",5000,"reference_column_loop",10,1,NA,1,NA,"resource_limit","estimated repeated dense cubic work 125000000000 (n=5000, traits=1) exceeds batch-reference cap 100000000","resource_limit","",NA,TRUE,2e+08,2e+08,1.25e+11,"estimated repeated dense cubic work 125000000000 (n=5000, traits=1) exceeds batch-reference cap 100000000",NA,1,NA,NA
"K","batch","random",5000,"prepared_column_loop",10,2,NA,1,0.0599999999999454,"ok","","","",NA,FALSE,NA,NA,NA,"",NA,1,16.6666666666818,0.0599999999999454
"K","batch","random",5000,"raw_column_loop",10,3,NA,1,0.410000000000082,"ok","","","",NA,FALSE,NA,NA,NA,"",NA,1,2.43902439024342,0.410000000000082
"K","batch","random",5000,"prepared_matrix",10,4,NA,1,0.0599999999999454,"ok","","","",0.210984015218046,FALSE,NA,NA,NA,"",NA,1,16.6666666666818,0.0599999999999454
"K","batch","random",5000,"raw_matrix",10,5,NA,1,0.409999999999968,"ok","","","",0.210984015218046,FALSE,NA,NA,NA,"",NA,1,2.43902439024409,0.409999999999968
"K","batch","random",5000,"raw_matrix",1,1,NA,1,0.689999999999941,"ok","","","",0.210984015218046,FALSE,NA,NA,NA,"",NA,8,11.5942028985517,0.0862499999999926
"K","batch","random",5000,"prepared_matrix",1,2,NA,1,0.0800000000000409,"ok","","","",0.210984015218046,FALSE,NA,NA,NA,"",NA,8,99.9999999999488,0.0100000000000051
"K","batch","random",5000,"raw_column_loop",1,3,NA,1,4.20000000000005,"ok","","","",NA,FALSE,NA,NA,NA,"",NA,8,1.90476190476188,0.525000000000006
"K","batch","random",5000,"prepared_column_loop",1,4,NA,1,0.809999999999945,"ok","","","",NA,FALSE,NA,NA,NA,"",NA,8,9.87654320987721,0.101249999999993
"K","batch","random",5000,"reference_column_loop",1,5,NA,1,NA,"resource_limit","estimated repeated dense cubic work 1000000000000 (n=5000, traits=8) exceeds batch-reference cap 100000000","resource_limit","",NA,TRUE,2e+08,1.6e+09,1e+12,"estimated repeated dense cubic work 1000000000000 (n=5000, traits=8) exceeds batch-reference cap 100000000",NA,8,NA,NA
"K","batch","random",5000,"reference_column_loop",2,1,NA,1,NA,"resource_limit","estimated repeated dense cubic work 1000000000000 (n=5000, traits=8) exceeds batch-reference cap 100000000","resource_limit","",NA,TRUE,2e+08,1.6e+09,1e+12,"estimated repeated dense cubic work 1000000000000 (n=5000, traits=8) exceeds batch-reference cap 100000000",NA,8,NA,NA
"K","batch","random",5000,"prepared_column_loop",2,2,NA,1,0.580000000000041,"ok","","","",NA,FALSE,NA,NA,NA,"",NA,8,13.7931034482749,0.0725000000000051
"K","batch","random",5000,"raw_column_loop",2,3,NA,1,4.40999999999997,"ok","","","",NA,FALSE,NA,NA,NA,"",NA,8,1.81405895691611,0.551249999999996
"K","batch","random",5000,"prepared_matrix",2,4,NA,1,0.0900000000000318,"ok","","","",0.210984015218046,FALSE,NA,NA,NA,"",NA,8,88.8888888888575,0.011250000000004
"K","batch","random",5000,"raw_matrix",2,5,NA,1,0.519999999999982,"ok","","","",0.210984015218046,FALSE,NA,NA,NA,"",NA,8,15.3846153846159,0.0649999999999977
"K","batch","random",5000,"raw_matrix",3,1,NA,1,0.529999999999973,"ok","","","",0.210984015218046,FALSE,NA,NA,NA,"",NA,8,15.0943396226423,0.0662499999999966
"K","batch","random",5000,"prepared_matrix",3,2,NA,1,0.0900000000000318,"ok","","","",0.210984015218046,FALSE,NA,NA,NA,"",NA,8,88.8888888888575,0.011250000000004
"K","batch","random",5000,"raw_column_loop",3,3,NA,1,3.98000000000002,"ok","","","",NA,FALSE,NA,NA,NA,"",NA,8,2.01005025125627,0.497500000000002
"K","batch","random",5000,"prepared_column_loop",3,4,NA,1,0.409999999999968,"ok","","","",NA,FALSE,NA,NA,NA,"",NA,8,19.5121951219527,0.051249999999996
"K","batch","random",5000,"reference_column_loop",3,5,NA,1,NA,"resource_limit","estimated repeated dense cubic work 1000000000000 (n=5000, traits=8) exceeds batch-reference cap 100000000","resource_limit","",NA,TRUE,2e+08,1.6e+09,1e+12,"estimated repeated dense cubic work 1000000000000 (n=5000, traits=8) exceeds batch-reference cap 100000000",NA,8,NA,NA
"K","batch","random",5000,"reference_column_loop",4,1,NA,1,NA,"resource_limit","estimated repeated dense cubic work 1000000000000 (n=5000, traits=8) exceeds batch-reference cap 100000000","resource_limit","",NA,TRUE,2e+08,1.6e+09,1e+12,"estimated repeated dense cubic work 1000000000000 (n=5000, traits=8) exceeds batch-reference cap 100000000",NA,8,NA,NA
"K","batch","random",5000,"prepared_column_loop",4,2,NA,1,0.389999999999986,"ok","","","",NA,FALSE,NA,NA,NA,"",NA,8,20.5128205128212,0.0487499999999983
"K","batch","random",5000,"raw_column_loop",4,3,NA,1,3.70000000000005,"ok","","","",NA,FALSE,NA,NA,NA,"",NA,8,2.16216216216214,0.462500000000006
"K","batch","random",5000,"prepared_matrix",4,4,NA,1,0.0699999999999363,"ok","","","",0.210984015218046,FALSE,NA,NA,NA,"",NA,8,114.285714285818,0.00874999999999204
"K","batch","random",5000,"raw_matrix",4,5,NA,1,0.470000000000027,"ok","","","",0.210984015218046,FALSE,NA,NA,NA,"",NA,8,17.0212765957437,0.0587500000000034
"K","batch","random",5000,"raw_matrix",5,1,NA,1,0.57000000000005,"ok","","","",0.210984015218046,FALSE,NA,NA,NA,"",NA,8,14.035087719297,0.0712500000000063
"K","batch","random",5000,"prepared_matrix",5,2,NA,1,0.110000000000014,"ok","","","",0.210984015218046,FALSE,NA,NA,NA,"",NA,8,72.7272727272637,0.0137500000000017
"K","batch","random",5000,"raw_column_loop",5,3,NA,1,3.65999999999997,"ok","","","",NA,FALSE,NA,NA,NA,"",NA,8,2.18579234972679,0.457499999999996
"K","batch","random",5000,"prepared_column_loop",5,4,NA,1,0.460000000000036,"ok","","","",NA,FALSE,NA,NA,NA,"",NA,8,17.3913043478247,0.0575000000000045
"K","batch","random",5000,"reference_column_loop",5,5,NA,1,NA,"resource_limit","estimated repeated dense cubic work 1000000000000 (n=5000, traits=8) exceeds batch-reference cap 100000000","resource_limit","",NA,TRUE,2e+08,1.6e+09,1e+12,"estimated repeated dense cubic work 1000000000000 (n=5000, traits=8) exceeds batch-reference cap 100000000",NA,8,NA,NA
"K","batch","random",5000,"reference_column_loop",6,1,NA,1,NA,"resource_limit","estimated repeated dense cubic work 1000000000000 (n=5000, traits=8) exceeds batch-reference cap 100000000","resource_limit","",NA,TRUE,2e+08,1.6e+09,1e+12,"estimated repeated dense cubic work 1000000000000 (n=5000, traits=8) exceeds batch-reference cap 100000000",NA,8,NA,NA
"K","batch","random",5000,"prepared_column_loop",6,2,NA,1,0.469999999999914,"ok","","","",NA,FALSE,NA,NA,NA,"",NA,8,17.0212765957478,0.0587499999999892
"K","batch","random",5000,"raw_column_loop",6,3,NA,1,3.66000000000008,"ok","","","",NA,FALSE,NA,NA,NA,"",NA,8,2.18579234972673,0.45750000000001
"K","batch","random",5000,"prepared_matrix",6,4,NA,1,0.0599999999999454,"ok","","","",0.210984015218046,FALSE,NA,NA,NA,"",NA,8,133.333333333455,0.00749999999999318
"K","batch","random",5000,"raw_matrix",6,5,NA,1,0.470000000000027,"ok","","","",0.210984015218046,FALSE,NA,NA,NA,"",NA,8,17.0212765957437,0.0587500000000034
"K","batch","random",5000,"raw_matrix",7,1,NA,1,0.669999999999959,"ok","","","",0.210984015218046,FALSE,NA,NA,NA,"",NA,8,11.9402985074634,0.0837499999999949
"K","batch","random",5000,"prepared_matrix",7,2,NA,1,0.0800000000000409,"ok","","","",0.210984015218046,FALSE,NA,NA,NA,"",NA,8,99.9999999999488,0.0100000000000051
"K","batch","random",5000,"raw_column_loop",7,3,NA,1,3.75,"ok","","","",NA,FALSE,NA,NA,NA,"",NA,8,2.13333333333333,0.46875
"K","batch","random",5000,"prepared_column_loop",7,4,NA,1,0.580000000000041,"ok","","","",NA,FALSE,NA,NA,NA,"",NA,8,13.7931034482749,0.0725000000000051
"K","batch","random",5000,"reference_column_loop",7,5,NA,1,NA,"resource_limit","estimated repeated dense cubic work 1000000000000 (n=5000, traits=8) exceeds batch-reference cap 100000000","resource_limit","",NA,TRUE,2e+08,1.6e+09,1e+12,"estimated repeated dense cubic work 1000000000000 (n=5000, traits=8) exceeds batch-reference cap 100000000",NA,8,NA,NA
"K","batch","random",5000,"reference_column_loop",8,1,NA,1,NA,"resource_limit","estimated repeated dense cubic work 1000000000000 (n=5000, traits=8) exceeds batch-reference cap 100000000","resource_limit","",NA,TRUE,2e+08,1.6e+09,1e+12,"estimated repeated dense cubic work 1000000000000 (n=5000, traits=8) exceeds batch-reference cap 100000000",NA,8,NA,NA
"K","batch","random",5000,"prepared_column_loop",8,2,NA,1,0.389999999999986,"ok","","","",NA,FALSE,NA,NA,NA,"",NA,8,20.5128205128212,0.0487499999999983
"K","batch","random",5000,"raw_column_loop",8,3,NA,1,3.40999999999997,"ok","","","",NA,FALSE,NA,NA,NA,"",NA,8,2.3460410557185,0.426249999999996
"K","batch","random",5000,"prepared_matrix",8,4,NA,1,0.0600000000000591,"ok","","","",0.210984015218046,FALSE,NA,NA,NA,"",NA,8,133.333333333202,0.00750000000000739
"K","batch","random",5000,"raw_matrix",8,5,NA,1,0.439999999999941,"ok","","","",0.210984015218046,FALSE,NA,NA,NA,"",NA,8,18.1818181818206,0.0549999999999926
"K","batch","random",5000,"raw_matrix",9,1,NA,1,0.409999999999968,"ok","","","",0.210984015218046,FALSE,NA,NA,NA,"",NA,8,19.5121951219527,0.051249999999996
"K","batch","random",5000,"prepared_matrix",9,2,NA,1,0.0500000000000682,"ok","","","",0.210984015218046,FALSE,NA,NA,NA,"",NA,8,159.999999999782,0.00625000000000853
"K","batch","random",5000,"raw_column_loop",9,3,NA,1,3.51999999999998,"ok","","","",NA,FALSE,NA,NA,NA,"",NA,8,2.27272727272728,0.439999999999998
"K","batch","random",5000,"prepared_column_loop",9,4,NA,1,0.560000000000059,"ok","","","",NA,FALSE,NA,NA,NA,"",NA,8,14.2857142857128,0.0700000000000074
"K","batch","random",5000,"reference_column_loop",9,5,NA,1,NA,"resource_limit","estimated repeated dense cubic work 1000000000000 (n=5000, traits=8) exceeds batch-reference cap 100000000","resource_limit","",NA,TRUE,2e+08,1.6e+09,1e+12,"estimated repeated dense cubic work 1000000000000 (n=5000, traits=8) exceeds batch-reference cap 100000000",NA,8,NA,NA
"K","batch","random",5000,"reference_column_loop",10,1,NA,1,NA,"resource_limit","estimated repeated dense cubic work 1000000000000 (n=5000, traits=8) exceeds batch-reference cap 100000000","resource_limit","",NA,TRUE,2e+08,1.6e+09,1e+12,"estimated repeated dense cubic work 1000000000000 (n=5000, traits=8) exceeds batch-reference cap 100000000",NA,8,NA,NA
"K","batch","random",5000,"prepared_column_loop",10,2,NA,1,0.459999999999923,"ok","","","",NA,FALSE,NA,NA,NA,"",NA,8,17.391304347829,0.0574999999999903
"K","batch","random",5000,"raw_column_loop",10,3,NA,1,4,"ok","","","",NA,FALSE,NA,NA,NA,"",NA,8,2,0.5
"K","batch","random",5000,"prepared_matrix",10,4,NA,1,0.0400000000000773,"ok","","","",0.210984015218046,FALSE,NA,NA,NA,"",NA,8,199.999999999613,0.00500000000000966
"K","batch","random",5000,"raw_matrix",10,5,NA,1,0.489999999999895,"ok","","","",0.210984015218046,FALSE,NA,NA,NA,"",NA,8,16.3265306122484,0.0612499999999869
"K","batch","random",5000,"raw_matrix",1,1,NA,1,0.420000000000073,"ok","","","",0.210984015218046,FALSE,NA,NA,NA,"",NA,32,76.190476190463,0.0131250000000023
"K","batch","random",5000,"prepared_matrix",1,2,NA,1,0.0799999999999272,"ok","","","",0.210984015218046,FALSE,NA,NA,NA,"",NA,32,400.000000000364,0.00249999999999773
"K","batch","random",5000,"raw_column_loop",1,3,NA,1,14.2800000000001,"ok","","","",NA,FALSE,NA,NA,NA,"",NA,32,2.2408963585434,0.446250000000003
"K","batch","random",5000,"prepared_column_loop",1,4,NA,1,1.64999999999998,"ok","","","",NA,FALSE,NA,NA,NA,"",NA,32,19.3939393939397,0.0515624999999993
"K","batch","random",5000,"reference_column_loop",1,5,NA,1,NA,"resource_limit","estimated reference dense/workload bytes 6400000000 (n=5000, traits=32) exceeds cap 2147483648 bytes","resource_limit","",NA,TRUE,2e+08,6.4e+09,4e+12,"estimated reference dense/workload bytes 6400000000 (n=5000, traits=32) exceeds cap 2147483648 bytes",NA,32,NA,NA
"K","batch","random",5000,"reference_column_loop",2,1,NA,1,NA,"resource_limit","estimated reference dense/workload bytes 6400000000 (n=5000, traits=32) exceeds cap 2147483648 bytes","resource_limit","",NA,TRUE,2e+08,6.4e+09,4e+12,"estimated reference dense/workload bytes 6400000000 (n=5000, traits=32) exceeds cap 2147483648 bytes",NA,32,NA,NA
"K","batch","random",5000,"prepared_column_loop",2,2,NA,1,1.68999999999994,"ok","","","",NA,FALSE,NA,NA,NA,"",NA,32,18.9349112426042,0.0528124999999982
"K","batch","random",5000,"raw_column_loop",2,3,NA,1,13.97,"ok","","","",NA,FALSE,NA,NA,NA,"",NA,32,2.2906227630637,0.436562500000001
"K","batch","random",5000,"prepared_matrix",2,4,NA,1,0.0900000000000318,"ok","","","",0.210984015218046,FALSE,NA,NA,NA,"",NA,32,355.55555555543,0.00281250000000099
"K","batch","random",5000,"raw_matrix",2,5,NA,1,0.67999999999995,"ok","","","",0.210984015218046,FALSE,NA,NA,NA,"",NA,32,47.0588235294152,0.0212499999999984
"K","batch","random",5000,"raw_matrix",3,1,NA,1,0.399999999999977,"ok","","","",0.210984015218046,FALSE,NA,NA,NA,"",NA,32,80.0000000000045,0.0124999999999993
"K","batch","random",5000,"prepared_matrix",3,2,NA,1,0.0599999999999454,"ok","","","",0.210984015218046,FALSE,NA,NA,NA,"",NA,32,533.333333333818,0.00187499999999829
"K","batch","random",5000,"raw_column_loop",3,3,NA,1,14.13,"ok","","","",NA,FALSE,NA,NA,NA,"",NA,32,2.26468506723284,0.4415625
"K","batch","random",5000,"prepared_column_loop",3,4,NA,1,1.52999999999997,"ok","","","",NA,FALSE,NA,NA,NA,"",NA,32,20.9150326797389,0.0478124999999991
"K","batch","random",5000,"reference_column_loop",3,5,NA,1,NA,"resource_limit","estimated reference dense/workload bytes 6400000000 (n=5000, traits=32) exceeds cap 2147483648 bytes","resource_limit","",NA,TRUE,2e+08,6.4e+09,4e+12,"estimated reference dense/workload bytes 6400000000 (n=5000, traits=32) exceeds cap 2147483648 bytes",NA,32,NA,NA
"K","batch","random",5000,"reference_column_loop",4,1,NA,1,NA,"resource_limit","estimated reference dense/workload bytes 6400000000 (n=5000, traits=32) exceeds cap 2147483648 bytes","resource_limit","",NA,TRUE,2e+08,6.4e+09,4e+12,"estimated reference dense/workload bytes 6400000000 (n=5000, traits=32) exceeds cap 2147483648 bytes",NA,32,NA,NA
"K","batch","random",5000,"prepared_column_loop",4,2,NA,1,1.56000000000006,"ok","","","",NA,FALSE,NA,NA,NA,"",NA,32,20.5128205128197,0.0487500000000018
"K","batch","random",5000,"raw_column_loop",4,3,NA,1,14.11,"ok","","","",NA,FALSE,NA,NA,NA,"",NA,32,2.26789510985117,0.4409375
"K","batch","random",5000,"prepared_matrix",4,4,NA,1,0.0799999999999272,"ok","","","",0.210984015218046,FALSE,NA,NA,NA,"",NA,32,400.000000000364,0.00249999999999773
"K","batch","random",5000,"raw_matrix",4,5,NA,1,0.530000000000086,"ok","","","",0.210984015218046,FALSE,NA,NA,NA,"",NA,32,60.3773584905562,0.0165625000000027
"K","batch","random",5000,"raw_matrix",5,1,NA,1,0.509999999999991,"ok","","","",0.210984015218046,FALSE,NA,NA,NA,"",NA,32,62.7450980392168,0.0159374999999997
"K","batch","random",5000,"prepared_matrix",5,2,NA,1,0.289999999999964,"ok","","","",0.210984015218046,FALSE,NA,NA,NA,"",NA,32,110.344827586221,0.00906249999999886
"K","batch","random",5000,"raw_column_loop",5,3,NA,1,14.9299999999999,"ok","","","",NA,FALSE,NA,NA,NA,"",NA,32,2.14333556597456,0.466562499999998
"K","batch","random",5000,"prepared_column_loop",5,4,NA,1,2,"ok","","","",NA,FALSE,NA,NA,NA,"",NA,32,16,0.0625
"K","batch","random",5000,"reference_column_loop",5,5,NA,1,NA,"resource_limit","estimated reference dense/workload bytes 6400000000 (n=5000, traits=32) exceeds cap 2147483648 bytes","resource_limit","",NA,TRUE,2e+08,6.4e+09,4e+12,"estimated reference dense/workload bytes 6400000000 (n=5000, traits=32) exceeds cap 2147483648 bytes",NA,32,NA,NA
"K","batch","random",5000,"reference_column_loop",6,1,NA,1,NA,"resource_limit","estimated reference dense/workload bytes 6400000000 (n=5000, traits=32) exceeds cap 2147483648 bytes","resource_limit","",NA,TRUE,2e+08,6.4e+09,4e+12,"estimated reference dense/workload bytes 6400000000 (n=5000, traits=32) exceeds cap 2147483648 bytes",NA,32,NA,NA
"K","batch","random",5000,"prepared_column_loop",6,2,NA,1,1.66000000000008,"ok","","","",NA,FALSE,NA,NA,NA,"",NA,32,19.277108433734,0.0518750000000026
"K","batch","random",5000,"raw_column_loop",6,3,NA,1,14.8299999999999,"ok","","","",NA,FALSE,NA,NA,NA,"",NA,32,2.15778826702631,0.463437499999998
"K","batch","random",5000,"prepared_matrix",6,4,NA,1,0.0600000000000591,"ok","","","",0.210984015218046,FALSE,NA,NA,NA,"",NA,32,533.333333332808,0.00187500000000185
"K","batch","random",5000,"raw_matrix",6,5,NA,1,0.419999999999959,"ok","","","",0.210984015218046,FALSE,NA,NA,NA,"",NA,32,76.1904761904836,0.0131249999999987
"K","batch","random",5000,"raw_matrix",7,1,NA,1,0.409999999999968,"ok","","","",0.210984015218046,FALSE,NA,NA,NA,"",NA,32,78.0487804878109,0.012812499999999
"K","batch","random",5000,"prepared_matrix",7,2,NA,1,0.0800000000000409,"ok","","","",0.210984015218046,FALSE,NA,NA,NA,"",NA,32,399.999999999795,0.00250000000000128
"K","batch","random",5000,"raw_column_loop",7,3,NA,1,13.79,"ok","","","",NA,FALSE,NA,NA,NA,"",NA,32,2.32052211747644,0.430937499999999
"K","batch","random",5000,"prepared_column_loop",7,4,NA,1,1.60000000000002,"ok","","","",NA,FALSE,NA,NA,NA,"",NA,32,19.9999999999997,0.0500000000000007
"K","batch","random",5000,"reference_column_loop",7,5,NA,1,NA,"resource_limit","estimated reference dense/workload bytes 6400000000 (n=5000, traits=32) exceeds cap 2147483648 bytes","resource_limit","",NA,TRUE,2e+08,6.4e+09,4e+12,"estimated reference dense/workload bytes 6400000000 (n=5000, traits=32) exceeds cap 2147483648 bytes",NA,32,NA,NA
"K","batch","random",5000,"reference_column_loop",8,1,NA,1,NA,"resource_limit","estimated reference dense/workload bytes 6400000000 (n=5000, traits=32) exceeds cap 2147483648 bytes","resource_limit","",NA,TRUE,2e+08,6.4e+09,4e+12,"estimated reference dense/workload bytes 6400000000 (n=5000, traits=32) exceeds cap 2147483648 bytes",NA,32,NA,NA
"K","batch","random",5000,"prepared_column_loop",8,2,NA,1,1.58000000000004,"ok","","","",NA,FALSE,NA,NA,NA,"",NA,32,20.2531645569615,0.0493750000000013
"K","batch","random",5000,"raw_column_loop",8,3,NA,1,13.95,"ok","","","",NA,FALSE,NA,NA,NA,"",NA,32,2.29390681003583,0.435937500000001
"K","batch","random",5000,"prepared_matrix",8,4,NA,1,0.0799999999999272,"ok","","","",0.210984015218046,FALSE,NA,NA,NA,"",NA,32,400.000000000364,0.00249999999999773
"K","batch","random",5000,"raw_matrix",8,5,NA,1,0.420000000000073,"ok","","","",0.210984015218046,FALSE,NA,NA,NA,"",NA,32,76.190476190463,0.0131250000000023
"K","batch","random",5000,"raw_matrix",9,1,NA,1,0.459999999999923,"ok","","","",0.210984015218046,FALSE,NA,NA,NA,"",NA,32,69.565217391316,0.0143749999999976
"K","batch","random",5000,"prepared_matrix",9,2,NA,1,0.07000000000005,"ok","","","",0.210984015218046,FALSE,NA,NA,NA,"",NA,32,457.14285714253,0.00218750000000156
"K","batch","random",5000,"raw_column_loop",9,3,NA,1,14.1899999999999,"ok","","","",NA,FALSE,NA,NA,NA,"",NA,32,2.25510923185343,0.443437499999998
"K","batch","random",5000,"prepared_column_loop",9,4,NA,1,1.69000000000005,"ok","","","",NA,FALSE,NA,NA,NA,"",NA,32,18.9349112426029,0.0528125000000017
"K","batch","random",5000,"reference_column_loop",9,5,NA,1,NA,"resource_limit","estimated reference dense/workload bytes 6400000000 (n=5000, traits=32) exceeds cap 2147483648 bytes","resource_limit","",NA,TRUE,2e+08,6.4e+09,4e+12,"estimated reference dense/workload bytes 6400000000 (n=5000, traits=32) exceeds cap 2147483648 bytes",NA,32,NA,NA
"K","batch","random",5000,"reference_column_loop",10,1,NA,1,NA,"resource_limit","estimated reference dense/workload bytes 6400000000 (n=5000, traits=32) exceeds cap 2147483648 bytes","resource_limit","",NA,TRUE,2e+08,6.4e+09,4e+12,"estimated reference dense/workload bytes 6400000000 (n=5000, traits=32) exceeds cap 2147483648 bytes",NA,32,NA,NA
"K","batch","random",5000,"prepared_column_loop",10,2,NA,1,1.72000000000003,"ok","","","",NA,FALSE,NA,NA,NA,"",NA,32,18.6046511627904,0.0537500000000009
"K","batch","random",5000,"raw_column_loop",10,3,NA,1,14.15,"ok","","","",NA,FALSE,NA,NA,NA,"",NA,32,2.26148409893993,0.442187499999999
"K","batch","random",5000,"prepared_matrix",10,4,NA,1,0.0799999999999272,"ok","","","",0.210984015218046,FALSE,NA,NA,NA,"",NA,32,400.000000000364,0.00249999999999773
"K","batch","random",5000,"raw_matrix",10,5,NA,1,0.449999999999932,"ok","","","",0.210984015218046,FALSE,NA,NA,NA,"",NA,32,71.1111111111219,0.0140624999999979
"K","batch","random",5000,"raw_matrix",1,1,NA,1,0.730000000000018,"ok","","","",0.210984015218046,FALSE,NA,NA,NA,"",NA,100,136.98630136986,0.00730000000000018
"K","batch","random",5000,"prepared_matrix",1,2,NA,1,0.240000000000009,"ok","","","",0.210984015218046,FALSE,NA,NA,NA,"",NA,100,416.666666666651,0.00240000000000009
"K","batch","random",5000,"raw_column_loop",1,3,NA,1,46,"ok","","","",NA,FALSE,NA,NA,NA,"",NA,100,2.17391304347826,0.46
"K","batch","random",5000,"prepared_column_loop",1,4,NA,1,5.57999999999993,"ok","","","",NA,FALSE,NA,NA,NA,"",NA,100,17.9211469534053,0.0557999999999993
"K","batch","random",5000,"reference_column_loop",1,5,NA,1,NA,"resource_limit","estimated reference dense/workload bytes 20000000000 (n=5000, traits=100) exceeds cap 2147483648 bytes","resource_limit","",NA,TRUE,2e+08,2e+10,1.25e+13,"estimated reference dense/workload bytes 20000000000 (n=5000, traits=100) exceeds cap 2147483648 bytes",NA,100,NA,NA
"K","batch","random",5000,"reference_column_loop",2,1,NA,1,NA,"resource_limit","estimated reference dense/workload bytes 20000000000 (n=5000, traits=100) exceeds cap 2147483648 bytes","resource_limit","",NA,TRUE,2e+08,2e+10,1.25e+13,"estimated reference dense/workload bytes 20000000000 (n=5000, traits=100) exceeds cap 2147483648 bytes",NA,100,NA,NA
"K","batch","random",5000,"prepared_column_loop",2,2,NA,1,4.99000000000001,"ok","","","",NA,FALSE,NA,NA,NA,"",NA,100,20.0400801603206,0.0499000000000001
"K","batch","random",5000,"raw_column_loop",2,3,NA,1,46.2,"ok","","","",NA,FALSE,NA,NA,NA,"",NA,100,2.16450216450216,0.462
"K","batch","random",5000,"prepared_matrix",2,4,NA,1,0.159999999999968,"ok","","","",0.210984015218046,FALSE,NA,NA,NA,"",NA,100,625.000000000124,0.00159999999999968
"K","batch","random",5000,"raw_matrix",2,5,NA,1,0.82000000000005,"ok","","","",0.210984015218046,FALSE,NA,NA,NA,"",NA,100,121.951219512188,0.0082000000000005
"K","batch","random",5000,"raw_matrix",3,1,NA,1,0.659999999999968,"ok","","","",0.210984015218046,FALSE,NA,NA,NA,"",NA,100,151.515151515159,0.00659999999999968
"K","batch","random",5000,"prepared_matrix",3,2,NA,1,0.299999999999955,"ok","","","",0.210984015218046,FALSE,NA,NA,NA,"",NA,100,333.333333333384,0.00299999999999955
"K","batch","random",5000,"raw_column_loop",3,3,NA,1,49.1900000000001,"ok","","","",NA,FALSE,NA,NA,NA,"",NA,100,2.03293352307379,0.491900000000001
"K","batch","random",5000,"prepared_column_loop",3,4,NA,1,5.13,"ok","","","",NA,FALSE,NA,NA,NA,"",NA,100,19.4931773879142,0.0513
"K","batch","random",5000,"reference_column_loop",3,5,NA,1,NA,"resource_limit","estimated reference dense/workload bytes 20000000000 (n=5000, traits=100) exceeds cap 2147483648 bytes","resource_limit","",NA,TRUE,2e+08,2e+10,1.25e+13,"estimated reference dense/workload bytes 20000000000 (n=5000, traits=100) exceeds cap 2147483648 bytes",NA,100,NA,NA
"K","batch","random",5000,"reference_column_loop",4,1,NA,1,NA,"resource_limit","estimated reference dense/workload bytes 20000000000 (n=5000, traits=100) exceeds cap 2147483648 bytes","resource_limit","",NA,TRUE,2e+08,2e+10,1.25e+13,"estimated reference dense/workload bytes 20000000000 (n=5000, traits=100) exceeds cap 2147483648 bytes",NA,100,NA,NA
"K","batch","random",5000,"prepared_column_loop",4,2,NA,1,5.46000000000004,"ok","","","",NA,FALSE,NA,NA,NA,"",NA,100,18.3150183150182,0.0546000000000004
"K","batch","random",5000,"raw_column_loop",4,3,NA,1,45.77,"ok","","","",NA,FALSE,NA,NA,NA,"",NA,100,2.18483722962639,0.4577
"K","batch","random",5000,"prepared_matrix",4,4,NA,1,0.139999999999986,"ok","","","",0.210984015218046,FALSE,NA,NA,NA,"",NA,100,714.285714285784,0.00139999999999986
"K","batch","random",5000,"raw_matrix",4,5,NA,1,0.529999999999973,"ok","","","",0.210984015218046,FALSE,NA,NA,NA,"",NA,100,188.679245283029,0.00529999999999973
"K","batch","random",5000,"raw_matrix",5,1,NA,1,0.620000000000005,"ok","","","",0.210984015218046,FALSE,NA,NA,NA,"",NA,100,161.290322580644,0.00620000000000005
"K","batch","random",5000,"prepared_matrix",5,2,NA,1,0.110000000000014,"ok","","","",0.210984015218046,FALSE,NA,NA,NA,"",NA,100,909.090909090796,0.00110000000000014
"K","batch","random",5000,"raw_column_loop",5,3,NA,1,43.7400000000001,"ok","","","",NA,FALSE,NA,NA,NA,"",NA,100,2.28623685413808,0.437400000000001
"K","batch","random",5000,"prepared_column_loop",5,4,NA,1,5.40999999999985,"ok","","","",NA,FALSE,NA,NA,NA,"",NA,100,18.4842883548988,0.0540999999999985
"K","batch","random",5000,"reference_column_loop",5,5,NA,1,NA,"resource_limit","estimated reference dense/workload bytes 20000000000 (n=5000, traits=100) exceeds cap 2147483648 bytes","resource_limit","",NA,TRUE,2e+08,2e+10,1.25e+13,"estimated reference dense/workload bytes 20000000000 (n=5000, traits=100) exceeds cap 2147483648 bytes",NA,100,NA,NA
"K","batch","random",5000,"reference_column_loop",6,1,NA,1,NA,"resource_limit","estimated reference dense/workload bytes 20000000000 (n=5000, traits=100) exceeds cap 2147483648 bytes","resource_limit","",NA,TRUE,2e+08,2e+10,1.25e+13,"estimated reference dense/workload bytes 20000000000 (n=5000, traits=100) exceeds cap 2147483648 bytes",NA,100,NA,NA
"K","batch","random",5000,"prepared_column_loop",6,2,NA,1,5.22000000000003,"ok","","","",NA,FALSE,NA,NA,NA,"",NA,100,19.1570881226053,0.0522000000000003
"K","batch","random",5000,"raw_column_loop",6,3,NA,1,45.8500000000001,"ok","","","",NA,FALSE,NA,NA,NA,"",NA,100,2.18102508178843,0.458500000000001
"K","batch","random",5000,"prepared_matrix",6,4,NA,1,0.1099999999999,"ok","","","",0.210984015218046,FALSE,NA,NA,NA,"",NA,100,909.090909091736,0.001099999999999
"K","batch","random",5000,"raw_matrix",6,5,NA,1,0.5,"ok","","","",0.210984015218046,FALSE,NA,NA,NA,"",NA,100,200,0.005
"K","batch","random",5000,"raw_matrix",7,1,NA,1,0.559999999999945,"ok","","","",0.210984015218046,FALSE,NA,NA,NA,"",NA,100,178.571428571446,0.00559999999999945
"K","batch","random",5000,"prepared_matrix",7,2,NA,1,0.259999999999991,"ok","","","",0.210984015218046,FALSE,NA,NA,NA,"",NA,100,384.615384615398,0.00259999999999991
"K","batch","random",5000,"raw_column_loop",7,3,NA,1,42.71,"ok","","","",NA,FALSE,NA,NA,NA,"",NA,100,2.34137204401779,0.4271
"K","batch","random",5000,"prepared_column_loop",7,4,NA,1,5.1400000000001,"ok","","","",NA,FALSE,NA,NA,NA,"",NA,100,19.4552529182876,0.051400000000001
"K","batch","random",5000,"reference_column_loop",7,5,NA,1,NA,"resource_limit","estimated reference dense/workload bytes 20000000000 (n=5000, traits=100) exceeds cap 2147483648 bytes","resource_limit","",NA,TRUE,2e+08,2e+10,1.25e+13,"estimated reference dense/workload bytes 20000000000 (n=5000, traits=100) exceeds cap 2147483648 bytes",NA,100,NA,NA
"K","batch","random",5000,"reference_column_loop",8,1,NA,1,NA,"resource_limit","estimated reference dense/workload bytes 20000000000 (n=5000, traits=100) exceeds cap 2147483648 bytes","resource_limit","",NA,TRUE,2e+08,2e+10,1.25e+13,"estimated reference dense/workload bytes 20000000000 (n=5000, traits=100) exceeds cap 2147483648 bytes",NA,100,NA,NA
"K","batch","random",5000,"prepared_column_loop",8,2,NA,1,5.19999999999982,"ok","","","",NA,FALSE,NA,NA,NA,"",NA,100,19.2307692307699,0.0519999999999982
"K","batch","random",5000,"raw_column_loop",8,3,NA,1,42.6900000000001,"ok","","","",NA,FALSE,NA,NA,NA,"",NA,100,2.34246896228625,0.426900000000001
"K","batch","random",5000,"prepared_matrix",8,4,NA,1,0.110000000000127,"ok","","","",0.210984015218046,FALSE,NA,NA,NA,"",NA,100,909.090909089857,0.00110000000000127
"K","batch","random",5000,"raw_matrix",8,5,NA,1,0.480000000000018,"ok","","","",0.210984015218046,FALSE,NA,NA,NA,"",NA,100,208.333333333325,0.00480000000000018
"K","batch","random",5000,"raw_matrix",9,1,NA,1,0.519999999999982,"ok","","","",0.210984015218046,FALSE,NA,NA,NA,"",NA,100,192.307692307699,0.00519999999999982
"K","batch","random",5000,"prepared_matrix",9,2,NA,1,0.25,"ok","","","",0.210984015218046,FALSE,NA,NA,NA,"",NA,100,400,0.0025
"K","batch","random",5000,"raw_column_loop",9,3,NA,1,43.3699999999999,"ok","","","",NA,FALSE,NA,NA,NA,"",NA,100,2.30574129582661,0.433699999999999
"K","batch","random",5000,"prepared_column_loop",9,4,NA,1,5.41000000000008,"ok","","","",NA,FALSE,NA,NA,NA,"",NA,100,18.4842883548981,0.0541000000000008
"K","batch","random",5000,"reference_column_loop",9,5,NA,1,NA,"resource_limit","estimated reference dense/workload bytes 20000000000 (n=5000, traits=100) exceeds cap 2147483648 bytes","resource_limit","",NA,TRUE,2e+08,2e+10,1.25e+13,"estimated reference dense/workload bytes 20000000000 (n=5000, traits=100) exceeds cap 2147483648 bytes",NA,100,NA,NA
"K","batch","random",5000,"reference_column_loop",10,1,NA,1,NA,"resource_limit","estimated reference dense/workload bytes 20000000000 (n=5000, traits=100) exceeds cap 2147483648 bytes","resource_limit","",NA,TRUE,2e+08,2e+10,1.25e+13,"estimated reference dense/workload bytes 20000000000 (n=5000, traits=100) exceeds cap 2147483648 bytes",NA,100,NA,NA
"K","batch","random",5000,"prepared_column_loop",10,2,NA,1,5.36999999999989,"ok","","","",NA,FALSE,NA,NA,NA,"",NA,100,18.6219739292369,0.0536999999999989
"K","batch","random",5000,"raw_column_loop",10,3,NA,1,46.8200000000002,"ok","","","",NA,FALSE,NA,NA,NA,"",NA,100,2.13583938487825,0.468200000000002
"K","batch","random",5000,"prepared_matrix",10,4,NA,1,0.149999999999864,"ok","","","",0.210984015218046,FALSE,NA,NA,NA,"",NA,100,666.666666667273,0.00149999999999864
"K","batch","random",5000,"raw_matrix",10,5,NA,1,0.6400000000001,"ok","","","",0.210984015218046,FALSE,NA,NA,NA,"",NA,100,156.249999999976,0.006400000000001
