"cell_id","shape","n","prevalence","nsim","repeat.","order","prepare_time_s","random_null_s","brownian_generation_s","brownian_sort_s","brownian_sort_threshold_s","binary_D_s","complete_brownian_s","complete_D_ncores1_s","complete_D_ncores2_s","status","warning_text","error_message"
"balanced_500_0.10_999","balanced",500,0.1,999,1,"random>brownian_generation>brownian_sort>brownian_sort_threshold>binary_D>complete_brownian>complete_D_ncores1>complete_D_ncores2",0.0399999999999991,0,0.0599999999999987,0.00999999999999979,0.00999999999999979,0.0699999999999985,0.0700000000000003,0.17,0.289999999999999,"PASS",NA,NA
"balanced_500_0.10_999","balanced",500,0.1,999,2,"complete_D_ncores2>complete_D_ncores1>complete_brownian>binary_D>brownian_sort_threshold>brownian_sort>brownian_generation>random",0.0399999999999991,0.0900000000000105,0.13000000000001,0.0299999999999976,0.0299999999999976,0.0199999999999996,0.0800000000000018,0.17,0.280000000000001,"PASS",NA,NA
"balanced_500_0.10_999","balanced",500,0.1,999,3,"random>brownian_generation>brownian_sort>brownian_sort_threshold>binary_D>complete_brownian>complete_D_ncores1>complete_D_ncores2",0.0399999999999991,0.11000000000001,0.109999999999996,0.0100000000000016,0,0.0300000000000011,0.0799999999999983,0.149999999999999,0.260000000000002,"PASS",NA,NA
"balanced_500_0.10_999","balanced",500,0.1,999,4,"complete_D_ncores2>complete_D_ncores1>complete_brownian>binary_D>brownian_sort_threshold>brownian_sort>brownian_generation>random",0.0399999999999991,0.0500000000000007,0.0199999999999996,0.0399999999999991,0.0100000000000016,0.0100000000000016,0.0899999999999999,0.170000000000002,0.270000000000003,"PASS",NA,NA
"balanced_500_0.10_999","balanced",500,0.1,999,5,"random>brownian_generation>brownian_sort>brownian_sort_threshold>binary_D>complete_brownian>complete_D_ncores1>complete_D_ncores2",0.0399999999999991,0.0700000000000003,0.0700000000000003,0.0299999999999976,0,0.0199999999999996,0.0899999999999999,0.16,0.280000000000001,"PASS",NA,NA
"balanced_500_0.10_999","balanced",500,0.1,999,6,"complete_D_ncores2>complete_D_ncores1>complete_brownian>binary_D>brownian_sort_threshold>brownian_sort>brownian_generation>random",0.0399999999999991,0.0600000000000023,0.11000000000001,0,0.0599999999999987,0.00999999999999801,0.0799999999999983,0.149999999999999,0.260000000000002,"PASS",NA,NA
"balanced_500_0.10_999","balanced",500,0.1,999,7,"random>brownian_generation>brownian_sort>brownian_sort_threshold>binary_D>complete_brownian>complete_D_ncores1>complete_D_ncores2",0.0399999999999991,0.0899999999999963,0.0700000000000003,0.0100000000000016,0.0100000000000016,0.0399999999999991,0.0700000000000003,0.149999999999999,0.269999999999996,"PASS",NA,NA
"balanced_500_0.10_999","balanced",500,0.1,999,8,"complete_D_ncores2>complete_D_ncores1>complete_brownian>binary_D>brownian_sort_threshold>brownian_sort>brownian_generation>random",0.0399999999999991,0.0399999999999991,0.0800000000000054,0.0400000000000063,0.0399999999999991,0.0200000000000031,0.0799999999999983,0.170000000000002,0.259999999999998,"PASS",NA,NA
"balanced_500_0.10_999","balanced",500,0.1,999,9,"random>brownian_generation>brownian_sort>brownian_sort_threshold>binary_D>complete_brownian>complete_D_ncores1>complete_D_ncores2",0.0399999999999991,0.019999999999996,0.140000000000008,0.029999999999994,0.019999999999996,0.0200000000000031,0.0799999999999983,0.149999999999999,0.280000000000001,"PASS",NA,NA
"balanced_500_0.10_999","balanced",500,0.1,999,10,"complete_D_ncores2>complete_D_ncores1>complete_brownian>binary_D>brownian_sort_threshold>brownian_sort>brownian_generation>random",0.0399999999999991,0.0499999999999972,0.0300000000000011,0.00999999999999801,0.00999999999999801,0,0.0600000000000023,0.170000000000002,0.289999999999999,"PASS",NA,NA
"random_500_0.10_999","random",500,0.1,999,1,"random>brownian_generation>brownian_sort>brownian_sort_threshold>binary_D>complete_brownian>complete_D_ncores1>complete_D_ncores2",0.0700000000000003,0.0700000000000003,0.0600000000000023,0.0399999999999991,0.0200000000000031,0.0400000000000063,0.0799999999999983,0.169999999999995,0.280000000000001,"PASS",NA,NA
"random_500_0.10_999","random",500,0.1,999,2,"complete_D_ncores2>complete_D_ncores1>complete_brownian>binary_D>brownian_sort_threshold>brownian_sort>brownian_generation>random",0.0700000000000003,0.0700000000000003,0.00999999999999801,0.0600000000000094,0.0400000000000063,0.0500000000000043,0.0800000000000054,0.149999999999999,0.280000000000001,"PASS",NA,NA
"random_500_0.10_999","random",500,0.1,999,3,"random>brownian_generation>brownian_sort>brownian_sort_threshold>binary_D>complete_brownian>complete_D_ncores1>complete_D_ncores2",0.0700000000000003,0.0799999999999983,0.100000000000001,0,0.0300000000000011,0.0300000000000011,0.0900000000000034,0.160000000000004,0.269999999999996,"PASS",NA,NA
"random_500_0.10_999","random",500,0.1,999,4,"complete_D_ncores2>complete_D_ncores1>complete_brownian>binary_D>brownian_sort_threshold>brownian_sort>brownian_generation>random",0.0700000000000003,0.100000000000001,0.110000000000007,0.0200000000000031,0.029999999999994,0.0200000000000031,0.0599999999999952,0.18,0.259999999999998,"PASS",NA,NA
"random_500_0.10_999","random",500,0.1,999,5,"random>brownian_generation>brownian_sort>brownian_sort_threshold>binary_D>complete_brownian>complete_D_ncores1>complete_D_ncores2",0.0700000000000003,0.0900000000000105,0.100000000000009,0,0,0.0200000000000031,0.0799999999999983,0.169999999999995,0.289999999999999,"PASS",NA,NA
"random_500_0.10_999","random",500,0.1,999,6,"complete_D_ncores2>complete_D_ncores1>complete_brownian>binary_D>brownian_sort_threshold>brownian_sort>brownian_generation>random",0.0700000000000003,0.120000000000012,0.0500000000000043,0.0400000000000063,0.029999999999994,0,0.0599999999999952,0.169999999999995,0.280000000000001,"PASS",NA,NA
"random_500_0.10_999","random",500,0.1,999,7,"random>brownian_generation>brownian_sort>brownian_sort_threshold>binary_D>complete_brownian>complete_D_ncores1>complete_D_ncores2",0.0700000000000003,0.13000000000001,0.120000000000012,0.0400000000000063,0.0399999999999991,0.019999999999996,0.0799999999999983,0.169999999999995,0.259999999999998,"PASS",NA,NA
"random_500_0.10_999","random",500,0.1,999,8,"complete_D_ncores2>complete_D_ncores1>complete_brownian>binary_D>brownian_sort_threshold>brownian_sort>brownian_generation>random",0.0700000000000003,0.0800000000000054,0.100000000000009,0.00999999999999801,0.019999999999996,0.0200000000000031,0.0799999999999983,0.160000000000004,0.270000000000003,"PASS",NA,NA
"random_500_0.10_999","random",500,0.1,999,9,"random>brownian_generation>brownian_sort>brownian_sort_threshold>binary_D>complete_brownian>complete_D_ncores1>complete_D_ncores2",0.0700000000000003,0.110000000000007,0.0900000000000176,0.019999999999996,0.0400000000000063,0.0400000000000063,0.0900000000000034,0.149999999999991,0.280000000000001,"PASS",NA,NA
"random_500_0.10_999","random",500,0.1,999,10,"complete_D_ncores2>complete_D_ncores1>complete_brownian>binary_D>brownian_sort_threshold>brownian_sort>brownian_generation>random",0.0700000000000003,0.110000000000028,0.120000000000019,0.0200000000000102,0.0299999999999869,0.0400000000000063,0.0799999999999983,0.170000000000002,0.280000000000001,"PASS",NA,NA
"pectinate_500_0.10_999","pectinate",500,0.1,999,1,"random>brownian_generation>brownian_sort>brownian_sort_threshold>binary_D>complete_brownian>complete_D_ncores1>complete_D_ncores2",0.0600000000000023,0.0999999999999943,0.089999999999975,0.0200000000000102,0.00999999999999091,0.0400000000000205,0.0799999999999983,0.150000000000006,0.269999999999996,"PASS",NA,NA
"pectinate_500_0.10_999","pectinate",500,0.1,999,2,"complete_D_ncores2>complete_D_ncores1>complete_brownian>binary_D>brownian_sort_threshold>brownian_sort>brownian_generation>random",0.0600000000000023,0.0900000000000176,0.0999999999999943,0.0400000000000063,0.039999999999992,0.019999999999996,0.0799999999999983,0.170000000000002,0.269999999999996,"PASS",NA,NA
"pectinate_500_0.10_999","pectinate",500,0.1,999,3,"random>brownian_generation>brownian_sort>brownian_sort_threshold>binary_D>complete_brownian>complete_D_ncores1>complete_D_ncores2",0.0600000000000023,0.0900000000000034,0.140000000000015,0.00999999999999091,0.0300000000000153,0.0100000000000051,0.0800000000000125,0.180000000000007,0.269999999999996,"PASS",NA,NA
"pectinate_500_0.10_999","pectinate",500,0.1,999,4,"complete_D_ncores2>complete_D_ncores1>complete_brownian>binary_D>brownian_sort_threshold>brownian_sort>brownian_generation>random",0.0600000000000023,0.019999999999996,0.0899999999999892,0,0.0200000000000102,0.0500000000000114,0.0599999999999881,0.159999999999997,0.27000000000001,"PASS",NA,NA
"pectinate_500_0.10_999","pectinate",500,0.1,999,5,"random>brownian_generation>brownian_sort>brownian_sort_threshold>binary_D>complete_brownian>complete_D_ncores1>complete_D_ncores2",0.0600000000000023,0.0799999999999983,0.0499999999999972,0.0299999999999869,0,0.0400000000000063,0.0799999999999983,0.140000000000001,0.269999999999996,"PASS",NA,NA
"pectinate_500_0.10_999","pectinate",500,0.1,999,6,"complete_D_ncores2>complete_D_ncores1>complete_brownian>binary_D>brownian_sort_threshold>brownian_sort>brownian_generation>random",0.0600000000000023,0.11999999999999,0.089999999999975,0.019999999999996,0.0400000000000063,0.0599999999999881,0.0799999999999983,0.170000000000002,0.25,"PASS",NA,NA
"pectinate_500_0.10_999","pectinate",500,0.1,999,7,"random>brownian_generation>brownian_sort>brownian_sort_threshold>binary_D>complete_brownian>complete_D_ncores1>complete_D_ncores2",0.0600000000000023,0.0599999999999881,0.069999999999979,0,0.0600000000000023,0.0500000000000114,0.0599999999999881,0.159999999999997,0.290000000000006,"PASS",NA,NA
"pectinate_500_0.10_999","pectinate",500,0.1,999,8,"complete_D_ncores2>complete_D_ncores1>complete_brownian>binary_D>brownian_sort_threshold>brownian_sort>brownian_generation>random",0.0600000000000023,0.110000000000014,0.109999999999999,0.0400000000000063,0.019999999999996,0.0300000000000011,0.0700000000000074,0.159999999999997,0.279999999999987,"PASS",NA,NA
"pectinate_500_0.10_999","pectinate",500,0.1,999,9,"random>brownian_generation>brownian_sort>brownian_sort_threshold>binary_D>complete_brownian>complete_D_ncores1>complete_D_ncores2",0.0600000000000023,0.0599999999999739,0.0800000000000125,0.00999999999999091,0.019999999999996,0.039999999999992,0.0699999999999932,0.159999999999997,0.25,"PASS",NA,NA
"pectinate_500_0.10_999","pectinate",500,0.1,999,10,"complete_D_ncores2>complete_D_ncores1>complete_brownian>binary_D>brownian_sort_threshold>brownian_sort>brownian_generation>random",0.0600000000000023,0.0999999999999801,0.039999999999992,0.019999999999996,0.0299999999999869,0.039999999999992,0.0799999999999983,0.159999999999997,0.260000000000005,"PASS",NA,NA
"balanced_2000_0.10_999","balanced",2000,0.1,999,1,"random>brownian_generation>brownian_sort>brownian_sort_threshold>binary_D>complete_brownian>complete_D_ncores1>complete_D_ncores2",0.219999999999999,0.19999999999996,0.230000000000018,0.150000000000006,0.110000000000014,0.149999999999963,0.329999999999998,0.669999999999987,1.14,"PASS",NA,NA
"balanced_2000_0.10_999","balanced",2000,0.1,999,2,"complete_D_ncores2>complete_D_ncores1>complete_brownian>binary_D>brownian_sort_threshold>brownian_sort>brownian_generation>random",0.219999999999999,0.180000000000007,0.219999999999999,0.100000000000009,0.120000000000005,0.140000000000015,0.329999999999998,0.679999999999993,1.11999999999999,"PASS",NA,NA
"balanced_2000_0.10_999","balanced",2000,0.1,999,3,"random>brownian_generation>brownian_sort>brownian_sort_threshold>binary_D>complete_brownian>complete_D_ncores1>complete_D_ncores2",0.219999999999999,0.220000000000027,0.219999999999999,0.129999999999995,0.0900000000000176,0.159999999999982,0.309999999999988,0.689999999999998,1.16,"PASS",NA,NA
"balanced_2000_0.10_999","balanced",2000,0.1,999,4,"complete_D_ncores2>complete_D_ncores1>complete_brownian>binary_D>brownian_sort_threshold>brownian_sort>brownian_generation>random",0.219999999999999,0.22999999999999,0.240000000000009,0.0900000000000034,0.100000000000009,0.130000000000038,0.329999999999998,0.670000000000002,1.15000000000001,"PASS",NA,NA
"balanced_2000_0.10_999","balanced",2000,0.1,999,5,"random>brownian_generation>brownian_sort>brownian_sort_threshold>binary_D>complete_brownian>complete_D_ncores1>complete_D_ncores2",0.219999999999999,0.219999999999999,0.229999999999976,0.0700000000000216,0.0899999999999892,0.0800000000000125,0.319999999999993,0.689999999999998,1.14,"PASS",NA,NA
"balanced_2000_0.10_999","balanced",2000,0.1,999,6,"complete_D_ncores2>complete_D_ncores1>complete_brownian>binary_D>brownian_sort_threshold>brownian_sort>brownian_generation>random",0.219999999999999,0.19999999999996,0.229999999999961,0.0600000000000307,0.120000000000033,0.149999999999977,0.319999999999993,0.689999999999998,1.14,"PASS",NA,NA
"balanced_2000_0.10_999","balanced",2000,0.1,999,7,"random>brownian_generation>brownian_sort>brownian_sort_threshold>binary_D>complete_brownian>complete_D_ncores1>complete_D_ncores2",0.219999999999999,0.180000000000007,0.20999999999998,0.0999999999999943,0.109999999999985,0.100000000000051,0.330000000000013,0.680000000000007,1.13999999999999,"PASS",NA,NA
"balanced_2000_0.10_999","balanced",2000,0.1,999,8,"complete_D_ncores2>complete_D_ncores1>complete_brownian>binary_D>brownian_sort_threshold>brownian_sort>brownian_generation>random",0.219999999999999,0.140000000000043,0.240000000000009,0.0700000000000216,0.129999999999967,0.109999999999985,0.319999999999993,0.670000000000016,1.13999999999999,"PASS",NA,NA
"balanced_2000_0.10_999","balanced",2000,0.1,999,9,"random>brownian_generation>brownian_sort>brownian_sort_threshold>binary_D>complete_brownian>complete_D_ncores1>complete_D_ncores2",0.219999999999999,0.189999999999998,0.22999999999999,0.130000000000024,0.110000000000014,0.120000000000033,0.329999999999984,0.70999999999998,1.15000000000001,"PASS",NA,NA
"balanced_2000_0.10_999","balanced",2000,0.1,999,10,"complete_D_ncores2>complete_D_ncores1>complete_brownian>binary_D>brownian_sort_threshold>brownian_sort>brownian_generation>random",0.219999999999999,0.129999999999967,0.239999999999981,0.0800000000000409,0.169999999999987,0.129999999999995,0.330000000000013,0.669999999999987,1.13999999999999,"PASS",NA,NA
"random_2000_0.10_999","random",2000,0.1,999,1,"random>brownian_generation>brownian_sort>brownian_sort_threshold>binary_D>complete_brownian>complete_D_ncores1>complete_D_ncores2",0.199999999999989,0.239999999999981,0.25,0.110000000000014,0.130000000000024,0.119999999999976,0.319999999999993,0.710000000000008,1.16,"PASS",NA,NA
"random_2000_0.10_999","random",2000,0.1,999,2,"complete_D_ncores2>complete_D_ncores1>complete_brownian>binary_D>brownian_sort_threshold>brownian_sort>brownian_generation>random",0.199999999999989,0.149999999999977,0.230000000000018,0.110000000000014,0.109999999999957,0.11000000000007,0.310000000000002,0.700000000000017,1.15000000000001,"PASS",NA,NA
"random_2000_0.10_999","random",2000,0.1,999,3,"random>brownian_generation>brownian_sort>brownian_sort_threshold>binary_D>complete_brownian>complete_D_ncores1>complete_D_ncores2",0.199999999999989,0.189999999999998,0.200000000000045,0.110000000000014,0.0799999999999557,0.109999999999985,0.340000000000003,0.700000000000017,1.16,"PASS",NA,NA
"random_2000_0.10_999","random",2000,0.1,999,4,"complete_D_ncores2>complete_D_ncores1>complete_brownian>binary_D>brownian_sort_threshold>brownian_sort>brownian_generation>random",0.199999999999989,0.239999999999981,0.20999999999998,0.0900000000000034,0.0799999999999557,0.110000000000014,0.340000000000003,0.689999999999998,1.16,"PASS",NA,NA
"random_2000_0.10_999","random",2000,0.1,999,5,"random>brownian_generation>brownian_sort>brownian_sort_threshold>binary_D>complete_brownian>complete_D_ncores1>complete_D_ncores2",0.199999999999989,0.150000000000006,0.27000000000001,0.109999999999985,0.0999999999999659,0.129999999999995,0.319999999999993,0.689999999999998,1.15000000000001,"PASS",NA,NA
"random_2000_0.10_999","random",2000,0.1,999,6,"complete_D_ncores2>complete_D_ncores1>complete_brownian>binary_D>brownian_sort_threshold>brownian_sort>brownian_generation>random",0.199999999999989,0.150000000000063,0.229999999999961,0.120000000000033,0.0900000000000034,0.120000000000005,0.329999999999984,0.680000000000007,1.16999999999999,"PASS",NA,NA
"random_2000_0.10_999","random",2000,0.1,999,7,"random>brownian_generation>brownian_sort>brownian_sort_threshold>binary_D>complete_brownian>complete_D_ncores1>complete_D_ncores2",0.199999999999989,0.210000000000008,0.170000000000016,0.120000000000005,0.159999999999997,0.119999999999948,0.329999999999984,0.699999999999989,1.13999999999999,"PASS",NA,NA
"random_2000_0.10_999","random",2000,0.1,999,8,"complete_D_ncores2>complete_D_ncores1>complete_brownian>binary_D>brownian_sort_threshold>brownian_sort>brownian_generation>random",0.199999999999989,0.140000000000015,0.219999999999999,0.139999999999986,0.110000000000014,0.120000000000005,0.329999999999984,0.680000000000007,1.16,"PASS",NA,NA
"random_2000_0.10_999","random",2000,0.1,999,9,"random>brownian_generation>brownian_sort>brownian_sort_threshold>binary_D>complete_brownian>complete_D_ncores1>complete_D_ncores2",0.199999999999989,0.170000000000016,0.240000000000009,0.159999999999997,0.0800000000000409,0.0799999999999841,0.330000000000013,0.689999999999998,1.13999999999999,"PASS",NA,NA
"random_2000_0.10_999","random",2000,0.1,999,10,"complete_D_ncores2>complete_D_ncores1>complete_brownian>binary_D>brownian_sort_threshold>brownian_sort>brownian_generation>random",0.199999999999989,0.140000000000015,0.150000000000006,0.160000000000025,0.109999999999985,0.0800000000000125,0.330000000000013,0.679999999999978,1.14000000000001,"PASS",NA,NA
"pectinate_2000_0.10_999","pectinate",2000,0.1,999,1,"random>brownian_generation>brownian_sort>brownian_sort_threshold>binary_D>complete_brownian>complete_D_ncores1>complete_D_ncores2",0.25,0.119999999999976,0.210000000000008,0.089999999999975,0.0900000000000034,0.140000000000015,0.310000000000002,0.669999999999987,1.09,"PASS",NA,NA
"pectinate_2000_0.10_999","pectinate",2000,0.1,999,2,"complete_D_ncores2>complete_D_ncores1>complete_brownian>binary_D>brownian_sort_threshold>brownian_sort>brownian_generation>random",0.25,0.130000000000024,0.20999999999998,0.109999999999928,0.0899999999999466,0.109999999999957,0.300000000000011,0.670000000000016,1.11000000000001,"PASS",NA,NA
"pectinate_2000_0.10_999","pectinate",2000,0.1,999,3,"random>brownian_generation>brownian_sort>brownian_sort_threshold>binary_D>complete_brownian>complete_D_ncores1>complete_D_ncores2",0.25,0.200000000000045,0.249999999999972,0.119999999999948,0.119999999999976,0.0999999999999943,0.300000000000011,0.659999999999997,1.12,"PASS",NA,NA
"pectinate_2000_0.10_999","pectinate",2000,0.1,999,4,"complete_D_ncores2>complete_D_ncores1>complete_brownian>binary_D>brownian_sort_threshold>brownian_sort>brownian_generation>random",0.25,0.230000000000018,0.22999999999999,0.140000000000015,0.0900000000000034,0.109999999999985,0.289999999999992,0.639999999999986,1.11000000000001,"PASS",NA,NA
"pectinate_2000_0.10_999","pectinate",2000,0.1,999,5,"random>brownian_generation>brownian_sort>brownian_sort_threshold>binary_D>complete_brownian>complete_D_ncores1>complete_D_ncores2",0.25,0.189999999999998,0.210000000000036,0.100000000000023,0.0499999999999829,0.139999999999986,0.319999999999993,0.650000000000006,1.12,"PASS",NA,NA
"pectinate_2000_0.10_999","pectinate",2000,0.1,999,6,"complete_D_ncores2>complete_D_ncores1>complete_brownian>binary_D>brownian_sort_threshold>brownian_sort>brownian_generation>random",0.25,0.20999999999998,0.199999999999989,0.120000000000005,0.0800000000000125,0.110000000000042,0.289999999999992,0.669999999999987,1.10999999999999,"PASS",NA,NA
"pectinate_2000_0.10_999","pectinate",2000,0.1,999,7,"random>brownian_generation>brownian_sort>brownian_sort_threshold>binary_D>complete_brownian>complete_D_ncores1>complete_D_ncores2",0.25,0.229999999999961,0.199999999999989,0.139999999999986,0.0999999999999943,0.0999999999999943,0.319999999999993,0.669999999999987,1.09999999999999,"PASS",NA,NA
"pectinate_2000_0.10_999","pectinate",2000,0.1,999,8,"complete_D_ncores2>complete_D_ncores1>complete_brownian>binary_D>brownian_sort_threshold>brownian_sort>brownian_generation>random",0.25,0.170000000000073,0.240000000000009,0.129999999999995,0.110000000000042,0.110000000000014,0.289999999999992,0.640000000000015,1.13,"PASS",NA,NA
"pectinate_2000_0.10_999","pectinate",2000,0.1,999,9,"random>brownian_generation>brownian_sort>brownian_sort_threshold>binary_D>complete_brownian>complete_D_ncores1>complete_D_ncores2",0.25,0.200000000000045,0.219999999999914,0.100000000000023,0.120000000000005,0.129999999999939,0.329999999999984,0.639999999999986,1.09000000000003,"PASS",NA,NA
"pectinate_2000_0.10_999","pectinate",2000,0.1,999,10,"complete_D_ncores2>complete_D_ncores1>complete_brownian>binary_D>brownian_sort_threshold>brownian_sort>brownian_generation>random",0.25,0.120000000000061,0.199999999999989,0.0799999999999272,0.0900000000000318,0.0999999999999659,0.310000000000002,0.670000000000016,1.11000000000001,"PASS",NA,NA
"balanced_5000_0.10_999","balanced",5000,0.1,999,1,"random>brownian_generation>brownian_sort>brownian_sort_threshold>binary_D>complete_brownian>complete_D_ncores1>complete_D_ncores2",0.569999999999993,0.430000000000007,0.589999999999918,0.29000000000002,0.269999999999925,0.400000000000034,0.860000000000014,1.92000000000002,3.04999999999995,"PASS",NA,NA
"balanced_5000_0.10_999","balanced",5000,0.1,999,2,"complete_D_ncores2>complete_D_ncores1>complete_brownian>binary_D>brownian_sort_threshold>brownian_sort>brownian_generation>random",0.569999999999993,0.419999999999959,0.559999999999889,0.300000000000011,0.310000000000116,0.349999999999966,0.850000000000023,1.90000000000003,3.04999999999995,"PASS",NA,NA
"balanced_5000_0.10_999","balanced",5000,0.1,999,3,"random>brownian_generation>brownian_sort>brownian_sort_threshold>binary_D>complete_brownian>complete_D_ncores1>complete_D_ncores2",0.569999999999993,0.440000000000055,0.560000000000059,0.299999999999955,0.319999999999936,0.339999999999975,0.860000000000014,1.93000000000001,3.00999999999999,"PASS",NA,NA
"balanced_5000_0.10_999","balanced",5000,0.1,999,4,"complete_D_ncores2>complete_D_ncores1>complete_brownian>binary_D>brownian_sort_threshold>brownian_sort>brownian_generation>random",0.569999999999993,0.430000000000064,0.560000000000059,0.310000000000002,0.269999999999925,0.32000000000005,0.859999999999957,1.92999999999995,3.03000000000003,"PASS",NA,NA
"balanced_5000_0.10_999","balanced",5000,0.1,999,5,"random>brownian_generation>brownian_sort>brownian_sort_threshold>binary_D>complete_brownian>complete_D_ncores1>complete_D_ncores2",0.569999999999993,0.430000000000064,0.509999999999991,0.289999999999964,0.310000000000059,0.350000000000023,0.860000000000014,1.94999999999999,3.06,"PASS",NA,NA
"balanced_5000_0.10_999","balanced",5000,0.1,999,6,"complete_D_ncores2>complete_D_ncores1>complete_brownian>binary_D>brownian_sort_threshold>brownian_sort>brownian_generation>random",0.569999999999993,0.409999999999968,0.57000000000005,0.330000000000041,0.320000000000107,0.340000000000089,0.860000000000014,1.91000000000003,3.02999999999997,"PASS",NA,NA
"balanced_5000_0.10_999","balanced",5000,0.1,999,7,"random>brownian_generation>brownian_sort>brownian_sort_threshold>binary_D>complete_brownian>complete_D_ncores1>complete_D_ncores2",0.569999999999993,0.399999999999977,0.519999999999925,0.309999999999945,0.270000000000039,0.370000000000061,0.849999999999966,1.92000000000002,3.03000000000003,"PASS",NA,NA
"balanced_5000_0.10_999","balanced",5000,0.1,999,8,"complete_D_ncores2>complete_D_ncores1>complete_brownian>binary_D>brownian_sort_threshold>brownian_sort>brownian_generation>random",0.569999999999993,0.379999999999939,0.54000000000002,0.29000000000002,0.290000000000077,0.349999999999966,0.860000000000014,1.93000000000001,3.02999999999997,"PASS",NA,NA
"balanced_5000_0.10_999","balanced",5000,0.1,999,9,"random>brownian_generation>brownian_sort>brownian_sort_threshold>binary_D>complete_brownian>complete_D_ncores1>complete_D_ncores2",0.569999999999993,0.400000000000034,0.550000000000011,0.28000000000003,0.260000000000048,0.350000000000023,0.839999999999975,1.90000000000003,3.04000000000002,"PASS",NA,NA
"balanced_5000_0.10_999","balanced",5000,0.1,999,10,"complete_D_ncores2>complete_D_ncores1>complete_brownian>binary_D>brownian_sort_threshold>brownian_sort>brownian_generation>random",0.569999999999993,0.390000000000043,0.5,0.329999999999984,0.32000000000005,0.379999999999939,0.860000000000014,1.94,3.05000000000001,"PASS",NA,NA
"random_5000_0.10_999","random",5000,0.1,999,1,"random>brownian_generation>brownian_sort>brownian_sort_threshold>binary_D>complete_brownian>complete_D_ncores1>complete_D_ncores2",0.560000000000002,0.380000000000052,0.539999999999964,0.29000000000002,0.270000000000039,0.369999999999834,0.860000000000014,1.98000000000002,3.07999999999998,"PASS",NA,NA
"random_5000_0.10_999","random",5000,0.1,999,2,"complete_D_ncores2>complete_D_ncores1>complete_brownian>binary_D>brownian_sort_threshold>brownian_sort>brownian_generation>random",0.560000000000002,0.419999999999959,0.580000000000041,0.300000000000011,0.300000000000011,0.350000000000023,0.879999999999995,1.94,3.07999999999998,"PASS",NA,NA
"random_5000_0.10_999","random",5000,0.1,999,3,"random>brownian_generation>brownian_sort>brownian_sort_threshold>binary_D>complete_brownian>complete_D_ncores1>complete_D_ncores2",0.560000000000002,0.399999999999977,0.559999999999945,0.29000000000002,0.269999999999925,0.309999999999945,0.840000000000032,1.94,3.09999999999997,"PASS",NA,NA
"random_5000_0.10_999","random",5000,0.1,999,4,"complete_D_ncores2>complete_D_ncores1>complete_brownian>binary_D>brownian_sort_threshold>brownian_sort>brownian_generation>random",0.560000000000002,0.440000000000055,0.549999999999955,0.319999999999936,0.269999999999982,0.329999999999927,0.879999999999995,1.95999999999998,3.05000000000001,"PASS",NA,NA
"random_5000_0.10_999","random",5000,0.1,999,5,"random>brownian_generation>brownian_sort>brownian_sort_threshold>binary_D>complete_brownian>complete_D_ncores1>complete_D_ncores2",0.560000000000002,0.439999999999941,0.53000000000003,0.329999999999984,0.270000000000039,0.349999999999966,0.879999999999995,1.94,3.06999999999999,"PASS",NA,NA
"random_5000_0.10_999","random",5000,0.1,999,6,"complete_D_ncores2>complete_D_ncores1>complete_brownian>binary_D>brownian_sort_threshold>brownian_sort>brownian_generation>random",0.560000000000002,0.440000000000055,0.570000000000164,0.300000000000068,0.239999999999952,0.330000000000041,0.879999999999995,1.94,3.07999999999998,"PASS",NA,NA
"random_5000_0.10_999","random",5000,0.1,999,7,"random>brownian_generation>brownian_sort>brownian_sort_threshold>binary_D>complete_brownian>complete_D_ncores1>complete_D_ncores2",0.560000000000002,0.379999999999995,0.57000000000005,0.259999999999991,0.279999999999973,0.349999999999909,0.840000000000032,2,3.94,"PASS",NA,NA
"random_5000_0.10_999","random",5000,0.1,999,8,"complete_D_ncores2>complete_D_ncores1>complete_brownian>binary_D>brownian_sort_threshold>brownian_sort>brownian_generation>random",0.560000000000002,0.409999999999968,0.529999999999973,0.279999999999973,0.28000000000003,0.3599999999999,0.840000000000032,1.94,3.29999999999995,"PASS",NA,NA
"random_5000_0.10_999","random",5000,0.1,999,9,"random>brownian_generation>brownian_sort>brownian_sort_threshold>binary_D>complete_brownian>complete_D_ncores1>complete_D_ncores2",0.560000000000002,0.420000000000016,0.57999999999987,0.300000000000125,0.299999999999955,0.370000000000005,0.860000000000014,1.99000000000001,3.17000000000002,"PASS",NA,NA
"random_5000_0.10_999","random",5000,0.1,999,10,"complete_D_ncores2>complete_D_ncores1>complete_brownian>binary_D>brownian_sort_threshold>brownian_sort>brownian_generation>random",0.560000000000002,0.380000000000109,0.620000000000005,0.269999999999982,0.32000000000005,0.349999999999966,0.879999999999995,1.94,3.15999999999997,"PASS",NA,NA
"pectinate_5000_0.10_999","pectinate",5000,0.1,999,1,"random>brownian_generation>brownian_sort>brownian_sort_threshold>binary_D>complete_brownian>complete_D_ncores1>complete_D_ncores2",0.610000000000014,0.400000000000091,0.539999999999623,0.269999999999982,0.249999999999886,0.329999999999927,0.810000000000059,1.79000000000008,3.05999999999995,"PASS",NA,NA
"pectinate_5000_0.10_999","pectinate",5000,0.1,999,2,"complete_D_ncores2>complete_D_ncores1>complete_brownian>binary_D>brownian_sort_threshold>brownian_sort>brownian_generation>random",0.610000000000014,0.379999999999995,0.589999999999691,0.25,0.269999999999868,0.330000000000155,0.789999999999964,1.80000000000007,2.97000000000003,"PASS",NA,NA
"pectinate_5000_0.10_999","pectinate",5000,0.1,999,3,"random>brownian_generation>brownian_sort>brownian_sort_threshold>binary_D>complete_brownian>complete_D_ncores1>complete_D_ncores2",0.610000000000014,0.389999999999986,0.579999999999927,0.269999999999868,0.289999999999964,0.359999999999786,0.790000000000077,1.80999999999995,3,"PASS",NA,NA
"pectinate_5000_0.10_999","pectinate",5000,0.1,999,4,"complete_D_ncores2>complete_D_ncores1>complete_brownian>binary_D>brownian_sort_threshold>brownian_sort>brownian_generation>random",0.610000000000014,0.399999999999977,0.540000000000191,0.260000000000105,0.240000000000009,0.330000000000155,0.799999999999955,1.75,2.97000000000003,"PASS",NA,NA
"pectinate_5000_0.10_999","pectinate",5000,0.1,999,5,"random>brownian_generation>brownian_sort>brownian_sort_threshold>binary_D>complete_brownian>complete_D_ncores1>complete_D_ncores2",0.610000000000014,0.400000000000205,0.520000000000095,0.259999999999877,0.210000000000036,0.340000000000032,0.799999999999955,1.79999999999995,2.97000000000003,"PASS",NA,NA
"pectinate_5000_0.10_999","pectinate",5000,0.1,999,6,"complete_D_ncores2>complete_D_ncores1>complete_brownian>binary_D>brownian_sort_threshold>brownian_sort>brownian_generation>random",0.610000000000014,0.459999999999923,0.570000000000164,0.259999999999991,0.250000000000227,0.309999999999945,0.799999999999955,1.7600000000001,2.90999999999997,"PASS",NA,NA
"pectinate_5000_0.10_999","pectinate",5000,0.1,999,7,"random>brownian_generation>brownian_sort>brownian_sort_threshold>binary_D>complete_brownian>complete_D_ncores1>complete_D_ncores2",0.610000000000014,0.430000000000177,0.529999999999745,0.240000000000123,0.249999999999886,0.289999999999964,0.780000000000086,1.77999999999997,2.95999999999992,"PASS",NA,NA
"pectinate_5000_0.10_999","pectinate",5000,0.1,999,8,"complete_D_ncores2>complete_D_ncores1>complete_brownian>binary_D>brownian_sort_threshold>brownian_sort>brownian_generation>random",0.610000000000014,0.430000000000064,0.599999999999454,0.309999999999832,0.259999999999991,0.339999999999918,0.779999999999973,1.79000000000008,2.89999999999998,"PASS",NA,NA
"pectinate_5000_0.10_999","pectinate",5000,0.1,999,9,"random>brownian_generation>brownian_sort>brownian_sort_threshold>binary_D>complete_brownian>complete_D_ncores1>complete_D_ncores2",0.610000000000014,0.450000000000045,0.530000000000314,0.270000000000095,0.200000000000045,0.319999999999823,0.790000000000077,1.80999999999995,3.02999999999997,"PASS",NA,NA
"pectinate_5000_0.10_999","pectinate",5000,0.1,999,10,"complete_D_ncores2>complete_D_ncores1>complete_brownian>binary_D>brownian_sort_threshold>brownian_sort>brownian_generation>random",0.610000000000014,0.379999999999995,0.559999999999718,0.230000000000018,0.240000000000009,0.360000000000127,0.779999999999973,1.80999999999995,2.96999999999991,"PASS",NA,NA
"balanced_500_0.50_999","balanced",500,0.5,999,1,"random>brownian_generation>brownian_sort>brownian_sort_threshold>binary_D>complete_brownian>complete_D_ncores1>complete_D_ncores2",0.0600000000000591,0.0300000000000864,0.0900000000001455,0.0199999999999818,0.0200000000000955,0.0899999999999181,0.0600000000000591,0.169999999999959,0.299999999999955,"PASS",NA,NA
"balanced_500_0.50_999","balanced",500,0.5,999,2,"complete_D_ncores2>complete_D_ncores1>complete_brownian>binary_D>brownian_sort_threshold>brownian_sort>brownian_generation>random",0.0600000000000591,0.0399999999999636,0.0599999999999454,0,0.0199999999999818,0.0100000000001046,0.0800000000000409,0.170000000000073,0.290000000000077,"PASS",NA,NA
"balanced_500_0.50_999","balanced",500,0.5,999,3,"random>brownian_generation>brownian_sort>brownian_sort_threshold>binary_D>complete_brownian>complete_D_ncores1>complete_D_ncores2",0.0600000000000591,0.0800000000000409,0.0199999999999818,0.0299999999999727,0.0199999999999818,0.0199999999999818,0.0800000000000409,0.149999999999977,0.279999999999973,"PASS",NA,NA
"balanced_500_0.50_999","balanced",500,0.5,999,4,"complete_D_ncores2>complete_D_ncores1>complete_brownian>binary_D>brownian_sort_threshold>brownian_sort>brownian_generation>random",0.0600000000000591,0.0800000000000409,0.0600000000000591,0.0199999999999818,0.0199999999999818,0.0399999999999636,0.0799999999999272,0.169999999999959,0.300000000000068,"PASS",NA,NA
"balanced_500_0.50_999","balanced",500,0.5,999,5,"random>brownian_generation>brownian_sort>brownian_sort_threshold>binary_D>complete_brownian>complete_D_ncores1>complete_D_ncores2",0.0600000000000591,0.0900000000000318,0.0799999999999272,0.0199999999999818,0.0400000000000773,0.0299999999999727,0.07000000000005,0.169999999999959,0.279999999999973,"PASS",NA,NA
"balanced_500_0.50_999","balanced",500,0.5,999,6,"complete_D_ncores2>complete_D_ncores1>complete_brownian>binary_D>brownian_sort_threshold>brownian_sort>brownian_generation>random",0.0600000000000591,0.0800000000000409,0.0900000000000318,0.0399999999999636,0.0100000000001046,0.00999999999999091,0.0799999999999272,0.169999999999959,0.260000000000105,"PASS",NA,NA
"balanced_500_0.50_999","balanced",500,0.5,999,7,"random>brownian_generation>brownian_sort>brownian_sort_threshold>binary_D>complete_brownian>complete_D_ncores1>complete_D_ncores2",0.0600000000000591,0.0900000000000318,0.0500000000000682,0.0399999999999636,0.0400000000000773,0.00999999999999091,0.07000000000005,0.170000000000073,0.279999999999973,"PASS",NA,NA
"balanced_500_0.50_999","balanced",500,0.5,999,8,"complete_D_ncores2>complete_D_ncores1>complete_brownian>binary_D>brownian_sort_threshold>brownian_sort>brownian_generation>random",0.0600000000000591,0.0600000000000591,0.120000000000118,0.0400000000000773,0.0199999999999818,0.0199999999999818,0.0900000000000318,0.190000000000055,0.279999999999973,"PASS",NA,NA
"balanced_500_0.50_999","balanced",500,0.5,999,9,"random>brownian_generation>brownian_sort>brownian_sort_threshold>binary_D>complete_brownian>complete_D_ncores1>complete_D_ncores2",0.0600000000000591,0.0599999999999454,0.110000000000014,0.0399999999999636,0,0.0499999999999545,0.07000000000005,0.169999999999959,0.289999999999964,"PASS",NA,NA
"balanced_500_0.50_999","balanced",500,0.5,999,10,"complete_D_ncores2>complete_D_ncores1>complete_brownian>binary_D>brownian_sort_threshold>brownian_sort>brownian_generation>random",0.0600000000000591,0.0500000000000682,0.0300000000000864,0.0299999999999727,0.0499999999999545,0,0.0799999999999272,0.169999999999959,0.290000000000077,"PASS",NA,NA
"random_500_0.50_999","random",500,0.5,999,1,"random>brownian_generation>brownian_sort>brownian_sort_threshold>binary_D>complete_brownian>complete_D_ncores1>complete_D_ncores2",0.0699999999999363,0.00999999999999091,0.120000000000005,0.0200000000000955,0.0199999999999818,0.0200000000000955,0.0599999999999454,0.169999999999959,0.260000000000105,"PASS",NA,NA
"random_500_0.50_999","random",500,0.5,999,2,"complete_D_ncores2>complete_D_ncores1>complete_brownian>binary_D>brownian_sort_threshold>brownian_sort>brownian_generation>random",0.0699999999999363,0.0400000000000773,0.0900000000000318,0.0499999999999545,0,0.00999999999999091,0.07000000000005,0.17999999999995,0.279999999999973,"PASS",NA,NA
"random_500_0.50_999","random",500,0.5,999,3,"random>brownian_generation>brownian_sort>brownian_sort_threshold>binary_D>complete_brownian>complete_D_ncores1>complete_D_ncores2",0.0699999999999363,0.130000000000109,0.00999999999999091,0.00999999999999091,0.0199999999999818,0.0200000000000955,0.0799999999999272,0.169999999999959,0.280000000000086,"PASS",NA,NA
"random_500_0.50_999","random",500,0.5,999,4,"complete_D_ncores2>complete_D_ncores1>complete_brownian>binary_D>brownian_sort_threshold>brownian_sort>brownian_generation>random",0.0699999999999363,0.0199999999999818,0.0599999999999454,0.0499999999999545,0.0299999999999727,0.0299999999999727,0.0900000000000318,0.190000000000055,0.279999999999973,"PASS",NA,NA
"random_500_0.50_999","random",500,0.5,999,5,"random>brownian_generation>brownian_sort>brownian_sort_threshold>binary_D>complete_brownian>complete_D_ncores1>complete_D_ncores2",0.0699999999999363,0.110000000000127,0.0800000000001546,0,0.0100000000001046,0.0199999999999818,0.0900000000000318,0.160000000000082,0.269999999999982,"PASS",NA,NA
"random_500_0.50_999","random",500,0.5,999,6,"complete_D_ncores2>complete_D_ncores1>complete_brownian>binary_D>brownian_sort_threshold>brownian_sort>brownian_generation>random",0.0699999999999363,0.0899999999999181,0.0499999999999545,0.0199999999999818,0.0399999999999636,0.00999999999999091,0.0800000000000409,0.170000000000073,0.279999999999973,"PASS",NA,NA
"random_500_0.50_999","random",500,0.5,999,7,"random>brownian_generation>brownian_sort>brownian_sort_threshold>binary_D>complete_brownian>complete_D_ncores1>complete_D_ncores2",0.0699999999999363,0.1099999999999,0.129999999999995,0.0100000000001046,0.0199999999999818,0.0399999999999636,0.0800000000000409,0.189999999999941,0.279999999999973,"PASS",NA,NA
"random_500_0.50_999","random",500,0.5,999,8,"complete_D_ncores2>complete_D_ncores1>complete_brownian>binary_D>brownian_sort_threshold>brownian_sort>brownian_generation>random",0.0699999999999363,0.0999999999999091,0.0599999999999454,0.00999999999999091,0.0299999999999727,0,0.0799999999999272,0.169999999999959,0.280000000000086,"PASS",NA,NA
"random_500_0.50_999","random",500,0.5,999,9,"random>brownian_generation>brownian_sort>brownian_sort_threshold>binary_D>complete_brownian>complete_D_ncores1>complete_D_ncores2",0.0699999999999363,0.0900000000000318,0.0900000000000318,0.0500000000000682,0.0299999999999727,0.0499999999999545,0.0799999999999272,0.169999999999959,0.280000000000086,"PASS",NA,NA
"random_500_0.50_999","random",500,0.5,999,10,"complete_D_ncores2>complete_D_ncores1>complete_brownian>binary_D>brownian_sort_threshold>brownian_sort>brownian_generation>random",0.0699999999999363,0.110000000000127,0.0600000000000591,0.0199999999999818,0.0399999999999636,0.0499999999999545,0.0800000000000409,0.169999999999959,0.279999999999973,"PASS",NA,NA
"pectinate_500_0.50_999","pectinate",500,0.5,999,1,"random>brownian_generation>brownian_sort>brownian_sort_threshold>binary_D>complete_brownian>complete_D_ncores1>complete_D_ncores2",0.0699999999999363,0.0899999999999181,0.1400000000001,0.0199999999999818,0.0199999999999818,0.0199999999999818,0.0600000000000591,0.139999999999986,0.279999999999973,"PASS",NA,NA
"pectinate_500_0.50_999","pectinate",500,0.5,999,2,"complete_D_ncores2>complete_D_ncores1>complete_brownian>binary_D>brownian_sort_threshold>brownian_sort>brownian_generation>random",0.0699999999999363,0.00999999999999091,0.0300000000000864,0.0399999999999636,0,0.0199999999999818,0.0799999999999272,0.17999999999995,0.280000000000086,"PASS",NA,NA
"pectinate_500_0.50_999","pectinate",500,0.5,999,3,"random>brownian_generation>brownian_sort>brownian_sort_threshold>binary_D>complete_brownian>complete_D_ncores1>complete_D_ncores2",0.0699999999999363,0.00999999999999091,0.0499999999999545,0,0.00999999999999091,0.0399999999999636,0.0599999999999454,0.159999999999968,0.269999999999982,"PASS",NA,NA
"pectinate_500_0.50_999","pectinate",500,0.5,999,4,"complete_D_ncores2>complete_D_ncores1>complete_brownian>binary_D>brownian_sort_threshold>brownian_sort>brownian_generation>random",0.0699999999999363,0.0799999999999272,0.0899999999999181,0.00999999999999091,0.0300000000000864,0.0400000000000773,0.0800000000000409,0.150000000000091,0.25,"PASS",NA,NA
"pectinate_500_0.50_999","pectinate",500,0.5,999,5,"random>brownian_generation>brownian_sort>brownian_sort_threshold>binary_D>complete_brownian>complete_D_ncores1>complete_D_ncores2",0.0699999999999363,0.0999999999999091,0.0599999999999454,0.0199999999999818,0.0199999999999818,0.0299999999999727,0.0599999999999454,0.149999999999977,0.260000000000105,"PASS",NA,NA
"pectinate_500_0.50_999","pectinate",500,0.5,999,6,"complete_D_ncores2>complete_D_ncores1>complete_brownian>binary_D>brownian_sort_threshold>brownian_sort>brownian_generation>random",0.0699999999999363,0.130000000000109,0.0499999999999545,0.0799999999999272,0.0299999999999727,0.0199999999999818,0.0600000000000591,0.170000000000073,0.279999999999973,"PASS",NA,NA
"pectinate_500_0.50_999","pectinate",500,0.5,999,7,"random>brownian_generation>brownian_sort>brownian_sort_threshold>binary_D>complete_brownian>complete_D_ncores1>complete_D_ncores2",0.0699999999999363,0.0499999999999545,0.0599999999999454,0.0299999999999727,0.0399999999999636,0.00999999999999091,0.0699999999999363,0.160000000000082,0.259999999999991,"PASS",NA,NA
"pectinate_500_0.50_999","pectinate",500,0.5,999,8,"complete_D_ncores2>complete_D_ncores1>complete_brownian>binary_D>brownian_sort_threshold>brownian_sort>brownian_generation>random",0.0699999999999363,0.0500000000000682,0.0400000000000773,0.0199999999999818,0.0299999999999727,0.0199999999999818,0.07000000000005,0.139999999999986,0.289999999999964,"PASS",NA,NA
"pectinate_500_0.50_999","pectinate",500,0.5,999,9,"random>brownian_generation>brownian_sort>brownian_sort_threshold>binary_D>complete_brownian>complete_D_ncores1>complete_D_ncores2",0.0699999999999363,0.0500000000000682,0.07000000000005,0.00999999999999091,0.0299999999999727,0.0299999999999727,0.0699999999999363,0.159999999999968,0.279999999999973,"PASS",NA,NA
"pectinate_500_0.50_999","pectinate",500,0.5,999,10,"complete_D_ncores2>complete_D_ncores1>complete_brownian>binary_D>brownian_sort_threshold>brownian_sort>brownian_generation>random",0.0699999999999363,0.0300000000000864,0.0299999999999727,0.0100000000001046,0.0199999999999818,0.0300000000002001,0.0600000000000591,0.150000000000091,0.269999999999982,"PASS",NA,NA
"balanced_2000_0.50_999","balanced",2000,0.5,999,1,"random>brownian_generation>brownian_sort>brownian_sort_threshold>binary_D>complete_brownian>complete_D_ncores1>complete_D_ncores2",0.230000000000018,0.180000000000177,0.229999999999905,0.0999999999999091,0.120000000000005,0.120000000000005,0.309999999999945,0.689999999999941,1.18999999999994,"PASS",NA,NA
"balanced_2000_0.50_999","balanced",2000,0.5,999,2,"complete_D_ncores2>complete_D_ncores1>complete_brownian>binary_D>brownian_sort_threshold>brownian_sort>brownian_generation>random",0.230000000000018,0.150000000000091,0.240000000000009,0.110000000000014,0.1099999999999,0.100000000000023,0.330000000000041,0.690000000000055,1.19000000000005,"PASS",NA,NA
"balanced_2000_0.50_999","balanced",2000,0.5,999,3,"random>brownian_generation>brownian_sort>brownian_sort_threshold>binary_D>complete_brownian>complete_D_ncores1>complete_D_ncores2",0.230000000000018,0.170000000000073,0.170000000000073,0.159999999999854,0.110000000000014,0.150000000000091,0.32000000000005,0.689999999999941,1.15999999999997,"PASS",NA,NA
"balanced_2000_0.50_999","balanced",2000,0.5,999,4,"complete_D_ncores2>complete_D_ncores1>complete_brownian>binary_D>brownian_sort_threshold>brownian_sort>brownian_generation>random",0.230000000000018,0.150000000000091,0.200000000000045,0.119999999999891,0.120000000000005,0.130000000000109,0.310000000000059,0.710000000000036,1.17999999999995,"PASS",NA,NA
"balanced_2000_0.50_999","balanced",2000,0.5,999,5,"random>brownian_generation>brownian_sort>brownian_sort_threshold>binary_D>complete_brownian>complete_D_ncores1>complete_D_ncores2",0.230000000000018,0.159999999999968,0.200000000000045,0.150000000000091,0.1099999999999,0.120000000000005,0.329999999999927,0.689999999999941,1.21999999999991,"PASS",NA,NA
"balanced_2000_0.50_999","balanced",2000,0.5,999,6,"complete_D_ncores2>complete_D_ncores1>complete_brownian>binary_D>brownian_sort_threshold>brownian_sort>brownian_generation>random",0.230000000000018,0.199999999999932,0.230000000000018,0.130000000000109,0.07000000000005,0.0799999999999272,0.329999999999927,0.689999999999941,1.20000000000005,"PASS",NA,NA
"balanced_2000_0.50_999","balanced",2000,0.5,999,7,"random>brownian_generation>brownian_sort>brownian_sort_threshold>binary_D>complete_brownian>complete_D_ncores1>complete_D_ncores2",0.230000000000018,0.169999999999959,0.210000000000036,0.120000000000005,0.120000000000005,0.149999999999977,0.330000000000041,0.700000000000045,1.17000000000007,"PASS",NA,NA
"balanced_2000_0.50_999","balanced",2000,0.5,999,8,"complete_D_ncores2>complete_D_ncores1>complete_brownian>binary_D>brownian_sort_threshold>brownian_sort>brownian_generation>random",0.230000000000018,0.130000000000223,0.239999999999895,0.110000000000014,0.120000000000005,0.100000000000023,0.319999999999936,0.689999999999941,1.18000000000006,"PASS",NA,NA
"balanced_2000_0.50_999","balanced",2000,0.5,999,9,"random>brownian_generation>brownian_sort>brownian_sort_threshold>binary_D>complete_brownian>complete_D_ncores1>complete_D_ncores2",0.230000000000018,0.200000000000045,0.219999999999914,0.139999999999986,0.120000000000005,0.129999999999995,0.330000000000041,0.690000000000055,1.14999999999998,"PASS",NA,NA
"balanced_2000_0.50_999","balanced",2000,0.5,999,10,"complete_D_ncores2>complete_D_ncores1>complete_brownian>binary_D>brownian_sort_threshold>brownian_sort>brownian_generation>random",0.230000000000018,0.160000000000082,0.199999999999932,0.0900000000000318,0.0699999999999363,0.1099999999999,0.330000000000041,0.690000000000055,1.15999999999997,"PASS",NA,NA
"random_2000_0.50_999","random",2000,0.5,999,1,"random>brownian_generation>brownian_sort>brownian_sort_threshold>binary_D>complete_brownian>complete_D_ncores1>complete_D_ncores2",0.220000000000027,0.17999999999995,0.220000000000027,0.0800000000000409,0.100000000000023,0.0999999999999091,0.330000000000041,0.710000000000036,1.16000000000008,"PASS",NA,NA
"random_2000_0.50_999","random",2000,0.5,999,2,"complete_D_ncores2>complete_D_ncores1>complete_brownian>binary_D>brownian_sort_threshold>brownian_sort>brownian_generation>random",0.220000000000027,0.199999999999818,0.170000000000073,0.110000000000014,0.100000000000023,0.120000000000118,0.329999999999927,0.67999999999995,1.14999999999998,"PASS",NA,NA
"random_2000_0.50_999","random",2000,0.5,999,3,"random>brownian_generation>brownian_sort>brownian_sort_threshold>binary_D>complete_brownian>complete_D_ncores1>complete_D_ncores2",0.220000000000027,0.240000000000123,0.220000000000027,0.149999999999864,0.110000000000014,0.120000000000005,0.349999999999909,0.689999999999941,1.15999999999997,"PASS",NA,NA
"random_2000_0.50_999","random",2000,0.5,999,4,"complete_D_ncores2>complete_D_ncores1>complete_brownian>binary_D>brownian_sort_threshold>brownian_sort>brownian_generation>random",0.220000000000027,0.17999999999995,0.229999999999905,0.139999999999986,0.119999999999891,0.120000000000005,0.32000000000005,0.690000000000055,1.17000000000007,"PASS",NA,NA
"random_2000_0.50_999","random",2000,0.5,999,5,"random>brownian_generation>brownian_sort>brownian_sort_threshold>binary_D>complete_brownian>complete_D_ncores1>complete_D_ncores2",0.220000000000027,0.160000000000082,0.180000000000064,0.0899999999999181,0.0900000000000318,0.129999999999995,0.350000000000023,0.690000000000055,1.15000000000009,"PASS",NA,NA
"random_2000_0.50_999","random",2000,0.5,999,6,"complete_D_ncores2>complete_D_ncores1>complete_brownian>binary_D>brownian_sort_threshold>brownian_sort>brownian_generation>random",0.220000000000027,0.199999999999932,0.229999999999905,0.120000000000005,0.120000000000005,0.149999999999864,0.330000000000041,0.689999999999941,1.15999999999997,"PASS",NA,NA
"random_2000_0.50_999","random",2000,0.5,999,7,"random>brownian_generation>brownian_sort>brownian_sort_threshold>binary_D>complete_brownian>complete_D_ncores1>complete_D_ncores2",0.220000000000027,0.159999999999968,0.220000000000027,0.07000000000005,0.159999999999968,0.149999999999977,0.350000000000023,0.67999999999995,1.15999999999997,"PASS",NA,NA
"random_2000_0.50_999","random",2000,0.5,999,8,"complete_D_ncores2>complete_D_ncores1>complete_brownian>binary_D>brownian_sort_threshold>brownian_sort>brownian_generation>random",0.220000000000027,0.249999999999773,0.240000000000009,0.129999999999995,0.120000000000005,0.110000000000014,0.32000000000005,0.690000000000055,1.17000000000007,"PASS",NA,NA
"random_2000_0.50_999","random",2000,0.5,999,9,"random>brownian_generation>brownian_sort>brownian_sort_threshold>binary_D>complete_brownian>complete_D_ncores1>complete_D_ncores2",0.220000000000027,0.200000000000045,0.220000000000027,0.100000000000023,0.100000000000136,0.100000000000023,0.330000000000041,0.670000000000073,1.14999999999998,"PASS",NA,NA
"random_2000_0.50_999","random",2000,0.5,999,10,"complete_D_ncores2>complete_D_ncores1>complete_brownian>binary_D>brownian_sort_threshold>brownian_sort>brownian_generation>random",0.220000000000027,0.199999999999932,0.220000000000027,0.129999999999882,0.120000000000005,0.110000000000014,0.329999999999927,0.689999999999941,1.16999999999996,"PASS",NA,NA
"pectinate_2000_0.50_999","pectinate",2000,0.5,999,1,"random>brownian_generation>brownian_sort>brownian_sort_threshold>binary_D>complete_brownian>complete_D_ncores1>complete_D_ncores2",0.240000000000009,0.200000000000045,0.269999999999982,0.1099999999999,0.0900000000001455,0.1099999999999,0.290000000000077,0.659999999999968,1.11000000000001,"PASS",NA,NA
"pectinate_2000_0.50_999","pectinate",2000,0.5,999,2,"complete_D_ncores2>complete_D_ncores1>complete_brownian>binary_D>brownian_sort_threshold>brownian_sort>brownian_generation>random",0.240000000000009,0.169999999999959,0.209999999999923,0.110000000000014,0.119999999999891,0.119999999999891,0.310000000000059,0.670000000000073,1.13,"PASS",NA,NA
"pectinate_2000_0.50_999","pectinate",2000,0.5,999,3,"random>brownian_generation>brownian_sort>brownian_sort_threshold>binary_D>complete_brownian>complete_D_ncores1>complete_D_ncores2",0.240000000000009,0.150000000000091,0.189999999999941,0.0900000000000318,0.0799999999999272,0.110000000000014,0.299999999999955,0.649999999999977,1.10000000000002,"PASS",NA,NA
"pectinate_2000_0.50_999","pectinate",2000,0.5,999,4,"complete_D_ncores2>complete_D_ncores1>complete_brownian>binary_D>brownian_sort_threshold>brownian_sort>brownian_generation>random",0.240000000000009,0.160000000000082,0.210000000000036,0.0899999999999181,0.0699999999999363,0.129999999999882,0.310000000000059,0.67999999999995,1.13,"PASS",NA,NA
"pectinate_2000_0.50_999","pectinate",2000,0.5,999,5,"random>brownian_generation>brownian_sort>brownian_sort_threshold>binary_D>complete_brownian>complete_D_ncores1>complete_D_ncores2",0.240000000000009,0.149999999999864,0.220000000000027,0.0999999999999091,0.139999999999873,0.119999999999891,0.289999999999964,0.659999999999968,1.09000000000003,"PASS",NA,NA
"pectinate_2000_0.50_999","pectinate",2000,0.5,999,6,"complete_D_ncores2>complete_D_ncores1>complete_brownian>binary_D>brownian_sort_threshold>brownian_sort>brownian_generation>random",0.240000000000009,0.2199999999998,0.21000000000015,0.100000000000023,0.1099999999999,0.120000000000005,0.299999999999955,0.67999999999995,1.09999999999991,"PASS",NA,NA
"pectinate_2000_0.50_999","pectinate",2000,0.5,999,7,"random>brownian_generation>brownian_sort>brownian_sort_threshold>binary_D>complete_brownian>complete_D_ncores1>complete_D_ncores2",0.240000000000009,0.110000000000241,0.199999999999932,0.139999999999986,0.0799999999999272,0.07000000000005,0.300000000000068,0.669999999999959,1.12,"PASS",NA,NA
"pectinate_2000_0.50_999","pectinate",2000,0.5,999,8,"complete_D_ncores2>complete_D_ncores1>complete_brownian>binary_D>brownian_sort_threshold>brownian_sort>brownian_generation>random",0.240000000000009,0.139999999999986,0.250000000000114,0.110000000000014,0.130000000000109,0.120000000000005,0.309999999999945,0.639999999999986,1.13,"PASS",NA,NA
"pectinate_2000_0.50_999","pectinate",2000,0.5,999,9,"random>brownian_generation>brownian_sort>brownian_sort_threshold>binary_D>complete_brownian>complete_D_ncores1>complete_D_ncores2",0.240000000000009,0.119999999999891,0.200000000000159,0.120000000000118,0.140000000000214,0.139999999999986,0.299999999999955,0.659999999999968,1.11000000000001,"PASS",NA,NA
"pectinate_2000_0.50_999","pectinate",2000,0.5,999,10,"complete_D_ncores2>complete_D_ncores1>complete_brownian>binary_D>brownian_sort_threshold>brownian_sort>brownian_generation>random",0.240000000000009,0.199999999999818,0.250000000000227,0.110000000000014,0.110000000000127,0.1400000000001,0.32000000000005,0.649999999999977,1.13,"PASS",NA,NA
"balanced_5000_0.50_999","balanced",5000,0.5,999,1,"random>brownian_generation>brownian_sort>brownian_sort_threshold>binary_D>complete_brownian>complete_D_ncores1>complete_D_ncores2",0.549999999999955,0.420000000000073,0.519999999999527,0.309999999999945,0.309999999999945,0.389999999999986,0.860000000000014,1.87,3,"PASS",NA,NA
"balanced_5000_0.50_999","balanced",5000,0.5,999,2,"complete_D_ncores2>complete_D_ncores1>complete_brownian>binary_D>brownian_sort_threshold>brownian_sort>brownian_generation>random",0.549999999999955,0.410000000000196,0.579999999999472,0.279999999999973,0.309999999999945,0.340000000000032,0.860000000000014,1.88999999999999,3.02999999999997,"PASS",NA,NA
"balanced_5000_0.50_999","balanced",5000,0.5,999,3,"random>brownian_generation>brownian_sort>brownian_sort_threshold>binary_D>complete_brownian>complete_D_ncores1>complete_D_ncores2",0.549999999999955,0.399999999999864,0.550000000000409,0.259999999999991,0.280000000000086,0.309999999999832,0.860000000000014,1.90999999999997,3,"PASS",NA,NA
"balanced_5000_0.50_999","balanced",5000,0.5,999,4,"complete_D_ncores2>complete_D_ncores1>complete_brownian>binary_D>brownian_sort_threshold>brownian_sort>brownian_generation>random",0.549999999999955,0.389999999999986,0.540000000000191,0.289999999999964,0.309999999999945,0.340000000000032,0.860000000000014,1.88,3.04000000000008,"PASS",NA,NA
"balanced_5000_0.50_999","balanced",5000,0.5,999,5,"random>brownian_generation>brownian_sort>brownian_sort_threshold>binary_D>complete_brownian>complete_D_ncores1>complete_D_ncores2",0.549999999999955,0.400000000000091,0.550000000000182,0.319999999999936,0.310000000000286,0.339999999999918,0.840000000000032,1.88999999999999,3,"PASS",NA,NA
"balanced_5000_0.50_999","balanced",5000,0.5,999,6,"complete_D_ncores2>complete_D_ncores1>complete_brownian>binary_D>brownian_sort_threshold>brownian_sort>brownian_generation>random",0.549999999999955,0.399999999999977,0.550000000000182,0.269999999999982,0.259999999999991,0.350000000000023,0.850000000000023,1.88999999999999,3.02999999999997,"PASS",NA,NA
"balanced_5000_0.50_999","balanced",5000,0.5,999,7,"random>brownian_generation>brownian_sort>brownian_sort_threshold>binary_D>complete_brownian>complete_D_ncores1>complete_D_ncores2",0.549999999999955,0.419999999999845,0.5600000000004,0.32000000000005,0.250000000000114,0.419999999999959,0.850000000000023,1.88999999999999,3,"PASS",NA,NA
"balanced_5000_0.50_999","balanced",5000,0.5,999,8,"complete_D_ncores2>complete_D_ncores1>complete_brownian>binary_D>brownian_sort_threshold>brownian_sort>brownian_generation>random",0.549999999999955,0.409999999999968,0.570000000000164,0.329999999999927,0.260000000000105,0.32000000000005,0.8599999999999,1.91999999999996,3.02999999999997,"PASS",NA,NA
"balanced_5000_0.50_999","balanced",5000,0.5,999,9,"random>brownian_generation>brownian_sort>brownian_sort_threshold>binary_D>complete_brownian>complete_D_ncores1>complete_D_ncores2",0.549999999999955,0.409999999999854,0.530000000000427,0.319999999999936,0.290000000000191,0.370000000000005,0.860000000000014,1.90000000000009,3.08000000000004,"PASS",NA,NA
"balanced_5000_0.50_999","balanced",5000,0.5,999,10,"complete_D_ncores2>complete_D_ncores1>complete_brownian>binary_D>brownian_sort_threshold>brownian_sort>brownian_generation>random",0.549999999999955,0.440000000000055,0.540000000000418,0.330000000000041,0.269999999999982,0.349999999999909,0.860000000000014,1.8900000000001,3.00999999999999,"PASS",NA,NA
"random_5000_0.50_999","random",5000,0.5,999,1,"random>brownian_generation>brownian_sort>brownian_sort_threshold>binary_D>complete_brownian>complete_D_ncores1>complete_D_ncores2",0.539999999999964,0.419999999999959,0.509999999999536,0.299999999999955,0.300000000000068,0.360000000000014,0.850000000000023,1.91999999999996,3.01999999999998,"PASS",NA,NA
"random_5000_0.50_999","random",5000,0.5,999,2,"complete_D_ncores2>complete_D_ncores1>complete_brownian>binary_D>brownian_sort_threshold>brownian_sort>brownian_generation>random",0.539999999999964,0.369999999999891,0.519999999999527,0.330000000000155,0.350000000000136,0.319999999999936,0.870000000000118,1.89999999999986,3.00999999999999,"PASS",NA,NA
"random_5000_0.50_999","random",5000,0.5,999,3,"random>brownian_generation>brownian_sort>brownian_sort_threshold>binary_D>complete_brownian>complete_D_ncores1>complete_D_ncores2",0.539999999999964,0.410000000000082,0.559999999999491,0.309999999999945,0.319999999999936,0.350000000000136,0.8599999999999,1.92000000000007,3.00999999999999,"PASS",NA,NA
"random_5000_0.50_999","random",5000,0.5,999,4,"complete_D_ncores2>complete_D_ncores1>complete_brownian>binary_D>brownian_sort_threshold>brownian_sort>brownian_generation>random",0.539999999999964,0.440000000000055,0.529999999999518,0.350000000000136,0.289999999999964,0.370000000000118,0.8599999999999,1.90999999999985,3.05000000000018,"PASS",NA,NA
"random_5000_0.50_999","random",5000,0.5,999,5,"random>brownian_generation>brownian_sort>brownian_sort_threshold>binary_D>complete_brownian>complete_D_ncores1>complete_D_ncores2",0.539999999999964,0.389999999999873,0.539999999999964,0.299999999999727,0.259999999999991,0.349999999999909,0.860000000000127,1.90000000000009,3,"PASS",NA,NA
"random_5000_0.50_999","random",5000,0.5,999,6,"complete_D_ncores2>complete_D_ncores1>complete_brownian>binary_D>brownian_sort_threshold>brownian_sort>brownian_generation>random",0.539999999999964,0.420000000000073,0.570000000000391,0.309999999999718,0.299999999999955,0.309999999999945,0.860000000000127,1.89999999999986,3.02999999999997,"PASS",NA,NA
"random_5000_0.50_999","random",5000,0.5,999,7,"random>brownian_generation>brownian_sort>brownian_sort_threshold>binary_D>complete_brownian>complete_D_ncores1>complete_D_ncores2",0.539999999999964,0.400000000000091,0.610000000000127,0.309999999999945,0.309999999999945,0.319999999999936,0.860000000000127,1.93999999999983,3.03999999999996,"PASS",NA,NA
"random_5000_0.50_999","random",5000,0.5,999,8,"complete_D_ncores2>complete_D_ncores1>complete_brownian>binary_D>brownian_sort_threshold>brownian_sort>brownian_generation>random",0.539999999999964,0.410000000000082,0.509999999999536,0.2800000000002,0.310000000000173,0.309999999999945,0.860000000000127,1.87000000000012,3.00999999999999,"PASS",NA,NA
"random_5000_0.50_999","random",5000,0.5,999,9,"random>brownian_generation>brownian_sort>brownian_sort_threshold>binary_D>complete_brownian>complete_D_ncores1>complete_D_ncores2",0.539999999999964,0.420000000000073,0.519999999999527,0.25,0.259999999999991,0.369999999999891,0.839999999999918,1.89999999999986,3.06000000000017,"PASS",NA,NA
"random_5000_0.50_999","random",5000,0.5,999,10,"complete_D_ncores2>complete_D_ncores1>complete_brownian>binary_D>brownian_sort_threshold>brownian_sort>brownian_generation>random",0.539999999999964,0.400000000000091,0.519999999999754,0.299999999999727,0.309999999999945,0.369999999999891,0.869999999999891,1.8900000000001,3.01999999999998,"PASS",NA,NA
"pectinate_5000_0.50_999","pectinate",5000,0.5,999,1,"random>brownian_generation>brownian_sort>brownian_sort_threshold>binary_D>complete_brownian>complete_D_ncores1>complete_D_ncores2",0.590000000000146,0.380000000000109,0.540000000000418,0.2199999999998,0.269999999999982,0.359999999999673,0.799999999999955,1.73000000000002,2.88000000000011,"PASS",NA,NA
"pectinate_5000_0.50_999","pectinate",5000,0.5,999,2,"complete_D_ncores2>complete_D_ncores1>complete_brownian>binary_D>brownian_sort_threshold>brownian_sort>brownian_generation>random",0.590000000000146,0.360000000000127,0.520000000000209,0.2800000000002,0.240000000000009,0.360000000000127,0.779999999999973,1.75,2.86999999999989,"PASS",NA,NA
"pectinate_5000_0.50_999","pectinate",5000,0.5,999,3,"random>brownian_generation>brownian_sort>brownian_sort_threshold>binary_D>complete_brownian>complete_D_ncores1>complete_D_ncores2",0.590000000000146,0.409999999999854,0.560000000000173,0.240000000000009,0.25,0.310000000000173,0.779999999999973,1.72999999999979,2.87999999999988,"PASS",NA,NA
"pectinate_5000_0.50_999","pectinate",5000,0.5,999,4,"complete_D_ncores2>complete_D_ncores1>complete_brownian>binary_D>brownian_sort_threshold>brownian_sort>brownian_generation>random",0.590000000000146,0.420000000000073,0.509999999999764,0.250000000000227,0.25,0.350000000000136,0.790000000000191,1.73000000000002,2.8900000000001,"PASS",NA,NA
"pectinate_5000_0.50_999","pectinate",5000,0.5,999,5,"random>brownian_generation>brownian_sort>brownian_sort_threshold>binary_D>complete_brownian>complete_D_ncores1>complete_D_ncores2",0.590000000000146,0.409999999999854,0.540000000000418,0.260000000000218,0.259999999999991,0.319999999999936,0.779999999999973,1.72000000000003,2.90000000000009,"PASS",NA,NA
"pectinate_5000_0.50_999","pectinate",5000,0.5,999,6,"complete_D_ncores2>complete_D_ncores1>complete_brownian>binary_D>brownian_sort_threshold>brownian_sort>brownian_generation>random",0.590000000000146,0.440000000000055,0.5499999999995,0.260000000000218,0.2199999999998,0.340000000000146,0.779999999999973,1.75,2.91000000000008,"PASS",NA,NA
"pectinate_5000_0.50_999","pectinate",5000,0.5,999,7,"random>brownian_generation>brownian_sort>brownian_sort_threshold>binary_D>complete_brownian>complete_D_ncores1>complete_D_ncores2",0.590000000000146,0.350000000000136,0.560000000000173,0.240000000000009,0.279999999999973,0.340000000000146,0.799999999999955,1.74000000000001,2.8599999999999,"PASS",NA,NA
"pectinate_5000_0.50_999","pectinate",5000,0.5,999,8,"complete_D_ncores2>complete_D_ncores1>complete_brownian>binary_D>brownian_sort_threshold>brownian_sort>brownian_generation>random",0.590000000000146,0.430000000000064,0.529999999999745,0.290000000000191,0.25,0.349999999999909,0.800000000000182,1.75,2.93000000000006,"PASS",NA,NA
"pectinate_5000_0.50_999","pectinate",5000,0.5,999,9,"random>brownian_generation>brownian_sort>brownian_sort_threshold>binary_D>complete_brownian>complete_D_ncores1>complete_D_ncores2",0.590000000000146,0.429999999999836,0.570000000000391,0.250000000000227,0.239999999999782,0.319999999999936,0.779999999999973,1.75,2.90000000000009,"PASS",NA,NA
"pectinate_5000_0.50_999","pectinate",5000,0.5,999,10,"complete_D_ncores2>complete_D_ncores1>complete_brownian>binary_D>brownian_sort_threshold>brownian_sort>brownian_generation>random",0.590000000000146,0.3900000000001,0.519999999999527,0.240000000000009,0.230000000000018,0.310000000000173,0.779999999999973,1.75,2.8900000000001,"PASS",NA,NA
"balanced_500_0.90_999","balanced",500,0.9,999,1,"random>brownian_generation>brownian_sort>brownian_sort_threshold>binary_D>complete_brownian>complete_D_ncores1>complete_D_ncores2",0.0599999999999454,0.0599999999999454,0.0799999999999272,0,0.00999999999999091,0.0399999999999636,0.0799999999999272,0.170000000000073,0.259999999999991,"PASS",NA,NA
"balanced_500_0.90_999","balanced",500,0.9,999,2,"complete_D_ncores2>complete_D_ncores1>complete_brownian>binary_D>brownian_sort_threshold>brownian_sort>brownian_generation>random",0.0599999999999454,0.0699999999999363,0.0999999999999091,0.0199999999999818,0.00999999999999091,0.0299999999999727,0.0800000000001546,0.169999999999845,0.289999999999964,"PASS",NA,NA
"balanced_500_0.90_999","balanced",500,0.9,999,3,"random>brownian_generation>brownian_sort>brownian_sort_threshold>binary_D>complete_brownian>complete_D_ncores1>complete_D_ncores2",0.0599999999999454,0.129999999999882,0.0999999999999091,0.0299999999999727,0.0199999999999818,0.0399999999999636,0.0699999999999363,0.169999999999845,0.270000000000209,"PASS",NA,NA
"balanced_500_0.90_999","balanced",500,0.9,999,4,"complete_D_ncores2>complete_D_ncores1>complete_brownian>binary_D>brownian_sort_threshold>brownian_sort>brownian_generation>random",0.0599999999999454,0.119999999999891,0.0499999999999545,0.0599999999999454,0,0.0499999999999545,0.0899999999999181,0.170000000000073,0.269999999999982,"PASS",NA,NA
"balanced_500_0.90_999","balanced",500,0.9,999,5,"random>brownian_generation>brownian_sort>brownian_sort_threshold>binary_D>complete_brownian>complete_D_ncores1>complete_D_ncores2",0.0599999999999454,0.0499999999999545,0.0599999999999454,0.0599999999999454,0.0199999999999818,0,0.0599999999999454,0.160000000000082,0.269999999999982,"PASS",NA,NA
"balanced_500_0.90_999","balanced",500,0.9,999,6,"complete_D_ncores2>complete_D_ncores1>complete_brownian>binary_D>brownian_sort_threshold>brownian_sort>brownian_generation>random",0.0599999999999454,0.0699999999999363,0.0699999999999363,0.0499999999999545,0,0.0399999999999636,0.0800000000001546,0.169999999999845,0.279999999999973,"PASS",NA,NA
"balanced_500_0.90_999","balanced",500,0.9,999,7,"random>brownian_generation>brownian_sort>brownian_sort_threshold>binary_D>complete_brownian>complete_D_ncores1>complete_D_ncores2",0.0599999999999454,0,0.0699999999999363,0.0399999999999636,0.0199999999999818,0.0299999999999727,0.0899999999999181,0.139999999999873,0.269999999999982,"PASS",NA,NA
"balanced_500_0.90_999","balanced",500,0.9,999,8,"complete_D_ncores2>complete_D_ncores1>complete_brownian>binary_D>brownian_sort_threshold>brownian_sort>brownian_generation>random",0.0599999999999454,0.0999999999999091,0.0299999999999727,0.0199999999999818,0.0499999999999545,0,0.0799999999999272,0.150000000000091,0.269999999999982,"PASS",NA,NA
"balanced_500_0.90_999","balanced",500,0.9,999,9,"random>brownian_generation>brownian_sort>brownian_sort_threshold>binary_D>complete_brownian>complete_D_ncores1>complete_D_ncores2",0.0599999999999454,0.0699999999999363,0.0600000000001728,0.0300000000002001,0.00999999999999091,0.0199999999999818,0.0799999999999272,0.170000000000073,0.269999999999982,"PASS",NA,NA
"balanced_500_0.90_999","balanced",500,0.9,999,10,"complete_D_ncores2>complete_D_ncores1>complete_brownian>binary_D>brownian_sort_threshold>brownian_sort>brownian_generation>random",0.0599999999999454,0.120000000000118,0.100000000000136,0.0199999999999818,0.00999999999999091,0,0.0800000000001546,0.149999999999864,0.299999999999955,"PASS",NA,NA
"random_500_0.90_999","random",500,0.9,999,1,"random>brownian_generation>brownian_sort>brownian_sort_threshold>binary_D>complete_brownian>complete_D_ncores1>complete_D_ncores2",0.0499999999999545,0.0799999999999272,0.0799999999999272,0.0399999999999636,0.0399999999999636,0.00999999999999091,0.0800000000001546,0.150000000000091,0.25,"PASS",NA,NA
"random_500_0.90_999","random",500,0.9,999,2,"complete_D_ncores2>complete_D_ncores1>complete_brownian>binary_D>brownian_sort_threshold>brownian_sort>brownian_generation>random",0.0499999999999545,0.0699999999999363,0.0800000000001546,0.0199999999999818,0.0199999999999818,0.0299999999999727,0.0800000000001546,0.170000000000073,0.259999999999991,"PASS",NA,NA
"random_500_0.90_999","random",500,0.9,999,3,"random>brownian_generation>brownian_sort>brownian_sort_threshold>binary_D>complete_brownian>complete_D_ncores1>complete_D_ncores2",0.0499999999999545,0.0700000000001637,0.1400000000001,0.0599999999999454,0,0.0300000000002001,0.0799999999999272,0.180000000000064,0.279999999999973,"PASS",NA,NA
"random_500_0.90_999","random",500,0.9,999,4,"complete_D_ncores2>complete_D_ncores1>complete_brownian>binary_D>brownian_sort_threshold>brownian_sort>brownian_generation>random",0.0499999999999545,0.0799999999999272,0.0999999999999091,0.0299999999999727,0.0199999999999818,0.0199999999999818,0.0799999999999272,0.149999999999864,0.270000000000209,"PASS",NA,NA
"random_500_0.90_999","random",500,0.9,999,5,"random>brownian_generation>brownian_sort>brownian_sort_threshold>binary_D>complete_brownian>complete_D_ncores1>complete_D_ncores2",0.0499999999999545,0.0399999999999636,0.0799999999999272,0.0200000000002092,0.0399999999999636,0.00999999999999091,0.0800000000001546,0.159999999999854,0.259999999999991,"PASS",NA,NA
"random_500_0.90_999","random",500,0.9,999,6,"complete_D_ncores2>complete_D_ncores1>complete_brownian>binary_D>brownian_sort_threshold>brownian_sort>brownian_generation>random",0.0499999999999545,0.100000000000136,0.0600000000001728,0.00999999999999091,0.0200000000002092,0.0200000000002092,0.0899999999999181,0.170000000000073,0.25,"PASS",NA,NA
"random_500_0.90_999","random",500,0.9,999,7,"random>brownian_generation>brownian_sort>brownian_sort_threshold>binary_D>complete_brownian>complete_D_ncores1>complete_D_ncores2",0.0499999999999545,0.0900000000001455,0.110000000000355,0.00999999999999091,0.0700000000001637,0.00999999999999091,0.0800000000001546,0.169999999999845,0.279999999999973,"PASS",NA,NA
"random_500_0.90_999","random",500,0.9,999,8,"complete_D_ncores2>complete_D_ncores1>complete_brownian>binary_D>brownian_sort_threshold>brownian_sort>brownian_generation>random",0.0499999999999545,0.160000000000309,0.0800000000001546,0.0399999999999636,0.0299999999999727,0.0399999999999636,0.0799999999999272,0.180000000000064,0.279999999999973,"PASS",NA,NA
"random_500_0.90_999","random",500,0.9,999,9,"random>brownian_generation>brownian_sort>brownian_sort_threshold>binary_D>complete_brownian>complete_D_ncores1>complete_D_ncores2",0.0499999999999545,0.100000000000136,0.0599999999999454,0.0399999999999636,0.0199999999999818,0.0199999999999818,0.0599999999999454,0.190000000000055,0.269999999999982,"PASS",NA,NA
"random_500_0.90_999","random",500,0.9,999,10,"complete_D_ncores2>complete_D_ncores1>complete_brownian>binary_D>brownian_sort_threshold>brownian_sort>brownian_generation>random",0.0499999999999545,0.0699999999999363,0.0700000000001637,0,0.0700000000001637,0.0299999999999727,0.0799999999999272,0.149999999999864,0.269999999999982,"PASS",NA,NA
"pectinate_500_0.90_999","pectinate",500,0.9,999,1,"random>brownian_generation>brownian_sort>brownian_sort_threshold>binary_D>complete_brownian>complete_D_ncores1>complete_D_ncores2",0.0599999999999454,0.0199999999999818,0.0500000000001819,0.0299999999999727,0.0199999999999818,0,0.0800000000001546,0.170000000000073,0.279999999999973,"PASS",NA,NA
"pectinate_500_0.90_999","pectinate",500,0.9,999,2,"complete_D_ncores2>complete_D_ncores1>complete_brownian>binary_D>brownian_sort_threshold>brownian_sort>brownian_generation>random",0.0599999999999454,0.0199999999999818,0.0599999999999454,0.0199999999999818,0,0.00999999999999091,0.0599999999999454,0.1400000000001,0.279999999999973,"PASS",NA,NA
"pectinate_500_0.90_999","pectinate",500,0.9,999,3,"random>brownian_generation>brownian_sort>brownian_sort_threshold>binary_D>complete_brownian>complete_D_ncores1>complete_D_ncores2",0.0599999999999454,0.0799999999999272,0.0599999999999454,0.0499999999999545,0.0199999999999818,0,0.0999999999999091,0.1400000000001,0.25,"PASS",NA,NA
"pectinate_500_0.90_999","pectinate",500,0.9,999,4,"complete_D_ncores2>complete_D_ncores1>complete_brownian>binary_D>brownian_sort_threshold>brownian_sort>brownian_generation>random",0.0599999999999454,0.0399999999999636,0.0899999999999181,0.00999999999999091,0.0499999999999545,0.00999999999999091,0.0600000000001728,0.149999999999864,0.25,"PASS",NA,NA
"pectinate_500_0.90_999","pectinate",500,0.9,999,5,"random>brownian_generation>brownian_sort>brownian_sort_threshold>binary_D>complete_brownian>complete_D_ncores1>complete_D_ncores2",0.0599999999999454,0.0299999999999727,0.0999999999999091,0.00999999999999091,0,0.0199999999999818,0.0699999999999363,0.159999999999854,0.290000000000191,"PASS",NA,NA
"pectinate_500_0.90_999","pectinate",500,0.9,999,6,"complete_D_ncores2>complete_D_ncores1>complete_brownian>binary_D>brownian_sort_threshold>brownian_sort>brownian_generation>random",0.0599999999999454,0.0599999999999454,0.0999999999999091,0.0399999999999636,0.00999999999999091,0,0.0599999999999454,0.150000000000091,0.269999999999982,"PASS",NA,NA
"pectinate_500_0.90_999","pectinate",500,0.9,999,7,"random>brownian_generation>brownian_sort>brownian_sort_threshold>binary_D>complete_brownian>complete_D_ncores1>complete_D_ncores2",0.0599999999999454,0.0399999999999636,0.0999999999999091,0.0199999999999818,0.00999999999999091,0.00999999999999091,0.0800000000001546,0.149999999999864,0.269999999999982,"PASS",NA,NA
"pectinate_500_0.90_999","pectinate",500,0.9,999,8,"complete_D_ncores2>complete_D_ncores1>complete_brownian>binary_D>brownian_sort_threshold>brownian_sort>brownian_generation>random",0.0599999999999454,0.0799999999999272,0.0599999999999454,0.0200000000002092,0.0299999999999727,0.0299999999999727,0.0699999999999363,0.160000000000082,0.259999999999991,"PASS",NA,NA
"pectinate_500_0.90_999","pectinate",500,0.9,999,9,"random>brownian_generation>brownian_sort>brownian_sort_threshold>binary_D>complete_brownian>complete_D_ncores1>complete_D_ncores2",0.0599999999999454,0.0899999999999181,0.0799999999999272,0,0.00999999999999091,0.0299999999999727,0.0800000000001546,0.160000000000082,0.279999999999973,"PASS",NA,NA
"pectinate_500_0.90_999","pectinate",500,0.9,999,10,"complete_D_ncores2>complete_D_ncores1>complete_brownian>binary_D>brownian_sort_threshold>brownian_sort>brownian_generation>random",0.0599999999999454,0.0799999999999272,0.0299999999999727,0.0499999999999545,0.0199999999999818,0.0300000000002001,0.0599999999999454,0.170000000000073,0.279999999999973,"PASS",NA,NA
"balanced_2000_0.90_999","balanced",2000,0.9,999,1,"random>brownian_generation>brownian_sort>brownian_sort_threshold>binary_D>complete_brownian>complete_D_ncores1>complete_D_ncores2",0.220000000000027,0.170000000000073,0.189999999999827,0.110000000000127,0.139999999999873,0.120000000000118,0.309999999999945,0.690000000000055,1.15000000000009,"PASS",NA,NA
"balanced_2000_0.90_999","balanced",2000,0.9,999,2,"complete_D_ncores2>complete_D_ncores1>complete_brownian>binary_D>brownian_sort_threshold>brownian_sort>brownian_generation>random",0.220000000000027,0.170000000000073,0.240000000000009,0.0999999999999091,0.0799999999999272,0.119999999999891,0.309999999999945,0.689999999999827,1.14999999999986,"PASS",NA,NA
"balanced_2000_0.90_999","balanced",2000,0.9,999,3,"random>brownian_generation>brownian_sort>brownian_sort_threshold>binary_D>complete_brownian>complete_D_ncores1>complete_D_ncores2",0.220000000000027,0.230000000000018,0.159999999999854,0.0999999999999091,0.110000000000127,0.140000000000327,0.309999999999945,0.690000000000055,1.16000000000008,"PASS",NA,NA
"balanced_2000_0.90_999","balanced",2000,0.9,999,4,"complete_D_ncores2>complete_D_ncores1>complete_brownian>binary_D>brownian_sort_threshold>brownian_sort>brownian_generation>random",0.220000000000027,0.160000000000082,0.249999999999773,0.119999999999891,0.0999999999999091,0.129999999999882,0.329999999999927,0.690000000000055,1.15000000000009,"PASS",NA,NA
"balanced_2000_0.90_999","balanced",2000,0.9,999,5,"random>brownian_generation>brownian_sort>brownian_sort_threshold>binary_D>complete_brownian>complete_D_ncores1>complete_D_ncores2",0.220000000000027,0.170000000000073,0.190000000000055,0.0800000000001546,0.1400000000001,0.130000000000109,0.319999999999936,0.689999999999827,1.14999999999986,"PASS",NA,NA
"balanced_2000_0.90_999","balanced",2000,0.9,999,6,"complete_D_ncores2>complete_D_ncores1>complete_brownian>binary_D>brownian_sort_threshold>brownian_sort>brownian_generation>random",0.220000000000027,0.210000000000036,0.25,0.0799999999999272,0.120000000000118,0.130000000000109,0.330000000000155,0.670000000000073,1.17000000000007,"PASS",NA,NA
"balanced_2000_0.90_999","balanced",2000,0.9,999,7,"random>brownian_generation>brownian_sort>brownian_sort_threshold>binary_D>complete_brownian>complete_D_ncores1>complete_D_ncores2",0.220000000000027,0.150000000000091,0.230000000000018,0.1099999999999,0.139999999999873,0.0800000000001546,0.319999999999936,0.680000000000064,1.17000000000007,"PASS",NA,NA
"balanced_2000_0.90_999","balanced",2000,0.9,999,8,"complete_D_ncores2>complete_D_ncores1>complete_brownian>binary_D>brownian_sort_threshold>brownian_sort>brownian_generation>random",0.220000000000027,0.229999999999791,0.25,0.150000000000091,0.1099999999999,0.150000000000091,0.320000000000164,0.690000000000055,1.13999999999987,"PASS",NA,NA
"balanced_2000_0.90_999","balanced",2000,0.9,999,9,"random>brownian_generation>brownian_sort>brownian_sort_threshold>binary_D>complete_brownian>complete_D_ncores1>complete_D_ncores2",0.220000000000027,0.180000000000291,0.230000000000018,0.110000000000127,0.0899999999999181,0.0999999999999091,0.330000000000155,0.670000000000073,1.13999999999987,"PASS",NA,NA
"balanced_2000_0.90_999","balanced",2000,0.9,999,10,"complete_D_ncores2>complete_D_ncores1>complete_brownian>binary_D>brownian_sort_threshold>brownian_sort>brownian_generation>random",0.220000000000027,0.199999999999818,0.230000000000246,0.0800000000001546,0.1099999999999,0.1400000000001,0.329999999999927,0.690000000000055,1.13999999999987,"PASS",NA,NA
"random_2000_0.90_999","random",2000,0.9,999,1,"random>brownian_generation>brownian_sort>brownian_sort_threshold>binary_D>complete_brownian>complete_D_ncores1>complete_D_ncores2",0.210000000000036,0.230000000000018,0.210000000000036,0.140000000000327,0.1099999999999,0.160000000000082,0.309999999999945,0.670000000000073,1.1400000000001,"PASS",NA,NA
"random_2000_0.90_999","random",2000,0.9,999,2,"complete_D_ncores2>complete_D_ncores1>complete_brownian>binary_D>brownian_sort_threshold>brownian_sort>brownian_generation>random",0.210000000000036,0.160000000000082,0.220000000000027,0.130000000000109,0.130000000000109,0.0999999999999091,0.339999999999918,0.689999999999827,1.15999999999985,"PASS",NA,NA
"random_2000_0.90_999","random",2000,0.9,999,3,"random>brownian_generation>brownian_sort>brownian_sort_threshold>binary_D>complete_brownian>complete_D_ncores1>complete_D_ncores2",0.210000000000036,0.149999999999864,0.170000000000073,0.0999999999999091,0.119999999999891,0.1700000000003,0.309999999999945,0.680000000000064,1.17000000000007,"PASS",NA,NA
"random_2000_0.90_999","random",2000,0.9,999,4,"complete_D_ncores2>complete_D_ncores1>complete_brownian>binary_D>brownian_sort_threshold>brownian_sort>brownian_generation>random",0.210000000000036,0.200000000000045,0.230000000000018,0.110000000000127,0.1099999999999,0.1099999999999,0.330000000000155,0.679999999999836,1.15999999999985,"PASS",NA,NA
"random_2000_0.90_999","random",2000,0.9,999,5,"random>brownian_generation>brownian_sort>brownian_sort_threshold>binary_D>complete_brownian>complete_D_ncores1>complete_D_ncores2",0.210000000000036,0.169999999999845,0.270000000000209,0.1099999999999,0.0899999999999181,0.129999999999882,0.329999999999927,0.700000000000045,1.19000000000005,"PASS",NA,NA
"random_2000_0.90_999","random",2000,0.9,999,6,"complete_D_ncores2>complete_D_ncores1>complete_brownian>binary_D>brownian_sort_threshold>brownian_sort>brownian_generation>random",0.210000000000036,0.200000000000045,0.25,0.119999999999891,0.1099999999999,0.129999999999882,0.329999999999927,0.690000000000055,1.17000000000007,"PASS",NA,NA
"random_2000_0.90_999","random",2000,0.9,999,7,"random>brownian_generation>brownian_sort>brownian_sort_threshold>binary_D>complete_brownian>complete_D_ncores1>complete_D_ncores2",0.210000000000036,0.200000000000045,0.200000000000045,0.0900000000001455,0.0599999999999454,0.0999999999999091,0.329999999999927,0.690000000000055,1.12000000000012,"PASS",NA,NA
"random_2000_0.90_999","random",2000,0.9,999,8,"complete_D_ncores2>complete_D_ncores1>complete_brownian>binary_D>brownian_sort_threshold>brownian_sort>brownian_generation>random",0.210000000000036,0.159999999999854,0.200000000000045,0.0999999999999091,0.119999999999891,0.129999999999882,0.329999999999927,0.669999999999845,1.1400000000001,"PASS",NA,NA
"random_2000_0.90_999","random",2000,0.9,999,9,"random>brownian_generation>brownian_sort>brownian_sort_threshold>binary_D>complete_brownian>complete_D_ncores1>complete_D_ncores2",0.210000000000036,0.139999999999873,0.199999999999818,0.129999999999882,0.1400000000001,0.0999999999999091,0.320000000000164,0.690000000000055,1.13999999999987,"PASS",NA,NA
"random_2000_0.90_999","random",2000,0.9,999,10,"complete_D_ncores2>complete_D_ncores1>complete_brownian>binary_D>brownian_sort_threshold>brownian_sort>brownian_generation>random",0.210000000000036,0.159999999999854,0.190000000000055,0.129999999999882,0.110000000000127,0.0799999999999272,0.330000000000155,0.690000000000055,1.16999999999985,"PASS",NA,NA
"pectinate_2000_0.90_999","pectinate",2000,0.9,999,1,"random>brownian_generation>brownian_sort>brownian_sort_threshold>binary_D>complete_brownian>complete_D_ncores1>complete_D_ncores2",0.299999999999955,0.170000000000073,0.230000000000018,0.110000000000355,0.129999999999882,0.129999999999882,0.330000000000155,0.629999999999882,1.09999999999991,"PASS",NA,NA
"pectinate_2000_0.90_999","pectinate",2000,0.9,999,2,"complete_D_ncores2>complete_D_ncores1>complete_brownian>binary_D>brownian_sort_threshold>brownian_sort>brownian_generation>random",0.299999999999955,0.180000000000064,0.189999999999827,0.129999999999882,0.139999999999873,0.0999999999999091,0.289999999999964,0.669999999999845,1.13000000000011,"PASS",NA,NA
"pectinate_2000_0.90_999","pectinate",2000,0.9,999,3,"random>brownian_generation>brownian_sort>brownian_sort_threshold>binary_D>complete_brownian>complete_D_ncores1>complete_D_ncores2",0.299999999999955,0.149999999999864,0.230000000000018,0.0899999999999181,0.139999999999873,0.100000000000136,0.309999999999945,0.649999999999864,1.09000000000015,"PASS",NA,NA
"pectinate_2000_0.90_999","pectinate",2000,0.9,999,4,"complete_D_ncores2>complete_D_ncores1>complete_brownian>binary_D>brownian_sort_threshold>brownian_sort>brownian_generation>random",0.299999999999955,0.1400000000001,0.230000000000018,0.169999999999845,0.119999999999891,0.1099999999999,0.310000000000173,0.659999999999854,1.09999999999991,"PASS",NA,NA
"pectinate_2000_0.90_999","pectinate",2000,0.9,999,5,"random>brownian_generation>brownian_sort>brownian_sort_threshold>binary_D>complete_brownian>complete_D_ncores1>complete_D_ncores2",0.299999999999955,0.1099999999999,0.25,0.119999999999891,0.0699999999999363,0.0899999999999181,0.279999999999973,0.670000000000073,1.12999999999988,"PASS",NA,NA
"pectinate_2000_0.90_999","pectinate",2000,0.9,999,6,"complete_D_ncores2>complete_D_ncores1>complete_brownian>binary_D>brownian_sort_threshold>brownian_sort>brownian_generation>random",0.299999999999955,0.190000000000055,0.25,0.0900000000001455,0.0899999999999181,0.1099999999999,0.299999999999955,0.6400000000001,1.11999999999989,"PASS",NA,NA
"pectinate_2000_0.90_999","pectinate",2000,0.9,999,7,"random>brownian_generation>brownian_sort>brownian_sort_threshold>binary_D>complete_brownian>complete_D_ncores1>complete_D_ncores2",0.299999999999955,0.200000000000045,0.189999999999827,0.0999999999999091,0.0799999999999272,0.1099999999999,0.309999999999945,0.660000000000082,1.08999999999992,"PASS",NA,NA
"pectinate_2000_0.90_999","pectinate",2000,0.9,999,8,"complete_D_ncores2>complete_D_ncores1>complete_brownian>binary_D>brownian_sort_threshold>brownian_sort>brownian_generation>random",0.299999999999955,0.210000000000036,0.249999999999773,0.0900000000001455,0.0999999999999091,0.110000000000127,0.329999999999927,0.660000000000082,1.1099999999999,"PASS",NA,NA
"pectinate_2000_0.90_999","pectinate",2000,0.9,999,9,"random>brownian_generation>brownian_sort>brownian_sort_threshold>binary_D>complete_brownian>complete_D_ncores1>complete_D_ncores2",0.299999999999955,0.250000000000227,0.239999999999782,0.119999999999891,0.169999999999845,0.140000000000327,0.329999999999927,0.650000000000091,1.1099999999999,"PASS",NA,NA
"pectinate_2000_0.90_999","pectinate",2000,0.9,999,10,"complete_D_ncores2>complete_D_ncores1>complete_brownian>binary_D>brownian_sort_threshold>brownian_sort>brownian_generation>random",0.299999999999955,0.200000000000273,0.239999999999782,0.130000000000337,0.0599999999999454,0.1099999999999,0.289999999999964,0.670000000000073,1.11999999999989,"PASS",NA,NA
"balanced_5000_0.90_999","balanced",5000,0.9,999,1,"random>brownian_generation>brownian_sort>brownian_sort_threshold>binary_D>complete_brownian>complete_D_ncores1>complete_D_ncores2",0.529999999999973,0.439999999999827,0.569999999999709,0.269999999999982,0.389999999999873,0.370000000000118,0.850000000000136,1.86999999999989,3.04999999999995,"PASS",NA,NA
"balanced_5000_0.90_999","balanced",5000,0.9,999,2,"complete_D_ncores2>complete_D_ncores1>complete_brownian>binary_D>brownian_sort_threshold>brownian_sort>brownian_generation>random",0.529999999999973,0.379999999999882,0.590000000000373,0.299999999999955,0.310000000000173,0.349999999999909,0.860000000000127,1.86000000000013,3.02999999999997,"PASS",NA,NA
"balanced_5000_0.90_999","balanced",5000,0.9,999,3,"random>brownian_generation>brownian_sort>brownian_sort_threshold>binary_D>complete_brownian>complete_D_ncores1>complete_D_ncores2",0.529999999999973,0.400000000000091,0.599999999999454,0.330000000000155,0.279999999999973,0.309999999999945,0.839999999999918,1.87999999999988,3.00999999999999,"PASS",NA,NA
"balanced_5000_0.90_999","balanced",5000,0.9,999,4,"complete_D_ncores2>complete_D_ncores1>complete_brownian>binary_D>brownian_sort_threshold>brownian_sort>brownian_generation>random",0.529999999999973,0.389999999999873,0.590000000000146,0.320000000000164,0.310000000000173,0.3599999999999,0.8599999999999,1.8900000000001,3.03999999999996,"PASS",NA,NA
"balanced_5000_0.90_999","balanced",5000,0.9,999,5,"random>brownian_generation>brownian_sort>brownian_sort_threshold>binary_D>complete_brownian>complete_D_ncores1>complete_D_ncores2",0.529999999999973,0.400000000000091,0.549999999999727,0.299999999999727,0.299999999999955,0.350000000000136,0.840000000000146,1.8900000000001,3.03999999999996,"PASS",NA,NA
"balanced_5000_0.90_999","balanced",5000,0.9,999,6,"complete_D_ncores2>complete_D_ncores1>complete_brownian>binary_D>brownian_sort_threshold>brownian_sort>brownian_generation>random",0.529999999999973,0.450000000000045,0.469999999999573,0.310000000000173,0.279999999999973,0.3900000000001,0.860000000000127,1.86000000000013,3.01999999999998,"PASS",NA,NA
"balanced_5000_0.90_999","balanced",5000,0.9,999,7,"random>brownian_generation>brownian_sort>brownian_sort_threshold>binary_D>complete_brownian>complete_D_ncores1>complete_D_ncores2",0.529999999999973,0.400000000000091,0.529999999999518,0.279999999999973,0.260000000000218,0.319999999999936,0.839999999999918,1.87999999999988,3,"PASS",NA,NA
"balanced_5000_0.90_999","balanced",5000,0.9,999,8,"complete_D_ncores2>complete_D_ncores1>complete_brownian>binary_D>brownian_sort_threshold>brownian_sort>brownian_generation>random",0.529999999999973,0.410000000000082,0.539999999999736,0.300000000000182,0.279999999999973,0.299999999999727,0.8599999999999,1.86999999999989,3.02999999999997,"PASS",NA,NA
"balanced_5000_0.90_999","balanced",5000,0.9,999,9,"random>brownian_generation>brownian_sort>brownian_sort_threshold>binary_D>complete_brownian>complete_D_ncores1>complete_D_ncores2",0.529999999999973,0.389999999999873,0.550000000000409,0.309999999999945,0.259999999999764,0.319999999999936,0.849999999999909,1.88999999999987,3.00999999999999,"PASS",NA,NA
"balanced_5000_0.90_999","balanced",5000,0.9,999,10,"complete_D_ncores2>complete_D_ncores1>complete_brownian>binary_D>brownian_sort_threshold>brownian_sort>brownian_generation>random",0.529999999999973,0.399999999999864,0.550000000000182,0.309999999999945,0.290000000000191,0.350000000000136,0.8599999999999,1.8599999999999,3.04999999999995,"PASS",NA,NA
"random_5000_0.90_999","random",5000,0.9,999,1,"random>brownian_generation>brownian_sort>brownian_sort_threshold>binary_D>complete_brownian>complete_D_ncores1>complete_D_ncores2",0.549999999999955,0.349999999999909,0.600000000000364,0.279999999999973,0.289999999999964,0.349999999999909,0.839999999999918,1.93000000000006,3,"PASS",NA,NA
"random_5000_0.90_999","random",5000,0.9,999,2,"complete_D_ncores2>complete_D_ncores1>complete_brownian>binary_D>brownian_sort_threshold>brownian_sort>brownian_generation>random",0.549999999999955,0.419999999999845,0.540000000000418,0.319999999999936,0.320000000000164,0.360000000000355,0.8599999999999,1.91000000000008,3.00999999999999,"PASS",NA,NA
"random_5000_0.90_999","random",5000,0.9,999,3,"random>brownian_generation>brownian_sort>brownian_sort_threshold>binary_D>complete_brownian>complete_D_ncores1>complete_D_ncores2",0.549999999999955,0.3900000000001,0.529999999999973,0.300000000000182,0.269999999999982,0.400000000000091,0.839999999999918,1.90000000000009,3,"PASS",NA,NA
"random_5000_0.90_999","random",5000,0.9,999,4,"complete_D_ncores2>complete_D_ncores1>complete_brownian>binary_D>brownian_sort_threshold>brownian_sort>brownian_generation>random",0.549999999999955,0.430000000000064,0.489999999999782,0.299999999999955,0.259999999999991,0.3900000000001,0.860000000000127,1.8900000000001,3,"PASS",NA,NA
"random_5000_0.90_999","random",5000,0.9,999,5,"random>brownian_generation>brownian_sort>brownian_sort_threshold>binary_D>complete_brownian>complete_D_ncores1>complete_D_ncores2",0.549999999999955,0.419999999999845,0.549999999999955,0.310000000000173,0.309999999999945,0.310000000000173,0.880000000000109,1.8900000000001,3.01999999999998,"PASS",NA,NA
"random_5000_0.90_999","random",5000,0.9,999,6,"complete_D_ncores2>complete_D_ncores1>complete_brownian>binary_D>brownian_sort_threshold>brownian_sort>brownian_generation>random",0.549999999999955,0.400000000000091,0.510000000000218,0.309999999999718,0.25,0.360000000000127,0.860000000000127,1.88999999999987,3.02999999999997,"PASS",NA,NA
"random_5000_0.90_999","random",5000,0.9,999,7,"random>brownian_generation>brownian_sort>brownian_sort_threshold>binary_D>complete_brownian>complete_D_ncores1>complete_D_ncores2",0.549999999999955,0.4699999999998,0.519999999999754,0.340000000000146,0.259999999999764,0.340000000000146,0.860000000000127,1.93000000000006,3.03999999999996,"PASS",NA,NA
"random_5000_0.90_999","random",5000,0.9,999,8,"complete_D_ncores2>complete_D_ncores1>complete_brownian>binary_D>brownian_sort_threshold>brownian_sort>brownian_generation>random",0.549999999999955,0.420000000000073,0.5600000000004,0.319999999999936,0.319999999999936,0.380000000000109,0.8599999999999,1.88999999999987,3.02000000000021,"PASS",NA,NA
"random_5000_0.90_999","random",5000,0.9,999,9,"random>brownian_generation>brownian_sort>brownian_sort_threshold>binary_D>complete_brownian>complete_D_ncores1>complete_D_ncores2",0.549999999999955,0.430000000000064,0.500000000000455,0.309999999999718,0.289999999999964,0.360000000000127,0.8599999999999,1.89999999999986,3.00999999999999,"PASS",NA,NA
"random_5000_0.90_999","random",5000,0.9,999,10,"complete_D_ncores2>complete_D_ncores1>complete_brownian>binary_D>brownian_sort_threshold>brownian_sort>brownian_generation>random",0.549999999999955,0.460000000000036,0.590000000000146,0.309999999999945,0.300000000000182,0.339999999999918,0.839999999999918,1.8900000000001,3.04999999999995,"PASS",NA,NA
"pectinate_5000_0.90_999","pectinate",5000,0.9,999,1,"random>brownian_generation>brownian_sort>brownian_sort_threshold>binary_D>complete_brownian>complete_D_ncores1>complete_D_ncores2",0.610000000000127,0.3900000000001,0.509999999999991,0.259999999999991,0.279999999999973,0.320000000000164,0.799999999999955,1.75,2.86000000000013,"PASS",NA,NA
"pectinate_5000_0.90_999","pectinate",5000,0.9,999,2,"complete_D_ncores2>complete_D_ncores1>complete_brownian>binary_D>brownian_sort_threshold>brownian_sort>brownian_generation>random",0.610000000000127,0.400000000000091,0.529999999999745,0.25,0.189999999999827,0.329999999999927,0.779999999999973,1.74000000000001,2.8900000000001,"PASS",NA,NA
"pectinate_5000_0.90_999","pectinate",5000,0.9,999,3,"random>brownian_generation>brownian_sort>brownian_sort_threshold>binary_D>complete_brownian>complete_D_ncores1>complete_D_ncores2",0.610000000000127,0.379999999999882,0.5300000000002,0.25,0.229999999999791,0.289999999999736,0.799999999999955,1.72000000000003,2.91000000000008,"PASS",NA,NA
"pectinate_5000_0.90_999","pectinate",5000,0.9,999,4,"complete_D_ncores2>complete_D_ncores1>complete_brownian>binary_D>brownian_sort_threshold>brownian_sort>brownian_generation>random",0.610000000000127,0.409999999999854,0.549999999999955,0.259999999999991,0.260000000000218,0.299999999999955,0.779999999999973,1.72000000000003,2.87000000000012,"PASS",NA,NA
"pectinate_5000_0.90_999","pectinate",5000,0.9,999,5,"random>brownian_generation>brownian_sort>brownian_sort_threshold>binary_D>complete_brownian>complete_D_ncores1>complete_D_ncores2",0.610000000000127,0.409999999999854,0.580000000000382,0.270000000000209,0.229999999999791,0.3299999999997,0.799999999999955,1.73000000000002,2.90000000000009,"PASS",NA,NA
"pectinate_5000_0.90_999","pectinate",5000,0.9,999,6,"complete_D_ncores2>complete_D_ncores1>complete_brownian>binary_D>brownian_sort_threshold>brownian_sort>brownian_generation>random",0.610000000000127,0.370000000000118,0.539999999999964,0.259999999999991,0.200000000000045,0.350000000000136,0.779999999999973,1.75,2.86999999999989,"PASS",NA,NA
"pectinate_5000_0.90_999","pectinate",5000,0.9,999,7,"random>brownian_generation>brownian_sort>brownian_sort_threshold>binary_D>complete_brownian>complete_D_ncores1>complete_D_ncores2",0.610000000000127,0.379999999999882,0.570000000000391,0.230000000000018,0.210000000000036,0.340000000000146,0.779999999999973,1.75,2.90999999999985,"PASS",NA,NA
"pectinate_5000_0.90_999","pectinate",5000,0.9,999,8,"complete_D_ncores2>complete_D_ncores1>complete_brownian>binary_D>brownian_sort_threshold>brownian_sort>brownian_generation>random",0.610000000000127,0.399999999999864,0.550000000000182,0.259999999999991,0.229999999999791,0.339999999999918,0.7800000000002,1.75,2.87999999999988,"PASS",NA,NA
"pectinate_5000_0.90_999","pectinate",5000,0.9,999,9,"random>brownian_generation>brownian_sort>brownian_sort_threshold>binary_D>complete_brownian>complete_D_ncores1>complete_D_ncores2",0.610000000000127,0.4200000000003,0.549999999999727,0.240000000000236,0.199999999999818,0.289999999999964,0.809999999999945,1.75,2.89999999999986,"PASS",NA,NA
"pectinate_5000_0.90_999","pectinate",5000,0.9,999,10,"complete_D_ncores2>complete_D_ncores1>complete_brownian>binary_D>brownian_sort_threshold>brownian_sort>brownian_generation>random",0.610000000000127,0.389999999999873,0.539999999999964,0.220000000000255,0.200000000000045,0.320000000000164,0.800000000000182,1.73000000000002,2.8900000000001,"PASS",NA,NA
"balanced_500_0.10_9999","balanced",500,0.1,9999,1,"random>brownian_generation>brownian_sort>brownian_sort_threshold>binary_D>complete_brownian>complete_D_ncores1>complete_D_ncores2",0.0700000000001637,0.880000000001246,0.669999999999618,0.259999999999991,0.289999999999736,0.330000000000155,0.759999999999991,1.33999999999992,2.49000000000001,"PASS",NA,NA
"balanced_500_0.10_9999","balanced",500,0.1,9999,2,"complete_D_ncores2>complete_D_ncores1>complete_brownian>binary_D>brownian_sort_threshold>brownian_sort>brownian_generation>random",0.0700000000001637,0.920000000000755,0.740000000000009,0.270000000000209,0.229999999999791,0.309999999999945,0.779999999999973,1.32999999999993,2.5,"PASS",NA,NA
"balanced_500_0.10_9999","balanced",500,0.1,9999,3,"random>brownian_generation>brownian_sort>brownian_sort_threshold>binary_D>complete_brownian>complete_D_ncores1>complete_D_ncores2",0.0700000000001637,0.7199999999998,0.760000000000218,0.249999999999773,0.240000000000236,0.179999999999836,0.769999999999982,1.33999999999992,2.38000000000011,"PASS",NA,NA
"balanced_500_0.10_9999","balanced",500,0.1,9999,4,"complete_D_ncores2>complete_D_ncores1>complete_brownian>binary_D>brownian_sort_threshold>brownian_sort>brownian_generation>random",0.0700000000001637,0.850000000000364,1.03000000000134,0.259999999999991,0.249999999999773,0.3100000000004,0.759999999999991,1.35000000000014,2.47000000000003,"PASS",NA,NA
"balanced_500_0.10_9999","balanced",500,0.1,9999,5,"random>brownian_generation>brownian_sort>brownian_sort_threshold>binary_D>complete_brownian>complete_D_ncores1>complete_D_ncores2",0.0700000000001637,0.929999999999154,0.969999999999118,0.359999999999673,0.220000000000027,0.239999999999782,0.75,1.34999999999991,2.40000000000009,"PASS",NA,NA
"balanced_500_0.10_9999","balanced",500,0.1,9999,6,"complete_D_ncores2>complete_D_ncores1>complete_brownian>binary_D>brownian_sort_threshold>brownian_sort>brownian_generation>random",0.0700000000001637,0.960000000001173,0.860000000000127,0.270000000000437,0.259999999999764,0.2199999999998,0.75,1.3599999999999,2.41000000000008,"PASS",NA,NA
"balanced_500_0.10_9999","balanced",500,0.1,9999,7,"random>brownian_generation>brownian_sort>brownian_sort_threshold>binary_D>complete_brownian>complete_D_ncores1>complete_D_ncores2",0.0700000000001637,1.11000000000104,0.809999999999945,0.209999999999809,0.159999999999854,0.209999999999809,0.75,1.31999999999994,2.47999999999979,"PASS",NA,NA
"balanced_500_0.10_9999","balanced",500,0.1,9999,8,"complete_D_ncores2>complete_D_ncores1>complete_brownian>binary_D>brownian_sort_threshold>brownian_sort>brownian_generation>random",0.0700000000001637,0.630000000000109,0.930000000001655,0.270000000000437,0.210000000000264,0.320000000000164,0.769999999999982,1.3599999999999,2.5,"PASS",NA,NA
"balanced_500_0.10_9999","balanced",500,0.1,9999,9,"random>brownian_generation>brownian_sort>brownian_sort_threshold>binary_D>complete_brownian>complete_D_ncores1>complete_D_ncores2",0.0700000000001637,0.569999999999254,0.649999999999636,0.419999999999618,0.230000000000473,0.299999999999727,0.769999999999982,1.32000000000016,2.38000000000011,"PASS",NA,NA
"balanced_500_0.10_9999","balanced",500,0.1,9999,10,"complete_D_ncores2>complete_D_ncores1>complete_brownian>binary_D>brownian_sort_threshold>brownian_sort>brownian_generation>random",0.0700000000001637,1,0.850000000000819,0.210000000000036,0.339999999999691,0.390000000001237,0.759999999999764,1.34999999999991,2.46000000000004,"PASS",NA,NA
"random_500_0.10_9999","random",500,0.1,9999,1,"random>brownian_generation>brownian_sort>brownian_sort_threshold>binary_D>complete_brownian>complete_D_ncores1>complete_D_ncores2",0.0799999999999272,0.8700000000008,0.750000000000455,0.249999999999545,0.299999999999727,0.269999999999982,0.760000000000218,1.36000000000013,2.40999999999985,"PASS",NA,NA
"random_500_0.10_9999","random",500,0.1,9999,2,"complete_D_ncores2>complete_D_ncores1>complete_brownian>binary_D>brownian_sort_threshold>brownian_sort>brownian_generation>random",0.0799999999999272,0.620000000000346,0.670000000000073,0.230000000000928,0.340000000000146,0.329999999999927,0.769999999999982,1.34999999999991,2.5,"PASS",NA,NA
"random_500_0.10_9999","random",500,0.1,9999,3,"random>brownian_generation>brownian_sort>brownian_sort_threshold>binary_D>complete_brownian>complete_D_ncores1>complete_D_ncores2",0.0799999999999272,0.660000000001219,0.739999999999327,0.279999999999291,0.220000000000255,0.2199999999998,0.769999999999982,1.34999999999991,2.66000000000031,"PASS",NA,NA
"random_500_0.10_9999","random",500,0.1,9999,4,"complete_D_ncores2>complete_D_ncores1>complete_brownian>binary_D>brownian_sort_threshold>brownian_sort>brownian_generation>random",0.0799999999999272,0.850000000002638,0.639999999999873,0.220000000001619,0.289999999999509,0.259999999999764,0.7800000000002,1.34999999999991,2.42000000000007,"PASS",NA,NA
"random_500_0.10_9999","random",500,0.1,9999,5,"random>brownian_generation>brownian_sort>brownian_sort_threshold>binary_D>complete_brownian>complete_D_ncores1>complete_D_ncores2",0.0799999999999272,0.630000000000564,0.87000000000171,0.240000000000236,0.170000000000528,0.299999999999727,0.760000000000218,1.33999999999969,2.48999999999978,"PASS",NA,NA
"random_500_0.10_9999","random",500,0.1,9999,6,"complete_D_ncores2>complete_D_ncores1>complete_brownian>binary_D>brownian_sort_threshold>brownian_sort>brownian_generation>random",0.0799999999999272,0.719999999998436,0.600000000000364,0.319999999999709,0.329999999999472,0.339999999999691,0.760000000000218,1.38999999999987,2.50999999999976,"PASS",NA,NA
"random_500_0.10_9999","random",500,0.1,9999,7,"random>brownian_generation>brownian_sort>brownian_sort_threshold>binary_D>complete_brownian>complete_D_ncores1>complete_D_ncores2",0.0799999999999272,0.510000000000673,0.710000000001401,0.3100000000004,0.180000000000746,0.309999999999036,0.759999999999764,1.34000000000015,2.48000000000002,"PASS",NA,NA
"random_500_0.10_9999","random",500,0.1,9999,8,"complete_D_ncores2>complete_D_ncores1>complete_brownian>binary_D>brownian_sort_threshold>brownian_sort>brownian_generation>random",0.0799999999999272,0.700000000002092,0.6200000000008,0.260000000000673,0.219999999999345,0.420000000000528,0.789999999999964,1.32999999999993,2.5,"PASS",NA,NA
"random_500_0.10_9999","random",500,0.1,9999,9,"random>brownian_generation>brownian_sort>brownian_sort_threshold>binary_D>complete_brownian>complete_D_ncores1>complete_D_ncores2",0.0799999999999272,0.690000000000964,0.769999999999527,0.239999999999327,0.210000000000036,0.299999999999727,0.769999999999982,1.33999999999969,2.38999999999987,"PASS",NA,NA
"random_500_0.10_9999","random",500,0.1,9999,10,"complete_D_ncores2>complete_D_ncores1>complete_brownian>binary_D>brownian_sort_threshold>brownian_sort>brownian_generation>random",0.0799999999999272,0.739999999997963,0.6599999999994,0.349999999999909,0.180000000000291,0.299999999999727,0.760000000000218,1.34000000000015,2.52999999999975,"PASS",NA,NA
"pectinate_500_0.10_9999","pectinate",500,0.1,9999,1,"random>brownian_generation>brownian_sort>brownian_sort_threshold>binary_D>complete_brownian>complete_D_ncores1>complete_D_ncores2",0.0499999999997272,0.929999999995289,0.640000000000327,0.259999999999764,0.21999999999889,0.370000000001255,0.869999999999891,1.5300000000002,3.16999999999962,"PASS",NA,NA
"pectinate_500_0.10_9999","pectinate",500,0.1,9999,2,"complete_D_ncores2>complete_D_ncores1>complete_brownian>binary_D>brownian_sort_threshold>brownian_sort>brownian_generation>random",0.0499999999997272,0.489999999999782,0.630000000000109,0.169999999999618,0.190000000000055,0.400000000001,0.789999999999964,1.50999999999976,3.07999999999993,"PASS",NA,NA
"pectinate_500_0.10_9999","pectinate",500,0.1,9999,3,"random>brownian_generation>brownian_sort>brownian_sort_threshold>binary_D>complete_brownian>complete_D_ncores1>complete_D_ncores2",0.0499999999997272,0.480000000000018,0.539999999999509,0.220000000000255,0.160000000000309,0.359999999999218,0.800000000000182,1.41999999999962,3.0300000000002,"PASS",NA,NA
"pectinate_500_0.10_9999","pectinate",500,0.1,9999,4,"complete_D_ncores2>complete_D_ncores1>complete_brownian>binary_D>brownian_sort_threshold>brownian_sort>brownian_generation>random",0.0499999999997272,0.579999999999472,0.559999999999945,0.289999999999509,0.309999999999036,0.289999999999964,0.809999999999945,1.42999999999984,3.04999999999973,"PASS",NA,NA
"pectinate_500_0.10_9999","pectinate",500,0.1,9999,5,"random>brownian_generation>brownian_sort>brownian_sort_threshold>binary_D>complete_brownian>complete_D_ncores1>complete_D_ncores2",0.0499999999997272,0.499999999999091,0.670000000002346,0.209999999999582,0.200000000000273,0.410000000001219,0.779999999999745,1.38999999999987,2.92999999999984,"PASS",NA,NA
"pectinate_500_0.10_9999","pectinate",500,0.1,9999,6,"complete_D_ncores2>complete_D_ncores1>complete_brownian>binary_D>brownian_sort_threshold>brownian_sort>brownian_generation>random",0.0499999999997272,0.599999999997635,0.649999999999181,0.190000000000509,0.260000000000673,0.270000000000437,0.760000000000218,1.41000000000031,2.98999999999978,"PASS",NA,NA
"pectinate_500_0.10_9999","pectinate",500,0.1,9999,7,"random>brownian_generation>brownian_sort>brownian_sort_threshold>binary_D>complete_brownian>complete_D_ncores1>complete_D_ncores2",0.0499999999997272,0.679999999998017,0.6899999999996,0.280000000000655,0.199999999999363,0.250000000000909,0.740000000000236,1.31999999999971,2.47000000000025,"PASS",NA,NA
"pectinate_500_0.10_9999","pectinate",500,0.1,9999,8,"complete_D_ncores2>complete_D_ncores1>complete_brownian>binary_D>brownian_sort_threshold>brownian_sort>brownian_generation>random",0.0499999999997272,0.739999999999327,0.489999999997963,0.2199999999998,0.1599999999994,0.299999999999272,0.740000000000236,1.2800000000002,2.46000000000004,"PASS",NA,NA
"pectinate_500_0.10_9999","pectinate",500,0.1,9999,9,"random>brownian_generation>brownian_sort>brownian_sort_threshold>binary_D>complete_brownian>complete_D_ncores1>complete_D_ncores2",0.0499999999997272,0.359999999998763,0.710000000000036,0.190000000000055,0.190000000000055,0.260000000000218,0.739999999999782,1.30999999999995,2.43000000000029,"PASS",NA,NA
"pectinate_500_0.10_9999","pectinate",500,0.1,9999,10,"complete_D_ncores2>complete_D_ncores1>complete_brownian>binary_D>brownian_sort_threshold>brownian_sort>brownian_generation>random",0.0499999999997272,0.420000000001892,0.780000000000655,0.139999999999418,0.169999999999618,0.230000000000928,0.710000000000036,1.32999999999993,2.47000000000025,"PASS",NA,NA
"balanced_2000_0.10_9999","balanced",2000,0.1,9999,1,"random>brownian_generation>brownian_sort>brownian_sort_threshold>binary_D>complete_brownian>complete_D_ncores1>complete_D_ncores2",0.210000000000036,1.9699999999998,2.10999999999967,1.13999999999987,1.14000000000033,1.18000000000029,3.30000000000018,5.76000000000022,10.3900000000003,"PASS",NA,NA
"balanced_2000_0.10_9999","balanced",2000,0.1,9999,2,"complete_D_ncores2>complete_D_ncores1>complete_brownian>binary_D>brownian_sort_threshold>brownian_sort>brownian_generation>random",0.210000000000036,2.10999999999922,2.13999999999942,1.10999999999922,0.960000000001401,1.17000000000053,3.2800000000002,5.7800000000002,10.4299999999998,"PASS",NA,NA
"balanced_2000_0.10_9999","balanced",2000,0.1,9999,3,"random>brownian_generation>brownian_sort>brownian_sort_threshold>binary_D>complete_brownian>complete_D_ncores1>complete_D_ncores2",0.210000000000036,1.79000000000042,1.9600000000014,1.12000000000035,1.1599999999994,1.05000000000018,3.27999999999975,5.77999999999975,10.3600000000001,"PASS",NA,NA
"balanced_2000_0.10_9999","balanced",2000,0.1,9999,4,"complete_D_ncores2>complete_D_ncores1>complete_brownian>binary_D>brownian_sort_threshold>brownian_sort>brownian_generation>random",0.210000000000036,1.87000000000035,2.17999999999984,1.06999999999971,1.14000000000033,0.990000000001146,3.30999999999995,5.76000000000022,10.4400000000001,"PASS",NA,NA
"balanced_2000_0.10_9999","balanced",2000,0.1,9999,5,"random>brownian_generation>brownian_sort>brownian_sort_threshold>binary_D>complete_brownian>complete_D_ncores1>complete_D_ncores2",0.210000000000036,1.80000000000064,2.27999999999929,1.1299999999992,0.960000000000491,1.08000000000084,3.33000000000038,5.76999999999998,10.4000000000001,"PASS",NA,NA
"balanced_2000_0.10_9999","balanced",2000,0.1,9999,6,"complete_D_ncores2>complete_D_ncores1>complete_brownian>binary_D>brownian_sort_threshold>brownian_sort>brownian_generation>random",0.210000000000036,2.17999999999893,2.15999999999985,1.15999999999985,1.02999999999929,1.17000000000053,3.30000000000018,5.75,10.3499999999999,"PASS",NA,NA
"balanced_2000_0.10_9999","balanced",2000,0.1,9999,7,"random>brownian_generation>brownian_sort>brownian_sort_threshold>binary_D>complete_brownian>complete_D_ncores1>complete_D_ncores2",0.210000000000036,2.1800000000012,2.22000000000025,1.04999999999973,1.0300000000002,1.20000000000027,3.28999999999996,5.75,10.46,"PASS",NA,NA
"balanced_2000_0.10_9999","balanced",2000,0.1,9999,8,"complete_D_ncores2>complete_D_ncores1>complete_brownian>binary_D>brownian_sort_threshold>brownian_sort>brownian_generation>random",0.210000000000036,2.09999999999945,2.11000000000104,1.11000000000013,1.00000000000136,1.17999999999847,3.27999999999975,5.73000000000002,10.3800000000001,"PASS",NA,NA
"balanced_2000_0.10_9999","balanced",2000,0.1,9999,9,"random>brownian_generation>brownian_sort>brownian_sort_threshold>binary_D>complete_brownian>complete_D_ncores1>complete_D_ncores2",0.210000000000036,2.15000000000055,2.01999999999907,1.05999999999995,1.04999999999973,1.19000000000096,3.29999999999973,5.75,10.3499999999999,"PASS",NA,NA
"balanced_2000_0.10_9999","balanced",2000,0.1,9999,10,"complete_D_ncores2>complete_D_ncores1>complete_brownian>binary_D>brownian_sort_threshold>brownian_sort>brownian_generation>random",0.210000000000036,1.89000000000078,2.01999999999998,1.25,1.050000000002,1.22999999999865,3.27999999999975,5.76999999999998,10.4200000000001,"PASS",NA,NA
"random_2000_0.10_9999","random",2000,0.1,9999,1,"random>brownian_generation>brownian_sort>brownian_sort_threshold>binary_D>complete_brownian>complete_D_ncores1>complete_D_ncores2",0.2199999999998,1.94000000000051,2.27000000000044,1.07000000000016,1.02999999999975,1.09000000000106,3.33000000000038,5.84000000000015,10.4200000000001,"PASS",NA,NA
"random_2000_0.10_9999","random",2000,0.1,9999,2,"complete_D_ncores2>complete_D_ncores1>complete_brownian>binary_D>brownian_sort_threshold>brownian_sort>brownian_generation>random",0.2199999999998,1.73999999999933,2.16000000000076,1.03999999999951,1.11000000000013,1.17000000000007,3.32999999999993,5.89000000000033,10.4699999999998,"PASS",NA,NA
"random_2000_0.10_9999","random",2000,0.1,9999,3,"random>brownian_generation>brownian_sort>brownian_sort_threshold>binary_D>complete_brownian>complete_D_ncores1>complete_D_ncores2",0.2199999999998,1.75000000000091,2.11999999999944,1.10999999999922,1.07999999999947,1.16999999999916,3.31999999999971,6.11000000000013,10.48,"PASS",NA,NA
"random_2000_0.10_9999","random",2000,0.1,9999,4,"complete_D_ncores2>complete_D_ncores1>complete_brownian>binary_D>brownian_sort_threshold>brownian_sort>brownian_generation>random",0.2199999999998,2.1599999999994,2.16999999999825,1.23999999999887,1.09000000000015,1.24000000000024,3.32999999999993,5.94999999999982,10.5,"PASS",NA,NA
"random_2000_0.10_9999","random",2000,0.1,9999,5,"random>brownian_generation>brownian_sort>brownian_sort_threshold>binary_D>complete_brownian>complete_D_ncores1>complete_D_ncores2",0.2199999999998,2.01999999999998,2.36999999999989,1.13999999999942,1.08999999999969,1.27000000000135,3.30999999999995,5.94000000000005,10.4499999999998,"PASS",NA,NA
"random_2000_0.10_9999","random",2000,0.1,9999,6,"complete_D_ncores2>complete_D_ncores1>complete_brownian>binary_D>brownian_sort_threshold>brownian_sort>brownian_generation>random",0.2199999999998,1.57999999999947,2.1899999999996,1.05999999999949,1.09999999999991,1.18000000000029,3.43000000000029,6.38000000000011,10.4499999999998,"PASS",NA,NA
"random_2000_0.10_9999","random",2000,0.1,9999,7,"random>brownian_generation>brownian_sort>brownian_sort_threshold>binary_D>complete_brownian>complete_D_ncores1>complete_D_ncores2",0.2199999999998,1.67000000000053,2.16000000000031,1.11999999999944,1.04000000000087,1.13999999999851,3.36000000000013,5.84999999999991,12,"PASS",NA,NA
"random_2000_0.10_9999","random",2000,0.1,9999,8,"complete_D_ncores2>complete_D_ncores1>complete_brownian>binary_D>brownian_sort_threshold>brownian_sort>brownian_generation>random",0.2199999999998,1.6800000000012,2.23999999999933,0.960000000001855,0.899999999999636,1.47000000000071,3.63999999999987,7,12.6199999999999,"PASS",NA,NA
"random_2000_0.10_9999","random",2000,0.1,9999,9,"random>brownian_generation>brownian_sort>brownian_sort_threshold>binary_D>complete_brownian>complete_D_ncores1>complete_D_ncores2",0.2199999999998,1.7299999999982,2.26000000000022,1.14000000000033,1.11999999999989,1.20999999999958,3.30999999999995,5.83999999999969,11.9400000000001,"PASS",NA,NA
"random_2000_0.10_9999","random",2000,0.1,9999,10,"complete_D_ncores2>complete_D_ncores1>complete_brownian>binary_D>brownian_sort_threshold>brownian_sort>brownian_generation>random",0.2199999999998,1.64000000000215,2.12999999999829,1.10999999999967,1.0300000000002,1.099999999999,3.32999999999993,5.75,11.9200000000001,"PASS",NA,NA
"pectinate_2000_0.10_9999","pectinate",2000,0.1,9999,1,"random>brownian_generation>brownian_sort>brownian_sort_threshold>binary_D>complete_brownian>complete_D_ncores1>complete_D_ncores2",0.230000000000018,1.61000000000195,2.16999999999962,0.960000000004129,0.859999999998763,1.08999999999878,3.13999999999987,5.5300000000002,11.5300000000002,"PASS",NA,NA
"pectinate_2000_0.10_9999","pectinate",2000,0.1,9999,2,"complete_D_ncores2>complete_D_ncores1>complete_brownian>binary_D>brownian_sort_threshold>brownian_sort>brownian_generation>random",0.230000000000018,1.64000000000124,2.19999999999936,1.03000000000247,0.7800000000002,1.02000000000044,3.09999999999991,5.47000000000025,11.5100000000002,"PASS",NA,NA
"pectinate_2000_0.10_9999","pectinate",2000,0.1,9999,3,"random>brownian_generation>brownian_sort>brownian_sort_threshold>binary_D>complete_brownian>complete_D_ncores1>complete_D_ncores2",0.230000000000018,1.49000000000024,2.20000000000073,0.869999999997162,0.849999999999454,1.11999999999944,3.09000000000015,5.51000000000022,11.5500000000002,"PASS",NA,NA
"pectinate_2000_0.10_9999","pectinate",2000,0.1,9999,4,"complete_D_ncores2>complete_D_ncores1>complete_brownian>binary_D>brownian_sort_threshold>brownian_sort>brownian_generation>random",0.230000000000018,1.60999999999785,2.15000000000009,0.970000000002528,0.839999999999236,1.09999999999854,3.13000000000011,5.5,11.5799999999999,"PASS",NA,NA
"pectinate_2000_0.10_9999","pectinate",2000,0.1,9999,5,"random>brownian_generation>brownian_sort>brownian_sort_threshold>binary_D>complete_brownian>complete_D_ncores1>complete_D_ncores2",0.230000000000018,1.59000000000106,1.99000000000024,0.739999999998417,0.909999999999854,1.05000000000064,3.13000000000011,5.48000000000002,11.5099999999998,"PASS",NA,NA
"pectinate_2000_0.10_9999","pectinate",2000,0.1,9999,6,"complete_D_ncores2>complete_D_ncores1>complete_brownian>binary_D>brownian_sort_threshold>brownian_sort>brownian_generation>random",0.230000000000018,1.70000000000164,2.10999999999967,0.989999999997053,0.850000000002638,1.12000000000035,3.10999999999967,5.48000000000002,11.5299999999997,"PASS",NA,NA
"pectinate_2000_0.10_9999","pectinate",2000,0.1,9999,7,"random>brownian_generation>brownian_sort>brownian_sort_threshold>binary_D>complete_brownian>complete_D_ncores1>complete_D_ncores2",0.230000000000018,1.5900000000006,1.99000000000024,0.930000000003929,0.950000000001637,1.12999999999965,3.07999999999993,5.49000000000024,11.5500000000002,"PASS",NA,NA
"pectinate_2000_0.10_9999","pectinate",2000,0.1,9999,8,"complete_D_ncores2>complete_D_ncores1>complete_brownian>binary_D>brownian_sort_threshold>brownian_sort>brownian_generation>random",0.230000000000018,1.72000000000298,2.10000000000218,1.04999999998381,0.909999999995307,1.21000000000186,3.11999999999989,5.48000000000002,11.5599999999999,"PASS",NA,NA
"pectinate_2000_0.10_9999","pectinate",2000,0.1,9999,9,"random>brownian_generation>brownian_sort>brownian_sort_threshold>binary_D>complete_brownian>complete_D_ncores1>complete_D_ncores2",0.230000000000018,1.54999999999836,2.28000000000247,0.759999999967476,0.919999999998254,1.09000000000378,3.10000000000036,5.46000000000004,11.54,"PASS",NA,NA
"pectinate_2000_0.10_9999","pectinate",2000,0.1,9999,10,"complete_D_ncores2>complete_D_ncores1>complete_brownian>binary_D>brownian_sort_threshold>brownian_sort>brownian_generation>random",0.230000000000018,1.65999999999894,1.99999999999727,0.810000000014952,0.899999999999636,1.23000000000138,3.17000000000007,5.48999999999978,11.5500000000002,"PASS",NA,NA
"balanced_5000_0.10_9999","balanced",5000,0.1,9999,1,"random>brownian_generation>brownian_sort>brownian_sort_threshold>binary_D>complete_brownian>complete_D_ncores1>complete_D_ncores2",0.5600000000004,4.15000000000236,5.5600000000004,3.09999999999854,2.94000000000233,3.44999999999891,8.5,15.8500000000004,30.9000000000005,"PASS",NA,NA
"balanced_5000_0.10_9999","balanced",5000,0.1,9999,2,"complete_D_ncores2>complete_D_ncores1>complete_brownian>binary_D>brownian_sort_threshold>brownian_sort>brownian_generation>random",0.5600000000004,4.12000000000262,5.47000000000025,2.92000000000007,2.98000000000138,3.300000000002,8.53000000000065,15.9099999999999,30.9200000000001,"PASS",NA,NA
"balanced_5000_0.10_9999","balanced",5000,0.1,9999,3,"random>brownian_generation>brownian_sort>brownian_sort_threshold>binary_D>complete_brownian>complete_D_ncores1>complete_D_ncores2",0.5600000000004,4.1100000000024,5.45000000000073,2.96999999999935,2.80000000000018,3.5300000000052,8.51000000000022,15.9400000000005,31.1200000000008,"PASS",NA,NA
"balanced_5000_0.10_9999","balanced",5000,0.1,9999,4,"complete_D_ncores2>complete_D_ncores1>complete_brownian>binary_D>brownian_sort_threshold>brownian_sort>brownian_generation>random",0.5600000000004,4.03999999999905,5.39000000000397,3.1899999999996,2.94000000000233,3.42000000000189,8.53999999999996,15.96,30.8699999999999,"PASS",NA,NA
"balanced_5000_0.10_9999","balanced",5000,0.1,9999,5,"random>brownian_generation>brownian_sort>brownian_sort_threshold>binary_D>complete_brownian>complete_D_ncores1>complete_D_ncores2",0.5600000000004,4.10000000000036,5.48000000000047,2.98999999999978,3.09000000000015,3.46999999999935,8.47999999999956,16.5299999999997,31.1700000000001,"PASS",NA,NA
"balanced_5000_0.10_9999","balanced",5000,0.1,9999,6,"complete_D_ncores2>complete_D_ncores1>complete_brownian>binary_D>brownian_sort_threshold>brownian_sort>brownian_generation>random",0.5600000000004,4.07000000000244,5.41000000000076,2.8100000000004,2.95000000000164,3.30000000000109,8.73000000000047,16.1599999999999,31.25,"PASS",NA,NA
"balanced_5000_0.10_9999","balanced",5000,0.1,9999,7,"random>brownian_generation>brownian_sort>brownian_sort_threshold>binary_D>complete_brownian>complete_D_ncores1>complete_D_ncores2",0.5600000000004,4.09999999999854,5.44999999999982,3.28999999999814,2.88999999999851,3.47999999999865,8.55000000000018,16.54,31.7199999999993,"PASS",NA,NA
"balanced_5000_0.10_9999","balanced",5000,0.1,9999,8,"complete_D_ncores2>complete_D_ncores1>complete_brownian>binary_D>brownian_sort_threshold>brownian_sort>brownian_generation>random",0.5600000000004,4.13000000000011,5.48999999999978,2.81999999999789,2.96999999999935,3.41999999999553,8.64000000000033,16.0200000000004,31.4899999999998,"PASS",NA,NA
"balanced_5000_0.10_9999","balanced",5000,0.1,9999,9,"random>brownian_generation>brownian_sort>brownian_sort_threshold>binary_D>complete_brownian>complete_D_ncores1>complete_D_ncores2",0.5600000000004,4.07999999999902,5.47999999999865,2.83999999999833,2.89000000000124,3.40000000000055,8.50999999999931,16,31.0699999999997,"PASS",NA,NA
"balanced_5000_0.10_9999","balanced",5000,0.1,9999,10,"complete_D_ncores2>complete_D_ncores1>complete_brownian>binary_D>brownian_sort_threshold>brownian_sort>brownian_generation>random",0.5600000000004,4.07000000000153,5.3299999999972,3.15999999999894,2.91999999999643,3.60000000000036,8.53000000000065,16.2200000000003,31.0099999999993,"PASS",NA,NA
"random_5000_0.10_9999","random",5000,0.1,9999,1,"random>brownian_generation>brownian_sort>brownian_sort_threshold>binary_D>complete_brownian>complete_D_ncores1>complete_D_ncores2",0.5600000000004,4.06000000000313,5.56000000000222,2.96000000000004,2.84999999999764,3.34000000000106,8.55999999999949,15.8299999999999,30.3000000000002,"PASS",NA,NA
"random_5000_0.10_9999","random",5000,0.1,9999,2,"complete_D_ncores2>complete_D_ncores1>complete_brownian>binary_D>brownian_sort_threshold>brownian_sort>brownian_generation>random",0.5600000000004,4.15999999999985,5.49999999999818,3.26999999999953,2.8799999999992,3.36999999999898,8.61999999999989,16.1399999999994,30.3400000000001,"PASS",NA,NA
"random_5000_0.10_9999","random",5000,0.1,9999,3,"random>brownian_generation>brownian_sort>brownian_sort_threshold>binary_D>complete_brownian>complete_D_ncores1>complete_D_ncores2",0.5600000000004,4.16999999999734,5.46000000000186,2.9399999999996,2.74000000000069,3.25,8.60999999999967,16.0500000000002,30.5599999999995,"PASS",NA,NA
"random_5000_0.10_9999","random",5000,0.1,9999,4,"complete_D_ncores2>complete_D_ncores1>complete_brownian>binary_D>brownian_sort_threshold>brownian_sort>brownian_generation>random",0.5600000000004,4.23999999999978,5.5,3,3.00000000000091,3.14999999999509,8.6899999999996,16.2800000000007,30.5100000000002,"PASS",NA,NA
"random_5000_0.10_9999","random",5000,0.1,9999,5,"random>brownian_generation>brownian_sort>brownian_sort_threshold>binary_D>complete_brownian>complete_D_ncores1>complete_D_ncores2",0.5600000000004,4.02999999999793,5.48999999999978,2.98000000000229,2.90000000000055,3.26999999999498,8.55999999999949,15.79,30.3599999999997,"PASS",NA,NA
"random_5000_0.10_9999","random",5000,0.1,9999,6,"complete_D_ncores2>complete_D_ncores1>complete_brownian>binary_D>brownian_sort_threshold>brownian_sort>brownian_generation>random",0.5600000000004,4.04999999999836,5.51999999999862,3.07000000000244,2.9900000000016,3.3899999999976,8.61000000000058,15.8899999999994,30.2799999999997,"PASS",NA,NA
"random_5000_0.10_9999","random",5000,0.1,9999,7,"random>brownian_generation>brownian_sort>brownian_sort_threshold>binary_D>complete_brownian>complete_D_ncores1>complete_D_ncores2",0.5600000000004,4.15000000000146,5.55999999999858,2.94000000000233,2.89999999999873,3.38000000000193,8.55000000000018,15.9300000000003,30.6199999999999,"PASS",NA,NA
"random_5000_0.10_9999","random",5000,0.1,9999,8,"complete_D_ncores2>complete_D_ncores1>complete_brownian>binary_D>brownian_sort_threshold>brownian_sort>brownian_generation>random",0.5600000000004,3.89999999999418,6.92000000000098,3.26000000000022,2.85999999999967,3.63000000000375,8.57999999999993,16.1400000000003,30.4700000000003,"PASS",NA,NA
"random_5000_0.10_9999","random",5000,0.1,9999,9,"random>brownian_generation>brownian_sort>brownian_sort_threshold>binary_D>complete_brownian>complete_D_ncores1>complete_D_ncores2",0.5600000000004,4.20000000000164,5.45000000000346,3.01999999999862,2.9900000000016,3.40999999999985,8.63000000000011,16.4199999999992,27.5799999999999,"PASS",NA,NA
"random_5000_0.10_9999","random",5000,0.1,9999,10,"complete_D_ncores2>complete_D_ncores1>complete_brownian>binary_D>brownian_sort_threshold>brownian_sort>brownian_generation>random",0.5600000000004,4.07999999999811,5.53999999999996,3.06999999999698,2.91000000000349,3.32000000000062,8.61000000000058,16.4300000000003,27.6999999999998,"PASS",NA,NA
"pectinate_5000_0.10_9999","pectinate",5000,0.1,9999,1,"random>brownian_generation>brownian_sort>brownian_sort_threshold>binary_D>complete_brownian>complete_D_ncores1>complete_D_ncores2",0.600000000000364,4.17999999999938,5.6299999999992,2.52000000000589,2.35999999999967,3.27999999999975,7.83999999999924,14.9200000000001,26.2200000000003,"PASS",NA,NA
"pectinate_5000_0.10_9999","pectinate",5000,0.1,9999,2,"complete_D_ncores2>complete_D_ncores1>complete_brownian>binary_D>brownian_sort_threshold>brownian_sort>brownian_generation>random",0.600000000000364,4.07999999999902,5.60000000000036,2.5,2.5099999999984,3.54999999999927,7.88000000000011,15.0299999999997,26.4499999999998,"PASS",NA,NA
"pectinate_5000_0.10_9999","pectinate",5000,0.1,9999,3,"random>brownian_generation>brownian_sort>brownian_sort_threshold>binary_D>complete_brownian>complete_D_ncores1>complete_D_ncores2",0.600000000000364,4.0600000000004,5.61000000000149,2.67000000000553,2.42000000000644,3.28999999999633,7.89999999999964,15.1000000000004,26.2799999999997,"PASS",NA,NA
"pectinate_5000_0.10_9999","pectinate",5000,0.1,9999,4,"complete_D_ncores2>complete_D_ncores1>complete_brownian>binary_D>brownian_sort_threshold>brownian_sort>brownian_generation>random",0.600000000000364,4.09999999999854,5.53999999999814,2.42000000000371,2.33999999999287,3.36999999999898,7.88999999999942,15.46,26.4000000000005,"PASS",NA,NA
"pectinate_5000_0.10_9999","pectinate",5000,0.1,9999,5,"random>brownian_generation>brownian_sort>brownian_sort_threshold>binary_D>complete_brownian>complete_D_ncores1>complete_D_ncores2",0.600000000000364,4.26999999999953,5.42999999999756,2.52999999999702,2.38000000000739,3.32000000000335,7.89000000000033,15.1199999999999,26.3599999999997,"PASS",NA,NA
"pectinate_5000_0.10_9999","pectinate",5000,0.1,9999,6,"complete_D_ncores2>complete_D_ncores1>complete_brownian>binary_D>brownian_sort_threshold>brownian_sort>brownian_generation>random",0.600000000000364,4.08999999999469,5.35999999999967,2.60999999999785,2.44999999999527,3.41000000000258,7.85999999999967,15.2199999999993,26.3599999999997,"PASS",NA,NA
"pectinate_5000_0.10_9999","pectinate",5000,0.1,9999,7,"random>brownian_generation>brownian_sort>brownian_sort_threshold>binary_D>complete_brownian>complete_D_ncores1>complete_D_ncores2",0.600000000000364,4.13999999999578,5.48000000000229,2.6100000000024,2.39999999999691,3.39999999999873,7.89000000000033,14.9399999999996,26.3100000000004,"PASS",NA,NA
"pectinate_5000_0.10_9999","pectinate",5000,0.1,9999,8,"complete_D_ncores2>complete_D_ncores1>complete_brownian>binary_D>brownian_sort_threshold>brownian_sort>brownian_generation>random",0.600000000000364,4.07999999999993,5.64000000000033,2.57999999999811,2.38999999999396,3.22000000000207,7.89000000000033,15.0599999999995,26.25,"PASS",NA,NA
"pectinate_5000_0.10_9999","pectinate",5000,0.1,9999,9,"random>brownian_generation>brownian_sort>brownian_sort_threshold>binary_D>complete_brownian>complete_D_ncores1>complete_D_ncores2",0.600000000000364,3.99000000000069,5.46000000000004,2.46000000000458,2.27000000000044,3.35000000000036,7.85000000000036,14.9499999999998,26.3600000000006,"PASS",NA,NA
"pectinate_5000_0.10_9999","pectinate",5000,0.1,9999,10,"complete_D_ncores2>complete_D_ncores1>complete_brownian>binary_D>brownian_sort_threshold>brownian_sort>brownian_generation>random",0.600000000000364,4.15999999999894,5.41000000000349,2.65000000000236,2.53999999999814,3.27999999999793,7.89000000000033,15.3500000000004,26.25,"PASS",NA,NA
"balanced_500_0.50_9999","balanced",500,0.5,9999,1,"random>brownian_generation>brownian_sort>brownian_sort_threshold>binary_D>complete_brownian>complete_D_ncores1>complete_D_ncores2",0.0500000000001819,0.560000000003129,0.779999999998836,0.1899999999996,0.240000000000691,0.25,0.760000000000218,1.35000000000036,2.47000000000025,"PASS",NA,NA
"balanced_500_0.50_9999","balanced",500,0.5,9999,2,"complete_D_ncores2>complete_D_ncores1>complete_brownian>binary_D>brownian_sort_threshold>brownian_sort>brownian_generation>random",0.0500000000001819,0.739999999986139,0.689999999997781,0.319999999999709,0.220000000002074,0.290000000000873,0.759999999999309,1.36000000000058,2.4399999999996,"PASS",NA,NA
"balanced_500_0.50_9999","balanced",500,0.5,9999,3,"random>brownian_generation>brownian_sort>brownian_sort_threshold>binary_D>complete_brownian>complete_D_ncores1>complete_D_ncores2",0.0500000000001819,0.699999999995271,0.699999999998909,0.269999999999527,0.230000000001382,0.340000000001965,0.760000000000218,1.33999999999924,2.43000000000029,"PASS",NA,NA
"balanced_500_0.50_9999","balanced",500,0.5,9999,4,"complete_D_ncores2>complete_D_ncores1>complete_brownian>binary_D>brownian_sort_threshold>brownian_sort>brownian_generation>random",0.0500000000001819,0.820000000008804,0.850000000008549,0.250000000000909,0.199999999999818,0.229999999999563,0.759999999999309,1.34000000000015,2.51999999999953,"PASS",NA,NA
"balanced_500_0.50_9999","balanced",500,0.5,9999,5,"random>brownian_generation>brownian_sort>brownian_sort_threshold>binary_D>complete_brownian>complete_D_ncores1>complete_D_ncores2",0.0500000000001819,0.76999999999498,0.720000000001164,0.279999999998836,0.320000000002437,0.279999999999745,0.75,1.32999999999993,2.38000000000011,"PASS",NA,NA
"balanced_500_0.50_9999","balanced",500,0.5,9999,6,"complete_D_ncores2>complete_D_ncores1>complete_brownian>binary_D>brownian_sort_threshold>brownian_sort>brownian_generation>random",0.0500000000001819,0.970000000011169,0.660000000002583,0.190000000001419,0.309999999997672,0.269999999998618,0.75,1.3799999999992,2.39999999999964,"PASS",NA,NA
"balanced_500_0.50_9999","balanced",500,0.5,9999,7,"random>brownian_generation>brownian_sort>brownian_sort_threshold>binary_D>complete_brownian>complete_D_ncores1>complete_D_ncores2",0.0500000000001819,0.929999999997563,0.699999999997999,0.239999999997963,0.269999999998618,0.230000000000473,0.760000000000218,1.32999999999993,2.5,"PASS",NA,NA
"balanced_500_0.50_9999","balanced",500,0.5,9999,8,"complete_D_ncores2>complete_D_ncores1>complete_brownian>binary_D>brownian_sort_threshold>brownian_sort>brownian_generation>random",0.0500000000001819,1.0199999999968,0.780000000003383,0.190000000001419,0.190000000001419,0.260000000000218,0.770000000000437,1.34000000000015,2.4399999999996,"PASS",NA,NA
"balanced_500_0.50_9999","balanced",500,0.5,9999,9,"random>brownian_generation>brownian_sort>brownian_sort_threshold>binary_D>complete_brownian>complete_D_ncores1>complete_D_ncores2",0.0500000000001819,0.899999999995089,0.789999999998145,0.279999999997926,0.25,0.229999999998654,0.75,1.33999999999924,2.40999999999985,"PASS",NA,NA
"balanced_500_0.50_9999","balanced",500,0.5,9999,10,"complete_D_ncores2>complete_D_ncores1>complete_brownian>binary_D>brownian_sort_threshold>brownian_sort>brownian_generation>random",0.0500000000001819,0.779999999993379,0.839999999994689,0.300000000000182,0.280000000000655,0.200000000000728,0.759999999999309,1.32999999999993,2.46999999999935,"PASS",NA,NA
"random_500_0.50_9999","random",500,0.5,9999,1,"random>brownian_generation>brownian_sort>brownian_sort_threshold>binary_D>complete_brownian>complete_D_ncores1>complete_D_ncores2",0.069999999999709,0.929999999990287,0.700000000003456,0.269999999998618,0.209999999999127,0.279999999997017,0.769999999999527,1.38000000000011,2.49000000000069,"PASS",NA,NA
"random_500_0.50_9999","random",500,0.5,9999,2,"complete_D_ncores2>complete_D_ncores1>complete_brownian>binary_D>brownian_sort_threshold>brownian_sort>brownian_generation>random",0.069999999999709,0.910000000002583,0.849999999999454,0.300000000001091,0.340000000001055,0.320000000001528,0.760000000000218,1.35999999999967,2.52000000000044,"PASS",NA,NA
"random_500_0.50_9999","random",500,0.5,9999,3,"random>brownian_generation>brownian_sort>brownian_sort_threshold>binary_D>complete_brownian>complete_D_ncores1>complete_D_ncores2",0.069999999999709,0.840000000012878,0.820000000003347,0.299999999997453,0.209999999998217,0.199999999999818,0.760000000000218,1.34000000000015,2.36999999999989,"PASS",NA,NA
"random_500_0.50_9999","random",500,0.5,9999,4,"complete_D_ncores2>complete_D_ncores1>complete_brownian>binary_D>brownian_sort_threshold>brownian_sort>brownian_generation>random",0.069999999999709,0.970000000003893,0.669999999997344,0.239999999997963,0.299999999996544,0.260000000002947,0.779999999999745,1.34000000000015,2.52999999999975,"PASS",NA,NA
"random_500_0.50_9999","random",500,0.5,9999,5,"random>brownian_generation>brownian_sort>brownian_sort_threshold>binary_D>complete_brownian>complete_D_ncores1>complete_D_ncores2",0.069999999999709,0.909999999992579,0.820000000001528,0.279999999998836,0.25,0.200000000001637,0.789999999999964,1.36000000000058,2.35999999999967,"PASS",NA,NA
"random_500_0.50_9999","random",500,0.5,9999,6,"complete_D_ncores2>complete_D_ncores1>complete_brownian>binary_D>brownian_sort_threshold>brownian_sort>brownian_generation>random",0.069999999999709,0.809999999994034,0.850000000004911,0.319999999999709,0.230000000000473,0.260000000000218,0.779999999999745,1.38000000000011,2.3799999999992,"PASS",NA,NA
"random_500_0.50_9999","random",500,0.5,9999,7,"random>brownian_generation>brownian_sort>brownian_sort_threshold>binary_D>complete_brownian>complete_D_ncores1>complete_D_ncores2",0.069999999999709,0.959999999989122,0.809999999995853,0.169999999998254,0.350000000002183,0.339999999998327,0.770000000000437,1.34000000000015,2.5,"PASS",NA,NA
"random_500_0.50_9999","random",500,0.5,9999,8,"complete_D_ncores2>complete_D_ncores1>complete_brownian>binary_D>brownian_sort_threshold>brownian_sort>brownian_generation>random",0.069999999999709,0.900000000002365,0.789999999996326,0.249999999999091,0.289999999997235,0.239999999998872,0.760000000000218,1.34000000000015,2.5,"PASS",NA,NA
"random_500_0.50_9999","random",500,0.5,9999,9,"random>brownian_generation>brownian_sort>brownian_sort_threshold>binary_D>complete_brownian>complete_D_ncores1>complete_D_ncores2",0.069999999999709,0.909999999998035,0.950000000004366,0.239999999999782,0.240000000000691,0.260000000002037,0.779999999999745,1.38000000000011,2.42000000000007,"PASS",NA,NA
"random_500_0.50_9999","random",500,0.5,9999,10,"complete_D_ncores2>complete_D_ncores1>complete_brownian>binary_D>brownian_sort_threshold>brownian_sort>brownian_generation>random",0.069999999999709,0.899999999987813,0.670000000001892,0.279999999999745,0.239999999997963,0.290000000000873,0.779999999999745,1.36000000000058,2.5,"PASS",NA,NA
"pectinate_500_0.50_9999","pectinate",500,0.5,9999,1,"random>brownian_generation>brownian_sort>brownian_sort_threshold>binary_D>complete_brownian>complete_D_ncores1>complete_D_ncores2",0.0600000000004002,0.820000000000618,0.830000000000837,0.259999999999309,0.239999999999782,0.289999999998145,0.75,1.3100000000004,2.42000000000007,"PASS",NA,NA
"pectinate_500_0.50_9999","pectinate",500,0.5,9999,2,"complete_D_ncores2>complete_D_ncores1>complete_brownian>binary_D>brownian_sort_threshold>brownian_sort>brownian_generation>random",0.0600000000004002,0.949999999995271,0.859999999996035,0.210000000000946,0.199999999998909,0.299999999997453,0.729999999999563,1.31999999999971,2.47000000000025,"PASS",NA,NA
"pectinate_500_0.50_9999","pectinate",500,0.5,9999,3,"random>brownian_generation>brownian_sort>brownian_sort_threshold>binary_D>complete_brownian>complete_D_ncores1>complete_D_ncores2",0.0600000000004002,0.760000000000218,0.730000000000473,0.219999999998436,0.199999999998909,0.25,0.729999999999563,1.32999999999993,2.42000000000007,"PASS",NA,NA
"pectinate_500_0.50_9999","pectinate",500,0.5,9999,4,"complete_D_ncores2>complete_D_ncores1>complete_brownian>binary_D>brownian_sort_threshold>brownian_sort>brownian_generation>random",0.0600000000004002,0.880000000006476,0.700000000000728,0.329999999999018,0.249999999999091,0.18000000000211,0.739999999999782,1.3100000000004,2.42000000000007,"PASS",NA,NA
"pectinate_500_0.50_9999","pectinate",500,0.5,9999,5,"random>brownian_generation>brownian_sort>brownian_sort_threshold>binary_D>complete_brownian>complete_D_ncores1>complete_D_ncores2",0.0600000000004002,0.729999999998654,0.849999999996726,0.209999999997308,0.210000000000036,0.290000000004511,0.739999999999782,1.32999999999993,2.46000000000095,"PASS",NA,NA
"pectinate_500_0.50_9999","pectinate",500,0.5,9999,6,"complete_D_ncores2>complete_D_ncores1>complete_brownian>binary_D>brownian_sort_threshold>brownian_sort>brownian_generation>random",0.0600000000004002,0.970000000001164,0.729999999997744,0.140000000001237,0.360000000000582,0.219999999999345,0.730000000001382,1.30999999999949,2.40999999999985,"PASS",NA,NA
"pectinate_500_0.50_9999","pectinate",500,0.5,9999,7,"random>brownian_generation>brownian_sort>brownian_sort_threshold>binary_D>complete_brownian>complete_D_ncores1>complete_D_ncores2",0.0600000000004002,0.869999999995343,0.890000000004875,0.250000000001819,0.230000000001382,0.359999999998763,0.729999999999563,1.29999999999927,2.45999999999913,"PASS",NA,NA
"pectinate_500_0.50_9999","pectinate",500,0.5,9999,8,"complete_D_ncores2>complete_D_ncores1>complete_brownian>binary_D>brownian_sort_threshold>brownian_sort>brownian_generation>random",0.0600000000004002,0.619999999993524,0.56000000000131,0.220000000001164,0.220000000001164,0.280000000000655,0.729999999999563,1.32999999999993,2.45000000000073,"PASS",NA,NA
"pectinate_500_0.50_9999","pectinate",500,0.5,9999,9,"random>brownian_generation>brownian_sort>brownian_sort_threshold>binary_D>complete_brownian>complete_D_ncores1>complete_D_ncores2",0.0600000000004002,1.01999999999498,0.780000000000655,0.269999999996799,0.260000000002037,0.350000000000364,0.739999999999782,1.32999999999993,2.38999999999942,"PASS",NA,NA
"pectinate_500_0.50_9999","pectinate",500,0.5,9999,10,"complete_D_ncores2>complete_D_ncores1>complete_brownian>binary_D>brownian_sort_threshold>brownian_sort>brownian_generation>random",0.0600000000004002,1.11999999999898,0.859999999998763,0.349999999998545,0.220000000004802,0.249999999998181,0.709999999999127,1.32999999999993,2.36000000000058,"PASS",NA,NA
"balanced_2000_0.50_9999","balanced",2000,0.5,9999,1,"random>brownian_generation>brownian_sort>brownian_sort_threshold>binary_D>complete_brownian>complete_D_ncores1>complete_D_ncores2",0.220000000001164,2.24000000000342,2.17000000000189,1.1299999999992,1.02000000000407,0.99000000000342,3.27999999999884,5.82999999999993,10.4500000000007,"PASS",NA,NA
"balanced_2000_0.50_9999","balanced",2000,0.5,9999,2,"complete_D_ncores2>complete_D_ncores1>complete_brownian>binary_D>brownian_sort_threshold>brownian_sort>brownian_generation>random",0.220000000001164,2.05000000000291,2.20999999999731,1.11999999999898,1.08999999999651,1.16000000000167,3.27999999999884,5.84000000000015,10.4200000000001,"PASS",NA,NA
"balanced_2000_0.50_9999","balanced",2000,0.5,9999,3,"random>brownian_generation>brownian_sort>brownian_sort_threshold>binary_D>complete_brownian>complete_D_ncores1>complete_D_ncores2",0.220000000001164,2.13000000000284,2.10999999999694,1.08999999999287,0.960000000004584,1.10999999999694,3.26999999999862,5.85000000000036,10.5200000000004,"PASS",NA,NA
"balanced_2000_0.50_9999","balanced",2000,0.5,9999,4,"complete_D_ncores2>complete_D_ncores1>complete_brownian>binary_D>brownian_sort_threshold>brownian_sort>brownian_generation>random",0.220000000001164,2.00000000000364,2.21999999999389,1.14000000000306,0.959999999999127,1.08000000000175,3.27000000000044,5.86000000000058,10.4600000000009,"PASS",NA,NA
"balanced_2000_0.50_9999","balanced",2000,0.5,9999,5,"random>brownian_generation>brownian_sort>brownian_sort_threshold>binary_D>complete_brownian>complete_D_ncores1>complete_D_ncores2",0.220000000001164,2.10999999999513,2.20999999999549,1.12999999999738,1.02000000000044,1.19999999999709,3.29999999999927,5.88000000000102,10.4600000000009,"PASS",NA,NA
"balanced_2000_0.50_9999","balanced",2000,0.5,9999,6,"complete_D_ncores2>complete_D_ncores1>complete_brownian>binary_D>brownian_sort_threshold>brownian_sort>brownian_generation>random",0.220000000001164,2.15000000000509,2.26000000000022,1.15000000000327,1.03000000000793,1.11000000000604,3.30999999999949,5.85999999999876,10.4099999999999,"PASS",NA,NA
"balanced_2000_0.50_9999","balanced",2000,0.5,9999,7,"random>brownian_generation>brownian_sort>brownian_sort_threshold>binary_D>complete_brownian>complete_D_ncores1>complete_D_ncores2",0.220000000001164,1.93000000000029,2.13000000000466,1.15000000000327,1.11999999999898,1.19999999999527,3.29999999999927,5.94000000000051,10.4500000000007,"PASS",NA,NA
"balanced_2000_0.50_9999","balanced",2000,0.5,9999,8,"complete_D_ncores2>complete_D_ncores1>complete_brownian>binary_D>brownian_sort_threshold>brownian_sort>brownian_generation>random",0.220000000001164,1.96000000000276,2.18000000000211,1.06999999999971,1.13000000000102,1.25000000000909,3.30999999999949,5.86000000000058,10.5200000000004,"PASS",NA,NA
"balanced_2000_0.50_9999","balanced",2000,0.5,9999,9,"random>brownian_generation>brownian_sort>brownian_sort_threshold>binary_D>complete_brownian>complete_D_ncores1>complete_D_ncores2",0.220000000001164,1.93000000000211,2.13000000000284,1.13000000000284,1.08999999999469,1.10999999999694,3.30000000000109,5.88999999999942,10.4400000000005,"PASS",NA,NA
"balanced_2000_0.50_9999","balanced",2000,0.5,9999,10,"complete_D_ncores2>complete_D_ncores1>complete_brownian>binary_D>brownian_sort_threshold>brownian_sort>brownian_generation>random",0.220000000001164,2.15000000000509,2.11999999999352,1.26000000000568,1.17999999999847,1.0099999999984,3.30000000000109,5.8700000000008,10.4700000000012,"PASS",NA,NA
"random_2000_0.50_9999","random",2000,0.5,9999,1,"random>brownian_generation>brownian_sort>brownian_sort_threshold>binary_D>complete_brownian>complete_D_ncores1>complete_D_ncores2",0.229999999999563,2.00999999999658,2.20000000000255,1.16000000000167,1.14999999999964,1.03000000000429,3.30999999999949,5.94000000000051,10.5400000000009,"PASS",NA,NA
"random_2000_0.50_9999","random",2000,0.5,9999,2,"complete_D_ncores2>complete_D_ncores1>complete_brownian>binary_D>brownian_sort_threshold>brownian_sort>brownian_generation>random",0.229999999999563,2.03000000000611,2.21999999999753,1.22999999999593,1.08999999999833,1.07999999999811,3.32999999999993,5.95000000000073,10.5500000000011,"PASS",NA,NA
"random_2000_0.50_9999","random",2000,0.5,9999,3,"random>brownian_generation>brownian_sort>brownian_sort_threshold>binary_D>complete_brownian>complete_D_ncores1>complete_D_ncores2",0.229999999999563,2.09999999999854,2.18000000000029,1.2100000000064,1.04000000000269,1.14999999999964,3.31999999999971,6.07000000000153,10.5900000000001,"PASS",NA,NA
"random_2000_0.50_9999","random",2000,0.5,9999,4,"complete_D_ncores2>complete_D_ncores1>complete_brownian>binary_D>brownian_sort_threshold>brownian_sort>brownian_generation>random",0.229999999999563,2.05000000000291,2.100000000004,1.09999999999673,1.0099999999984,1.19000000000415,3.29999999999927,5.93000000000029,10.5600000000013,"PASS",NA,NA
"random_2000_0.50_9999","random",2000,0.5,9999,5,"random>brownian_generation>brownian_sort>brownian_sort_threshold>binary_D>complete_brownian>complete_D_ncores1>complete_D_ncores2",0.229999999999563,1.96999999999389,2.3700000000008,1.2599999999984,1.14000000000669,1.12000000000444,3.34000000000015,5.92000000000007,10.5599999999995,"PASS",NA,NA
"random_2000_0.50_9999","random",2000,0.5,9999,6,"complete_D_ncores2>complete_D_ncores1>complete_brownian>binary_D>brownian_sort_threshold>brownian_sort>brownian_generation>random",0.229999999999563,1.68999999999505,2.26000000000204,1.09999999999491,1.06999999999971,1.30000000000291,3.30999999999949,5.97999999999956,10.5599999999995,"PASS",NA,NA
"random_2000_0.50_9999","random",2000,0.5,9999,7,"random>brownian_generation>brownian_sort>brownian_sort_threshold>binary_D>complete_brownian>complete_D_ncores1>complete_D_ncores2",0.229999999999563,2.14999999999964,2.0900000000056,1.10000000000036,1.13000000000466,1.19000000000233,3.30999999999949,6.04999999999927,10.5400000000009,"PASS",NA,NA
"random_2000_0.50_9999","random",2000,0.5,9999,8,"complete_D_ncores2>complete_D_ncores1>complete_brownian>binary_D>brownian_sort_threshold>brownian_sort>brownian_generation>random",0.229999999999563,2.0199999999968,2.18999999999869,1.13000000000102,1.07000000000153,1.15000000000146,3.38000000000102,5.90000000000146,10.5499999999993,"PASS",NA,NA
"random_2000_0.50_9999","random",2000,0.5,9999,9,"random>brownian_generation>brownian_sort>brownian_sort_threshold>binary_D>complete_brownian>complete_D_ncores1>complete_D_ncores2",0.229999999999563,1.8799999999992,2.26000000000386,1.07999999999629,1.10999999999876,1.16000000000531,3.29999999999927,6.10999999999876,10.5999999999985,"PASS",NA,NA
"random_2000_0.50_9999","random",2000,0.5,9999,10,"complete_D_ncores2>complete_D_ncores1>complete_brownian>binary_D>brownian_sort_threshold>brownian_sort>brownian_generation>random",0.229999999999563,2.14000000001033,2.14999999999782,1.01999999999862,0.95999999999367,1.38000000000466,3.32999999999993,6.01000000000022,10.5699999999997,"PASS",NA,NA
"pectinate_2000_0.50_9999","pectinate",2000,0.5,9999,1,"random>brownian_generation>brownian_sort>brownian_sort_threshold>binary_D>complete_brownian>complete_D_ncores1>complete_D_ncores2",0.229999999999563,2.14999999999964,2.04000000000451,1.05999999999767,1.03999999998996,1.22999999999774,3.09000000000015,5.65999999999985,10.1200000000008,"PASS",NA,NA
"pectinate_2000_0.50_9999","pectinate",2000,0.5,9999,2,"complete_D_ncores2>complete_D_ncores1>complete_brownian>binary_D>brownian_sort_threshold>brownian_sort>brownian_generation>random",0.229999999999563,2.14000000000124,2.15999999999622,0.920000000001892,0.860000000007858,1.16999999999462,3.11000000000058,5.63000000000102,10.130000000001,"PASS",NA,NA
"pectinate_2000_0.50_9999","pectinate",2000,0.5,9999,3,"random>brownian_generation>brownian_sort>brownian_sort_threshold>binary_D>complete_brownian>complete_D_ncores1>complete_D_ncores2",0.229999999999563,2.20999999999731,2.15999999999804,0.890000000012151,0.920000000000073,1.2699999999968,3.07999999999993,5.48999999999978,10.0700000000015,"PASS",NA,NA
"pectinate_2000_0.50_9999","pectinate",2000,0.5,9999,4,"complete_D_ncores2>complete_D_ncores1>complete_brownian>binary_D>brownian_sort_threshold>brownian_sort>brownian_generation>random",0.229999999999563,1.42000000000371,2.26000000000749,0.979999999999563,0.949999999995271,1.09000000000378,3.10000000000036,5.55000000000109,10.0900000000001,"PASS",NA,NA
"pectinate_2000_0.50_9999","pectinate",2000,0.5,9999,5,"random>brownian_generation>brownian_sort>brownian_sort_threshold>binary_D>complete_brownian>complete_D_ncores1>complete_D_ncores2",0.229999999999563,2.00000000000546,2.08000000000175,1.11000000000786,0.989999999999782,1.16999999999462,3.10000000000036,5.5,10.1400000000012,"PASS",NA,NA
"pectinate_2000_0.50_9999","pectinate",2000,0.5,9999,6,"complete_D_ncores2>complete_D_ncores1>complete_brownian>binary_D>brownian_sort_threshold>brownian_sort>brownian_generation>random",0.229999999999563,1.91000000000531,2.18999999999141,0.999999999992724,1.03000000000429,1.18999999999505,3.09000000000015,5.47999999999956,10.1599999999999,"PASS",NA,NA
"pectinate_2000_0.50_9999","pectinate",2000,0.5,9999,7,"random>brownian_generation>brownian_sort>brownian_sort_threshold>binary_D>complete_brownian>complete_D_ncores1>complete_D_ncores2",0.229999999999563,1.98000000000502,2.09999999999854,0.969999999997526,0.920000000001892,1.23000000000138,3.09999999999854,5.53000000000065,10.0300000000007,"PASS",NA,NA
"pectinate_2000_0.50_9999","pectinate",2000,0.5,9999,8,"complete_D_ncores2>complete_D_ncores1>complete_brownian>binary_D>brownian_sort_threshold>brownian_sort>brownian_generation>random",0.229999999999563,1.80999999999767,2.07999999999629,0.979999999995925,1.06999999998152,1.15000000001237,3.07999999999993,5.52000000000044,10.1100000000006,"PASS",NA,NA
"pectinate_2000_0.50_9999","pectinate",2000,0.5,9999,9,"random>brownian_generation>brownian_sort>brownian_sort_threshold>binary_D>complete_brownian>complete_D_ncores1>complete_D_ncores2",0.229999999999563,1.94000000000051,2.13999999999942,0.969999999999345,1.10000000000764,1.15000000000509,3.10000000000036,5.48999999999978,10.0799999999999,"PASS",NA,NA
"pectinate_2000_0.50_9999","pectinate",2000,0.5,9999,10,"complete_D_ncores2>complete_D_ncores1>complete_brownian>binary_D>brownian_sort_threshold>brownian_sort>brownian_generation>random",0.229999999999563,1.82000000000698,2.15000000000146,0.980000000001382,0.860000000009677,1.12999999999738,3.09000000000015,5.48999999999978,10.1400000000012,"PASS",NA,NA
"balanced_5000_0.50_9999","balanced",5000,0.5,9999,1,"random>brownian_generation>brownian_sort>brownian_sort_threshold>binary_D>complete_brownian>complete_D_ncores1>complete_D_ncores2",0.56000000000131,3.96000000000095,5.58999999999833,3.10000000000946,3,3.41000000000167,8.53000000000065,16.4700000000012,27.5200000000004,"PASS",NA,NA
"balanced_5000_0.50_9999","balanced",5000,0.5,9999,2,"complete_D_ncores2>complete_D_ncores1>complete_brownian>binary_D>brownian_sort_threshold>brownian_sort>brownian_generation>random",0.56000000000131,3.98999999999796,5.72000000000116,3.06999999999425,3.03000000000247,3.57000000000153,8.52999999999884,16.3199999999997,27.5200000000004,"PASS",NA,NA
"balanced_5000_0.50_9999","balanced",5000,0.5,9999,3,"random>brownian_generation>brownian_sort>brownian_sort_threshold>binary_D>complete_brownian>complete_D_ncores1>complete_D_ncores2",0.56000000000131,3.98000000000866,5.35000000000218,2.97999999999593,2.92000000000189,3.62000000000808,8.55000000000109,16.5500000000011,27.8199999999997,"PASS",NA,NA
"balanced_5000_0.50_9999","balanced",5000,0.5,9999,4,"complete_D_ncores2>complete_D_ncores1>complete_brownian>binary_D>brownian_sort_threshold>brownian_sort>brownian_generation>random",0.56000000000131,3.95000000000073,5.50000000000546,3.03999999999724,2.97999999999593,3.46000000000822,8.52999999999884,16.5699999999997,27.5100000000002,"PASS",NA,NA
"balanced_5000_0.50_9999","balanced",5000,0.5,9999,5,"random>brownian_generation>brownian_sort>brownian_sort_threshold>binary_D>complete_brownian>complete_D_ncores1>complete_D_ncores2",0.56000000000131,3.92999999999302,5.58999999999833,3.15999999999622,2.87999999999738,3.38999999999942,8.51000000000022,16.3900000000012,27.4899999999998,"PASS",NA,NA
"balanced_5000_0.50_9999","balanced",5000,0.5,9999,6,"complete_D_ncores2>complete_D_ncores1>complete_brownian>binary_D>brownian_sort_threshold>brownian_sort>brownian_generation>random",0.56000000000131,4.05000000000109,5.6299999999992,3.00000000000182,2.95000000000255,3.42999999999847,8.53999999999905,16.3599999999988,27.8200000000015,"PASS",NA,NA
"balanced_5000_0.50_9999","balanced",5000,0.5,9999,7,"random>brownian_generation>brownian_sort>brownian_sort_threshold>binary_D>complete_brownian>complete_D_ncores1>complete_D_ncores2",0.56000000000131,4.07999999999265,5.52000000000226,3.13000000001375,2.82999999999993,3.21000000000822,8.53000000000065,16.6900000000005,27.4599999999991,"PASS",NA,NA
"balanced_5000_0.50_9999","balanced",5000,0.5,9999,8,"complete_D_ncores2>complete_D_ncores1>complete_brownian>binary_D>brownian_sort_threshold>brownian_sort>brownian_generation>random",0.56000000000131,4.17000000000007,5.37000000000444,3.12000000000444,2.96000000000458,3.45999999999913,8.59000000000015,16.3999999999996,27.5499999999993,"PASS",NA,NA
"balanced_5000_0.50_9999","balanced",5000,0.5,9999,9,"random>brownian_generation>brownian_sort>brownian_sort_threshold>binary_D>complete_brownian>complete_D_ncores1>complete_D_ncores2",0.56000000000131,3.94999999999891,5.58999999999651,2.97999999999593,2.91999999999643,3.37999999999556,8.54999999999927,16.2100000000009,27.6200000000008,"PASS",NA,NA
"balanced_5000_0.50_9999","balanced",5000,0.5,9999,10,"complete_D_ncores2>complete_D_ncores1>complete_brownian>binary_D>brownian_sort_threshold>brownian_sort>brownian_generation>random",0.56000000000131,4.00999999999658,5.399999999996,3.04000000001179,3.0099999999984,3.44000000000233,8.54999999999927,16.2199999999993,27.5599999999995,"PASS",NA,NA
"random_5000_0.50_9999","random",5000,0.5,9999,1,"random>brownian_generation>brownian_sort>brownian_sort_threshold>binary_D>complete_brownian>complete_D_ncores1>complete_D_ncores2",0.579999999999927,4.04000000000269,5.61000000000058,2.96000000001186,3.03999999999905,3.28000000000065,8.61000000000058,16.75,27.7200000000012,"PASS",NA,NA
"random_5000_0.50_9999","random",5000,0.5,9999,2,"complete_D_ncores2>complete_D_ncores1>complete_brownian>binary_D>brownian_sort_threshold>brownian_sort>brownian_generation>random",0.579999999999927,4.11999999999898,5.57000000001244,3.1200000000008,2.94000000000233,3.36999999999534,8.63999999999942,16.5,27.75,"PASS",NA,NA
"random_5000_0.50_9999","random",5000,0.5,9999,3,"random>brownian_generation>brownian_sort>brownian_sort_threshold>binary_D>complete_brownian>complete_D_ncores1>complete_D_ncores2",0.579999999999927,4.10999999999876,5.67000000000371,3.03000000000611,2.99000000000342,3.33000000000175,8.59000000000015,16.6400000000012,27.6700000000001,"PASS",NA,NA
"random_5000_0.50_9999","random",5000,0.5,9999,4,"complete_D_ncores2>complete_D_ncores1>complete_brownian>binary_D>brownian_sort_threshold>brownian_sort>brownian_generation>random",0.579999999999927,4.10999999999876,5.59999999999491,3.16999999999643,2.96000000000822,3.52000000000044,8.63999999999942,16.4700000000012,27.7199999999993,"PASS",NA,NA
"random_5000_0.50_9999","random",5000,0.5,9999,5,"random>brownian_generation>brownian_sort>brownian_sort_threshold>binary_D>complete_brownian>complete_D_ncores1>complete_D_ncores2",0.579999999999927,4.11000000000968,5.51999999999134,2.91000000000167,2.93999999999323,3.2200000000048,8.59000000000015,16.5300000000007,27.6700000000001,"PASS",NA,NA
"random_5000_0.50_9999","random",5000,0.5,9999,6,"complete_D_ncores2>complete_D_ncores1>complete_brownian>binary_D>brownian_sort_threshold>brownian_sort>brownian_generation>random",0.579999999999927,4.19999999999709,5.42999999999302,3.05000000000291,2.84000000000742,3.5299999999952,8.6299999999992,16.6900000000005,27.8500000000004,"PASS",NA,NA
"random_5000_0.50_9999","random",5000,0.5,9999,7,"random>brownian_generation>brownian_sort>brownian_sort_threshold>binary_D>complete_brownian>complete_D_ncores1>complete_D_ncores2",0.579999999999927,4.1100000000024,5.56000000000313,3.02999999999702,2.850000000004,3.48000000000502,8.60999999999876,16.6499999999996,27.7600000000002,"PASS",NA,NA
"random_5000_0.50_9999","random",5000,0.5,9999,8,"complete_D_ncores2>complete_D_ncores1>complete_brownian>binary_D>brownian_sort_threshold>brownian_sort>brownian_generation>random",0.579999999999927,4.08000000000538,5.44999999999891,3.05000000000655,2.90000000000509,3.74000000000706,8.61000000000058,16.6399999999994,27.7199999999993,"PASS",NA,NA
"random_5000_0.50_9999","random",5000,0.5,9999,9,"random>brownian_generation>brownian_sort>brownian_sort_threshold>binary_D>complete_brownian>complete_D_ncores1>complete_D_ncores2",0.579999999999927,4.11000000000058,5.61999999999716,3.13999999999396,3.03000000000429,3.43000000000575,8.60000000000036,16.7700000000004,27.7000000000007,"PASS",NA,NA
"random_5000_0.50_9999","random",5000,0.5,9999,10,"complete_D_ncores2>complete_D_ncores1>complete_brownian>binary_D>brownian_sort_threshold>brownian_sort>brownian_generation>random",0.579999999999927,4.07000000000335,5.62000000000262,2.97000000000116,2.82999999999811,3.40999999999258,8.61000000000058,16.6499999999996,27.6499999999996,"PASS",NA,NA
"pectinate_5000_0.50_9999","pectinate",5000,0.5,9999,1,"random>brownian_generation>brownian_sort>brownian_sort_threshold>binary_D>complete_brownian>complete_D_ncores1>complete_D_ncores2",0.580000000001746,4.08000000000357,5.35999999999876,2.59000000000015,2.45000000000618,3.17999999999302,7.86000000000058,14.9099999999999,26.2999999999993,"PASS",NA,NA
"pectinate_5000_0.50_9999","pectinate",5000,0.5,9999,2,"complete_D_ncores2>complete_D_ncores1>complete_brownian>binary_D>brownian_sort_threshold>brownian_sort>brownian_generation>random",0.580000000001746,4.10000000000218,5.46999999999753,2.55999999999767,2.46999999999571,3.25000000000909,7.85999999999876,14.8900000000012,26.2299999999996,"PASS",NA,NA
"pectinate_5000_0.50_9999","pectinate",5000,0.5,9999,3,"random>brownian_generation>brownian_sort>brownian_sort_threshold>binary_D>complete_brownian>complete_D_ncores1>complete_D_ncores2",0.580000000001746,4.18000000000211,5.50000000000909,2.61999999999352,2.59000000000742,3.15000000000146,7.8700000000008,14.9400000000005,26.3100000000013,"PASS",NA,NA
"pectinate_5000_0.50_9999","pectinate",5000,0.5,9999,4,"complete_D_ncores2>complete_D_ncores1>complete_brownian>binary_D>brownian_sort_threshold>brownian_sort>brownian_generation>random",0.580000000001746,4.14000000000306,5.5099999999984,2.53999999999724,2.28999999999724,3.28999999999905,7.88999999999942,15.2000000000007,26.5200000000004,"PASS",NA,NA
"pectinate_5000_0.50_9999","pectinate",5000,0.5,9999,5,"random>brownian_generation>brownian_sort>brownian_sort_threshold>binary_D>complete_brownian>complete_D_ncores1>complete_D_ncores2",0.580000000001746,4.1200000000008,5.55999999999585,2.50999999999658,2.56000000000495,3.19000000000051,7.84000000000015,14.9600000000009,26.2800000000007,"PASS",NA,NA
"pectinate_5000_0.50_9999","pectinate",5000,0.5,9999,6,"complete_D_ncores2>complete_D_ncores1>complete_brownian>binary_D>brownian_sort_threshold>brownian_sort>brownian_generation>random",0.580000000001746,4.09000000000378,5.53999999999724,2.61999999999716,2.56999999998698,3.30999999999949,7.88999999999942,14.9600000000009,26.25,"PASS",NA,NA
"pectinate_5000_0.50_9999","pectinate",5000,0.5,9999,7,"random>brownian_generation>brownian_sort>brownian_sort_threshold>binary_D>complete_brownian>complete_D_ncores1>complete_D_ncores2",0.580000000001746,4.10999999999876,5.42000000000189,2.63000000000466,2.649999999996,3.23999999999432,7.90999999999985,15.2600000000002,26.1900000000005,"PASS",NA,NA
"pectinate_5000_0.50_9999","pectinate",5000,0.5,9999,8,"complete_D_ncores2>complete_D_ncores1>complete_brownian>binary_D>brownian_sort_threshold>brownian_sort>brownian_generation>random",0.580000000001746,4.01000000000386,5.46999999999935,2.62999999999556,2.31000000000313,3.46999999999753,7.8700000000008,15.1700000000001,26.2800000000007,"PASS",NA,NA
"pectinate_5000_0.50_9999","pectinate",5000,0.5,9999,9,"random>brownian_generation>brownian_sort>brownian_sort_threshold>binary_D>complete_brownian>complete_D_ncores1>complete_D_ncores2",0.580000000001746,3.97999999999956,5.48000000000502,2.5199999999968,2.57000000000698,3.32000000000335,7.8700000000008,15.0900000000001,26.3600000000006,"PASS",NA,NA
"pectinate_5000_0.50_9999","pectinate",5000,0.5,9999,10,"complete_D_ncores2>complete_D_ncores1>complete_brownian>binary_D>brownian_sort_threshold>brownian_sort>brownian_generation>random",0.580000000001746,4.12999999999374,5.63999999999578,2.52999999999884,2.4800000000032,3.09999999999854,7.90999999999985,15.0300000000007,26.3099999999995,"PASS",NA,NA
"balanced_500_0.90_9999","balanced",500,0.9,9999,1,"random>brownian_generation>brownian_sort>brownian_sort_threshold>binary_D>complete_brownian>complete_D_ncores1>complete_D_ncores2",0.0400000000008731,1.00999999998749,0.779999999998836,0.290000000000873,0.110000000002401,0.290000000000873,0.760000000000218,1.36000000000058,2.3799999999992,"PASS",NA,NA
"balanced_500_0.90_9999","balanced",500,0.9,9999,2,"complete_D_ncores2>complete_D_ncores1>complete_brownian>binary_D>brownian_sort_threshold>brownian_sort>brownian_generation>random",0.0400000000008731,0.850000000014916,0.80000000000291,0.320000000001528,0.299999999999272,0.209999999999127,0.75,1.36000000000058,2.36000000000058,"PASS",NA,NA
"balanced_500_0.90_9999","balanced",500,0.9,9999,3,"random>brownian_generation>brownian_sort>brownian_sort_threshold>binary_D>complete_brownian>complete_D_ncores1>complete_D_ncores2",0.0400000000008731,1.16000000000895,0.719999999999345,0.110000000002401,0.270000000000437,0.260000000000218,0.770000000000437,1.34000000000015,2.46000000000095,"PASS",NA,NA
"balanced_500_0.90_9999","balanced",500,0.9,9999,4,"complete_D_ncores2>complete_D_ncores1>complete_brownian>binary_D>brownian_sort_threshold>brownian_sort>brownian_generation>random",0.0400000000008731,0.810000000012224,0.770000000004075,0.25,0.260000000000218,0.319999999999709,0.75,1.34000000000015,2.5,"PASS",NA,NA
"balanced_500_0.90_9999","balanced",500,0.9,9999,5,"random>brownian_generation>brownian_sort>brownian_sort_threshold>binary_D>complete_brownian>complete_D_ncores1>complete_D_ncores2",0.0400000000008731,0.849999999994907,0.739999999999782,0.340000000000146,0.170000000000073,0.179999999998472,0.769999999998618,1.36000000000058,2.38000000000102,"PASS",NA,NA
"balanced_500_0.90_9999","balanced",500,0.9,9999,6,"complete_D_ncores2>complete_D_ncores1>complete_brownian>binary_D>brownian_sort_threshold>brownian_sort>brownian_generation>random",0.0400000000008731,1,0.69999999999709,0.18999999999869,0.290000000002692,0.270000000000437,0.780000000000655,1.35000000000036,2.39999999999964,"PASS",NA,NA
"balanced_500_0.90_9999","balanced",500,0.9,9999,7,"random>brownian_generation>brownian_sort>brownian_sort_threshold>binary_D>complete_brownian>complete_D_ncores1>complete_D_ncores2",0.0400000000008731,1.00000000001091,0.779999999997017,0.169999999998254,0.260000000003856,0.220000000002983,0.770000000000437,1.36000000000058,2.48000000000138,"PASS",NA,NA
"balanced_500_0.90_9999","balanced",500,0.9,9999,8,"complete_D_ncores2>complete_D_ncores1>complete_brownian>binary_D>brownian_sort_threshold>brownian_sort>brownian_generation>random",0.0400000000008731,0.970000000001164,0.850000000000364,0.330000000001746,0.200000000002547,0.229999999999563,0.770000000000437,1.35999999999876,2.39999999999964,"PASS",NA,NA
"balanced_500_0.90_9999","balanced",500,0.9,9999,9,"random>brownian_generation>brownian_sort>brownian_sort_threshold>binary_D>complete_brownian>complete_D_ncores1>complete_D_ncores2",0.0400000000008731,0.770000000005894,0.760000000003856,0.250000000001819,0.259999999994761,0.209999999997308,0.790000000000873,1.34999999999854,2.45999999999913,"PASS",NA,NA
"balanced_500_0.90_9999","balanced",500,0.9,9999,10,"complete_D_ncores2>complete_D_ncores1>complete_brownian>binary_D>brownian_sort_threshold>brownian_sort>brownian_generation>random",0.0400000000008731,0.959999999988213,0.730000000001382,0.170000000000073,0.270000000002256,0.219999999999345,0.770000000000437,1.35000000000036,2.48999999999978,"PASS",NA,NA
"random_500_0.90_9999","random",500,0.9,9999,1,"random>brownian_generation>brownian_sort>brownian_sort_threshold>binary_D>complete_brownian>complete_D_ncores1>complete_D_ncores2",0.0499999999992724,0.760000000005675,0.829999999999927,0.260000000000218,0.290000000004511,0.249999999996362,0.759999999998399,1.3700000000008,2.39000000000124,"PASS",NA,NA
"random_500_0.90_9999","random",500,0.9,9999,2,"complete_D_ncores2>complete_D_ncores1>complete_brownian>binary_D>brownian_sort_threshold>brownian_sort>brownian_generation>random",0.0499999999992724,0.779999999984284,0.90999999999076,0.170000000001892,0.289999999999054,0.369999999998981,0.770000000000437,1.34999999999854,2.38999999999942,"PASS",NA,NA
"random_500_0.90_9999","random",500,0.9,9999,3,"random>brownian_generation>brownian_sort>brownian_sort_threshold>binary_D>complete_brownian>complete_D_ncores1>complete_D_ncores2",0.0499999999992724,0.850000000011278,0.770000000005894,0.279999999998836,0.230000000001382,0.31999999999789,0.759999999998399,1.34000000000015,2.47000000000116,"PASS",NA,NA
"random_500_0.90_9999","random",500,0.9,9999,4,"complete_D_ncores2>complete_D_ncores1>complete_brownian>binary_D>brownian_sort_threshold>brownian_sort>brownian_generation>random",0.0499999999992724,0.93999999999869,0.870000000002619,0.149999999995998,0.170000000000073,0.190000000004147,0.770000000000437,1.35999999999876,2.38999999999942,"PASS",NA,NA
"random_500_0.90_9999","random",500,0.9,9999,5,"random>brownian_generation>brownian_sort>brownian_sort_threshold>binary_D>complete_brownian>complete_D_ncores1>complete_D_ncores2",0.0499999999992724,0.710000000013679,0.870000000002619,0.359999999998763,0.280000000002474,0.110000000000582,0.769999999998618,1.35999999999876,2.3799999999992,"PASS",NA,NA
"random_500_0.90_9999","random",500,0.9,9999,6,"complete_D_ncores2>complete_D_ncores1>complete_brownian>binary_D>brownian_sort_threshold>brownian_sort>brownian_generation>random",0.0499999999992724,0.850000000005821,0.770000000002256,0.280000000002474,0.199999999998909,0.289999999995416,0.770000000000437,1.33999999999833,2.36999999999898,"PASS",NA,NA
"random_500_0.90_9999","random",500,0.9,9999,7,"random>brownian_generation>brownian_sort>brownian_sort_threshold>binary_D>complete_brownian>complete_D_ncores1>complete_D_ncores2",0.0499999999992724,0.940000000002328,0.700000000002547,0.289999999999054,0.210000000000946,0.250000000001819,0.770000000000437,1.36000000000058,2.5,"PASS",NA,NA
"random_500_0.90_9999","random",500,0.9,9999,8,"complete_D_ncores2>complete_D_ncores1>complete_brownian>binary_D>brownian_sort_threshold>brownian_sort>brownian_generation>random",0.0499999999992724,0.949999999991633,0.849999999994907,0.290000000002692,0.159999999999854,0.280000000002474,0.760000000000218,1.36000000000058,2.42000000000007,"PASS",NA,NA
"random_500_0.90_9999","random",500,0.9,9999,9,"random>brownian_generation>brownian_sort>brownian_sort_threshold>binary_D>complete_brownian>complete_D_ncores1>complete_D_ncores2",0.0499999999992724,0.749999999996362,0.910000000001673,0.200000000000728,0.239999999996144,0.300000000001091,0.760000000000218,1.32999999999993,2.44000000000051,"PASS",NA,NA
"random_500_0.90_9999","random",500,0.9,9999,10,"complete_D_ncores2>complete_D_ncores1>complete_brownian>binary_D>brownian_sort_threshold>brownian_sort>brownian_generation>random",0.0499999999992724,0.800000000010186,0.860000000000582,0.189999999996871,0.239999999999782,0.170000000000073,0.760000000000218,1.36000000000058,2.5,"PASS",NA,NA
"pectinate_500_0.90_9999","pectinate",500,0.9,9999,1,"random>brownian_generation>brownian_sort>brownian_sort_threshold>binary_D>complete_brownian>complete_D_ncores1>complete_D_ncores2",0.0599999999994907,0.930000000005748,0.830000000009022,0.230000000003201,0.319999999996071,0.250000000001819,0.75,1.30999999999949,2.35999999999876,"PASS",NA,NA
"pectinate_500_0.90_9999","pectinate",500,0.9,9999,2,"complete_D_ncores2>complete_D_ncores1>complete_brownian>binary_D>brownian_sort_threshold>brownian_sort>brownian_generation>random",0.0599999999994907,0.870000000002619,0.81000000000131,0.329999999999927,0.290000000002692,0.179999999998472,0.719999999999345,1.30999999999949,2.36000000000058,"PASS",NA,NA
"pectinate_500_0.90_9999","pectinate",500,0.9,9999,3,"random>brownian_generation>brownian_sort>brownian_sort_threshold>binary_D>complete_brownian>complete_D_ncores1>complete_D_ncores2",0.0599999999994907,0.810000000004948,0.679999999993015,0.159999999999854,0.249999999998181,0.220000000004802,0.730000000001382,1.34000000000015,2.47000000000116,"PASS",NA,NA
"pectinate_500_0.90_9999","pectinate",500,0.9,9999,4,"complete_D_ncores2>complete_D_ncores1>complete_brownian>binary_D>brownian_sort_threshold>brownian_sort>brownian_generation>random",0.0599999999994907,1.03999999999905,0.820000000003347,0.250000000001819,0.18999999999869,0.220000000001164,0.739999999999782,1.32999999999993,2.38000000000102,"PASS",NA,NA
"pectinate_500_0.90_9999","pectinate",500,0.9,9999,5,"random>brownian_generation>brownian_sort>brownian_sort_threshold>binary_D>complete_brownian>complete_D_ncores1>complete_D_ncores2",0.0599999999994907,0.899999999999636,0.760000000007494,0.31999999999789,0.270000000000437,0.280000000004293,0.720000000001164,1.30999999999949,2.38999999999942,"PASS",NA,NA
"pectinate_500_0.90_9999","pectinate",500,0.9,9999,6,"complete_D_ncores2>complete_D_ncores1>complete_brownian>binary_D>brownian_sort_threshold>brownian_sort>brownian_generation>random",0.0599999999994907,0.890000000003056,0.749999999996362,0.290000000000873,0.320000000005166,0.260000000002037,0.729999999999563,1.31999999999971,2.38000000000102,"PASS",NA,NA
"pectinate_500_0.90_9999","pectinate",500,0.9,9999,7,"random>brownian_generation>brownian_sort>brownian_sort_threshold>binary_D>complete_brownian>complete_D_ncores1>complete_D_ncores2",0.0599999999994907,0.849999999983993,0.729999999999563,0.230000000003201,0.279999999998836,0.339999999998327,0.739999999999782,1.31999999999971,2.45999999999913,"PASS",NA,NA
"pectinate_500_0.90_9999","pectinate",500,0.9,9999,8,"complete_D_ncores2>complete_D_ncores1>complete_brownian>binary_D>brownian_sort_threshold>brownian_sort>brownian_generation>random",0.0599999999994907,0.890000000015789,0.709999999997308,0.350000000004002,0.260000000005675,0.260000000002037,0.730000000001382,1.30999999999949,2.45999999999913,"PASS",NA,NA
"pectinate_500_0.90_9999","pectinate",500,0.9,9999,9,"random>brownian_generation>brownian_sort>brownian_sort_threshold>binary_D>complete_brownian>complete_D_ncores1>complete_D_ncores2",0.0599999999994907,0.779999999978827,0.770000000004075,0.25,0.199999999998909,0.159999999999854,0.739999999999782,1.30000000000109,2.38000000000102,"PASS",NA,NA
"pectinate_500_0.90_9999","pectinate",500,0.9,9999,10,"complete_D_ncores2>complete_D_ncores1>complete_brownian>binary_D>brownian_sort_threshold>brownian_sort>brownian_generation>random",0.0599999999994907,1.10000000000036,0.850000000000364,0.259999999992942,0.340000000003783,0.25,0.730000000001382,1.34000000000015,2.40999999999985,"PASS",NA,NA
"balanced_2000_0.90_9999","balanced",2000,0.9,9999,1,"random>brownian_generation>brownian_sort>brownian_sort_threshold>binary_D>complete_brownian>complete_D_ncores1>complete_D_ncores2",0.200000000000728,2.02000000000226,2.149999999996,1.08000000000175,1.01999999999862,1.19000000000779,3.30999999999949,5.80000000000109,10.4400000000005,"PASS",NA,NA
"balanced_2000_0.90_9999","balanced",2000,0.9,9999,2,"complete_D_ncores2>complete_D_ncores1>complete_brownian>binary_D>brownian_sort_threshold>brownian_sort>brownian_generation>random",0.200000000000728,2.23999999999978,2.19000000000597,1.14000000000487,1.07000000000517,1.05000000000109,3.32999999999993,5.82999999999993,10.5100000000002,"PASS",NA,NA
"balanced_2000_0.90_9999","balanced",2000,0.9,9999,3,"random>brownian_generation>brownian_sort>brownian_sort_threshold>binary_D>complete_brownian>complete_D_ncores1>complete_D_ncores2",0.200000000000728,2.14000000000124,2.23000000000502,1.03000000000247,1.10000000000218,1.22000000000298,3.28000000000065,5.85000000000036,10.4599999999991,"PASS",NA,NA
"balanced_2000_0.90_9999","balanced",2000,0.9,9999,4,"complete_D_ncores2>complete_D_ncores1>complete_brownian>binary_D>brownian_sort_threshold>brownian_sort>brownian_generation>random",0.200000000000728,1.9800000000032,2.16000000000713,1.16000000000167,1.19999999999891,1.09999999999491,3.28000000000065,5.77999999999884,10.3999999999996,"PASS",NA,NA
"balanced_2000_0.90_9999","balanced",2000,0.9,9999,5,"random>brownian_generation>brownian_sort>brownian_sort_threshold>binary_D>complete_brownian>complete_D_ncores1>complete_D_ncores2",0.200000000000728,2.01000000000386,2.16000000000167,1.11000000000422,1.05000000000291,1.17000000000371,3.28000000000065,5.82999999999993,10.4099999999999,"PASS",NA,NA
"balanced_2000_0.90_9999","balanced",2000,0.9,9999,6,"complete_D_ncores2>complete_D_ncores1>complete_brownian>binary_D>brownian_sort_threshold>brownian_sort>brownian_generation>random",0.200000000000728,2.19999999999891,2.22000000000116,1.14999999999964,1.07000000000335,1.21000000000095,3.29000000000087,5.88000000000102,10.4500000000007,"PASS",NA,NA
"balanced_2000_0.90_9999","balanced",2000,0.9,9999,7,"random>brownian_generation>brownian_sort>brownian_sort_threshold>binary_D>complete_brownian>complete_D_ncores1>complete_D_ncores2",0.200000000000728,2.24999999999636,2.15000000000146,1.14999999999964,0.959999999995489,1.20000000000073,3.28000000000065,5.82999999999993,10.3899999999994,"PASS",NA,NA
"balanced_2000_0.90_9999","balanced",2000,0.9,9999,8,"complete_D_ncores2>complete_D_ncores1>complete_brownian>binary_D>brownian_sort_threshold>brownian_sort>brownian_generation>random",0.200000000000728,2.02000000000771,2.16999999999825,1.02000000000407,1.06999999999789,1.23000000000138,3.30999999999949,5.81999999999971,10.4099999999999,"PASS",NA,NA
"balanced_2000_0.90_9999","balanced",2000,0.9,9999,9,"random>brownian_generation>brownian_sort>brownian_sort_threshold>binary_D>complete_brownian>complete_D_ncores1>complete_D_ncores2",0.200000000000728,1.93000000000575,2.21999999999935,1.13000000000284,1.07999999999993,1.27999999999338,3.28000000000065,5.78000000000065,10.4400000000005,"PASS",NA,NA
"balanced_2000_0.90_9999","balanced",2000,0.9,9999,10,"complete_D_ncores2>complete_D_ncores1>complete_brownian>binary_D>brownian_sort_threshold>brownian_sort>brownian_generation>random",0.200000000000728,2.03000000000065,2.25,1.0900000000056,1.09000000000015,1.23999999999432,3.28000000000065,5.88999999999942,10.4799999999996,"PASS",NA,NA
"random_2000_0.90_9999","random",2000,0.9,9999,1,"random>brownian_generation>brownian_sort>brownian_sort_threshold>binary_D>complete_brownian>complete_D_ncores1>complete_D_ncores2",0.219999999999345,1.79999999999745,2.13000000000466,1.09999999999491,1.07999999998719,1.25000000000182,3.32999999999993,5.89000000000124,10.5799999999999,"PASS",NA,NA
"random_2000_0.90_9999","random",2000,0.9,9999,2,"complete_D_ncores2>complete_D_ncores1>complete_brownian>binary_D>brownian_sort_threshold>brownian_sort>brownian_generation>random",0.219999999999345,1.84999999999673,2.10000000000036,1.10000000000218,0.99000000000342,1.18999999999869,3.32999999999993,5.93000000000029,10.6000000000004,"PASS",NA,NA
"random_2000_0.90_9999","random",2000,0.9,9999,3,"random>brownian_generation>brownian_sort>brownian_sort_threshold>binary_D>complete_brownian>complete_D_ncores1>complete_D_ncores2",0.219999999999345,2.06000000001222,2.100000000004,1.15999999999804,1.05000000000109,1.26000000000386,3.33999999999833,5.90999999999985,10.5200000000004,"PASS",NA,NA
"random_2000_0.90_9999","random",2000,0.9,9999,4,"complete_D_ncores2>complete_D_ncores1>complete_brownian>binary_D>brownian_sort_threshold>brownian_sort>brownian_generation>random",0.219999999999345,1.98999999999614,2.23000000000138,1.2200000000048,1.05000000000473,1.27999999999884,3.33999999999833,5.94999999999891,10.5199999999986,"PASS",NA,NA
"random_2000_0.90_9999","random",2000,0.9,9999,5,"random>brownian_generation>brownian_sort>brownian_sort_threshold>binary_D>complete_brownian>complete_D_ncores1>complete_D_ncores2",0.219999999999345,2.08999999999651,2.26000000000204,1.06999999999789,1.04999999999563,0.900000000006912,3.32999999999993,5.82999999999993,10.4799999999996,"PASS",NA,NA
"random_2000_0.90_9999","random",2000,0.9,9999,6,"complete_D_ncores2>complete_D_ncores1>complete_brownian>binary_D>brownian_sort_threshold>brownian_sort>brownian_generation>random",0.219999999999345,2.00999999999658,2.33999999999287,1.08000000000538,1.14000000000306,1.13000000000284,3.32999999999993,5.84000000000015,10.4799999999996,"PASS",NA,NA
"random_2000_0.90_9999","random",2000,0.9,9999,7,"random>brownian_generation>brownian_sort>brownian_sort_threshold>binary_D>complete_brownian>complete_D_ncores1>complete_D_ncores2",0.219999999999345,2.12999999999738,2.26000000000022,1.11999999999716,1.19000000000233,1.14999999999418,3.30999999999949,5.80999999999949,10.5500000000011,"PASS",NA,NA
"random_2000_0.90_9999","random",2000,0.9,9999,8,"complete_D_ncores2>complete_D_ncores1>complete_brownian>binary_D>brownian_sort_threshold>brownian_sort>brownian_generation>random",0.219999999999345,2.08999999999833,2.18000000000029,1.09999999999854,1.04000000000269,1.09999999999854,3.31999999999971,5.81999999999971,10.4300000000003,"PASS",NA,NA
"random_2000_0.90_9999","random",2000,0.9,9999,9,"random>brownian_generation>brownian_sort>brownian_sort_threshold>binary_D>complete_brownian>complete_D_ncores1>complete_D_ncores2",0.219999999999345,2.15000000000327,2.26999999999134,1.0199999999968,1.08000000000175,1.04999999999927,3.32000000000153,5.84000000000015,10.5599999999995,"PASS",NA,NA
"random_2000_0.90_9999","random",2000,0.9,9999,10,"complete_D_ncores2>complete_D_ncores1>complete_brownian>binary_D>brownian_sort_threshold>brownian_sort>brownian_generation>random",0.219999999999345,1.89000000000124,2.13000000000102,1.15000000000146,1.05000000000109,1.23999999999978,3.31999999999971,5.85000000000036,10.5699999999997,"PASS",NA,NA
"pectinate_2000_0.90_9999","pectinate",2000,0.9,9999,1,"random>brownian_generation>brownian_sort>brownian_sort_threshold>binary_D>complete_brownian>complete_D_ncores1>complete_D_ncores2",0.239999999999782,2.05999999999949,2.06000000000495,1.08000000000538,0.980000000014115,0.94999999999709,3.10000000000036,5.51000000000022,10.0900000000001,"PASS",NA,NA
"pectinate_2000_0.90_9999","pectinate",2000,0.9,9999,2,"complete_D_ncores2>complete_D_ncores1>complete_brownian>binary_D>brownian_sort_threshold>brownian_sort>brownian_generation>random",0.239999999999782,1.90000000000327,2.14999999999418,0.970000000002983,1.38000000001921,1.10999999998785,3.07999999999993,5.5,10.1100000000006,"PASS",NA,NA
"pectinate_2000_0.90_9999","pectinate",2000,0.9,9999,3,"random>brownian_generation>brownian_sort>brownian_sort_threshold>binary_D>complete_brownian>complete_D_ncores1>complete_D_ncores2",0.239999999999782,2.06000000000313,2.17999999999847,0.989999999999782,0.990000000007058,1.15999999999622,3.11000000000058,5.55999999999949,10.0900000000001,"PASS",NA,NA
"pectinate_2000_0.90_9999","pectinate",2000,0.9,9999,4,"complete_D_ncores2>complete_D_ncores1>complete_brownian>binary_D>brownian_sort_threshold>brownian_sort>brownian_generation>random",0.239999999999782,1.850000000004,2.09000000000196,0.979999999985012,1.05000000000473,1.29999999999745,3.10999999999876,5.52000000000044,10.0799999999999,"PASS",NA,NA
"pectinate_2000_0.90_9999","pectinate",2000,0.9,9999,5,"random>brownian_generation>brownian_sort>brownian_sort_threshold>binary_D>complete_brownian>complete_D_ncores1>complete_D_ncores2",0.239999999999782,1.83999999999833,2.25,0.969999999999345,1.04000000001361,1.25000000000546,3.07999999999993,5.52999999999884,10.1399999999994,"PASS",NA,NA
"pectinate_2000_0.90_9999","pectinate",2000,0.9,9999,6,"complete_D_ncores2>complete_D_ncores1>complete_brownian>binary_D>brownian_sort_threshold>brownian_sort>brownian_generation>random",0.239999999999782,1.95999999999913,2.17000000000553,1.1200000000008,1.07999999999083,1.18000000000029,3.1299999999992,5.54999999999927,10.1900000000005,"PASS",NA,NA
"pectinate_2000_0.90_9999","pectinate",2000,0.9,9999,7,"random>brownian_generation>brownian_sort>brownian_sort_threshold>binary_D>complete_brownian>complete_D_ncores1>complete_D_ncores2",0.239999999999782,1.93999999999869,2.21000000000095,0.970000000002983,0.880000000001019,1.2200000000139,3.07999999999993,5.53999999999905,10.0199999999986,"PASS",NA,NA
"pectinate_2000_0.90_9999","pectinate",2000,0.9,9999,8,"complete_D_ncores2>complete_D_ncores1>complete_brownian>binary_D>brownian_sort_threshold>brownian_sort>brownian_generation>random",0.239999999999782,1.94000000000051,2.17000000000007,0.979999999997744,1.23000000001775,1.28000000000247,3.07999999999993,5.51999999999862,10.0699999999997,"PASS",NA,NA
"pectinate_2000_0.90_9999","pectinate",2000,0.9,9999,9,"random>brownian_generation>brownian_sort>brownian_sort_threshold>binary_D>complete_brownian>complete_D_ncores1>complete_D_ncores2",0.239999999999782,2.19000000000051,2.17000000000735,1.00999999999294,1.03000000002248,1.23999999999614,3.07999999999993,5.52000000000044,10.0600000000013,"PASS",NA,NA
"pectinate_2000_0.90_9999","pectinate",2000,0.9,9999,10,"complete_D_ncores2>complete_D_ncores1>complete_brownian>binary_D>brownian_sort_threshold>brownian_sort>brownian_generation>random",0.239999999999782,1.96000000000095,2.14000000000851,0.940000000013242,1.02999999999884,1.03000000000065,3.08000000000175,5.53000000000065,10.1200000000008,"PASS",NA,NA
"balanced_5000_0.90_9999","balanced",5000,0.9,9999,1,"random>brownian_generation>brownian_sort>brownian_sort_threshold>binary_D>complete_brownian>complete_D_ncores1>complete_D_ncores2",0.600000000000364,4.03000000000065,5.42000000000007,3.12000000000626,2.82999999999629,3.27000000000589,8.54999999999927,16.5699999999997,27.4699999999993,"PASS",NA,NA
"balanced_5000_0.90_9999","balanced",5000,0.9,9999,2,"complete_D_ncores2>complete_D_ncores1>complete_brownian>binary_D>brownian_sort_threshold>brownian_sort>brownian_generation>random",0.600000000000364,4.1699999999928,5.62999999999738,3.10999999999876,2.85999999999876,3.50999999999476,8.52000000000044,16.25,27.7600000000002,"PASS",NA,NA
"balanced_5000_0.90_9999","balanced",5000,0.9,9999,3,"random>brownian_generation>brownian_sort>brownian_sort_threshold>binary_D>complete_brownian>complete_D_ncores1>complete_D_ncores2",0.600000000000364,4.03000000000429,5.51999999999316,3.03999999998996,2.92999999999483,3.54999999999563,8.53000000000065,16.3299999999999,27.4700000000012,"PASS",NA,NA
"balanced_5000_0.90_9999","balanced",5000,0.9,9999,4,"complete_D_ncores2>complete_D_ncores1>complete_brownian>binary_D>brownian_sort_threshold>brownian_sort>brownian_generation>random",0.600000000000364,4.00000000000364,5.45000000000255,3.01000000000386,2.93000000000393,3.50000000000546,8.55999999999949,16.3899999999994,27.5200000000004,"PASS",NA,NA
"balanced_5000_0.90_9999","balanced",5000,0.9,9999,5,"random>brownian_generation>brownian_sort>brownian_sort_threshold>binary_D>complete_brownian>complete_D_ncores1>complete_D_ncores2",0.600000000000364,4.10999999999149,5.56000000000131,3.14000000000124,2.98999999999978,3.59999999999854,8.55000000000109,16.5300000000007,27.7600000000002,"PASS",NA,NA
"balanced_5000_0.90_9999","balanced",5000,0.9,9999,6,"complete_D_ncores2>complete_D_ncores1>complete_brownian>binary_D>brownian_sort_threshold>brownian_sort>brownian_generation>random",0.600000000000364,4.14999999999054,5.54000000000269,3.0099999999984,2.86999999999716,3.52999999999702,8.57999999999993,16.2000000000007,27.5300000000007,"PASS",NA,NA
"balanced_5000_0.90_9999","balanced",5000,0.9,9999,7,"random>brownian_generation>brownian_sort>brownian_sort_threshold>binary_D>complete_brownian>complete_D_ncores1>complete_D_ncores2",0.600000000000364,4.12000000000444,5.42000000000735,3.14999999999964,2.91000000000713,3.15999999999804,8.52000000000044,16.2000000000007,27.4200000000001,"PASS",NA,NA
"balanced_5000_0.90_9999","balanced",5000,0.9,9999,8,"complete_D_ncores2>complete_D_ncores1>complete_brownian>binary_D>brownian_sort_threshold>brownian_sort>brownian_generation>random",0.600000000000364,4.06000000000859,5.60999999997875,3.00999999999112,3,3.40999999999985,8.52999999999884,16.2899999999991,27.4500000000007,"PASS",NA,NA
"balanced_5000_0.90_9999","balanced",5000,0.9,9999,9,"random>brownian_generation>brownian_sort>brownian_sort_threshold>binary_D>complete_brownian>complete_D_ncores1>complete_D_ncores2",0.600000000000364,4.02999999999884,5.52999999998065,3.08999999999651,2.96000000000276,3.33999999998923,8.54000000000087,16.5600000000013,27.5299999999988,"PASS",NA,NA
"balanced_5000_0.90_9999","balanced",5000,0.9,9999,10,"complete_D_ncores2>complete_D_ncores1>complete_brownian>binary_D>brownian_sort_threshold>brownian_sort>brownian_generation>random",0.600000000000364,4.08000000000175,5.38999999999942,3.13999999999942,2.84999999999127,3.40000000001237,8.56000000000131,16.1800000000003,27.5,"PASS",NA,NA
"random_5000_0.90_9999","random",5000,0.9,9999,1,"random>brownian_generation>brownian_sort>brownian_sort_threshold>binary_D>complete_brownian>complete_D_ncores1>complete_D_ncores2",0.56000000000131,4.1900000000096,5.61999999998443,3,2.82999999999083,3.5,8.61000000000058,16.7700000000004,27.7099999999991,"PASS",NA,NA
"random_5000_0.90_9999","random",5000,0.9,9999,2,"complete_D_ncores2>complete_D_ncores1>complete_brownian>binary_D>brownian_sort_threshold>brownian_sort>brownian_generation>random",0.56000000000131,3.98999999999069,5.37999999997191,3.04000000000087,2.96000000001004,3.4700000000048,8.61999999999898,16.6700000000019,27.75,"PASS",NA,NA
"random_5000_0.90_9999","random",5000,0.9,9999,3,"random>brownian_generation>brownian_sort>brownian_sort_threshold>binary_D>complete_brownian>complete_D_ncores1>complete_D_ncores2",0.56000000000131,4.0600000000195,5.70999999999185,3.02999999999884,3.0399999999936,3.42999999999302,8.59999999999854,16.4700000000012,27.7999999999993,"PASS",NA,NA
"random_5000_0.90_9999","random",5000,0.9,9999,4,"complete_D_ncores2>complete_D_ncores1>complete_brownian>binary_D>brownian_sort_threshold>brownian_sort>brownian_generation>random",0.56000000000131,4.08999999998923,5.3199999999888,2.97000000001572,2.88000000000466,3.50999999999112,8.63999999999942,16.6699999999983,27.6599999999999,"PASS",NA,NA
"random_5000_0.90_9999","random",5000,0.9,9999,5,"random>brownian_generation>brownian_sort>brownian_sort_threshold>binary_D>complete_brownian>complete_D_ncores1>complete_D_ncores2",0.56000000000131,4.14000000001033,5.49000000001979,3.0199999999968,2.90999999998894,3.43999999999869,8.60999999999694,16.5400000000009,27.7599999999984,"PASS",NA,NA
"random_5000_0.90_9999","random",5000,0.9,9999,6,"complete_D_ncores2>complete_D_ncores1>complete_brownian>binary_D>brownian_sort_threshold>brownian_sort>brownian_generation>random",0.56000000000131,4.10000000000946,5.47000000000116,2.89999999999418,2.83999999999287,3.49999999999272,8.61999999999898,16.489999999998,27.7099999999991,"PASS",NA,NA
"random_5000_0.90_9999","random",5000,0.9,9999,7,"random>brownian_generation>brownian_sort>brownian_sort_threshold>binary_D>complete_brownian>complete_D_ncores1>complete_D_ncores2",0.56000000000131,4.15000000000873,5.40999999999622,3.01999999999316,2.93999999999869,3.41999999998734,8.61000000000058,16.6900000000023,27.6700000000019,"PASS",NA,NA
"random_5000_0.90_9999","random",5000,0.9,9999,8,"complete_D_ncores2>complete_D_ncores1>complete_brownian>binary_D>brownian_sort_threshold>brownian_sort>brownian_generation>random",0.56000000000131,4.06000000000859,5.51999999998952,3.05999999999403,2.91999999999825,3.45999999999913,8.68000000000029,16.6400000000031,27.9599999999991,"PASS",NA,NA
"random_5000_0.90_9999","random",5000,0.9,9999,9,"random>brownian_generation>brownian_sort>brownian_sort_threshold>binary_D>complete_brownian>complete_D_ncores1>complete_D_ncores2",0.56000000000131,4.04000000000451,5.53999999999724,3.08999999999287,2.81000000000495,3.39000000000669,8.61000000000058,16.3899999999994,27.619999999999,"PASS",NA,NA
"random_5000_0.90_9999","random",5000,0.9,9999,10,"complete_D_ncores2>complete_D_ncores1>complete_brownian>binary_D>brownian_sort_threshold>brownian_sort>brownian_generation>random",0.56000000000131,3.99000000000888,5.47000000002299,3.07999999999811,2.85000000000582,3.35000000000946,8.63999999999942,16.4900000000016,27.6800000000003,"PASS",NA,NA
"pectinate_5000_0.90_9999","pectinate",5000,0.9,9999,1,"random>brownian_generation>brownian_sort>brownian_sort_threshold>binary_D>complete_brownian>complete_D_ncores1>complete_D_ncores2",0.579999999998108,4.14000000000669,5.30999999999403,2.46999999999753,2.35999999998239,3.2899999999936,7.86000000000058,15.1399999999994,26.2799999999988,"PASS",NA,NA
"pectinate_5000_0.90_9999","pectinate",5000,0.9,9999,2,"complete_D_ncores2>complete_D_ncores1>complete_brownian>binary_D>brownian_sort_threshold>brownian_sort>brownian_generation>random",0.579999999998108,4.10999999998967,5.38999999999942,2.65000000001237,2.5900000000147,3.20999999999913,7.88999999999942,14.8899999999994,26.2799999999988,"PASS",NA,NA
"pectinate_5000_0.90_9999","pectinate",5000,0.9,9999,3,"random>brownian_generation>brownian_sort>brownian_sort_threshold>binary_D>complete_brownian>complete_D_ncores1>complete_D_ncores2",0.579999999998108,4.04999999999927,5.35000000000218,2.54000000000451,2.39999999997235,3.31000000001586,7.88999999999942,14.9500000000007,26.3300000000017,"PASS",NA,NA
"pectinate_5000_0.90_9999","pectinate",5000,0.9,9999,4,"complete_D_ncores2>complete_D_ncores1>complete_brownian>binary_D>brownian_sort_threshold>brownian_sort>brownian_generation>random",0.579999999998108,4.02000000000044,5.64999999999782,2.58999999998923,2.45999999998094,3.36000000000422,7.88000000000102,14.8899999999994,26.2799999999988,"PASS",NA,NA
"pectinate_5000_0.90_9999","pectinate",5000,0.9,9999,5,"random>brownian_generation>brownian_sort>brownian_sort_threshold>binary_D>complete_brownian>complete_D_ncores1>complete_D_ncores2",0.579999999998108,4.11000000000786,5.38999999999942,2.56999999997061,2.51000000002387,3.12000000001353,7.86999999999898,14.9799999999996,26.3099999999977,"PASS",NA,NA
"pectinate_5000_0.90_9999","pectinate",5000,0.9,9999,6,"complete_D_ncores2>complete_D_ncores1>complete_brownian>binary_D>brownian_sort_threshold>brownian_sort>brownian_generation>random",0.579999999998108,4.0699999999888,5.41999999999825,2.64999999997599,2.3599999999642,3.43999999999869,7.92000000000189,14.9799999999996,26.4000000000015,"PASS",NA,NA
"pectinate_5000_0.90_9999","pectinate",5000,0.9,9999,7,"random>brownian_generation>brownian_sort>brownian_sort_threshold>binary_D>complete_brownian>complete_D_ncores1>complete_D_ncores2",0.579999999998108,4.14000000001033,5.44000000000597,2.66000000001441,2.41000000000713,3.24999999999272,7.86000000000058,14.8999999999978,26.3100000000013,"PASS",NA,NA
"pectinate_5000_0.90_9999","pectinate",5000,0.9,9999,8,"complete_D_ncores2>complete_D_ncores1>complete_brownian>binary_D>brownian_sort_threshold>brownian_sort>brownian_generation>random",0.579999999998108,4.20999999999549,5.63999999999942,2.63000000000829,2.59000000002197,3.26000000000204,7.88999999999942,14.880000000001,26.3199999999997,"PASS",NA,NA
"pectinate_5000_0.90_9999","pectinate",5000,0.9,9999,9,"random>brownian_generation>brownian_sort>brownian_sort_threshold>binary_D>complete_brownian>complete_D_ncores1>complete_D_ncores2",0.579999999998108,4.09000000001106,5.45999999999549,2.53000000000975,2.43000000002576,3.15999999999985,7.84000000000015,15.119999999999,26.5499999999993,"PASS",NA,NA
"pectinate_5000_0.90_9999","pectinate",5000,0.9,9999,10,"complete_D_ncores2>complete_D_ncores1>complete_brownian>binary_D>brownian_sort_threshold>brownian_sort>brownian_generation>random",0.579999999998108,4.27999999998792,5.4700000000048,2.51999999998588,2.40999999999622,3.27999999999156,7.88000000000102,15.1900000000023,26.3499999999985,"PASS",NA,NA
