"run_id","profile","comparison_id","implementation","method","reference","scenario","signal_mixture_h2","n_tip","replicate","n_species_used","matched_species","n_removed_na","input_tree_tip_count","input_trait_length","reference_data_rows","reference_tree_tip_count","tree_seed","component_seed","bm_seed","noise_seed","call_seed","first_implementation","call_order","test","d_nsim","delta_mcmc_sim","delta_thin","delta_burn","delta_lambda0","delta_proposal_sd","delta_chains","delta_entropy","delta_model","reported_delta_control_lambda0","reported_delta_control_proposal_sd","reported_delta_control_mcmc_sim","reported_delta_control_thin","reported_delta_control_burn","reported_delta_control_entropy","reported_delta_control_model","reported_delta_control_ace_engine","reported_delta_control_ncores","delta_expected_total_iterations","delta_reported_requested_iterations","delta_reported_successful_iterations","delta_requested_iterations_match","delta_successful_iterations_match","tree_hash","bm_hash","noise_hash","trait_hash","reference_input_hash","package_version","package_path","package_path_sha256","dll_path","dll_path_sha256","dll_file_sha256","source_tarball","source_tarball_sha256","reference_version","elapsed_seconds","estimate","timing_clock","timing_iterations","prepare_excluded","reported_status","status_source","success","validation_error","result_fields","warning","error","n_states","nsim_requested","nsim_successful_random","nsim_successful_brownian","requested_iterations","successful_iterations","diagnostics_available","diagnostics_note","ESS_alpha","ESS_beta","Rhat_alpha","Rhat_beta","MCSE_Delta"
"20261002T011636Z","full","D_none_n0050_r01","reference","D","caper::phylo.d","none",0,50,1,50,50,0,50,50,50,50,20310911,25261901,25261902,25261903,20321103,"reference",1,TRUE,199,,,,,,,,,,,,,,,,,,,,,,,"567cd8b11971df2ed369fd407b1586f95a25248c6d740cd457462ea8cf11579d","0f4c647e886c71b56716042b4bf781dc59a15fef7a92d5221ca475f4062d6685","eb088bc809e9c1cd16121b831b6ecfa7c24a5966eeea2f077e1eb8877ff7eb14","10ba2a3ab1dcee1de56f88e2ac43e41f79692ace68149c62cc7218001c36badc","760fd84b055d4c8fe8d3b61bc70b64ca929e7f5adcd9e4e369db9f4ca5c35ff0","0.3.0","isolated_release_library/fastphylosig","d951ecee19c06f3a144ad76c5039302078747585bb3bf829e6f12db15f54775d","isolated_release_library/fastphylosig/libs/<platform>/fastphylosig","c46a5834babd455b546bc65c6549c42ba51e6b47f3c9f222919b7118a5af3280","1bd40080f1ea537b3c73c838dc98ff84940f1064f4e1c4dbfb2dd5063d999bdb","benchmarks/stage5/documentation_fix_release_20261001/fastphylosig_0.3.0.tar.gz","909b7ad27485dcc2d96a7bb1fc70b65b54e93245d75761aca406b9c52f06cbff","1.0.4",0.046381950378418,0.948628788981592,"Sys.time",1,TRUE,"not_reported_by_reference","finite_reference_estimate_and_input_audit",TRUE,,"DEstimate;Pval1;Pval0;Parameters;StatesTable;Permutations;NodalVals;binvar;data;nPermut;rnd.bias","",,2,,,,,,,,,,,,
"20261002T011636Z","full","D_none_n0050_r01","fastphylosig","D","caper::phylo.d","none",0,50,1,50,50,0,,,,,20310911,25261901,25261902,25261903,20321102,"reference",2,TRUE,199,,,,,,,,,,,,,,,,,,,,,,,"567cd8b11971df2ed369fd407b1586f95a25248c6d740cd457462ea8cf11579d","0f4c647e886c71b56716042b4bf781dc59a15fef7a92d5221ca475f4062d6685","eb088bc809e9c1cd16121b831b6ecfa7c24a5966eeea2f077e1eb8877ff7eb14","10ba2a3ab1dcee1de56f88e2ac43e41f79692ace68149c62cc7218001c36badc","760fd84b055d4c8fe8d3b61bc70b64ca929e7f5adcd9e4e369db9f4ca5c35ff0","0.3.0","isolated_release_library/fastphylosig","d951ecee19c06f3a144ad76c5039302078747585bb3bf829e6f12db15f54775d","isolated_release_library/fastphylosig/libs/<platform>/fastphylosig","c46a5834babd455b546bc65c6549c42ba51e6b47f3c9f222919b7118a5af3280","1bd40080f1ea537b3c73c838dc98ff84940f1064f4e1c4dbfb2dd5063d999bdb","benchmarks/stage5/documentation_fix_release_20261001/fastphylosig_0.3.0.tar.gz","909b7ad27485dcc2d96a7bb1fc70b65b54e93245d75761aca406b9c52f06cbff","1.0.4",0.00835418701171875,0.948239214907957,"Sys.time",1,TRUE,"ok","fast_result",TRUE,,"trait;D_fast;Pval1_fast;Pval0_fast;P_random;P_Brownian;MCSE_P_random;MCSE_P_Brownian;nsim_requested;nsim_successful_random;nsim_successful_brownian;nsim_failed_random;nsim_failed_brownian;observed;mean_random;mean_brownian;n_species;n_removed_na;matched_species;removed_tree_tips;removed_data_rows;status;note;message;estimate;p_random;p_brownian;p_mcse_random;p_mcse_brownian;MCSE_random;MCSE_Brownian;mcse_random;mcse_brownian;n_sim_requested;n_sim_successful_random;n_sim_successful_brownian;method","",,,199,199,199,,,,,,,,,
"20261002T011636Z","full","Delta_none_n0050_r01","fastphylosig","Delta","Borges2019 delta() [pinned source]","none",0,50,1,50,50,0,,,,,20310911,25261901,25261902,25261903,20321202,"fastphylosig",1,FALSE,,10000,10,100,0.1,0.5,2,"LSE","ARD","0.1","0.5","10000","10","100","LSE","ARD","fast","1",20000,20000,20000,TRUE,TRUE,"567cd8b11971df2ed369fd407b1586f95a25248c6d740cd457462ea8cf11579d","0f4c647e886c71b56716042b4bf781dc59a15fef7a92d5221ca475f4062d6685","eb088bc809e9c1cd16121b831b6ecfa7c24a5966eeea2f077e1eb8877ff7eb14","37c9a24afd990dc4abbb7f7f4ed292ce20ac83bef69ff5dc5868b679f6650276","4d7a569aee458a3c9b552e9cab454e9c0ccfce68a4b561fd02858a571f7c80e5","0.3.0","isolated_release_library/fastphylosig","d951ecee19c06f3a144ad76c5039302078747585bb3bf829e6f12db15f54775d","isolated_release_library/fastphylosig/libs/<platform>/fastphylosig","c46a5834babd455b546bc65c6549c42ba51e6b47f3c9f222919b7118a5af3280","1bd40080f1ea537b3c73c838dc98ff84940f1064f4e1c4dbfb2dd5063d999bdb","benchmarks/stage5/documentation_fix_release_20261001/fastphylosig_0.3.0.tar.gz","909b7ad27485dcc2d96a7bb1fc70b65b54e93245d75761aca406b9c52f06cbff","Borges2019-source-sha256:0dc1e987c13f0e972b0e7c3b4829b4d0fdc41ff0de3856bae4803f9ce0115175",0.0343689918518066,0.533503134830004,"Sys.time",1,TRUE,"ok","fast_result",TRUE,,"trait;Delta_fast;alpha_mean;beta_mean;n_saved;n_saved_requested;n_saved_successful;alpha_sd;beta_sd;ESS_alpha;ESS_beta;split_Rhat_alpha;split_Rhat_beta;Rhat_alpha;Rhat_beta;alpha_beta_cov;MCSE_Delta;diagnostics_available;diagnostics_note;requested_simulations;successful_simulations;requested_iterations;successful_iterations;requested_permutations;successful_permutations;n_states;n_species;n_removed_na;matched_species;removed_tree_tips;removed_data_rows;status;note;message;estimate;p_value;p_mcse;estimate_mcse;ess_alpha;ess_beta;rhat_alpha;rhat_beta;ESS;ess;Rhat;rhat;n_sim_requested;n_sim_successful;n_iter_requested;n_iter_successful;method","",,3,,,,20000,20000,"TRUE","Diagnostics computed from saved alpha/beta MCMC traces.",1557.23860306586,1420.70548278296,0.999323080004466,0.999914771336788,0.00204371609179928
"20261002T011636Z","full","Delta_none_n0050_r01","reference","Delta","Borges2019 delta() [pinned source]","none",0,50,1,50,50,0,50,50,,50,20310911,25261901,25261902,25261903,20321203,"fastphylosig",2,FALSE,,10000,10,100,0.1,0.5,2,"LSE","ARD",,,,,,,,,,,,,,,"567cd8b11971df2ed369fd407b1586f95a25248c6d740cd457462ea8cf11579d","0f4c647e886c71b56716042b4bf781dc59a15fef7a92d5221ca475f4062d6685","eb088bc809e9c1cd16121b831b6ecfa7c24a5966eeea2f077e1eb8877ff7eb14","37c9a24afd990dc4abbb7f7f4ed292ce20ac83bef69ff5dc5868b679f6650276","4d7a569aee458a3c9b552e9cab454e9c0ccfce68a4b561fd02858a571f7c80e5","0.3.0","isolated_release_library/fastphylosig","d951ecee19c06f3a144ad76c5039302078747585bb3bf829e6f12db15f54775d","isolated_release_library/fastphylosig/libs/<platform>/fastphylosig","c46a5834babd455b546bc65c6549c42ba51e6b47f3c9f222919b7118a5af3280","1bd40080f1ea537b3c73c838dc98ff84940f1064f4e1c4dbfb2dd5063d999bdb","benchmarks/stage5/documentation_fix_release_20261001/fastphylosig_0.3.0.tar.gz","909b7ad27485dcc2d96a7bb1fc70b65b54e93245d75761aca406b9c52f06cbff","Borges2019-source-sha256:0dc1e987c13f0e972b0e7c3b4829b4d0fdc41ff0de3856bae4803f9ce0115175",0.929005861282349,0.541075305683147,"Sys.time",1,TRUE,"not_reported_by_reference","finite_reference_estimate_and_input_audit",TRUE,,"<numeric>","imaginary parts discarded in coercion",,3,,,,,,,,,,,,
"20261002T011636Z","full","D_moderate_n0050_r01","fastphylosig","D","caper::phylo.d","moderate",0.5,50,1,50,50,0,,,,,20310911,25261901,25261902,25261903,20331102,"fastphylosig",1,TRUE,199,,,,,,,,,,,,,,,,,,,,,,,"567cd8b11971df2ed369fd407b1586f95a25248c6d740cd457462ea8cf11579d","0f4c647e886c71b56716042b4bf781dc59a15fef7a92d5221ca475f4062d6685","eb088bc809e9c1cd16121b831b6ecfa7c24a5966eeea2f077e1eb8877ff7eb14","c882e6422d59ee6c85eab133197282bb4d051a9ddf09bff0dfe0a73328d6d139","716e1ebaf6e9d785f20bd0a75debaa28e66333ff91d6a80661d2e23472d18b64","0.3.0","isolated_release_library/fastphylosig","d951ecee19c06f3a144ad76c5039302078747585bb3bf829e6f12db15f54775d","isolated_release_library/fastphylosig/libs/<platform>/fastphylosig","c46a5834babd455b546bc65c6549c42ba51e6b47f3c9f222919b7118a5af3280","1bd40080f1ea537b3c73c838dc98ff84940f1064f4e1c4dbfb2dd5063d999bdb","benchmarks/stage5/documentation_fix_release_20261001/fastphylosig_0.3.0.tar.gz","909b7ad27485dcc2d96a7bb1fc70b65b54e93245d75761aca406b9c52f06cbff","1.0.4",0.00791501998901367,0.259961338308027,"Sys.time",1,TRUE,"ok","fast_result",TRUE,,"trait;D_fast;Pval1_fast;Pval0_fast;P_random;P_Brownian;MCSE_P_random;MCSE_P_Brownian;nsim_requested;nsim_successful_random;nsim_successful_brownian;nsim_failed_random;nsim_failed_brownian;observed;mean_random;mean_brownian;n_species;n_removed_na;matched_species;removed_tree_tips;removed_data_rows;status;note;message;estimate;p_random;p_brownian;p_mcse_random;p_mcse_brownian;MCSE_random;MCSE_Brownian;mcse_random;mcse_brownian;n_sim_requested;n_sim_successful_random;n_sim_successful_brownian;method","",,,199,199,199,,,,,,,,,
"20261002T011636Z","full","D_moderate_n0050_r01","reference","D","caper::phylo.d","moderate",0.5,50,1,50,50,0,50,50,50,50,20310911,25261901,25261902,25261903,20331103,"fastphylosig",2,TRUE,199,,,,,,,,,,,,,,,,,,,,,,,"567cd8b11971df2ed369fd407b1586f95a25248c6d740cd457462ea8cf11579d","0f4c647e886c71b56716042b4bf781dc59a15fef7a92d5221ca475f4062d6685","eb088bc809e9c1cd16121b831b6ecfa7c24a5966eeea2f077e1eb8877ff7eb14","c882e6422d59ee6c85eab133197282bb4d051a9ddf09bff0dfe0a73328d6d139","716e1ebaf6e9d785f20bd0a75debaa28e66333ff91d6a80661d2e23472d18b64","0.3.0","isolated_release_library/fastphylosig","d951ecee19c06f3a144ad76c5039302078747585bb3bf829e6f12db15f54775d","isolated_release_library/fastphylosig/libs/<platform>/fastphylosig","c46a5834babd455b546bc65c6549c42ba51e6b47f3c9f222919b7118a5af3280","1bd40080f1ea537b3c73c838dc98ff84940f1064f4e1c4dbfb2dd5063d999bdb","benchmarks/stage5/documentation_fix_release_20261001/fastphylosig_0.3.0.tar.gz","909b7ad27485dcc2d96a7bb1fc70b65b54e93245d75761aca406b9c52f06cbff","1.0.4",0.0406539440155029,0.230231471573898,"Sys.time",1,TRUE,"not_reported_by_reference","finite_reference_estimate_and_input_audit",TRUE,,"DEstimate;Pval1;Pval0;Parameters;StatesTable;Permutations;NodalVals;binvar;data;nPermut;rnd.bias","",,2,,,,,,,,,,,,
"20261002T011636Z","full","Delta_moderate_n0050_r01","reference","Delta","Borges2019 delta() [pinned source]","moderate",0.5,50,1,50,50,0,50,50,,50,20310911,25261901,25261902,25261903,20331203,"reference",1,FALSE,,10000,10,100,0.1,0.5,2,"LSE","ARD",,,,,,,,,,,,,,,"567cd8b11971df2ed369fd407b1586f95a25248c6d740cd457462ea8cf11579d","0f4c647e886c71b56716042b4bf781dc59a15fef7a92d5221ca475f4062d6685","eb088bc809e9c1cd16121b831b6ecfa7c24a5966eeea2f077e1eb8877ff7eb14","f66cc678299e3470643c38a6991d5e40391e38c4d9a5893a0f407d96b7820b3a","f8f56b1bc8cc1527b7eb18ff8cffe6779689478feceb715b6f5e1dcd409be28b","0.3.0","isolated_release_library/fastphylosig","d951ecee19c06f3a144ad76c5039302078747585bb3bf829e6f12db15f54775d","isolated_release_library/fastphylosig/libs/<platform>/fastphylosig","c46a5834babd455b546bc65c6549c42ba51e6b47f3c9f222919b7118a5af3280","1bd40080f1ea537b3c73c838dc98ff84940f1064f4e1c4dbfb2dd5063d999bdb","benchmarks/stage5/documentation_fix_release_20261001/fastphylosig_0.3.0.tar.gz","909b7ad27485dcc2d96a7bb1fc70b65b54e93245d75761aca406b9c52f06cbff","Borges2019-source-sha256:0dc1e987c13f0e972b0e7c3b4829b4d0fdc41ff0de3856bae4803f9ce0115175",0.89785099029541,1.78698324593673,"Sys.time",1,TRUE,"not_reported_by_reference","finite_reference_estimate_and_input_audit",TRUE,,"<numeric>","",,3,,,,,,,,,,,,
"20261002T011636Z","full","Delta_moderate_n0050_r01","fastphylosig","Delta","Borges2019 delta() [pinned source]","moderate",0.5,50,1,50,50,0,,,,,20310911,25261901,25261902,25261903,20331202,"reference",2,FALSE,,10000,10,100,0.1,0.5,2,"LSE","ARD","0.1","0.5","10000","10","100","LSE","ARD","fast","1",20000,20000,20000,TRUE,TRUE,"567cd8b11971df2ed369fd407b1586f95a25248c6d740cd457462ea8cf11579d","0f4c647e886c71b56716042b4bf781dc59a15fef7a92d5221ca475f4062d6685","eb088bc809e9c1cd16121b831b6ecfa7c24a5966eeea2f077e1eb8877ff7eb14","f66cc678299e3470643c38a6991d5e40391e38c4d9a5893a0f407d96b7820b3a","f8f56b1bc8cc1527b7eb18ff8cffe6779689478feceb715b6f5e1dcd409be28b","0.3.0","isolated_release_library/fastphylosig","d951ecee19c06f3a144ad76c5039302078747585bb3bf829e6f12db15f54775d","isolated_release_library/fastphylosig/libs/<platform>/fastphylosig","c46a5834babd455b546bc65c6549c42ba51e6b47f3c9f222919b7118a5af3280","1bd40080f1ea537b3c73c838dc98ff84940f1064f4e1c4dbfb2dd5063d999bdb","benchmarks/stage5/documentation_fix_release_20261001/fastphylosig_0.3.0.tar.gz","909b7ad27485dcc2d96a7bb1fc70b65b54e93245d75761aca406b9c52f06cbff","Borges2019-source-sha256:0dc1e987c13f0e972b0e7c3b4829b4d0fdc41ff0de3856bae4803f9ce0115175",0.0286011695861816,1.77761503649608,"Sys.time",1,TRUE,"ok","fast_result",TRUE,,"trait;Delta_fast;alpha_mean;beta_mean;n_saved;n_saved_requested;n_saved_successful;alpha_sd;beta_sd;ESS_alpha;ESS_beta;split_Rhat_alpha;split_Rhat_beta;Rhat_alpha;Rhat_beta;alpha_beta_cov;MCSE_Delta;diagnostics_available;diagnostics_note;requested_simulations;successful_simulations;requested_iterations;successful_iterations;requested_permutations;successful_permutations;n_states;n_species;n_removed_na;matched_species;removed_tree_tips;removed_data_rows;status;note;message;estimate;p_value;p_mcse;estimate_mcse;ess_alpha;ess_beta;rhat_alpha;rhat_beta;ESS;ess;Rhat;rhat;n_sim_requested;n_sim_successful;n_iter_requested;n_iter_successful;method","",,3,,,,20000,20000,"TRUE","Diagnostics computed from saved alpha/beta MCMC traces.",1584.39505907771,1569.75461016287,1.0011071374962,0.999913049651499,0.00664849752950403
"20261002T011636Z","full","D_strong_n0050_r01","reference","D","caper::phylo.d","strong",0.95,50,1,50,50,0,50,50,50,50,20310911,25261901,25261902,25261903,20341103,"reference",1,TRUE,199,,,,,,,,,,,,,,,,,,,,,,,"567cd8b11971df2ed369fd407b1586f95a25248c6d740cd457462ea8cf11579d","0f4c647e886c71b56716042b4bf781dc59a15fef7a92d5221ca475f4062d6685","eb088bc809e9c1cd16121b831b6ecfa7c24a5966eeea2f077e1eb8877ff7eb14","9242763b58c930836f17ee195edfb7d9fac65e2552d31574cc3a6fdf92acf43a","8cb1b241d7798539b924da25fab58bb72f05fce78ac3c1b1786deba1c5116239","0.3.0","isolated_release_library/fastphylosig","d951ecee19c06f3a144ad76c5039302078747585bb3bf829e6f12db15f54775d","isolated_release_library/fastphylosig/libs/<platform>/fastphylosig","c46a5834babd455b546bc65c6549c42ba51e6b47f3c9f222919b7118a5af3280","1bd40080f1ea537b3c73c838dc98ff84940f1064f4e1c4dbfb2dd5063d999bdb","benchmarks/stage5/documentation_fix_release_20261001/fastphylosig_0.3.0.tar.gz","909b7ad27485dcc2d96a7bb1fc70b65b54e93245d75761aca406b9c52f06cbff","1.0.4",0.0404620170593262,-0.351973638256118,"Sys.time",1,TRUE,"not_reported_by_reference","finite_reference_estimate_and_input_audit",TRUE,,"DEstimate;Pval1;Pval0;Parameters;StatesTable;Permutations;NodalVals;binvar;data;nPermut;rnd.bias","",,2,,,,,,,,,,,,
"20261002T011636Z","full","D_strong_n0050_r01","fastphylosig","D","caper::phylo.d","strong",0.95,50,1,50,50,0,,,,,20310911,25261901,25261902,25261903,20341102,"reference",2,TRUE,199,,,,,,,,,,,,,,,,,,,,,,,"567cd8b11971df2ed369fd407b1586f95a25248c6d740cd457462ea8cf11579d","0f4c647e886c71b56716042b4bf781dc59a15fef7a92d5221ca475f4062d6685","eb088bc809e9c1cd16121b831b6ecfa7c24a5966eeea2f077e1eb8877ff7eb14","9242763b58c930836f17ee195edfb7d9fac65e2552d31574cc3a6fdf92acf43a","8cb1b241d7798539b924da25fab58bb72f05fce78ac3c1b1786deba1c5116239","0.3.0","isolated_release_library/fastphylosig","d951ecee19c06f3a144ad76c5039302078747585bb3bf829e6f12db15f54775d","isolated_release_library/fastphylosig/libs/<platform>/fastphylosig","c46a5834babd455b546bc65c6549c42ba51e6b47f3c9f222919b7118a5af3280","1bd40080f1ea537b3c73c838dc98ff84940f1064f4e1c4dbfb2dd5063d999bdb","benchmarks/stage5/documentation_fix_release_20261001/fastphylosig_0.3.0.tar.gz","909b7ad27485dcc2d96a7bb1fc70b65b54e93245d75761aca406b9c52f06cbff","1.0.4",0.00741291046142578,-0.405277179058276,"Sys.time",1,TRUE,"ok","fast_result",TRUE,,"trait;D_fast;Pval1_fast;Pval0_fast;P_random;P_Brownian;MCSE_P_random;MCSE_P_Brownian;nsim_requested;nsim_successful_random;nsim_successful_brownian;nsim_failed_random;nsim_failed_brownian;observed;mean_random;mean_brownian;n_species;n_removed_na;matched_species;removed_tree_tips;removed_data_rows;status;note;message;estimate;p_random;p_brownian;p_mcse_random;p_mcse_brownian;MCSE_random;MCSE_Brownian;mcse_random;mcse_brownian;n_sim_requested;n_sim_successful_random;n_sim_successful_brownian;method","",,,199,199,199,,,,,,,,,
"20261002T011636Z","full","Delta_strong_n0050_r01","fastphylosig","Delta","Borges2019 delta() [pinned source]","strong",0.95,50,1,50,50,0,,,,,20310911,25261901,25261902,25261903,20341202,"fastphylosig",1,FALSE,,10000,10,100,0.1,0.5,2,"LSE","ARD","0.1","0.5","10000","10","100","LSE","ARD","fast","1",20000,20000,20000,TRUE,TRUE,"567cd8b11971df2ed369fd407b1586f95a25248c6d740cd457462ea8cf11579d","0f4c647e886c71b56716042b4bf781dc59a15fef7a92d5221ca475f4062d6685","eb088bc809e9c1cd16121b831b6ecfa7c24a5966eeea2f077e1eb8877ff7eb14","4dcb72a53b64d11c8edaf7e164916a5e5e771eb68a8d984382950e4d64e22d2d","ac3e1e785db4b42dafc56def83c3a5b50e2c6ca0129dd7107fcc6afd2e2108a1","0.3.0","isolated_release_library/fastphylosig","d951ecee19c06f3a144ad76c5039302078747585bb3bf829e6f12db15f54775d","isolated_release_library/fastphylosig/libs/<platform>/fastphylosig","c46a5834babd455b546bc65c6549c42ba51e6b47f3c9f222919b7118a5af3280","1bd40080f1ea537b3c73c838dc98ff84940f1064f4e1c4dbfb2dd5063d999bdb","benchmarks/stage5/documentation_fix_release_20261001/fastphylosig_0.3.0.tar.gz","909b7ad27485dcc2d96a7bb1fc70b65b54e93245d75761aca406b9c52f06cbff","Borges2019-source-sha256:0dc1e987c13f0e972b0e7c3b4829b4d0fdc41ff0de3856bae4803f9ce0115175",0.0281782150268555,4.97011639416362,"Sys.time",1,TRUE,"ok","fast_result",TRUE,,"trait;Delta_fast;alpha_mean;beta_mean;n_saved;n_saved_requested;n_saved_successful;alpha_sd;beta_sd;ESS_alpha;ESS_beta;split_Rhat_alpha;split_Rhat_beta;Rhat_alpha;Rhat_beta;alpha_beta_cov;MCSE_Delta;diagnostics_available;diagnostics_note;requested_simulations;successful_simulations;requested_iterations;successful_iterations;requested_permutations;successful_permutations;n_states;n_species;n_removed_na;matched_species;removed_tree_tips;removed_data_rows;status;note;message;estimate;p_value;p_mcse;estimate_mcse;ess_alpha;ess_beta;rhat_alpha;rhat_beta;ESS;ess;Rhat;rhat;n_sim_requested;n_sim_successful;n_iter_requested;n_iter_successful;method","",,3,,,,20000,20000,"TRUE","Diagnostics computed from saved alpha/beta MCMC traces.",1583.55608831179,1499.88973353374,0.999164257741839,1.00037624148701,0.0263689684935515
"20261002T011636Z","full","Delta_strong_n0050_r01","reference","Delta","Borges2019 delta() [pinned source]","strong",0.95,50,1,50,50,0,50,50,,50,20310911,25261901,25261902,25261903,20341203,"fastphylosig",2,FALSE,,10000,10,100,0.1,0.5,2,"LSE","ARD",,,,,,,,,,,,,,,"567cd8b11971df2ed369fd407b1586f95a25248c6d740cd457462ea8cf11579d","0f4c647e886c71b56716042b4bf781dc59a15fef7a92d5221ca475f4062d6685","eb088bc809e9c1cd16121b831b6ecfa7c24a5966eeea2f077e1eb8877ff7eb14","4dcb72a53b64d11c8edaf7e164916a5e5e771eb68a8d984382950e4d64e22d2d","ac3e1e785db4b42dafc56def83c3a5b50e2c6ca0129dd7107fcc6afd2e2108a1","0.3.0","isolated_release_library/fastphylosig","d951ecee19c06f3a144ad76c5039302078747585bb3bf829e6f12db15f54775d","isolated_release_library/fastphylosig/libs/<platform>/fastphylosig","c46a5834babd455b546bc65c6549c42ba51e6b47f3c9f222919b7118a5af3280","1bd40080f1ea537b3c73c838dc98ff84940f1064f4e1c4dbfb2dd5063d999bdb","benchmarks/stage5/documentation_fix_release_20261001/fastphylosig_0.3.0.tar.gz","909b7ad27485dcc2d96a7bb1fc70b65b54e93245d75761aca406b9c52f06cbff","Borges2019-source-sha256:0dc1e987c13f0e972b0e7c3b4829b4d0fdc41ff0de3856bae4803f9ce0115175",0.880908966064453,4.96582058099018,"Sys.time",1,TRUE,"not_reported_by_reference","finite_reference_estimate_and_input_audit",TRUE,,"<numeric>","NaNs produced || Inf replaced by maximum positive value",,3,,,,,,,,,,,,
"20261002T011636Z","full","D_none_n0050_r02","fastphylosig","D","caper::phylo.d","none",0,50,2,50,50,0,,,,,20310921,25262901,25262902,25262903,20321202,"fastphylosig",1,TRUE,199,,,,,,,,,,,,,,,,,,,,,,,"4884375ed3b7f004fab761e99e5ca1de54d953fbd4977a27e896c43bdf469d9a","dc2537bfdf99d2861d6807cb6b59b04c1659f8b6ab32768028561d7987a8b4f6","bd89ec38d1e639dfe23eb20516750e989b651e24b1014d8ababf6a15d6b0133d","2a5bbcafdaa5c46c07e0fd63a2232c6c6d33e2252bf675ef521c85a0371a6592","36d4a15f74c5e563a96fd569041232243ecd561300b0942ab0b1229c336c431b","0.3.0","isolated_release_library/fastphylosig","d951ecee19c06f3a144ad76c5039302078747585bb3bf829e6f12db15f54775d","isolated_release_library/fastphylosig/libs/<platform>/fastphylosig","c46a5834babd455b546bc65c6549c42ba51e6b47f3c9f222919b7118a5af3280","1bd40080f1ea537b3c73c838dc98ff84940f1064f4e1c4dbfb2dd5063d999bdb","benchmarks/stage5/documentation_fix_release_20261001/fastphylosig_0.3.0.tar.gz","909b7ad27485dcc2d96a7bb1fc70b65b54e93245d75761aca406b9c52f06cbff","1.0.4",0.00775814056396484,1.3454380737306,"Sys.time",1,TRUE,"ok","fast_result",TRUE,,"trait;D_fast;Pval1_fast;Pval0_fast;P_random;P_Brownian;MCSE_P_random;MCSE_P_Brownian;nsim_requested;nsim_successful_random;nsim_successful_brownian;nsim_failed_random;nsim_failed_brownian;observed;mean_random;mean_brownian;n_species;n_removed_na;matched_species;removed_tree_tips;removed_data_rows;status;note;message;estimate;p_random;p_brownian;p_mcse_random;p_mcse_brownian;MCSE_random;MCSE_Brownian;mcse_random;mcse_brownian;n_sim_requested;n_sim_successful_random;n_sim_successful_brownian;method","",,,199,199,199,,,,,,,,,
"20261002T011636Z","full","D_none_n0050_r02","reference","D","caper::phylo.d","none",0,50,2,50,50,0,50,50,50,50,20310921,25262901,25262902,25262903,20321203,"fastphylosig",2,TRUE,199,,,,,,,,,,,,,,,,,,,,,,,"4884375ed3b7f004fab761e99e5ca1de54d953fbd4977a27e896c43bdf469d9a","dc2537bfdf99d2861d6807cb6b59b04c1659f8b6ab32768028561d7987a8b4f6","bd89ec38d1e639dfe23eb20516750e989b651e24b1014d8ababf6a15d6b0133d","2a5bbcafdaa5c46c07e0fd63a2232c6c6d33e2252bf675ef521c85a0371a6592","36d4a15f74c5e563a96fd569041232243ecd561300b0942ab0b1229c336c431b","0.3.0","isolated_release_library/fastphylosig","d951ecee19c06f3a144ad76c5039302078747585bb3bf829e6f12db15f54775d","isolated_release_library/fastphylosig/libs/<platform>/fastphylosig","c46a5834babd455b546bc65c6549c42ba51e6b47f3c9f222919b7118a5af3280","1bd40080f1ea537b3c73c838dc98ff84940f1064f4e1c4dbfb2dd5063d999bdb","benchmarks/stage5/documentation_fix_release_20261001/fastphylosig_0.3.0.tar.gz","909b7ad27485dcc2d96a7bb1fc70b65b54e93245d75761aca406b9c52f06cbff","1.0.4",0.0419130325317383,1.37918404256736,"Sys.time",1,TRUE,"not_reported_by_reference","finite_reference_estimate_and_input_audit",TRUE,,"DEstimate;Pval1;Pval0;Parameters;StatesTable;Permutations;NodalVals;binvar;data;nPermut;rnd.bias","",,2,,,,,,,,,,,,
"20261002T011636Z","full","Delta_none_n0050_r02","reference","Delta","Borges2019 delta() [pinned source]","none",0,50,2,50,50,0,50,50,,50,20310921,25262901,25262902,25262903,20321303,"reference",1,FALSE,,10000,10,100,0.1,0.5,2,"LSE","ARD",,,,,,,,,,,,,,,"4884375ed3b7f004fab761e99e5ca1de54d953fbd4977a27e896c43bdf469d9a","dc2537bfdf99d2861d6807cb6b59b04c1659f8b6ab32768028561d7987a8b4f6","bd89ec38d1e639dfe23eb20516750e989b651e24b1014d8ababf6a15d6b0133d","4df506beb69adf350ad814c81cb06255a97ea8353574e37c3034537356752566","1663fff055d52afbf4a0aad9f6a1b3b5430d3d289b673f1f89ec5657b41f8b18","0.3.0","isolated_release_library/fastphylosig","d951ecee19c06f3a144ad76c5039302078747585bb3bf829e6f12db15f54775d","isolated_release_library/fastphylosig/libs/<platform>/fastphylosig","c46a5834babd455b546bc65c6549c42ba51e6b47f3c9f222919b7118a5af3280","1bd40080f1ea537b3c73c838dc98ff84940f1064f4e1c4dbfb2dd5063d999bdb","benchmarks/stage5/documentation_fix_release_20261001/fastphylosig_0.3.0.tar.gz","909b7ad27485dcc2d96a7bb1fc70b65b54e93245d75761aca406b9c52f06cbff","Borges2019-source-sha256:0dc1e987c13f0e972b0e7c3b4829b4d0fdc41ff0de3856bae4803f9ce0115175",0.97478199005127,0.225506301568115,"Sys.time",1,TRUE,"not_reported_by_reference","finite_reference_estimate_and_input_audit",TRUE,,"<numeric>","imaginary parts discarded in coercion || NaNs produced",,3,,,,,,,,,,,,
"20261002T011636Z","full","Delta_none_n0050_r02","fastphylosig","Delta","Borges2019 delta() [pinned source]","none",0,50,2,50,50,0,,,,,20310921,25262901,25262902,25262903,20321302,"reference",2,FALSE,,10000,10,100,0.1,0.5,2,"LSE","ARD","0.1","0.5","10000","10","100","LSE","ARD","fast","1",20000,20000,20000,TRUE,TRUE,"4884375ed3b7f004fab761e99e5ca1de54d953fbd4977a27e896c43bdf469d9a","dc2537bfdf99d2861d6807cb6b59b04c1659f8b6ab32768028561d7987a8b4f6","bd89ec38d1e639dfe23eb20516750e989b651e24b1014d8ababf6a15d6b0133d","4df506beb69adf350ad814c81cb06255a97ea8353574e37c3034537356752566","1663fff055d52afbf4a0aad9f6a1b3b5430d3d289b673f1f89ec5657b41f8b18","0.3.0","isolated_release_library/fastphylosig","d951ecee19c06f3a144ad76c5039302078747585bb3bf829e6f12db15f54775d","isolated_release_library/fastphylosig/libs/<platform>/fastphylosig","c46a5834babd455b546bc65c6549c42ba51e6b47f3c9f222919b7118a5af3280","1bd40080f1ea537b3c73c838dc98ff84940f1064f4e1c4dbfb2dd5063d999bdb","benchmarks/stage5/documentation_fix_release_20261001/fastphylosig_0.3.0.tar.gz","909b7ad27485dcc2d96a7bb1fc70b65b54e93245d75761aca406b9c52f06cbff","Borges2019-source-sha256:0dc1e987c13f0e972b0e7c3b4829b4d0fdc41ff0de3856bae4803f9ce0115175",0.0317080020904541,0.219330858343264,"Sys.time",1,TRUE,"ok","fast_result",TRUE,,"trait;Delta_fast;alpha_mean;beta_mean;n_saved;n_saved_requested;n_saved_successful;alpha_sd;beta_sd;ESS_alpha;ESS_beta;split_Rhat_alpha;split_Rhat_beta;Rhat_alpha;Rhat_beta;alpha_beta_cov;MCSE_Delta;diagnostics_available;diagnostics_note;requested_simulations;successful_simulations;requested_iterations;successful_iterations;requested_permutations;successful_permutations;n_states;n_species;n_removed_na;matched_species;removed_tree_tips;removed_data_rows;status;note;message;estimate;p_value;p_mcse;estimate_mcse;ess_alpha;ess_beta;rhat_alpha;rhat_beta;ESS;ess;Rhat;rhat;n_sim_requested;n_sim_successful;n_iter_requested;n_iter_successful;method","",,3,,,,20000,20000,"TRUE","Diagnostics computed from saved alpha/beta MCMC traces.",1332.49730868063,1287.27370622449,1.0007030688826,0.999220065896524,0.000909969560747014
"20261002T011636Z","full","D_moderate_n0050_r02","reference","D","caper::phylo.d","moderate",0.5,50,2,50,50,0,50,50,50,50,20310921,25262901,25262902,25262903,20331203,"reference",1,TRUE,199,,,,,,,,,,,,,,,,,,,,,,,"4884375ed3b7f004fab761e99e5ca1de54d953fbd4977a27e896c43bdf469d9a","dc2537bfdf99d2861d6807cb6b59b04c1659f8b6ab32768028561d7987a8b4f6","bd89ec38d1e639dfe23eb20516750e989b651e24b1014d8ababf6a15d6b0133d","0db57be712d5c227d7ae083f17508ec830f3780f39b3d6bd77ee936c2d1a7bb1","09c36f0059f084650a8b0bc24dc077526afb1bc4124154932f429cf5f190f072","0.3.0","isolated_release_library/fastphylosig","d951ecee19c06f3a144ad76c5039302078747585bb3bf829e6f12db15f54775d","isolated_release_library/fastphylosig/libs/<platform>/fastphylosig","c46a5834babd455b546bc65c6549c42ba51e6b47f3c9f222919b7118a5af3280","1bd40080f1ea537b3c73c838dc98ff84940f1064f4e1c4dbfb2dd5063d999bdb","benchmarks/stage5/documentation_fix_release_20261001/fastphylosig_0.3.0.tar.gz","909b7ad27485dcc2d96a7bb1fc70b65b54e93245d75761aca406b9c52f06cbff","1.0.4",0.0409960746765137,0.648292035235934,"Sys.time",1,TRUE,"not_reported_by_reference","finite_reference_estimate_and_input_audit",TRUE,,"DEstimate;Pval1;Pval0;Parameters;StatesTable;Permutations;NodalVals;binvar;data;nPermut;rnd.bias","",,2,,,,,,,,,,,,
"20261002T011636Z","full","D_moderate_n0050_r02","fastphylosig","D","caper::phylo.d","moderate",0.5,50,2,50,50,0,,,,,20310921,25262901,25262902,25262903,20331202,"reference",2,TRUE,199,,,,,,,,,,,,,,,,,,,,,,,"4884375ed3b7f004fab761e99e5ca1de54d953fbd4977a27e896c43bdf469d9a","dc2537bfdf99d2861d6807cb6b59b04c1659f8b6ab32768028561d7987a8b4f6","bd89ec38d1e639dfe23eb20516750e989b651e24b1014d8ababf6a15d6b0133d","0db57be712d5c227d7ae083f17508ec830f3780f39b3d6bd77ee936c2d1a7bb1","09c36f0059f084650a8b0bc24dc077526afb1bc4124154932f429cf5f190f072","0.3.0","isolated_release_library/fastphylosig","d951ecee19c06f3a144ad76c5039302078747585bb3bf829e6f12db15f54775d","isolated_release_library/fastphylosig/libs/<platform>/fastphylosig","c46a5834babd455b546bc65c6549c42ba51e6b47f3c9f222919b7118a5af3280","1bd40080f1ea537b3c73c838dc98ff84940f1064f4e1c4dbfb2dd5063d999bdb","benchmarks/stage5/documentation_fix_release_20261001/fastphylosig_0.3.0.tar.gz","909b7ad27485dcc2d96a7bb1fc70b65b54e93245d75761aca406b9c52f06cbff","1.0.4",0.00757312774658203,0.631780615938245,"Sys.time",1,TRUE,"ok","fast_result",TRUE,,"trait;D_fast;Pval1_fast;Pval0_fast;P_random;P_Brownian;MCSE_P_random;MCSE_P_Brownian;nsim_requested;nsim_successful_random;nsim_successful_brownian;nsim_failed_random;nsim_failed_brownian;observed;mean_random;mean_brownian;n_species;n_removed_na;matched_species;removed_tree_tips;removed_data_rows;status;note;message;estimate;p_random;p_brownian;p_mcse_random;p_mcse_brownian;MCSE_random;MCSE_Brownian;mcse_random;mcse_brownian;n_sim_requested;n_sim_successful_random;n_sim_successful_brownian;method","",,,199,199,199,,,,,,,,,
"20261002T011636Z","full","Delta_moderate_n0050_r02","fastphylosig","Delta","Borges2019 delta() [pinned source]","moderate",0.5,50,2,50,50,0,,,,,20310921,25262901,25262902,25262903,20331302,"fastphylosig",1,FALSE,,10000,10,100,0.1,0.5,2,"LSE","ARD","0.1","0.5","10000","10","100","LSE","ARD","fast","1",20000,20000,20000,TRUE,TRUE,"4884375ed3b7f004fab761e99e5ca1de54d953fbd4977a27e896c43bdf469d9a","dc2537bfdf99d2861d6807cb6b59b04c1659f8b6ab32768028561d7987a8b4f6","bd89ec38d1e639dfe23eb20516750e989b651e24b1014d8ababf6a15d6b0133d","4c24a2831a913baef9b6b5c4b31f0ffb321a7367f9d5e520d24872a9669cf274","c1340fd5372bbf1e022350f6a585fc8740d3df52f4dda241ef26066c36951831","0.3.0","isolated_release_library/fastphylosig","d951ecee19c06f3a144ad76c5039302078747585bb3bf829e6f12db15f54775d","isolated_release_library/fastphylosig/libs/<platform>/fastphylosig","c46a5834babd455b546bc65c6549c42ba51e6b47f3c9f222919b7118a5af3280","1bd40080f1ea537b3c73c838dc98ff84940f1064f4e1c4dbfb2dd5063d999bdb","benchmarks/stage5/documentation_fix_release_20261001/fastphylosig_0.3.0.tar.gz","909b7ad27485dcc2d96a7bb1fc70b65b54e93245d75761aca406b9c52f06cbff","Borges2019-source-sha256:0dc1e987c13f0e972b0e7c3b4829b4d0fdc41ff0de3856bae4803f9ce0115175",0.0282289981842041,0.895359746035403,"Sys.time",1,TRUE,"ok","fast_result",TRUE,,"trait;Delta_fast;alpha_mean;beta_mean;n_saved;n_saved_requested;n_saved_successful;alpha_sd;beta_sd;ESS_alpha;ESS_beta;split_Rhat_alpha;split_Rhat_beta;Rhat_alpha;Rhat_beta;alpha_beta_cov;MCSE_Delta;diagnostics_available;diagnostics_note;requested_simulations;successful_simulations;requested_iterations;successful_iterations;requested_permutations;successful_permutations;n_states;n_species;n_removed_na;matched_species;removed_tree_tips;removed_data_rows;status;note;message;estimate;p_value;p_mcse;estimate_mcse;ess_alpha;ess_beta;rhat_alpha;rhat_beta;ESS;ess;Rhat;rhat;n_sim_requested;n_sim_successful;n_iter_requested;n_iter_successful;method","",,3,,,,20000,20000,"TRUE","Diagnostics computed from saved alpha/beta MCMC traces.",1187.08865368398,1231.70485153672,1.00108710324132,1.00159868589021,0.0031679084556281
"20261002T011636Z","full","Delta_moderate_n0050_r02","reference","Delta","Borges2019 delta() [pinned source]","moderate",0.5,50,2,50,50,0,50,50,,50,20310921,25262901,25262902,25262903,20331303,"fastphylosig",2,FALSE,,10000,10,100,0.1,0.5,2,"LSE","ARD",,,,,,,,,,,,,,,"4884375ed3b7f004fab761e99e5ca1de54d953fbd4977a27e896c43bdf469d9a","dc2537bfdf99d2861d6807cb6b59b04c1659f8b6ab32768028561d7987a8b4f6","bd89ec38d1e639dfe23eb20516750e989b651e24b1014d8ababf6a15d6b0133d","4c24a2831a913baef9b6b5c4b31f0ffb321a7367f9d5e520d24872a9669cf274","c1340fd5372bbf1e022350f6a585fc8740d3df52f4dda241ef26066c36951831","0.3.0","isolated_release_library/fastphylosig","d951ecee19c06f3a144ad76c5039302078747585bb3bf829e6f12db15f54775d","isolated_release_library/fastphylosig/libs/<platform>/fastphylosig","c46a5834babd455b546bc65c6549c42ba51e6b47f3c9f222919b7118a5af3280","1bd40080f1ea537b3c73c838dc98ff84940f1064f4e1c4dbfb2dd5063d999bdb","benchmarks/stage5/documentation_fix_release_20261001/fastphylosig_0.3.0.tar.gz","909b7ad27485dcc2d96a7bb1fc70b65b54e93245d75761aca406b9c52f06cbff","Borges2019-source-sha256:0dc1e987c13f0e972b0e7c3b4829b4d0fdc41ff0de3856bae4803f9ce0115175",0.866392135620117,0.905731090851615,"Sys.time",1,TRUE,"not_reported_by_reference","finite_reference_estimate_and_input_audit",TRUE,,"<numeric>","NaNs produced || Inf replaced by maximum positive value",,3,,,,,,,,,,,,
"20261002T011636Z","full","D_strong_n0050_r02","fastphylosig","D","caper::phylo.d","strong",0.95,50,2,50,50,0,,,,,20310921,25262901,25262902,25262903,20341202,"fastphylosig",1,TRUE,199,,,,,,,,,,,,,,,,,,,,,,,"4884375ed3b7f004fab761e99e5ca1de54d953fbd4977a27e896c43bdf469d9a","dc2537bfdf99d2861d6807cb6b59b04c1659f8b6ab32768028561d7987a8b4f6","bd89ec38d1e639dfe23eb20516750e989b651e24b1014d8ababf6a15d6b0133d","e7afa17fc981201355001486e0cee56f92449d961b09d02aaa3c7019839d35d0","e3fd163a77087b0067319731df66c42cb4623127f30cf8fc53ce21cf2fb86a33","0.3.0","isolated_release_library/fastphylosig","d951ecee19c06f3a144ad76c5039302078747585bb3bf829e6f12db15f54775d","isolated_release_library/fastphylosig/libs/<platform>/fastphylosig","c46a5834babd455b546bc65c6549c42ba51e6b47f3c9f222919b7118a5af3280","1bd40080f1ea537b3c73c838dc98ff84940f1064f4e1c4dbfb2dd5063d999bdb","benchmarks/stage5/documentation_fix_release_20261001/fastphylosig_0.3.0.tar.gz","909b7ad27485dcc2d96a7bb1fc70b65b54e93245d75761aca406b9c52f06cbff","1.0.4",0.00795507431030273,0.120125257292448,"Sys.time",1,TRUE,"ok","fast_result",TRUE,,"trait;D_fast;Pval1_fast;Pval0_fast;P_random;P_Brownian;MCSE_P_random;MCSE_P_Brownian;nsim_requested;nsim_successful_random;nsim_successful_brownian;nsim_failed_random;nsim_failed_brownian;observed;mean_random;mean_brownian;n_species;n_removed_na;matched_species;removed_tree_tips;removed_data_rows;status;note;message;estimate;p_random;p_brownian;p_mcse_random;p_mcse_brownian;MCSE_random;MCSE_Brownian;mcse_random;mcse_brownian;n_sim_requested;n_sim_successful_random;n_sim_successful_brownian;method","",,,199,199,199,,,,,,,,,
"20261002T011636Z","full","D_strong_n0050_r02","reference","D","caper::phylo.d","strong",0.95,50,2,50,50,0,50,50,50,50,20310921,25262901,25262902,25262903,20341203,"fastphylosig",2,TRUE,199,,,,,,,,,,,,,,,,,,,,,,,"4884375ed3b7f004fab761e99e5ca1de54d953fbd4977a27e896c43bdf469d9a","dc2537bfdf99d2861d6807cb6b59b04c1659f8b6ab32768028561d7987a8b4f6","bd89ec38d1e639dfe23eb20516750e989b651e24b1014d8ababf6a15d6b0133d","e7afa17fc981201355001486e0cee56f92449d961b09d02aaa3c7019839d35d0","e3fd163a77087b0067319731df66c42cb4623127f30cf8fc53ce21cf2fb86a33","0.3.0","isolated_release_library/fastphylosig","d951ecee19c06f3a144ad76c5039302078747585bb3bf829e6f12db15f54775d","isolated_release_library/fastphylosig/libs/<platform>/fastphylosig","c46a5834babd455b546bc65c6549c42ba51e6b47f3c9f222919b7118a5af3280","1bd40080f1ea537b3c73c838dc98ff84940f1064f4e1c4dbfb2dd5063d999bdb","benchmarks/stage5/documentation_fix_release_20261001/fastphylosig_0.3.0.tar.gz","909b7ad27485dcc2d96a7bb1fc70b65b54e93245d75761aca406b9c52f06cbff","1.0.4",0.0410668849945068,0.165274285133901,"Sys.time",1,TRUE,"not_reported_by_reference","finite_reference_estimate_and_input_audit",TRUE,,"DEstimate;Pval1;Pval0;Parameters;StatesTable;Permutations;NodalVals;binvar;data;nPermut;rnd.bias","",,2,,,,,,,,,,,,
"20261002T011636Z","full","Delta_strong_n0050_r02","reference","Delta","Borges2019 delta() [pinned source]","strong",0.95,50,2,50,50,0,50,50,,50,20310921,25262901,25262902,25262903,20341303,"reference",1,FALSE,,10000,10,100,0.1,0.5,2,"LSE","ARD",,,,,,,,,,,,,,,"4884375ed3b7f004fab761e99e5ca1de54d953fbd4977a27e896c43bdf469d9a","dc2537bfdf99d2861d6807cb6b59b04c1659f8b6ab32768028561d7987a8b4f6","bd89ec38d1e639dfe23eb20516750e989b651e24b1014d8ababf6a15d6b0133d","6fd6da26420ee4dc9291244bac4a3de0f2bac0a284b968149ee61214c06166c9","68a672ec3bce8568cce23bebc473c80ec3d487b9eb646ab55c7f90813b0c9e76","0.3.0","isolated_release_library/fastphylosig","d951ecee19c06f3a144ad76c5039302078747585bb3bf829e6f12db15f54775d","isolated_release_library/fastphylosig/libs/<platform>/fastphylosig","c46a5834babd455b546bc65c6549c42ba51e6b47f3c9f222919b7118a5af3280","1bd40080f1ea537b3c73c838dc98ff84940f1064f4e1c4dbfb2dd5063d999bdb","benchmarks/stage5/documentation_fix_release_20261001/fastphylosig_0.3.0.tar.gz","909b7ad27485dcc2d96a7bb1fc70b65b54e93245d75761aca406b9c52f06cbff","Borges2019-source-sha256:0dc1e987c13f0e972b0e7c3b4829b4d0fdc41ff0de3856bae4803f9ce0115175",0.980364084243774,1.66143764668856,"Sys.time",1,TRUE,"not_reported_by_reference","finite_reference_estimate_and_input_audit",TRUE,,"<numeric>","NaNs produced || Inf replaced by maximum positive value",,3,,,,,,,,,,,,
"20261002T011636Z","full","Delta_strong_n0050_r02","fastphylosig","Delta","Borges2019 delta() [pinned source]","strong",0.95,50,2,50,50,0,,,,,20310921,25262901,25262902,25262903,20341302,"reference",2,FALSE,,10000,10,100,0.1,0.5,2,"LSE","ARD","0.1","0.5","10000","10","100","LSE","ARD","fast","1",20000,20000,20000,TRUE,TRUE,"4884375ed3b7f004fab761e99e5ca1de54d953fbd4977a27e896c43bdf469d9a","dc2537bfdf99d2861d6807cb6b59b04c1659f8b6ab32768028561d7987a8b4f6","bd89ec38d1e639dfe23eb20516750e989b651e24b1014d8ababf6a15d6b0133d","6fd6da26420ee4dc9291244bac4a3de0f2bac0a284b968149ee61214c06166c9","68a672ec3bce8568cce23bebc473c80ec3d487b9eb646ab55c7f90813b0c9e76","0.3.0","isolated_release_library/fastphylosig","d951ecee19c06f3a144ad76c5039302078747585bb3bf829e6f12db15f54775d","isolated_release_library/fastphylosig/libs/<platform>/fastphylosig","c46a5834babd455b546bc65c6549c42ba51e6b47f3c9f222919b7118a5af3280","1bd40080f1ea537b3c73c838dc98ff84940f1064f4e1c4dbfb2dd5063d999bdb","benchmarks/stage5/documentation_fix_release_20261001/fastphylosig_0.3.0.tar.gz","909b7ad27485dcc2d96a7bb1fc70b65b54e93245d75761aca406b9c52f06cbff","Borges2019-source-sha256:0dc1e987c13f0e972b0e7c3b4829b4d0fdc41ff0de3856bae4803f9ce0115175",0.0338921546936035,1.6393646452301,"Sys.time",1,TRUE,"ok","fast_result",TRUE,,"trait;Delta_fast;alpha_mean;beta_mean;n_saved;n_saved_requested;n_saved_successful;alpha_sd;beta_sd;ESS_alpha;ESS_beta;split_Rhat_alpha;split_Rhat_beta;Rhat_alpha;Rhat_beta;alpha_beta_cov;MCSE_Delta;diagnostics_available;diagnostics_note;requested_simulations;successful_simulations;requested_iterations;successful_iterations;requested_permutations;successful_permutations;n_states;n_species;n_removed_na;matched_species;removed_tree_tips;removed_data_rows;status;note;message;estimate;p_value;p_mcse;estimate_mcse;ess_alpha;ess_beta;rhat_alpha;rhat_beta;ESS;ess;Rhat;rhat;n_sim_requested;n_sim_successful;n_iter_requested;n_iter_successful;method","",,3,,,,20000,20000,"TRUE","Diagnostics computed from saved alpha/beta MCMC traces.",853.80104936593,880.443250947115,1.00004515686284,1.00058562219207,0.00442281163094706
"20261002T011636Z","full","D_none_n0050_r03","reference","D","caper::phylo.d","none",0,50,3,50,50,0,50,50,50,50,20310931,25263901,25263902,25263903,20321303,"reference",1,TRUE,199,,,,,,,,,,,,,,,,,,,,,,,"ec0d91dbe590286f4070dae9766f5729d3ca6fcb6b80c3e162c7dd0cfaadd5a6","0a973e6fc3d3f340b2ee08e5b760ffe19741d9cc01ce55994436f69e17082cb1","02f9130f663d2e1cd119707358b35eedf73f2e5266f02a7d3fc2251534f2ec1c","91e302880ba27918a2abcfbb34111aeeb607327781ad666c4b6150a0e3d87f39","bd547368ace7edcbfde3d13d208020a942c862d94a0db13b840c9c6d8f59e59f","0.3.0","isolated_release_library/fastphylosig","d951ecee19c06f3a144ad76c5039302078747585bb3bf829e6f12db15f54775d","isolated_release_library/fastphylosig/libs/<platform>/fastphylosig","c46a5834babd455b546bc65c6549c42ba51e6b47f3c9f222919b7118a5af3280","1bd40080f1ea537b3c73c838dc98ff84940f1064f4e1c4dbfb2dd5063d999bdb","benchmarks/stage5/documentation_fix_release_20261001/fastphylosig_0.3.0.tar.gz","909b7ad27485dcc2d96a7bb1fc70b65b54e93245d75761aca406b9c52f06cbff","1.0.4",0.043781042098999,1.15544868456111,"Sys.time",1,TRUE,"not_reported_by_reference","finite_reference_estimate_and_input_audit",TRUE,,"DEstimate;Pval1;Pval0;Parameters;StatesTable;Permutations;NodalVals;binvar;data;nPermut;rnd.bias","",,2,,,,,,,,,,,,
"20261002T011636Z","full","D_none_n0050_r03","fastphylosig","D","caper::phylo.d","none",0,50,3,50,50,0,,,,,20310931,25263901,25263902,25263903,20321302,"reference",2,TRUE,199,,,,,,,,,,,,,,,,,,,,,,,"ec0d91dbe590286f4070dae9766f5729d3ca6fcb6b80c3e162c7dd0cfaadd5a6","0a973e6fc3d3f340b2ee08e5b760ffe19741d9cc01ce55994436f69e17082cb1","02f9130f663d2e1cd119707358b35eedf73f2e5266f02a7d3fc2251534f2ec1c","91e302880ba27918a2abcfbb34111aeeb607327781ad666c4b6150a0e3d87f39","bd547368ace7edcbfde3d13d208020a942c862d94a0db13b840c9c6d8f59e59f","0.3.0","isolated_release_library/fastphylosig","d951ecee19c06f3a144ad76c5039302078747585bb3bf829e6f12db15f54775d","isolated_release_library/fastphylosig/libs/<platform>/fastphylosig","c46a5834babd455b546bc65c6549c42ba51e6b47f3c9f222919b7118a5af3280","1bd40080f1ea537b3c73c838dc98ff84940f1064f4e1c4dbfb2dd5063d999bdb","benchmarks/stage5/documentation_fix_release_20261001/fastphylosig_0.3.0.tar.gz","909b7ad27485dcc2d96a7bb1fc70b65b54e93245d75761aca406b9c52f06cbff","1.0.4",0.00832915306091309,1.10513871413717,"Sys.time",1,TRUE,"ok","fast_result",TRUE,,"trait;D_fast;Pval1_fast;Pval0_fast;P_random;P_Brownian;MCSE_P_random;MCSE_P_Brownian;nsim_requested;nsim_successful_random;nsim_successful_brownian;nsim_failed_random;nsim_failed_brownian;observed;mean_random;mean_brownian;n_species;n_removed_na;matched_species;removed_tree_tips;removed_data_rows;status;note;message;estimate;p_random;p_brownian;p_mcse_random;p_mcse_brownian;MCSE_random;MCSE_Brownian;mcse_random;mcse_brownian;n_sim_requested;n_sim_successful_random;n_sim_successful_brownian;method","",,,199,199,199,,,,,,,,,
"20261002T011636Z","full","Delta_none_n0050_r03","fastphylosig","Delta","Borges2019 delta() [pinned source]","none",0,50,3,50,50,0,,,,,20310931,25263901,25263902,25263903,20321402,"fastphylosig",1,FALSE,,10000,10,100,0.1,0.5,2,"LSE","ARD","0.1","0.5","10000","10","100","LSE","ARD","fast","1",20000,20000,20000,TRUE,TRUE,"ec0d91dbe590286f4070dae9766f5729d3ca6fcb6b80c3e162c7dd0cfaadd5a6","0a973e6fc3d3f340b2ee08e5b760ffe19741d9cc01ce55994436f69e17082cb1","02f9130f663d2e1cd119707358b35eedf73f2e5266f02a7d3fc2251534f2ec1c","65ae63e526dc2e82ed6752782f4108a02cbc4bad190c1f0815277abd7942cb31","2adfabfb783895c7937224c331432044f2b71500267d1a6f0b43dbb3f0fe385b","0.3.0","isolated_release_library/fastphylosig","d951ecee19c06f3a144ad76c5039302078747585bb3bf829e6f12db15f54775d","isolated_release_library/fastphylosig/libs/<platform>/fastphylosig","c46a5834babd455b546bc65c6549c42ba51e6b47f3c9f222919b7118a5af3280","1bd40080f1ea537b3c73c838dc98ff84940f1064f4e1c4dbfb2dd5063d999bdb","benchmarks/stage5/documentation_fix_release_20261001/fastphylosig_0.3.0.tar.gz","909b7ad27485dcc2d96a7bb1fc70b65b54e93245d75761aca406b9c52f06cbff","Borges2019-source-sha256:0dc1e987c13f0e972b0e7c3b4829b4d0fdc41ff0de3856bae4803f9ce0115175",0.0457711219787598,0.250672915352457,"Sys.time",1,TRUE,"ok","fast_result",TRUE,,"trait;Delta_fast;alpha_mean;beta_mean;n_saved;n_saved_requested;n_saved_successful;alpha_sd;beta_sd;ESS_alpha;ESS_beta;split_Rhat_alpha;split_Rhat_beta;Rhat_alpha;Rhat_beta;alpha_beta_cov;MCSE_Delta;diagnostics_available;diagnostics_note;requested_simulations;successful_simulations;requested_iterations;successful_iterations;requested_permutations;successful_permutations;n_states;n_species;n_removed_na;matched_species;removed_tree_tips;removed_data_rows;status;note;message;estimate;p_value;p_mcse;estimate_mcse;ess_alpha;ess_beta;rhat_alpha;rhat_beta;ESS;ess;Rhat;rhat;n_sim_requested;n_sim_successful;n_iter_requested;n_iter_successful;method","",,3,,,,20000,20000,"TRUE","Diagnostics computed from saved alpha/beta MCMC traces.",1402.58931388503,1372.74429357677,0.99950266283646,0.999137176201845,0.000933363620801382
"20261002T011636Z","full","Delta_none_n0050_r03","reference","Delta","Borges2019 delta() [pinned source]","none",0,50,3,50,50,0,50,50,,50,20310931,25263901,25263902,25263903,20321403,"fastphylosig",2,FALSE,,10000,10,100,0.1,0.5,2,"LSE","ARD",,,,,,,,,,,,,,,"ec0d91dbe590286f4070dae9766f5729d3ca6fcb6b80c3e162c7dd0cfaadd5a6","0a973e6fc3d3f340b2ee08e5b760ffe19741d9cc01ce55994436f69e17082cb1","02f9130f663d2e1cd119707358b35eedf73f2e5266f02a7d3fc2251534f2ec1c","65ae63e526dc2e82ed6752782f4108a02cbc4bad190c1f0815277abd7942cb31","2adfabfb783895c7937224c331432044f2b71500267d1a6f0b43dbb3f0fe385b","0.3.0","isolated_release_library/fastphylosig","d951ecee19c06f3a144ad76c5039302078747585bb3bf829e6f12db15f54775d","isolated_release_library/fastphylosig/libs/<platform>/fastphylosig","c46a5834babd455b546bc65c6549c42ba51e6b47f3c9f222919b7118a5af3280","1bd40080f1ea537b3c73c838dc98ff84940f1064f4e1c4dbfb2dd5063d999bdb","benchmarks/stage5/documentation_fix_release_20261001/fastphylosig_0.3.0.tar.gz","909b7ad27485dcc2d96a7bb1fc70b65b54e93245d75761aca406b9c52f06cbff","Borges2019-source-sha256:0dc1e987c13f0e972b0e7c3b4829b4d0fdc41ff0de3856bae4803f9ce0115175",1.19510102272034,0.257353324601688,"Sys.time",1,TRUE,"not_reported_by_reference","finite_reference_estimate_and_input_audit",TRUE,,"<numeric>","imaginary parts discarded in coercion || NaNs produced",,3,,,,,,,,,,,,
"20261002T011636Z","full","D_moderate_n0050_r03","fastphylosig","D","caper::phylo.d","moderate",0.5,50,3,50,50,0,,,,,20310931,25263901,25263902,25263903,20331302,"fastphylosig",1,TRUE,199,,,,,,,,,,,,,,,,,,,,,,,"ec0d91dbe590286f4070dae9766f5729d3ca6fcb6b80c3e162c7dd0cfaadd5a6","0a973e6fc3d3f340b2ee08e5b760ffe19741d9cc01ce55994436f69e17082cb1","02f9130f663d2e1cd119707358b35eedf73f2e5266f02a7d3fc2251534f2ec1c","f6573c5b44c0a1e17a04c4deeb7ff0437eca5165931f42c795f03bf77309de90","cbb7594495dde863c016a8ce7ae6b27aaae6be770710457c2904f2e154514227","0.3.0","isolated_release_library/fastphylosig","d951ecee19c06f3a144ad76c5039302078747585bb3bf829e6f12db15f54775d","isolated_release_library/fastphylosig/libs/<platform>/fastphylosig","c46a5834babd455b546bc65c6549c42ba51e6b47f3c9f222919b7118a5af3280","1bd40080f1ea537b3c73c838dc98ff84940f1064f4e1c4dbfb2dd5063d999bdb","benchmarks/stage5/documentation_fix_release_20261001/fastphylosig_0.3.0.tar.gz","909b7ad27485dcc2d96a7bb1fc70b65b54e93245d75761aca406b9c52f06cbff","1.0.4",0.00772905349731445,0.590686368088992,"Sys.time",1,TRUE,"ok","fast_result",TRUE,,"trait;D_fast;Pval1_fast;Pval0_fast;P_random;P_Brownian;MCSE_P_random;MCSE_P_Brownian;nsim_requested;nsim_successful_random;nsim_successful_brownian;nsim_failed_random;nsim_failed_brownian;observed;mean_random;mean_brownian;n_species;n_removed_na;matched_species;removed_tree_tips;removed_data_rows;status;note;message;estimate;p_random;p_brownian;p_mcse_random;p_mcse_brownian;MCSE_random;MCSE_Brownian;mcse_random;mcse_brownian;n_sim_requested;n_sim_successful_random;n_sim_successful_brownian;method","",,,199,199,199,,,,,,,,,
"20261002T011636Z","full","D_moderate_n0050_r03","reference","D","caper::phylo.d","moderate",0.5,50,3,50,50,0,50,50,50,50,20310931,25263901,25263902,25263903,20331303,"fastphylosig",2,TRUE,199,,,,,,,,,,,,,,,,,,,,,,,"ec0d91dbe590286f4070dae9766f5729d3ca6fcb6b80c3e162c7dd0cfaadd5a6","0a973e6fc3d3f340b2ee08e5b760ffe19741d9cc01ce55994436f69e17082cb1","02f9130f663d2e1cd119707358b35eedf73f2e5266f02a7d3fc2251534f2ec1c","f6573c5b44c0a1e17a04c4deeb7ff0437eca5165931f42c795f03bf77309de90","cbb7594495dde863c016a8ce7ae6b27aaae6be770710457c2904f2e154514227","0.3.0","isolated_release_library/fastphylosig","d951ecee19c06f3a144ad76c5039302078747585bb3bf829e6f12db15f54775d","isolated_release_library/fastphylosig/libs/<platform>/fastphylosig","c46a5834babd455b546bc65c6549c42ba51e6b47f3c9f222919b7118a5af3280","1bd40080f1ea537b3c73c838dc98ff84940f1064f4e1c4dbfb2dd5063d999bdb","benchmarks/stage5/documentation_fix_release_20261001/fastphylosig_0.3.0.tar.gz","909b7ad27485dcc2d96a7bb1fc70b65b54e93245d75761aca406b9c52f06cbff","1.0.4",0.0399940013885498,0.588453669410204,"Sys.time",1,TRUE,"not_reported_by_reference","finite_reference_estimate_and_input_audit",TRUE,,"DEstimate;Pval1;Pval0;Parameters;StatesTable;Permutations;NodalVals;binvar;data;nPermut;rnd.bias","",,2,,,,,,,,,,,,
"20261002T011636Z","full","Delta_moderate_n0050_r03","reference","Delta","Borges2019 delta() [pinned source]","moderate",0.5,50,3,50,50,0,50,50,,50,20310931,25263901,25263902,25263903,20331403,"reference",1,FALSE,,10000,10,100,0.1,0.5,2,"LSE","ARD",,,,,,,,,,,,,,,"ec0d91dbe590286f4070dae9766f5729d3ca6fcb6b80c3e162c7dd0cfaadd5a6","0a973e6fc3d3f340b2ee08e5b760ffe19741d9cc01ce55994436f69e17082cb1","02f9130f663d2e1cd119707358b35eedf73f2e5266f02a7d3fc2251534f2ec1c","a081f669a6ee388882d6af439f0717822e102091218580bc0f7818735f7cedb0","07efaf1a671974b28e29dce909638575904693b6be461a64ae6c1615d50283f9","0.3.0","isolated_release_library/fastphylosig","d951ecee19c06f3a144ad76c5039302078747585bb3bf829e6f12db15f54775d","isolated_release_library/fastphylosig/libs/<platform>/fastphylosig","c46a5834babd455b546bc65c6549c42ba51e6b47f3c9f222919b7118a5af3280","1bd40080f1ea537b3c73c838dc98ff84940f1064f4e1c4dbfb2dd5063d999bdb","benchmarks/stage5/documentation_fix_release_20261001/fastphylosig_0.3.0.tar.gz","909b7ad27485dcc2d96a7bb1fc70b65b54e93245d75761aca406b9c52f06cbff","Borges2019-source-sha256:0dc1e987c13f0e972b0e7c3b4829b4d0fdc41ff0de3856bae4803f9ce0115175",0.883689165115356,0.798669803618644,"Sys.time",1,TRUE,"not_reported_by_reference","finite_reference_estimate_and_input_audit",TRUE,,"<numeric>","NaNs produced || Inf replaced by maximum positive value",,3,,,,,,,,,,,,
"20261002T011636Z","full","Delta_moderate_n0050_r03","fastphylosig","Delta","Borges2019 delta() [pinned source]","moderate",0.5,50,3,50,50,0,,,,,20310931,25263901,25263902,25263903,20331402,"reference",2,FALSE,,10000,10,100,0.1,0.5,2,"LSE","ARD","0.1","0.5","10000","10","100","LSE","ARD","fast","1",20000,20000,20000,TRUE,TRUE,"ec0d91dbe590286f4070dae9766f5729d3ca6fcb6b80c3e162c7dd0cfaadd5a6","0a973e6fc3d3f340b2ee08e5b760ffe19741d9cc01ce55994436f69e17082cb1","02f9130f663d2e1cd119707358b35eedf73f2e5266f02a7d3fc2251534f2ec1c","a081f669a6ee388882d6af439f0717822e102091218580bc0f7818735f7cedb0","07efaf1a671974b28e29dce909638575904693b6be461a64ae6c1615d50283f9","0.3.0","isolated_release_library/fastphylosig","d951ecee19c06f3a144ad76c5039302078747585bb3bf829e6f12db15f54775d","isolated_release_library/fastphylosig/libs/<platform>/fastphylosig","c46a5834babd455b546bc65c6549c42ba51e6b47f3c9f222919b7118a5af3280","1bd40080f1ea537b3c73c838dc98ff84940f1064f4e1c4dbfb2dd5063d999bdb","benchmarks/stage5/documentation_fix_release_20261001/fastphylosig_0.3.0.tar.gz","909b7ad27485dcc2d96a7bb1fc70b65b54e93245d75761aca406b9c52f06cbff","Borges2019-source-sha256:0dc1e987c13f0e972b0e7c3b4829b4d0fdc41ff0de3856bae4803f9ce0115175",0.0293319225311279,0.783416328490866,"Sys.time",1,TRUE,"ok","fast_result",TRUE,,"trait;Delta_fast;alpha_mean;beta_mean;n_saved;n_saved_requested;n_saved_successful;alpha_sd;beta_sd;ESS_alpha;ESS_beta;split_Rhat_alpha;split_Rhat_beta;Rhat_alpha;Rhat_beta;alpha_beta_cov;MCSE_Delta;diagnostics_available;diagnostics_note;requested_simulations;successful_simulations;requested_iterations;successful_iterations;requested_permutations;successful_permutations;n_states;n_species;n_removed_na;matched_species;removed_tree_tips;removed_data_rows;status;note;message;estimate;p_value;p_mcse;estimate_mcse;ess_alpha;ess_beta;rhat_alpha;rhat_beta;ESS;ess;Rhat;rhat;n_sim_requested;n_sim_successful;n_iter_requested;n_iter_successful;method","",,3,,,,20000,20000,"TRUE","Diagnostics computed from saved alpha/beta MCMC traces.",1209.76569357881,1126.89563988222,1.00001002779987,1.00097541811962,0.00258793990695338
"20261002T011636Z","full","D_strong_n0050_r03","reference","D","caper::phylo.d","strong",0.95,50,3,50,50,0,50,50,50,50,20310931,25263901,25263902,25263903,20341303,"reference",1,TRUE,199,,,,,,,,,,,,,,,,,,,,,,,"ec0d91dbe590286f4070dae9766f5729d3ca6fcb6b80c3e162c7dd0cfaadd5a6","0a973e6fc3d3f340b2ee08e5b760ffe19741d9cc01ce55994436f69e17082cb1","02f9130f663d2e1cd119707358b35eedf73f2e5266f02a7d3fc2251534f2ec1c","b7100e7c6dc7280fbd1be3de6856183a63b21da87afd584b9d21af551ac733ea","81e68110b024481ad1d206ad1edfb454a1ae3ac20e66682a5eee844322df82f8","0.3.0","isolated_release_library/fastphylosig","d951ecee19c06f3a144ad76c5039302078747585bb3bf829e6f12db15f54775d","isolated_release_library/fastphylosig/libs/<platform>/fastphylosig","c46a5834babd455b546bc65c6549c42ba51e6b47f3c9f222919b7118a5af3280","1bd40080f1ea537b3c73c838dc98ff84940f1064f4e1c4dbfb2dd5063d999bdb","benchmarks/stage5/documentation_fix_release_20261001/fastphylosig_0.3.0.tar.gz","909b7ad27485dcc2d96a7bb1fc70b65b54e93245d75761aca406b9c52f06cbff","1.0.4",0.0414190292358398,0.513104361661152,"Sys.time",1,TRUE,"not_reported_by_reference","finite_reference_estimate_and_input_audit",TRUE,,"DEstimate;Pval1;Pval0;Parameters;StatesTable;Permutations;NodalVals;binvar;data;nPermut;rnd.bias","",,2,,,,,,,,,,,,
"20261002T011636Z","full","D_strong_n0050_r03","fastphylosig","D","caper::phylo.d","strong",0.95,50,3,50,50,0,,,,,20310931,25263901,25263902,25263903,20341302,"reference",2,TRUE,199,,,,,,,,,,,,,,,,,,,,,,,"ec0d91dbe590286f4070dae9766f5729d3ca6fcb6b80c3e162c7dd0cfaadd5a6","0a973e6fc3d3f340b2ee08e5b760ffe19741d9cc01ce55994436f69e17082cb1","02f9130f663d2e1cd119707358b35eedf73f2e5266f02a7d3fc2251534f2ec1c","b7100e7c6dc7280fbd1be3de6856183a63b21da87afd584b9d21af551ac733ea","81e68110b024481ad1d206ad1edfb454a1ae3ac20e66682a5eee844322df82f8","0.3.0","isolated_release_library/fastphylosig","d951ecee19c06f3a144ad76c5039302078747585bb3bf829e6f12db15f54775d","isolated_release_library/fastphylosig/libs/<platform>/fastphylosig","c46a5834babd455b546bc65c6549c42ba51e6b47f3c9f222919b7118a5af3280","1bd40080f1ea537b3c73c838dc98ff84940f1064f4e1c4dbfb2dd5063d999bdb","benchmarks/stage5/documentation_fix_release_20261001/fastphylosig_0.3.0.tar.gz","909b7ad27485dcc2d96a7bb1fc70b65b54e93245d75761aca406b9c52f06cbff","1.0.4",0.00787997245788574,0.47521037015816,"Sys.time",1,TRUE,"ok","fast_result",TRUE,,"trait;D_fast;Pval1_fast;Pval0_fast;P_random;P_Brownian;MCSE_P_random;MCSE_P_Brownian;nsim_requested;nsim_successful_random;nsim_successful_brownian;nsim_failed_random;nsim_failed_brownian;observed;mean_random;mean_brownian;n_species;n_removed_na;matched_species;removed_tree_tips;removed_data_rows;status;note;message;estimate;p_random;p_brownian;p_mcse_random;p_mcse_brownian;MCSE_random;MCSE_Brownian;mcse_random;mcse_brownian;n_sim_requested;n_sim_successful_random;n_sim_successful_brownian;method","",,,199,199,199,,,,,,,,,
"20261002T011636Z","full","Delta_strong_n0050_r03","fastphylosig","Delta","Borges2019 delta() [pinned source]","strong",0.95,50,3,50,50,0,,,,,20310931,25263901,25263902,25263903,20341402,"fastphylosig",1,FALSE,,10000,10,100,0.1,0.5,2,"LSE","ARD","0.1","0.5","10000","10","100","LSE","ARD","fast","1",20000,20000,20000,TRUE,TRUE,"ec0d91dbe590286f4070dae9766f5729d3ca6fcb6b80c3e162c7dd0cfaadd5a6","0a973e6fc3d3f340b2ee08e5b760ffe19741d9cc01ce55994436f69e17082cb1","02f9130f663d2e1cd119707358b35eedf73f2e5266f02a7d3fc2251534f2ec1c","73fe8525ab03fa77886eb8aeb8d4c87219e6bf6cbc8abf9645ba3500a7c90ec5","a8d09070306dfec4165633f154bcfdbe959e4f3c27ad9a2de3934fd0a2576e78","0.3.0","isolated_release_library/fastphylosig","d951ecee19c06f3a144ad76c5039302078747585bb3bf829e6f12db15f54775d","isolated_release_library/fastphylosig/libs/<platform>/fastphylosig","c46a5834babd455b546bc65c6549c42ba51e6b47f3c9f222919b7118a5af3280","1bd40080f1ea537b3c73c838dc98ff84940f1064f4e1c4dbfb2dd5063d999bdb","benchmarks/stage5/documentation_fix_release_20261001/fastphylosig_0.3.0.tar.gz","909b7ad27485dcc2d96a7bb1fc70b65b54e93245d75761aca406b9c52f06cbff","Borges2019-source-sha256:0dc1e987c13f0e972b0e7c3b4829b4d0fdc41ff0de3856bae4803f9ce0115175",0.0284609794616699,2.06751826879974,"Sys.time",1,TRUE,"ok","fast_result",TRUE,,"trait;Delta_fast;alpha_mean;beta_mean;n_saved;n_saved_requested;n_saved_successful;alpha_sd;beta_sd;ESS_alpha;ESS_beta;split_Rhat_alpha;split_Rhat_beta;Rhat_alpha;Rhat_beta;alpha_beta_cov;MCSE_Delta;diagnostics_available;diagnostics_note;requested_simulations;successful_simulations;requested_iterations;successful_iterations;requested_permutations;successful_permutations;n_states;n_species;n_removed_na;matched_species;removed_tree_tips;removed_data_rows;status;note;message;estimate;p_value;p_mcse;estimate_mcse;ess_alpha;ess_beta;rhat_alpha;rhat_beta;ESS;ess;Rhat;rhat;n_sim_requested;n_sim_successful;n_iter_requested;n_iter_successful;method","",,3,,,,20000,20000,"TRUE","Diagnostics computed from saved alpha/beta MCMC traces.",1399.523801021,1398.41554036774,0.999933584567236,0.999673129462993,0.00689615176896322
"20261002T011636Z","full","Delta_strong_n0050_r03","reference","Delta","Borges2019 delta() [pinned source]","strong",0.95,50,3,50,50,0,50,50,,50,20310931,25263901,25263902,25263903,20341403,"fastphylosig",2,FALSE,,10000,10,100,0.1,0.5,2,"LSE","ARD",,,,,,,,,,,,,,,"ec0d91dbe590286f4070dae9766f5729d3ca6fcb6b80c3e162c7dd0cfaadd5a6","0a973e6fc3d3f340b2ee08e5b760ffe19741d9cc01ce55994436f69e17082cb1","02f9130f663d2e1cd119707358b35eedf73f2e5266f02a7d3fc2251534f2ec1c","73fe8525ab03fa77886eb8aeb8d4c87219e6bf6cbc8abf9645ba3500a7c90ec5","a8d09070306dfec4165633f154bcfdbe959e4f3c27ad9a2de3934fd0a2576e78","0.3.0","isolated_release_library/fastphylosig","d951ecee19c06f3a144ad76c5039302078747585bb3bf829e6f12db15f54775d","isolated_release_library/fastphylosig/libs/<platform>/fastphylosig","c46a5834babd455b546bc65c6549c42ba51e6b47f3c9f222919b7118a5af3280","1bd40080f1ea537b3c73c838dc98ff84940f1064f4e1c4dbfb2dd5063d999bdb","benchmarks/stage5/documentation_fix_release_20261001/fastphylosig_0.3.0.tar.gz","909b7ad27485dcc2d96a7bb1fc70b65b54e93245d75761aca406b9c52f06cbff","Borges2019-source-sha256:0dc1e987c13f0e972b0e7c3b4829b4d0fdc41ff0de3856bae4803f9ce0115175",0.85945200920105,2.08105946662523,"Sys.time",1,TRUE,"not_reported_by_reference","finite_reference_estimate_and_input_audit",TRUE,,"<numeric>","NaNs produced || Inf replaced by maximum positive value",,3,,,,,,,,,,,,
"20261002T011636Z","full","D_none_n0050_r04","fastphylosig","D","caper::phylo.d","none",0,50,4,50,50,0,,,,,20310941,25264901,25264902,25264903,20321402,"fastphylosig",1,TRUE,199,,,,,,,,,,,,,,,,,,,,,,,"c54d3842949a439c6bce21f863b83af6038b937db59a71f37078e0bf90308924","395fabae438b1571c36fe5b2b0428ba35d5a744328bae7ed19b729f6ea4d7ac6","4bb7bb63b4ebe4d895215d1d1e32165ce6daedf13f712194b03970ee9a791eff","e8296ccc925904a67d7ff4c853e6bd7be0bd52ea744db43ff0eeb648eff15286","ad90a948ed5be5c6b80437f62034abf63b123936210771fdb0f46c7327c49998","0.3.0","isolated_release_library/fastphylosig","d951ecee19c06f3a144ad76c5039302078747585bb3bf829e6f12db15f54775d","isolated_release_library/fastphylosig/libs/<platform>/fastphylosig","c46a5834babd455b546bc65c6549c42ba51e6b47f3c9f222919b7118a5af3280","1bd40080f1ea537b3c73c838dc98ff84940f1064f4e1c4dbfb2dd5063d999bdb","benchmarks/stage5/documentation_fix_release_20261001/fastphylosig_0.3.0.tar.gz","909b7ad27485dcc2d96a7bb1fc70b65b54e93245d75761aca406b9c52f06cbff","1.0.4",0.0080258846282959,0.968886329795224,"Sys.time",1,TRUE,"ok","fast_result",TRUE,,"trait;D_fast;Pval1_fast;Pval0_fast;P_random;P_Brownian;MCSE_P_random;MCSE_P_Brownian;nsim_requested;nsim_successful_random;nsim_successful_brownian;nsim_failed_random;nsim_failed_brownian;observed;mean_random;mean_brownian;n_species;n_removed_na;matched_species;removed_tree_tips;removed_data_rows;status;note;message;estimate;p_random;p_brownian;p_mcse_random;p_mcse_brownian;MCSE_random;MCSE_Brownian;mcse_random;mcse_brownian;n_sim_requested;n_sim_successful_random;n_sim_successful_brownian;method","",,,199,199,199,,,,,,,,,
"20261002T011636Z","full","D_none_n0050_r04","reference","D","caper::phylo.d","none",0,50,4,50,50,0,50,50,50,50,20310941,25264901,25264902,25264903,20321403,"fastphylosig",2,TRUE,199,,,,,,,,,,,,,,,,,,,,,,,"c54d3842949a439c6bce21f863b83af6038b937db59a71f37078e0bf90308924","395fabae438b1571c36fe5b2b0428ba35d5a744328bae7ed19b729f6ea4d7ac6","4bb7bb63b4ebe4d895215d1d1e32165ce6daedf13f712194b03970ee9a791eff","e8296ccc925904a67d7ff4c853e6bd7be0bd52ea744db43ff0eeb648eff15286","ad90a948ed5be5c6b80437f62034abf63b123936210771fdb0f46c7327c49998","0.3.0","isolated_release_library/fastphylosig","d951ecee19c06f3a144ad76c5039302078747585bb3bf829e6f12db15f54775d","isolated_release_library/fastphylosig/libs/<platform>/fastphylosig","c46a5834babd455b546bc65c6549c42ba51e6b47f3c9f222919b7118a5af3280","1bd40080f1ea537b3c73c838dc98ff84940f1064f4e1c4dbfb2dd5063d999bdb","benchmarks/stage5/documentation_fix_release_20261001/fastphylosig_0.3.0.tar.gz","909b7ad27485dcc2d96a7bb1fc70b65b54e93245d75761aca406b9c52f06cbff","1.0.4",0.0407240390777588,0.964032431083027,"Sys.time",1,TRUE,"not_reported_by_reference","finite_reference_estimate_and_input_audit",TRUE,,"DEstimate;Pval1;Pval0;Parameters;StatesTable;Permutations;NodalVals;binvar;data;nPermut;rnd.bias","",,2,,,,,,,,,,,,
"20261002T011636Z","full","Delta_none_n0050_r04","reference","Delta","Borges2019 delta() [pinned source]","none",0,50,4,50,50,0,50,50,,50,20310941,25264901,25264902,25264903,20321503,"reference",1,FALSE,,10000,10,100,0.1,0.5,2,"LSE","ARD",,,,,,,,,,,,,,,"c54d3842949a439c6bce21f863b83af6038b937db59a71f37078e0bf90308924","395fabae438b1571c36fe5b2b0428ba35d5a744328bae7ed19b729f6ea4d7ac6","4bb7bb63b4ebe4d895215d1d1e32165ce6daedf13f712194b03970ee9a791eff","065b2f37df22352d3e586caf558d546714faa1a8a54688bc28b806924a079692","8cb30931732ab1f2136d9d3e691460df9a82c58ae1da4f339022d3114d54d4ff","0.3.0","isolated_release_library/fastphylosig","d951ecee19c06f3a144ad76c5039302078747585bb3bf829e6f12db15f54775d","isolated_release_library/fastphylosig/libs/<platform>/fastphylosig","c46a5834babd455b546bc65c6549c42ba51e6b47f3c9f222919b7118a5af3280","1bd40080f1ea537b3c73c838dc98ff84940f1064f4e1c4dbfb2dd5063d999bdb","benchmarks/stage5/documentation_fix_release_20261001/fastphylosig_0.3.0.tar.gz","909b7ad27485dcc2d96a7bb1fc70b65b54e93245d75761aca406b9c52f06cbff","Borges2019-source-sha256:0dc1e987c13f0e972b0e7c3b4829b4d0fdc41ff0de3856bae4803f9ce0115175",0.881237983703613,1.03134304979633,"Sys.time",1,TRUE,"not_reported_by_reference","finite_reference_estimate_and_input_audit",TRUE,,"<numeric>","NaNs produced || Inf replaced by maximum positive value",,3,,,,,,,,,,,,
"20261002T011636Z","full","Delta_none_n0050_r04","fastphylosig","Delta","Borges2019 delta() [pinned source]","none",0,50,4,50,50,0,,,,,20310941,25264901,25264902,25264903,20321502,"reference",2,FALSE,,10000,10,100,0.1,0.5,2,"LSE","ARD","0.1","0.5","10000","10","100","LSE","ARD","fast","1",20000,20000,20000,TRUE,TRUE,"c54d3842949a439c6bce21f863b83af6038b937db59a71f37078e0bf90308924","395fabae438b1571c36fe5b2b0428ba35d5a744328bae7ed19b729f6ea4d7ac6","4bb7bb63b4ebe4d895215d1d1e32165ce6daedf13f712194b03970ee9a791eff","065b2f37df22352d3e586caf558d546714faa1a8a54688bc28b806924a079692","8cb30931732ab1f2136d9d3e691460df9a82c58ae1da4f339022d3114d54d4ff","0.3.0","isolated_release_library/fastphylosig","d951ecee19c06f3a144ad76c5039302078747585bb3bf829e6f12db15f54775d","isolated_release_library/fastphylosig/libs/<platform>/fastphylosig","c46a5834babd455b546bc65c6549c42ba51e6b47f3c9f222919b7118a5af3280","1bd40080f1ea537b3c73c838dc98ff84940f1064f4e1c4dbfb2dd5063d999bdb","benchmarks/stage5/documentation_fix_release_20261001/fastphylosig_0.3.0.tar.gz","909b7ad27485dcc2d96a7bb1fc70b65b54e93245d75761aca406b9c52f06cbff","Borges2019-source-sha256:0dc1e987c13f0e972b0e7c3b4829b4d0fdc41ff0de3856bae4803f9ce0115175",0.0302040576934814,1.02053592466843,"Sys.time",1,TRUE,"ok","fast_result",TRUE,,"trait;Delta_fast;alpha_mean;beta_mean;n_saved;n_saved_requested;n_saved_successful;alpha_sd;beta_sd;ESS_alpha;ESS_beta;split_Rhat_alpha;split_Rhat_beta;Rhat_alpha;Rhat_beta;alpha_beta_cov;MCSE_Delta;diagnostics_available;diagnostics_note;requested_simulations;successful_simulations;requested_iterations;successful_iterations;requested_permutations;successful_permutations;n_states;n_species;n_removed_na;matched_species;removed_tree_tips;removed_data_rows;status;note;message;estimate;p_value;p_mcse;estimate_mcse;ess_alpha;ess_beta;rhat_alpha;rhat_beta;ESS;ess;Rhat;rhat;n_sim_requested;n_sim_successful;n_iter_requested;n_iter_successful;method","",,3,,,,20000,20000,"TRUE","Diagnostics computed from saved alpha/beta MCMC traces.",1398.9966974595,1223.31703206692,1.00117629618248,0.999780933615945,0.00315554161376596
"20261002T011636Z","full","D_moderate_n0050_r04","reference","D","caper::phylo.d","moderate",0.5,50,4,50,50,0,50,50,50,50,20310941,25264901,25264902,25264903,20331403,"reference",1,TRUE,199,,,,,,,,,,,,,,,,,,,,,,,"c54d3842949a439c6bce21f863b83af6038b937db59a71f37078e0bf90308924","395fabae438b1571c36fe5b2b0428ba35d5a744328bae7ed19b729f6ea4d7ac6","4bb7bb63b4ebe4d895215d1d1e32165ce6daedf13f712194b03970ee9a791eff","4abd86190a8c66b64b07566afd81ab4d3e32a83cd9936b4b004decdf04183470","c527523dc1ad3f47e9ee603709de2b893f3588c56ab93760d432a4ac547867da","0.3.0","isolated_release_library/fastphylosig","d951ecee19c06f3a144ad76c5039302078747585bb3bf829e6f12db15f54775d","isolated_release_library/fastphylosig/libs/<platform>/fastphylosig","c46a5834babd455b546bc65c6549c42ba51e6b47f3c9f222919b7118a5af3280","1bd40080f1ea537b3c73c838dc98ff84940f1064f4e1c4dbfb2dd5063d999bdb","benchmarks/stage5/documentation_fix_release_20261001/fastphylosig_0.3.0.tar.gz","909b7ad27485dcc2d96a7bb1fc70b65b54e93245d75761aca406b9c52f06cbff","1.0.4",0.0412359237670898,0.070700058143758,"Sys.time",1,TRUE,"not_reported_by_reference","finite_reference_estimate_and_input_audit",TRUE,,"DEstimate;Pval1;Pval0;Parameters;StatesTable;Permutations;NodalVals;binvar;data;nPermut;rnd.bias","",,2,,,,,,,,,,,,
"20261002T011636Z","full","D_moderate_n0050_r04","fastphylosig","D","caper::phylo.d","moderate",0.5,50,4,50,50,0,,,,,20310941,25264901,25264902,25264903,20331402,"reference",2,TRUE,199,,,,,,,,,,,,,,,,,,,,,,,"c54d3842949a439c6bce21f863b83af6038b937db59a71f37078e0bf90308924","395fabae438b1571c36fe5b2b0428ba35d5a744328bae7ed19b729f6ea4d7ac6","4bb7bb63b4ebe4d895215d1d1e32165ce6daedf13f712194b03970ee9a791eff","4abd86190a8c66b64b07566afd81ab4d3e32a83cd9936b4b004decdf04183470","c527523dc1ad3f47e9ee603709de2b893f3588c56ab93760d432a4ac547867da","0.3.0","isolated_release_library/fastphylosig","d951ecee19c06f3a144ad76c5039302078747585bb3bf829e6f12db15f54775d","isolated_release_library/fastphylosig/libs/<platform>/fastphylosig","c46a5834babd455b546bc65c6549c42ba51e6b47f3c9f222919b7118a5af3280","1bd40080f1ea537b3c73c838dc98ff84940f1064f4e1c4dbfb2dd5063d999bdb","benchmarks/stage5/documentation_fix_release_20261001/fastphylosig_0.3.0.tar.gz","909b7ad27485dcc2d96a7bb1fc70b65b54e93245d75761aca406b9c52f06cbff","1.0.4",0.00734806060791016,0.0808807320842816,"Sys.time",1,TRUE,"ok","fast_result",TRUE,,"trait;D_fast;Pval1_fast;Pval0_fast;P_random;P_Brownian;MCSE_P_random;MCSE_P_Brownian;nsim_requested;nsim_successful_random;nsim_successful_brownian;nsim_failed_random;nsim_failed_brownian;observed;mean_random;mean_brownian;n_species;n_removed_na;matched_species;removed_tree_tips;removed_data_rows;status;note;message;estimate;p_random;p_brownian;p_mcse_random;p_mcse_brownian;MCSE_random;MCSE_Brownian;mcse_random;mcse_brownian;n_sim_requested;n_sim_successful_random;n_sim_successful_brownian;method","",,,199,199,199,,,,,,,,,
"20261002T011636Z","full","Delta_moderate_n0050_r04","fastphylosig","Delta","Borges2019 delta() [pinned source]","moderate",0.5,50,4,50,50,0,,,,,20310941,25264901,25264902,25264903,20331502,"fastphylosig",1,FALSE,,10000,10,100,0.1,0.5,2,"LSE","ARD","0.1","0.5","10000","10","100","LSE","ARD","fast","1",20000,20000,20000,TRUE,TRUE,"c54d3842949a439c6bce21f863b83af6038b937db59a71f37078e0bf90308924","395fabae438b1571c36fe5b2b0428ba35d5a744328bae7ed19b729f6ea4d7ac6","4bb7bb63b4ebe4d895215d1d1e32165ce6daedf13f712194b03970ee9a791eff","42cbf68a7440c152c946e32f3b8d2dcd57a315e3fa0fabc7b25722f25bdb3f1b","5efe0cf9b806dcd3df018d42febc36417347d71a0515b426a33a2479a88f258a","0.3.0","isolated_release_library/fastphylosig","d951ecee19c06f3a144ad76c5039302078747585bb3bf829e6f12db15f54775d","isolated_release_library/fastphylosig/libs/<platform>/fastphylosig","c46a5834babd455b546bc65c6549c42ba51e6b47f3c9f222919b7118a5af3280","1bd40080f1ea537b3c73c838dc98ff84940f1064f4e1c4dbfb2dd5063d999bdb","benchmarks/stage5/documentation_fix_release_20261001/fastphylosig_0.3.0.tar.gz","909b7ad27485dcc2d96a7bb1fc70b65b54e93245d75761aca406b9c52f06cbff","Borges2019-source-sha256:0dc1e987c13f0e972b0e7c3b4829b4d0fdc41ff0de3856bae4803f9ce0115175",0.0311429500579834,3.17350290061232,"Sys.time",1,TRUE,"ok","fast_result",TRUE,,"trait;Delta_fast;alpha_mean;beta_mean;n_saved;n_saved_requested;n_saved_successful;alpha_sd;beta_sd;ESS_alpha;ESS_beta;split_Rhat_alpha;split_Rhat_beta;Rhat_alpha;Rhat_beta;alpha_beta_cov;MCSE_Delta;diagnostics_available;diagnostics_note;requested_simulations;successful_simulations;requested_iterations;successful_iterations;requested_permutations;successful_permutations;n_states;n_species;n_removed_na;matched_species;removed_tree_tips;removed_data_rows;status;note;message;estimate;p_value;p_mcse;estimate_mcse;ess_alpha;ess_beta;rhat_alpha;rhat_beta;ESS;ess;Rhat;rhat;n_sim_requested;n_sim_successful;n_iter_requested;n_iter_successful;method","",,3,,,,20000,20000,"TRUE","Diagnostics computed from saved alpha/beta MCMC traces.",1198.34793374278,1172.36691117758,1.00088769761538,1.00384776946711,0.010466116410244
"20261002T011636Z","full","Delta_moderate_n0050_r04","reference","Delta","Borges2019 delta() [pinned source]","moderate",0.5,50,4,50,50,0,50,50,,50,20310941,25264901,25264902,25264903,20331503,"fastphylosig",2,FALSE,,10000,10,100,0.1,0.5,2,"LSE","ARD",,,,,,,,,,,,,,,"c54d3842949a439c6bce21f863b83af6038b937db59a71f37078e0bf90308924","395fabae438b1571c36fe5b2b0428ba35d5a744328bae7ed19b729f6ea4d7ac6","4bb7bb63b4ebe4d895215d1d1e32165ce6daedf13f712194b03970ee9a791eff","42cbf68a7440c152c946e32f3b8d2dcd57a315e3fa0fabc7b25722f25bdb3f1b","5efe0cf9b806dcd3df018d42febc36417347d71a0515b426a33a2479a88f258a","0.3.0","isolated_release_library/fastphylosig","d951ecee19c06f3a144ad76c5039302078747585bb3bf829e6f12db15f54775d","isolated_release_library/fastphylosig/libs/<platform>/fastphylosig","c46a5834babd455b546bc65c6549c42ba51e6b47f3c9f222919b7118a5af3280","1bd40080f1ea537b3c73c838dc98ff84940f1064f4e1c4dbfb2dd5063d999bdb","benchmarks/stage5/documentation_fix_release_20261001/fastphylosig_0.3.0.tar.gz","909b7ad27485dcc2d96a7bb1fc70b65b54e93245d75761aca406b9c52f06cbff","Borges2019-source-sha256:0dc1e987c13f0e972b0e7c3b4829b4d0fdc41ff0de3856bae4803f9ce0115175",0.916708946228027,3.16811206138626,"Sys.time",1,TRUE,"not_reported_by_reference","finite_reference_estimate_and_input_audit",TRUE,,"<numeric>","",,3,,,,,,,,,,,,
"20261002T011636Z","full","D_strong_n0050_r04","fastphylosig","D","caper::phylo.d","strong",0.95,50,4,50,50,0,,,,,20310941,25264901,25264902,25264903,20341402,"fastphylosig",1,TRUE,199,,,,,,,,,,,,,,,,,,,,,,,"c54d3842949a439c6bce21f863b83af6038b937db59a71f37078e0bf90308924","395fabae438b1571c36fe5b2b0428ba35d5a744328bae7ed19b729f6ea4d7ac6","4bb7bb63b4ebe4d895215d1d1e32165ce6daedf13f712194b03970ee9a791eff","2563616aa8ce380b01060dd751d6f91c54474e0c1a3fa8d1381f4fd580fbfed8","24f3fc0c87ba70d3cd7550ea3b079404feb541a1561502663e262c72985e74bb","0.3.0","isolated_release_library/fastphylosig","d951ecee19c06f3a144ad76c5039302078747585bb3bf829e6f12db15f54775d","isolated_release_library/fastphylosig/libs/<platform>/fastphylosig","c46a5834babd455b546bc65c6549c42ba51e6b47f3c9f222919b7118a5af3280","1bd40080f1ea537b3c73c838dc98ff84940f1064f4e1c4dbfb2dd5063d999bdb","benchmarks/stage5/documentation_fix_release_20261001/fastphylosig_0.3.0.tar.gz","909b7ad27485dcc2d96a7bb1fc70b65b54e93245d75761aca406b9c52f06cbff","1.0.4",0.00799798965454102,-0.137056917586009,"Sys.time",1,TRUE,"ok","fast_result",TRUE,,"trait;D_fast;Pval1_fast;Pval0_fast;P_random;P_Brownian;MCSE_P_random;MCSE_P_Brownian;nsim_requested;nsim_successful_random;nsim_successful_brownian;nsim_failed_random;nsim_failed_brownian;observed;mean_random;mean_brownian;n_species;n_removed_na;matched_species;removed_tree_tips;removed_data_rows;status;note;message;estimate;p_random;p_brownian;p_mcse_random;p_mcse_brownian;MCSE_random;MCSE_Brownian;mcse_random;mcse_brownian;n_sim_requested;n_sim_successful_random;n_sim_successful_brownian;method","",,,199,199,199,,,,,,,,,
"20261002T011636Z","full","D_strong_n0050_r04","reference","D","caper::phylo.d","strong",0.95,50,4,50,50,0,50,50,50,50,20310941,25264901,25264902,25264903,20341403,"fastphylosig",2,TRUE,199,,,,,,,,,,,,,,,,,,,,,,,"c54d3842949a439c6bce21f863b83af6038b937db59a71f37078e0bf90308924","395fabae438b1571c36fe5b2b0428ba35d5a744328bae7ed19b729f6ea4d7ac6","4bb7bb63b4ebe4d895215d1d1e32165ce6daedf13f712194b03970ee9a791eff","2563616aa8ce380b01060dd751d6f91c54474e0c1a3fa8d1381f4fd580fbfed8","24f3fc0c87ba70d3cd7550ea3b079404feb541a1561502663e262c72985e74bb","0.3.0","isolated_release_library/fastphylosig","d951ecee19c06f3a144ad76c5039302078747585bb3bf829e6f12db15f54775d","isolated_release_library/fastphylosig/libs/<platform>/fastphylosig","c46a5834babd455b546bc65c6549c42ba51e6b47f3c9f222919b7118a5af3280","1bd40080f1ea537b3c73c838dc98ff84940f1064f4e1c4dbfb2dd5063d999bdb","benchmarks/stage5/documentation_fix_release_20261001/fastphylosig_0.3.0.tar.gz","909b7ad27485dcc2d96a7bb1fc70b65b54e93245d75761aca406b9c52f06cbff","1.0.4",0.0431969165802002,-0.109088508630969,"Sys.time",1,TRUE,"not_reported_by_reference","finite_reference_estimate_and_input_audit",TRUE,,"DEstimate;Pval1;Pval0;Parameters;StatesTable;Permutations;NodalVals;binvar;data;nPermut;rnd.bias","",,2,,,,,,,,,,,,
"20261002T011636Z","full","Delta_strong_n0050_r04","reference","Delta","Borges2019 delta() [pinned source]","strong",0.95,50,4,50,50,0,50,50,,50,20310941,25264901,25264902,25264903,20341503,"reference",1,FALSE,,10000,10,100,0.1,0.5,2,"LSE","ARD",,,,,,,,,,,,,,,"c54d3842949a439c6bce21f863b83af6038b937db59a71f37078e0bf90308924","395fabae438b1571c36fe5b2b0428ba35d5a744328bae7ed19b729f6ea4d7ac6","4bb7bb63b4ebe4d895215d1d1e32165ce6daedf13f712194b03970ee9a791eff","ec3351e8b95d89d7a20e27d69bfe89e95f658c90cf0239d7954094de334828e9","32f335e7cf3ed797a611d484bcab074f2dd74033a8afab5cd10f482f1344c1c2","0.3.0","isolated_release_library/fastphylosig","d951ecee19c06f3a144ad76c5039302078747585bb3bf829e6f12db15f54775d","isolated_release_library/fastphylosig/libs/<platform>/fastphylosig","c46a5834babd455b546bc65c6549c42ba51e6b47f3c9f222919b7118a5af3280","1bd40080f1ea537b3c73c838dc98ff84940f1064f4e1c4dbfb2dd5063d999bdb","benchmarks/stage5/documentation_fix_release_20261001/fastphylosig_0.3.0.tar.gz","909b7ad27485dcc2d96a7bb1fc70b65b54e93245d75761aca406b9c52f06cbff","Borges2019-source-sha256:0dc1e987c13f0e972b0e7c3b4829b4d0fdc41ff0de3856bae4803f9ce0115175",0.851294994354248,9.9987025751122,"Sys.time",1,TRUE,"not_reported_by_reference","finite_reference_estimate_and_input_audit",TRUE,,"<numeric>","NaNs produced || Inf replaced by maximum positive value",,3,,,,,,,,,,,,
"20261002T011636Z","full","Delta_strong_n0050_r04","fastphylosig","Delta","Borges2019 delta() [pinned source]","strong",0.95,50,4,50,50,0,,,,,20310941,25264901,25264902,25264903,20341502,"reference",2,FALSE,,10000,10,100,0.1,0.5,2,"LSE","ARD","0.1","0.5","10000","10","100","LSE","ARD","fast","1",20000,20000,20000,TRUE,TRUE,"c54d3842949a439c6bce21f863b83af6038b937db59a71f37078e0bf90308924","395fabae438b1571c36fe5b2b0428ba35d5a744328bae7ed19b729f6ea4d7ac6","4bb7bb63b4ebe4d895215d1d1e32165ce6daedf13f712194b03970ee9a791eff","ec3351e8b95d89d7a20e27d69bfe89e95f658c90cf0239d7954094de334828e9","32f335e7cf3ed797a611d484bcab074f2dd74033a8afab5cd10f482f1344c1c2","0.3.0","isolated_release_library/fastphylosig","d951ecee19c06f3a144ad76c5039302078747585bb3bf829e6f12db15f54775d","isolated_release_library/fastphylosig/libs/<platform>/fastphylosig","c46a5834babd455b546bc65c6549c42ba51e6b47f3c9f222919b7118a5af3280","1bd40080f1ea537b3c73c838dc98ff84940f1064f4e1c4dbfb2dd5063d999bdb","benchmarks/stage5/documentation_fix_release_20261001/fastphylosig_0.3.0.tar.gz","909b7ad27485dcc2d96a7bb1fc70b65b54e93245d75761aca406b9c52f06cbff","Borges2019-source-sha256:0dc1e987c13f0e972b0e7c3b4829b4d0fdc41ff0de3856bae4803f9ce0115175",0.0262651443481445,9.82089251401599,"Sys.time",1,TRUE,"ok","fast_result",TRUE,,"trait;Delta_fast;alpha_mean;beta_mean;n_saved;n_saved_requested;n_saved_successful;alpha_sd;beta_sd;ESS_alpha;ESS_beta;split_Rhat_alpha;split_Rhat_beta;Rhat_alpha;Rhat_beta;alpha_beta_cov;MCSE_Delta;diagnostics_available;diagnostics_note;requested_simulations;successful_simulations;requested_iterations;successful_iterations;requested_permutations;successful_permutations;n_states;n_species;n_removed_na;matched_species;removed_tree_tips;removed_data_rows;status;note;message;estimate;p_value;p_mcse;estimate_mcse;ess_alpha;ess_beta;rhat_alpha;rhat_beta;ESS;ess;Rhat;rhat;n_sim_requested;n_sim_successful;n_iter_requested;n_iter_successful;method","",,3,,,,20000,20000,"TRUE","Diagnostics computed from saved alpha/beta MCMC traces.",1652.81861312158,1744.20043786674,0.999917553684755,1.00004224665839,0.0607296282187754
"20261002T011636Z","full","D_none_n0050_r05","reference","D","caper::phylo.d","none",0,50,5,50,50,0,50,50,50,50,20310951,25265901,25265902,25265903,20321503,"reference",1,TRUE,199,,,,,,,,,,,,,,,,,,,,,,,"8bd80e87f40b097bb3bd7c43bf1797a08b5d1d136ce61350869138c41d855c3a","3b62cce779b6fae055c21b38ce151ec90486adc3c41ec2e44feb869ef89db91f","0c696f739fb847bd2b3d260a726d99347959f39374c3a010aeec02033c00982a","e917e99f4023b9601979f1cc6224edacf93a90a59faa61da7ab5498513523289","edfaedfe62f7f2fc71d95c4b38427fefafbf68d1782a613525dde4b4dedc1b64","0.3.0","isolated_release_library/fastphylosig","d951ecee19c06f3a144ad76c5039302078747585bb3bf829e6f12db15f54775d","isolated_release_library/fastphylosig/libs/<platform>/fastphylosig","c46a5834babd455b546bc65c6549c42ba51e6b47f3c9f222919b7118a5af3280","1bd40080f1ea537b3c73c838dc98ff84940f1064f4e1c4dbfb2dd5063d999bdb","benchmarks/stage5/documentation_fix_release_20261001/fastphylosig_0.3.0.tar.gz","909b7ad27485dcc2d96a7bb1fc70b65b54e93245d75761aca406b9c52f06cbff","1.0.4",0.0403308868408203,1.49564336109161,"Sys.time",1,TRUE,"not_reported_by_reference","finite_reference_estimate_and_input_audit",TRUE,,"DEstimate;Pval1;Pval0;Parameters;StatesTable;Permutations;NodalVals;binvar;data;nPermut;rnd.bias","",,2,,,,,,,,,,,,
"20261002T011636Z","full","D_none_n0050_r05","fastphylosig","D","caper::phylo.d","none",0,50,5,50,50,0,,,,,20310951,25265901,25265902,25265903,20321502,"reference",2,TRUE,199,,,,,,,,,,,,,,,,,,,,,,,"8bd80e87f40b097bb3bd7c43bf1797a08b5d1d136ce61350869138c41d855c3a","3b62cce779b6fae055c21b38ce151ec90486adc3c41ec2e44feb869ef89db91f","0c696f739fb847bd2b3d260a726d99347959f39374c3a010aeec02033c00982a","e917e99f4023b9601979f1cc6224edacf93a90a59faa61da7ab5498513523289","edfaedfe62f7f2fc71d95c4b38427fefafbf68d1782a613525dde4b4dedc1b64","0.3.0","isolated_release_library/fastphylosig","d951ecee19c06f3a144ad76c5039302078747585bb3bf829e6f12db15f54775d","isolated_release_library/fastphylosig/libs/<platform>/fastphylosig","c46a5834babd455b546bc65c6549c42ba51e6b47f3c9f222919b7118a5af3280","1bd40080f1ea537b3c73c838dc98ff84940f1064f4e1c4dbfb2dd5063d999bdb","benchmarks/stage5/documentation_fix_release_20261001/fastphylosig_0.3.0.tar.gz","909b7ad27485dcc2d96a7bb1fc70b65b54e93245d75761aca406b9c52f06cbff","1.0.4",0.00808906555175781,1.47505313344022,"Sys.time",1,TRUE,"ok","fast_result",TRUE,,"trait;D_fast;Pval1_fast;Pval0_fast;P_random;P_Brownian;MCSE_P_random;MCSE_P_Brownian;nsim_requested;nsim_successful_random;nsim_successful_brownian;nsim_failed_random;nsim_failed_brownian;observed;mean_random;mean_brownian;n_species;n_removed_na;matched_species;removed_tree_tips;removed_data_rows;status;note;message;estimate;p_random;p_brownian;p_mcse_random;p_mcse_brownian;MCSE_random;MCSE_Brownian;mcse_random;mcse_brownian;n_sim_requested;n_sim_successful_random;n_sim_successful_brownian;method","",,,199,199,199,,,,,,,,,
"20261002T011636Z","full","Delta_none_n0050_r05","fastphylosig","Delta","Borges2019 delta() [pinned source]","none",0,50,5,50,50,0,,,,,20310951,25265901,25265902,25265903,20321602,"fastphylosig",1,FALSE,,10000,10,100,0.1,0.5,2,"LSE","ARD","0.1","0.5","10000","10","100","LSE","ARD","fast","1",20000,20000,20000,TRUE,TRUE,"8bd80e87f40b097bb3bd7c43bf1797a08b5d1d136ce61350869138c41d855c3a","3b62cce779b6fae055c21b38ce151ec90486adc3c41ec2e44feb869ef89db91f","0c696f739fb847bd2b3d260a726d99347959f39374c3a010aeec02033c00982a","3f78c52e72fcce150a7d6c85d55a389825c53a5acccce4ade7b43ca74c01605e","fdd50ed7b7004e64cf584eb099680476ad8eb252ceabe34466720108ebfbf17b","0.3.0","isolated_release_library/fastphylosig","d951ecee19c06f3a144ad76c5039302078747585bb3bf829e6f12db15f54775d","isolated_release_library/fastphylosig/libs/<platform>/fastphylosig","c46a5834babd455b546bc65c6549c42ba51e6b47f3c9f222919b7118a5af3280","1bd40080f1ea537b3c73c838dc98ff84940f1064f4e1c4dbfb2dd5063d999bdb","benchmarks/stage5/documentation_fix_release_20261001/fastphylosig_0.3.0.tar.gz","909b7ad27485dcc2d96a7bb1fc70b65b54e93245d75761aca406b9c52f06cbff","Borges2019-source-sha256:0dc1e987c13f0e972b0e7c3b4829b4d0fdc41ff0de3856bae4803f9ce0115175",0.0339040756225586,0.311127610447256,"Sys.time",1,TRUE,"ok","fast_result",TRUE,,"trait;Delta_fast;alpha_mean;beta_mean;n_saved;n_saved_requested;n_saved_successful;alpha_sd;beta_sd;ESS_alpha;ESS_beta;split_Rhat_alpha;split_Rhat_beta;Rhat_alpha;Rhat_beta;alpha_beta_cov;MCSE_Delta;diagnostics_available;diagnostics_note;requested_simulations;successful_simulations;requested_iterations;successful_iterations;requested_permutations;successful_permutations;n_states;n_species;n_removed_na;matched_species;removed_tree_tips;removed_data_rows;status;note;message;estimate;p_value;p_mcse;estimate_mcse;ess_alpha;ess_beta;rhat_alpha;rhat_beta;ESS;ess;Rhat;rhat;n_sim_requested;n_sim_successful;n_iter_requested;n_iter_successful;method","",,3,,,,20000,20000,"TRUE","Diagnostics computed from saved alpha/beta MCMC traces.",1220.67405955119,857.729939967799,1.00057268061238,1.00052240887137,0.00121387234063144
"20261002T011636Z","full","Delta_none_n0050_r05","reference","Delta","Borges2019 delta() [pinned source]","none",0,50,5,50,50,0,50,50,,50,20310951,25265901,25265902,25265903,20321603,"fastphylosig",2,FALSE,,10000,10,100,0.1,0.5,2,"LSE","ARD",,,,,,,,,,,,,,,"8bd80e87f40b097bb3bd7c43bf1797a08b5d1d136ce61350869138c41d855c3a","3b62cce779b6fae055c21b38ce151ec90486adc3c41ec2e44feb869ef89db91f","0c696f739fb847bd2b3d260a726d99347959f39374c3a010aeec02033c00982a","3f78c52e72fcce150a7d6c85d55a389825c53a5acccce4ade7b43ca74c01605e","fdd50ed7b7004e64cf584eb099680476ad8eb252ceabe34466720108ebfbf17b","0.3.0","isolated_release_library/fastphylosig","d951ecee19c06f3a144ad76c5039302078747585bb3bf829e6f12db15f54775d","isolated_release_library/fastphylosig/libs/<platform>/fastphylosig","c46a5834babd455b546bc65c6549c42ba51e6b47f3c9f222919b7118a5af3280","1bd40080f1ea537b3c73c838dc98ff84940f1064f4e1c4dbfb2dd5063d999bdb","benchmarks/stage5/documentation_fix_release_20261001/fastphylosig_0.3.0.tar.gz","909b7ad27485dcc2d96a7bb1fc70b65b54e93245d75761aca406b9c52f06cbff","Borges2019-source-sha256:0dc1e987c13f0e972b0e7c3b4829b4d0fdc41ff0de3856bae4803f9ce0115175",0.963407039642334,0.320846896159896,"Sys.time",1,TRUE,"not_reported_by_reference","finite_reference_estimate_and_input_audit",TRUE,,"<numeric>","imaginary parts discarded in coercion || NaNs produced",,3,,,,,,,,,,,,
"20261002T011636Z","full","D_moderate_n0050_r05","fastphylosig","D","caper::phylo.d","moderate",0.5,50,5,50,50,0,,,,,20310951,25265901,25265902,25265903,20331502,"fastphylosig",1,TRUE,199,,,,,,,,,,,,,,,,,,,,,,,"8bd80e87f40b097bb3bd7c43bf1797a08b5d1d136ce61350869138c41d855c3a","3b62cce779b6fae055c21b38ce151ec90486adc3c41ec2e44feb869ef89db91f","0c696f739fb847bd2b3d260a726d99347959f39374c3a010aeec02033c00982a","4663265602301e9be626b961590a191093dbb4b85361b4541f34960da675948a","cbbf545af2e785bc5d3d91e0dc2f49448f2f760da00cfdb4beca2bf67a40f653","0.3.0","isolated_release_library/fastphylosig","d951ecee19c06f3a144ad76c5039302078747585bb3bf829e6f12db15f54775d","isolated_release_library/fastphylosig/libs/<platform>/fastphylosig","c46a5834babd455b546bc65c6549c42ba51e6b47f3c9f222919b7118a5af3280","1bd40080f1ea537b3c73c838dc98ff84940f1064f4e1c4dbfb2dd5063d999bdb","benchmarks/stage5/documentation_fix_release_20261001/fastphylosig_0.3.0.tar.gz","909b7ad27485dcc2d96a7bb1fc70b65b54e93245d75761aca406b9c52f06cbff","1.0.4",0.00785708427429199,1.01951578208006,"Sys.time",1,TRUE,"ok","fast_result",TRUE,,"trait;D_fast;Pval1_fast;Pval0_fast;P_random;P_Brownian;MCSE_P_random;MCSE_P_Brownian;nsim_requested;nsim_successful_random;nsim_successful_brownian;nsim_failed_random;nsim_failed_brownian;observed;mean_random;mean_brownian;n_species;n_removed_na;matched_species;removed_tree_tips;removed_data_rows;status;note;message;estimate;p_random;p_brownian;p_mcse_random;p_mcse_brownian;MCSE_random;MCSE_Brownian;mcse_random;mcse_brownian;n_sim_requested;n_sim_successful_random;n_sim_successful_brownian;method","",,,199,199,199,,,,,,,,,
"20261002T011636Z","full","D_moderate_n0050_r05","reference","D","caper::phylo.d","moderate",0.5,50,5,50,50,0,50,50,50,50,20310951,25265901,25265902,25265903,20331503,"fastphylosig",2,TRUE,199,,,,,,,,,,,,,,,,,,,,,,,"8bd80e87f40b097bb3bd7c43bf1797a08b5d1d136ce61350869138c41d855c3a","3b62cce779b6fae055c21b38ce151ec90486adc3c41ec2e44feb869ef89db91f","0c696f739fb847bd2b3d260a726d99347959f39374c3a010aeec02033c00982a","4663265602301e9be626b961590a191093dbb4b85361b4541f34960da675948a","cbbf545af2e785bc5d3d91e0dc2f49448f2f760da00cfdb4beca2bf67a40f653","0.3.0","isolated_release_library/fastphylosig","d951ecee19c06f3a144ad76c5039302078747585bb3bf829e6f12db15f54775d","isolated_release_library/fastphylosig/libs/<platform>/fastphylosig","c46a5834babd455b546bc65c6549c42ba51e6b47f3c9f222919b7118a5af3280","1bd40080f1ea537b3c73c838dc98ff84940f1064f4e1c4dbfb2dd5063d999bdb","benchmarks/stage5/documentation_fix_release_20261001/fastphylosig_0.3.0.tar.gz","909b7ad27485dcc2d96a7bb1fc70b65b54e93245d75761aca406b9c52f06cbff","1.0.4",0.0415489673614502,0.995812065269456,"Sys.time",1,TRUE,"not_reported_by_reference","finite_reference_estimate_and_input_audit",TRUE,,"DEstimate;Pval1;Pval0;Parameters;StatesTable;Permutations;NodalVals;binvar;data;nPermut;rnd.bias","",,2,,,,,,,,,,,,
"20261002T011636Z","full","Delta_moderate_n0050_r05","reference","Delta","Borges2019 delta() [pinned source]","moderate",0.5,50,5,50,50,0,50,50,,50,20310951,25265901,25265902,25265903,20331603,"reference",1,FALSE,,10000,10,100,0.1,0.5,2,"LSE","ARD",,,,,,,,,,,,,,,"8bd80e87f40b097bb3bd7c43bf1797a08b5d1d136ce61350869138c41d855c3a","3b62cce779b6fae055c21b38ce151ec90486adc3c41ec2e44feb869ef89db91f","0c696f739fb847bd2b3d260a726d99347959f39374c3a010aeec02033c00982a","657b9dcde60a3f6ed2b84cc687baa1170ef30a97e5f9f1ba0302270643f8c7d2","ea3c10878ee55d960fc329f015a4c36d19e0e5279c305cecd20901efce415739","0.3.0","isolated_release_library/fastphylosig","d951ecee19c06f3a144ad76c5039302078747585bb3bf829e6f12db15f54775d","isolated_release_library/fastphylosig/libs/<platform>/fastphylosig","c46a5834babd455b546bc65c6549c42ba51e6b47f3c9f222919b7118a5af3280","1bd40080f1ea537b3c73c838dc98ff84940f1064f4e1c4dbfb2dd5063d999bdb","benchmarks/stage5/documentation_fix_release_20261001/fastphylosig_0.3.0.tar.gz","909b7ad27485dcc2d96a7bb1fc70b65b54e93245d75761aca406b9c52f06cbff","Borges2019-source-sha256:0dc1e987c13f0e972b0e7c3b4829b4d0fdc41ff0de3856bae4803f9ce0115175",0.84492301940918,1.54584291176238,"Sys.time",1,TRUE,"not_reported_by_reference","finite_reference_estimate_and_input_audit",TRUE,,"<numeric>","NaNs produced || Inf replaced by maximum positive value",,3,,,,,,,,,,,,
"20261002T011636Z","full","Delta_moderate_n0050_r05","fastphylosig","Delta","Borges2019 delta() [pinned source]","moderate",0.5,50,5,50,50,0,,,,,20310951,25265901,25265902,25265903,20331602,"reference",2,FALSE,,10000,10,100,0.1,0.5,2,"LSE","ARD","0.1","0.5","10000","10","100","LSE","ARD","fast","1",20000,20000,20000,TRUE,TRUE,"8bd80e87f40b097bb3bd7c43bf1797a08b5d1d136ce61350869138c41d855c3a","3b62cce779b6fae055c21b38ce151ec90486adc3c41ec2e44feb869ef89db91f","0c696f739fb847bd2b3d260a726d99347959f39374c3a010aeec02033c00982a","657b9dcde60a3f6ed2b84cc687baa1170ef30a97e5f9f1ba0302270643f8c7d2","ea3c10878ee55d960fc329f015a4c36d19e0e5279c305cecd20901efce415739","0.3.0","isolated_release_library/fastphylosig","d951ecee19c06f3a144ad76c5039302078747585bb3bf829e6f12db15f54775d","isolated_release_library/fastphylosig/libs/<platform>/fastphylosig","c46a5834babd455b546bc65c6549c42ba51e6b47f3c9f222919b7118a5af3280","1bd40080f1ea537b3c73c838dc98ff84940f1064f4e1c4dbfb2dd5063d999bdb","benchmarks/stage5/documentation_fix_release_20261001/fastphylosig_0.3.0.tar.gz","909b7ad27485dcc2d96a7bb1fc70b65b54e93245d75761aca406b9c52f06cbff","Borges2019-source-sha256:0dc1e987c13f0e972b0e7c3b4829b4d0fdc41ff0de3856bae4803f9ce0115175",0.0277271270751953,1.53625833277749,"Sys.time",1,TRUE,"ok","fast_result",TRUE,,"trait;Delta_fast;alpha_mean;beta_mean;n_saved;n_saved_requested;n_saved_successful;alpha_sd;beta_sd;ESS_alpha;ESS_beta;split_Rhat_alpha;split_Rhat_beta;Rhat_alpha;Rhat_beta;alpha_beta_cov;MCSE_Delta;diagnostics_available;diagnostics_note;requested_simulations;successful_simulations;requested_iterations;successful_iterations;requested_permutations;successful_permutations;n_states;n_species;n_removed_na;matched_species;removed_tree_tips;removed_data_rows;status;note;message;estimate;p_value;p_mcse;estimate_mcse;ess_alpha;ess_beta;rhat_alpha;rhat_beta;ESS;ess;Rhat;rhat;n_sim_requested;n_sim_successful;n_iter_requested;n_iter_successful;method","",,3,,,,20000,20000,"TRUE","Diagnostics computed from saved alpha/beta MCMC traces.",877.768515812029,795.802182108607,1.00072008072779,1.00183700383121,0.00469054547614377
"20261002T011636Z","full","D_strong_n0050_r05","reference","D","caper::phylo.d","strong",0.95,50,5,50,50,0,50,50,50,50,20310951,25265901,25265902,25265903,20341503,"reference",1,TRUE,199,,,,,,,,,,,,,,,,,,,,,,,"8bd80e87f40b097bb3bd7c43bf1797a08b5d1d136ce61350869138c41d855c3a","3b62cce779b6fae055c21b38ce151ec90486adc3c41ec2e44feb869ef89db91f","0c696f739fb847bd2b3d260a726d99347959f39374c3a010aeec02033c00982a","e1924e0f3c89eeb027e84cd1600423adfbe69015952a8c534f19af31882aa770","4a355b9ff2da73e00fd53dd45949e512bbd8292d6145bcf7e2c3d55186bcb882","0.3.0","isolated_release_library/fastphylosig","d951ecee19c06f3a144ad76c5039302078747585bb3bf829e6f12db15f54775d","isolated_release_library/fastphylosig/libs/<platform>/fastphylosig","c46a5834babd455b546bc65c6549c42ba51e6b47f3c9f222919b7118a5af3280","1bd40080f1ea537b3c73c838dc98ff84940f1064f4e1c4dbfb2dd5063d999bdb","benchmarks/stage5/documentation_fix_release_20261001/fastphylosig_0.3.0.tar.gz","909b7ad27485dcc2d96a7bb1fc70b65b54e93245d75761aca406b9c52f06cbff","1.0.4",0.0422658920288086,0.509828313688974,"Sys.time",1,TRUE,"not_reported_by_reference","finite_reference_estimate_and_input_audit",TRUE,,"DEstimate;Pval1;Pval0;Parameters;StatesTable;Permutations;NodalVals;binvar;data;nPermut;rnd.bias","",,2,,,,,,,,,,,,
"20261002T011636Z","full","D_strong_n0050_r05","fastphylosig","D","caper::phylo.d","strong",0.95,50,5,50,50,0,,,,,20310951,25265901,25265902,25265903,20341502,"reference",2,TRUE,199,,,,,,,,,,,,,,,,,,,,,,,"8bd80e87f40b097bb3bd7c43bf1797a08b5d1d136ce61350869138c41d855c3a","3b62cce779b6fae055c21b38ce151ec90486adc3c41ec2e44feb869ef89db91f","0c696f739fb847bd2b3d260a726d99347959f39374c3a010aeec02033c00982a","e1924e0f3c89eeb027e84cd1600423adfbe69015952a8c534f19af31882aa770","4a355b9ff2da73e00fd53dd45949e512bbd8292d6145bcf7e2c3d55186bcb882","0.3.0","isolated_release_library/fastphylosig","d951ecee19c06f3a144ad76c5039302078747585bb3bf829e6f12db15f54775d","isolated_release_library/fastphylosig/libs/<platform>/fastphylosig","c46a5834babd455b546bc65c6549c42ba51e6b47f3c9f222919b7118a5af3280","1bd40080f1ea537b3c73c838dc98ff84940f1064f4e1c4dbfb2dd5063d999bdb","benchmarks/stage5/documentation_fix_release_20261001/fastphylosig_0.3.0.tar.gz","909b7ad27485dcc2d96a7bb1fc70b65b54e93245d75761aca406b9c52f06cbff","1.0.4",0.00727200508117676,0.545422799295376,"Sys.time",1,TRUE,"ok","fast_result",TRUE,,"trait;D_fast;Pval1_fast;Pval0_fast;P_random;P_Brownian;MCSE_P_random;MCSE_P_Brownian;nsim_requested;nsim_successful_random;nsim_successful_brownian;nsim_failed_random;nsim_failed_brownian;observed;mean_random;mean_brownian;n_species;n_removed_na;matched_species;removed_tree_tips;removed_data_rows;status;note;message;estimate;p_random;p_brownian;p_mcse_random;p_mcse_brownian;MCSE_random;MCSE_Brownian;mcse_random;mcse_brownian;n_sim_requested;n_sim_successful_random;n_sim_successful_brownian;method","",,,199,199,199,,,,,,,,,
"20261002T011636Z","full","Delta_strong_n0050_r05","fastphylosig","Delta","Borges2019 delta() [pinned source]","strong",0.95,50,5,50,50,0,,,,,20310951,25265901,25265902,25265903,20341602,"fastphylosig",1,FALSE,,10000,10,100,0.1,0.5,2,"LSE","ARD","0.1","0.5","10000","10","100","LSE","ARD","fast","1",20000,20000,20000,TRUE,TRUE,"8bd80e87f40b097bb3bd7c43bf1797a08b5d1d136ce61350869138c41d855c3a","3b62cce779b6fae055c21b38ce151ec90486adc3c41ec2e44feb869ef89db91f","0c696f739fb847bd2b3d260a726d99347959f39374c3a010aeec02033c00982a","2519e03a9ec9c95d2ccaf461c1f14df94711d13b9813f6a3ec426fb902a6e92c","090a84bf848082072265d15948375dd1490b00e9f956ea75823353cccc4f9117","0.3.0","isolated_release_library/fastphylosig","d951ecee19c06f3a144ad76c5039302078747585bb3bf829e6f12db15f54775d","isolated_release_library/fastphylosig/libs/<platform>/fastphylosig","c46a5834babd455b546bc65c6549c42ba51e6b47f3c9f222919b7118a5af3280","1bd40080f1ea537b3c73c838dc98ff84940f1064f4e1c4dbfb2dd5063d999bdb","benchmarks/stage5/documentation_fix_release_20261001/fastphylosig_0.3.0.tar.gz","909b7ad27485dcc2d96a7bb1fc70b65b54e93245d75761aca406b9c52f06cbff","Borges2019-source-sha256:0dc1e987c13f0e972b0e7c3b4829b4d0fdc41ff0de3856bae4803f9ce0115175",0.0279760360717773,1.80535992693086,"Sys.time",1,TRUE,"ok","fast_result",TRUE,,"trait;Delta_fast;alpha_mean;beta_mean;n_saved;n_saved_requested;n_saved_successful;alpha_sd;beta_sd;ESS_alpha;ESS_beta;split_Rhat_alpha;split_Rhat_beta;Rhat_alpha;Rhat_beta;alpha_beta_cov;MCSE_Delta;diagnostics_available;diagnostics_note;requested_simulations;successful_simulations;requested_iterations;successful_iterations;requested_permutations;successful_permutations;n_states;n_species;n_removed_na;matched_species;removed_tree_tips;removed_data_rows;status;note;message;estimate;p_value;p_mcse;estimate_mcse;ess_alpha;ess_beta;rhat_alpha;rhat_beta;ESS;ess;Rhat;rhat;n_sim_requested;n_sim_successful;n_iter_requested;n_iter_successful;method","",,3,,,,20000,20000,"TRUE","Diagnostics computed from saved alpha/beta MCMC traces.",924.198557433542,1157.82871763336,1.00060355448799,1.00020941392171,0.00603997655411797
"20261002T011636Z","full","Delta_strong_n0050_r05","reference","Delta","Borges2019 delta() [pinned source]","strong",0.95,50,5,50,50,0,50,50,,50,20310951,25265901,25265902,25265903,20341603,"fastphylosig",2,FALSE,,10000,10,100,0.1,0.5,2,"LSE","ARD",,,,,,,,,,,,,,,"8bd80e87f40b097bb3bd7c43bf1797a08b5d1d136ce61350869138c41d855c3a","3b62cce779b6fae055c21b38ce151ec90486adc3c41ec2e44feb869ef89db91f","0c696f739fb847bd2b3d260a726d99347959f39374c3a010aeec02033c00982a","2519e03a9ec9c95d2ccaf461c1f14df94711d13b9813f6a3ec426fb902a6e92c","090a84bf848082072265d15948375dd1490b00e9f956ea75823353cccc4f9117","0.3.0","isolated_release_library/fastphylosig","d951ecee19c06f3a144ad76c5039302078747585bb3bf829e6f12db15f54775d","isolated_release_library/fastphylosig/libs/<platform>/fastphylosig","c46a5834babd455b546bc65c6549c42ba51e6b47f3c9f222919b7118a5af3280","1bd40080f1ea537b3c73c838dc98ff84940f1064f4e1c4dbfb2dd5063d999bdb","benchmarks/stage5/documentation_fix_release_20261001/fastphylosig_0.3.0.tar.gz","909b7ad27485dcc2d96a7bb1fc70b65b54e93245d75761aca406b9c52f06cbff","Borges2019-source-sha256:0dc1e987c13f0e972b0e7c3b4829b4d0fdc41ff0de3856bae4803f9ce0115175",0.85617208480835,1.80782426212363,"Sys.time",1,TRUE,"not_reported_by_reference","finite_reference_estimate_and_input_audit",TRUE,,"<numeric>","NaNs produced || Inf replaced by maximum positive value",,3,,,,,,,,,,,,
"20261002T011636Z","full","D_none_n0050_r06","fastphylosig","D","caper::phylo.d","none",0,50,6,50,50,0,,,,,20310961,25266901,25266902,25266903,20321602,"fastphylosig",1,TRUE,199,,,,,,,,,,,,,,,,,,,,,,,"bc4206b889ec0c838ddd9d1d739594fcf02355a8cc03936174e70af3ec7cccda","8202bb66f6881c59093ba067e591a68879e803177a7728ebd59d6c606a8f31a1","cb96c27c12510a6c75d0cf46ebf1a5922f03fc060d94a0093b874f72c3d2aef6","585c14ddada8e796374483288f19636727c28f016863e1dd2d294562886e5b4b","136bebdb56d21e1f8f079cd3cc65128a977db9b55cbe453ba1fb3c267c7bf793","0.3.0","isolated_release_library/fastphylosig","d951ecee19c06f3a144ad76c5039302078747585bb3bf829e6f12db15f54775d","isolated_release_library/fastphylosig/libs/<platform>/fastphylosig","c46a5834babd455b546bc65c6549c42ba51e6b47f3c9f222919b7118a5af3280","1bd40080f1ea537b3c73c838dc98ff84940f1064f4e1c4dbfb2dd5063d999bdb","benchmarks/stage5/documentation_fix_release_20261001/fastphylosig_0.3.0.tar.gz","909b7ad27485dcc2d96a7bb1fc70b65b54e93245d75761aca406b9c52f06cbff","1.0.4",0.00788688659667969,0.97887238757223,"Sys.time",1,TRUE,"ok","fast_result",TRUE,,"trait;D_fast;Pval1_fast;Pval0_fast;P_random;P_Brownian;MCSE_P_random;MCSE_P_Brownian;nsim_requested;nsim_successful_random;nsim_successful_brownian;nsim_failed_random;nsim_failed_brownian;observed;mean_random;mean_brownian;n_species;n_removed_na;matched_species;removed_tree_tips;removed_data_rows;status;note;message;estimate;p_random;p_brownian;p_mcse_random;p_mcse_brownian;MCSE_random;MCSE_Brownian;mcse_random;mcse_brownian;n_sim_requested;n_sim_successful_random;n_sim_successful_brownian;method","",,,199,199,199,,,,,,,,,
"20261002T011636Z","full","D_none_n0050_r06","reference","D","caper::phylo.d","none",0,50,6,50,50,0,50,50,50,50,20310961,25266901,25266902,25266903,20321603,"fastphylosig",2,TRUE,199,,,,,,,,,,,,,,,,,,,,,,,"bc4206b889ec0c838ddd9d1d739594fcf02355a8cc03936174e70af3ec7cccda","8202bb66f6881c59093ba067e591a68879e803177a7728ebd59d6c606a8f31a1","cb96c27c12510a6c75d0cf46ebf1a5922f03fc060d94a0093b874f72c3d2aef6","585c14ddada8e796374483288f19636727c28f016863e1dd2d294562886e5b4b","136bebdb56d21e1f8f079cd3cc65128a977db9b55cbe453ba1fb3c267c7bf793","0.3.0","isolated_release_library/fastphylosig","d951ecee19c06f3a144ad76c5039302078747585bb3bf829e6f12db15f54775d","isolated_release_library/fastphylosig/libs/<platform>/fastphylosig","c46a5834babd455b546bc65c6549c42ba51e6b47f3c9f222919b7118a5af3280","1bd40080f1ea537b3c73c838dc98ff84940f1064f4e1c4dbfb2dd5063d999bdb","benchmarks/stage5/documentation_fix_release_20261001/fastphylosig_0.3.0.tar.gz","909b7ad27485dcc2d96a7bb1fc70b65b54e93245d75761aca406b9c52f06cbff","1.0.4",0.042294979095459,1.0047075805371,"Sys.time",1,TRUE,"not_reported_by_reference","finite_reference_estimate_and_input_audit",TRUE,,"DEstimate;Pval1;Pval0;Parameters;StatesTable;Permutations;NodalVals;binvar;data;nPermut;rnd.bias","",,2,,,,,,,,,,,,
"20261002T011636Z","full","Delta_none_n0050_r06","reference","Delta","Borges2019 delta() [pinned source]","none",0,50,6,50,50,0,50,50,,50,20310961,25266901,25266902,25266903,20321703,"reference",1,FALSE,,10000,10,100,0.1,0.5,2,"LSE","ARD",,,,,,,,,,,,,,,"bc4206b889ec0c838ddd9d1d739594fcf02355a8cc03936174e70af3ec7cccda","8202bb66f6881c59093ba067e591a68879e803177a7728ebd59d6c606a8f31a1","cb96c27c12510a6c75d0cf46ebf1a5922f03fc060d94a0093b874f72c3d2aef6","07f01306ebb33d3ea4dafb0a262c5de313f22ed14053f444e95019d8df44cd38","982b0b2ef7a01e8d274bd55510cc2347b09d75c4d7e49291e27d7701a49b1223","0.3.0","isolated_release_library/fastphylosig","d951ecee19c06f3a144ad76c5039302078747585bb3bf829e6f12db15f54775d","isolated_release_library/fastphylosig/libs/<platform>/fastphylosig","c46a5834babd455b546bc65c6549c42ba51e6b47f3c9f222919b7118a5af3280","1bd40080f1ea537b3c73c838dc98ff84940f1064f4e1c4dbfb2dd5063d999bdb","benchmarks/stage5/documentation_fix_release_20261001/fastphylosig_0.3.0.tar.gz","909b7ad27485dcc2d96a7bb1fc70b65b54e93245d75761aca406b9c52f06cbff","Borges2019-source-sha256:0dc1e987c13f0e972b0e7c3b4829b4d0fdc41ff0de3856bae4803f9ce0115175",1.12719893455505,0.205537443408939,"Sys.time",1,TRUE,"not_reported_by_reference","finite_reference_estimate_and_input_audit",TRUE,,"<numeric>","imaginary parts discarded in coercion || model fit suspicious: gradients apparently non-finite",,3,,,,,,,,,,,,
"20261002T011636Z","full","Delta_none_n0050_r06","fastphylosig","Delta","Borges2019 delta() [pinned source]","none",0,50,6,50,50,0,,,,,20310961,25266901,25266902,25266903,20321702,"reference",2,FALSE,,10000,10,100,0.1,0.5,2,"LSE","ARD","0.1","0.5","10000","10","100","LSE","ARD","fast","1",20000,20000,20000,TRUE,TRUE,"bc4206b889ec0c838ddd9d1d739594fcf02355a8cc03936174e70af3ec7cccda","8202bb66f6881c59093ba067e591a68879e803177a7728ebd59d6c606a8f31a1","cb96c27c12510a6c75d0cf46ebf1a5922f03fc060d94a0093b874f72c3d2aef6","07f01306ebb33d3ea4dafb0a262c5de313f22ed14053f444e95019d8df44cd38","982b0b2ef7a01e8d274bd55510cc2347b09d75c4d7e49291e27d7701a49b1223","0.3.0","isolated_release_library/fastphylosig","d951ecee19c06f3a144ad76c5039302078747585bb3bf829e6f12db15f54775d","isolated_release_library/fastphylosig/libs/<platform>/fastphylosig","c46a5834babd455b546bc65c6549c42ba51e6b47f3c9f222919b7118a5af3280","1bd40080f1ea537b3c73c838dc98ff84940f1064f4e1c4dbfb2dd5063d999bdb","benchmarks/stage5/documentation_fix_release_20261001/fastphylosig_0.3.0.tar.gz","909b7ad27485dcc2d96a7bb1fc70b65b54e93245d75761aca406b9c52f06cbff","Borges2019-source-sha256:0dc1e987c13f0e972b0e7c3b4829b4d0fdc41ff0de3856bae4803f9ce0115175",0.0459890365600586,0.209157667982817,"Sys.time",1,TRUE,"ok","fast_result",TRUE,,"trait;Delta_fast;alpha_mean;beta_mean;n_saved;n_saved_requested;n_saved_successful;alpha_sd;beta_sd;ESS_alpha;ESS_beta;split_Rhat_alpha;split_Rhat_beta;Rhat_alpha;Rhat_beta;alpha_beta_cov;MCSE_Delta;diagnostics_available;diagnostics_note;requested_simulations;successful_simulations;requested_iterations;successful_iterations;requested_permutations;successful_permutations;n_states;n_species;n_removed_na;matched_species;removed_tree_tips;removed_data_rows;status;note;message;estimate;p_value;p_mcse;estimate_mcse;ess_alpha;ess_beta;rhat_alpha;rhat_beta;ESS;ess;Rhat;rhat;n_sim_requested;n_sim_successful;n_iter_requested;n_iter_successful;method","",,3,,,,20000,20000,"TRUE","Diagnostics computed from saved alpha/beta MCMC traces.",1156.77403290222,878.585533897896,1.00314680060597,1.00172234472415,0.000797199876039005
"20261002T011636Z","full","D_moderate_n0050_r06","reference","D","caper::phylo.d","moderate",0.5,50,6,50,50,0,50,50,50,50,20310961,25266901,25266902,25266903,20331603,"reference",1,TRUE,199,,,,,,,,,,,,,,,,,,,,,,,"bc4206b889ec0c838ddd9d1d739594fcf02355a8cc03936174e70af3ec7cccda","8202bb66f6881c59093ba067e591a68879e803177a7728ebd59d6c606a8f31a1","cb96c27c12510a6c75d0cf46ebf1a5922f03fc060d94a0093b874f72c3d2aef6","2f29f081c63ce60287b0e6a18ff70d2d108f173bff2db84b2fa1c4f3b7ba5a42","b6dfec4c17fb8eb17e2d3c86e055123b9fe72ddbe672b31a1c87531abe8ce829","0.3.0","isolated_release_library/fastphylosig","d951ecee19c06f3a144ad76c5039302078747585bb3bf829e6f12db15f54775d","isolated_release_library/fastphylosig/libs/<platform>/fastphylosig","c46a5834babd455b546bc65c6549c42ba51e6b47f3c9f222919b7118a5af3280","1bd40080f1ea537b3c73c838dc98ff84940f1064f4e1c4dbfb2dd5063d999bdb","benchmarks/stage5/documentation_fix_release_20261001/fastphylosig_0.3.0.tar.gz","909b7ad27485dcc2d96a7bb1fc70b65b54e93245d75761aca406b9c52f06cbff","1.0.4",0.0424988269805908,0.952765065997506,"Sys.time",1,TRUE,"not_reported_by_reference","finite_reference_estimate_and_input_audit",TRUE,,"DEstimate;Pval1;Pval0;Parameters;StatesTable;Permutations;NodalVals;binvar;data;nPermut;rnd.bias","",,2,,,,,,,,,,,,
"20261002T011636Z","full","D_moderate_n0050_r06","fastphylosig","D","caper::phylo.d","moderate",0.5,50,6,50,50,0,,,,,20310961,25266901,25266902,25266903,20331602,"reference",2,TRUE,199,,,,,,,,,,,,,,,,,,,,,,,"bc4206b889ec0c838ddd9d1d739594fcf02355a8cc03936174e70af3ec7cccda","8202bb66f6881c59093ba067e591a68879e803177a7728ebd59d6c606a8f31a1","cb96c27c12510a6c75d0cf46ebf1a5922f03fc060d94a0093b874f72c3d2aef6","2f29f081c63ce60287b0e6a18ff70d2d108f173bff2db84b2fa1c4f3b7ba5a42","b6dfec4c17fb8eb17e2d3c86e055123b9fe72ddbe672b31a1c87531abe8ce829","0.3.0","isolated_release_library/fastphylosig","d951ecee19c06f3a144ad76c5039302078747585bb3bf829e6f12db15f54775d","isolated_release_library/fastphylosig/libs/<platform>/fastphylosig","c46a5834babd455b546bc65c6549c42ba51e6b47f3c9f222919b7118a5af3280","1bd40080f1ea537b3c73c838dc98ff84940f1064f4e1c4dbfb2dd5063d999bdb","benchmarks/stage5/documentation_fix_release_20261001/fastphylosig_0.3.0.tar.gz","909b7ad27485dcc2d96a7bb1fc70b65b54e93245d75761aca406b9c52f06cbff","1.0.4",0.00768709182739258,0.933219331561262,"Sys.time",1,TRUE,"ok","fast_result",TRUE,,"trait;D_fast;Pval1_fast;Pval0_fast;P_random;P_Brownian;MCSE_P_random;MCSE_P_Brownian;nsim_requested;nsim_successful_random;nsim_successful_brownian;nsim_failed_random;nsim_failed_brownian;observed;mean_random;mean_brownian;n_species;n_removed_na;matched_species;removed_tree_tips;removed_data_rows;status;note;message;estimate;p_random;p_brownian;p_mcse_random;p_mcse_brownian;MCSE_random;MCSE_Brownian;mcse_random;mcse_brownian;n_sim_requested;n_sim_successful_random;n_sim_successful_brownian;method","",,,199,199,199,,,,,,,,,
"20261002T011636Z","full","Delta_moderate_n0050_r06","fastphylosig","Delta","Borges2019 delta() [pinned source]","moderate",0.5,50,6,50,50,0,,,,,20310961,25266901,25266902,25266903,20331702,"fastphylosig",1,FALSE,,10000,10,100,0.1,0.5,2,"LSE","ARD","0.1","0.5","10000","10","100","LSE","ARD","fast","1",20000,20000,20000,TRUE,TRUE,"bc4206b889ec0c838ddd9d1d739594fcf02355a8cc03936174e70af3ec7cccda","8202bb66f6881c59093ba067e591a68879e803177a7728ebd59d6c606a8f31a1","cb96c27c12510a6c75d0cf46ebf1a5922f03fc060d94a0093b874f72c3d2aef6","4cae1fa49090ca237ff386074973e741a432fa34524008fadb3e0f592d2cb94b","7308c860cceba2a3e773baaed8057f6e23ca6d7f0ffb60860b850ed8c7596fcd","0.3.0","isolated_release_library/fastphylosig","d951ecee19c06f3a144ad76c5039302078747585bb3bf829e6f12db15f54775d","isolated_release_library/fastphylosig/libs/<platform>/fastphylosig","c46a5834babd455b546bc65c6549c42ba51e6b47f3c9f222919b7118a5af3280","1bd40080f1ea537b3c73c838dc98ff84940f1064f4e1c4dbfb2dd5063d999bdb","benchmarks/stage5/documentation_fix_release_20261001/fastphylosig_0.3.0.tar.gz","909b7ad27485dcc2d96a7bb1fc70b65b54e93245d75761aca406b9c52f06cbff","Borges2019-source-sha256:0dc1e987c13f0e972b0e7c3b4829b4d0fdc41ff0de3856bae4803f9ce0115175",0.0304489135742188,0.528791992518046,"Sys.time",1,TRUE,"ok","fast_result",TRUE,,"trait;Delta_fast;alpha_mean;beta_mean;n_saved;n_saved_requested;n_saved_successful;alpha_sd;beta_sd;ESS_alpha;ESS_beta;split_Rhat_alpha;split_Rhat_beta;Rhat_alpha;Rhat_beta;alpha_beta_cov;MCSE_Delta;diagnostics_available;diagnostics_note;requested_simulations;successful_simulations;requested_iterations;successful_iterations;requested_permutations;successful_permutations;n_states;n_species;n_removed_na;matched_species;removed_tree_tips;removed_data_rows;status;note;message;estimate;p_value;p_mcse;estimate_mcse;ess_alpha;ess_beta;rhat_alpha;rhat_beta;ESS;ess;Rhat;rhat;n_sim_requested;n_sim_successful;n_iter_requested;n_iter_successful;method","",,3,,,,20000,20000,"TRUE","Diagnostics computed from saved alpha/beta MCMC traces.",1369.93676967153,1287.1501216638,0.999867858386338,1.00088623554856,0.00198184964090053
"20261002T011636Z","full","Delta_moderate_n0050_r06","reference","Delta","Borges2019 delta() [pinned source]","moderate",0.5,50,6,50,50,0,50,50,,50,20310961,25266901,25266902,25266903,20331703,"fastphylosig",2,FALSE,,10000,10,100,0.1,0.5,2,"LSE","ARD",,,,,,,,,,,,,,,"bc4206b889ec0c838ddd9d1d739594fcf02355a8cc03936174e70af3ec7cccda","8202bb66f6881c59093ba067e591a68879e803177a7728ebd59d6c606a8f31a1","cb96c27c12510a6c75d0cf46ebf1a5922f03fc060d94a0093b874f72c3d2aef6","4cae1fa49090ca237ff386074973e741a432fa34524008fadb3e0f592d2cb94b","7308c860cceba2a3e773baaed8057f6e23ca6d7f0ffb60860b850ed8c7596fcd","0.3.0","isolated_release_library/fastphylosig","d951ecee19c06f3a144ad76c5039302078747585bb3bf829e6f12db15f54775d","isolated_release_library/fastphylosig/libs/<platform>/fastphylosig","c46a5834babd455b546bc65c6549c42ba51e6b47f3c9f222919b7118a5af3280","1bd40080f1ea537b3c73c838dc98ff84940f1064f4e1c4dbfb2dd5063d999bdb","benchmarks/stage5/documentation_fix_release_20261001/fastphylosig_0.3.0.tar.gz","909b7ad27485dcc2d96a7bb1fc70b65b54e93245d75761aca406b9c52f06cbff","Borges2019-source-sha256:0dc1e987c13f0e972b0e7c3b4829b4d0fdc41ff0de3856bae4803f9ce0115175",0.925615072250366,0.53617188997627,"Sys.time",1,TRUE,"not_reported_by_reference","finite_reference_estimate_and_input_audit",TRUE,,"<numeric>","imaginary parts discarded in coercion",,3,,,,,,,,,,,,
"20261002T011636Z","full","D_strong_n0050_r06","fastphylosig","D","caper::phylo.d","strong",0.95,50,6,50,50,0,,,,,20310961,25266901,25266902,25266903,20341602,"fastphylosig",1,TRUE,199,,,,,,,,,,,,,,,,,,,,,,,"bc4206b889ec0c838ddd9d1d739594fcf02355a8cc03936174e70af3ec7cccda","8202bb66f6881c59093ba067e591a68879e803177a7728ebd59d6c606a8f31a1","cb96c27c12510a6c75d0cf46ebf1a5922f03fc060d94a0093b874f72c3d2aef6","024baf4602be558ce7e53c2b9cdbd6e9748b28db727395dd372689076b0ec084","b2ad8e7db1dc314d705f821acc05dc623925f12bdfe6753b1c64e6b04705dec9","0.3.0","isolated_release_library/fastphylosig","d951ecee19c06f3a144ad76c5039302078747585bb3bf829e6f12db15f54775d","isolated_release_library/fastphylosig/libs/<platform>/fastphylosig","c46a5834babd455b546bc65c6549c42ba51e6b47f3c9f222919b7118a5af3280","1bd40080f1ea537b3c73c838dc98ff84940f1064f4e1c4dbfb2dd5063d999bdb","benchmarks/stage5/documentation_fix_release_20261001/fastphylosig_0.3.0.tar.gz","909b7ad27485dcc2d96a7bb1fc70b65b54e93245d75761aca406b9c52f06cbff","1.0.4",0.00766420364379883,0.31677797911215,"Sys.time",1,TRUE,"ok","fast_result",TRUE,,"trait;D_fast;Pval1_fast;Pval0_fast;P_random;P_Brownian;MCSE_P_random;MCSE_P_Brownian;nsim_requested;nsim_successful_random;nsim_successful_brownian;nsim_failed_random;nsim_failed_brownian;observed;mean_random;mean_brownian;n_species;n_removed_na;matched_species;removed_tree_tips;removed_data_rows;status;note;message;estimate;p_random;p_brownian;p_mcse_random;p_mcse_brownian;MCSE_random;MCSE_Brownian;mcse_random;mcse_brownian;n_sim_requested;n_sim_successful_random;n_sim_successful_brownian;method","",,,199,199,199,,,,,,,,,
"20261002T011636Z","full","D_strong_n0050_r06","reference","D","caper::phylo.d","strong",0.95,50,6,50,50,0,50,50,50,50,20310961,25266901,25266902,25266903,20341603,"fastphylosig",2,TRUE,199,,,,,,,,,,,,,,,,,,,,,,,"bc4206b889ec0c838ddd9d1d739594fcf02355a8cc03936174e70af3ec7cccda","8202bb66f6881c59093ba067e591a68879e803177a7728ebd59d6c606a8f31a1","cb96c27c12510a6c75d0cf46ebf1a5922f03fc060d94a0093b874f72c3d2aef6","024baf4602be558ce7e53c2b9cdbd6e9748b28db727395dd372689076b0ec084","b2ad8e7db1dc314d705f821acc05dc623925f12bdfe6753b1c64e6b04705dec9","0.3.0","isolated_release_library/fastphylosig","d951ecee19c06f3a144ad76c5039302078747585bb3bf829e6f12db15f54775d","isolated_release_library/fastphylosig/libs/<platform>/fastphylosig","c46a5834babd455b546bc65c6549c42ba51e6b47f3c9f222919b7118a5af3280","1bd40080f1ea537b3c73c838dc98ff84940f1064f4e1c4dbfb2dd5063d999bdb","benchmarks/stage5/documentation_fix_release_20261001/fastphylosig_0.3.0.tar.gz","909b7ad27485dcc2d96a7bb1fc70b65b54e93245d75761aca406b9c52f06cbff","1.0.4",0.0441989898681641,0.259164114169506,"Sys.time",1,TRUE,"not_reported_by_reference","finite_reference_estimate_and_input_audit",TRUE,,"DEstimate;Pval1;Pval0;Parameters;StatesTable;Permutations;NodalVals;binvar;data;nPermut;rnd.bias","",,2,,,,,,,,,,,,
"20261002T011636Z","full","Delta_strong_n0050_r06","reference","Delta","Borges2019 delta() [pinned source]","strong",0.95,50,6,50,50,0,50,50,,50,20310961,25266901,25266902,25266903,20341703,"reference",1,FALSE,,10000,10,100,0.1,0.5,2,"LSE","ARD",,,,,,,,,,,,,,,"bc4206b889ec0c838ddd9d1d739594fcf02355a8cc03936174e70af3ec7cccda","8202bb66f6881c59093ba067e591a68879e803177a7728ebd59d6c606a8f31a1","cb96c27c12510a6c75d0cf46ebf1a5922f03fc060d94a0093b874f72c3d2aef6","fa376a20cc9dd4934c50bbfbf7d2014bad910b326d7fe90c5b0bb33627b3a3f7","ee065babff56cfc654aa68f6429b2a34fbd049e110eec61dc2abe5e7db55356c","0.3.0","isolated_release_library/fastphylosig","d951ecee19c06f3a144ad76c5039302078747585bb3bf829e6f12db15f54775d","isolated_release_library/fastphylosig/libs/<platform>/fastphylosig","c46a5834babd455b546bc65c6549c42ba51e6b47f3c9f222919b7118a5af3280","1bd40080f1ea537b3c73c838dc98ff84940f1064f4e1c4dbfb2dd5063d999bdb","benchmarks/stage5/documentation_fix_release_20261001/fastphylosig_0.3.0.tar.gz","909b7ad27485dcc2d96a7bb1fc70b65b54e93245d75761aca406b9c52f06cbff","Borges2019-source-sha256:0dc1e987c13f0e972b0e7c3b4829b4d0fdc41ff0de3856bae4803f9ce0115175",0.892500877380371,3.50553884538953,"Sys.time",1,TRUE,"not_reported_by_reference","finite_reference_estimate_and_input_audit",TRUE,,"<numeric>","imaginary parts discarded in coercion || model fit suspicious: gradients apparently non-finite",,3,,,,,,,,,,,,
"20261002T011636Z","full","Delta_strong_n0050_r06","fastphylosig","Delta","Borges2019 delta() [pinned source]","strong",0.95,50,6,50,50,0,,,,,20310961,25266901,25266902,25266903,20341702,"reference",2,FALSE,,10000,10,100,0.1,0.5,2,"LSE","ARD","0.1","0.5","10000","10","100","LSE","ARD","fast","1",20000,20000,20000,TRUE,TRUE,"bc4206b889ec0c838ddd9d1d739594fcf02355a8cc03936174e70af3ec7cccda","8202bb66f6881c59093ba067e591a68879e803177a7728ebd59d6c606a8f31a1","cb96c27c12510a6c75d0cf46ebf1a5922f03fc060d94a0093b874f72c3d2aef6","fa376a20cc9dd4934c50bbfbf7d2014bad910b326d7fe90c5b0bb33627b3a3f7","ee065babff56cfc654aa68f6429b2a34fbd049e110eec61dc2abe5e7db55356c","0.3.0","isolated_release_library/fastphylosig","d951ecee19c06f3a144ad76c5039302078747585bb3bf829e6f12db15f54775d","isolated_release_library/fastphylosig/libs/<platform>/fastphylosig","c46a5834babd455b546bc65c6549c42ba51e6b47f3c9f222919b7118a5af3280","1bd40080f1ea537b3c73c838dc98ff84940f1064f4e1c4dbfb2dd5063d999bdb","benchmarks/stage5/documentation_fix_release_20261001/fastphylosig_0.3.0.tar.gz","909b7ad27485dcc2d96a7bb1fc70b65b54e93245d75761aca406b9c52f06cbff","Borges2019-source-sha256:0dc1e987c13f0e972b0e7c3b4829b4d0fdc41ff0de3856bae4803f9ce0115175",0.029742956161499,3.89243361014697,"Sys.time",1,TRUE,"ok","fast_result",TRUE,,"trait;Delta_fast;alpha_mean;beta_mean;n_saved;n_saved_requested;n_saved_successful;alpha_sd;beta_sd;ESS_alpha;ESS_beta;split_Rhat_alpha;split_Rhat_beta;Rhat_alpha;Rhat_beta;alpha_beta_cov;MCSE_Delta;diagnostics_available;diagnostics_note;requested_simulations;successful_simulations;requested_iterations;successful_iterations;requested_permutations;successful_permutations;n_states;n_species;n_removed_na;matched_species;removed_tree_tips;removed_data_rows;status;note;message;estimate;p_value;p_mcse;estimate_mcse;ess_alpha;ess_beta;rhat_alpha;rhat_beta;ESS;ess;Rhat;rhat;n_sim_requested;n_sim_successful;n_iter_requested;n_iter_successful;method","",,3,,,,20000,20000,"TRUE","Diagnostics computed from saved alpha/beta MCMC traces.",1204.73539055931,1166.350031358,1.00014979014757,1.00048310748962,0.0137337944556791
"20261002T011636Z","full","D_none_n0050_r07","reference","D","caper::phylo.d","none",0,50,7,50,50,0,50,50,50,50,20310971,25267901,25267902,25267903,20321703,"reference",1,TRUE,199,,,,,,,,,,,,,,,,,,,,,,,"0598f3f7695de9c589db36b710fd00f0b95bb31c0958117a582dc74239efb114","29e7302545bbc554ed19cf340406075fddcbbf8af01593b8aa6961ce28119461","f881b9f6d47afec6605abc462d5d82469e3e85576d52be6d5185f276e53e5f69","6e0bff3bd41d0892cd7d5a906a1398c1f4115118cb5f6da854588e82c79b290d","78e848ae182534922abb2886b0b5190c3f1c7dd592e97605da4f9d98afc53cb3","0.3.0","isolated_release_library/fastphylosig","d951ecee19c06f3a144ad76c5039302078747585bb3bf829e6f12db15f54775d","isolated_release_library/fastphylosig/libs/<platform>/fastphylosig","c46a5834babd455b546bc65c6549c42ba51e6b47f3c9f222919b7118a5af3280","1bd40080f1ea537b3c73c838dc98ff84940f1064f4e1c4dbfb2dd5063d999bdb","benchmarks/stage5/documentation_fix_release_20261001/fastphylosig_0.3.0.tar.gz","909b7ad27485dcc2d96a7bb1fc70b65b54e93245d75761aca406b9c52f06cbff","1.0.4",0.0421171188354492,1.04771832207033,"Sys.time",1,TRUE,"not_reported_by_reference","finite_reference_estimate_and_input_audit",TRUE,,"DEstimate;Pval1;Pval0;Parameters;StatesTable;Permutations;NodalVals;binvar;data;nPermut;rnd.bias","",,2,,,,,,,,,,,,
"20261002T011636Z","full","D_none_n0050_r07","fastphylosig","D","caper::phylo.d","none",0,50,7,50,50,0,,,,,20310971,25267901,25267902,25267903,20321702,"reference",2,TRUE,199,,,,,,,,,,,,,,,,,,,,,,,"0598f3f7695de9c589db36b710fd00f0b95bb31c0958117a582dc74239efb114","29e7302545bbc554ed19cf340406075fddcbbf8af01593b8aa6961ce28119461","f881b9f6d47afec6605abc462d5d82469e3e85576d52be6d5185f276e53e5f69","6e0bff3bd41d0892cd7d5a906a1398c1f4115118cb5f6da854588e82c79b290d","78e848ae182534922abb2886b0b5190c3f1c7dd592e97605da4f9d98afc53cb3","0.3.0","isolated_release_library/fastphylosig","d951ecee19c06f3a144ad76c5039302078747585bb3bf829e6f12db15f54775d","isolated_release_library/fastphylosig/libs/<platform>/fastphylosig","c46a5834babd455b546bc65c6549c42ba51e6b47f3c9f222919b7118a5af3280","1bd40080f1ea537b3c73c838dc98ff84940f1064f4e1c4dbfb2dd5063d999bdb","benchmarks/stage5/documentation_fix_release_20261001/fastphylosig_0.3.0.tar.gz","909b7ad27485dcc2d96a7bb1fc70b65b54e93245d75761aca406b9c52f06cbff","1.0.4",0.00747489929199219,1.041135375381,"Sys.time",1,TRUE,"ok","fast_result",TRUE,,"trait;D_fast;Pval1_fast;Pval0_fast;P_random;P_Brownian;MCSE_P_random;MCSE_P_Brownian;nsim_requested;nsim_successful_random;nsim_successful_brownian;nsim_failed_random;nsim_failed_brownian;observed;mean_random;mean_brownian;n_species;n_removed_na;matched_species;removed_tree_tips;removed_data_rows;status;note;message;estimate;p_random;p_brownian;p_mcse_random;p_mcse_brownian;MCSE_random;MCSE_Brownian;mcse_random;mcse_brownian;n_sim_requested;n_sim_successful_random;n_sim_successful_brownian;method","",,,199,199,199,,,,,,,,,
"20261002T011636Z","full","Delta_none_n0050_r07","fastphylosig","Delta","Borges2019 delta() [pinned source]","none",0,50,7,50,50,0,,,,,20310971,25267901,25267902,25267903,20321802,"fastphylosig",1,FALSE,,10000,10,100,0.1,0.5,2,"LSE","ARD","0.1","0.5","10000","10","100","LSE","ARD","fast","1",20000,20000,20000,TRUE,TRUE,"0598f3f7695de9c589db36b710fd00f0b95bb31c0958117a582dc74239efb114","29e7302545bbc554ed19cf340406075fddcbbf8af01593b8aa6961ce28119461","f881b9f6d47afec6605abc462d5d82469e3e85576d52be6d5185f276e53e5f69","306ed28d49fc2369e5bef5b344d2569ae6915869e5c6d9a5e4f206ad407f53f8","b1c7255c66a3f9b85ddcaa94925143c069b1d666db47272bb97fdafb72ff333c","0.3.0","isolated_release_library/fastphylosig","d951ecee19c06f3a144ad76c5039302078747585bb3bf829e6f12db15f54775d","isolated_release_library/fastphylosig/libs/<platform>/fastphylosig","c46a5834babd455b546bc65c6549c42ba51e6b47f3c9f222919b7118a5af3280","1bd40080f1ea537b3c73c838dc98ff84940f1064f4e1c4dbfb2dd5063d999bdb","benchmarks/stage5/documentation_fix_release_20261001/fastphylosig_0.3.0.tar.gz","909b7ad27485dcc2d96a7bb1fc70b65b54e93245d75761aca406b9c52f06cbff","Borges2019-source-sha256:0dc1e987c13f0e972b0e7c3b4829b4d0fdc41ff0de3856bae4803f9ce0115175",0.0403680801391602,0.0386252867408333,"Sys.time",1,TRUE,"ok","fast_result",TRUE,,"trait;Delta_fast;alpha_mean;beta_mean;n_saved;n_saved_requested;n_saved_successful;alpha_sd;beta_sd;ESS_alpha;ESS_beta;split_Rhat_alpha;split_Rhat_beta;Rhat_alpha;Rhat_beta;alpha_beta_cov;MCSE_Delta;diagnostics_available;diagnostics_note;requested_simulations;successful_simulations;requested_iterations;successful_iterations;requested_permutations;successful_permutations;n_states;n_species;n_removed_na;matched_species;removed_tree_tips;removed_data_rows;status;note;message;estimate;p_value;p_mcse;estimate_mcse;ess_alpha;ess_beta;rhat_alpha;rhat_beta;ESS;ess;Rhat;rhat;n_sim_requested;n_sim_successful;n_iter_requested;n_iter_successful;method","",,3,,,,20000,20000,"TRUE","Diagnostics computed from saved alpha/beta MCMC traces.",1256.00716818077,1291.37828456488,1.00146586764362,1.00150484372824,0.000158718448145589
"20261002T011636Z","full","Delta_none_n0050_r07","reference","Delta","Borges2019 delta() [pinned source]","none",0,50,7,50,50,0,50,50,,50,20310971,25267901,25267902,25267903,20321803,"fastphylosig",2,FALSE,,10000,10,100,0.1,0.5,2,"LSE","ARD",,,,,,,,,,,,,,,"0598f3f7695de9c589db36b710fd00f0b95bb31c0958117a582dc74239efb114","29e7302545bbc554ed19cf340406075fddcbbf8af01593b8aa6961ce28119461","f881b9f6d47afec6605abc462d5d82469e3e85576d52be6d5185f276e53e5f69","306ed28d49fc2369e5bef5b344d2569ae6915869e5c6d9a5e4f206ad407f53f8","b1c7255c66a3f9b85ddcaa94925143c069b1d666db47272bb97fdafb72ff333c","0.3.0","isolated_release_library/fastphylosig","d951ecee19c06f3a144ad76c5039302078747585bb3bf829e6f12db15f54775d","isolated_release_library/fastphylosig/libs/<platform>/fastphylosig","c46a5834babd455b546bc65c6549c42ba51e6b47f3c9f222919b7118a5af3280","1bd40080f1ea537b3c73c838dc98ff84940f1064f4e1c4dbfb2dd5063d999bdb","benchmarks/stage5/documentation_fix_release_20261001/fastphylosig_0.3.0.tar.gz","909b7ad27485dcc2d96a7bb1fc70b65b54e93245d75761aca406b9c52f06cbff","Borges2019-source-sha256:0dc1e987c13f0e972b0e7c3b4829b4d0fdc41ff0de3856bae4803f9ce0115175",1.11538290977478,0.0418508507221274,"Sys.time",1,TRUE,"not_reported_by_reference","finite_reference_estimate_and_input_audit",TRUE,,"<numeric>","imaginary parts discarded in coercion || model fit suspicious: gradients apparently non-finite",,3,,,,,,,,,,,,
"20261002T011636Z","full","D_moderate_n0050_r07","fastphylosig","D","caper::phylo.d","moderate",0.5,50,7,50,50,0,,,,,20310971,25267901,25267902,25267903,20331702,"fastphylosig",1,TRUE,199,,,,,,,,,,,,,,,,,,,,,,,"0598f3f7695de9c589db36b710fd00f0b95bb31c0958117a582dc74239efb114","29e7302545bbc554ed19cf340406075fddcbbf8af01593b8aa6961ce28119461","f881b9f6d47afec6605abc462d5d82469e3e85576d52be6d5185f276e53e5f69","ad65538d492194aeaf9577e2faeda8b6e346b71ff20c0b0449f7402e94d4498e","a2928c50f2d8f0fefe09bbb7b1d11f54918a1507bda369982e62f5a0cccc0515","0.3.0","isolated_release_library/fastphylosig","d951ecee19c06f3a144ad76c5039302078747585bb3bf829e6f12db15f54775d","isolated_release_library/fastphylosig/libs/<platform>/fastphylosig","c46a5834babd455b546bc65c6549c42ba51e6b47f3c9f222919b7118a5af3280","1bd40080f1ea537b3c73c838dc98ff84940f1064f4e1c4dbfb2dd5063d999bdb","benchmarks/stage5/documentation_fix_release_20261001/fastphylosig_0.3.0.tar.gz","909b7ad27485dcc2d96a7bb1fc70b65b54e93245d75761aca406b9c52f06cbff","1.0.4",0.00789809226989746,0.621151770268996,"Sys.time",1,TRUE,"ok","fast_result",TRUE,,"trait;D_fast;Pval1_fast;Pval0_fast;P_random;P_Brownian;MCSE_P_random;MCSE_P_Brownian;nsim_requested;nsim_successful_random;nsim_successful_brownian;nsim_failed_random;nsim_failed_brownian;observed;mean_random;mean_brownian;n_species;n_removed_na;matched_species;removed_tree_tips;removed_data_rows;status;note;message;estimate;p_random;p_brownian;p_mcse_random;p_mcse_brownian;MCSE_random;MCSE_Brownian;mcse_random;mcse_brownian;n_sim_requested;n_sim_successful_random;n_sim_successful_brownian;method","",,,199,199,199,,,,,,,,,
"20261002T011636Z","full","D_moderate_n0050_r07","reference","D","caper::phylo.d","moderate",0.5,50,7,50,50,0,50,50,50,50,20310971,25267901,25267902,25267903,20331703,"fastphylosig",2,TRUE,199,,,,,,,,,,,,,,,,,,,,,,,"0598f3f7695de9c589db36b710fd00f0b95bb31c0958117a582dc74239efb114","29e7302545bbc554ed19cf340406075fddcbbf8af01593b8aa6961ce28119461","f881b9f6d47afec6605abc462d5d82469e3e85576d52be6d5185f276e53e5f69","ad65538d492194aeaf9577e2faeda8b6e346b71ff20c0b0449f7402e94d4498e","a2928c50f2d8f0fefe09bbb7b1d11f54918a1507bda369982e62f5a0cccc0515","0.3.0","isolated_release_library/fastphylosig","d951ecee19c06f3a144ad76c5039302078747585bb3bf829e6f12db15f54775d","isolated_release_library/fastphylosig/libs/<platform>/fastphylosig","c46a5834babd455b546bc65c6549c42ba51e6b47f3c9f222919b7118a5af3280","1bd40080f1ea537b3c73c838dc98ff84940f1064f4e1c4dbfb2dd5063d999bdb","benchmarks/stage5/documentation_fix_release_20261001/fastphylosig_0.3.0.tar.gz","909b7ad27485dcc2d96a7bb1fc70b65b54e93245d75761aca406b9c52f06cbff","1.0.4",0.0405731201171875,0.617663206616104,"Sys.time",1,TRUE,"not_reported_by_reference","finite_reference_estimate_and_input_audit",TRUE,,"DEstimate;Pval1;Pval0;Parameters;StatesTable;Permutations;NodalVals;binvar;data;nPermut;rnd.bias","",,2,,,,,,,,,,,,
"20261002T011636Z","full","Delta_moderate_n0050_r07","reference","Delta","Borges2019 delta() [pinned source]","moderate",0.5,50,7,50,50,0,50,50,,50,20310971,25267901,25267902,25267903,20331803,"reference",1,FALSE,,10000,10,100,0.1,0.5,2,"LSE","ARD",,,,,,,,,,,,,,,"0598f3f7695de9c589db36b710fd00f0b95bb31c0958117a582dc74239efb114","29e7302545bbc554ed19cf340406075fddcbbf8af01593b8aa6961ce28119461","f881b9f6d47afec6605abc462d5d82469e3e85576d52be6d5185f276e53e5f69","baa1292fb0f65f1b6a6b3d60ae1ec63cf8a5d93d5b90fceb29a7a7de722c2e91","d7f3ab469f9502c418b2c84efa2bd7338152d8f29d594ef04fe0e20da9da618b","0.3.0","isolated_release_library/fastphylosig","d951ecee19c06f3a144ad76c5039302078747585bb3bf829e6f12db15f54775d","isolated_release_library/fastphylosig/libs/<platform>/fastphylosig","c46a5834babd455b546bc65c6549c42ba51e6b47f3c9f222919b7118a5af3280","1bd40080f1ea537b3c73c838dc98ff84940f1064f4e1c4dbfb2dd5063d999bdb","benchmarks/stage5/documentation_fix_release_20261001/fastphylosig_0.3.0.tar.gz","909b7ad27485dcc2d96a7bb1fc70b65b54e93245d75761aca406b9c52f06cbff","Borges2019-source-sha256:0dc1e987c13f0e972b0e7c3b4829b4d0fdc41ff0de3856bae4803f9ce0115175",0.871816158294678,2.82741843711801,"Sys.time",1,TRUE,"not_reported_by_reference","finite_reference_estimate_and_input_audit",TRUE,,"<numeric>","NaNs produced || Inf replaced by maximum positive value",,3,,,,,,,,,,,,
"20261002T011636Z","full","Delta_moderate_n0050_r07","fastphylosig","Delta","Borges2019 delta() [pinned source]","moderate",0.5,50,7,50,50,0,,,,,20310971,25267901,25267902,25267903,20331802,"reference",2,FALSE,,10000,10,100,0.1,0.5,2,"LSE","ARD","0.1","0.5","10000","10","100","LSE","ARD","fast","1",20000,20000,20000,TRUE,TRUE,"0598f3f7695de9c589db36b710fd00f0b95bb31c0958117a582dc74239efb114","29e7302545bbc554ed19cf340406075fddcbbf8af01593b8aa6961ce28119461","f881b9f6d47afec6605abc462d5d82469e3e85576d52be6d5185f276e53e5f69","baa1292fb0f65f1b6a6b3d60ae1ec63cf8a5d93d5b90fceb29a7a7de722c2e91","d7f3ab469f9502c418b2c84efa2bd7338152d8f29d594ef04fe0e20da9da618b","0.3.0","isolated_release_library/fastphylosig","d951ecee19c06f3a144ad76c5039302078747585bb3bf829e6f12db15f54775d","isolated_release_library/fastphylosig/libs/<platform>/fastphylosig","c46a5834babd455b546bc65c6549c42ba51e6b47f3c9f222919b7118a5af3280","1bd40080f1ea537b3c73c838dc98ff84940f1064f4e1c4dbfb2dd5063d999bdb","benchmarks/stage5/documentation_fix_release_20261001/fastphylosig_0.3.0.tar.gz","909b7ad27485dcc2d96a7bb1fc70b65b54e93245d75761aca406b9c52f06cbff","Borges2019-source-sha256:0dc1e987c13f0e972b0e7c3b4829b4d0fdc41ff0de3856bae4803f9ce0115175",0.0290720462799072,2.78861483437399,"Sys.time",1,TRUE,"ok","fast_result",TRUE,,"trait;Delta_fast;alpha_mean;beta_mean;n_saved;n_saved_requested;n_saved_successful;alpha_sd;beta_sd;ESS_alpha;ESS_beta;split_Rhat_alpha;split_Rhat_beta;Rhat_alpha;Rhat_beta;alpha_beta_cov;MCSE_Delta;diagnostics_available;diagnostics_note;requested_simulations;successful_simulations;requested_iterations;successful_iterations;requested_permutations;successful_permutations;n_states;n_species;n_removed_na;matched_species;removed_tree_tips;removed_data_rows;status;note;message;estimate;p_value;p_mcse;estimate_mcse;ess_alpha;ess_beta;rhat_alpha;rhat_beta;ESS;ess;Rhat;rhat;n_sim_requested;n_sim_successful;n_iter_requested;n_iter_successful;method","",,3,,,,20000,20000,"TRUE","Diagnostics computed from saved alpha/beta MCMC traces.",1258.88702771494,1278.99310034529,0.999782643683594,1.00017526409638,0.00884997757185243
"20261002T011636Z","full","D_strong_n0050_r07","reference","D","caper::phylo.d","strong",0.95,50,7,50,50,0,50,50,50,50,20310971,25267901,25267902,25267903,20341703,"reference",1,TRUE,199,,,,,,,,,,,,,,,,,,,,,,,"0598f3f7695de9c589db36b710fd00f0b95bb31c0958117a582dc74239efb114","29e7302545bbc554ed19cf340406075fddcbbf8af01593b8aa6961ce28119461","f881b9f6d47afec6605abc462d5d82469e3e85576d52be6d5185f276e53e5f69","c12e8e7bb20c82f6fea959192b648b51b41f12790d8764c12a6c518d1e68e43b","bf711b3f2824c3330e7aab45b69a486b80dd7724b18730ce36911e734ba1e7e3","0.3.0","isolated_release_library/fastphylosig","d951ecee19c06f3a144ad76c5039302078747585bb3bf829e6f12db15f54775d","isolated_release_library/fastphylosig/libs/<platform>/fastphylosig","c46a5834babd455b546bc65c6549c42ba51e6b47f3c9f222919b7118a5af3280","1bd40080f1ea537b3c73c838dc98ff84940f1064f4e1c4dbfb2dd5063d999bdb","benchmarks/stage5/documentation_fix_release_20261001/fastphylosig_0.3.0.tar.gz","909b7ad27485dcc2d96a7bb1fc70b65b54e93245d75761aca406b9c52f06cbff","1.0.4",0.0422961711883545,0.48803563245725,"Sys.time",1,TRUE,"not_reported_by_reference","finite_reference_estimate_and_input_audit",TRUE,,"DEstimate;Pval1;Pval0;Parameters;StatesTable;Permutations;NodalVals;binvar;data;nPermut;rnd.bias","",,2,,,,,,,,,,,,
"20261002T011636Z","full","D_strong_n0050_r07","fastphylosig","D","caper::phylo.d","strong",0.95,50,7,50,50,0,,,,,20310971,25267901,25267902,25267903,20341702,"reference",2,TRUE,199,,,,,,,,,,,,,,,,,,,,,,,"0598f3f7695de9c589db36b710fd00f0b95bb31c0958117a582dc74239efb114","29e7302545bbc554ed19cf340406075fddcbbf8af01593b8aa6961ce28119461","f881b9f6d47afec6605abc462d5d82469e3e85576d52be6d5185f276e53e5f69","c12e8e7bb20c82f6fea959192b648b51b41f12790d8764c12a6c518d1e68e43b","bf711b3f2824c3330e7aab45b69a486b80dd7724b18730ce36911e734ba1e7e3","0.3.0","isolated_release_library/fastphylosig","d951ecee19c06f3a144ad76c5039302078747585bb3bf829e6f12db15f54775d","isolated_release_library/fastphylosig/libs/<platform>/fastphylosig","c46a5834babd455b546bc65c6549c42ba51e6b47f3c9f222919b7118a5af3280","1bd40080f1ea537b3c73c838dc98ff84940f1064f4e1c4dbfb2dd5063d999bdb","benchmarks/stage5/documentation_fix_release_20261001/fastphylosig_0.3.0.tar.gz","909b7ad27485dcc2d96a7bb1fc70b65b54e93245d75761aca406b9c52f06cbff","1.0.4",0.00834894180297852,0.496269607909772,"Sys.time",1,TRUE,"ok","fast_result",TRUE,,"trait;D_fast;Pval1_fast;Pval0_fast;P_random;P_Brownian;MCSE_P_random;MCSE_P_Brownian;nsim_requested;nsim_successful_random;nsim_successful_brownian;nsim_failed_random;nsim_failed_brownian;observed;mean_random;mean_brownian;n_species;n_removed_na;matched_species;removed_tree_tips;removed_data_rows;status;note;message;estimate;p_random;p_brownian;p_mcse_random;p_mcse_brownian;MCSE_random;MCSE_Brownian;mcse_random;mcse_brownian;n_sim_requested;n_sim_successful_random;n_sim_successful_brownian;method","",,,199,199,199,,,,,,,,,
"20261002T011636Z","full","Delta_strong_n0050_r07","fastphylosig","Delta","Borges2019 delta() [pinned source]","strong",0.95,50,7,50,50,0,,,,,20310971,25267901,25267902,25267903,20341802,"fastphylosig",1,FALSE,,10000,10,100,0.1,0.5,2,"LSE","ARD","0.1","0.5","10000","10","100","LSE","ARD","fast","1",20000,20000,20000,TRUE,TRUE,"0598f3f7695de9c589db36b710fd00f0b95bb31c0958117a582dc74239efb114","29e7302545bbc554ed19cf340406075fddcbbf8af01593b8aa6961ce28119461","f881b9f6d47afec6605abc462d5d82469e3e85576d52be6d5185f276e53e5f69","6e0a94e0b1a5e1071af804e41853075208a60f86928a6ddf5c5d1f55a1c2174b","70e333dc06f5d95e24d939f6e42d17c89af73b7c640baae992df945761191ddb","0.3.0","isolated_release_library/fastphylosig","d951ecee19c06f3a144ad76c5039302078747585bb3bf829e6f12db15f54775d","isolated_release_library/fastphylosig/libs/<platform>/fastphylosig","c46a5834babd455b546bc65c6549c42ba51e6b47f3c9f222919b7118a5af3280","1bd40080f1ea537b3c73c838dc98ff84940f1064f4e1c4dbfb2dd5063d999bdb","benchmarks/stage5/documentation_fix_release_20261001/fastphylosig_0.3.0.tar.gz","909b7ad27485dcc2d96a7bb1fc70b65b54e93245d75761aca406b9c52f06cbff","Borges2019-source-sha256:0dc1e987c13f0e972b0e7c3b4829b4d0fdc41ff0de3856bae4803f9ce0115175",0.0305638313293457,2.53084346500847,"Sys.time",1,TRUE,"ok","fast_result",TRUE,,"trait;Delta_fast;alpha_mean;beta_mean;n_saved;n_saved_requested;n_saved_successful;alpha_sd;beta_sd;ESS_alpha;ESS_beta;split_Rhat_alpha;split_Rhat_beta;Rhat_alpha;Rhat_beta;alpha_beta_cov;MCSE_Delta;diagnostics_available;diagnostics_note;requested_simulations;successful_simulations;requested_iterations;successful_iterations;requested_permutations;successful_permutations;n_states;n_species;n_removed_na;matched_species;removed_tree_tips;removed_data_rows;status;note;message;estimate;p_value;p_mcse;estimate_mcse;ess_alpha;ess_beta;rhat_alpha;rhat_beta;ESS;ess;Rhat;rhat;n_sim_requested;n_sim_successful;n_iter_requested;n_iter_successful;method","",,3,,,,20000,20000,"TRUE","Diagnostics computed from saved alpha/beta MCMC traces.",1215.8713599447,1213.45350803048,0.999552676283544,0.999044424054652,0.00799068951539037
"20261002T011636Z","full","Delta_strong_n0050_r07","reference","Delta","Borges2019 delta() [pinned source]","strong",0.95,50,7,50,50,0,50,50,,50,20310971,25267901,25267902,25267903,20341803,"fastphylosig",2,FALSE,,10000,10,100,0.1,0.5,2,"LSE","ARD",,,,,,,,,,,,,,,"0598f3f7695de9c589db36b710fd00f0b95bb31c0958117a582dc74239efb114","29e7302545bbc554ed19cf340406075fddcbbf8af01593b8aa6961ce28119461","f881b9f6d47afec6605abc462d5d82469e3e85576d52be6d5185f276e53e5f69","6e0a94e0b1a5e1071af804e41853075208a60f86928a6ddf5c5d1f55a1c2174b","70e333dc06f5d95e24d939f6e42d17c89af73b7c640baae992df945761191ddb","0.3.0","isolated_release_library/fastphylosig","d951ecee19c06f3a144ad76c5039302078747585bb3bf829e6f12db15f54775d","isolated_release_library/fastphylosig/libs/<platform>/fastphylosig","c46a5834babd455b546bc65c6549c42ba51e6b47f3c9f222919b7118a5af3280","1bd40080f1ea537b3c73c838dc98ff84940f1064f4e1c4dbfb2dd5063d999bdb","benchmarks/stage5/documentation_fix_release_20261001/fastphylosig_0.3.0.tar.gz","909b7ad27485dcc2d96a7bb1fc70b65b54e93245d75761aca406b9c52f06cbff","Borges2019-source-sha256:0dc1e987c13f0e972b0e7c3b4829b4d0fdc41ff0de3856bae4803f9ce0115175",0.910156011581421,2.53472561430415,"Sys.time",1,TRUE,"not_reported_by_reference","finite_reference_estimate_and_input_audit",TRUE,,"<numeric>","NaNs produced || Inf replaced by maximum positive value",,3,,,,,,,,,,,,
"20261002T011636Z","full","D_none_n0050_r08","fastphylosig","D","caper::phylo.d","none",0,50,8,50,50,0,,,,,20310981,25268901,25268902,25268903,20321802,"fastphylosig",1,TRUE,199,,,,,,,,,,,,,,,,,,,,,,,"d020abf3bbc9c6b0ec26dcf10242fc90016fdbc6a7eb348bd028b8dc6bd2bbaf","f80bb3eb466f46b6c6d47ffa6bd7791ccbb5b25f1f21103c6c2eb044fe7196c0","ab333026f0efacb062f9102eecf5cdda41d7296f41401912f4d660108a34d2ab","7805a74c002247a2af6ff4f66766b19bcb0f48c27e7704df76df501cf4150042","8cd35987130f404bc707acdb0cf1864efb5cb9d4521aca8e83a1452d175ed67d","0.3.0","isolated_release_library/fastphylosig","d951ecee19c06f3a144ad76c5039302078747585bb3bf829e6f12db15f54775d","isolated_release_library/fastphylosig/libs/<platform>/fastphylosig","c46a5834babd455b546bc65c6549c42ba51e6b47f3c9f222919b7118a5af3280","1bd40080f1ea537b3c73c838dc98ff84940f1064f4e1c4dbfb2dd5063d999bdb","benchmarks/stage5/documentation_fix_release_20261001/fastphylosig_0.3.0.tar.gz","909b7ad27485dcc2d96a7bb1fc70b65b54e93245d75761aca406b9c52f06cbff","1.0.4",0.0079190731048584,0.748846125871287,"Sys.time",1,TRUE,"ok","fast_result",TRUE,,"trait;D_fast;Pval1_fast;Pval0_fast;P_random;P_Brownian;MCSE_P_random;MCSE_P_Brownian;nsim_requested;nsim_successful_random;nsim_successful_brownian;nsim_failed_random;nsim_failed_brownian;observed;mean_random;mean_brownian;n_species;n_removed_na;matched_species;removed_tree_tips;removed_data_rows;status;note;message;estimate;p_random;p_brownian;p_mcse_random;p_mcse_brownian;MCSE_random;MCSE_Brownian;mcse_random;mcse_brownian;n_sim_requested;n_sim_successful_random;n_sim_successful_brownian;method","",,,199,199,199,,,,,,,,,
"20261002T011636Z","full","D_none_n0050_r08","reference","D","caper::phylo.d","none",0,50,8,50,50,0,50,50,50,50,20310981,25268901,25268902,25268903,20321803,"fastphylosig",2,TRUE,199,,,,,,,,,,,,,,,,,,,,,,,"d020abf3bbc9c6b0ec26dcf10242fc90016fdbc6a7eb348bd028b8dc6bd2bbaf","f80bb3eb466f46b6c6d47ffa6bd7791ccbb5b25f1f21103c6c2eb044fe7196c0","ab333026f0efacb062f9102eecf5cdda41d7296f41401912f4d660108a34d2ab","7805a74c002247a2af6ff4f66766b19bcb0f48c27e7704df76df501cf4150042","8cd35987130f404bc707acdb0cf1864efb5cb9d4521aca8e83a1452d175ed67d","0.3.0","isolated_release_library/fastphylosig","d951ecee19c06f3a144ad76c5039302078747585bb3bf829e6f12db15f54775d","isolated_release_library/fastphylosig/libs/<platform>/fastphylosig","c46a5834babd455b546bc65c6549c42ba51e6b47f3c9f222919b7118a5af3280","1bd40080f1ea537b3c73c838dc98ff84940f1064f4e1c4dbfb2dd5063d999bdb","benchmarks/stage5/documentation_fix_release_20261001/fastphylosig_0.3.0.tar.gz","909b7ad27485dcc2d96a7bb1fc70b65b54e93245d75761aca406b9c52f06cbff","1.0.4",0.0415470600128174,0.758217221441382,"Sys.time",1,TRUE,"not_reported_by_reference","finite_reference_estimate_and_input_audit",TRUE,,"DEstimate;Pval1;Pval0;Parameters;StatesTable;Permutations;NodalVals;binvar;data;nPermut;rnd.bias","",,2,,,,,,,,,,,,
"20261002T011636Z","full","Delta_none_n0050_r08","reference","Delta","Borges2019 delta() [pinned source]","none",0,50,8,50,50,0,50,50,,50,20310981,25268901,25268902,25268903,20321903,"reference",1,FALSE,,10000,10,100,0.1,0.5,2,"LSE","ARD",,,,,,,,,,,,,,,"d020abf3bbc9c6b0ec26dcf10242fc90016fdbc6a7eb348bd028b8dc6bd2bbaf","f80bb3eb466f46b6c6d47ffa6bd7791ccbb5b25f1f21103c6c2eb044fe7196c0","ab333026f0efacb062f9102eecf5cdda41d7296f41401912f4d660108a34d2ab","4ff349a8bb8887a8ef9549f3538859631f0cb2caf7206cbaf8cb4d5ad440507c","190a49c1661aa36632936c1b1f71e5e4ea7615c77301edf5d467fdda5bfd00d9","0.3.0","isolated_release_library/fastphylosig","d951ecee19c06f3a144ad76c5039302078747585bb3bf829e6f12db15f54775d","isolated_release_library/fastphylosig/libs/<platform>/fastphylosig","c46a5834babd455b546bc65c6549c42ba51e6b47f3c9f222919b7118a5af3280","1bd40080f1ea537b3c73c838dc98ff84940f1064f4e1c4dbfb2dd5063d999bdb","benchmarks/stage5/documentation_fix_release_20261001/fastphylosig_0.3.0.tar.gz","909b7ad27485dcc2d96a7bb1fc70b65b54e93245d75761aca406b9c52f06cbff","Borges2019-source-sha256:0dc1e987c13f0e972b0e7c3b4829b4d0fdc41ff0de3856bae4803f9ce0115175",0.906934976577759,0.806102784616462,"Sys.time",1,TRUE,"not_reported_by_reference","finite_reference_estimate_and_input_audit",TRUE,,"<numeric>","NaNs produced",,3,,,,,,,,,,,,
"20261002T011636Z","full","Delta_none_n0050_r08","fastphylosig","Delta","Borges2019 delta() [pinned source]","none",0,50,8,50,50,0,,,,,20310981,25268901,25268902,25268903,20321902,"reference",2,FALSE,,10000,10,100,0.1,0.5,2,"LSE","ARD","0.1","0.5","10000","10","100","LSE","ARD","fast","1",20000,20000,20000,TRUE,TRUE,"d020abf3bbc9c6b0ec26dcf10242fc90016fdbc6a7eb348bd028b8dc6bd2bbaf","f80bb3eb466f46b6c6d47ffa6bd7791ccbb5b25f1f21103c6c2eb044fe7196c0","ab333026f0efacb062f9102eecf5cdda41d7296f41401912f4d660108a34d2ab","4ff349a8bb8887a8ef9549f3538859631f0cb2caf7206cbaf8cb4d5ad440507c","190a49c1661aa36632936c1b1f71e5e4ea7615c77301edf5d467fdda5bfd00d9","0.3.0","isolated_release_library/fastphylosig","d951ecee19c06f3a144ad76c5039302078747585bb3bf829e6f12db15f54775d","isolated_release_library/fastphylosig/libs/<platform>/fastphylosig","c46a5834babd455b546bc65c6549c42ba51e6b47f3c9f222919b7118a5af3280","1bd40080f1ea537b3c73c838dc98ff84940f1064f4e1c4dbfb2dd5063d999bdb","benchmarks/stage5/documentation_fix_release_20261001/fastphylosig_0.3.0.tar.gz","909b7ad27485dcc2d96a7bb1fc70b65b54e93245d75761aca406b9c52f06cbff","Borges2019-source-sha256:0dc1e987c13f0e972b0e7c3b4829b4d0fdc41ff0de3856bae4803f9ce0115175",0.0317988395690918,0.801624084337887,"Sys.time",1,TRUE,"ok","fast_result",TRUE,,"trait;Delta_fast;alpha_mean;beta_mean;n_saved;n_saved_requested;n_saved_successful;alpha_sd;beta_sd;ESS_alpha;ESS_beta;split_Rhat_alpha;split_Rhat_beta;Rhat_alpha;Rhat_beta;alpha_beta_cov;MCSE_Delta;diagnostics_available;diagnostics_note;requested_simulations;successful_simulations;requested_iterations;successful_iterations;requested_permutations;successful_permutations;n_states;n_species;n_removed_na;matched_species;removed_tree_tips;removed_data_rows;status;note;message;estimate;p_value;p_mcse;estimate_mcse;ess_alpha;ess_beta;rhat_alpha;rhat_beta;ESS;ess;Rhat;rhat;n_sim_requested;n_sim_successful;n_iter_requested;n_iter_successful;method","",,3,,,,20000,20000,"TRUE","Diagnostics computed from saved alpha/beta MCMC traces.",1138.85313444244,1071.58103203253,1.00147679421438,1.0002945637859,0.00231710557164444
"20261002T011636Z","full","D_moderate_n0050_r08","reference","D","caper::phylo.d","moderate",0.5,50,8,50,50,0,50,50,50,50,20310981,25268901,25268902,25268903,20331803,"reference",1,TRUE,199,,,,,,,,,,,,,,,,,,,,,,,"d020abf3bbc9c6b0ec26dcf10242fc90016fdbc6a7eb348bd028b8dc6bd2bbaf","f80bb3eb466f46b6c6d47ffa6bd7791ccbb5b25f1f21103c6c2eb044fe7196c0","ab333026f0efacb062f9102eecf5cdda41d7296f41401912f4d660108a34d2ab","a20766739909f355d7707013b1c78bcdf91b73cf9b3f9ba63d53c27186dcc7b5","47a16eeae6c0982037bc373afb0c0b5379f06ec661f000ca14cfa48820703c08","0.3.0","isolated_release_library/fastphylosig","d951ecee19c06f3a144ad76c5039302078747585bb3bf829e6f12db15f54775d","isolated_release_library/fastphylosig/libs/<platform>/fastphylosig","c46a5834babd455b546bc65c6549c42ba51e6b47f3c9f222919b7118a5af3280","1bd40080f1ea537b3c73c838dc98ff84940f1064f4e1c4dbfb2dd5063d999bdb","benchmarks/stage5/documentation_fix_release_20261001/fastphylosig_0.3.0.tar.gz","909b7ad27485dcc2d96a7bb1fc70b65b54e93245d75761aca406b9c52f06cbff","1.0.4",0.0411291122436523,-0.375414473839331,"Sys.time",1,TRUE,"not_reported_by_reference","finite_reference_estimate_and_input_audit",TRUE,,"DEstimate;Pval1;Pval0;Parameters;StatesTable;Permutations;NodalVals;binvar;data;nPermut;rnd.bias","",,2,,,,,,,,,,,,
"20261002T011636Z","full","D_moderate_n0050_r08","fastphylosig","D","caper::phylo.d","moderate",0.5,50,8,50,50,0,,,,,20310981,25268901,25268902,25268903,20331802,"reference",2,TRUE,199,,,,,,,,,,,,,,,,,,,,,,,"d020abf3bbc9c6b0ec26dcf10242fc90016fdbc6a7eb348bd028b8dc6bd2bbaf","f80bb3eb466f46b6c6d47ffa6bd7791ccbb5b25f1f21103c6c2eb044fe7196c0","ab333026f0efacb062f9102eecf5cdda41d7296f41401912f4d660108a34d2ab","a20766739909f355d7707013b1c78bcdf91b73cf9b3f9ba63d53c27186dcc7b5","47a16eeae6c0982037bc373afb0c0b5379f06ec661f000ca14cfa48820703c08","0.3.0","isolated_release_library/fastphylosig","d951ecee19c06f3a144ad76c5039302078747585bb3bf829e6f12db15f54775d","isolated_release_library/fastphylosig/libs/<platform>/fastphylosig","c46a5834babd455b546bc65c6549c42ba51e6b47f3c9f222919b7118a5af3280","1bd40080f1ea537b3c73c838dc98ff84940f1064f4e1c4dbfb2dd5063d999bdb","benchmarks/stage5/documentation_fix_release_20261001/fastphylosig_0.3.0.tar.gz","909b7ad27485dcc2d96a7bb1fc70b65b54e93245d75761aca406b9c52f06cbff","1.0.4",0.00754618644714355,-0.301076447595614,"Sys.time",1,TRUE,"ok","fast_result",TRUE,,"trait;D_fast;Pval1_fast;Pval0_fast;P_random;P_Brownian;MCSE_P_random;MCSE_P_Brownian;nsim_requested;nsim_successful_random;nsim_successful_brownian;nsim_failed_random;nsim_failed_brownian;observed;mean_random;mean_brownian;n_species;n_removed_na;matched_species;removed_tree_tips;removed_data_rows;status;note;message;estimate;p_random;p_brownian;p_mcse_random;p_mcse_brownian;MCSE_random;MCSE_Brownian;mcse_random;mcse_brownian;n_sim_requested;n_sim_successful_random;n_sim_successful_brownian;method","",,,199,199,199,,,,,,,,,
"20261002T011636Z","full","Delta_moderate_n0050_r08","fastphylosig","Delta","Borges2019 delta() [pinned source]","moderate",0.5,50,8,50,50,0,,,,,20310981,25268901,25268902,25268903,20331902,"fastphylosig",1,FALSE,,10000,10,100,0.1,0.5,2,"LSE","ARD","0.1","0.5","10000","10","100","LSE","ARD","fast","1",20000,20000,20000,TRUE,TRUE,"d020abf3bbc9c6b0ec26dcf10242fc90016fdbc6a7eb348bd028b8dc6bd2bbaf","f80bb3eb466f46b6c6d47ffa6bd7791ccbb5b25f1f21103c6c2eb044fe7196c0","ab333026f0efacb062f9102eecf5cdda41d7296f41401912f4d660108a34d2ab","2ee10aca30ef80834056e497ccaf75270fa0d5e437f60dbf8a4d275075644835","d0040e9a418ec0b2b28c10ab7cfeccfe6b34a981c4922893ed719005fa284aae","0.3.0","isolated_release_library/fastphylosig","d951ecee19c06f3a144ad76c5039302078747585bb3bf829e6f12db15f54775d","isolated_release_library/fastphylosig/libs/<platform>/fastphylosig","c46a5834babd455b546bc65c6549c42ba51e6b47f3c9f222919b7118a5af3280","1bd40080f1ea537b3c73c838dc98ff84940f1064f4e1c4dbfb2dd5063d999bdb","benchmarks/stage5/documentation_fix_release_20261001/fastphylosig_0.3.0.tar.gz","909b7ad27485dcc2d96a7bb1fc70b65b54e93245d75761aca406b9c52f06cbff","Borges2019-source-sha256:0dc1e987c13f0e972b0e7c3b4829b4d0fdc41ff0de3856bae4803f9ce0115175",0.0327510833740234,2.48349223895248,"Sys.time",1,TRUE,"ok","fast_result",TRUE,,"trait;Delta_fast;alpha_mean;beta_mean;n_saved;n_saved_requested;n_saved_successful;alpha_sd;beta_sd;ESS_alpha;ESS_beta;split_Rhat_alpha;split_Rhat_beta;Rhat_alpha;Rhat_beta;alpha_beta_cov;MCSE_Delta;diagnostics_available;diagnostics_note;requested_simulations;successful_simulations;requested_iterations;successful_iterations;requested_permutations;successful_permutations;n_states;n_species;n_removed_na;matched_species;removed_tree_tips;removed_data_rows;status;note;message;estimate;p_value;p_mcse;estimate_mcse;ess_alpha;ess_beta;rhat_alpha;rhat_beta;ESS;ess;Rhat;rhat;n_sim_requested;n_sim_successful;n_iter_requested;n_iter_successful;method","",,3,,,,20000,20000,"TRUE","Diagnostics computed from saved alpha/beta MCMC traces.",1527.20019531263,1060.67379892409,1.00039973459546,1.00496523764805,0.0126404959859044
"20261002T011636Z","full","Delta_moderate_n0050_r08","reference","Delta","Borges2019 delta() [pinned source]","moderate",0.5,50,8,50,50,0,50,50,,50,20310981,25268901,25268902,25268903,20331903,"fastphylosig",2,FALSE,,10000,10,100,0.1,0.5,2,"LSE","ARD",,,,,,,,,,,,,,,"d020abf3bbc9c6b0ec26dcf10242fc90016fdbc6a7eb348bd028b8dc6bd2bbaf","f80bb3eb466f46b6c6d47ffa6bd7791ccbb5b25f1f21103c6c2eb044fe7196c0","ab333026f0efacb062f9102eecf5cdda41d7296f41401912f4d660108a34d2ab","2ee10aca30ef80834056e497ccaf75270fa0d5e437f60dbf8a4d275075644835","d0040e9a418ec0b2b28c10ab7cfeccfe6b34a981c4922893ed719005fa284aae","0.3.0","isolated_release_library/fastphylosig","d951ecee19c06f3a144ad76c5039302078747585bb3bf829e6f12db15f54775d","isolated_release_library/fastphylosig/libs/<platform>/fastphylosig","c46a5834babd455b546bc65c6549c42ba51e6b47f3c9f222919b7118a5af3280","1bd40080f1ea537b3c73c838dc98ff84940f1064f4e1c4dbfb2dd5063d999bdb","benchmarks/stage5/documentation_fix_release_20261001/fastphylosig_0.3.0.tar.gz","909b7ad27485dcc2d96a7bb1fc70b65b54e93245d75761aca406b9c52f06cbff","Borges2019-source-sha256:0dc1e987c13f0e972b0e7c3b4829b4d0fdc41ff0de3856bae4803f9ce0115175",0.924516916275024,2.50792812717886,"Sys.time",1,TRUE,"not_reported_by_reference","finite_reference_estimate_and_input_audit",TRUE,,"<numeric>","NaNs produced || Inf replaced by maximum positive value",,3,,,,,,,,,,,,
"20261002T011636Z","full","D_strong_n0050_r08","fastphylosig","D","caper::phylo.d","strong",0.95,50,8,50,50,0,,,,,20310981,25268901,25268902,25268903,20341802,"fastphylosig",1,TRUE,199,,,,,,,,,,,,,,,,,,,,,,,"d020abf3bbc9c6b0ec26dcf10242fc90016fdbc6a7eb348bd028b8dc6bd2bbaf","f80bb3eb466f46b6c6d47ffa6bd7791ccbb5b25f1f21103c6c2eb044fe7196c0","ab333026f0efacb062f9102eecf5cdda41d7296f41401912f4d660108a34d2ab","9487da3c7f556e25b79d69004d6940f68bade5644c38005d5c12e3221aff215d","998a9aa28eba40a50fcda20cce839f698886d448b62db01b343fa44488aec63c","0.3.0","isolated_release_library/fastphylosig","d951ecee19c06f3a144ad76c5039302078747585bb3bf829e6f12db15f54775d","isolated_release_library/fastphylosig/libs/<platform>/fastphylosig","c46a5834babd455b546bc65c6549c42ba51e6b47f3c9f222919b7118a5af3280","1bd40080f1ea537b3c73c838dc98ff84940f1064f4e1c4dbfb2dd5063d999bdb","benchmarks/stage5/documentation_fix_release_20261001/fastphylosig_0.3.0.tar.gz","909b7ad27485dcc2d96a7bb1fc70b65b54e93245d75761aca406b9c52f06cbff","1.0.4",0.00770902633666992,-0.789079867121164,"Sys.time",1,TRUE,"ok","fast_result",TRUE,,"trait;D_fast;Pval1_fast;Pval0_fast;P_random;P_Brownian;MCSE_P_random;MCSE_P_Brownian;nsim_requested;nsim_successful_random;nsim_successful_brownian;nsim_failed_random;nsim_failed_brownian;observed;mean_random;mean_brownian;n_species;n_removed_na;matched_species;removed_tree_tips;removed_data_rows;status;note;message;estimate;p_random;p_brownian;p_mcse_random;p_mcse_brownian;MCSE_random;MCSE_Brownian;mcse_random;mcse_brownian;n_sim_requested;n_sim_successful_random;n_sim_successful_brownian;method","",,,199,199,199,,,,,,,,,
"20261002T011636Z","full","D_strong_n0050_r08","reference","D","caper::phylo.d","strong",0.95,50,8,50,50,0,50,50,50,50,20310981,25268901,25268902,25268903,20341803,"fastphylosig",2,TRUE,199,,,,,,,,,,,,,,,,,,,,,,,"d020abf3bbc9c6b0ec26dcf10242fc90016fdbc6a7eb348bd028b8dc6bd2bbaf","f80bb3eb466f46b6c6d47ffa6bd7791ccbb5b25f1f21103c6c2eb044fe7196c0","ab333026f0efacb062f9102eecf5cdda41d7296f41401912f4d660108a34d2ab","9487da3c7f556e25b79d69004d6940f68bade5644c38005d5c12e3221aff215d","998a9aa28eba40a50fcda20cce839f698886d448b62db01b343fa44488aec63c","0.3.0","isolated_release_library/fastphylosig","d951ecee19c06f3a144ad76c5039302078747585bb3bf829e6f12db15f54775d","isolated_release_library/fastphylosig/libs/<platform>/fastphylosig","c46a5834babd455b546bc65c6549c42ba51e6b47f3c9f222919b7118a5af3280","1bd40080f1ea537b3c73c838dc98ff84940f1064f4e1c4dbfb2dd5063d999bdb","benchmarks/stage5/documentation_fix_release_20261001/fastphylosig_0.3.0.tar.gz","909b7ad27485dcc2d96a7bb1fc70b65b54e93245d75761aca406b9c52f06cbff","1.0.4",0.0398390293121338,-0.690325634936042,"Sys.time",1,TRUE,"not_reported_by_reference","finite_reference_estimate_and_input_audit",TRUE,,"DEstimate;Pval1;Pval0;Parameters;StatesTable;Permutations;NodalVals;binvar;data;nPermut;rnd.bias","",,2,,,,,,,,,,,,
"20261002T011636Z","full","Delta_strong_n0050_r08","reference","Delta","Borges2019 delta() [pinned source]","strong",0.95,50,8,50,50,0,50,50,,50,20310981,25268901,25268902,25268903,20341903,"reference",1,FALSE,,10000,10,100,0.1,0.5,2,"LSE","ARD",,,,,,,,,,,,,,,"d020abf3bbc9c6b0ec26dcf10242fc90016fdbc6a7eb348bd028b8dc6bd2bbaf","f80bb3eb466f46b6c6d47ffa6bd7791ccbb5b25f1f21103c6c2eb044fe7196c0","ab333026f0efacb062f9102eecf5cdda41d7296f41401912f4d660108a34d2ab","397d619c02bddc98d22f4432e643a490afafb541ce355001779242097da525f3","5e14b3787a312f0c3aab7a97faffc3b7685b40f62c18234151a3cccd44c4a78c","0.3.0","isolated_release_library/fastphylosig","d951ecee19c06f3a144ad76c5039302078747585bb3bf829e6f12db15f54775d","isolated_release_library/fastphylosig/libs/<platform>/fastphylosig","c46a5834babd455b546bc65c6549c42ba51e6b47f3c9f222919b7118a5af3280","1bd40080f1ea537b3c73c838dc98ff84940f1064f4e1c4dbfb2dd5063d999bdb","benchmarks/stage5/documentation_fix_release_20261001/fastphylosig_0.3.0.tar.gz","909b7ad27485dcc2d96a7bb1fc70b65b54e93245d75761aca406b9c52f06cbff","Borges2019-source-sha256:0dc1e987c13f0e972b0e7c3b4829b4d0fdc41ff0de3856bae4803f9ce0115175",0.867142915725708,11.4660433598769,"Sys.time",1,TRUE,"not_reported_by_reference","finite_reference_estimate_and_input_audit",TRUE,,"<numeric>","NaNs produced || Inf replaced by maximum positive value",,3,,,,,,,,,,,,
"20261002T011636Z","full","Delta_strong_n0050_r08","fastphylosig","Delta","Borges2019 delta() [pinned source]","strong",0.95,50,8,50,50,0,,,,,20310981,25268901,25268902,25268903,20341902,"reference",2,FALSE,,10000,10,100,0.1,0.5,2,"LSE","ARD","0.1","0.5","10000","10","100","LSE","ARD","fast","1",20000,20000,20000,TRUE,TRUE,"d020abf3bbc9c6b0ec26dcf10242fc90016fdbc6a7eb348bd028b8dc6bd2bbaf","f80bb3eb466f46b6c6d47ffa6bd7791ccbb5b25f1f21103c6c2eb044fe7196c0","ab333026f0efacb062f9102eecf5cdda41d7296f41401912f4d660108a34d2ab","397d619c02bddc98d22f4432e643a490afafb541ce355001779242097da525f3","5e14b3787a312f0c3aab7a97faffc3b7685b40f62c18234151a3cccd44c4a78c","0.3.0","isolated_release_library/fastphylosig","d951ecee19c06f3a144ad76c5039302078747585bb3bf829e6f12db15f54775d","isolated_release_library/fastphylosig/libs/<platform>/fastphylosig","c46a5834babd455b546bc65c6549c42ba51e6b47f3c9f222919b7118a5af3280","1bd40080f1ea537b3c73c838dc98ff84940f1064f4e1c4dbfb2dd5063d999bdb","benchmarks/stage5/documentation_fix_release_20261001/fastphylosig_0.3.0.tar.gz","909b7ad27485dcc2d96a7bb1fc70b65b54e93245d75761aca406b9c52f06cbff","Borges2019-source-sha256:0dc1e987c13f0e972b0e7c3b4829b4d0fdc41ff0de3856bae4803f9ce0115175",0.028048038482666,11.3565290738844,"Sys.time",1,TRUE,"ok","fast_result",TRUE,,"trait;Delta_fast;alpha_mean;beta_mean;n_saved;n_saved_requested;n_saved_successful;alpha_sd;beta_sd;ESS_alpha;ESS_beta;split_Rhat_alpha;split_Rhat_beta;Rhat_alpha;Rhat_beta;alpha_beta_cov;MCSE_Delta;diagnostics_available;diagnostics_note;requested_simulations;successful_simulations;requested_iterations;successful_iterations;requested_permutations;successful_permutations;n_states;n_species;n_removed_na;matched_species;removed_tree_tips;removed_data_rows;status;note;message;estimate;p_value;p_mcse;estimate_mcse;ess_alpha;ess_beta;rhat_alpha;rhat_beta;ESS;ess;Rhat;rhat;n_sim_requested;n_sim_successful;n_iter_requested;n_iter_successful;method","",,3,,,,20000,20000,"TRUE","Diagnostics computed from saved alpha/beta MCMC traces.",1651.8918949517,1592.04213078477,1.00144598267601,1.0003315678808,0.064448994622913
"20261002T011636Z","full","D_none_n0050_r09","reference","D","caper::phylo.d","none",0,50,9,50,50,0,50,50,50,50,20310991,25269901,25269902,25269903,20321903,"reference",1,TRUE,199,,,,,,,,,,,,,,,,,,,,,,,"c0cc723ec8f9abce043d278ddcf529c06de32714f12f2daa3c19437540dcfa14","35b110fea3635208cc23b062573dac4974043ada172a67803e066f065a21af30","294fd5e974a6caca27dac63b9f9bc214ae1da2a873294d0f7dffcb5dfa768b38","72605d6ffe293d995d3800d80575dcc589a4df20945454331fbf0c9142bccc9a","7b1f4e183ee7998bcb8fdc4da82e770cd2a564c46cc3a14851194916f742b909","0.3.0","isolated_release_library/fastphylosig","d951ecee19c06f3a144ad76c5039302078747585bb3bf829e6f12db15f54775d","isolated_release_library/fastphylosig/libs/<platform>/fastphylosig","c46a5834babd455b546bc65c6549c42ba51e6b47f3c9f222919b7118a5af3280","1bd40080f1ea537b3c73c838dc98ff84940f1064f4e1c4dbfb2dd5063d999bdb","benchmarks/stage5/documentation_fix_release_20261001/fastphylosig_0.3.0.tar.gz","909b7ad27485dcc2d96a7bb1fc70b65b54e93245d75761aca406b9c52f06cbff","1.0.4",0.0422360897064209,0.964686552420675,"Sys.time",1,TRUE,"not_reported_by_reference","finite_reference_estimate_and_input_audit",TRUE,,"DEstimate;Pval1;Pval0;Parameters;StatesTable;Permutations;NodalVals;binvar;data;nPermut;rnd.bias","",,2,,,,,,,,,,,,
"20261002T011636Z","full","D_none_n0050_r09","fastphylosig","D","caper::phylo.d","none",0,50,9,50,50,0,,,,,20310991,25269901,25269902,25269903,20321902,"reference",2,TRUE,199,,,,,,,,,,,,,,,,,,,,,,,"c0cc723ec8f9abce043d278ddcf529c06de32714f12f2daa3c19437540dcfa14","35b110fea3635208cc23b062573dac4974043ada172a67803e066f065a21af30","294fd5e974a6caca27dac63b9f9bc214ae1da2a873294d0f7dffcb5dfa768b38","72605d6ffe293d995d3800d80575dcc589a4df20945454331fbf0c9142bccc9a","7b1f4e183ee7998bcb8fdc4da82e770cd2a564c46cc3a14851194916f742b909","0.3.0","isolated_release_library/fastphylosig","d951ecee19c06f3a144ad76c5039302078747585bb3bf829e6f12db15f54775d","isolated_release_library/fastphylosig/libs/<platform>/fastphylosig","c46a5834babd455b546bc65c6549c42ba51e6b47f3c9f222919b7118a5af3280","1bd40080f1ea537b3c73c838dc98ff84940f1064f4e1c4dbfb2dd5063d999bdb","benchmarks/stage5/documentation_fix_release_20261001/fastphylosig_0.3.0.tar.gz","909b7ad27485dcc2d96a7bb1fc70b65b54e93245d75761aca406b9c52f06cbff","1.0.4",0.00802707672119141,0.954723110218718,"Sys.time",1,TRUE,"ok","fast_result",TRUE,,"trait;D_fast;Pval1_fast;Pval0_fast;P_random;P_Brownian;MCSE_P_random;MCSE_P_Brownian;nsim_requested;nsim_successful_random;nsim_successful_brownian;nsim_failed_random;nsim_failed_brownian;observed;mean_random;mean_brownian;n_species;n_removed_na;matched_species;removed_tree_tips;removed_data_rows;status;note;message;estimate;p_random;p_brownian;p_mcse_random;p_mcse_brownian;MCSE_random;MCSE_Brownian;mcse_random;mcse_brownian;n_sim_requested;n_sim_successful_random;n_sim_successful_brownian;method","",,,199,199,199,,,,,,,,,
"20261002T011636Z","full","Delta_none_n0050_r09","fastphylosig","Delta","Borges2019 delta() [pinned source]","none",0,50,9,50,50,0,,,,,20310991,25269901,25269902,25269903,20322002,"fastphylosig",1,FALSE,,10000,10,100,0.1,0.5,2,"LSE","ARD","0.1","0.5","10000","10","100","LSE","ARD","fast","1",20000,20000,20000,TRUE,TRUE,"c0cc723ec8f9abce043d278ddcf529c06de32714f12f2daa3c19437540dcfa14","35b110fea3635208cc23b062573dac4974043ada172a67803e066f065a21af30","294fd5e974a6caca27dac63b9f9bc214ae1da2a873294d0f7dffcb5dfa768b38","703f8b60d75bac79414c4650b17fc1a2a2afd06fbaff3dc4881a2f889316ac63","c38f7a9be49cfc9ee46151d1eb67d3b0a99c4927d96eed807aadffa6b601da26","0.3.0","isolated_release_library/fastphylosig","d951ecee19c06f3a144ad76c5039302078747585bb3bf829e6f12db15f54775d","isolated_release_library/fastphylosig/libs/<platform>/fastphylosig","c46a5834babd455b546bc65c6549c42ba51e6b47f3c9f222919b7118a5af3280","1bd40080f1ea537b3c73c838dc98ff84940f1064f4e1c4dbfb2dd5063d999bdb","benchmarks/stage5/documentation_fix_release_20261001/fastphylosig_0.3.0.tar.gz","909b7ad27485dcc2d96a7bb1fc70b65b54e93245d75761aca406b9c52f06cbff","Borges2019-source-sha256:0dc1e987c13f0e972b0e7c3b4829b4d0fdc41ff0de3856bae4803f9ce0115175",0.0299780368804932,0.59556409327017,"Sys.time",1,TRUE,"ok","fast_result",TRUE,,"trait;Delta_fast;alpha_mean;beta_mean;n_saved;n_saved_requested;n_saved_successful;alpha_sd;beta_sd;ESS_alpha;ESS_beta;split_Rhat_alpha;split_Rhat_beta;Rhat_alpha;Rhat_beta;alpha_beta_cov;MCSE_Delta;diagnostics_available;diagnostics_note;requested_simulations;successful_simulations;requested_iterations;successful_iterations;requested_permutations;successful_permutations;n_states;n_species;n_removed_na;matched_species;removed_tree_tips;removed_data_rows;status;note;message;estimate;p_value;p_mcse;estimate_mcse;ess_alpha;ess_beta;rhat_alpha;rhat_beta;ESS;ess;Rhat;rhat;n_sim_requested;n_sim_successful;n_iter_requested;n_iter_successful;method","",,3,,,,20000,20000,"TRUE","Diagnostics computed from saved alpha/beta MCMC traces.",1226.08298242989,1210.71128976264,1.00187009995232,1.00080847869569,0.00189416706903876
"20261002T011636Z","full","Delta_none_n0050_r09","reference","Delta","Borges2019 delta() [pinned source]","none",0,50,9,50,50,0,50,50,,50,20310991,25269901,25269902,25269903,20322003,"fastphylosig",2,FALSE,,10000,10,100,0.1,0.5,2,"LSE","ARD",,,,,,,,,,,,,,,"c0cc723ec8f9abce043d278ddcf529c06de32714f12f2daa3c19437540dcfa14","35b110fea3635208cc23b062573dac4974043ada172a67803e066f065a21af30","294fd5e974a6caca27dac63b9f9bc214ae1da2a873294d0f7dffcb5dfa768b38","703f8b60d75bac79414c4650b17fc1a2a2afd06fbaff3dc4881a2f889316ac63","c38f7a9be49cfc9ee46151d1eb67d3b0a99c4927d96eed807aadffa6b601da26","0.3.0","isolated_release_library/fastphylosig","d951ecee19c06f3a144ad76c5039302078747585bb3bf829e6f12db15f54775d","isolated_release_library/fastphylosig/libs/<platform>/fastphylosig","c46a5834babd455b546bc65c6549c42ba51e6b47f3c9f222919b7118a5af3280","1bd40080f1ea537b3c73c838dc98ff84940f1064f4e1c4dbfb2dd5063d999bdb","benchmarks/stage5/documentation_fix_release_20261001/fastphylosig_0.3.0.tar.gz","909b7ad27485dcc2d96a7bb1fc70b65b54e93245d75761aca406b9c52f06cbff","Borges2019-source-sha256:0dc1e987c13f0e972b0e7c3b4829b4d0fdc41ff0de3856bae4803f9ce0115175",0.918469190597534,0.603553893847751,"Sys.time",1,TRUE,"not_reported_by_reference","finite_reference_estimate_and_input_audit",TRUE,,"<numeric>","",,3,,,,,,,,,,,,
"20261002T011636Z","full","D_moderate_n0050_r09","fastphylosig","D","caper::phylo.d","moderate",0.5,50,9,50,50,0,,,,,20310991,25269901,25269902,25269903,20331902,"fastphylosig",1,TRUE,199,,,,,,,,,,,,,,,,,,,,,,,"c0cc723ec8f9abce043d278ddcf529c06de32714f12f2daa3c19437540dcfa14","35b110fea3635208cc23b062573dac4974043ada172a67803e066f065a21af30","294fd5e974a6caca27dac63b9f9bc214ae1da2a873294d0f7dffcb5dfa768b38","ffed5d8cdfed6a5400f1a6ae586968050adf3e022a986a4b94f6464209ae264b","c746ec5db6355c713713d9cb8f48f83af3882a312722b5ac8b81a79bf8639780","0.3.0","isolated_release_library/fastphylosig","d951ecee19c06f3a144ad76c5039302078747585bb3bf829e6f12db15f54775d","isolated_release_library/fastphylosig/libs/<platform>/fastphylosig","c46a5834babd455b546bc65c6549c42ba51e6b47f3c9f222919b7118a5af3280","1bd40080f1ea537b3c73c838dc98ff84940f1064f4e1c4dbfb2dd5063d999bdb","benchmarks/stage5/documentation_fix_release_20261001/fastphylosig_0.3.0.tar.gz","909b7ad27485dcc2d96a7bb1fc70b65b54e93245d75761aca406b9c52f06cbff","1.0.4",0.00844287872314453,0.880507321257045,"Sys.time",1,TRUE,"ok","fast_result",TRUE,,"trait;D_fast;Pval1_fast;Pval0_fast;P_random;P_Brownian;MCSE_P_random;MCSE_P_Brownian;nsim_requested;nsim_successful_random;nsim_successful_brownian;nsim_failed_random;nsim_failed_brownian;observed;mean_random;mean_brownian;n_species;n_removed_na;matched_species;removed_tree_tips;removed_data_rows;status;note;message;estimate;p_random;p_brownian;p_mcse_random;p_mcse_brownian;MCSE_random;MCSE_Brownian;mcse_random;mcse_brownian;n_sim_requested;n_sim_successful_random;n_sim_successful_brownian;method","",,,199,199,199,,,,,,,,,
"20261002T011636Z","full","D_moderate_n0050_r09","reference","D","caper::phylo.d","moderate",0.5,50,9,50,50,0,50,50,50,50,20310991,25269901,25269902,25269903,20331903,"fastphylosig",2,TRUE,199,,,,,,,,,,,,,,,,,,,,,,,"c0cc723ec8f9abce043d278ddcf529c06de32714f12f2daa3c19437540dcfa14","35b110fea3635208cc23b062573dac4974043ada172a67803e066f065a21af30","294fd5e974a6caca27dac63b9f9bc214ae1da2a873294d0f7dffcb5dfa768b38","ffed5d8cdfed6a5400f1a6ae586968050adf3e022a986a4b94f6464209ae264b","c746ec5db6355c713713d9cb8f48f83af3882a312722b5ac8b81a79bf8639780","0.3.0","isolated_release_library/fastphylosig","d951ecee19c06f3a144ad76c5039302078747585bb3bf829e6f12db15f54775d","isolated_release_library/fastphylosig/libs/<platform>/fastphylosig","c46a5834babd455b546bc65c6549c42ba51e6b47f3c9f222919b7118a5af3280","1bd40080f1ea537b3c73c838dc98ff84940f1064f4e1c4dbfb2dd5063d999bdb","benchmarks/stage5/documentation_fix_release_20261001/fastphylosig_0.3.0.tar.gz","909b7ad27485dcc2d96a7bb1fc70b65b54e93245d75761aca406b9c52f06cbff","1.0.4",0.0417470932006836,0.872599819650421,"Sys.time",1,TRUE,"not_reported_by_reference","finite_reference_estimate_and_input_audit",TRUE,,"DEstimate;Pval1;Pval0;Parameters;StatesTable;Permutations;NodalVals;binvar;data;nPermut;rnd.bias","",,2,,,,,,,,,,,,
"20261002T011636Z","full","Delta_moderate_n0050_r09","reference","Delta","Borges2019 delta() [pinned source]","moderate",0.5,50,9,50,50,0,50,50,,50,20310991,25269901,25269902,25269903,20332003,"reference",1,FALSE,,10000,10,100,0.1,0.5,2,"LSE","ARD",,,,,,,,,,,,,,,"c0cc723ec8f9abce043d278ddcf529c06de32714f12f2daa3c19437540dcfa14","35b110fea3635208cc23b062573dac4974043ada172a67803e066f065a21af30","294fd5e974a6caca27dac63b9f9bc214ae1da2a873294d0f7dffcb5dfa768b38","a42ef8bb9852cac7a85089d599a75776530f607c1b0c6a6d3b866377e0c48cc2","2a823b6ca4c7d2df3170bd9b93c3697f443edc69af428fd5d93b6bc8ea8db4e2","0.3.0","isolated_release_library/fastphylosig","d951ecee19c06f3a144ad76c5039302078747585bb3bf829e6f12db15f54775d","isolated_release_library/fastphylosig/libs/<platform>/fastphylosig","c46a5834babd455b546bc65c6549c42ba51e6b47f3c9f222919b7118a5af3280","1bd40080f1ea537b3c73c838dc98ff84940f1064f4e1c4dbfb2dd5063d999bdb","benchmarks/stage5/documentation_fix_release_20261001/fastphylosig_0.3.0.tar.gz","909b7ad27485dcc2d96a7bb1fc70b65b54e93245d75761aca406b9c52f06cbff","Borges2019-source-sha256:0dc1e987c13f0e972b0e7c3b4829b4d0fdc41ff0de3856bae4803f9ce0115175",0.871290922164917,2.90120506864713,"Sys.time",1,TRUE,"not_reported_by_reference","finite_reference_estimate_and_input_audit",TRUE,,"<numeric>","NaNs produced || Inf replaced by maximum positive value",,3,,,,,,,,,,,,
"20261002T011636Z","full","Delta_moderate_n0050_r09","fastphylosig","Delta","Borges2019 delta() [pinned source]","moderate",0.5,50,9,50,50,0,,,,,20310991,25269901,25269902,25269903,20332002,"reference",2,FALSE,,10000,10,100,0.1,0.5,2,"LSE","ARD","0.1","0.5","10000","10","100","LSE","ARD","fast","1",20000,20000,20000,TRUE,TRUE,"c0cc723ec8f9abce043d278ddcf529c06de32714f12f2daa3c19437540dcfa14","35b110fea3635208cc23b062573dac4974043ada172a67803e066f065a21af30","294fd5e974a6caca27dac63b9f9bc214ae1da2a873294d0f7dffcb5dfa768b38","a42ef8bb9852cac7a85089d599a75776530f607c1b0c6a6d3b866377e0c48cc2","2a823b6ca4c7d2df3170bd9b93c3697f443edc69af428fd5d93b6bc8ea8db4e2","0.3.0","isolated_release_library/fastphylosig","d951ecee19c06f3a144ad76c5039302078747585bb3bf829e6f12db15f54775d","isolated_release_library/fastphylosig/libs/<platform>/fastphylosig","c46a5834babd455b546bc65c6549c42ba51e6b47f3c9f222919b7118a5af3280","1bd40080f1ea537b3c73c838dc98ff84940f1064f4e1c4dbfb2dd5063d999bdb","benchmarks/stage5/documentation_fix_release_20261001/fastphylosig_0.3.0.tar.gz","909b7ad27485dcc2d96a7bb1fc70b65b54e93245d75761aca406b9c52f06cbff","Borges2019-source-sha256:0dc1e987c13f0e972b0e7c3b4829b4d0fdc41ff0de3856bae4803f9ce0115175",0.0297420024871826,2.89128375239666,"Sys.time",1,TRUE,"ok","fast_result",TRUE,,"trait;Delta_fast;alpha_mean;beta_mean;n_saved;n_saved_requested;n_saved_successful;alpha_sd;beta_sd;ESS_alpha;ESS_beta;split_Rhat_alpha;split_Rhat_beta;Rhat_alpha;Rhat_beta;alpha_beta_cov;MCSE_Delta;diagnostics_available;diagnostics_note;requested_simulations;successful_simulations;requested_iterations;successful_iterations;requested_permutations;successful_permutations;n_states;n_species;n_removed_na;matched_species;removed_tree_tips;removed_data_rows;status;note;message;estimate;p_value;p_mcse;estimate_mcse;ess_alpha;ess_beta;rhat_alpha;rhat_beta;ESS;ess;Rhat;rhat;n_sim_requested;n_sim_successful;n_iter_requested;n_iter_successful;method","",,3,,,,20000,20000,"TRUE","Diagnostics computed from saved alpha/beta MCMC traces.",1529.9584327675,1508.24306609877,1.00005898747501,0.999989695487794,0.010278207620178
"20261002T011636Z","full","D_strong_n0050_r09","reference","D","caper::phylo.d","strong",0.95,50,9,50,50,0,50,50,50,50,20310991,25269901,25269902,25269903,20341903,"reference",1,TRUE,199,,,,,,,,,,,,,,,,,,,,,,,"c0cc723ec8f9abce043d278ddcf529c06de32714f12f2daa3c19437540dcfa14","35b110fea3635208cc23b062573dac4974043ada172a67803e066f065a21af30","294fd5e974a6caca27dac63b9f9bc214ae1da2a873294d0f7dffcb5dfa768b38","9f1a18e6ea8ef1416ffee83a97e68302ae417f8566370bd67c47c995abe1d1d2","48e2a1418b3e808a5132e4b47299947a7081fb77ca00550d50096d60de562d18","0.3.0","isolated_release_library/fastphylosig","d951ecee19c06f3a144ad76c5039302078747585bb3bf829e6f12db15f54775d","isolated_release_library/fastphylosig/libs/<platform>/fastphylosig","c46a5834babd455b546bc65c6549c42ba51e6b47f3c9f222919b7118a5af3280","1bd40080f1ea537b3c73c838dc98ff84940f1064f4e1c4dbfb2dd5063d999bdb","benchmarks/stage5/documentation_fix_release_20261001/fastphylosig_0.3.0.tar.gz","909b7ad27485dcc2d96a7bb1fc70b65b54e93245d75761aca406b9c52f06cbff","1.0.4",0.0414140224456787,0.0968270053896788,"Sys.time",1,TRUE,"not_reported_by_reference","finite_reference_estimate_and_input_audit",TRUE,,"DEstimate;Pval1;Pval0;Parameters;StatesTable;Permutations;NodalVals;binvar;data;nPermut;rnd.bias","",,2,,,,,,,,,,,,
"20261002T011636Z","full","D_strong_n0050_r09","fastphylosig","D","caper::phylo.d","strong",0.95,50,9,50,50,0,,,,,20310991,25269901,25269902,25269903,20341902,"reference",2,TRUE,199,,,,,,,,,,,,,,,,,,,,,,,"c0cc723ec8f9abce043d278ddcf529c06de32714f12f2daa3c19437540dcfa14","35b110fea3635208cc23b062573dac4974043ada172a67803e066f065a21af30","294fd5e974a6caca27dac63b9f9bc214ae1da2a873294d0f7dffcb5dfa768b38","9f1a18e6ea8ef1416ffee83a97e68302ae417f8566370bd67c47c995abe1d1d2","48e2a1418b3e808a5132e4b47299947a7081fb77ca00550d50096d60de562d18","0.3.0","isolated_release_library/fastphylosig","d951ecee19c06f3a144ad76c5039302078747585bb3bf829e6f12db15f54775d","isolated_release_library/fastphylosig/libs/<platform>/fastphylosig","c46a5834babd455b546bc65c6549c42ba51e6b47f3c9f222919b7118a5af3280","1bd40080f1ea537b3c73c838dc98ff84940f1064f4e1c4dbfb2dd5063d999bdb","benchmarks/stage5/documentation_fix_release_20261001/fastphylosig_0.3.0.tar.gz","909b7ad27485dcc2d96a7bb1fc70b65b54e93245d75761aca406b9c52f06cbff","1.0.4",0.00786590576171875,0.10547084761485,"Sys.time",1,TRUE,"ok","fast_result",TRUE,,"trait;D_fast;Pval1_fast;Pval0_fast;P_random;P_Brownian;MCSE_P_random;MCSE_P_Brownian;nsim_requested;nsim_successful_random;nsim_successful_brownian;nsim_failed_random;nsim_failed_brownian;observed;mean_random;mean_brownian;n_species;n_removed_na;matched_species;removed_tree_tips;removed_data_rows;status;note;message;estimate;p_random;p_brownian;p_mcse_random;p_mcse_brownian;MCSE_random;MCSE_Brownian;mcse_random;mcse_brownian;n_sim_requested;n_sim_successful_random;n_sim_successful_brownian;method","",,,199,199,199,,,,,,,,,
"20261002T011636Z","full","Delta_strong_n0050_r09","fastphylosig","Delta","Borges2019 delta() [pinned source]","strong",0.95,50,9,50,50,0,,,,,20310991,25269901,25269902,25269903,20342002,"fastphylosig",1,FALSE,,10000,10,100,0.1,0.5,2,"LSE","ARD","0.1","0.5","10000","10","100","LSE","ARD","fast","1",20000,20000,20000,TRUE,TRUE,"c0cc723ec8f9abce043d278ddcf529c06de32714f12f2daa3c19437540dcfa14","35b110fea3635208cc23b062573dac4974043ada172a67803e066f065a21af30","294fd5e974a6caca27dac63b9f9bc214ae1da2a873294d0f7dffcb5dfa768b38","4ce316405660bc8cebe356d1fc0c52bb9b99383e22a4f700329a0f2afbdb5a9f","575ceb5bf53dec2e8028b9d12f36140518caa487c694455f31d6f70ee39aab96","0.3.0","isolated_release_library/fastphylosig","d951ecee19c06f3a144ad76c5039302078747585bb3bf829e6f12db15f54775d","isolated_release_library/fastphylosig/libs/<platform>/fastphylosig","c46a5834babd455b546bc65c6549c42ba51e6b47f3c9f222919b7118a5af3280","1bd40080f1ea537b3c73c838dc98ff84940f1064f4e1c4dbfb2dd5063d999bdb","benchmarks/stage5/documentation_fix_release_20261001/fastphylosig_0.3.0.tar.gz","909b7ad27485dcc2d96a7bb1fc70b65b54e93245d75761aca406b9c52f06cbff","Borges2019-source-sha256:0dc1e987c13f0e972b0e7c3b4829b4d0fdc41ff0de3856bae4803f9ce0115175",0.0285990238189697,3.67483831726084,"Sys.time",1,TRUE,"ok","fast_result",TRUE,,"trait;Delta_fast;alpha_mean;beta_mean;n_saved;n_saved_requested;n_saved_successful;alpha_sd;beta_sd;ESS_alpha;ESS_beta;split_Rhat_alpha;split_Rhat_beta;Rhat_alpha;Rhat_beta;alpha_beta_cov;MCSE_Delta;diagnostics_available;diagnostics_note;requested_simulations;successful_simulations;requested_iterations;successful_iterations;requested_permutations;successful_permutations;n_states;n_species;n_removed_na;matched_species;removed_tree_tips;removed_data_rows;status;note;message;estimate;p_value;p_mcse;estimate_mcse;ess_alpha;ess_beta;rhat_alpha;rhat_beta;ESS;ess;Rhat;rhat;n_sim_requested;n_sim_successful;n_iter_requested;n_iter_successful;method","",,3,,,,20000,20000,"TRUE","Diagnostics computed from saved alpha/beta MCMC traces.",1178.95736023412,1142.14527234693,1.0025977015507,1.00623423172493,0.0137232447327479
"20261002T011636Z","full","Delta_strong_n0050_r09","reference","Delta","Borges2019 delta() [pinned source]","strong",0.95,50,9,50,50,0,50,50,,50,20310991,25269901,25269902,25269903,20342003,"fastphylosig",2,FALSE,,10000,10,100,0.1,0.5,2,"LSE","ARD",,,,,,,,,,,,,,,"c0cc723ec8f9abce043d278ddcf529c06de32714f12f2daa3c19437540dcfa14","35b110fea3635208cc23b062573dac4974043ada172a67803e066f065a21af30","294fd5e974a6caca27dac63b9f9bc214ae1da2a873294d0f7dffcb5dfa768b38","4ce316405660bc8cebe356d1fc0c52bb9b99383e22a4f700329a0f2afbdb5a9f","575ceb5bf53dec2e8028b9d12f36140518caa487c694455f31d6f70ee39aab96","0.3.0","isolated_release_library/fastphylosig","d951ecee19c06f3a144ad76c5039302078747585bb3bf829e6f12db15f54775d","isolated_release_library/fastphylosig/libs/<platform>/fastphylosig","c46a5834babd455b546bc65c6549c42ba51e6b47f3c9f222919b7118a5af3280","1bd40080f1ea537b3c73c838dc98ff84940f1064f4e1c4dbfb2dd5063d999bdb","benchmarks/stage5/documentation_fix_release_20261001/fastphylosig_0.3.0.tar.gz","909b7ad27485dcc2d96a7bb1fc70b65b54e93245d75761aca406b9c52f06cbff","Borges2019-source-sha256:0dc1e987c13f0e972b0e7c3b4829b4d0fdc41ff0de3856bae4803f9ce0115175",0.875524997711182,3.69510093898818,"Sys.time",1,TRUE,"not_reported_by_reference","finite_reference_estimate_and_input_audit",TRUE,,"<numeric>","NaNs produced || Inf replaced by maximum positive value",,3,,,,,,,,,,,,
"20261002T011636Z","full","D_none_n0050_r10","fastphylosig","D","caper::phylo.d","none",0,50,10,50,50,0,,,,,20311001,25270901,25270902,25270903,20322002,"fastphylosig",1,TRUE,199,,,,,,,,,,,,,,,,,,,,,,,"5777f9ff42162d97b66558c3e0535785317c9b39738ff6fc7aa7c2d0cb50c1f7","408fedbe45f1d4fbf0652853eb901b2e40993c374e8478638c25999513f39b3f","9b557d0245208e2cf4fac2189f406bb11665aac3b89a847271031e1f8f89ac9a","89286cd2afb9684a3e4b46f47dec72c99edea7deb8326158bb6dbb4a31d39fdd","98cfef07d9022c002446a6f9025ebcdb4cd387b66fdf25511724d3a22a59edad","0.3.0","isolated_release_library/fastphylosig","d951ecee19c06f3a144ad76c5039302078747585bb3bf829e6f12db15f54775d","isolated_release_library/fastphylosig/libs/<platform>/fastphylosig","c46a5834babd455b546bc65c6549c42ba51e6b47f3c9f222919b7118a5af3280","1bd40080f1ea537b3c73c838dc98ff84940f1064f4e1c4dbfb2dd5063d999bdb","benchmarks/stage5/documentation_fix_release_20261001/fastphylosig_0.3.0.tar.gz","909b7ad27485dcc2d96a7bb1fc70b65b54e93245d75761aca406b9c52f06cbff","1.0.4",0.00779604911804199,1.03707788096837,"Sys.time",1,TRUE,"ok","fast_result",TRUE,,"trait;D_fast;Pval1_fast;Pval0_fast;P_random;P_Brownian;MCSE_P_random;MCSE_P_Brownian;nsim_requested;nsim_successful_random;nsim_successful_brownian;nsim_failed_random;nsim_failed_brownian;observed;mean_random;mean_brownian;n_species;n_removed_na;matched_species;removed_tree_tips;removed_data_rows;status;note;message;estimate;p_random;p_brownian;p_mcse_random;p_mcse_brownian;MCSE_random;MCSE_Brownian;mcse_random;mcse_brownian;n_sim_requested;n_sim_successful_random;n_sim_successful_brownian;method","",,,199,199,199,,,,,,,,,
"20261002T011636Z","full","D_none_n0050_r10","reference","D","caper::phylo.d","none",0,50,10,50,50,0,50,50,50,50,20311001,25270901,25270902,25270903,20322003,"fastphylosig",2,TRUE,199,,,,,,,,,,,,,,,,,,,,,,,"5777f9ff42162d97b66558c3e0535785317c9b39738ff6fc7aa7c2d0cb50c1f7","408fedbe45f1d4fbf0652853eb901b2e40993c374e8478638c25999513f39b3f","9b557d0245208e2cf4fac2189f406bb11665aac3b89a847271031e1f8f89ac9a","89286cd2afb9684a3e4b46f47dec72c99edea7deb8326158bb6dbb4a31d39fdd","98cfef07d9022c002446a6f9025ebcdb4cd387b66fdf25511724d3a22a59edad","0.3.0","isolated_release_library/fastphylosig","d951ecee19c06f3a144ad76c5039302078747585bb3bf829e6f12db15f54775d","isolated_release_library/fastphylosig/libs/<platform>/fastphylosig","c46a5834babd455b546bc65c6549c42ba51e6b47f3c9f222919b7118a5af3280","1bd40080f1ea537b3c73c838dc98ff84940f1064f4e1c4dbfb2dd5063d999bdb","benchmarks/stage5/documentation_fix_release_20261001/fastphylosig_0.3.0.tar.gz","909b7ad27485dcc2d96a7bb1fc70b65b54e93245d75761aca406b9c52f06cbff","1.0.4",0.0412161350250244,1.02933310179378,"Sys.time",1,TRUE,"not_reported_by_reference","finite_reference_estimate_and_input_audit",TRUE,,"DEstimate;Pval1;Pval0;Parameters;StatesTable;Permutations;NodalVals;binvar;data;nPermut;rnd.bias","",,2,,,,,,,,,,,,
"20261002T011636Z","full","Delta_none_n0050_r10","reference","Delta","Borges2019 delta() [pinned source]","none",0,50,10,50,50,0,50,50,,50,20311001,25270901,25270902,25270903,20322103,"reference",1,FALSE,,10000,10,100,0.1,0.5,2,"LSE","ARD",,,,,,,,,,,,,,,"5777f9ff42162d97b66558c3e0535785317c9b39738ff6fc7aa7c2d0cb50c1f7","408fedbe45f1d4fbf0652853eb901b2e40993c374e8478638c25999513f39b3f","9b557d0245208e2cf4fac2189f406bb11665aac3b89a847271031e1f8f89ac9a","117a12d9316772286afd8698efa563625b80681ab112e2e90a57530cc9632e52","cedc5295af2d9d0fedeb76b83875d28c5b008348956e8ce4c1a869cf748f25c8","0.3.0","isolated_release_library/fastphylosig","d951ecee19c06f3a144ad76c5039302078747585bb3bf829e6f12db15f54775d","isolated_release_library/fastphylosig/libs/<platform>/fastphylosig","c46a5834babd455b546bc65c6549c42ba51e6b47f3c9f222919b7118a5af3280","1bd40080f1ea537b3c73c838dc98ff84940f1064f4e1c4dbfb2dd5063d999bdb","benchmarks/stage5/documentation_fix_release_20261001/fastphylosig_0.3.0.tar.gz","909b7ad27485dcc2d96a7bb1fc70b65b54e93245d75761aca406b9c52f06cbff","Borges2019-source-sha256:0dc1e987c13f0e972b0e7c3b4829b4d0fdc41ff0de3856bae4803f9ce0115175",1.04435682296753,0.258891474195573,"Sys.time",1,TRUE,"not_reported_by_reference","finite_reference_estimate_and_input_audit",TRUE,,"<numeric>","NaNs produced",,3,,,,,,,,,,,,
"20261002T011636Z","full","Delta_none_n0050_r10","fastphylosig","Delta","Borges2019 delta() [pinned source]","none",0,50,10,50,50,0,,,,,20311001,25270901,25270902,25270903,20322102,"reference",2,FALSE,,10000,10,100,0.1,0.5,2,"LSE","ARD","0.1","0.5","10000","10","100","LSE","ARD","fast","1",20000,20000,20000,TRUE,TRUE,"5777f9ff42162d97b66558c3e0535785317c9b39738ff6fc7aa7c2d0cb50c1f7","408fedbe45f1d4fbf0652853eb901b2e40993c374e8478638c25999513f39b3f","9b557d0245208e2cf4fac2189f406bb11665aac3b89a847271031e1f8f89ac9a","117a12d9316772286afd8698efa563625b80681ab112e2e90a57530cc9632e52","cedc5295af2d9d0fedeb76b83875d28c5b008348956e8ce4c1a869cf748f25c8","0.3.0","isolated_release_library/fastphylosig","d951ecee19c06f3a144ad76c5039302078747585bb3bf829e6f12db15f54775d","isolated_release_library/fastphylosig/libs/<platform>/fastphylosig","c46a5834babd455b546bc65c6549c42ba51e6b47f3c9f222919b7118a5af3280","1bd40080f1ea537b3c73c838dc98ff84940f1064f4e1c4dbfb2dd5063d999bdb","benchmarks/stage5/documentation_fix_release_20261001/fastphylosig_0.3.0.tar.gz","909b7ad27485dcc2d96a7bb1fc70b65b54e93245d75761aca406b9c52f06cbff","Borges2019-source-sha256:0dc1e987c13f0e972b0e7c3b4829b4d0fdc41ff0de3856bae4803f9ce0115175",0.0359249114990234,0.255767567867413,"Sys.time",1,TRUE,"ok","fast_result",TRUE,,"trait;Delta_fast;alpha_mean;beta_mean;n_saved;n_saved_requested;n_saved_successful;alpha_sd;beta_sd;ESS_alpha;ESS_beta;split_Rhat_alpha;split_Rhat_beta;Rhat_alpha;Rhat_beta;alpha_beta_cov;MCSE_Delta;diagnostics_available;diagnostics_note;requested_simulations;successful_simulations;requested_iterations;successful_iterations;requested_permutations;successful_permutations;n_states;n_species;n_removed_na;matched_species;removed_tree_tips;removed_data_rows;status;note;message;estimate;p_value;p_mcse;estimate_mcse;ess_alpha;ess_beta;rhat_alpha;rhat_beta;ESS;ess;Rhat;rhat;n_sim_requested;n_sim_successful;n_iter_requested;n_iter_successful;method","",,3,,,,20000,20000,"TRUE","Diagnostics computed from saved alpha/beta MCMC traces.",1009.62440695892,1059.82049650971,1.00238510011872,1.00501070150435,0.00111536959190311
"20261002T011636Z","full","D_moderate_n0050_r10","reference","D","caper::phylo.d","moderate",0.5,50,10,50,50,0,50,50,50,50,20311001,25270901,25270902,25270903,20332003,"reference",1,TRUE,199,,,,,,,,,,,,,,,,,,,,,,,"5777f9ff42162d97b66558c3e0535785317c9b39738ff6fc7aa7c2d0cb50c1f7","408fedbe45f1d4fbf0652853eb901b2e40993c374e8478638c25999513f39b3f","9b557d0245208e2cf4fac2189f406bb11665aac3b89a847271031e1f8f89ac9a","6bbbe99e0aba5861855fd690d487ff0f3acd78783902f8adc66b741933d41e76","dd000035aa51d0e05543fb3ea67402ca897efa1ebc3878eddb46c2b1a16cb4f3","0.3.0","isolated_release_library/fastphylosig","d951ecee19c06f3a144ad76c5039302078747585bb3bf829e6f12db15f54775d","isolated_release_library/fastphylosig/libs/<platform>/fastphylosig","c46a5834babd455b546bc65c6549c42ba51e6b47f3c9f222919b7118a5af3280","1bd40080f1ea537b3c73c838dc98ff84940f1064f4e1c4dbfb2dd5063d999bdb","benchmarks/stage5/documentation_fix_release_20261001/fastphylosig_0.3.0.tar.gz","909b7ad27485dcc2d96a7bb1fc70b65b54e93245d75761aca406b9c52f06cbff","1.0.4",0.0421788692474365,0.650858065825177,"Sys.time",1,TRUE,"not_reported_by_reference","finite_reference_estimate_and_input_audit",TRUE,,"DEstimate;Pval1;Pval0;Parameters;StatesTable;Permutations;NodalVals;binvar;data;nPermut;rnd.bias","",,2,,,,,,,,,,,,
"20261002T011636Z","full","D_moderate_n0050_r10","fastphylosig","D","caper::phylo.d","moderate",0.5,50,10,50,50,0,,,,,20311001,25270901,25270902,25270903,20332002,"reference",2,TRUE,199,,,,,,,,,,,,,,,,,,,,,,,"5777f9ff42162d97b66558c3e0535785317c9b39738ff6fc7aa7c2d0cb50c1f7","408fedbe45f1d4fbf0652853eb901b2e40993c374e8478638c25999513f39b3f","9b557d0245208e2cf4fac2189f406bb11665aac3b89a847271031e1f8f89ac9a","6bbbe99e0aba5861855fd690d487ff0f3acd78783902f8adc66b741933d41e76","dd000035aa51d0e05543fb3ea67402ca897efa1ebc3878eddb46c2b1a16cb4f3","0.3.0","isolated_release_library/fastphylosig","d951ecee19c06f3a144ad76c5039302078747585bb3bf829e6f12db15f54775d","isolated_release_library/fastphylosig/libs/<platform>/fastphylosig","c46a5834babd455b546bc65c6549c42ba51e6b47f3c9f222919b7118a5af3280","1bd40080f1ea537b3c73c838dc98ff84940f1064f4e1c4dbfb2dd5063d999bdb","benchmarks/stage5/documentation_fix_release_20261001/fastphylosig_0.3.0.tar.gz","909b7ad27485dcc2d96a7bb1fc70b65b54e93245d75761aca406b9c52f06cbff","1.0.4",0.00773119926452637,0.649088092378259,"Sys.time",1,TRUE,"ok","fast_result",TRUE,,"trait;D_fast;Pval1_fast;Pval0_fast;P_random;P_Brownian;MCSE_P_random;MCSE_P_Brownian;nsim_requested;nsim_successful_random;nsim_successful_brownian;nsim_failed_random;nsim_failed_brownian;observed;mean_random;mean_brownian;n_species;n_removed_na;matched_species;removed_tree_tips;removed_data_rows;status;note;message;estimate;p_random;p_brownian;p_mcse_random;p_mcse_brownian;MCSE_random;MCSE_Brownian;mcse_random;mcse_brownian;n_sim_requested;n_sim_successful_random;n_sim_successful_brownian;method","",,,199,199,199,,,,,,,,,
"20261002T011636Z","full","Delta_moderate_n0050_r10","fastphylosig","Delta","Borges2019 delta() [pinned source]","moderate",0.5,50,10,50,50,0,,,,,20311001,25270901,25270902,25270903,20332102,"fastphylosig",1,FALSE,,10000,10,100,0.1,0.5,2,"LSE","ARD","0.1","0.5","10000","10","100","LSE","ARD","fast","1",20000,20000,20000,TRUE,TRUE,"5777f9ff42162d97b66558c3e0535785317c9b39738ff6fc7aa7c2d0cb50c1f7","408fedbe45f1d4fbf0652853eb901b2e40993c374e8478638c25999513f39b3f","9b557d0245208e2cf4fac2189f406bb11665aac3b89a847271031e1f8f89ac9a","f65960f1dc835d47c4478841b85b63a1bed729149e9f07ccede2a6b8ea221d2b","4967639cb3dbdb8e93c33547052966826b45aa66f9c7dccc0db1a8a866dd24c4","0.3.0","isolated_release_library/fastphylosig","d951ecee19c06f3a144ad76c5039302078747585bb3bf829e6f12db15f54775d","isolated_release_library/fastphylosig/libs/<platform>/fastphylosig","c46a5834babd455b546bc65c6549c42ba51e6b47f3c9f222919b7118a5af3280","1bd40080f1ea537b3c73c838dc98ff84940f1064f4e1c4dbfb2dd5063d999bdb","benchmarks/stage5/documentation_fix_release_20261001/fastphylosig_0.3.0.tar.gz","909b7ad27485dcc2d96a7bb1fc70b65b54e93245d75761aca406b9c52f06cbff","Borges2019-source-sha256:0dc1e987c13f0e972b0e7c3b4829b4d0fdc41ff0de3856bae4803f9ce0115175",0.0348920822143555,0.503733986351132,"Sys.time",1,TRUE,"ok","fast_result",TRUE,,"trait;Delta_fast;alpha_mean;beta_mean;n_saved;n_saved_requested;n_saved_successful;alpha_sd;beta_sd;ESS_alpha;ESS_beta;split_Rhat_alpha;split_Rhat_beta;Rhat_alpha;Rhat_beta;alpha_beta_cov;MCSE_Delta;diagnostics_available;diagnostics_note;requested_simulations;successful_simulations;requested_iterations;successful_iterations;requested_permutations;successful_permutations;n_states;n_species;n_removed_na;matched_species;removed_tree_tips;removed_data_rows;status;note;message;estimate;p_value;p_mcse;estimate_mcse;ess_alpha;ess_beta;rhat_alpha;rhat_beta;ESS;ess;Rhat;rhat;n_sim_requested;n_sim_successful;n_iter_requested;n_iter_successful;method","",,3,,,,20000,20000,"TRUE","Diagnostics computed from saved alpha/beta MCMC traces.",1103.60947755777,1013.6179873541,0.999308044462905,1.00021719089161,0.00136700143124742
"20261002T011636Z","full","Delta_moderate_n0050_r10","reference","Delta","Borges2019 delta() [pinned source]","moderate",0.5,50,10,50,50,0,50,50,,50,20311001,25270901,25270902,25270903,20332103,"fastphylosig",2,FALSE,,10000,10,100,0.1,0.5,2,"LSE","ARD",,,,,,,,,,,,,,,"5777f9ff42162d97b66558c3e0535785317c9b39738ff6fc7aa7c2d0cb50c1f7","408fedbe45f1d4fbf0652853eb901b2e40993c374e8478638c25999513f39b3f","9b557d0245208e2cf4fac2189f406bb11665aac3b89a847271031e1f8f89ac9a","f65960f1dc835d47c4478841b85b63a1bed729149e9f07ccede2a6b8ea221d2b","4967639cb3dbdb8e93c33547052966826b45aa66f9c7dccc0db1a8a866dd24c4","0.3.0","isolated_release_library/fastphylosig","d951ecee19c06f3a144ad76c5039302078747585bb3bf829e6f12db15f54775d","isolated_release_library/fastphylosig/libs/<platform>/fastphylosig","c46a5834babd455b546bc65c6549c42ba51e6b47f3c9f222919b7118a5af3280","1bd40080f1ea537b3c73c838dc98ff84940f1064f4e1c4dbfb2dd5063d999bdb","benchmarks/stage5/documentation_fix_release_20261001/fastphylosig_0.3.0.tar.gz","909b7ad27485dcc2d96a7bb1fc70b65b54e93245d75761aca406b9c52f06cbff","Borges2019-source-sha256:0dc1e987c13f0e972b0e7c3b4829b4d0fdc41ff0de3856bae4803f9ce0115175",1.01450896263123,0.511284828836678,"Sys.time",1,TRUE,"not_reported_by_reference","finite_reference_estimate_and_input_audit",TRUE,,"<numeric>","NaNs produced",,3,,,,,,,,,,,,
"20261002T011636Z","full","D_strong_n0050_r10","fastphylosig","D","caper::phylo.d","strong",0.95,50,10,50,50,0,,,,,20311001,25270901,25270902,25270903,20342002,"fastphylosig",1,TRUE,199,,,,,,,,,,,,,,,,,,,,,,,"5777f9ff42162d97b66558c3e0535785317c9b39738ff6fc7aa7c2d0cb50c1f7","408fedbe45f1d4fbf0652853eb901b2e40993c374e8478638c25999513f39b3f","9b557d0245208e2cf4fac2189f406bb11665aac3b89a847271031e1f8f89ac9a","bff2f0ab9cfbcd697babfd1d07248d99de40ed8ee73646d845d29e080fbaf70e","ba7c031b5bac0a6353dc69a8dde184cee1417220c6c248d779d7885f231bea2d","0.3.0","isolated_release_library/fastphylosig","d951ecee19c06f3a144ad76c5039302078747585bb3bf829e6f12db15f54775d","isolated_release_library/fastphylosig/libs/<platform>/fastphylosig","c46a5834babd455b546bc65c6549c42ba51e6b47f3c9f222919b7118a5af3280","1bd40080f1ea537b3c73c838dc98ff84940f1064f4e1c4dbfb2dd5063d999bdb","benchmarks/stage5/documentation_fix_release_20261001/fastphylosig_0.3.0.tar.gz","909b7ad27485dcc2d96a7bb1fc70b65b54e93245d75761aca406b9c52f06cbff","1.0.4",0.00783395767211914,0.619924736088926,"Sys.time",1,TRUE,"ok","fast_result",TRUE,,"trait;D_fast;Pval1_fast;Pval0_fast;P_random;P_Brownian;MCSE_P_random;MCSE_P_Brownian;nsim_requested;nsim_successful_random;nsim_successful_brownian;nsim_failed_random;nsim_failed_brownian;observed;mean_random;mean_brownian;n_species;n_removed_na;matched_species;removed_tree_tips;removed_data_rows;status;note;message;estimate;p_random;p_brownian;p_mcse_random;p_mcse_brownian;MCSE_random;MCSE_Brownian;mcse_random;mcse_brownian;n_sim_requested;n_sim_successful_random;n_sim_successful_brownian;method","",,,199,199,199,,,,,,,,,
"20261002T011636Z","full","D_strong_n0050_r10","reference","D","caper::phylo.d","strong",0.95,50,10,50,50,0,50,50,50,50,20311001,25270901,25270902,25270903,20342003,"fastphylosig",2,TRUE,199,,,,,,,,,,,,,,,,,,,,,,,"5777f9ff42162d97b66558c3e0535785317c9b39738ff6fc7aa7c2d0cb50c1f7","408fedbe45f1d4fbf0652853eb901b2e40993c374e8478638c25999513f39b3f","9b557d0245208e2cf4fac2189f406bb11665aac3b89a847271031e1f8f89ac9a","bff2f0ab9cfbcd697babfd1d07248d99de40ed8ee73646d845d29e080fbaf70e","ba7c031b5bac0a6353dc69a8dde184cee1417220c6c248d779d7885f231bea2d","0.3.0","isolated_release_library/fastphylosig","d951ecee19c06f3a144ad76c5039302078747585bb3bf829e6f12db15f54775d","isolated_release_library/fastphylosig/libs/<platform>/fastphylosig","c46a5834babd455b546bc65c6549c42ba51e6b47f3c9f222919b7118a5af3280","1bd40080f1ea537b3c73c838dc98ff84940f1064f4e1c4dbfb2dd5063d999bdb","benchmarks/stage5/documentation_fix_release_20261001/fastphylosig_0.3.0.tar.gz","909b7ad27485dcc2d96a7bb1fc70b65b54e93245d75761aca406b9c52f06cbff","1.0.4",0.0406789779663086,0.592513037973399,"Sys.time",1,TRUE,"not_reported_by_reference","finite_reference_estimate_and_input_audit",TRUE,,"DEstimate;Pval1;Pval0;Parameters;StatesTable;Permutations;NodalVals;binvar;data;nPermut;rnd.bias","",,2,,,,,,,,,,,,
"20261002T011636Z","full","Delta_strong_n0050_r10","reference","Delta","Borges2019 delta() [pinned source]","strong",0.95,50,10,50,50,0,50,50,,50,20311001,25270901,25270902,25270903,20342103,"reference",1,FALSE,,10000,10,100,0.1,0.5,2,"LSE","ARD",,,,,,,,,,,,,,,"5777f9ff42162d97b66558c3e0535785317c9b39738ff6fc7aa7c2d0cb50c1f7","408fedbe45f1d4fbf0652853eb901b2e40993c374e8478638c25999513f39b3f","9b557d0245208e2cf4fac2189f406bb11665aac3b89a847271031e1f8f89ac9a","57a7a7ac50e4383b38cdab61bd0dff4f75240e51306d8f232f61c76d9c57b9c9","77adc69a534fcf7211bb8967b2c0f6170f54d70f478c8cadec397dcf982dbfba","0.3.0","isolated_release_library/fastphylosig","d951ecee19c06f3a144ad76c5039302078747585bb3bf829e6f12db15f54775d","isolated_release_library/fastphylosig/libs/<platform>/fastphylosig","c46a5834babd455b546bc65c6549c42ba51e6b47f3c9f222919b7118a5af3280","1bd40080f1ea537b3c73c838dc98ff84940f1064f4e1c4dbfb2dd5063d999bdb","benchmarks/stage5/documentation_fix_release_20261001/fastphylosig_0.3.0.tar.gz","909b7ad27485dcc2d96a7bb1fc70b65b54e93245d75761aca406b9c52f06cbff","Borges2019-source-sha256:0dc1e987c13f0e972b0e7c3b4829b4d0fdc41ff0de3856bae4803f9ce0115175",0.915317058563232,2.45911325080443,"Sys.time",1,TRUE,"not_reported_by_reference","finite_reference_estimate_and_input_audit",TRUE,,"<numeric>","NaNs produced || Inf replaced by maximum positive value",,3,,,,,,,,,,,,
"20261002T011636Z","full","Delta_strong_n0050_r10","fastphylosig","Delta","Borges2019 delta() [pinned source]","strong",0.95,50,10,50,50,0,,,,,20311001,25270901,25270902,25270903,20342102,"reference",2,FALSE,,10000,10,100,0.1,0.5,2,"LSE","ARD","0.1","0.5","10000","10","100","LSE","ARD","fast","1",20000,20000,20000,TRUE,TRUE,"5777f9ff42162d97b66558c3e0535785317c9b39738ff6fc7aa7c2d0cb50c1f7","408fedbe45f1d4fbf0652853eb901b2e40993c374e8478638c25999513f39b3f","9b557d0245208e2cf4fac2189f406bb11665aac3b89a847271031e1f8f89ac9a","57a7a7ac50e4383b38cdab61bd0dff4f75240e51306d8f232f61c76d9c57b9c9","77adc69a534fcf7211bb8967b2c0f6170f54d70f478c8cadec397dcf982dbfba","0.3.0","isolated_release_library/fastphylosig","d951ecee19c06f3a144ad76c5039302078747585bb3bf829e6f12db15f54775d","isolated_release_library/fastphylosig/libs/<platform>/fastphylosig","c46a5834babd455b546bc65c6549c42ba51e6b47f3c9f222919b7118a5af3280","1bd40080f1ea537b3c73c838dc98ff84940f1064f4e1c4dbfb2dd5063d999bdb","benchmarks/stage5/documentation_fix_release_20261001/fastphylosig_0.3.0.tar.gz","909b7ad27485dcc2d96a7bb1fc70b65b54e93245d75761aca406b9c52f06cbff","Borges2019-source-sha256:0dc1e987c13f0e972b0e7c3b4829b4d0fdc41ff0de3856bae4803f9ce0115175",0.0314509868621826,2.44932265672007,"Sys.time",1,TRUE,"ok","fast_result",TRUE,,"trait;Delta_fast;alpha_mean;beta_mean;n_saved;n_saved_requested;n_saved_successful;alpha_sd;beta_sd;ESS_alpha;ESS_beta;split_Rhat_alpha;split_Rhat_beta;Rhat_alpha;Rhat_beta;alpha_beta_cov;MCSE_Delta;diagnostics_available;diagnostics_note;requested_simulations;successful_simulations;requested_iterations;successful_iterations;requested_permutations;successful_permutations;n_states;n_species;n_removed_na;matched_species;removed_tree_tips;removed_data_rows;status;note;message;estimate;p_value;p_mcse;estimate_mcse;ess_alpha;ess_beta;rhat_alpha;rhat_beta;ESS;ess;Rhat;rhat;n_sim_requested;n_sim_successful;n_iter_requested;n_iter_successful;method","",,3,,,,20000,20000,"TRUE","Diagnostics computed from saved alpha/beta MCMC traces.",1183.31930921825,1222.79400306813,1.00060740921924,1.00160413317845,0.00908590073644828
"20261002T011636Z","full","D_none_n0100_r01","reference","D","caper::phylo.d","none",0,100,1,100,100,0,100,100,100,100,20360911,30261901,30261902,30261903,20371103,"reference",1,TRUE,199,,,,,,,,,,,,,,,,,,,,,,,"649862c0fb5b9b23d630607f2ad33d45eeb512300f7b60606be1f25eaca61c4c","a06a599bf045d534130d891d0b2eb95470997d3be2842f5cb24895f13471284f","e366ec7e833de354f1b468c31d6e3a4ee566b2fa34e31ec44b69059d4213d223","200597f5fe13ef4695f516a5b6b782f60f255ddc93ae92f5291cf120bd43834c","4fcd2fd05d5088bb9980f3a75c60b3477426306d5b3a9e3089c45d7647767925","0.3.0","isolated_release_library/fastphylosig","d951ecee19c06f3a144ad76c5039302078747585bb3bf829e6f12db15f54775d","isolated_release_library/fastphylosig/libs/<platform>/fastphylosig","c46a5834babd455b546bc65c6549c42ba51e6b47f3c9f222919b7118a5af3280","1bd40080f1ea537b3c73c838dc98ff84940f1064f4e1c4dbfb2dd5063d999bdb","benchmarks/stage5/documentation_fix_release_20261001/fastphylosig_0.3.0.tar.gz","909b7ad27485dcc2d96a7bb1fc70b65b54e93245d75761aca406b9c52f06cbff","1.0.4",0.0651500225067139,0.699402765042696,"Sys.time",1,TRUE,"not_reported_by_reference","finite_reference_estimate_and_input_audit",TRUE,,"DEstimate;Pval1;Pval0;Parameters;StatesTable;Permutations;NodalVals;binvar;data;nPermut;rnd.bias","",,2,,,,,,,,,,,,
"20261002T011636Z","full","D_none_n0100_r01","fastphylosig","D","caper::phylo.d","none",0,100,1,100,100,0,,,,,20360911,30261901,30261902,30261903,20371102,"reference",2,TRUE,199,,,,,,,,,,,,,,,,,,,,,,,"649862c0fb5b9b23d630607f2ad33d45eeb512300f7b60606be1f25eaca61c4c","a06a599bf045d534130d891d0b2eb95470997d3be2842f5cb24895f13471284f","e366ec7e833de354f1b468c31d6e3a4ee566b2fa34e31ec44b69059d4213d223","200597f5fe13ef4695f516a5b6b782f60f255ddc93ae92f5291cf120bd43834c","4fcd2fd05d5088bb9980f3a75c60b3477426306d5b3a9e3089c45d7647767925","0.3.0","isolated_release_library/fastphylosig","d951ecee19c06f3a144ad76c5039302078747585bb3bf829e6f12db15f54775d","isolated_release_library/fastphylosig/libs/<platform>/fastphylosig","c46a5834babd455b546bc65c6549c42ba51e6b47f3c9f222919b7118a5af3280","1bd40080f1ea537b3c73c838dc98ff84940f1064f4e1c4dbfb2dd5063d999bdb","benchmarks/stage5/documentation_fix_release_20261001/fastphylosig_0.3.0.tar.gz","909b7ad27485dcc2d96a7bb1fc70b65b54e93245d75761aca406b9c52f06cbff","1.0.4",0.0101981163024902,0.729951308625091,"Sys.time",1,TRUE,"ok","fast_result",TRUE,,"trait;D_fast;Pval1_fast;Pval0_fast;P_random;P_Brownian;MCSE_P_random;MCSE_P_Brownian;nsim_requested;nsim_successful_random;nsim_successful_brownian;nsim_failed_random;nsim_failed_brownian;observed;mean_random;mean_brownian;n_species;n_removed_na;matched_species;removed_tree_tips;removed_data_rows;status;note;message;estimate;p_random;p_brownian;p_mcse_random;p_mcse_brownian;MCSE_random;MCSE_Brownian;mcse_random;mcse_brownian;n_sim_requested;n_sim_successful_random;n_sim_successful_brownian;method","",,,199,199,199,,,,,,,,,
"20261002T011636Z","full","Delta_none_n0100_r01","fastphylosig","Delta","Borges2019 delta() [pinned source]","none",0,100,1,100,100,0,,,,,20360911,30261901,30261902,30261903,20371202,"fastphylosig",1,FALSE,,10000,10,100,0.1,0.5,2,"LSE","ARD","0.1","0.5","10000","10","100","LSE","ARD","fast","1",20000,20000,20000,TRUE,TRUE,"649862c0fb5b9b23d630607f2ad33d45eeb512300f7b60606be1f25eaca61c4c","a06a599bf045d534130d891d0b2eb95470997d3be2842f5cb24895f13471284f","e366ec7e833de354f1b468c31d6e3a4ee566b2fa34e31ec44b69059d4213d223","8cc964a5bcabf0c5f09f1636c38f33e27b9cef7c4fc7e5ae4819e8eb6a8a9834","0c76cf65568b416a6ddd109ccc56dab6912ed20e22e786a5b73af5074c2fedf7","0.3.0","isolated_release_library/fastphylosig","d951ecee19c06f3a144ad76c5039302078747585bb3bf829e6f12db15f54775d","isolated_release_library/fastphylosig/libs/<platform>/fastphylosig","c46a5834babd455b546bc65c6549c42ba51e6b47f3c9f222919b7118a5af3280","1bd40080f1ea537b3c73c838dc98ff84940f1064f4e1c4dbfb2dd5063d999bdb","benchmarks/stage5/documentation_fix_release_20261001/fastphylosig_0.3.0.tar.gz","909b7ad27485dcc2d96a7bb1fc70b65b54e93245d75761aca406b9c52f06cbff","Borges2019-source-sha256:0dc1e987c13f0e972b0e7c3b4829b4d0fdc41ff0de3856bae4803f9ce0115175",0.0823738574981689,0.151216056593083,"Sys.time",1,TRUE,"ok","fast_result",TRUE,,"trait;Delta_fast;alpha_mean;beta_mean;n_saved;n_saved_requested;n_saved_successful;alpha_sd;beta_sd;ESS_alpha;ESS_beta;split_Rhat_alpha;split_Rhat_beta;Rhat_alpha;Rhat_beta;alpha_beta_cov;MCSE_Delta;diagnostics_available;diagnostics_note;requested_simulations;successful_simulations;requested_iterations;successful_iterations;requested_permutations;successful_permutations;n_states;n_species;n_removed_na;matched_species;removed_tree_tips;removed_data_rows;status;note;message;estimate;p_value;p_mcse;estimate_mcse;ess_alpha;ess_beta;rhat_alpha;rhat_beta;ESS;ess;Rhat;rhat;n_sim_requested;n_sim_successful;n_iter_requested;n_iter_successful;method","",,3,,,,20000,20000,"TRUE","Diagnostics computed from saved alpha/beta MCMC traces.",1417.83775564017,1390.64184888169,0.999251471168065,1.00028978971975,0.000481497204984658
"20261002T011636Z","full","Delta_none_n0100_r01","reference","Delta","Borges2019 delta() [pinned source]","none",0,100,1,100,100,0,100,100,,100,20360911,30261901,30261902,30261903,20371203,"fastphylosig",2,FALSE,,10000,10,100,0.1,0.5,2,"LSE","ARD",,,,,,,,,,,,,,,"649862c0fb5b9b23d630607f2ad33d45eeb512300f7b60606be1f25eaca61c4c","a06a599bf045d534130d891d0b2eb95470997d3be2842f5cb24895f13471284f","e366ec7e833de354f1b468c31d6e3a4ee566b2fa34e31ec44b69059d4213d223","8cc964a5bcabf0c5f09f1636c38f33e27b9cef7c4fc7e5ae4819e8eb6a8a9834","0c76cf65568b416a6ddd109ccc56dab6912ed20e22e786a5b73af5074c2fedf7","0.3.0","isolated_release_library/fastphylosig","d951ecee19c06f3a144ad76c5039302078747585bb3bf829e6f12db15f54775d","isolated_release_library/fastphylosig/libs/<platform>/fastphylosig","c46a5834babd455b546bc65c6549c42ba51e6b47f3c9f222919b7118a5af3280","1bd40080f1ea537b3c73c838dc98ff84940f1064f4e1c4dbfb2dd5063d999bdb","benchmarks/stage5/documentation_fix_release_20261001/fastphylosig_0.3.0.tar.gz","909b7ad27485dcc2d96a7bb1fc70b65b54e93245d75761aca406b9c52f06cbff","Borges2019-source-sha256:0dc1e987c13f0e972b0e7c3b4829b4d0fdc41ff0de3856bae4803f9ce0115175",2.23701977729797,0.152746889727553,"Sys.time",1,TRUE,"not_reported_by_reference","finite_reference_estimate_and_input_audit",TRUE,,"<numeric>","imaginary parts discarded in coercion || NaNs produced",,3,,,,,,,,,,,,
"20261002T011636Z","full","D_moderate_n0100_r01","fastphylosig","D","caper::phylo.d","moderate",0.5,100,1,100,100,0,,,,,20360911,30261901,30261902,30261903,20381102,"fastphylosig",1,TRUE,199,,,,,,,,,,,,,,,,,,,,,,,"649862c0fb5b9b23d630607f2ad33d45eeb512300f7b60606be1f25eaca61c4c","a06a599bf045d534130d891d0b2eb95470997d3be2842f5cb24895f13471284f","e366ec7e833de354f1b468c31d6e3a4ee566b2fa34e31ec44b69059d4213d223","5b51928f33f4b292adeb8c130fa7a3e0aea66603523b008b75f7ec53434ebbee","25438685dd2a333f6c505e14df10acd0e9a6bcc523ec1c9efa9e4dd21fe4332c","0.3.0","isolated_release_library/fastphylosig","d951ecee19c06f3a144ad76c5039302078747585bb3bf829e6f12db15f54775d","isolated_release_library/fastphylosig/libs/<platform>/fastphylosig","c46a5834babd455b546bc65c6549c42ba51e6b47f3c9f222919b7118a5af3280","1bd40080f1ea537b3c73c838dc98ff84940f1064f4e1c4dbfb2dd5063d999bdb","benchmarks/stage5/documentation_fix_release_20261001/fastphylosig_0.3.0.tar.gz","909b7ad27485dcc2d96a7bb1fc70b65b54e93245d75761aca406b9c52f06cbff","1.0.4",0.0108280181884766,0.506083125994695,"Sys.time",1,TRUE,"ok","fast_result",TRUE,,"trait;D_fast;Pval1_fast;Pval0_fast;P_random;P_Brownian;MCSE_P_random;MCSE_P_Brownian;nsim_requested;nsim_successful_random;nsim_successful_brownian;nsim_failed_random;nsim_failed_brownian;observed;mean_random;mean_brownian;n_species;n_removed_na;matched_species;removed_tree_tips;removed_data_rows;status;note;message;estimate;p_random;p_brownian;p_mcse_random;p_mcse_brownian;MCSE_random;MCSE_Brownian;mcse_random;mcse_brownian;n_sim_requested;n_sim_successful_random;n_sim_successful_brownian;method","",,,199,199,199,,,,,,,,,
"20261002T011636Z","full","D_moderate_n0100_r01","reference","D","caper::phylo.d","moderate",0.5,100,1,100,100,0,100,100,100,100,20360911,30261901,30261902,30261903,20381103,"fastphylosig",2,TRUE,199,,,,,,,,,,,,,,,,,,,,,,,"649862c0fb5b9b23d630607f2ad33d45eeb512300f7b60606be1f25eaca61c4c","a06a599bf045d534130d891d0b2eb95470997d3be2842f5cb24895f13471284f","e366ec7e833de354f1b468c31d6e3a4ee566b2fa34e31ec44b69059d4213d223","5b51928f33f4b292adeb8c130fa7a3e0aea66603523b008b75f7ec53434ebbee","25438685dd2a333f6c505e14df10acd0e9a6bcc523ec1c9efa9e4dd21fe4332c","0.3.0","isolated_release_library/fastphylosig","d951ecee19c06f3a144ad76c5039302078747585bb3bf829e6f12db15f54775d","isolated_release_library/fastphylosig/libs/<platform>/fastphylosig","c46a5834babd455b546bc65c6549c42ba51e6b47f3c9f222919b7118a5af3280","1bd40080f1ea537b3c73c838dc98ff84940f1064f4e1c4dbfb2dd5063d999bdb","benchmarks/stage5/documentation_fix_release_20261001/fastphylosig_0.3.0.tar.gz","909b7ad27485dcc2d96a7bb1fc70b65b54e93245d75761aca406b9c52f06cbff","1.0.4",0.0611140727996826,0.474893912141914,"Sys.time",1,TRUE,"not_reported_by_reference","finite_reference_estimate_and_input_audit",TRUE,,"DEstimate;Pval1;Pval0;Parameters;StatesTable;Permutations;NodalVals;binvar;data;nPermut;rnd.bias","",,2,,,,,,,,,,,,
"20261002T011636Z","full","Delta_moderate_n0100_r01","reference","Delta","Borges2019 delta() [pinned source]","moderate",0.5,100,1,100,100,0,100,100,,100,20360911,30261901,30261902,30261903,20381203,"reference",1,FALSE,,10000,10,100,0.1,0.5,2,"LSE","ARD",,,,,,,,,,,,,,,"649862c0fb5b9b23d630607f2ad33d45eeb512300f7b60606be1f25eaca61c4c","a06a599bf045d534130d891d0b2eb95470997d3be2842f5cb24895f13471284f","e366ec7e833de354f1b468c31d6e3a4ee566b2fa34e31ec44b69059d4213d223","a5891b289c9dcf01c041829046af16077696c6d2e511288ec1159f197c3d154e","ada5f7b2e180caa991248db4bddb1b32cef68c701ba48289fefe0ee237356890","0.3.0","isolated_release_library/fastphylosig","d951ecee19c06f3a144ad76c5039302078747585bb3bf829e6f12db15f54775d","isolated_release_library/fastphylosig/libs/<platform>/fastphylosig","c46a5834babd455b546bc65c6549c42ba51e6b47f3c9f222919b7118a5af3280","1bd40080f1ea537b3c73c838dc98ff84940f1064f4e1c4dbfb2dd5063d999bdb","benchmarks/stage5/documentation_fix_release_20261001/fastphylosig_0.3.0.tar.gz","909b7ad27485dcc2d96a7bb1fc70b65b54e93245d75761aca406b9c52f06cbff","Borges2019-source-sha256:0dc1e987c13f0e972b0e7c3b4829b4d0fdc41ff0de3856bae4803f9ce0115175",1.18402695655823,2.3250704445052,"Sys.time",1,TRUE,"not_reported_by_reference","finite_reference_estimate_and_input_audit",TRUE,,"<numeric>","NaNs produced || Inf replaced by maximum positive value",,3,,,,,,,,,,,,
"20261002T011636Z","full","Delta_moderate_n0100_r01","fastphylosig","Delta","Borges2019 delta() [pinned source]","moderate",0.5,100,1,100,100,0,,,,,20360911,30261901,30261902,30261903,20381202,"reference",2,FALSE,,10000,10,100,0.1,0.5,2,"LSE","ARD","0.1","0.5","10000","10","100","LSE","ARD","fast","1",20000,20000,20000,TRUE,TRUE,"649862c0fb5b9b23d630607f2ad33d45eeb512300f7b60606be1f25eaca61c4c","a06a599bf045d534130d891d0b2eb95470997d3be2842f5cb24895f13471284f","e366ec7e833de354f1b468c31d6e3a4ee566b2fa34e31ec44b69059d4213d223","a5891b289c9dcf01c041829046af16077696c6d2e511288ec1159f197c3d154e","ada5f7b2e180caa991248db4bddb1b32cef68c701ba48289fefe0ee237356890","0.3.0","isolated_release_library/fastphylosig","d951ecee19c06f3a144ad76c5039302078747585bb3bf829e6f12db15f54775d","isolated_release_library/fastphylosig/libs/<platform>/fastphylosig","c46a5834babd455b546bc65c6549c42ba51e6b47f3c9f222919b7118a5af3280","1bd40080f1ea537b3c73c838dc98ff84940f1064f4e1c4dbfb2dd5063d999bdb","benchmarks/stage5/documentation_fix_release_20261001/fastphylosig_0.3.0.tar.gz","909b7ad27485dcc2d96a7bb1fc70b65b54e93245d75761aca406b9c52f06cbff","Borges2019-source-sha256:0dc1e987c13f0e972b0e7c3b4829b4d0fdc41ff0de3856bae4803f9ce0115175",0.0361189842224121,2.31582262344826,"Sys.time",1,TRUE,"ok","fast_result",TRUE,,"trait;Delta_fast;alpha_mean;beta_mean;n_saved;n_saved_requested;n_saved_successful;alpha_sd;beta_sd;ESS_alpha;ESS_beta;split_Rhat_alpha;split_Rhat_beta;Rhat_alpha;Rhat_beta;alpha_beta_cov;MCSE_Delta;diagnostics_available;diagnostics_note;requested_simulations;successful_simulations;requested_iterations;successful_iterations;requested_permutations;successful_permutations;n_states;n_species;n_removed_na;matched_species;removed_tree_tips;removed_data_rows;status;note;message;estimate;p_value;p_mcse;estimate_mcse;ess_alpha;ess_beta;rhat_alpha;rhat_beta;ESS;ess;Rhat;rhat;n_sim_requested;n_sim_successful;n_iter_requested;n_iter_successful;method","",,3,,,,20000,20000,"TRUE","Diagnostics computed from saved alpha/beta MCMC traces.",1012.96165013211,992.881235052238,1.00060623330914,1.00055770557135,0.00604124824147842
"20261002T011636Z","full","D_strong_n0100_r01","reference","D","caper::phylo.d","strong",0.95,100,1,100,100,0,100,100,100,100,20360911,30261901,30261902,30261903,20391103,"reference",1,TRUE,199,,,,,,,,,,,,,,,,,,,,,,,"649862c0fb5b9b23d630607f2ad33d45eeb512300f7b60606be1f25eaca61c4c","a06a599bf045d534130d891d0b2eb95470997d3be2842f5cb24895f13471284f","e366ec7e833de354f1b468c31d6e3a4ee566b2fa34e31ec44b69059d4213d223","800db767b9497aa0f21feb3a14a36bdc53a4b31931cda4f0be1cff63fb157f69","3fe5d7b01328df3089c7e30ca6239d9797d7dd116c047f9356ca19fbe83abf51","0.3.0","isolated_release_library/fastphylosig","d951ecee19c06f3a144ad76c5039302078747585bb3bf829e6f12db15f54775d","isolated_release_library/fastphylosig/libs/<platform>/fastphylosig","c46a5834babd455b546bc65c6549c42ba51e6b47f3c9f222919b7118a5af3280","1bd40080f1ea537b3c73c838dc98ff84940f1064f4e1c4dbfb2dd5063d999bdb","benchmarks/stage5/documentation_fix_release_20261001/fastphylosig_0.3.0.tar.gz","909b7ad27485dcc2d96a7bb1fc70b65b54e93245d75761aca406b9c52f06cbff","1.0.4",0.0613410472869873,-0.159445080818033,"Sys.time",1,TRUE,"not_reported_by_reference","finite_reference_estimate_and_input_audit",TRUE,,"DEstimate;Pval1;Pval0;Parameters;StatesTable;Permutations;NodalVals;binvar;data;nPermut;rnd.bias","",,2,,,,,,,,,,,,
"20261002T011636Z","full","D_strong_n0100_r01","fastphylosig","D","caper::phylo.d","strong",0.95,100,1,100,100,0,,,,,20360911,30261901,30261902,30261903,20391102,"reference",2,TRUE,199,,,,,,,,,,,,,,,,,,,,,,,"649862c0fb5b9b23d630607f2ad33d45eeb512300f7b60606be1f25eaca61c4c","a06a599bf045d534130d891d0b2eb95470997d3be2842f5cb24895f13471284f","e366ec7e833de354f1b468c31d6e3a4ee566b2fa34e31ec44b69059d4213d223","800db767b9497aa0f21feb3a14a36bdc53a4b31931cda4f0be1cff63fb157f69","3fe5d7b01328df3089c7e30ca6239d9797d7dd116c047f9356ca19fbe83abf51","0.3.0","isolated_release_library/fastphylosig","d951ecee19c06f3a144ad76c5039302078747585bb3bf829e6f12db15f54775d","isolated_release_library/fastphylosig/libs/<platform>/fastphylosig","c46a5834babd455b546bc65c6549c42ba51e6b47f3c9f222919b7118a5af3280","1bd40080f1ea537b3c73c838dc98ff84940f1064f4e1c4dbfb2dd5063d999bdb","benchmarks/stage5/documentation_fix_release_20261001/fastphylosig_0.3.0.tar.gz","909b7ad27485dcc2d96a7bb1fc70b65b54e93245d75761aca406b9c52f06cbff","1.0.4",0.00998091697692871,-0.166178248173324,"Sys.time",1,TRUE,"ok","fast_result",TRUE,,"trait;D_fast;Pval1_fast;Pval0_fast;P_random;P_Brownian;MCSE_P_random;MCSE_P_Brownian;nsim_requested;nsim_successful_random;nsim_successful_brownian;nsim_failed_random;nsim_failed_brownian;observed;mean_random;mean_brownian;n_species;n_removed_na;matched_species;removed_tree_tips;removed_data_rows;status;note;message;estimate;p_random;p_brownian;p_mcse_random;p_mcse_brownian;MCSE_random;MCSE_Brownian;mcse_random;mcse_brownian;n_sim_requested;n_sim_successful_random;n_sim_successful_brownian;method","",,,199,199,199,,,,,,,,,
"20261002T011636Z","full","Delta_strong_n0100_r01","fastphylosig","Delta","Borges2019 delta() [pinned source]","strong",0.95,100,1,100,100,0,,,,,20360911,30261901,30261902,30261903,20391202,"fastphylosig",1,FALSE,,10000,10,100,0.1,0.5,2,"LSE","ARD","0.1","0.5","10000","10","100","LSE","ARD","fast","1",20000,20000,20000,TRUE,TRUE,"649862c0fb5b9b23d630607f2ad33d45eeb512300f7b60606be1f25eaca61c4c","a06a599bf045d534130d891d0b2eb95470997d3be2842f5cb24895f13471284f","e366ec7e833de354f1b468c31d6e3a4ee566b2fa34e31ec44b69059d4213d223","7291be11cf46ac9893e3766d26cd354b4595dcd5e102f04b3b84bf9ba45e0582","96f7d2d6a53fd136e468b4820707adcec8213e2f51aeb81fa1a8f311536f1936","0.3.0","isolated_release_library/fastphylosig","d951ecee19c06f3a144ad76c5039302078747585bb3bf829e6f12db15f54775d","isolated_release_library/fastphylosig/libs/<platform>/fastphylosig","c46a5834babd455b546bc65c6549c42ba51e6b47f3c9f222919b7118a5af3280","1bd40080f1ea537b3c73c838dc98ff84940f1064f4e1c4dbfb2dd5063d999bdb","benchmarks/stage5/documentation_fix_release_20261001/fastphylosig_0.3.0.tar.gz","909b7ad27485dcc2d96a7bb1fc70b65b54e93245d75761aca406b9c52f06cbff","Borges2019-source-sha256:0dc1e987c13f0e972b0e7c3b4829b4d0fdc41ff0de3856bae4803f9ce0115175",0.0322208404541016,3.83080867125418,"Sys.time",1,TRUE,"ok","fast_result",TRUE,,"trait;Delta_fast;alpha_mean;beta_mean;n_saved;n_saved_requested;n_saved_successful;alpha_sd;beta_sd;ESS_alpha;ESS_beta;split_Rhat_alpha;split_Rhat_beta;Rhat_alpha;Rhat_beta;alpha_beta_cov;MCSE_Delta;diagnostics_available;diagnostics_note;requested_simulations;successful_simulations;requested_iterations;successful_iterations;requested_permutations;successful_permutations;n_states;n_species;n_removed_na;matched_species;removed_tree_tips;removed_data_rows;status;note;message;estimate;p_value;p_mcse;estimate_mcse;ess_alpha;ess_beta;rhat_alpha;rhat_beta;ESS;ess;Rhat;rhat;n_sim_requested;n_sim_successful;n_iter_requested;n_iter_successful;method","",,3,,,,20000,20000,"TRUE","Diagnostics computed from saved alpha/beta MCMC traces.",1285.67613609458,1301.9942327732,1.00857211264318,1.00501928724587,0.0092903032322844
"20261002T011636Z","full","Delta_strong_n0100_r01","reference","Delta","Borges2019 delta() [pinned source]","strong",0.95,100,1,100,100,0,100,100,,100,20360911,30261901,30261902,30261903,20391203,"fastphylosig",2,FALSE,,10000,10,100,0.1,0.5,2,"LSE","ARD",,,,,,,,,,,,,,,"649862c0fb5b9b23d630607f2ad33d45eeb512300f7b60606be1f25eaca61c4c","a06a599bf045d534130d891d0b2eb95470997d3be2842f5cb24895f13471284f","e366ec7e833de354f1b468c31d6e3a4ee566b2fa34e31ec44b69059d4213d223","7291be11cf46ac9893e3766d26cd354b4595dcd5e102f04b3b84bf9ba45e0582","96f7d2d6a53fd136e468b4820707adcec8213e2f51aeb81fa1a8f311536f1936","0.3.0","isolated_release_library/fastphylosig","d951ecee19c06f3a144ad76c5039302078747585bb3bf829e6f12db15f54775d","isolated_release_library/fastphylosig/libs/<platform>/fastphylosig","c46a5834babd455b546bc65c6549c42ba51e6b47f3c9f222919b7118a5af3280","1bd40080f1ea537b3c73c838dc98ff84940f1064f4e1c4dbfb2dd5063d999bdb","benchmarks/stage5/documentation_fix_release_20261001/fastphylosig_0.3.0.tar.gz","909b7ad27485dcc2d96a7bb1fc70b65b54e93245d75761aca406b9c52f06cbff","Borges2019-source-sha256:0dc1e987c13f0e972b0e7c3b4829b4d0fdc41ff0de3856bae4803f9ce0115175",1.22514390945435,3.8588958040873,"Sys.time",1,TRUE,"not_reported_by_reference","finite_reference_estimate_and_input_audit",TRUE,,"<numeric>","NaNs produced || Inf replaced by maximum positive value",,3,,,,,,,,,,,,
"20261002T011636Z","full","D_none_n0100_r02","fastphylosig","D","caper::phylo.d","none",0,100,2,100,100,0,,,,,20360921,30262901,30262902,30262903,20371202,"fastphylosig",1,TRUE,199,,,,,,,,,,,,,,,,,,,,,,,"5fff71a7a211c28720c7bed7bd51a25f8c523a662047cc703068d054371a2855","aa63324cba02ae2dda8945f677ee8a2aeca1e6619d26887a50adf41465f5ffcb","16d68d0930d963031b89378817f14573adf69cb615cf4ad7cf431c150290102d","81f27f1402bd6d80df8520360662eb8199615618bc6a0a13236d2b369ef8ec30","cffef62677d8663ce81b36656cd40bff0aa3804fb14b4a97463fe9d2a4c3bf6b","0.3.0","isolated_release_library/fastphylosig","d951ecee19c06f3a144ad76c5039302078747585bb3bf829e6f12db15f54775d","isolated_release_library/fastphylosig/libs/<platform>/fastphylosig","c46a5834babd455b546bc65c6549c42ba51e6b47f3c9f222919b7118a5af3280","1bd40080f1ea537b3c73c838dc98ff84940f1064f4e1c4dbfb2dd5063d999bdb","benchmarks/stage5/documentation_fix_release_20261001/fastphylosig_0.3.0.tar.gz","909b7ad27485dcc2d96a7bb1fc70b65b54e93245d75761aca406b9c52f06cbff","1.0.4",0.0113461017608643,1.13565330522105,"Sys.time",1,TRUE,"ok","fast_result",TRUE,,"trait;D_fast;Pval1_fast;Pval0_fast;P_random;P_Brownian;MCSE_P_random;MCSE_P_Brownian;nsim_requested;nsim_successful_random;nsim_successful_brownian;nsim_failed_random;nsim_failed_brownian;observed;mean_random;mean_brownian;n_species;n_removed_na;matched_species;removed_tree_tips;removed_data_rows;status;note;message;estimate;p_random;p_brownian;p_mcse_random;p_mcse_brownian;MCSE_random;MCSE_Brownian;mcse_random;mcse_brownian;n_sim_requested;n_sim_successful_random;n_sim_successful_brownian;method","",,,199,199,199,,,,,,,,,
"20261002T011636Z","full","D_none_n0100_r02","reference","D","caper::phylo.d","none",0,100,2,100,100,0,100,100,100,100,20360921,30262901,30262902,30262903,20371203,"fastphylosig",2,TRUE,199,,,,,,,,,,,,,,,,,,,,,,,"5fff71a7a211c28720c7bed7bd51a25f8c523a662047cc703068d054371a2855","aa63324cba02ae2dda8945f677ee8a2aeca1e6619d26887a50adf41465f5ffcb","16d68d0930d963031b89378817f14573adf69cb615cf4ad7cf431c150290102d","81f27f1402bd6d80df8520360662eb8199615618bc6a0a13236d2b369ef8ec30","cffef62677d8663ce81b36656cd40bff0aa3804fb14b4a97463fe9d2a4c3bf6b","0.3.0","isolated_release_library/fastphylosig","d951ecee19c06f3a144ad76c5039302078747585bb3bf829e6f12db15f54775d","isolated_release_library/fastphylosig/libs/<platform>/fastphylosig","c46a5834babd455b546bc65c6549c42ba51e6b47f3c9f222919b7118a5af3280","1bd40080f1ea537b3c73c838dc98ff84940f1064f4e1c4dbfb2dd5063d999bdb","benchmarks/stage5/documentation_fix_release_20261001/fastphylosig_0.3.0.tar.gz","909b7ad27485dcc2d96a7bb1fc70b65b54e93245d75761aca406b9c52f06cbff","1.0.4",0.0611610412597656,1.15694535209324,"Sys.time",1,TRUE,"not_reported_by_reference","finite_reference_estimate_and_input_audit",TRUE,,"DEstimate;Pval1;Pval0;Parameters;StatesTable;Permutations;NodalVals;binvar;data;nPermut;rnd.bias","",,2,,,,,,,,,,,,
"20261002T011636Z","full","Delta_none_n0100_r02","reference","Delta","Borges2019 delta() [pinned source]","none",0,100,2,100,100,0,100,100,,100,20360921,30262901,30262902,30262903,20371303,"reference",1,FALSE,,10000,10,100,0.1,0.5,2,"LSE","ARD",,,,,,,,,,,,,,,"5fff71a7a211c28720c7bed7bd51a25f8c523a662047cc703068d054371a2855","aa63324cba02ae2dda8945f677ee8a2aeca1e6619d26887a50adf41465f5ffcb","16d68d0930d963031b89378817f14573adf69cb615cf4ad7cf431c150290102d","a629ad0fbb1561f01fdfbb8401496b3ce552610fe122ce74d5011b7a1e176481","455bf35f3cb4aefbbfc4e0d60b46ba3c6e9c09d156a0485d7074a554de7a8e92","0.3.0","isolated_release_library/fastphylosig","d951ecee19c06f3a144ad76c5039302078747585bb3bf829e6f12db15f54775d","isolated_release_library/fastphylosig/libs/<platform>/fastphylosig","c46a5834babd455b546bc65c6549c42ba51e6b47f3c9f222919b7118a5af3280","1bd40080f1ea537b3c73c838dc98ff84940f1064f4e1c4dbfb2dd5063d999bdb","benchmarks/stage5/documentation_fix_release_20261001/fastphylosig_0.3.0.tar.gz","909b7ad27485dcc2d96a7bb1fc70b65b54e93245d75761aca406b9c52f06cbff","Borges2019-source-sha256:0dc1e987c13f0e972b0e7c3b4829b4d0fdc41ff0de3856bae4803f9ce0115175",1.33083200454712,0.163724187513383,"Sys.time",1,TRUE,"not_reported_by_reference","finite_reference_estimate_and_input_audit",TRUE,,"<numeric>","imaginary parts discarded in coercion || NaNs produced",,3,,,,,,,,,,,,
"20261002T011636Z","full","Delta_none_n0100_r02","fastphylosig","Delta","Borges2019 delta() [pinned source]","none",0,100,2,100,100,0,,,,,20360921,30262901,30262902,30262903,20371302,"reference",2,FALSE,,10000,10,100,0.1,0.5,2,"LSE","ARD","0.1","0.5","10000","10","100","LSE","ARD","fast","1",20000,20000,20000,TRUE,TRUE,"5fff71a7a211c28720c7bed7bd51a25f8c523a662047cc703068d054371a2855","aa63324cba02ae2dda8945f677ee8a2aeca1e6619d26887a50adf41465f5ffcb","16d68d0930d963031b89378817f14573adf69cb615cf4ad7cf431c150290102d","a629ad0fbb1561f01fdfbb8401496b3ce552610fe122ce74d5011b7a1e176481","455bf35f3cb4aefbbfc4e0d60b46ba3c6e9c09d156a0485d7074a554de7a8e92","0.3.0","isolated_release_library/fastphylosig","d951ecee19c06f3a144ad76c5039302078747585bb3bf829e6f12db15f54775d","isolated_release_library/fastphylosig/libs/<platform>/fastphylosig","c46a5834babd455b546bc65c6549c42ba51e6b47f3c9f222919b7118a5af3280","1bd40080f1ea537b3c73c838dc98ff84940f1064f4e1c4dbfb2dd5063d999bdb","benchmarks/stage5/documentation_fix_release_20261001/fastphylosig_0.3.0.tar.gz","909b7ad27485dcc2d96a7bb1fc70b65b54e93245d75761aca406b9c52f06cbff","Borges2019-source-sha256:0dc1e987c13f0e972b0e7c3b4829b4d0fdc41ff0de3856bae4803f9ce0115175",0.0449280738830566,0.160156529519495,"Sys.time",1,TRUE,"ok","fast_result",TRUE,,"trait;Delta_fast;alpha_mean;beta_mean;n_saved;n_saved_requested;n_saved_successful;alpha_sd;beta_sd;ESS_alpha;ESS_beta;split_Rhat_alpha;split_Rhat_beta;Rhat_alpha;Rhat_beta;alpha_beta_cov;MCSE_Delta;diagnostics_available;diagnostics_note;requested_simulations;successful_simulations;requested_iterations;successful_iterations;requested_permutations;successful_permutations;n_states;n_species;n_removed_na;matched_species;removed_tree_tips;removed_data_rows;status;note;message;estimate;p_value;p_mcse;estimate_mcse;ess_alpha;ess_beta;rhat_alpha;rhat_beta;ESS;ess;Rhat;rhat;n_sim_requested;n_sim_successful;n_iter_requested;n_iter_successful;method","",,3,,,,20000,20000,"TRUE","Diagnostics computed from saved alpha/beta MCMC traces.",1211.14977277918,1376.13062312327,1.00076804741224,1.00223899182015,0.000611631337404539
"20261002T011636Z","full","D_moderate_n0100_r02","reference","D","caper::phylo.d","moderate",0.5,100,2,100,100,0,100,100,100,100,20360921,30262901,30262902,30262903,20381203,"reference",1,TRUE,199,,,,,,,,,,,,,,,,,,,,,,,"5fff71a7a211c28720c7bed7bd51a25f8c523a662047cc703068d054371a2855","aa63324cba02ae2dda8945f677ee8a2aeca1e6619d26887a50adf41465f5ffcb","16d68d0930d963031b89378817f14573adf69cb615cf4ad7cf431c150290102d","b66fe98b73ef500f244bef11b162fe59cc2aa3ac05cecc9263f8c8949bcf53c5","0bf2a453404e5391172848a70a83433fd5aca8978667ac04cc070da79020a40a","0.3.0","isolated_release_library/fastphylosig","d951ecee19c06f3a144ad76c5039302078747585bb3bf829e6f12db15f54775d","isolated_release_library/fastphylosig/libs/<platform>/fastphylosig","c46a5834babd455b546bc65c6549c42ba51e6b47f3c9f222919b7118a5af3280","1bd40080f1ea537b3c73c838dc98ff84940f1064f4e1c4dbfb2dd5063d999bdb","benchmarks/stage5/documentation_fix_release_20261001/fastphylosig_0.3.0.tar.gz","909b7ad27485dcc2d96a7bb1fc70b65b54e93245d75761aca406b9c52f06cbff","1.0.4",0.0601990222930908,0.531973593052196,"Sys.time",1,TRUE,"not_reported_by_reference","finite_reference_estimate_and_input_audit",TRUE,,"DEstimate;Pval1;Pval0;Parameters;StatesTable;Permutations;NodalVals;binvar;data;nPermut;rnd.bias","",,2,,,,,,,,,,,,
"20261002T011636Z","full","D_moderate_n0100_r02","fastphylosig","D","caper::phylo.d","moderate",0.5,100,2,100,100,0,,,,,20360921,30262901,30262902,30262903,20381202,"reference",2,TRUE,199,,,,,,,,,,,,,,,,,,,,,,,"5fff71a7a211c28720c7bed7bd51a25f8c523a662047cc703068d054371a2855","aa63324cba02ae2dda8945f677ee8a2aeca1e6619d26887a50adf41465f5ffcb","16d68d0930d963031b89378817f14573adf69cb615cf4ad7cf431c150290102d","b66fe98b73ef500f244bef11b162fe59cc2aa3ac05cecc9263f8c8949bcf53c5","0bf2a453404e5391172848a70a83433fd5aca8978667ac04cc070da79020a40a","0.3.0","isolated_release_library/fastphylosig","d951ecee19c06f3a144ad76c5039302078747585bb3bf829e6f12db15f54775d","isolated_release_library/fastphylosig/libs/<platform>/fastphylosig","c46a5834babd455b546bc65c6549c42ba51e6b47f3c9f222919b7118a5af3280","1bd40080f1ea537b3c73c838dc98ff84940f1064f4e1c4dbfb2dd5063d999bdb","benchmarks/stage5/documentation_fix_release_20261001/fastphylosig_0.3.0.tar.gz","909b7ad27485dcc2d96a7bb1fc70b65b54e93245d75761aca406b9c52f06cbff","1.0.4",0.00996708869934082,0.555417618853303,"Sys.time",1,TRUE,"ok","fast_result",TRUE,,"trait;D_fast;Pval1_fast;Pval0_fast;P_random;P_Brownian;MCSE_P_random;MCSE_P_Brownian;nsim_requested;nsim_successful_random;nsim_successful_brownian;nsim_failed_random;nsim_failed_brownian;observed;mean_random;mean_brownian;n_species;n_removed_na;matched_species;removed_tree_tips;removed_data_rows;status;note;message;estimate;p_random;p_brownian;p_mcse_random;p_mcse_brownian;MCSE_random;MCSE_Brownian;mcse_random;mcse_brownian;n_sim_requested;n_sim_successful_random;n_sim_successful_brownian;method","",,,199,199,199,,,,,,,,,
"20261002T011636Z","full","Delta_moderate_n0100_r02","fastphylosig","Delta","Borges2019 delta() [pinned source]","moderate",0.5,100,2,100,100,0,,,,,20360921,30262901,30262902,30262903,20381302,"fastphylosig",1,FALSE,,10000,10,100,0.1,0.5,2,"LSE","ARD","0.1","0.5","10000","10","100","LSE","ARD","fast","1",20000,20000,20000,TRUE,TRUE,"5fff71a7a211c28720c7bed7bd51a25f8c523a662047cc703068d054371a2855","aa63324cba02ae2dda8945f677ee8a2aeca1e6619d26887a50adf41465f5ffcb","16d68d0930d963031b89378817f14573adf69cb615cf4ad7cf431c150290102d","de9e9bb79cca92798d80f9a11cb9eb4e05933cf634b6f390be4fd9486f3996ba","82e1f2a5c193a67aadf4f7d394bdd1d4527934a1f6ddcd0c54f1d751b04a1453","0.3.0","isolated_release_library/fastphylosig","d951ecee19c06f3a144ad76c5039302078747585bb3bf829e6f12db15f54775d","isolated_release_library/fastphylosig/libs/<platform>/fastphylosig","c46a5834babd455b546bc65c6549c42ba51e6b47f3c9f222919b7118a5af3280","1bd40080f1ea537b3c73c838dc98ff84940f1064f4e1c4dbfb2dd5063d999bdb","benchmarks/stage5/documentation_fix_release_20261001/fastphylosig_0.3.0.tar.gz","909b7ad27485dcc2d96a7bb1fc70b65b54e93245d75761aca406b9c52f06cbff","Borges2019-source-sha256:0dc1e987c13f0e972b0e7c3b4829b4d0fdc41ff0de3856bae4803f9ce0115175",0.034080982208252,1.78326947738204,"Sys.time",1,TRUE,"ok","fast_result",TRUE,,"trait;Delta_fast;alpha_mean;beta_mean;n_saved;n_saved_requested;n_saved_successful;alpha_sd;beta_sd;ESS_alpha;ESS_beta;split_Rhat_alpha;split_Rhat_beta;Rhat_alpha;Rhat_beta;alpha_beta_cov;MCSE_Delta;diagnostics_available;diagnostics_note;requested_simulations;successful_simulations;requested_iterations;successful_iterations;requested_permutations;successful_permutations;n_states;n_species;n_removed_na;matched_species;removed_tree_tips;removed_data_rows;status;note;message;estimate;p_value;p_mcse;estimate_mcse;ess_alpha;ess_beta;rhat_alpha;rhat_beta;ESS;ess;Rhat;rhat;n_sim_requested;n_sim_successful;n_iter_requested;n_iter_successful;method","",,3,,,,20000,20000,"TRUE","Diagnostics computed from saved alpha/beta MCMC traces.",1348.51177030348,1351.66777837371,0.999614727662845,1.00050486684044,0.00434152401387846
"20261002T011636Z","full","Delta_moderate_n0100_r02","reference","Delta","Borges2019 delta() [pinned source]","moderate",0.5,100,2,100,100,0,100,100,,100,20360921,30262901,30262902,30262903,20381303,"fastphylosig",2,FALSE,,10000,10,100,0.1,0.5,2,"LSE","ARD",,,,,,,,,,,,,,,"5fff71a7a211c28720c7bed7bd51a25f8c523a662047cc703068d054371a2855","aa63324cba02ae2dda8945f677ee8a2aeca1e6619d26887a50adf41465f5ffcb","16d68d0930d963031b89378817f14573adf69cb615cf4ad7cf431c150290102d","de9e9bb79cca92798d80f9a11cb9eb4e05933cf634b6f390be4fd9486f3996ba","82e1f2a5c193a67aadf4f7d394bdd1d4527934a1f6ddcd0c54f1d751b04a1453","0.3.0","isolated_release_library/fastphylosig","d951ecee19c06f3a144ad76c5039302078747585bb3bf829e6f12db15f54775d","isolated_release_library/fastphylosig/libs/<platform>/fastphylosig","c46a5834babd455b546bc65c6549c42ba51e6b47f3c9f222919b7118a5af3280","1bd40080f1ea537b3c73c838dc98ff84940f1064f4e1c4dbfb2dd5063d999bdb","benchmarks/stage5/documentation_fix_release_20261001/fastphylosig_0.3.0.tar.gz","909b7ad27485dcc2d96a7bb1fc70b65b54e93245d75761aca406b9c52f06cbff","Borges2019-source-sha256:0dc1e987c13f0e972b0e7c3b4829b4d0fdc41ff0de3856bae4803f9ce0115175",1.13221096992493,1.78756295063346,"Sys.time",1,TRUE,"not_reported_by_reference","finite_reference_estimate_and_input_audit",TRUE,,"<numeric>","NaNs produced || Inf replaced by maximum positive value",,3,,,,,,,,,,,,
"20261002T011636Z","full","D_strong_n0100_r02","fastphylosig","D","caper::phylo.d","strong",0.95,100,2,100,100,0,,,,,20360921,30262901,30262902,30262903,20391202,"fastphylosig",1,TRUE,199,,,,,,,,,,,,,,,,,,,,,,,"5fff71a7a211c28720c7bed7bd51a25f8c523a662047cc703068d054371a2855","aa63324cba02ae2dda8945f677ee8a2aeca1e6619d26887a50adf41465f5ffcb","16d68d0930d963031b89378817f14573adf69cb615cf4ad7cf431c150290102d","68babb426de9fea04f939e410b30e3d86e541fc1046adebe99c1b5b829c2596d","725ecab76aa1b93d924ef0296137696f78896d942ba17b06f0d19f44b5d87b0a","0.3.0","isolated_release_library/fastphylosig","d951ecee19c06f3a144ad76c5039302078747585bb3bf829e6f12db15f54775d","isolated_release_library/fastphylosig/libs/<platform>/fastphylosig","c46a5834babd455b546bc65c6549c42ba51e6b47f3c9f222919b7118a5af3280","1bd40080f1ea537b3c73c838dc98ff84940f1064f4e1c4dbfb2dd5063d999bdb","benchmarks/stage5/documentation_fix_release_20261001/fastphylosig_0.3.0.tar.gz","909b7ad27485dcc2d96a7bb1fc70b65b54e93245d75761aca406b9c52f06cbff","1.0.4",0.0102670192718506,0.348777842099345,"Sys.time",1,TRUE,"ok","fast_result",TRUE,,"trait;D_fast;Pval1_fast;Pval0_fast;P_random;P_Brownian;MCSE_P_random;MCSE_P_Brownian;nsim_requested;nsim_successful_random;nsim_successful_brownian;nsim_failed_random;nsim_failed_brownian;observed;mean_random;mean_brownian;n_species;n_removed_na;matched_species;removed_tree_tips;removed_data_rows;status;note;message;estimate;p_random;p_brownian;p_mcse_random;p_mcse_brownian;MCSE_random;MCSE_Brownian;mcse_random;mcse_brownian;n_sim_requested;n_sim_successful_random;n_sim_successful_brownian;method","",,,199,199,199,,,,,,,,,
"20261002T011636Z","full","D_strong_n0100_r02","reference","D","caper::phylo.d","strong",0.95,100,2,100,100,0,100,100,100,100,20360921,30262901,30262902,30262903,20391203,"fastphylosig",2,TRUE,199,,,,,,,,,,,,,,,,,,,,,,,"5fff71a7a211c28720c7bed7bd51a25f8c523a662047cc703068d054371a2855","aa63324cba02ae2dda8945f677ee8a2aeca1e6619d26887a50adf41465f5ffcb","16d68d0930d963031b89378817f14573adf69cb615cf4ad7cf431c150290102d","68babb426de9fea04f939e410b30e3d86e541fc1046adebe99c1b5b829c2596d","725ecab76aa1b93d924ef0296137696f78896d942ba17b06f0d19f44b5d87b0a","0.3.0","isolated_release_library/fastphylosig","d951ecee19c06f3a144ad76c5039302078747585bb3bf829e6f12db15f54775d","isolated_release_library/fastphylosig/libs/<platform>/fastphylosig","c46a5834babd455b546bc65c6549c42ba51e6b47f3c9f222919b7118a5af3280","1bd40080f1ea537b3c73c838dc98ff84940f1064f4e1c4dbfb2dd5063d999bdb","benchmarks/stage5/documentation_fix_release_20261001/fastphylosig_0.3.0.tar.gz","909b7ad27485dcc2d96a7bb1fc70b65b54e93245d75761aca406b9c52f06cbff","1.0.4",0.0600728988647461,0.342813316141435,"Sys.time",1,TRUE,"not_reported_by_reference","finite_reference_estimate_and_input_audit",TRUE,,"DEstimate;Pval1;Pval0;Parameters;StatesTable;Permutations;NodalVals;binvar;data;nPermut;rnd.bias","",,2,,,,,,,,,,,,
"20261002T011636Z","full","Delta_strong_n0100_r02","reference","Delta","Borges2019 delta() [pinned source]","strong",0.95,100,2,100,100,0,100,100,,100,20360921,30262901,30262902,30262903,20391303,"reference",1,FALSE,,10000,10,100,0.1,0.5,2,"LSE","ARD",,,,,,,,,,,,,,,"5fff71a7a211c28720c7bed7bd51a25f8c523a662047cc703068d054371a2855","aa63324cba02ae2dda8945f677ee8a2aeca1e6619d26887a50adf41465f5ffcb","16d68d0930d963031b89378817f14573adf69cb615cf4ad7cf431c150290102d","bf4a429cd8729d80a64bd703e199c4022408893af60d8528949e7e6636ca2a67","8f2184e1564ce6fa80d63325bfc05b78a2d5df942e36db315fe0e514288fc2fd","0.3.0","isolated_release_library/fastphylosig","d951ecee19c06f3a144ad76c5039302078747585bb3bf829e6f12db15f54775d","isolated_release_library/fastphylosig/libs/<platform>/fastphylosig","c46a5834babd455b546bc65c6549c42ba51e6b47f3c9f222919b7118a5af3280","1bd40080f1ea537b3c73c838dc98ff84940f1064f4e1c4dbfb2dd5063d999bdb","benchmarks/stage5/documentation_fix_release_20261001/fastphylosig_0.3.0.tar.gz","909b7ad27485dcc2d96a7bb1fc70b65b54e93245d75761aca406b9c52f06cbff","Borges2019-source-sha256:0dc1e987c13f0e972b0e7c3b4829b4d0fdc41ff0de3856bae4803f9ce0115175",1.13046813011169,3.36401759556231,"Sys.time",1,TRUE,"not_reported_by_reference","finite_reference_estimate_and_input_audit",TRUE,,"<numeric>","NaNs produced || Inf replaced by maximum positive value",,3,,,,,,,,,,,,
"20261002T011636Z","full","Delta_strong_n0100_r02","fastphylosig","Delta","Borges2019 delta() [pinned source]","strong",0.95,100,2,100,100,0,,,,,20360921,30262901,30262902,30262903,20391302,"reference",2,FALSE,,10000,10,100,0.1,0.5,2,"LSE","ARD","0.1","0.5","10000","10","100","LSE","ARD","fast","1",20000,20000,20000,TRUE,TRUE,"5fff71a7a211c28720c7bed7bd51a25f8c523a662047cc703068d054371a2855","aa63324cba02ae2dda8945f677ee8a2aeca1e6619d26887a50adf41465f5ffcb","16d68d0930d963031b89378817f14573adf69cb615cf4ad7cf431c150290102d","bf4a429cd8729d80a64bd703e199c4022408893af60d8528949e7e6636ca2a67","8f2184e1564ce6fa80d63325bfc05b78a2d5df942e36db315fe0e514288fc2fd","0.3.0","isolated_release_library/fastphylosig","d951ecee19c06f3a144ad76c5039302078747585bb3bf829e6f12db15f54775d","isolated_release_library/fastphylosig/libs/<platform>/fastphylosig","c46a5834babd455b546bc65c6549c42ba51e6b47f3c9f222919b7118a5af3280","1bd40080f1ea537b3c73c838dc98ff84940f1064f4e1c4dbfb2dd5063d999bdb","benchmarks/stage5/documentation_fix_release_20261001/fastphylosig_0.3.0.tar.gz","909b7ad27485dcc2d96a7bb1fc70b65b54e93245d75761aca406b9c52f06cbff","Borges2019-source-sha256:0dc1e987c13f0e972b0e7c3b4829b4d0fdc41ff0de3856bae4803f9ce0115175",0.0355010032653809,3.34394643451996,"Sys.time",1,TRUE,"ok","fast_result",TRUE,,"trait;Delta_fast;alpha_mean;beta_mean;n_saved;n_saved_requested;n_saved_successful;alpha_sd;beta_sd;ESS_alpha;ESS_beta;split_Rhat_alpha;split_Rhat_beta;Rhat_alpha;Rhat_beta;alpha_beta_cov;MCSE_Delta;diagnostics_available;diagnostics_note;requested_simulations;successful_simulations;requested_iterations;successful_iterations;requested_permutations;successful_permutations;n_states;n_species;n_removed_na;matched_species;removed_tree_tips;removed_data_rows;status;note;message;estimate;p_value;p_mcse;estimate_mcse;ess_alpha;ess_beta;rhat_alpha;rhat_beta;ESS;ess;Rhat;rhat;n_sim_requested;n_sim_successful;n_iter_requested;n_iter_successful;method","",,3,,,,20000,20000,"TRUE","Diagnostics computed from saved alpha/beta MCMC traces.",1155.34985432712,1222.24552727592,1.00010897780484,1.0003959085678,0.0088521113877098
"20261002T011636Z","full","D_none_n0100_r03","reference","D","caper::phylo.d","none",0,100,3,100,100,0,100,100,100,100,20360931,30263901,30263902,30263903,20371303,"reference",1,TRUE,199,,,,,,,,,,,,,,,,,,,,,,,"d9b20e69fa0629d19388209547abe70550d193d65625c886f450f4d33b91bd0e","7083678ee4aa40943ccd1c60a0fbbaf2fd3f1b4a552f60b046a9fc0b6e388889","59ecd94063eab1b4e5ddb9bd47c200de20b4a7614522aa9e20e1c4d4756f6e16","1e9655cf76e93226e476abb36d18344170042fa4e4946d3ac2dfa1adaa9b2a7a","7e58bd4ffe45fe4b03d767d13dbd85e25ed9cb9791ab088ec31bbf77205db29c","0.3.0","isolated_release_library/fastphylosig","d951ecee19c06f3a144ad76c5039302078747585bb3bf829e6f12db15f54775d","isolated_release_library/fastphylosig/libs/<platform>/fastphylosig","c46a5834babd455b546bc65c6549c42ba51e6b47f3c9f222919b7118a5af3280","1bd40080f1ea537b3c73c838dc98ff84940f1064f4e1c4dbfb2dd5063d999bdb","benchmarks/stage5/documentation_fix_release_20261001/fastphylosig_0.3.0.tar.gz","909b7ad27485dcc2d96a7bb1fc70b65b54e93245d75761aca406b9c52f06cbff","1.0.4",0.0621118545532227,0.8750933901545,"Sys.time",1,TRUE,"not_reported_by_reference","finite_reference_estimate_and_input_audit",TRUE,,"DEstimate;Pval1;Pval0;Parameters;StatesTable;Permutations;NodalVals;binvar;data;nPermut;rnd.bias","",,2,,,,,,,,,,,,
"20261002T011636Z","full","D_none_n0100_r03","fastphylosig","D","caper::phylo.d","none",0,100,3,100,100,0,,,,,20360931,30263901,30263902,30263903,20371302,"reference",2,TRUE,199,,,,,,,,,,,,,,,,,,,,,,,"d9b20e69fa0629d19388209547abe70550d193d65625c886f450f4d33b91bd0e","7083678ee4aa40943ccd1c60a0fbbaf2fd3f1b4a552f60b046a9fc0b6e388889","59ecd94063eab1b4e5ddb9bd47c200de20b4a7614522aa9e20e1c4d4756f6e16","1e9655cf76e93226e476abb36d18344170042fa4e4946d3ac2dfa1adaa9b2a7a","7e58bd4ffe45fe4b03d767d13dbd85e25ed9cb9791ab088ec31bbf77205db29c","0.3.0","isolated_release_library/fastphylosig","d951ecee19c06f3a144ad76c5039302078747585bb3bf829e6f12db15f54775d","isolated_release_library/fastphylosig/libs/<platform>/fastphylosig","c46a5834babd455b546bc65c6549c42ba51e6b47f3c9f222919b7118a5af3280","1bd40080f1ea537b3c73c838dc98ff84940f1064f4e1c4dbfb2dd5063d999bdb","benchmarks/stage5/documentation_fix_release_20261001/fastphylosig_0.3.0.tar.gz","909b7ad27485dcc2d96a7bb1fc70b65b54e93245d75761aca406b9c52f06cbff","1.0.4",0.0104820728302002,0.880243397258766,"Sys.time",1,TRUE,"ok","fast_result",TRUE,,"trait;D_fast;Pval1_fast;Pval0_fast;P_random;P_Brownian;MCSE_P_random;MCSE_P_Brownian;nsim_requested;nsim_successful_random;nsim_successful_brownian;nsim_failed_random;nsim_failed_brownian;observed;mean_random;mean_brownian;n_species;n_removed_na;matched_species;removed_tree_tips;removed_data_rows;status;note;message;estimate;p_random;p_brownian;p_mcse_random;p_mcse_brownian;MCSE_random;MCSE_Brownian;mcse_random;mcse_brownian;n_sim_requested;n_sim_successful_random;n_sim_successful_brownian;method","",,,199,199,199,,,,,,,,,
"20261002T011636Z","full","Delta_none_n0100_r03","fastphylosig","Delta","Borges2019 delta() [pinned source]","none",0,100,3,100,100,0,,,,,20360931,30263901,30263902,30263903,20371402,"fastphylosig",1,FALSE,,10000,10,100,0.1,0.5,2,"LSE","ARD","0.1","0.5","10000","10","100","LSE","ARD","fast","1",20000,20000,20000,TRUE,TRUE,"d9b20e69fa0629d19388209547abe70550d193d65625c886f450f4d33b91bd0e","7083678ee4aa40943ccd1c60a0fbbaf2fd3f1b4a552f60b046a9fc0b6e388889","59ecd94063eab1b4e5ddb9bd47c200de20b4a7614522aa9e20e1c4d4756f6e16","c69fcf698270b362fd17689ca808d61b9e892decc18ce30ceb3c78d9ec2d8213","1bd1ff7f491f19da331e08f583c7624d6cf3baced59e661af9794b8d53fe5813","0.3.0","isolated_release_library/fastphylosig","d951ecee19c06f3a144ad76c5039302078747585bb3bf829e6f12db15f54775d","isolated_release_library/fastphylosig/libs/<platform>/fastphylosig","c46a5834babd455b546bc65c6549c42ba51e6b47f3c9f222919b7118a5af3280","1bd40080f1ea537b3c73c838dc98ff84940f1064f4e1c4dbfb2dd5063d999bdb","benchmarks/stage5/documentation_fix_release_20261001/fastphylosig_0.3.0.tar.gz","909b7ad27485dcc2d96a7bb1fc70b65b54e93245d75761aca406b9c52f06cbff","Borges2019-source-sha256:0dc1e987c13f0e972b0e7c3b4829b4d0fdc41ff0de3856bae4803f9ce0115175",0.0529899597167969,0.11259013252216,"Sys.time",1,TRUE,"ok","fast_result",TRUE,,"trait;Delta_fast;alpha_mean;beta_mean;n_saved;n_saved_requested;n_saved_successful;alpha_sd;beta_sd;ESS_alpha;ESS_beta;split_Rhat_alpha;split_Rhat_beta;Rhat_alpha;Rhat_beta;alpha_beta_cov;MCSE_Delta;diagnostics_available;diagnostics_note;requested_simulations;successful_simulations;requested_iterations;successful_iterations;requested_permutations;successful_permutations;n_states;n_species;n_removed_na;matched_species;removed_tree_tips;removed_data_rows;status;note;message;estimate;p_value;p_mcse;estimate_mcse;ess_alpha;ess_beta;rhat_alpha;rhat_beta;ESS;ess;Rhat;rhat;n_sim_requested;n_sim_successful;n_iter_requested;n_iter_successful;method","",,3,,,,20000,20000,"TRUE","Diagnostics computed from saved alpha/beta MCMC traces.",1371.81668231518,1116.59529343416,1.00024995249753,1.00001604383024,0.000345346377090378
"20261002T011636Z","full","Delta_none_n0100_r03","reference","Delta","Borges2019 delta() [pinned source]","none",0,100,3,100,100,0,100,100,,100,20360931,30263901,30263902,30263903,20371403,"fastphylosig",2,FALSE,,10000,10,100,0.1,0.5,2,"LSE","ARD",,,,,,,,,,,,,,,"d9b20e69fa0629d19388209547abe70550d193d65625c886f450f4d33b91bd0e","7083678ee4aa40943ccd1c60a0fbbaf2fd3f1b4a552f60b046a9fc0b6e388889","59ecd94063eab1b4e5ddb9bd47c200de20b4a7614522aa9e20e1c4d4756f6e16","c69fcf698270b362fd17689ca808d61b9e892decc18ce30ceb3c78d9ec2d8213","1bd1ff7f491f19da331e08f583c7624d6cf3baced59e661af9794b8d53fe5813","0.3.0","isolated_release_library/fastphylosig","d951ecee19c06f3a144ad76c5039302078747585bb3bf829e6f12db15f54775d","isolated_release_library/fastphylosig/libs/<platform>/fastphylosig","c46a5834babd455b546bc65c6549c42ba51e6b47f3c9f222919b7118a5af3280","1bd40080f1ea537b3c73c838dc98ff84940f1064f4e1c4dbfb2dd5063d999bdb","benchmarks/stage5/documentation_fix_release_20261001/fastphylosig_0.3.0.tar.gz","909b7ad27485dcc2d96a7bb1fc70b65b54e93245d75761aca406b9c52f06cbff","Borges2019-source-sha256:0dc1e987c13f0e972b0e7c3b4829b4d0fdc41ff0de3856bae4803f9ce0115175",1.41718912124634,0.115164581014173,"Sys.time",1,TRUE,"not_reported_by_reference","finite_reference_estimate_and_input_audit",TRUE,,"<numeric>","imaginary parts discarded in coercion || model fit suspicious: gradients apparently non-finite",,3,,,,,,,,,,,,
"20261002T011636Z","full","D_moderate_n0100_r03","fastphylosig","D","caper::phylo.d","moderate",0.5,100,3,100,100,0,,,,,20360931,30263901,30263902,30263903,20381302,"fastphylosig",1,TRUE,199,,,,,,,,,,,,,,,,,,,,,,,"d9b20e69fa0629d19388209547abe70550d193d65625c886f450f4d33b91bd0e","7083678ee4aa40943ccd1c60a0fbbaf2fd3f1b4a552f60b046a9fc0b6e388889","59ecd94063eab1b4e5ddb9bd47c200de20b4a7614522aa9e20e1c4d4756f6e16","66c7cdcf5956a1e6173253f0b4e9c03c2aaeae41e969c778ecc9c81901789c83","5274432554012d7c389cf3d5fdc2d30114e13cb3221c8ae36cadb6e82798b3b9","0.3.0","isolated_release_library/fastphylosig","d951ecee19c06f3a144ad76c5039302078747585bb3bf829e6f12db15f54775d","isolated_release_library/fastphylosig/libs/<platform>/fastphylosig","c46a5834babd455b546bc65c6549c42ba51e6b47f3c9f222919b7118a5af3280","1bd40080f1ea537b3c73c838dc98ff84940f1064f4e1c4dbfb2dd5063d999bdb","benchmarks/stage5/documentation_fix_release_20261001/fastphylosig_0.3.0.tar.gz","909b7ad27485dcc2d96a7bb1fc70b65b54e93245d75761aca406b9c52f06cbff","1.0.4",0.0102770328521729,0.548983098250738,"Sys.time",1,TRUE,"ok","fast_result",TRUE,,"trait;D_fast;Pval1_fast;Pval0_fast;P_random;P_Brownian;MCSE_P_random;MCSE_P_Brownian;nsim_requested;nsim_successful_random;nsim_successful_brownian;nsim_failed_random;nsim_failed_brownian;observed;mean_random;mean_brownian;n_species;n_removed_na;matched_species;removed_tree_tips;removed_data_rows;status;note;message;estimate;p_random;p_brownian;p_mcse_random;p_mcse_brownian;MCSE_random;MCSE_Brownian;mcse_random;mcse_brownian;n_sim_requested;n_sim_successful_random;n_sim_successful_brownian;method","",,,199,199,199,,,,,,,,,
"20261002T011636Z","full","D_moderate_n0100_r03","reference","D","caper::phylo.d","moderate",0.5,100,3,100,100,0,100,100,100,100,20360931,30263901,30263902,30263903,20381303,"fastphylosig",2,TRUE,199,,,,,,,,,,,,,,,,,,,,,,,"d9b20e69fa0629d19388209547abe70550d193d65625c886f450f4d33b91bd0e","7083678ee4aa40943ccd1c60a0fbbaf2fd3f1b4a552f60b046a9fc0b6e388889","59ecd94063eab1b4e5ddb9bd47c200de20b4a7614522aa9e20e1c4d4756f6e16","66c7cdcf5956a1e6173253f0b4e9c03c2aaeae41e969c778ecc9c81901789c83","5274432554012d7c389cf3d5fdc2d30114e13cb3221c8ae36cadb6e82798b3b9","0.3.0","isolated_release_library/fastphylosig","d951ecee19c06f3a144ad76c5039302078747585bb3bf829e6f12db15f54775d","isolated_release_library/fastphylosig/libs/<platform>/fastphylosig","c46a5834babd455b546bc65c6549c42ba51e6b47f3c9f222919b7118a5af3280","1bd40080f1ea537b3c73c838dc98ff84940f1064f4e1c4dbfb2dd5063d999bdb","benchmarks/stage5/documentation_fix_release_20261001/fastphylosig_0.3.0.tar.gz","909b7ad27485dcc2d96a7bb1fc70b65b54e93245d75761aca406b9c52f06cbff","1.0.4",0.0604209899902344,0.519572676907757,"Sys.time",1,TRUE,"not_reported_by_reference","finite_reference_estimate_and_input_audit",TRUE,,"DEstimate;Pval1;Pval0;Parameters;StatesTable;Permutations;NodalVals;binvar;data;nPermut;rnd.bias","",,2,,,,,,,,,,,,
"20261002T011636Z","full","Delta_moderate_n0100_r03","reference","Delta","Borges2019 delta() [pinned source]","moderate",0.5,100,3,100,100,0,100,100,,100,20360931,30263901,30263902,30263903,20381403,"reference",1,FALSE,,10000,10,100,0.1,0.5,2,"LSE","ARD",,,,,,,,,,,,,,,"d9b20e69fa0629d19388209547abe70550d193d65625c886f450f4d33b91bd0e","7083678ee4aa40943ccd1c60a0fbbaf2fd3f1b4a552f60b046a9fc0b6e388889","59ecd94063eab1b4e5ddb9bd47c200de20b4a7614522aa9e20e1c4d4756f6e16","8d0c459db8594ba62ed4cac082adeb87bfd6dccf7f040d6671f299c995d4bdde","94fdcd9691de28643e3abfad1cb1c7fdace4185d37c285efd2a029fe71d8e0d7","0.3.0","isolated_release_library/fastphylosig","d951ecee19c06f3a144ad76c5039302078747585bb3bf829e6f12db15f54775d","isolated_release_library/fastphylosig/libs/<platform>/fastphylosig","c46a5834babd455b546bc65c6549c42ba51e6b47f3c9f222919b7118a5af3280","1bd40080f1ea537b3c73c838dc98ff84940f1064f4e1c4dbfb2dd5063d999bdb","benchmarks/stage5/documentation_fix_release_20261001/fastphylosig_0.3.0.tar.gz","909b7ad27485dcc2d96a7bb1fc70b65b54e93245d75761aca406b9c52f06cbff","Borges2019-source-sha256:0dc1e987c13f0e972b0e7c3b4829b4d0fdc41ff0de3856bae4803f9ce0115175",1.20170283317566,0.643562601549304,"Sys.time",1,TRUE,"not_reported_by_reference","finite_reference_estimate_and_input_audit",TRUE,,"<numeric>","NaNs produced || Inf replaced by maximum positive value",,3,,,,,,,,,,,,
"20261002T011636Z","full","Delta_moderate_n0100_r03","fastphylosig","Delta","Borges2019 delta() [pinned source]","moderate",0.5,100,3,100,100,0,,,,,20360931,30263901,30263902,30263903,20381402,"reference",2,FALSE,,10000,10,100,0.1,0.5,2,"LSE","ARD","0.1","0.5","10000","10","100","LSE","ARD","fast","1",20000,20000,20000,TRUE,TRUE,"d9b20e69fa0629d19388209547abe70550d193d65625c886f450f4d33b91bd0e","7083678ee4aa40943ccd1c60a0fbbaf2fd3f1b4a552f60b046a9fc0b6e388889","59ecd94063eab1b4e5ddb9bd47c200de20b4a7614522aa9e20e1c4d4756f6e16","8d0c459db8594ba62ed4cac082adeb87bfd6dccf7f040d6671f299c995d4bdde","94fdcd9691de28643e3abfad1cb1c7fdace4185d37c285efd2a029fe71d8e0d7","0.3.0","isolated_release_library/fastphylosig","d951ecee19c06f3a144ad76c5039302078747585bb3bf829e6f12db15f54775d","isolated_release_library/fastphylosig/libs/<platform>/fastphylosig","c46a5834babd455b546bc65c6549c42ba51e6b47f3c9f222919b7118a5af3280","1bd40080f1ea537b3c73c838dc98ff84940f1064f4e1c4dbfb2dd5063d999bdb","benchmarks/stage5/documentation_fix_release_20261001/fastphylosig_0.3.0.tar.gz","909b7ad27485dcc2d96a7bb1fc70b65b54e93245d75761aca406b9c52f06cbff","Borges2019-source-sha256:0dc1e987c13f0e972b0e7c3b4829b4d0fdc41ff0de3856bae4803f9ce0115175",0.0391569137573242,0.642713811410318,"Sys.time",1,TRUE,"ok","fast_result",TRUE,,"trait;Delta_fast;alpha_mean;beta_mean;n_saved;n_saved_requested;n_saved_successful;alpha_sd;beta_sd;ESS_alpha;ESS_beta;split_Rhat_alpha;split_Rhat_beta;Rhat_alpha;Rhat_beta;alpha_beta_cov;MCSE_Delta;diagnostics_available;diagnostics_note;requested_simulations;successful_simulations;requested_iterations;successful_iterations;requested_permutations;successful_permutations;n_states;n_species;n_removed_na;matched_species;removed_tree_tips;removed_data_rows;status;note;message;estimate;p_value;p_mcse;estimate_mcse;ess_alpha;ess_beta;rhat_alpha;rhat_beta;ESS;ess;Rhat;rhat;n_sim_requested;n_sim_successful;n_iter_requested;n_iter_successful;method","",,3,,,,20000,20000,"TRUE","Diagnostics computed from saved alpha/beta MCMC traces.",699.809870669007,771.203742296354,1.00046805310761,0.999715090187893,0.00162251839045288
"20261002T011636Z","full","D_strong_n0100_r03","reference","D","caper::phylo.d","strong",0.95,100,3,100,100,0,100,100,100,100,20360931,30263901,30263902,30263903,20391303,"reference",1,TRUE,199,,,,,,,,,,,,,,,,,,,,,,,"d9b20e69fa0629d19388209547abe70550d193d65625c886f450f4d33b91bd0e","7083678ee4aa40943ccd1c60a0fbbaf2fd3f1b4a552f60b046a9fc0b6e388889","59ecd94063eab1b4e5ddb9bd47c200de20b4a7614522aa9e20e1c4d4756f6e16","ac07d7267c6513fb94ef608e12d13873cb5a76cdac645013e7b02fe6c6363a59","b27365ec049022f1acbf436e795613cbdabebb2b58daf1a752edea1145f7d76e","0.3.0","isolated_release_library/fastphylosig","d951ecee19c06f3a144ad76c5039302078747585bb3bf829e6f12db15f54775d","isolated_release_library/fastphylosig/libs/<platform>/fastphylosig","c46a5834babd455b546bc65c6549c42ba51e6b47f3c9f222919b7118a5af3280","1bd40080f1ea537b3c73c838dc98ff84940f1064f4e1c4dbfb2dd5063d999bdb","benchmarks/stage5/documentation_fix_release_20261001/fastphylosig_0.3.0.tar.gz","909b7ad27485dcc2d96a7bb1fc70b65b54e93245d75761aca406b9c52f06cbff","1.0.4",0.0627892017364502,-0.0424124189765544,"Sys.time",1,TRUE,"not_reported_by_reference","finite_reference_estimate_and_input_audit",TRUE,,"DEstimate;Pval1;Pval0;Parameters;StatesTable;Permutations;NodalVals;binvar;data;nPermut;rnd.bias","",,2,,,,,,,,,,,,
"20261002T011636Z","full","D_strong_n0100_r03","fastphylosig","D","caper::phylo.d","strong",0.95,100,3,100,100,0,,,,,20360931,30263901,30263902,30263903,20391302,"reference",2,TRUE,199,,,,,,,,,,,,,,,,,,,,,,,"d9b20e69fa0629d19388209547abe70550d193d65625c886f450f4d33b91bd0e","7083678ee4aa40943ccd1c60a0fbbaf2fd3f1b4a552f60b046a9fc0b6e388889","59ecd94063eab1b4e5ddb9bd47c200de20b4a7614522aa9e20e1c4d4756f6e16","ac07d7267c6513fb94ef608e12d13873cb5a76cdac645013e7b02fe6c6363a59","b27365ec049022f1acbf436e795613cbdabebb2b58daf1a752edea1145f7d76e","0.3.0","isolated_release_library/fastphylosig","d951ecee19c06f3a144ad76c5039302078747585bb3bf829e6f12db15f54775d","isolated_release_library/fastphylosig/libs/<platform>/fastphylosig","c46a5834babd455b546bc65c6549c42ba51e6b47f3c9f222919b7118a5af3280","1bd40080f1ea537b3c73c838dc98ff84940f1064f4e1c4dbfb2dd5063d999bdb","benchmarks/stage5/documentation_fix_release_20261001/fastphylosig_0.3.0.tar.gz","909b7ad27485dcc2d96a7bb1fc70b65b54e93245d75761aca406b9c52f06cbff","1.0.4",0.00995898246765137,-0.0369988420824142,"Sys.time",1,TRUE,"ok","fast_result",TRUE,,"trait;D_fast;Pval1_fast;Pval0_fast;P_random;P_Brownian;MCSE_P_random;MCSE_P_Brownian;nsim_requested;nsim_successful_random;nsim_successful_brownian;nsim_failed_random;nsim_failed_brownian;observed;mean_random;mean_brownian;n_species;n_removed_na;matched_species;removed_tree_tips;removed_data_rows;status;note;message;estimate;p_random;p_brownian;p_mcse_random;p_mcse_brownian;MCSE_random;MCSE_Brownian;mcse_random;mcse_brownian;n_sim_requested;n_sim_successful_random;n_sim_successful_brownian;method","",,,199,199,199,,,,,,,,,
"20261002T011636Z","full","Delta_strong_n0100_r03","fastphylosig","Delta","Borges2019 delta() [pinned source]","strong",0.95,100,3,100,100,0,,,,,20360931,30263901,30263902,30263903,20391402,"fastphylosig",1,FALSE,,10000,10,100,0.1,0.5,2,"LSE","ARD","0.1","0.5","10000","10","100","LSE","ARD","fast","1",20000,20000,20000,TRUE,TRUE,"d9b20e69fa0629d19388209547abe70550d193d65625c886f450f4d33b91bd0e","7083678ee4aa40943ccd1c60a0fbbaf2fd3f1b4a552f60b046a9fc0b6e388889","59ecd94063eab1b4e5ddb9bd47c200de20b4a7614522aa9e20e1c4d4756f6e16","2fd35f2b184318097c208af712fa43b7890da5fff30cbe68615e663b57557cb4","dffd13d048adaca46a19138c516086bdf6346ace6176ba97d7af5b5271170b89","0.3.0","isolated_release_library/fastphylosig","d951ecee19c06f3a144ad76c5039302078747585bb3bf829e6f12db15f54775d","isolated_release_library/fastphylosig/libs/<platform>/fastphylosig","c46a5834babd455b546bc65c6549c42ba51e6b47f3c9f222919b7118a5af3280","1bd40080f1ea537b3c73c838dc98ff84940f1064f4e1c4dbfb2dd5063d999bdb","benchmarks/stage5/documentation_fix_release_20261001/fastphylosig_0.3.0.tar.gz","909b7ad27485dcc2d96a7bb1fc70b65b54e93245d75761aca406b9c52f06cbff","Borges2019-source-sha256:0dc1e987c13f0e972b0e7c3b4829b4d0fdc41ff0de3856bae4803f9ce0115175",0.0349709987640381,3.86767999450298,"Sys.time",1,TRUE,"ok","fast_result",TRUE,,"trait;Delta_fast;alpha_mean;beta_mean;n_saved;n_saved_requested;n_saved_successful;alpha_sd;beta_sd;ESS_alpha;ESS_beta;split_Rhat_alpha;split_Rhat_beta;Rhat_alpha;Rhat_beta;alpha_beta_cov;MCSE_Delta;diagnostics_available;diagnostics_note;requested_simulations;successful_simulations;requested_iterations;successful_iterations;requested_permutations;successful_permutations;n_states;n_species;n_removed_na;matched_species;removed_tree_tips;removed_data_rows;status;note;message;estimate;p_value;p_mcse;estimate_mcse;ess_alpha;ess_beta;rhat_alpha;rhat_beta;ESS;ess;Rhat;rhat;n_sim_requested;n_sim_successful;n_iter_requested;n_iter_successful;method","",,3,,,,20000,20000,"TRUE","Diagnostics computed from saved alpha/beta MCMC traces.",1040.46967439371,946.314107130936,1.00317370084152,1.00395447756717,0.0125691995146183
"20261002T011636Z","full","Delta_strong_n0100_r03","reference","Delta","Borges2019 delta() [pinned source]","strong",0.95,100,3,100,100,0,100,100,,100,20360931,30263901,30263902,30263903,20391403,"fastphylosig",2,FALSE,,10000,10,100,0.1,0.5,2,"LSE","ARD",,,,,,,,,,,,,,,"d9b20e69fa0629d19388209547abe70550d193d65625c886f450f4d33b91bd0e","7083678ee4aa40943ccd1c60a0fbbaf2fd3f1b4a552f60b046a9fc0b6e388889","59ecd94063eab1b4e5ddb9bd47c200de20b4a7614522aa9e20e1c4d4756f6e16","2fd35f2b184318097c208af712fa43b7890da5fff30cbe68615e663b57557cb4","dffd13d048adaca46a19138c516086bdf6346ace6176ba97d7af5b5271170b89","0.3.0","isolated_release_library/fastphylosig","d951ecee19c06f3a144ad76c5039302078747585bb3bf829e6f12db15f54775d","isolated_release_library/fastphylosig/libs/<platform>/fastphylosig","c46a5834babd455b546bc65c6549c42ba51e6b47f3c9f222919b7118a5af3280","1bd40080f1ea537b3c73c838dc98ff84940f1064f4e1c4dbfb2dd5063d999bdb","benchmarks/stage5/documentation_fix_release_20261001/fastphylosig_0.3.0.tar.gz","909b7ad27485dcc2d96a7bb1fc70b65b54e93245d75761aca406b9c52f06cbff","Borges2019-source-sha256:0dc1e987c13f0e972b0e7c3b4829b4d0fdc41ff0de3856bae4803f9ce0115175",1.11264991760254,3.88321779084871,"Sys.time",1,TRUE,"not_reported_by_reference","finite_reference_estimate_and_input_audit",TRUE,,"<numeric>","NaNs produced || Inf replaced by maximum positive value",,3,,,,,,,,,,,,
"20261002T011636Z","full","D_none_n0100_r04","fastphylosig","D","caper::phylo.d","none",0,100,4,100,100,0,,,,,20360941,30264901,30264902,30264903,20371402,"fastphylosig",1,TRUE,199,,,,,,,,,,,,,,,,,,,,,,,"78f4e32781dff578de8c89d8706c2442bfd99e7ac8f04d2e1ed5a1a10d59a054","7c92e30297198ce4953a4e1325601d95ba33e31462acb4f45c4b5d83978ba8e1","92b5c8bf068a3963746bfecd0d16557a221085a01db82b2c675444afe0640828","5eb03b5d5f789ce5c3b764f885144525d6d5c93487a4f45383ef633e0d76be80","f8b0cdaa0273b12700255f7ee203e1e2e80ef406c37400c1f57ad2651a6e7e7a","0.3.0","isolated_release_library/fastphylosig","d951ecee19c06f3a144ad76c5039302078747585bb3bf829e6f12db15f54775d","isolated_release_library/fastphylosig/libs/<platform>/fastphylosig","c46a5834babd455b546bc65c6549c42ba51e6b47f3c9f222919b7118a5af3280","1bd40080f1ea537b3c73c838dc98ff84940f1064f4e1c4dbfb2dd5063d999bdb","benchmarks/stage5/documentation_fix_release_20261001/fastphylosig_0.3.0.tar.gz","909b7ad27485dcc2d96a7bb1fc70b65b54e93245d75761aca406b9c52f06cbff","1.0.4",0.010451078414917,0.945402116877378,"Sys.time",1,TRUE,"ok","fast_result",TRUE,,"trait;D_fast;Pval1_fast;Pval0_fast;P_random;P_Brownian;MCSE_P_random;MCSE_P_Brownian;nsim_requested;nsim_successful_random;nsim_successful_brownian;nsim_failed_random;nsim_failed_brownian;observed;mean_random;mean_brownian;n_species;n_removed_na;matched_species;removed_tree_tips;removed_data_rows;status;note;message;estimate;p_random;p_brownian;p_mcse_random;p_mcse_brownian;MCSE_random;MCSE_Brownian;mcse_random;mcse_brownian;n_sim_requested;n_sim_successful_random;n_sim_successful_brownian;method","",,,199,199,199,,,,,,,,,
"20261002T011636Z","full","D_none_n0100_r04","reference","D","caper::phylo.d","none",0,100,4,100,100,0,100,100,100,100,20360941,30264901,30264902,30264903,20371403,"fastphylosig",2,TRUE,199,,,,,,,,,,,,,,,,,,,,,,,"78f4e32781dff578de8c89d8706c2442bfd99e7ac8f04d2e1ed5a1a10d59a054","7c92e30297198ce4953a4e1325601d95ba33e31462acb4f45c4b5d83978ba8e1","92b5c8bf068a3963746bfecd0d16557a221085a01db82b2c675444afe0640828","5eb03b5d5f789ce5c3b764f885144525d6d5c93487a4f45383ef633e0d76be80","f8b0cdaa0273b12700255f7ee203e1e2e80ef406c37400c1f57ad2651a6e7e7a","0.3.0","isolated_release_library/fastphylosig","d951ecee19c06f3a144ad76c5039302078747585bb3bf829e6f12db15f54775d","isolated_release_library/fastphylosig/libs/<platform>/fastphylosig","c46a5834babd455b546bc65c6549c42ba51e6b47f3c9f222919b7118a5af3280","1bd40080f1ea537b3c73c838dc98ff84940f1064f4e1c4dbfb2dd5063d999bdb","benchmarks/stage5/documentation_fix_release_20261001/fastphylosig_0.3.0.tar.gz","909b7ad27485dcc2d96a7bb1fc70b65b54e93245d75761aca406b9c52f06cbff","1.0.4",0.059107780456543,0.918804083888333,"Sys.time",1,TRUE,"not_reported_by_reference","finite_reference_estimate_and_input_audit",TRUE,,"DEstimate;Pval1;Pval0;Parameters;StatesTable;Permutations;NodalVals;binvar;data;nPermut;rnd.bias","",,2,,,,,,,,,,,,
"20261002T011636Z","full","Delta_none_n0100_r04","reference","Delta","Borges2019 delta() [pinned source]","none",0,100,4,100,100,0,100,100,,100,20360941,30264901,30264902,30264903,20371503,"reference",1,FALSE,,10000,10,100,0.1,0.5,2,"LSE","ARD",,,,,,,,,,,,,,,"78f4e32781dff578de8c89d8706c2442bfd99e7ac8f04d2e1ed5a1a10d59a054","7c92e30297198ce4953a4e1325601d95ba33e31462acb4f45c4b5d83978ba8e1","92b5c8bf068a3963746bfecd0d16557a221085a01db82b2c675444afe0640828","9dee5cb499cbf8809b573eea5b19f356173511bfa0b94502beaa91779222f24d","98a3d6ade00a8b0fe928671f45191ef697ed1a820f8defe4d9e115ed1a096b88","0.3.0","isolated_release_library/fastphylosig","d951ecee19c06f3a144ad76c5039302078747585bb3bf829e6f12db15f54775d","isolated_release_library/fastphylosig/libs/<platform>/fastphylosig","c46a5834babd455b546bc65c6549c42ba51e6b47f3c9f222919b7118a5af3280","1bd40080f1ea537b3c73c838dc98ff84940f1064f4e1c4dbfb2dd5063d999bdb","benchmarks/stage5/documentation_fix_release_20261001/fastphylosig_0.3.0.tar.gz","909b7ad27485dcc2d96a7bb1fc70b65b54e93245d75761aca406b9c52f06cbff","Borges2019-source-sha256:0dc1e987c13f0e972b0e7c3b4829b4d0fdc41ff0de3856bae4803f9ce0115175",1.482017993927,0.317058049021163,"Sys.time",1,TRUE,"not_reported_by_reference","finite_reference_estimate_and_input_audit",TRUE,,"<numeric>","imaginary parts discarded in coercion || NaNs produced",,3,,,,,,,,,,,,
"20261002T011636Z","full","Delta_none_n0100_r04","fastphylosig","Delta","Borges2019 delta() [pinned source]","none",0,100,4,100,100,0,,,,,20360941,30264901,30264902,30264903,20371502,"reference",2,FALSE,,10000,10,100,0.1,0.5,2,"LSE","ARD","0.1","0.5","10000","10","100","LSE","ARD","fast","1",20000,20000,20000,TRUE,TRUE,"78f4e32781dff578de8c89d8706c2442bfd99e7ac8f04d2e1ed5a1a10d59a054","7c92e30297198ce4953a4e1325601d95ba33e31462acb4f45c4b5d83978ba8e1","92b5c8bf068a3963746bfecd0d16557a221085a01db82b2c675444afe0640828","9dee5cb499cbf8809b573eea5b19f356173511bfa0b94502beaa91779222f24d","98a3d6ade00a8b0fe928671f45191ef697ed1a820f8defe4d9e115ed1a096b88","0.3.0","isolated_release_library/fastphylosig","d951ecee19c06f3a144ad76c5039302078747585bb3bf829e6f12db15f54775d","isolated_release_library/fastphylosig/libs/<platform>/fastphylosig","c46a5834babd455b546bc65c6549c42ba51e6b47f3c9f222919b7118a5af3280","1bd40080f1ea537b3c73c838dc98ff84940f1064f4e1c4dbfb2dd5063d999bdb","benchmarks/stage5/documentation_fix_release_20261001/fastphylosig_0.3.0.tar.gz","909b7ad27485dcc2d96a7bb1fc70b65b54e93245d75761aca406b9c52f06cbff","Borges2019-source-sha256:0dc1e987c13f0e972b0e7c3b4829b4d0fdc41ff0de3856bae4803f9ce0115175",0.0570559501647949,0.313128065721925,"Sys.time",1,TRUE,"ok","fast_result",TRUE,,"trait;Delta_fast;alpha_mean;beta_mean;n_saved;n_saved_requested;n_saved_successful;alpha_sd;beta_sd;ESS_alpha;ESS_beta;split_Rhat_alpha;split_Rhat_beta;Rhat_alpha;Rhat_beta;alpha_beta_cov;MCSE_Delta;diagnostics_available;diagnostics_note;requested_simulations;successful_simulations;requested_iterations;successful_iterations;requested_permutations;successful_permutations;n_states;n_species;n_removed_na;matched_species;removed_tree_tips;removed_data_rows;status;note;message;estimate;p_value;p_mcse;estimate_mcse;ess_alpha;ess_beta;rhat_alpha;rhat_beta;ESS;ess;Rhat;rhat;n_sim_requested;n_sim_successful;n_iter_requested;n_iter_successful;method","",,3,,,,20000,20000,"TRUE","Diagnostics computed from saved alpha/beta MCMC traces.",1083.31518509339,1067.71373469696,1.00261995257296,1.00191676808226,0.000846588834312996
"20261002T011636Z","full","D_moderate_n0100_r04","reference","D","caper::phylo.d","moderate",0.5,100,4,100,100,0,100,100,100,100,20360941,30264901,30264902,30264903,20381403,"reference",1,TRUE,199,,,,,,,,,,,,,,,,,,,,,,,"78f4e32781dff578de8c89d8706c2442bfd99e7ac8f04d2e1ed5a1a10d59a054","7c92e30297198ce4953a4e1325601d95ba33e31462acb4f45c4b5d83978ba8e1","92b5c8bf068a3963746bfecd0d16557a221085a01db82b2c675444afe0640828","9d59ac2cf88a59a6c25526f15d8d6e156ee5ad8399deae0e1826a7aac003b18d","ea8d88eb8d28b7837ac2e99b5276bbbcde96942614faa8e2dadc8655ab55a5cf","0.3.0","isolated_release_library/fastphylosig","d951ecee19c06f3a144ad76c5039302078747585bb3bf829e6f12db15f54775d","isolated_release_library/fastphylosig/libs/<platform>/fastphylosig","c46a5834babd455b546bc65c6549c42ba51e6b47f3c9f222919b7118a5af3280","1bd40080f1ea537b3c73c838dc98ff84940f1064f4e1c4dbfb2dd5063d999bdb","benchmarks/stage5/documentation_fix_release_20261001/fastphylosig_0.3.0.tar.gz","909b7ad27485dcc2d96a7bb1fc70b65b54e93245d75761aca406b9c52f06cbff","1.0.4",0.0593729019165039,0.442156874625502,"Sys.time",1,TRUE,"not_reported_by_reference","finite_reference_estimate_and_input_audit",TRUE,,"DEstimate;Pval1;Pval0;Parameters;StatesTable;Permutations;NodalVals;binvar;data;nPermut;rnd.bias","",,2,,,,,,,,,,,,
"20261002T011636Z","full","D_moderate_n0100_r04","fastphylosig","D","caper::phylo.d","moderate",0.5,100,4,100,100,0,,,,,20360941,30264901,30264902,30264903,20381402,"reference",2,TRUE,199,,,,,,,,,,,,,,,,,,,,,,,"78f4e32781dff578de8c89d8706c2442bfd99e7ac8f04d2e1ed5a1a10d59a054","7c92e30297198ce4953a4e1325601d95ba33e31462acb4f45c4b5d83978ba8e1","92b5c8bf068a3963746bfecd0d16557a221085a01db82b2c675444afe0640828","9d59ac2cf88a59a6c25526f15d8d6e156ee5ad8399deae0e1826a7aac003b18d","ea8d88eb8d28b7837ac2e99b5276bbbcde96942614faa8e2dadc8655ab55a5cf","0.3.0","isolated_release_library/fastphylosig","d951ecee19c06f3a144ad76c5039302078747585bb3bf829e6f12db15f54775d","isolated_release_library/fastphylosig/libs/<platform>/fastphylosig","c46a5834babd455b546bc65c6549c42ba51e6b47f3c9f222919b7118a5af3280","1bd40080f1ea537b3c73c838dc98ff84940f1064f4e1c4dbfb2dd5063d999bdb","benchmarks/stage5/documentation_fix_release_20261001/fastphylosig_0.3.0.tar.gz","909b7ad27485dcc2d96a7bb1fc70b65b54e93245d75761aca406b9c52f06cbff","1.0.4",0.00968790054321289,0.424103493482252,"Sys.time",1,TRUE,"ok","fast_result",TRUE,,"trait;D_fast;Pval1_fast;Pval0_fast;P_random;P_Brownian;MCSE_P_random;MCSE_P_Brownian;nsim_requested;nsim_successful_random;nsim_successful_brownian;nsim_failed_random;nsim_failed_brownian;observed;mean_random;mean_brownian;n_species;n_removed_na;matched_species;removed_tree_tips;removed_data_rows;status;note;message;estimate;p_random;p_brownian;p_mcse_random;p_mcse_brownian;MCSE_random;MCSE_Brownian;mcse_random;mcse_brownian;n_sim_requested;n_sim_successful_random;n_sim_successful_brownian;method","",,,199,199,199,,,,,,,,,
"20261002T011636Z","full","Delta_moderate_n0100_r04","fastphylosig","Delta","Borges2019 delta() [pinned source]","moderate",0.5,100,4,100,100,0,,,,,20360941,30264901,30264902,30264903,20381502,"fastphylosig",1,FALSE,,10000,10,100,0.1,0.5,2,"LSE","ARD","0.1","0.5","10000","10","100","LSE","ARD","fast","1",20000,20000,20000,TRUE,TRUE,"78f4e32781dff578de8c89d8706c2442bfd99e7ac8f04d2e1ed5a1a10d59a054","7c92e30297198ce4953a4e1325601d95ba33e31462acb4f45c4b5d83978ba8e1","92b5c8bf068a3963746bfecd0d16557a221085a01db82b2c675444afe0640828","6145c4cc7edbf4133e788c2797a23785021515180ba89dda058beeaaa37171a2","fbe45105702e460333306a7a0e6769badd6e38d91e01bd1b1a1c3d90c2e2cb79","0.3.0","isolated_release_library/fastphylosig","d951ecee19c06f3a144ad76c5039302078747585bb3bf829e6f12db15f54775d","isolated_release_library/fastphylosig/libs/<platform>/fastphylosig","c46a5834babd455b546bc65c6549c42ba51e6b47f3c9f222919b7118a5af3280","1bd40080f1ea537b3c73c838dc98ff84940f1064f4e1c4dbfb2dd5063d999bdb","benchmarks/stage5/documentation_fix_release_20261001/fastphylosig_0.3.0.tar.gz","909b7ad27485dcc2d96a7bb1fc70b65b54e93245d75761aca406b9c52f06cbff","Borges2019-source-sha256:0dc1e987c13f0e972b0e7c3b4829b4d0fdc41ff0de3856bae4803f9ce0115175",0.037524938583374,1.67714283056328,"Sys.time",1,TRUE,"ok","fast_result",TRUE,,"trait;Delta_fast;alpha_mean;beta_mean;n_saved;n_saved_requested;n_saved_successful;alpha_sd;beta_sd;ESS_alpha;ESS_beta;split_Rhat_alpha;split_Rhat_beta;Rhat_alpha;Rhat_beta;alpha_beta_cov;MCSE_Delta;diagnostics_available;diagnostics_note;requested_simulations;successful_simulations;requested_iterations;successful_iterations;requested_permutations;successful_permutations;n_states;n_species;n_removed_na;matched_species;removed_tree_tips;removed_data_rows;status;note;message;estimate;p_value;p_mcse;estimate_mcse;ess_alpha;ess_beta;rhat_alpha;rhat_beta;ESS;ess;Rhat;rhat;n_sim_requested;n_sim_successful;n_iter_requested;n_iter_successful;method","",,3,,,,20000,20000,"TRUE","Diagnostics computed from saved alpha/beta MCMC traces.",1124.08302034721,1110.21253247839,1.00049921620085,0.999639402256138,0.00383557570137567
"20261002T011636Z","full","Delta_moderate_n0100_r04","reference","Delta","Borges2019 delta() [pinned source]","moderate",0.5,100,4,100,100,0,100,100,,100,20360941,30264901,30264902,30264903,20381503,"fastphylosig",2,FALSE,,10000,10,100,0.1,0.5,2,"LSE","ARD",,,,,,,,,,,,,,,"78f4e32781dff578de8c89d8706c2442bfd99e7ac8f04d2e1ed5a1a10d59a054","7c92e30297198ce4953a4e1325601d95ba33e31462acb4f45c4b5d83978ba8e1","92b5c8bf068a3963746bfecd0d16557a221085a01db82b2c675444afe0640828","6145c4cc7edbf4133e788c2797a23785021515180ba89dda058beeaaa37171a2","fbe45105702e460333306a7a0e6769badd6e38d91e01bd1b1a1c3d90c2e2cb79","0.3.0","isolated_release_library/fastphylosig","d951ecee19c06f3a144ad76c5039302078747585bb3bf829e6f12db15f54775d","isolated_release_library/fastphylosig/libs/<platform>/fastphylosig","c46a5834babd455b546bc65c6549c42ba51e6b47f3c9f222919b7118a5af3280","1bd40080f1ea537b3c73c838dc98ff84940f1064f4e1c4dbfb2dd5063d999bdb","benchmarks/stage5/documentation_fix_release_20261001/fastphylosig_0.3.0.tar.gz","909b7ad27485dcc2d96a7bb1fc70b65b54e93245d75761aca406b9c52f06cbff","Borges2019-source-sha256:0dc1e987c13f0e972b0e7c3b4829b4d0fdc41ff0de3856bae4803f9ce0115175",1.16172504425049,1.68348565355362,"Sys.time",1,TRUE,"not_reported_by_reference","finite_reference_estimate_and_input_audit",TRUE,,"<numeric>","NaNs produced || Inf replaced by maximum positive value",,3,,,,,,,,,,,,
"20261002T011636Z","full","D_strong_n0100_r04","fastphylosig","D","caper::phylo.d","strong",0.95,100,4,100,100,0,,,,,20360941,30264901,30264902,30264903,20391402,"fastphylosig",1,TRUE,199,,,,,,,,,,,,,,,,,,,,,,,"78f4e32781dff578de8c89d8706c2442bfd99e7ac8f04d2e1ed5a1a10d59a054","7c92e30297198ce4953a4e1325601d95ba33e31462acb4f45c4b5d83978ba8e1","92b5c8bf068a3963746bfecd0d16557a221085a01db82b2c675444afe0640828","6cc5c3a52028043f01d49ac696eff37f901f09c55f89b653a21b0da3160e1979","7e67be672ef096ea25f278ba6a3c48fdff7e00d976571db73f8f99347607c6d9","0.3.0","isolated_release_library/fastphylosig","d951ecee19c06f3a144ad76c5039302078747585bb3bf829e6f12db15f54775d","isolated_release_library/fastphylosig/libs/<platform>/fastphylosig","c46a5834babd455b546bc65c6549c42ba51e6b47f3c9f222919b7118a5af3280","1bd40080f1ea537b3c73c838dc98ff84940f1064f4e1c4dbfb2dd5063d999bdb","benchmarks/stage5/documentation_fix_release_20261001/fastphylosig_0.3.0.tar.gz","909b7ad27485dcc2d96a7bb1fc70b65b54e93245d75761aca406b9c52f06cbff","1.0.4",0.0104930400848389,0.0734818934020893,"Sys.time",1,TRUE,"ok","fast_result",TRUE,,"trait;D_fast;Pval1_fast;Pval0_fast;P_random;P_Brownian;MCSE_P_random;MCSE_P_Brownian;nsim_requested;nsim_successful_random;nsim_successful_brownian;nsim_failed_random;nsim_failed_brownian;observed;mean_random;mean_brownian;n_species;n_removed_na;matched_species;removed_tree_tips;removed_data_rows;status;note;message;estimate;p_random;p_brownian;p_mcse_random;p_mcse_brownian;MCSE_random;MCSE_Brownian;mcse_random;mcse_brownian;n_sim_requested;n_sim_successful_random;n_sim_successful_brownian;method","",,,199,199,199,,,,,,,,,
"20261002T011636Z","full","D_strong_n0100_r04","reference","D","caper::phylo.d","strong",0.95,100,4,100,100,0,100,100,100,100,20360941,30264901,30264902,30264903,20391403,"fastphylosig",2,TRUE,199,,,,,,,,,,,,,,,,,,,,,,,"78f4e32781dff578de8c89d8706c2442bfd99e7ac8f04d2e1ed5a1a10d59a054","7c92e30297198ce4953a4e1325601d95ba33e31462acb4f45c4b5d83978ba8e1","92b5c8bf068a3963746bfecd0d16557a221085a01db82b2c675444afe0640828","6cc5c3a52028043f01d49ac696eff37f901f09c55f89b653a21b0da3160e1979","7e67be672ef096ea25f278ba6a3c48fdff7e00d976571db73f8f99347607c6d9","0.3.0","isolated_release_library/fastphylosig","d951ecee19c06f3a144ad76c5039302078747585bb3bf829e6f12db15f54775d","isolated_release_library/fastphylosig/libs/<platform>/fastphylosig","c46a5834babd455b546bc65c6549c42ba51e6b47f3c9f222919b7118a5af3280","1bd40080f1ea537b3c73c838dc98ff84940f1064f4e1c4dbfb2dd5063d999bdb","benchmarks/stage5/documentation_fix_release_20261001/fastphylosig_0.3.0.tar.gz","909b7ad27485dcc2d96a7bb1fc70b65b54e93245d75761aca406b9c52f06cbff","1.0.4",0.0593769550323486,0.0888190635213485,"Sys.time",1,TRUE,"not_reported_by_reference","finite_reference_estimate_and_input_audit",TRUE,,"DEstimate;Pval1;Pval0;Parameters;StatesTable;Permutations;NodalVals;binvar;data;nPermut;rnd.bias","",,2,,,,,,,,,,,,
"20261002T011636Z","full","Delta_strong_n0100_r04","reference","Delta","Borges2019 delta() [pinned source]","strong",0.95,100,4,100,100,0,100,100,,100,20360941,30264901,30264902,30264903,20391503,"reference",1,FALSE,,10000,10,100,0.1,0.5,2,"LSE","ARD",,,,,,,,,,,,,,,"78f4e32781dff578de8c89d8706c2442bfd99e7ac8f04d2e1ed5a1a10d59a054","7c92e30297198ce4953a4e1325601d95ba33e31462acb4f45c4b5d83978ba8e1","92b5c8bf068a3963746bfecd0d16557a221085a01db82b2c675444afe0640828","55156ea7db9e7d2e5f5cd922e667d0e898e679f24fbe2e999d505258da387732","715a0f877e2037c5d50bb8aa6ed7aded4f8559eee6b3e9a44bb8175a9d33855f","0.3.0","isolated_release_library/fastphylosig","d951ecee19c06f3a144ad76c5039302078747585bb3bf829e6f12db15f54775d","isolated_release_library/fastphylosig/libs/<platform>/fastphylosig","c46a5834babd455b546bc65c6549c42ba51e6b47f3c9f222919b7118a5af3280","1bd40080f1ea537b3c73c838dc98ff84940f1064f4e1c4dbfb2dd5063d999bdb","benchmarks/stage5/documentation_fix_release_20261001/fastphylosig_0.3.0.tar.gz","909b7ad27485dcc2d96a7bb1fc70b65b54e93245d75761aca406b9c52f06cbff","Borges2019-source-sha256:0dc1e987c13f0e972b0e7c3b4829b4d0fdc41ff0de3856bae4803f9ce0115175",1.18795490264893,4.14746381856537,"Sys.time",1,TRUE,"not_reported_by_reference","finite_reference_estimate_and_input_audit",TRUE,,"<numeric>","NaNs produced || Inf replaced by maximum positive value",,3,,,,,,,,,,,,
"20261002T011636Z","full","Delta_strong_n0100_r04","fastphylosig","Delta","Borges2019 delta() [pinned source]","strong",0.95,100,4,100,100,0,,,,,20360941,30264901,30264902,30264903,20391502,"reference",2,FALSE,,10000,10,100,0.1,0.5,2,"LSE","ARD","0.1","0.5","10000","10","100","LSE","ARD","fast","1",20000,20000,20000,TRUE,TRUE,"78f4e32781dff578de8c89d8706c2442bfd99e7ac8f04d2e1ed5a1a10d59a054","7c92e30297198ce4953a4e1325601d95ba33e31462acb4f45c4b5d83978ba8e1","92b5c8bf068a3963746bfecd0d16557a221085a01db82b2c675444afe0640828","55156ea7db9e7d2e5f5cd922e667d0e898e679f24fbe2e999d505258da387732","715a0f877e2037c5d50bb8aa6ed7aded4f8559eee6b3e9a44bb8175a9d33855f","0.3.0","isolated_release_library/fastphylosig","d951ecee19c06f3a144ad76c5039302078747585bb3bf829e6f12db15f54775d","isolated_release_library/fastphylosig/libs/<platform>/fastphylosig","c46a5834babd455b546bc65c6549c42ba51e6b47f3c9f222919b7118a5af3280","1bd40080f1ea537b3c73c838dc98ff84940f1064f4e1c4dbfb2dd5063d999bdb","benchmarks/stage5/documentation_fix_release_20261001/fastphylosig_0.3.0.tar.gz","909b7ad27485dcc2d96a7bb1fc70b65b54e93245d75761aca406b9c52f06cbff","Borges2019-source-sha256:0dc1e987c13f0e972b0e7c3b4829b4d0fdc41ff0de3856bae4803f9ce0115175",0.0353260040283203,4.17668612267932,"Sys.time",1,TRUE,"ok","fast_result",TRUE,,"trait;Delta_fast;alpha_mean;beta_mean;n_saved;n_saved_requested;n_saved_successful;alpha_sd;beta_sd;ESS_alpha;ESS_beta;split_Rhat_alpha;split_Rhat_beta;Rhat_alpha;Rhat_beta;alpha_beta_cov;MCSE_Delta;diagnostics_available;diagnostics_note;requested_simulations;successful_simulations;requested_iterations;successful_iterations;requested_permutations;successful_permutations;n_states;n_species;n_removed_na;matched_species;removed_tree_tips;removed_data_rows;status;note;message;estimate;p_value;p_mcse;estimate_mcse;ess_alpha;ess_beta;rhat_alpha;rhat_beta;ESS;ess;Rhat;rhat;n_sim_requested;n_sim_successful;n_iter_requested;n_iter_successful;method","",,3,,,,20000,20000,"TRUE","Diagnostics computed from saved alpha/beta MCMC traces.",1121.82205466133,977.933754431003,1.00062247305559,1.00058739244804,0.0137328577953505
"20261002T011636Z","full","D_none_n0100_r05","reference","D","caper::phylo.d","none",0,100,5,100,100,0,100,100,100,100,20360951,30265901,30265902,30265903,20371503,"reference",1,TRUE,199,,,,,,,,,,,,,,,,,,,,,,,"c21cb1069f23283b8d8e7c79ea10ce3c9df5e64d6f780494d3bc227337d03bd1","c2313985835328b10d4063fff1086f3f3eb9a283e86f8a5df068e094bfa57a12","ab90530a1510d991891036b32fcf10a9d75b58bc893402ed7b77ed9f717c8a59","8a4f58594dc8294c5c6c804d73938fa0dcf75f1b0ba11df73f576dcf79083aad","bdfb6b8fc70b89e3cfeaf182bae13cf0fe96896fc6a6592da8069300d9991db9","0.3.0","isolated_release_library/fastphylosig","d951ecee19c06f3a144ad76c5039302078747585bb3bf829e6f12db15f54775d","isolated_release_library/fastphylosig/libs/<platform>/fastphylosig","c46a5834babd455b546bc65c6549c42ba51e6b47f3c9f222919b7118a5af3280","1bd40080f1ea537b3c73c838dc98ff84940f1064f4e1c4dbfb2dd5063d999bdb","benchmarks/stage5/documentation_fix_release_20261001/fastphylosig_0.3.0.tar.gz","909b7ad27485dcc2d96a7bb1fc70b65b54e93245d75761aca406b9c52f06cbff","1.0.4",0.0627889633178711,0.89448408708958,"Sys.time",1,TRUE,"not_reported_by_reference","finite_reference_estimate_and_input_audit",TRUE,,"DEstimate;Pval1;Pval0;Parameters;StatesTable;Permutations;NodalVals;binvar;data;nPermut;rnd.bias","",,2,,,,,,,,,,,,
"20261002T011636Z","full","D_none_n0100_r05","fastphylosig","D","caper::phylo.d","none",0,100,5,100,100,0,,,,,20360951,30265901,30265902,30265903,20371502,"reference",2,TRUE,199,,,,,,,,,,,,,,,,,,,,,,,"c21cb1069f23283b8d8e7c79ea10ce3c9df5e64d6f780494d3bc227337d03bd1","c2313985835328b10d4063fff1086f3f3eb9a283e86f8a5df068e094bfa57a12","ab90530a1510d991891036b32fcf10a9d75b58bc893402ed7b77ed9f717c8a59","8a4f58594dc8294c5c6c804d73938fa0dcf75f1b0ba11df73f576dcf79083aad","bdfb6b8fc70b89e3cfeaf182bae13cf0fe96896fc6a6592da8069300d9991db9","0.3.0","isolated_release_library/fastphylosig","d951ecee19c06f3a144ad76c5039302078747585bb3bf829e6f12db15f54775d","isolated_release_library/fastphylosig/libs/<platform>/fastphylosig","c46a5834babd455b546bc65c6549c42ba51e6b47f3c9f222919b7118a5af3280","1bd40080f1ea537b3c73c838dc98ff84940f1064f4e1c4dbfb2dd5063d999bdb","benchmarks/stage5/documentation_fix_release_20261001/fastphylosig_0.3.0.tar.gz","909b7ad27485dcc2d96a7bb1fc70b65b54e93245d75761aca406b9c52f06cbff","1.0.4",0.0103487968444824,0.894743820264715,"Sys.time",1,TRUE,"ok","fast_result",TRUE,,"trait;D_fast;Pval1_fast;Pval0_fast;P_random;P_Brownian;MCSE_P_random;MCSE_P_Brownian;nsim_requested;nsim_successful_random;nsim_successful_brownian;nsim_failed_random;nsim_failed_brownian;observed;mean_random;mean_brownian;n_species;n_removed_na;matched_species;removed_tree_tips;removed_data_rows;status;note;message;estimate;p_random;p_brownian;p_mcse_random;p_mcse_brownian;MCSE_random;MCSE_Brownian;mcse_random;mcse_brownian;n_sim_requested;n_sim_successful_random;n_sim_successful_brownian;method","",,,199,199,199,,,,,,,,,
"20261002T011636Z","full","Delta_none_n0100_r05","fastphylosig","Delta","Borges2019 delta() [pinned source]","none",0,100,5,100,100,0,,,,,20360951,30265901,30265902,30265903,20371602,"fastphylosig",1,FALSE,,10000,10,100,0.1,0.5,2,"LSE","ARD","0.1","0.5","10000","10","100","LSE","ARD","fast","1",20000,20000,20000,TRUE,TRUE,"c21cb1069f23283b8d8e7c79ea10ce3c9df5e64d6f780494d3bc227337d03bd1","c2313985835328b10d4063fff1086f3f3eb9a283e86f8a5df068e094bfa57a12","ab90530a1510d991891036b32fcf10a9d75b58bc893402ed7b77ed9f717c8a59","d26f23464b6b3a7bb22bd4bfdcca85ffdbd87ed0a5e93fb07f7c1954a09dad48","a521f26ce5fef792998e9ad11e95487f9b46835d56c295a71e8ad2e021d0bae8","0.3.0","isolated_release_library/fastphylosig","d951ecee19c06f3a144ad76c5039302078747585bb3bf829e6f12db15f54775d","isolated_release_library/fastphylosig/libs/<platform>/fastphylosig","c46a5834babd455b546bc65c6549c42ba51e6b47f3c9f222919b7118a5af3280","1bd40080f1ea537b3c73c838dc98ff84940f1064f4e1c4dbfb2dd5063d999bdb","benchmarks/stage5/documentation_fix_release_20261001/fastphylosig_0.3.0.tar.gz","909b7ad27485dcc2d96a7bb1fc70b65b54e93245d75761aca406b9c52f06cbff","Borges2019-source-sha256:0dc1e987c13f0e972b0e7c3b4829b4d0fdc41ff0de3856bae4803f9ce0115175",0.0360221862792969,0.69706609978048,"Sys.time",1,TRUE,"ok","fast_result",TRUE,,"trait;Delta_fast;alpha_mean;beta_mean;n_saved;n_saved_requested;n_saved_successful;alpha_sd;beta_sd;ESS_alpha;ESS_beta;split_Rhat_alpha;split_Rhat_beta;Rhat_alpha;Rhat_beta;alpha_beta_cov;MCSE_Delta;diagnostics_available;diagnostics_note;requested_simulations;successful_simulations;requested_iterations;successful_iterations;requested_permutations;successful_permutations;n_states;n_species;n_removed_na;matched_species;removed_tree_tips;removed_data_rows;status;note;message;estimate;p_value;p_mcse;estimate_mcse;ess_alpha;ess_beta;rhat_alpha;rhat_beta;ESS;ess;Rhat;rhat;n_sim_requested;n_sim_successful;n_iter_requested;n_iter_successful;method","",,3,,,,20000,20000,"TRUE","Diagnostics computed from saved alpha/beta MCMC traces.",1008.73289739168,765.753130253247,0.999520052622848,1.00056039091779,0.00173810008841239
"20261002T011636Z","full","Delta_none_n0100_r05","reference","Delta","Borges2019 delta() [pinned source]","none",0,100,5,100,100,0,100,100,,100,20360951,30265901,30265902,30265903,20371603,"fastphylosig",2,FALSE,,10000,10,100,0.1,0.5,2,"LSE","ARD",,,,,,,,,,,,,,,"c21cb1069f23283b8d8e7c79ea10ce3c9df5e64d6f780494d3bc227337d03bd1","c2313985835328b10d4063fff1086f3f3eb9a283e86f8a5df068e094bfa57a12","ab90530a1510d991891036b32fcf10a9d75b58bc893402ed7b77ed9f717c8a59","d26f23464b6b3a7bb22bd4bfdcca85ffdbd87ed0a5e93fb07f7c1954a09dad48","a521f26ce5fef792998e9ad11e95487f9b46835d56c295a71e8ad2e021d0bae8","0.3.0","isolated_release_library/fastphylosig","d951ecee19c06f3a144ad76c5039302078747585bb3bf829e6f12db15f54775d","isolated_release_library/fastphylosig/libs/<platform>/fastphylosig","c46a5834babd455b546bc65c6549c42ba51e6b47f3c9f222919b7118a5af3280","1bd40080f1ea537b3c73c838dc98ff84940f1064f4e1c4dbfb2dd5063d999bdb","benchmarks/stage5/documentation_fix_release_20261001/fastphylosig_0.3.0.tar.gz","909b7ad27485dcc2d96a7bb1fc70b65b54e93245d75761aca406b9c52f06cbff","Borges2019-source-sha256:0dc1e987c13f0e972b0e7c3b4829b4d0fdc41ff0de3856bae4803f9ce0115175",1.16685104370117,0.696332678712307,"Sys.time",1,TRUE,"not_reported_by_reference","finite_reference_estimate_and_input_audit",TRUE,,"<numeric>","imaginary parts discarded in coercion || model fit suspicious: gradients apparently non-finite",,3,,,,,,,,,,,,
"20261002T011636Z","full","D_moderate_n0100_r05","fastphylosig","D","caper::phylo.d","moderate",0.5,100,5,100,100,0,,,,,20360951,30265901,30265902,30265903,20381502,"fastphylosig",1,TRUE,199,,,,,,,,,,,,,,,,,,,,,,,"c21cb1069f23283b8d8e7c79ea10ce3c9df5e64d6f780494d3bc227337d03bd1","c2313985835328b10d4063fff1086f3f3eb9a283e86f8a5df068e094bfa57a12","ab90530a1510d991891036b32fcf10a9d75b58bc893402ed7b77ed9f717c8a59","003b4e5d9655289670be2bbab0ded066a524b3f96c5c4074c1a86c7a18c2d9f5","1def0d72ac51b8d2e3ae41589c15d61d92ee906cd0abc1fa175fbbf2e0d3106f","0.3.0","isolated_release_library/fastphylosig","d951ecee19c06f3a144ad76c5039302078747585bb3bf829e6f12db15f54775d","isolated_release_library/fastphylosig/libs/<platform>/fastphylosig","c46a5834babd455b546bc65c6549c42ba51e6b47f3c9f222919b7118a5af3280","1bd40080f1ea537b3c73c838dc98ff84940f1064f4e1c4dbfb2dd5063d999bdb","benchmarks/stage5/documentation_fix_release_20261001/fastphylosig_0.3.0.tar.gz","909b7ad27485dcc2d96a7bb1fc70b65b54e93245d75761aca406b9c52f06cbff","1.0.4",0.0102980136871338,0.290019206377502,"Sys.time",1,TRUE,"ok","fast_result",TRUE,,"trait;D_fast;Pval1_fast;Pval0_fast;P_random;P_Brownian;MCSE_P_random;MCSE_P_Brownian;nsim_requested;nsim_successful_random;nsim_successful_brownian;nsim_failed_random;nsim_failed_brownian;observed;mean_random;mean_brownian;n_species;n_removed_na;matched_species;removed_tree_tips;removed_data_rows;status;note;message;estimate;p_random;p_brownian;p_mcse_random;p_mcse_brownian;MCSE_random;MCSE_Brownian;mcse_random;mcse_brownian;n_sim_requested;n_sim_successful_random;n_sim_successful_brownian;method","",,,199,199,199,,,,,,,,,
"20261002T011636Z","full","D_moderate_n0100_r05","reference","D","caper::phylo.d","moderate",0.5,100,5,100,100,0,100,100,100,100,20360951,30265901,30265902,30265903,20381503,"fastphylosig",2,TRUE,199,,,,,,,,,,,,,,,,,,,,,,,"c21cb1069f23283b8d8e7c79ea10ce3c9df5e64d6f780494d3bc227337d03bd1","c2313985835328b10d4063fff1086f3f3eb9a283e86f8a5df068e094bfa57a12","ab90530a1510d991891036b32fcf10a9d75b58bc893402ed7b77ed9f717c8a59","003b4e5d9655289670be2bbab0ded066a524b3f96c5c4074c1a86c7a18c2d9f5","1def0d72ac51b8d2e3ae41589c15d61d92ee906cd0abc1fa175fbbf2e0d3106f","0.3.0","isolated_release_library/fastphylosig","d951ecee19c06f3a144ad76c5039302078747585bb3bf829e6f12db15f54775d","isolated_release_library/fastphylosig/libs/<platform>/fastphylosig","c46a5834babd455b546bc65c6549c42ba51e6b47f3c9f222919b7118a5af3280","1bd40080f1ea537b3c73c838dc98ff84940f1064f4e1c4dbfb2dd5063d999bdb","benchmarks/stage5/documentation_fix_release_20261001/fastphylosig_0.3.0.tar.gz","909b7ad27485dcc2d96a7bb1fc70b65b54e93245d75761aca406b9c52f06cbff","1.0.4",0.0600318908691406,0.305541972888436,"Sys.time",1,TRUE,"not_reported_by_reference","finite_reference_estimate_and_input_audit",TRUE,,"DEstimate;Pval1;Pval0;Parameters;StatesTable;Permutations;NodalVals;binvar;data;nPermut;rnd.bias","",,2,,,,,,,,,,,,
"20261002T011636Z","full","Delta_moderate_n0100_r05","reference","Delta","Borges2019 delta() [pinned source]","moderate",0.5,100,5,100,100,0,100,100,,100,20360951,30265901,30265902,30265903,20381603,"reference",1,FALSE,,10000,10,100,0.1,0.5,2,"LSE","ARD",,,,,,,,,,,,,,,"c21cb1069f23283b8d8e7c79ea10ce3c9df5e64d6f780494d3bc227337d03bd1","c2313985835328b10d4063fff1086f3f3eb9a283e86f8a5df068e094bfa57a12","ab90530a1510d991891036b32fcf10a9d75b58bc893402ed7b77ed9f717c8a59","b61d3c5d2bf59dfe0b665cd75450b36b21c7364c752f0968cbdae3511d8ba3e5","5089b43b027327605220c4f4a95d8048e70c7446a28a3ef8fb2efd9168e001a5","0.3.0","isolated_release_library/fastphylosig","d951ecee19c06f3a144ad76c5039302078747585bb3bf829e6f12db15f54775d","isolated_release_library/fastphylosig/libs/<platform>/fastphylosig","c46a5834babd455b546bc65c6549c42ba51e6b47f3c9f222919b7118a5af3280","1bd40080f1ea537b3c73c838dc98ff84940f1064f4e1c4dbfb2dd5063d999bdb","benchmarks/stage5/documentation_fix_release_20261001/fastphylosig_0.3.0.tar.gz","909b7ad27485dcc2d96a7bb1fc70b65b54e93245d75761aca406b9c52f06cbff","Borges2019-source-sha256:0dc1e987c13f0e972b0e7c3b4829b4d0fdc41ff0de3856bae4803f9ce0115175",1.13776683807373,2.62759697368543,"Sys.time",1,TRUE,"not_reported_by_reference","finite_reference_estimate_and_input_audit",TRUE,,"<numeric>","NaNs produced || Inf replaced by maximum positive value",,3,,,,,,,,,,,,
"20261002T011636Z","full","Delta_moderate_n0100_r05","fastphylosig","Delta","Borges2019 delta() [pinned source]","moderate",0.5,100,5,100,100,0,,,,,20360951,30265901,30265902,30265903,20381602,"reference",2,FALSE,,10000,10,100,0.1,0.5,2,"LSE","ARD","0.1","0.5","10000","10","100","LSE","ARD","fast","1",20000,20000,20000,TRUE,TRUE,"c21cb1069f23283b8d8e7c79ea10ce3c9df5e64d6f780494d3bc227337d03bd1","c2313985835328b10d4063fff1086f3f3eb9a283e86f8a5df068e094bfa57a12","ab90530a1510d991891036b32fcf10a9d75b58bc893402ed7b77ed9f717c8a59","b61d3c5d2bf59dfe0b665cd75450b36b21c7364c752f0968cbdae3511d8ba3e5","5089b43b027327605220c4f4a95d8048e70c7446a28a3ef8fb2efd9168e001a5","0.3.0","isolated_release_library/fastphylosig","d951ecee19c06f3a144ad76c5039302078747585bb3bf829e6f12db15f54775d","isolated_release_library/fastphylosig/libs/<platform>/fastphylosig","c46a5834babd455b546bc65c6549c42ba51e6b47f3c9f222919b7118a5af3280","1bd40080f1ea537b3c73c838dc98ff84940f1064f4e1c4dbfb2dd5063d999bdb","benchmarks/stage5/documentation_fix_release_20261001/fastphylosig_0.3.0.tar.gz","909b7ad27485dcc2d96a7bb1fc70b65b54e93245d75761aca406b9c52f06cbff","Borges2019-source-sha256:0dc1e987c13f0e972b0e7c3b4829b4d0fdc41ff0de3856bae4803f9ce0115175",0.0342450141906738,2.6266182049988,"Sys.time",1,TRUE,"ok","fast_result",TRUE,,"trait;Delta_fast;alpha_mean;beta_mean;n_saved;n_saved_requested;n_saved_successful;alpha_sd;beta_sd;ESS_alpha;ESS_beta;split_Rhat_alpha;split_Rhat_beta;Rhat_alpha;Rhat_beta;alpha_beta_cov;MCSE_Delta;diagnostics_available;diagnostics_note;requested_simulations;successful_simulations;requested_iterations;successful_iterations;requested_permutations;successful_permutations;n_states;n_species;n_removed_na;matched_species;removed_tree_tips;removed_data_rows;status;note;message;estimate;p_value;p_mcse;estimate_mcse;ess_alpha;ess_beta;rhat_alpha;rhat_beta;ESS;ess;Rhat;rhat;n_sim_requested;n_sim_successful;n_iter_requested;n_iter_successful;method","",,3,,,,20000,20000,"TRUE","Diagnostics computed from saved alpha/beta MCMC traces.",1046.70001472541,1132.07320519875,1.00136332493703,1.00083914279776,0.00739837343460199
"20261002T011636Z","full","D_strong_n0100_r05","reference","D","caper::phylo.d","strong",0.95,100,5,100,100,0,100,100,100,100,20360951,30265901,30265902,30265903,20391503,"reference",1,TRUE,199,,,,,,,,,,,,,,,,,,,,,,,"c21cb1069f23283b8d8e7c79ea10ce3c9df5e64d6f780494d3bc227337d03bd1","c2313985835328b10d4063fff1086f3f3eb9a283e86f8a5df068e094bfa57a12","ab90530a1510d991891036b32fcf10a9d75b58bc893402ed7b77ed9f717c8a59","d82a1ca7280b47e9a203a460970a2bebb15600d6351c1be47a9f39c5ea31eabc","2cea39a8d86e6f1eb48eb7a7f34df6b744e24635593c8028e45d91b47e7ae8d9","0.3.0","isolated_release_library/fastphylosig","d951ecee19c06f3a144ad76c5039302078747585bb3bf829e6f12db15f54775d","isolated_release_library/fastphylosig/libs/<platform>/fastphylosig","c46a5834babd455b546bc65c6549c42ba51e6b47f3c9f222919b7118a5af3280","1bd40080f1ea537b3c73c838dc98ff84940f1064f4e1c4dbfb2dd5063d999bdb","benchmarks/stage5/documentation_fix_release_20261001/fastphylosig_0.3.0.tar.gz","909b7ad27485dcc2d96a7bb1fc70b65b54e93245d75761aca406b9c52f06cbff","1.0.4",0.0597259998321533,-0.280892187173845,"Sys.time",1,TRUE,"not_reported_by_reference","finite_reference_estimate_and_input_audit",TRUE,,"DEstimate;Pval1;Pval0;Parameters;StatesTable;Permutations;NodalVals;binvar;data;nPermut;rnd.bias","",,2,,,,,,,,,,,,
"20261002T011636Z","full","D_strong_n0100_r05","fastphylosig","D","caper::phylo.d","strong",0.95,100,5,100,100,0,,,,,20360951,30265901,30265902,30265903,20391502,"reference",2,TRUE,199,,,,,,,,,,,,,,,,,,,,,,,"c21cb1069f23283b8d8e7c79ea10ce3c9df5e64d6f780494d3bc227337d03bd1","c2313985835328b10d4063fff1086f3f3eb9a283e86f8a5df068e094bfa57a12","ab90530a1510d991891036b32fcf10a9d75b58bc893402ed7b77ed9f717c8a59","d82a1ca7280b47e9a203a460970a2bebb15600d6351c1be47a9f39c5ea31eabc","2cea39a8d86e6f1eb48eb7a7f34df6b744e24635593c8028e45d91b47e7ae8d9","0.3.0","isolated_release_library/fastphylosig","d951ecee19c06f3a144ad76c5039302078747585bb3bf829e6f12db15f54775d","isolated_release_library/fastphylosig/libs/<platform>/fastphylosig","c46a5834babd455b546bc65c6549c42ba51e6b47f3c9f222919b7118a5af3280","1bd40080f1ea537b3c73c838dc98ff84940f1064f4e1c4dbfb2dd5063d999bdb","benchmarks/stage5/documentation_fix_release_20261001/fastphylosig_0.3.0.tar.gz","909b7ad27485dcc2d96a7bb1fc70b65b54e93245d75761aca406b9c52f06cbff","1.0.4",0.0151329040527344,-0.287965633247612,"Sys.time",1,TRUE,"ok","fast_result",TRUE,,"trait;D_fast;Pval1_fast;Pval0_fast;P_random;P_Brownian;MCSE_P_random;MCSE_P_Brownian;nsim_requested;nsim_successful_random;nsim_successful_brownian;nsim_failed_random;nsim_failed_brownian;observed;mean_random;mean_brownian;n_species;n_removed_na;matched_species;removed_tree_tips;removed_data_rows;status;note;message;estimate;p_random;p_brownian;p_mcse_random;p_mcse_brownian;MCSE_random;MCSE_Brownian;mcse_random;mcse_brownian;n_sim_requested;n_sim_successful_random;n_sim_successful_brownian;method","",,,199,199,199,,,,,,,,,
"20261002T011636Z","full","Delta_strong_n0100_r05","fastphylosig","Delta","Borges2019 delta() [pinned source]","strong",0.95,100,5,100,100,0,,,,,20360951,30265901,30265902,30265903,20391602,"fastphylosig",1,FALSE,,10000,10,100,0.1,0.5,2,"LSE","ARD","0.1","0.5","10000","10","100","LSE","ARD","fast","1",20000,20000,20000,TRUE,TRUE,"c21cb1069f23283b8d8e7c79ea10ce3c9df5e64d6f780494d3bc227337d03bd1","c2313985835328b10d4063fff1086f3f3eb9a283e86f8a5df068e094bfa57a12","ab90530a1510d991891036b32fcf10a9d75b58bc893402ed7b77ed9f717c8a59","e052fb5c288e5888d18147184658aee8d5ca5dd2cf35d978af3567566ec4cb15","3365756fe14ec260dc6c58560b06b75084db324329ce2505407fbbc95057852e","0.3.0","isolated_release_library/fastphylosig","d951ecee19c06f3a144ad76c5039302078747585bb3bf829e6f12db15f54775d","isolated_release_library/fastphylosig/libs/<platform>/fastphylosig","c46a5834babd455b546bc65c6549c42ba51e6b47f3c9f222919b7118a5af3280","1bd40080f1ea537b3c73c838dc98ff84940f1064f4e1c4dbfb2dd5063d999bdb","benchmarks/stage5/documentation_fix_release_20261001/fastphylosig_0.3.0.tar.gz","909b7ad27485dcc2d96a7bb1fc70b65b54e93245d75761aca406b9c52f06cbff","Borges2019-source-sha256:0dc1e987c13f0e972b0e7c3b4829b4d0fdc41ff0de3856bae4803f9ce0115175",0.0445690155029297,4.81080449672291,"Sys.time",1,TRUE,"ok","fast_result",TRUE,,"trait;Delta_fast;alpha_mean;beta_mean;n_saved;n_saved_requested;n_saved_successful;alpha_sd;beta_sd;ESS_alpha;ESS_beta;split_Rhat_alpha;split_Rhat_beta;Rhat_alpha;Rhat_beta;alpha_beta_cov;MCSE_Delta;diagnostics_available;diagnostics_note;requested_simulations;successful_simulations;requested_iterations;successful_iterations;requested_permutations;successful_permutations;n_states;n_species;n_removed_na;matched_species;removed_tree_tips;removed_data_rows;status;note;message;estimate;p_value;p_mcse;estimate_mcse;ess_alpha;ess_beta;rhat_alpha;rhat_beta;ESS;ess;Rhat;rhat;n_sim_requested;n_sim_successful;n_iter_requested;n_iter_successful;method","",,3,,,,20000,20000,"TRUE","Diagnostics computed from saved alpha/beta MCMC traces.",1287.68866670028,1292.21352087872,1.00033485917809,0.999849295519878,0.0167986013497136
"20261002T011636Z","full","Delta_strong_n0100_r05","reference","Delta","Borges2019 delta() [pinned source]","strong",0.95,100,5,100,100,0,100,100,,100,20360951,30265901,30265902,30265903,20391603,"fastphylosig",2,FALSE,,10000,10,100,0.1,0.5,2,"LSE","ARD",,,,,,,,,,,,,,,"c21cb1069f23283b8d8e7c79ea10ce3c9df5e64d6f780494d3bc227337d03bd1","c2313985835328b10d4063fff1086f3f3eb9a283e86f8a5df068e094bfa57a12","ab90530a1510d991891036b32fcf10a9d75b58bc893402ed7b77ed9f717c8a59","e052fb5c288e5888d18147184658aee8d5ca5dd2cf35d978af3567566ec4cb15","3365756fe14ec260dc6c58560b06b75084db324329ce2505407fbbc95057852e","0.3.0","isolated_release_library/fastphylosig","d951ecee19c06f3a144ad76c5039302078747585bb3bf829e6f12db15f54775d","isolated_release_library/fastphylosig/libs/<platform>/fastphylosig","c46a5834babd455b546bc65c6549c42ba51e6b47f3c9f222919b7118a5af3280","1bd40080f1ea537b3c73c838dc98ff84940f1064f4e1c4dbfb2dd5063d999bdb","benchmarks/stage5/documentation_fix_release_20261001/fastphylosig_0.3.0.tar.gz","909b7ad27485dcc2d96a7bb1fc70b65b54e93245d75761aca406b9c52f06cbff","Borges2019-source-sha256:0dc1e987c13f0e972b0e7c3b4829b4d0fdc41ff0de3856bae4803f9ce0115175",1.32158088684082,4.77481645771244,"Sys.time",1,TRUE,"not_reported_by_reference","finite_reference_estimate_and_input_audit",TRUE,,"<numeric>","NaNs produced || Inf replaced by maximum positive value",,3,,,,,,,,,,,,
"20261002T011636Z","full","D_none_n0100_r06","fastphylosig","D","caper::phylo.d","none",0,100,6,100,100,0,,,,,20360961,30266901,30266902,30266903,20371602,"fastphylosig",1,TRUE,199,,,,,,,,,,,,,,,,,,,,,,,"453eea0a20f8c2e87f4cbbab153b98804b61c53a8c870904e0d51a0ffcb0cba4","730526b9f55e129c8b95fb52dedb77b4d4c878a6f993a3117c07b52ba416f995","afb6bfae1fcf1592377d65c239cbcf804595924260c7c4c3462aa63150b8db3a","1f1efe8cd03043d512944bb9b45220907a8e1886459a7c7dd6960c8ae70e8718","369334b1b685865d9efbc1f4c1ffb9d91b084df17590b60af3f313c5b31b2f83","0.3.0","isolated_release_library/fastphylosig","d951ecee19c06f3a144ad76c5039302078747585bb3bf829e6f12db15f54775d","isolated_release_library/fastphylosig/libs/<platform>/fastphylosig","c46a5834babd455b546bc65c6549c42ba51e6b47f3c9f222919b7118a5af3280","1bd40080f1ea537b3c73c838dc98ff84940f1064f4e1c4dbfb2dd5063d999bdb","benchmarks/stage5/documentation_fix_release_20261001/fastphylosig_0.3.0.tar.gz","909b7ad27485dcc2d96a7bb1fc70b65b54e93245d75761aca406b9c52f06cbff","1.0.4",0.0107378959655762,1.11788144553752,"Sys.time",1,TRUE,"ok","fast_result",TRUE,,"trait;D_fast;Pval1_fast;Pval0_fast;P_random;P_Brownian;MCSE_P_random;MCSE_P_Brownian;nsim_requested;nsim_successful_random;nsim_successful_brownian;nsim_failed_random;nsim_failed_brownian;observed;mean_random;mean_brownian;n_species;n_removed_na;matched_species;removed_tree_tips;removed_data_rows;status;note;message;estimate;p_random;p_brownian;p_mcse_random;p_mcse_brownian;MCSE_random;MCSE_Brownian;mcse_random;mcse_brownian;n_sim_requested;n_sim_successful_random;n_sim_successful_brownian;method","",,,199,199,199,,,,,,,,,
"20261002T011636Z","full","D_none_n0100_r06","reference","D","caper::phylo.d","none",0,100,6,100,100,0,100,100,100,100,20360961,30266901,30266902,30266903,20371603,"fastphylosig",2,TRUE,199,,,,,,,,,,,,,,,,,,,,,,,"453eea0a20f8c2e87f4cbbab153b98804b61c53a8c870904e0d51a0ffcb0cba4","730526b9f55e129c8b95fb52dedb77b4d4c878a6f993a3117c07b52ba416f995","afb6bfae1fcf1592377d65c239cbcf804595924260c7c4c3462aa63150b8db3a","1f1efe8cd03043d512944bb9b45220907a8e1886459a7c7dd6960c8ae70e8718","369334b1b685865d9efbc1f4c1ffb9d91b084df17590b60af3f313c5b31b2f83","0.3.0","isolated_release_library/fastphylosig","d951ecee19c06f3a144ad76c5039302078747585bb3bf829e6f12db15f54775d","isolated_release_library/fastphylosig/libs/<platform>/fastphylosig","c46a5834babd455b546bc65c6549c42ba51e6b47f3c9f222919b7118a5af3280","1bd40080f1ea537b3c73c838dc98ff84940f1064f4e1c4dbfb2dd5063d999bdb","benchmarks/stage5/documentation_fix_release_20261001/fastphylosig_0.3.0.tar.gz","909b7ad27485dcc2d96a7bb1fc70b65b54e93245d75761aca406b9c52f06cbff","1.0.4",0.0619759559631348,1.11829856007932,"Sys.time",1,TRUE,"not_reported_by_reference","finite_reference_estimate_and_input_audit",TRUE,,"DEstimate;Pval1;Pval0;Parameters;StatesTable;Permutations;NodalVals;binvar;data;nPermut;rnd.bias","",,2,,,,,,,,,,,,
"20261002T011636Z","full","Delta_none_n0100_r06","reference","Delta","Borges2019 delta() [pinned source]","none",0,100,6,100,100,0,100,100,,100,20360961,30266901,30266902,30266903,20371703,"reference",1,FALSE,,10000,10,100,0.1,0.5,2,"LSE","ARD",,,,,,,,,,,,,,,"453eea0a20f8c2e87f4cbbab153b98804b61c53a8c870904e0d51a0ffcb0cba4","730526b9f55e129c8b95fb52dedb77b4d4c878a6f993a3117c07b52ba416f995","afb6bfae1fcf1592377d65c239cbcf804595924260c7c4c3462aa63150b8db3a","65e454f088d6b00c35c56635b3c45647c484a601b7105eb602ea71fa184a0e67","938427c8d0a626062b1d5264dfe004e1ab7806f37945a6e01f0783f783d055db","0.3.0","isolated_release_library/fastphylosig","d951ecee19c06f3a144ad76c5039302078747585bb3bf829e6f12db15f54775d","isolated_release_library/fastphylosig/libs/<platform>/fastphylosig","c46a5834babd455b546bc65c6549c42ba51e6b47f3c9f222919b7118a5af3280","1bd40080f1ea537b3c73c838dc98ff84940f1064f4e1c4dbfb2dd5063d999bdb","benchmarks/stage5/documentation_fix_release_20261001/fastphylosig_0.3.0.tar.gz","909b7ad27485dcc2d96a7bb1fc70b65b54e93245d75761aca406b9c52f06cbff","Borges2019-source-sha256:0dc1e987c13f0e972b0e7c3b4829b4d0fdc41ff0de3856bae4803f9ce0115175",1.19166898727417,0.48416826523722,"Sys.time",1,TRUE,"not_reported_by_reference","finite_reference_estimate_and_input_audit",TRUE,,"<numeric>","imaginary parts discarded in coercion || model fit suspicious: gradients apparently non-finite",,3,,,,,,,,,,,,
"20261002T011636Z","full","Delta_none_n0100_r06","fastphylosig","Delta","Borges2019 delta() [pinned source]","none",0,100,6,100,100,0,,,,,20360961,30266901,30266902,30266903,20371702,"reference",2,FALSE,,10000,10,100,0.1,0.5,2,"LSE","ARD","0.1","0.5","10000","10","100","LSE","ARD","fast","1",20000,20000,20000,TRUE,TRUE,"453eea0a20f8c2e87f4cbbab153b98804b61c53a8c870904e0d51a0ffcb0cba4","730526b9f55e129c8b95fb52dedb77b4d4c878a6f993a3117c07b52ba416f995","afb6bfae1fcf1592377d65c239cbcf804595924260c7c4c3462aa63150b8db3a","65e454f088d6b00c35c56635b3c45647c484a601b7105eb602ea71fa184a0e67","938427c8d0a626062b1d5264dfe004e1ab7806f37945a6e01f0783f783d055db","0.3.0","isolated_release_library/fastphylosig","d951ecee19c06f3a144ad76c5039302078747585bb3bf829e6f12db15f54775d","isolated_release_library/fastphylosig/libs/<platform>/fastphylosig","c46a5834babd455b546bc65c6549c42ba51e6b47f3c9f222919b7118a5af3280","1bd40080f1ea537b3c73c838dc98ff84940f1064f4e1c4dbfb2dd5063d999bdb","benchmarks/stage5/documentation_fix_release_20261001/fastphylosig_0.3.0.tar.gz","909b7ad27485dcc2d96a7bb1fc70b65b54e93245d75761aca406b9c52f06cbff","Borges2019-source-sha256:0dc1e987c13f0e972b0e7c3b4829b4d0fdc41ff0de3856bae4803f9ce0115175",0.0386769771575928,0.49051450056424,"Sys.time",1,TRUE,"ok","fast_result",TRUE,,"trait;Delta_fast;alpha_mean;beta_mean;n_saved;n_saved_requested;n_saved_successful;alpha_sd;beta_sd;ESS_alpha;ESS_beta;split_Rhat_alpha;split_Rhat_beta;Rhat_alpha;Rhat_beta;alpha_beta_cov;MCSE_Delta;diagnostics_available;diagnostics_note;requested_simulations;successful_simulations;requested_iterations;successful_iterations;requested_permutations;successful_permutations;n_states;n_species;n_removed_na;matched_species;removed_tree_tips;removed_data_rows;status;note;message;estimate;p_value;p_mcse;estimate_mcse;ess_alpha;ess_beta;rhat_alpha;rhat_beta;ESS;ess;Rhat;rhat;n_sim_requested;n_sim_successful;n_iter_requested;n_iter_successful;method","",,3,,,,20000,20000,"TRUE","Diagnostics computed from saved alpha/beta MCMC traces.",1193.15347564787,1253.61556606848,0.999997007435378,0.999373067367445,0.00146941632613762
"20261002T011636Z","full","D_moderate_n0100_r06","reference","D","caper::phylo.d","moderate",0.5,100,6,100,100,0,100,100,100,100,20360961,30266901,30266902,30266903,20381603,"reference",1,TRUE,199,,,,,,,,,,,,,,,,,,,,,,,"453eea0a20f8c2e87f4cbbab153b98804b61c53a8c870904e0d51a0ffcb0cba4","730526b9f55e129c8b95fb52dedb77b4d4c878a6f993a3117c07b52ba416f995","afb6bfae1fcf1592377d65c239cbcf804595924260c7c4c3462aa63150b8db3a","fa07b1ecca87fc6ff6c86fd72c4ce18d3cd7a3998fedba0e2f893189c399a7fe","f1028d0498205affa3ab8d8e196a0d4efd15fe340863582faf0b939c057eb881","0.3.0","isolated_release_library/fastphylosig","d951ecee19c06f3a144ad76c5039302078747585bb3bf829e6f12db15f54775d","isolated_release_library/fastphylosig/libs/<platform>/fastphylosig","c46a5834babd455b546bc65c6549c42ba51e6b47f3c9f222919b7118a5af3280","1bd40080f1ea537b3c73c838dc98ff84940f1064f4e1c4dbfb2dd5063d999bdb","benchmarks/stage5/documentation_fix_release_20261001/fastphylosig_0.3.0.tar.gz","909b7ad27485dcc2d96a7bb1fc70b65b54e93245d75761aca406b9c52f06cbff","1.0.4",0.0610389709472656,0.540738572609105,"Sys.time",1,TRUE,"not_reported_by_reference","finite_reference_estimate_and_input_audit",TRUE,,"DEstimate;Pval1;Pval0;Parameters;StatesTable;Permutations;NodalVals;binvar;data;nPermut;rnd.bias","",,2,,,,,,,,,,,,
"20261002T011636Z","full","D_moderate_n0100_r06","fastphylosig","D","caper::phylo.d","moderate",0.5,100,6,100,100,0,,,,,20360961,30266901,30266902,30266903,20381602,"reference",2,TRUE,199,,,,,,,,,,,,,,,,,,,,,,,"453eea0a20f8c2e87f4cbbab153b98804b61c53a8c870904e0d51a0ffcb0cba4","730526b9f55e129c8b95fb52dedb77b4d4c878a6f993a3117c07b52ba416f995","afb6bfae1fcf1592377d65c239cbcf804595924260c7c4c3462aa63150b8db3a","fa07b1ecca87fc6ff6c86fd72c4ce18d3cd7a3998fedba0e2f893189c399a7fe","f1028d0498205affa3ab8d8e196a0d4efd15fe340863582faf0b939c057eb881","0.3.0","isolated_release_library/fastphylosig","d951ecee19c06f3a144ad76c5039302078747585bb3bf829e6f12db15f54775d","isolated_release_library/fastphylosig/libs/<platform>/fastphylosig","c46a5834babd455b546bc65c6549c42ba51e6b47f3c9f222919b7118a5af3280","1bd40080f1ea537b3c73c838dc98ff84940f1064f4e1c4dbfb2dd5063d999bdb","benchmarks/stage5/documentation_fix_release_20261001/fastphylosig_0.3.0.tar.gz","909b7ad27485dcc2d96a7bb1fc70b65b54e93245d75761aca406b9c52f06cbff","1.0.4",0.0104160308837891,0.524668859202245,"Sys.time",1,TRUE,"ok","fast_result",TRUE,,"trait;D_fast;Pval1_fast;Pval0_fast;P_random;P_Brownian;MCSE_P_random;MCSE_P_Brownian;nsim_requested;nsim_successful_random;nsim_successful_brownian;nsim_failed_random;nsim_failed_brownian;observed;mean_random;mean_brownian;n_species;n_removed_na;matched_species;removed_tree_tips;removed_data_rows;status;note;message;estimate;p_random;p_brownian;p_mcse_random;p_mcse_brownian;MCSE_random;MCSE_Brownian;mcse_random;mcse_brownian;n_sim_requested;n_sim_successful_random;n_sim_successful_brownian;method","",,,199,199,199,,,,,,,,,
"20261002T011636Z","full","Delta_moderate_n0100_r06","fastphylosig","Delta","Borges2019 delta() [pinned source]","moderate",0.5,100,6,100,100,0,,,,,20360961,30266901,30266902,30266903,20381702,"fastphylosig",1,FALSE,,10000,10,100,0.1,0.5,2,"LSE","ARD","0.1","0.5","10000","10","100","LSE","ARD","fast","1",20000,20000,20000,TRUE,TRUE,"453eea0a20f8c2e87f4cbbab153b98804b61c53a8c870904e0d51a0ffcb0cba4","730526b9f55e129c8b95fb52dedb77b4d4c878a6f993a3117c07b52ba416f995","afb6bfae1fcf1592377d65c239cbcf804595924260c7c4c3462aa63150b8db3a","0e3b2f498ca64b483e322d6a93ac2f42bbce1f07c33e5e94914fe33ea8538aea","7a2dc255154de43b99a949bfd29beb385dcbdbebc97e6883889f45697d845246","0.3.0","isolated_release_library/fastphylosig","d951ecee19c06f3a144ad76c5039302078747585bb3bf829e6f12db15f54775d","isolated_release_library/fastphylosig/libs/<platform>/fastphylosig","c46a5834babd455b546bc65c6549c42ba51e6b47f3c9f222919b7118a5af3280","1bd40080f1ea537b3c73c838dc98ff84940f1064f4e1c4dbfb2dd5063d999bdb","benchmarks/stage5/documentation_fix_release_20261001/fastphylosig_0.3.0.tar.gz","909b7ad27485dcc2d96a7bb1fc70b65b54e93245d75761aca406b9c52f06cbff","Borges2019-source-sha256:0dc1e987c13f0e972b0e7c3b4829b4d0fdc41ff0de3856bae4803f9ce0115175",0.0394048690795898,0.941172717873017,"Sys.time",1,TRUE,"ok","fast_result",TRUE,,"trait;Delta_fast;alpha_mean;beta_mean;n_saved;n_saved_requested;n_saved_successful;alpha_sd;beta_sd;ESS_alpha;ESS_beta;split_Rhat_alpha;split_Rhat_beta;Rhat_alpha;Rhat_beta;alpha_beta_cov;MCSE_Delta;diagnostics_available;diagnostics_note;requested_simulations;successful_simulations;requested_iterations;successful_iterations;requested_permutations;successful_permutations;n_states;n_species;n_removed_na;matched_species;removed_tree_tips;removed_data_rows;status;note;message;estimate;p_value;p_mcse;estimate_mcse;ess_alpha;ess_beta;rhat_alpha;rhat_beta;ESS;ess;Rhat;rhat;n_sim_requested;n_sim_successful;n_iter_requested;n_iter_successful;method","",,3,,,,20000,20000,"TRUE","Diagnostics computed from saved alpha/beta MCMC traces.",1074.16719918186,1040.80456160059,0.999157012301488,0.999133235601294,0.0020351704811299
"20261002T011636Z","full","Delta_moderate_n0100_r06","reference","Delta","Borges2019 delta() [pinned source]","moderate",0.5,100,6,100,100,0,100,100,,100,20360961,30266901,30266902,30266903,20381703,"fastphylosig",2,FALSE,,10000,10,100,0.1,0.5,2,"LSE","ARD",,,,,,,,,,,,,,,"453eea0a20f8c2e87f4cbbab153b98804b61c53a8c870904e0d51a0ffcb0cba4","730526b9f55e129c8b95fb52dedb77b4d4c878a6f993a3117c07b52ba416f995","afb6bfae1fcf1592377d65c239cbcf804595924260c7c4c3462aa63150b8db3a","0e3b2f498ca64b483e322d6a93ac2f42bbce1f07c33e5e94914fe33ea8538aea","7a2dc255154de43b99a949bfd29beb385dcbdbebc97e6883889f45697d845246","0.3.0","isolated_release_library/fastphylosig","d951ecee19c06f3a144ad76c5039302078747585bb3bf829e6f12db15f54775d","isolated_release_library/fastphylosig/libs/<platform>/fastphylosig","c46a5834babd455b546bc65c6549c42ba51e6b47f3c9f222919b7118a5af3280","1bd40080f1ea537b3c73c838dc98ff84940f1064f4e1c4dbfb2dd5063d999bdb","benchmarks/stage5/documentation_fix_release_20261001/fastphylosig_0.3.0.tar.gz","909b7ad27485dcc2d96a7bb1fc70b65b54e93245d75761aca406b9c52f06cbff","Borges2019-source-sha256:0dc1e987c13f0e972b0e7c3b4829b4d0fdc41ff0de3856bae4803f9ce0115175",1.20910787582397,0.949481356082114,"Sys.time",1,TRUE,"not_reported_by_reference","finite_reference_estimate_and_input_audit",TRUE,,"<numeric>","NaNs produced || Inf replaced by maximum positive value",,3,,,,,,,,,,,,
"20261002T011636Z","full","D_strong_n0100_r06","fastphylosig","D","caper::phylo.d","strong",0.95,100,6,100,100,0,,,,,20360961,30266901,30266902,30266903,20391602,"fastphylosig",1,TRUE,199,,,,,,,,,,,,,,,,,,,,,,,"453eea0a20f8c2e87f4cbbab153b98804b61c53a8c870904e0d51a0ffcb0cba4","730526b9f55e129c8b95fb52dedb77b4d4c878a6f993a3117c07b52ba416f995","afb6bfae1fcf1592377d65c239cbcf804595924260c7c4c3462aa63150b8db3a","0338760aba1f2669e4d0b1d86bb83a1b0066474f2f03cab1f7197d953ac190b4","3d63bc4cdf243bfb613d7f140c8e82a32ec170546cb569ab1a6df7314a615705","0.3.0","isolated_release_library/fastphylosig","d951ecee19c06f3a144ad76c5039302078747585bb3bf829e6f12db15f54775d","isolated_release_library/fastphylosig/libs/<platform>/fastphylosig","c46a5834babd455b546bc65c6549c42ba51e6b47f3c9f222919b7118a5af3280","1bd40080f1ea537b3c73c838dc98ff84940f1064f4e1c4dbfb2dd5063d999bdb","benchmarks/stage5/documentation_fix_release_20261001/fastphylosig_0.3.0.tar.gz","909b7ad27485dcc2d96a7bb1fc70b65b54e93245d75761aca406b9c52f06cbff","1.0.4",0.0110111236572266,-0.150662450853241,"Sys.time",1,TRUE,"ok","fast_result",TRUE,,"trait;D_fast;Pval1_fast;Pval0_fast;P_random;P_Brownian;MCSE_P_random;MCSE_P_Brownian;nsim_requested;nsim_successful_random;nsim_successful_brownian;nsim_failed_random;nsim_failed_brownian;observed;mean_random;mean_brownian;n_species;n_removed_na;matched_species;removed_tree_tips;removed_data_rows;status;note;message;estimate;p_random;p_brownian;p_mcse_random;p_mcse_brownian;MCSE_random;MCSE_Brownian;mcse_random;mcse_brownian;n_sim_requested;n_sim_successful_random;n_sim_successful_brownian;method","",,,199,199,199,,,,,,,,,
"20261002T011636Z","full","D_strong_n0100_r06","reference","D","caper::phylo.d","strong",0.95,100,6,100,100,0,100,100,100,100,20360961,30266901,30266902,30266903,20391603,"fastphylosig",2,TRUE,199,,,,,,,,,,,,,,,,,,,,,,,"453eea0a20f8c2e87f4cbbab153b98804b61c53a8c870904e0d51a0ffcb0cba4","730526b9f55e129c8b95fb52dedb77b4d4c878a6f993a3117c07b52ba416f995","afb6bfae1fcf1592377d65c239cbcf804595924260c7c4c3462aa63150b8db3a","0338760aba1f2669e4d0b1d86bb83a1b0066474f2f03cab1f7197d953ac190b4","3d63bc4cdf243bfb613d7f140c8e82a32ec170546cb569ab1a6df7314a615705","0.3.0","isolated_release_library/fastphylosig","d951ecee19c06f3a144ad76c5039302078747585bb3bf829e6f12db15f54775d","isolated_release_library/fastphylosig/libs/<platform>/fastphylosig","c46a5834babd455b546bc65c6549c42ba51e6b47f3c9f222919b7118a5af3280","1bd40080f1ea537b3c73c838dc98ff84940f1064f4e1c4dbfb2dd5063d999bdb","benchmarks/stage5/documentation_fix_release_20261001/fastphylosig_0.3.0.tar.gz","909b7ad27485dcc2d96a7bb1fc70b65b54e93245d75761aca406b9c52f06cbff","1.0.4",0.0609569549560547,-0.166558391096825,"Sys.time",1,TRUE,"not_reported_by_reference","finite_reference_estimate_and_input_audit",TRUE,,"DEstimate;Pval1;Pval0;Parameters;StatesTable;Permutations;NodalVals;binvar;data;nPermut;rnd.bias","",,2,,,,,,,,,,,,
"20261002T011636Z","full","Delta_strong_n0100_r06","reference","Delta","Borges2019 delta() [pinned source]","strong",0.95,100,6,100,100,0,100,100,,100,20360961,30266901,30266902,30266903,20391703,"reference",1,FALSE,,10000,10,100,0.1,0.5,2,"LSE","ARD",,,,,,,,,,,,,,,"453eea0a20f8c2e87f4cbbab153b98804b61c53a8c870904e0d51a0ffcb0cba4","730526b9f55e129c8b95fb52dedb77b4d4c878a6f993a3117c07b52ba416f995","afb6bfae1fcf1592377d65c239cbcf804595924260c7c4c3462aa63150b8db3a","c84c239675d22b2f07595465784848d161f2d9d36099e5eb62c295f34e837c84","31d01989bdfe99826bd2e9e4267373290159236e6279e390a68e5041dd9f8c6e","0.3.0","isolated_release_library/fastphylosig","d951ecee19c06f3a144ad76c5039302078747585bb3bf829e6f12db15f54775d","isolated_release_library/fastphylosig/libs/<platform>/fastphylosig","c46a5834babd455b546bc65c6549c42ba51e6b47f3c9f222919b7118a5af3280","1bd40080f1ea537b3c73c838dc98ff84940f1064f4e1c4dbfb2dd5063d999bdb","benchmarks/stage5/documentation_fix_release_20261001/fastphylosig_0.3.0.tar.gz","909b7ad27485dcc2d96a7bb1fc70b65b54e93245d75761aca406b9c52f06cbff","Borges2019-source-sha256:0dc1e987c13f0e972b0e7c3b4829b4d0fdc41ff0de3856bae4803f9ce0115175",1.09792995452881,4.56070939885369,"Sys.time",1,TRUE,"not_reported_by_reference","finite_reference_estimate_and_input_audit",TRUE,,"<numeric>","NaNs produced || Inf replaced by maximum positive value",,3,,,,,,,,,,,,
"20261002T011636Z","full","Delta_strong_n0100_r06","fastphylosig","Delta","Borges2019 delta() [pinned source]","strong",0.95,100,6,100,100,0,,,,,20360961,30266901,30266902,30266903,20391702,"reference",2,FALSE,,10000,10,100,0.1,0.5,2,"LSE","ARD","0.1","0.5","10000","10","100","LSE","ARD","fast","1",20000,20000,20000,TRUE,TRUE,"453eea0a20f8c2e87f4cbbab153b98804b61c53a8c870904e0d51a0ffcb0cba4","730526b9f55e129c8b95fb52dedb77b4d4c878a6f993a3117c07b52ba416f995","afb6bfae1fcf1592377d65c239cbcf804595924260c7c4c3462aa63150b8db3a","c84c239675d22b2f07595465784848d161f2d9d36099e5eb62c295f34e837c84","31d01989bdfe99826bd2e9e4267373290159236e6279e390a68e5041dd9f8c6e","0.3.0","isolated_release_library/fastphylosig","d951ecee19c06f3a144ad76c5039302078747585bb3bf829e6f12db15f54775d","isolated_release_library/fastphylosig/libs/<platform>/fastphylosig","c46a5834babd455b546bc65c6549c42ba51e6b47f3c9f222919b7118a5af3280","1bd40080f1ea537b3c73c838dc98ff84940f1064f4e1c4dbfb2dd5063d999bdb","benchmarks/stage5/documentation_fix_release_20261001/fastphylosig_0.3.0.tar.gz","909b7ad27485dcc2d96a7bb1fc70b65b54e93245d75761aca406b9c52f06cbff","Borges2019-source-sha256:0dc1e987c13f0e972b0e7c3b4829b4d0fdc41ff0de3856bae4803f9ce0115175",0.0321600437164307,4.54540873513532,"Sys.time",1,TRUE,"ok","fast_result",TRUE,,"trait;Delta_fast;alpha_mean;beta_mean;n_saved;n_saved_requested;n_saved_successful;alpha_sd;beta_sd;ESS_alpha;ESS_beta;split_Rhat_alpha;split_Rhat_beta;Rhat_alpha;Rhat_beta;alpha_beta_cov;MCSE_Delta;diagnostics_available;diagnostics_note;requested_simulations;successful_simulations;requested_iterations;successful_iterations;requested_permutations;successful_permutations;n_states;n_species;n_removed_na;matched_species;removed_tree_tips;removed_data_rows;status;note;message;estimate;p_value;p_mcse;estimate_mcse;ess_alpha;ess_beta;rhat_alpha;rhat_beta;ESS;ess;Rhat;rhat;n_sim_requested;n_sim_successful;n_iter_requested;n_iter_successful;method","",,3,,,,20000,20000,"TRUE","Diagnostics computed from saved alpha/beta MCMC traces.",1291.43190523312,1229.88685464445,0.999613263752348,1.0003129506396,0.0156609912814618
"20261002T011636Z","full","D_none_n0100_r07","reference","D","caper::phylo.d","none",0,100,7,100,100,0,100,100,100,100,20360971,30267901,30267902,30267903,20371703,"reference",1,TRUE,199,,,,,,,,,,,,,,,,,,,,,,,"ace16007c49a5f54f76a26581c2b9bf9497af0e416a3020df9b67a4827293175","2b0f6453472c286300dde4e4f83a2d0c733ccc1d8e5555c0a8e3049df8f0e355","99b8d6f6669bd14e0842e6d213e50f66f902a35730efa6a4522e167798c2129e","7075ec57cddc67de543dff8b903423cc172da20dbc782f2c3410fc4f755fc253","38e75f60b043442ef9d4f619cbe84038e1c43aea03e3fd29a47417029c4a7c40","0.3.0","isolated_release_library/fastphylosig","d951ecee19c06f3a144ad76c5039302078747585bb3bf829e6f12db15f54775d","isolated_release_library/fastphylosig/libs/<platform>/fastphylosig","c46a5834babd455b546bc65c6549c42ba51e6b47f3c9f222919b7118a5af3280","1bd40080f1ea537b3c73c838dc98ff84940f1064f4e1c4dbfb2dd5063d999bdb","benchmarks/stage5/documentation_fix_release_20261001/fastphylosig_0.3.0.tar.gz","909b7ad27485dcc2d96a7bb1fc70b65b54e93245d75761aca406b9c52f06cbff","1.0.4",0.0590848922729492,0.931657881915727,"Sys.time",1,TRUE,"not_reported_by_reference","finite_reference_estimate_and_input_audit",TRUE,,"DEstimate;Pval1;Pval0;Parameters;StatesTable;Permutations;NodalVals;binvar;data;nPermut;rnd.bias","",,2,,,,,,,,,,,,
"20261002T011636Z","full","D_none_n0100_r07","fastphylosig","D","caper::phylo.d","none",0,100,7,100,100,0,,,,,20360971,30267901,30267902,30267903,20371702,"reference",2,TRUE,199,,,,,,,,,,,,,,,,,,,,,,,"ace16007c49a5f54f76a26581c2b9bf9497af0e416a3020df9b67a4827293175","2b0f6453472c286300dde4e4f83a2d0c733ccc1d8e5555c0a8e3049df8f0e355","99b8d6f6669bd14e0842e6d213e50f66f902a35730efa6a4522e167798c2129e","7075ec57cddc67de543dff8b903423cc172da20dbc782f2c3410fc4f755fc253","38e75f60b043442ef9d4f619cbe84038e1c43aea03e3fd29a47417029c4a7c40","0.3.0","isolated_release_library/fastphylosig","d951ecee19c06f3a144ad76c5039302078747585bb3bf829e6f12db15f54775d","isolated_release_library/fastphylosig/libs/<platform>/fastphylosig","c46a5834babd455b546bc65c6549c42ba51e6b47f3c9f222919b7118a5af3280","1bd40080f1ea537b3c73c838dc98ff84940f1064f4e1c4dbfb2dd5063d999bdb","benchmarks/stage5/documentation_fix_release_20261001/fastphylosig_0.3.0.tar.gz","909b7ad27485dcc2d96a7bb1fc70b65b54e93245d75761aca406b9c52f06cbff","1.0.4",0.00987792015075684,0.926085768060683,"Sys.time",1,TRUE,"ok","fast_result",TRUE,,"trait;D_fast;Pval1_fast;Pval0_fast;P_random;P_Brownian;MCSE_P_random;MCSE_P_Brownian;nsim_requested;nsim_successful_random;nsim_successful_brownian;nsim_failed_random;nsim_failed_brownian;observed;mean_random;mean_brownian;n_species;n_removed_na;matched_species;removed_tree_tips;removed_data_rows;status;note;message;estimate;p_random;p_brownian;p_mcse_random;p_mcse_brownian;MCSE_random;MCSE_Brownian;mcse_random;mcse_brownian;n_sim_requested;n_sim_successful_random;n_sim_successful_brownian;method","",,,199,199,199,,,,,,,,,
"20261002T011636Z","full","Delta_none_n0100_r07","fastphylosig","Delta","Borges2019 delta() [pinned source]","none",0,100,7,100,100,0,,,,,20360971,30267901,30267902,30267903,20371802,"fastphylosig",1,FALSE,,10000,10,100,0.1,0.5,2,"LSE","ARD","0.1","0.5","10000","10","100","LSE","ARD","fast","1",20000,20000,20000,TRUE,TRUE,"ace16007c49a5f54f76a26581c2b9bf9497af0e416a3020df9b67a4827293175","2b0f6453472c286300dde4e4f83a2d0c733ccc1d8e5555c0a8e3049df8f0e355","99b8d6f6669bd14e0842e6d213e50f66f902a35730efa6a4522e167798c2129e","5e2dd9199a9c3576a348852d85e932f317428ac68e702e51729b319b96f882a0","95846584579344c153145cbb913877835d7591c8820403f7b6aceadde58ae0a6","0.3.0","isolated_release_library/fastphylosig","d951ecee19c06f3a144ad76c5039302078747585bb3bf829e6f12db15f54775d","isolated_release_library/fastphylosig/libs/<platform>/fastphylosig","c46a5834babd455b546bc65c6549c42ba51e6b47f3c9f222919b7118a5af3280","1bd40080f1ea537b3c73c838dc98ff84940f1064f4e1c4dbfb2dd5063d999bdb","benchmarks/stage5/documentation_fix_release_20261001/fastphylosig_0.3.0.tar.gz","909b7ad27485dcc2d96a7bb1fc70b65b54e93245d75761aca406b9c52f06cbff","Borges2019-source-sha256:0dc1e987c13f0e972b0e7c3b4829b4d0fdc41ff0de3856bae4803f9ce0115175",0.0392239093780518,0.425195050725237,"Sys.time",1,TRUE,"ok","fast_result",TRUE,,"trait;Delta_fast;alpha_mean;beta_mean;n_saved;n_saved_requested;n_saved_successful;alpha_sd;beta_sd;ESS_alpha;ESS_beta;split_Rhat_alpha;split_Rhat_beta;Rhat_alpha;Rhat_beta;alpha_beta_cov;MCSE_Delta;diagnostics_available;diagnostics_note;requested_simulations;successful_simulations;requested_iterations;successful_iterations;requested_permutations;successful_permutations;n_states;n_species;n_removed_na;matched_species;removed_tree_tips;removed_data_rows;status;note;message;estimate;p_value;p_mcse;estimate_mcse;ess_alpha;ess_beta;rhat_alpha;rhat_beta;ESS;ess;Rhat;rhat;n_sim_requested;n_sim_successful;n_iter_requested;n_iter_successful;method","",,3,,,,20000,20000,"TRUE","Diagnostics computed from saved alpha/beta MCMC traces.",903.808220283769,899.978286252432,1.00108222967653,0.999970748059151,0.00105212978950902
"20261002T011636Z","full","Delta_none_n0100_r07","reference","Delta","Borges2019 delta() [pinned source]","none",0,100,7,100,100,0,100,100,,100,20360971,30267901,30267902,30267903,20371803,"fastphylosig",2,FALSE,,10000,10,100,0.1,0.5,2,"LSE","ARD",,,,,,,,,,,,,,,"ace16007c49a5f54f76a26581c2b9bf9497af0e416a3020df9b67a4827293175","2b0f6453472c286300dde4e4f83a2d0c733ccc1d8e5555c0a8e3049df8f0e355","99b8d6f6669bd14e0842e6d213e50f66f902a35730efa6a4522e167798c2129e","5e2dd9199a9c3576a348852d85e932f317428ac68e702e51729b319b96f882a0","95846584579344c153145cbb913877835d7591c8820403f7b6aceadde58ae0a6","0.3.0","isolated_release_library/fastphylosig","d951ecee19c06f3a144ad76c5039302078747585bb3bf829e6f12db15f54775d","isolated_release_library/fastphylosig/libs/<platform>/fastphylosig","c46a5834babd455b546bc65c6549c42ba51e6b47f3c9f222919b7118a5af3280","1bd40080f1ea537b3c73c838dc98ff84940f1064f4e1c4dbfb2dd5063d999bdb","benchmarks/stage5/documentation_fix_release_20261001/fastphylosig_0.3.0.tar.gz","909b7ad27485dcc2d96a7bb1fc70b65b54e93245d75761aca406b9c52f06cbff","Borges2019-source-sha256:0dc1e987c13f0e972b0e7c3b4829b4d0fdc41ff0de3856bae4803f9ce0115175",1.21774411201477,0.428237772837551,"Sys.time",1,TRUE,"not_reported_by_reference","finite_reference_estimate_and_input_audit",TRUE,,"<numeric>","NaNs produced",,3,,,,,,,,,,,,
"20261002T011636Z","full","D_moderate_n0100_r07","fastphylosig","D","caper::phylo.d","moderate",0.5,100,7,100,100,0,,,,,20360971,30267901,30267902,30267903,20381702,"fastphylosig",1,TRUE,199,,,,,,,,,,,,,,,,,,,,,,,"ace16007c49a5f54f76a26581c2b9bf9497af0e416a3020df9b67a4827293175","2b0f6453472c286300dde4e4f83a2d0c733ccc1d8e5555c0a8e3049df8f0e355","99b8d6f6669bd14e0842e6d213e50f66f902a35730efa6a4522e167798c2129e","63156511ff4d822c1836aea14dcea81c38453ffcfe8eba7c1fbcf815183e5cd1","64e4d39bf8a600a277e48b45d7204bf140977691c3b55cd361e87bcb2637f336","0.3.0","isolated_release_library/fastphylosig","d951ecee19c06f3a144ad76c5039302078747585bb3bf829e6f12db15f54775d","isolated_release_library/fastphylosig/libs/<platform>/fastphylosig","c46a5834babd455b546bc65c6549c42ba51e6b47f3c9f222919b7118a5af3280","1bd40080f1ea537b3c73c838dc98ff84940f1064f4e1c4dbfb2dd5063d999bdb","benchmarks/stage5/documentation_fix_release_20261001/fastphylosig_0.3.0.tar.gz","909b7ad27485dcc2d96a7bb1fc70b65b54e93245d75761aca406b9c52f06cbff","1.0.4",0.0102829933166504,0.378474805821925,"Sys.time",1,TRUE,"ok","fast_result",TRUE,,"trait;D_fast;Pval1_fast;Pval0_fast;P_random;P_Brownian;MCSE_P_random;MCSE_P_Brownian;nsim_requested;nsim_successful_random;nsim_successful_brownian;nsim_failed_random;nsim_failed_brownian;observed;mean_random;mean_brownian;n_species;n_removed_na;matched_species;removed_tree_tips;removed_data_rows;status;note;message;estimate;p_random;p_brownian;p_mcse_random;p_mcse_brownian;MCSE_random;MCSE_Brownian;mcse_random;mcse_brownian;n_sim_requested;n_sim_successful_random;n_sim_successful_brownian;method","",,,199,199,199,,,,,,,,,
"20261002T011636Z","full","D_moderate_n0100_r07","reference","D","caper::phylo.d","moderate",0.5,100,7,100,100,0,100,100,100,100,20360971,30267901,30267902,30267903,20381703,"fastphylosig",2,TRUE,199,,,,,,,,,,,,,,,,,,,,,,,"ace16007c49a5f54f76a26581c2b9bf9497af0e416a3020df9b67a4827293175","2b0f6453472c286300dde4e4f83a2d0c733ccc1d8e5555c0a8e3049df8f0e355","99b8d6f6669bd14e0842e6d213e50f66f902a35730efa6a4522e167798c2129e","63156511ff4d822c1836aea14dcea81c38453ffcfe8eba7c1fbcf815183e5cd1","64e4d39bf8a600a277e48b45d7204bf140977691c3b55cd361e87bcb2637f336","0.3.0","isolated_release_library/fastphylosig","d951ecee19c06f3a144ad76c5039302078747585bb3bf829e6f12db15f54775d","isolated_release_library/fastphylosig/libs/<platform>/fastphylosig","c46a5834babd455b546bc65c6549c42ba51e6b47f3c9f222919b7118a5af3280","1bd40080f1ea537b3c73c838dc98ff84940f1064f4e1c4dbfb2dd5063d999bdb","benchmarks/stage5/documentation_fix_release_20261001/fastphylosig_0.3.0.tar.gz","909b7ad27485dcc2d96a7bb1fc70b65b54e93245d75761aca406b9c52f06cbff","1.0.4",0.0597560405731201,0.392857223502478,"Sys.time",1,TRUE,"not_reported_by_reference","finite_reference_estimate_and_input_audit",TRUE,,"DEstimate;Pval1;Pval0;Parameters;StatesTable;Permutations;NodalVals;binvar;data;nPermut;rnd.bias","",,2,,,,,,,,,,,,
"20261002T011636Z","full","Delta_moderate_n0100_r07","reference","Delta","Borges2019 delta() [pinned source]","moderate",0.5,100,7,100,100,0,100,100,,100,20360971,30267901,30267902,30267903,20381803,"reference",1,FALSE,,10000,10,100,0.1,0.5,2,"LSE","ARD",,,,,,,,,,,,,,,"ace16007c49a5f54f76a26581c2b9bf9497af0e416a3020df9b67a4827293175","2b0f6453472c286300dde4e4f83a2d0c733ccc1d8e5555c0a8e3049df8f0e355","99b8d6f6669bd14e0842e6d213e50f66f902a35730efa6a4522e167798c2129e","8cc8e4ff60864425756cea1df99f5257d64284be7a403b1effed1046cdacf021","4714b44cd3c780bef456b7e5cfb1c9374b29e4bd1316d4eb12596b4870eeed8c","0.3.0","isolated_release_library/fastphylosig","d951ecee19c06f3a144ad76c5039302078747585bb3bf829e6f12db15f54775d","isolated_release_library/fastphylosig/libs/<platform>/fastphylosig","c46a5834babd455b546bc65c6549c42ba51e6b47f3c9f222919b7118a5af3280","1bd40080f1ea537b3c73c838dc98ff84940f1064f4e1c4dbfb2dd5063d999bdb","benchmarks/stage5/documentation_fix_release_20261001/fastphylosig_0.3.0.tar.gz","909b7ad27485dcc2d96a7bb1fc70b65b54e93245d75761aca406b9c52f06cbff","Borges2019-source-sha256:0dc1e987c13f0e972b0e7c3b4829b4d0fdc41ff0de3856bae4803f9ce0115175",1.13859415054321,0.996077780780295,"Sys.time",1,TRUE,"not_reported_by_reference","finite_reference_estimate_and_input_audit",TRUE,,"<numeric>","",,3,,,,,,,,,,,,
"20261002T011636Z","full","Delta_moderate_n0100_r07","fastphylosig","Delta","Borges2019 delta() [pinned source]","moderate",0.5,100,7,100,100,0,,,,,20360971,30267901,30267902,30267903,20381802,"reference",2,FALSE,,10000,10,100,0.1,0.5,2,"LSE","ARD","0.1","0.5","10000","10","100","LSE","ARD","fast","1",20000,20000,20000,TRUE,TRUE,"ace16007c49a5f54f76a26581c2b9bf9497af0e416a3020df9b67a4827293175","2b0f6453472c286300dde4e4f83a2d0c733ccc1d8e5555c0a8e3049df8f0e355","99b8d6f6669bd14e0842e6d213e50f66f902a35730efa6a4522e167798c2129e","8cc8e4ff60864425756cea1df99f5257d64284be7a403b1effed1046cdacf021","4714b44cd3c780bef456b7e5cfb1c9374b29e4bd1316d4eb12596b4870eeed8c","0.3.0","isolated_release_library/fastphylosig","d951ecee19c06f3a144ad76c5039302078747585bb3bf829e6f12db15f54775d","isolated_release_library/fastphylosig/libs/<platform>/fastphylosig","c46a5834babd455b546bc65c6549c42ba51e6b47f3c9f222919b7118a5af3280","1bd40080f1ea537b3c73c838dc98ff84940f1064f4e1c4dbfb2dd5063d999bdb","benchmarks/stage5/documentation_fix_release_20261001/fastphylosig_0.3.0.tar.gz","909b7ad27485dcc2d96a7bb1fc70b65b54e93245d75761aca406b9c52f06cbff","Borges2019-source-sha256:0dc1e987c13f0e972b0e7c3b4829b4d0fdc41ff0de3856bae4803f9ce0115175",0.0354728698730469,0.987129336373613,"Sys.time",1,TRUE,"ok","fast_result",TRUE,,"trait;Delta_fast;alpha_mean;beta_mean;n_saved;n_saved_requested;n_saved_successful;alpha_sd;beta_sd;ESS_alpha;ESS_beta;split_Rhat_alpha;split_Rhat_beta;Rhat_alpha;Rhat_beta;alpha_beta_cov;MCSE_Delta;diagnostics_available;diagnostics_note;requested_simulations;successful_simulations;requested_iterations;successful_iterations;requested_permutations;successful_permutations;n_states;n_species;n_removed_na;matched_species;removed_tree_tips;removed_data_rows;status;note;message;estimate;p_value;p_mcse;estimate_mcse;ess_alpha;ess_beta;rhat_alpha;rhat_beta;ESS;ess;Rhat;rhat;n_sim_requested;n_sim_successful;n_iter_requested;n_iter_successful;method","",,3,,,,20000,20000,"TRUE","Diagnostics computed from saved alpha/beta MCMC traces.",1034.15901685249,969.154766916322,1.00312467796963,1.00616363656501,0.00245551554459158
"20261002T011636Z","full","D_strong_n0100_r07","reference","D","caper::phylo.d","strong",0.95,100,7,100,100,0,100,100,100,100,20360971,30267901,30267902,30267903,20391703,"reference",1,TRUE,199,,,,,,,,,,,,,,,,,,,,,,,"ace16007c49a5f54f76a26581c2b9bf9497af0e416a3020df9b67a4827293175","2b0f6453472c286300dde4e4f83a2d0c733ccc1d8e5555c0a8e3049df8f0e355","99b8d6f6669bd14e0842e6d213e50f66f902a35730efa6a4522e167798c2129e","d7ace472ce99226984f1e8c445d486128d52a7b7fedb1cbfeade392c1c9f8af5","e30277106b219597f2c16fb8c4cc785371dae01aaa49bfcf579b23c2790e2d71","0.3.0","isolated_release_library/fastphylosig","d951ecee19c06f3a144ad76c5039302078747585bb3bf829e6f12db15f54775d","isolated_release_library/fastphylosig/libs/<platform>/fastphylosig","c46a5834babd455b546bc65c6549c42ba51e6b47f3c9f222919b7118a5af3280","1bd40080f1ea537b3c73c838dc98ff84940f1064f4e1c4dbfb2dd5063d999bdb","benchmarks/stage5/documentation_fix_release_20261001/fastphylosig_0.3.0.tar.gz","909b7ad27485dcc2d96a7bb1fc70b65b54e93245d75761aca406b9c52f06cbff","1.0.4",0.0617339611053467,-0.0938196494905032,"Sys.time",1,TRUE,"not_reported_by_reference","finite_reference_estimate_and_input_audit",TRUE,,"DEstimate;Pval1;Pval0;Parameters;StatesTable;Permutations;NodalVals;binvar;data;nPermut;rnd.bias","",,2,,,,,,,,,,,,
"20261002T011636Z","full","D_strong_n0100_r07","fastphylosig","D","caper::phylo.d","strong",0.95,100,7,100,100,0,,,,,20360971,30267901,30267902,30267903,20391702,"reference",2,TRUE,199,,,,,,,,,,,,,,,,,,,,,,,"ace16007c49a5f54f76a26581c2b9bf9497af0e416a3020df9b67a4827293175","2b0f6453472c286300dde4e4f83a2d0c733ccc1d8e5555c0a8e3049df8f0e355","99b8d6f6669bd14e0842e6d213e50f66f902a35730efa6a4522e167798c2129e","d7ace472ce99226984f1e8c445d486128d52a7b7fedb1cbfeade392c1c9f8af5","e30277106b219597f2c16fb8c4cc785371dae01aaa49bfcf579b23c2790e2d71","0.3.0","isolated_release_library/fastphylosig","d951ecee19c06f3a144ad76c5039302078747585bb3bf829e6f12db15f54775d","isolated_release_library/fastphylosig/libs/<platform>/fastphylosig","c46a5834babd455b546bc65c6549c42ba51e6b47f3c9f222919b7118a5af3280","1bd40080f1ea537b3c73c838dc98ff84940f1064f4e1c4dbfb2dd5063d999bdb","benchmarks/stage5/documentation_fix_release_20261001/fastphylosig_0.3.0.tar.gz","909b7ad27485dcc2d96a7bb1fc70b65b54e93245d75761aca406b9c52f06cbff","1.0.4",0.0105850696563721,-0.0737372755463636,"Sys.time",1,TRUE,"ok","fast_result",TRUE,,"trait;D_fast;Pval1_fast;Pval0_fast;P_random;P_Brownian;MCSE_P_random;MCSE_P_Brownian;nsim_requested;nsim_successful_random;nsim_successful_brownian;nsim_failed_random;nsim_failed_brownian;observed;mean_random;mean_brownian;n_species;n_removed_na;matched_species;removed_tree_tips;removed_data_rows;status;note;message;estimate;p_random;p_brownian;p_mcse_random;p_mcse_brownian;MCSE_random;MCSE_Brownian;mcse_random;mcse_brownian;n_sim_requested;n_sim_successful_random;n_sim_successful_brownian;method","",,,199,199,199,,,,,,,,,
"20261002T011636Z","full","Delta_strong_n0100_r07","fastphylosig","Delta","Borges2019 delta() [pinned source]","strong",0.95,100,7,100,100,0,,,,,20360971,30267901,30267902,30267903,20391802,"fastphylosig",1,FALSE,,10000,10,100,0.1,0.5,2,"LSE","ARD","0.1","0.5","10000","10","100","LSE","ARD","fast","1",20000,20000,20000,TRUE,TRUE,"ace16007c49a5f54f76a26581c2b9bf9497af0e416a3020df9b67a4827293175","2b0f6453472c286300dde4e4f83a2d0c733ccc1d8e5555c0a8e3049df8f0e355","99b8d6f6669bd14e0842e6d213e50f66f902a35730efa6a4522e167798c2129e","609ff1f07a88e0c4f7f311151ddb94399776c0ea1a19128b2065670462186e49","f12452f4c6e1e540402c55b3f8ed5203d2045cff57be46d52f421c74efbf204d","0.3.0","isolated_release_library/fastphylosig","d951ecee19c06f3a144ad76c5039302078747585bb3bf829e6f12db15f54775d","isolated_release_library/fastphylosig/libs/<platform>/fastphylosig","c46a5834babd455b546bc65c6549c42ba51e6b47f3c9f222919b7118a5af3280","1bd40080f1ea537b3c73c838dc98ff84940f1064f4e1c4dbfb2dd5063d999bdb","benchmarks/stage5/documentation_fix_release_20261001/fastphylosig_0.3.0.tar.gz","909b7ad27485dcc2d96a7bb1fc70b65b54e93245d75761aca406b9c52f06cbff","Borges2019-source-sha256:0dc1e987c13f0e972b0e7c3b4829b4d0fdc41ff0de3856bae4803f9ce0115175",0.0369510650634766,4.08376693414971,"Sys.time",1,TRUE,"ok","fast_result",TRUE,,"trait;Delta_fast;alpha_mean;beta_mean;n_saved;n_saved_requested;n_saved_successful;alpha_sd;beta_sd;ESS_alpha;ESS_beta;split_Rhat_alpha;split_Rhat_beta;Rhat_alpha;Rhat_beta;alpha_beta_cov;MCSE_Delta;diagnostics_available;diagnostics_note;requested_simulations;successful_simulations;requested_iterations;successful_iterations;requested_permutations;successful_permutations;n_states;n_species;n_removed_na;matched_species;removed_tree_tips;removed_data_rows;status;note;message;estimate;p_value;p_mcse;estimate_mcse;ess_alpha;ess_beta;rhat_alpha;rhat_beta;ESS;ess;Rhat;rhat;n_sim_requested;n_sim_successful;n_iter_requested;n_iter_successful;method","",,3,,,,20000,20000,"TRUE","Diagnostics computed from saved alpha/beta MCMC traces.",1065.31336770359,1101.98221408693,1.00030344139904,0.999874184568098,0.0120331564347815
"20261002T011636Z","full","Delta_strong_n0100_r07","reference","Delta","Borges2019 delta() [pinned source]","strong",0.95,100,7,100,100,0,100,100,,100,20360971,30267901,30267902,30267903,20391803,"fastphylosig",2,FALSE,,10000,10,100,0.1,0.5,2,"LSE","ARD",,,,,,,,,,,,,,,"ace16007c49a5f54f76a26581c2b9bf9497af0e416a3020df9b67a4827293175","2b0f6453472c286300dde4e4f83a2d0c733ccc1d8e5555c0a8e3049df8f0e355","99b8d6f6669bd14e0842e6d213e50f66f902a35730efa6a4522e167798c2129e","609ff1f07a88e0c4f7f311151ddb94399776c0ea1a19128b2065670462186e49","f12452f4c6e1e540402c55b3f8ed5203d2045cff57be46d52f421c74efbf204d","0.3.0","isolated_release_library/fastphylosig","d951ecee19c06f3a144ad76c5039302078747585bb3bf829e6f12db15f54775d","isolated_release_library/fastphylosig/libs/<platform>/fastphylosig","c46a5834babd455b546bc65c6549c42ba51e6b47f3c9f222919b7118a5af3280","1bd40080f1ea537b3c73c838dc98ff84940f1064f4e1c4dbfb2dd5063d999bdb","benchmarks/stage5/documentation_fix_release_20261001/fastphylosig_0.3.0.tar.gz","909b7ad27485dcc2d96a7bb1fc70b65b54e93245d75761aca406b9c52f06cbff","Borges2019-source-sha256:0dc1e987c13f0e972b0e7c3b4829b4d0fdc41ff0de3856bae4803f9ce0115175",1.21038889884949,4.09433755238911,"Sys.time",1,TRUE,"not_reported_by_reference","finite_reference_estimate_and_input_audit",TRUE,,"<numeric>","NaNs produced || Inf replaced by maximum positive value",,3,,,,,,,,,,,,
"20261002T011636Z","full","D_none_n0100_r08","fastphylosig","D","caper::phylo.d","none",0,100,8,100,100,0,,,,,20360981,30268901,30268902,30268903,20371802,"fastphylosig",1,TRUE,199,,,,,,,,,,,,,,,,,,,,,,,"f55f2b8300079f2252b8b7585d8bb31fa6983c0671ed859b655a569eec410b23","20830f904b7c3e01b4c19d52e81a4419d06953c141a9a8f9f1e9efa6617e42f0","77b9064eace855444e3e6114217883f126d03b5859d9068c6e2073307935dd67","feac04377c1fbae7c4a6e7d1ea70aba399dfd3a3fb942eafacc6dbec8ec8c087","56067d2ceb8d445960b40821afe92d19853128af85b72f6be8499d7cee0e4dbc","0.3.0","isolated_release_library/fastphylosig","d951ecee19c06f3a144ad76c5039302078747585bb3bf829e6f12db15f54775d","isolated_release_library/fastphylosig/libs/<platform>/fastphylosig","c46a5834babd455b546bc65c6549c42ba51e6b47f3c9f222919b7118a5af3280","1bd40080f1ea537b3c73c838dc98ff84940f1064f4e1c4dbfb2dd5063d999bdb","benchmarks/stage5/documentation_fix_release_20261001/fastphylosig_0.3.0.tar.gz","909b7ad27485dcc2d96a7bb1fc70b65b54e93245d75761aca406b9c52f06cbff","1.0.4",0.0114631652832031,1.13688162794766,"Sys.time",1,TRUE,"ok","fast_result",TRUE,,"trait;D_fast;Pval1_fast;Pval0_fast;P_random;P_Brownian;MCSE_P_random;MCSE_P_Brownian;nsim_requested;nsim_successful_random;nsim_successful_brownian;nsim_failed_random;nsim_failed_brownian;observed;mean_random;mean_brownian;n_species;n_removed_na;matched_species;removed_tree_tips;removed_data_rows;status;note;message;estimate;p_random;p_brownian;p_mcse_random;p_mcse_brownian;MCSE_random;MCSE_Brownian;mcse_random;mcse_brownian;n_sim_requested;n_sim_successful_random;n_sim_successful_brownian;method","",,,199,199,199,,,,,,,,,
"20261002T011636Z","full","D_none_n0100_r08","reference","D","caper::phylo.d","none",0,100,8,100,100,0,100,100,100,100,20360981,30268901,30268902,30268903,20371803,"fastphylosig",2,TRUE,199,,,,,,,,,,,,,,,,,,,,,,,"f55f2b8300079f2252b8b7585d8bb31fa6983c0671ed859b655a569eec410b23","20830f904b7c3e01b4c19d52e81a4419d06953c141a9a8f9f1e9efa6617e42f0","77b9064eace855444e3e6114217883f126d03b5859d9068c6e2073307935dd67","feac04377c1fbae7c4a6e7d1ea70aba399dfd3a3fb942eafacc6dbec8ec8c087","56067d2ceb8d445960b40821afe92d19853128af85b72f6be8499d7cee0e4dbc","0.3.0","isolated_release_library/fastphylosig","d951ecee19c06f3a144ad76c5039302078747585bb3bf829e6f12db15f54775d","isolated_release_library/fastphylosig/libs/<platform>/fastphylosig","c46a5834babd455b546bc65c6549c42ba51e6b47f3c9f222919b7118a5af3280","1bd40080f1ea537b3c73c838dc98ff84940f1064f4e1c4dbfb2dd5063d999bdb","benchmarks/stage5/documentation_fix_release_20261001/fastphylosig_0.3.0.tar.gz","909b7ad27485dcc2d96a7bb1fc70b65b54e93245d75761aca406b9c52f06cbff","1.0.4",0.115508079528809,1.14831321354993,"Sys.time",1,TRUE,"not_reported_by_reference","finite_reference_estimate_and_input_audit",TRUE,,"DEstimate;Pval1;Pval0;Parameters;StatesTable;Permutations;NodalVals;binvar;data;nPermut;rnd.bias","",,2,,,,,,,,,,,,
"20261002T011636Z","full","Delta_none_n0100_r08","reference","Delta","Borges2019 delta() [pinned source]","none",0,100,8,100,100,0,100,100,,100,20360981,30268901,30268902,30268903,20371903,"reference",1,FALSE,,10000,10,100,0.1,0.5,2,"LSE","ARD",,,,,,,,,,,,,,,"f55f2b8300079f2252b8b7585d8bb31fa6983c0671ed859b655a569eec410b23","20830f904b7c3e01b4c19d52e81a4419d06953c141a9a8f9f1e9efa6617e42f0","77b9064eace855444e3e6114217883f126d03b5859d9068c6e2073307935dd67","29f3b42e8780bc3dd6f9209da58d8d54bd7eb2ec2904cd0b60773a7ca82609df","8fa39c90b7b0957df6d2eabdcb9b5fdfb754c75dcbb420af1af09d151f466e89","0.3.0","isolated_release_library/fastphylosig","d951ecee19c06f3a144ad76c5039302078747585bb3bf829e6f12db15f54775d","isolated_release_library/fastphylosig/libs/<platform>/fastphylosig","c46a5834babd455b546bc65c6549c42ba51e6b47f3c9f222919b7118a5af3280","1bd40080f1ea537b3c73c838dc98ff84940f1064f4e1c4dbfb2dd5063d999bdb","benchmarks/stage5/documentation_fix_release_20261001/fastphylosig_0.3.0.tar.gz","909b7ad27485dcc2d96a7bb1fc70b65b54e93245d75761aca406b9c52f06cbff","Borges2019-source-sha256:0dc1e987c13f0e972b0e7c3b4829b4d0fdc41ff0de3856bae4803f9ce0115175",1.48156881332397,0.535367403402921,"Sys.time",1,TRUE,"not_reported_by_reference","finite_reference_estimate_and_input_audit",TRUE,,"<numeric>","imaginary parts discarded in coercion || NaNs produced",,3,,,,,,,,,,,,
"20261002T011636Z","full","Delta_none_n0100_r08","fastphylosig","Delta","Borges2019 delta() [pinned source]","none",0,100,8,100,100,0,,,,,20360981,30268901,30268902,30268903,20371902,"reference",2,FALSE,,10000,10,100,0.1,0.5,2,"LSE","ARD","0.1","0.5","10000","10","100","LSE","ARD","fast","1",20000,20000,20000,TRUE,TRUE,"f55f2b8300079f2252b8b7585d8bb31fa6983c0671ed859b655a569eec410b23","20830f904b7c3e01b4c19d52e81a4419d06953c141a9a8f9f1e9efa6617e42f0","77b9064eace855444e3e6114217883f126d03b5859d9068c6e2073307935dd67","29f3b42e8780bc3dd6f9209da58d8d54bd7eb2ec2904cd0b60773a7ca82609df","8fa39c90b7b0957df6d2eabdcb9b5fdfb754c75dcbb420af1af09d151f466e89","0.3.0","isolated_release_library/fastphylosig","d951ecee19c06f3a144ad76c5039302078747585bb3bf829e6f12db15f54775d","isolated_release_library/fastphylosig/libs/<platform>/fastphylosig","c46a5834babd455b546bc65c6549c42ba51e6b47f3c9f222919b7118a5af3280","1bd40080f1ea537b3c73c838dc98ff84940f1064f4e1c4dbfb2dd5063d999bdb","benchmarks/stage5/documentation_fix_release_20261001/fastphylosig_0.3.0.tar.gz","909b7ad27485dcc2d96a7bb1fc70b65b54e93245d75761aca406b9c52f06cbff","Borges2019-source-sha256:0dc1e987c13f0e972b0e7c3b4829b4d0fdc41ff0de3856bae4803f9ce0115175",0.0370209217071533,0.532695921718262,"Sys.time",1,TRUE,"ok","fast_result",TRUE,,"trait;Delta_fast;alpha_mean;beta_mean;n_saved;n_saved_requested;n_saved_successful;alpha_sd;beta_sd;ESS_alpha;ESS_beta;split_Rhat_alpha;split_Rhat_beta;Rhat_alpha;Rhat_beta;alpha_beta_cov;MCSE_Delta;diagnostics_available;diagnostics_note;requested_simulations;successful_simulations;requested_iterations;successful_iterations;requested_permutations;successful_permutations;n_states;n_species;n_removed_na;matched_species;removed_tree_tips;removed_data_rows;status;note;message;estimate;p_value;p_mcse;estimate_mcse;ess_alpha;ess_beta;rhat_alpha;rhat_beta;ESS;ess;Rhat;rhat;n_sim_requested;n_sim_successful;n_iter_requested;n_iter_successful;method","",,3,,,,20000,20000,"TRUE","Diagnostics computed from saved alpha/beta MCMC traces.",981.662432599651,902.86340514114,0.999346553172157,0.999300610005225,0.00120685720635708
"20261002T011636Z","full","D_moderate_n0100_r08","reference","D","caper::phylo.d","moderate",0.5,100,8,100,100,0,100,100,100,100,20360981,30268901,30268902,30268903,20381803,"reference",1,TRUE,199,,,,,,,,,,,,,,,,,,,,,,,"f55f2b8300079f2252b8b7585d8bb31fa6983c0671ed859b655a569eec410b23","20830f904b7c3e01b4c19d52e81a4419d06953c141a9a8f9f1e9efa6617e42f0","77b9064eace855444e3e6114217883f126d03b5859d9068c6e2073307935dd67","82bec3ff032978d285355c96f98b9f465a8d1bb2fd5f4129aec5d851be7d4b6b","07b4dc4d49ca6fc07febab20dbccc49e2015f0d729ec229f0d88932d86ad5046","0.3.0","isolated_release_library/fastphylosig","d951ecee19c06f3a144ad76c5039302078747585bb3bf829e6f12db15f54775d","isolated_release_library/fastphylosig/libs/<platform>/fastphylosig","c46a5834babd455b546bc65c6549c42ba51e6b47f3c9f222919b7118a5af3280","1bd40080f1ea537b3c73c838dc98ff84940f1064f4e1c4dbfb2dd5063d999bdb","benchmarks/stage5/documentation_fix_release_20261001/fastphylosig_0.3.0.tar.gz","909b7ad27485dcc2d96a7bb1fc70b65b54e93245d75761aca406b9c52f06cbff","1.0.4",0.0585241317749023,0.706989650577767,"Sys.time",1,TRUE,"not_reported_by_reference","finite_reference_estimate_and_input_audit",TRUE,,"DEstimate;Pval1;Pval0;Parameters;StatesTable;Permutations;NodalVals;binvar;data;nPermut;rnd.bias","",,2,,,,,,,,,,,,
"20261002T011636Z","full","D_moderate_n0100_r08","fastphylosig","D","caper::phylo.d","moderate",0.5,100,8,100,100,0,,,,,20360981,30268901,30268902,30268903,20381802,"reference",2,TRUE,199,,,,,,,,,,,,,,,,,,,,,,,"f55f2b8300079f2252b8b7585d8bb31fa6983c0671ed859b655a569eec410b23","20830f904b7c3e01b4c19d52e81a4419d06953c141a9a8f9f1e9efa6617e42f0","77b9064eace855444e3e6114217883f126d03b5859d9068c6e2073307935dd67","82bec3ff032978d285355c96f98b9f465a8d1bb2fd5f4129aec5d851be7d4b6b","07b4dc4d49ca6fc07febab20dbccc49e2015f0d729ec229f0d88932d86ad5046","0.3.0","isolated_release_library/fastphylosig","d951ecee19c06f3a144ad76c5039302078747585bb3bf829e6f12db15f54775d","isolated_release_library/fastphylosig/libs/<platform>/fastphylosig","c46a5834babd455b546bc65c6549c42ba51e6b47f3c9f222919b7118a5af3280","1bd40080f1ea537b3c73c838dc98ff84940f1064f4e1c4dbfb2dd5063d999bdb","benchmarks/stage5/documentation_fix_release_20261001/fastphylosig_0.3.0.tar.gz","909b7ad27485dcc2d96a7bb1fc70b65b54e93245d75761aca406b9c52f06cbff","1.0.4",0.0098118782043457,0.689209627072552,"Sys.time",1,TRUE,"ok","fast_result",TRUE,,"trait;D_fast;Pval1_fast;Pval0_fast;P_random;P_Brownian;MCSE_P_random;MCSE_P_Brownian;nsim_requested;nsim_successful_random;nsim_successful_brownian;nsim_failed_random;nsim_failed_brownian;observed;mean_random;mean_brownian;n_species;n_removed_na;matched_species;removed_tree_tips;removed_data_rows;status;note;message;estimate;p_random;p_brownian;p_mcse_random;p_mcse_brownian;MCSE_random;MCSE_Brownian;mcse_random;mcse_brownian;n_sim_requested;n_sim_successful_random;n_sim_successful_brownian;method","",,,199,199,199,,,,,,,,,
"20261002T011636Z","full","Delta_moderate_n0100_r08","fastphylosig","Delta","Borges2019 delta() [pinned source]","moderate",0.5,100,8,100,100,0,,,,,20360981,30268901,30268902,30268903,20381902,"fastphylosig",1,FALSE,,10000,10,100,0.1,0.5,2,"LSE","ARD","0.1","0.5","10000","10","100","LSE","ARD","fast","1",20000,20000,20000,TRUE,TRUE,"f55f2b8300079f2252b8b7585d8bb31fa6983c0671ed859b655a569eec410b23","20830f904b7c3e01b4c19d52e81a4419d06953c141a9a8f9f1e9efa6617e42f0","77b9064eace855444e3e6114217883f126d03b5859d9068c6e2073307935dd67","781f43c4a8744863c6ea38a39f6ce504fdb6b18754dbe4197126191abbe41ac8","d2bedf154823c45279f1e07869fa5bf0cc17e48f265983d142aa3539bc94a693","0.3.0","isolated_release_library/fastphylosig","d951ecee19c06f3a144ad76c5039302078747585bb3bf829e6f12db15f54775d","isolated_release_library/fastphylosig/libs/<platform>/fastphylosig","c46a5834babd455b546bc65c6549c42ba51e6b47f3c9f222919b7118a5af3280","1bd40080f1ea537b3c73c838dc98ff84940f1064f4e1c4dbfb2dd5063d999bdb","benchmarks/stage5/documentation_fix_release_20261001/fastphylosig_0.3.0.tar.gz","909b7ad27485dcc2d96a7bb1fc70b65b54e93245d75761aca406b9c52f06cbff","Borges2019-source-sha256:0dc1e987c13f0e972b0e7c3b4829b4d0fdc41ff0de3856bae4803f9ce0115175",0.0324718952178955,1.6061386084191,"Sys.time",1,TRUE,"ok","fast_result",TRUE,,"trait;Delta_fast;alpha_mean;beta_mean;n_saved;n_saved_requested;n_saved_successful;alpha_sd;beta_sd;ESS_alpha;ESS_beta;split_Rhat_alpha;split_Rhat_beta;Rhat_alpha;Rhat_beta;alpha_beta_cov;MCSE_Delta;diagnostics_available;diagnostics_note;requested_simulations;successful_simulations;requested_iterations;successful_iterations;requested_permutations;successful_permutations;n_states;n_species;n_removed_na;matched_species;removed_tree_tips;removed_data_rows;status;note;message;estimate;p_value;p_mcse;estimate_mcse;ess_alpha;ess_beta;rhat_alpha;rhat_beta;ESS;ess;Rhat;rhat;n_sim_requested;n_sim_successful;n_iter_requested;n_iter_successful;method","",,3,,,,20000,20000,"TRUE","Diagnostics computed from saved alpha/beta MCMC traces.",928.673077698185,904.330782752336,0.999934119709066,0.999553455126604,0.0031507216398676
"20261002T011636Z","full","Delta_moderate_n0100_r08","reference","Delta","Borges2019 delta() [pinned source]","moderate",0.5,100,8,100,100,0,100,100,,100,20360981,30268901,30268902,30268903,20381903,"fastphylosig",2,FALSE,,10000,10,100,0.1,0.5,2,"LSE","ARD",,,,,,,,,,,,,,,"f55f2b8300079f2252b8b7585d8bb31fa6983c0671ed859b655a569eec410b23","20830f904b7c3e01b4c19d52e81a4419d06953c141a9a8f9f1e9efa6617e42f0","77b9064eace855444e3e6114217883f126d03b5859d9068c6e2073307935dd67","781f43c4a8744863c6ea38a39f6ce504fdb6b18754dbe4197126191abbe41ac8","d2bedf154823c45279f1e07869fa5bf0cc17e48f265983d142aa3539bc94a693","0.3.0","isolated_release_library/fastphylosig","d951ecee19c06f3a144ad76c5039302078747585bb3bf829e6f12db15f54775d","isolated_release_library/fastphylosig/libs/<platform>/fastphylosig","c46a5834babd455b546bc65c6549c42ba51e6b47f3c9f222919b7118a5af3280","1bd40080f1ea537b3c73c838dc98ff84940f1064f4e1c4dbfb2dd5063d999bdb","benchmarks/stage5/documentation_fix_release_20261001/fastphylosig_0.3.0.tar.gz","909b7ad27485dcc2d96a7bb1fc70b65b54e93245d75761aca406b9c52f06cbff","Borges2019-source-sha256:0dc1e987c13f0e972b0e7c3b4829b4d0fdc41ff0de3856bae4803f9ce0115175",1.1159679889679,1.62066340818476,"Sys.time",1,TRUE,"not_reported_by_reference","finite_reference_estimate_and_input_audit",TRUE,,"<numeric>","NaNs produced || Inf replaced by maximum positive value",,3,,,,,,,,,,,,
"20261002T011636Z","full","D_strong_n0100_r08","fastphylosig","D","caper::phylo.d","strong",0.95,100,8,100,100,0,,,,,20360981,30268901,30268902,30268903,20391802,"fastphylosig",1,TRUE,199,,,,,,,,,,,,,,,,,,,,,,,"f55f2b8300079f2252b8b7585d8bb31fa6983c0671ed859b655a569eec410b23","20830f904b7c3e01b4c19d52e81a4419d06953c141a9a8f9f1e9efa6617e42f0","77b9064eace855444e3e6114217883f126d03b5859d9068c6e2073307935dd67","4b1e74f88a5ac1fe45ca1991e27dccb954fbd3d0d8d0a089376c332cd9ca47b3","6ce14c66253d5501c0b7abef13eadbd1c01dcc39174a126b28e3e41942312a4e","0.3.0","isolated_release_library/fastphylosig","d951ecee19c06f3a144ad76c5039302078747585bb3bf829e6f12db15f54775d","isolated_release_library/fastphylosig/libs/<platform>/fastphylosig","c46a5834babd455b546bc65c6549c42ba51e6b47f3c9f222919b7118a5af3280","1bd40080f1ea537b3c73c838dc98ff84940f1064f4e1c4dbfb2dd5063d999bdb","benchmarks/stage5/documentation_fix_release_20261001/fastphylosig_0.3.0.tar.gz","909b7ad27485dcc2d96a7bb1fc70b65b54e93245d75761aca406b9c52f06cbff","1.0.4",0.0100128650665283,0.0505285031304361,"Sys.time",1,TRUE,"ok","fast_result",TRUE,,"trait;D_fast;Pval1_fast;Pval0_fast;P_random;P_Brownian;MCSE_P_random;MCSE_P_Brownian;nsim_requested;nsim_successful_random;nsim_successful_brownian;nsim_failed_random;nsim_failed_brownian;observed;mean_random;mean_brownian;n_species;n_removed_na;matched_species;removed_tree_tips;removed_data_rows;status;note;message;estimate;p_random;p_brownian;p_mcse_random;p_mcse_brownian;MCSE_random;MCSE_Brownian;mcse_random;mcse_brownian;n_sim_requested;n_sim_successful_random;n_sim_successful_brownian;method","",,,199,199,199,,,,,,,,,
"20261002T011636Z","full","D_strong_n0100_r08","reference","D","caper::phylo.d","strong",0.95,100,8,100,100,0,100,100,100,100,20360981,30268901,30268902,30268903,20391803,"fastphylosig",2,TRUE,199,,,,,,,,,,,,,,,,,,,,,,,"f55f2b8300079f2252b8b7585d8bb31fa6983c0671ed859b655a569eec410b23","20830f904b7c3e01b4c19d52e81a4419d06953c141a9a8f9f1e9efa6617e42f0","77b9064eace855444e3e6114217883f126d03b5859d9068c6e2073307935dd67","4b1e74f88a5ac1fe45ca1991e27dccb954fbd3d0d8d0a089376c332cd9ca47b3","6ce14c66253d5501c0b7abef13eadbd1c01dcc39174a126b28e3e41942312a4e","0.3.0","isolated_release_library/fastphylosig","d951ecee19c06f3a144ad76c5039302078747585bb3bf829e6f12db15f54775d","isolated_release_library/fastphylosig/libs/<platform>/fastphylosig","c46a5834babd455b546bc65c6549c42ba51e6b47f3c9f222919b7118a5af3280","1bd40080f1ea537b3c73c838dc98ff84940f1064f4e1c4dbfb2dd5063d999bdb","benchmarks/stage5/documentation_fix_release_20261001/fastphylosig_0.3.0.tar.gz","909b7ad27485dcc2d96a7bb1fc70b65b54e93245d75761aca406b9c52f06cbff","1.0.4",0.0584399700164795,0.0375658372286853,"Sys.time",1,TRUE,"not_reported_by_reference","finite_reference_estimate_and_input_audit",TRUE,,"DEstimate;Pval1;Pval0;Parameters;StatesTable;Permutations;NodalVals;binvar;data;nPermut;rnd.bias","",,2,,,,,,,,,,,,
"20261002T011636Z","full","Delta_strong_n0100_r08","reference","Delta","Borges2019 delta() [pinned source]","strong",0.95,100,8,100,100,0,100,100,,100,20360981,30268901,30268902,30268903,20391903,"reference",1,FALSE,,10000,10,100,0.1,0.5,2,"LSE","ARD",,,,,,,,,,,,,,,"f55f2b8300079f2252b8b7585d8bb31fa6983c0671ed859b655a569eec410b23","20830f904b7c3e01b4c19d52e81a4419d06953c141a9a8f9f1e9efa6617e42f0","77b9064eace855444e3e6114217883f126d03b5859d9068c6e2073307935dd67","94f10c1e06701a51363a104a6a1ed2f2617b2d0ee9d3f2a0dcb1342ba4a7e87c","a66c66b2fbe676541f45a068eeafb602aa6f548f292f28dc034179896c079366","0.3.0","isolated_release_library/fastphylosig","d951ecee19c06f3a144ad76c5039302078747585bb3bf829e6f12db15f54775d","isolated_release_library/fastphylosig/libs/<platform>/fastphylosig","c46a5834babd455b546bc65c6549c42ba51e6b47f3c9f222919b7118a5af3280","1bd40080f1ea537b3c73c838dc98ff84940f1064f4e1c4dbfb2dd5063d999bdb","benchmarks/stage5/documentation_fix_release_20261001/fastphylosig_0.3.0.tar.gz","909b7ad27485dcc2d96a7bb1fc70b65b54e93245d75761aca406b9c52f06cbff","Borges2019-source-sha256:0dc1e987c13f0e972b0e7c3b4829b4d0fdc41ff0de3856bae4803f9ce0115175",1.12483406066895,3.85780290949779,"Sys.time",1,TRUE,"not_reported_by_reference","finite_reference_estimate_and_input_audit",TRUE,,"<numeric>","NaNs produced || Inf replaced by maximum positive value",,3,,,,,,,,,,,,
"20261002T011636Z","full","Delta_strong_n0100_r08","fastphylosig","Delta","Borges2019 delta() [pinned source]","strong",0.95,100,8,100,100,0,,,,,20360981,30268901,30268902,30268903,20391902,"reference",2,FALSE,,10000,10,100,0.1,0.5,2,"LSE","ARD","0.1","0.5","10000","10","100","LSE","ARD","fast","1",20000,20000,20000,TRUE,TRUE,"f55f2b8300079f2252b8b7585d8bb31fa6983c0671ed859b655a569eec410b23","20830f904b7c3e01b4c19d52e81a4419d06953c141a9a8f9f1e9efa6617e42f0","77b9064eace855444e3e6114217883f126d03b5859d9068c6e2073307935dd67","94f10c1e06701a51363a104a6a1ed2f2617b2d0ee9d3f2a0dcb1342ba4a7e87c","a66c66b2fbe676541f45a068eeafb602aa6f548f292f28dc034179896c079366","0.3.0","isolated_release_library/fastphylosig","d951ecee19c06f3a144ad76c5039302078747585bb3bf829e6f12db15f54775d","isolated_release_library/fastphylosig/libs/<platform>/fastphylosig","c46a5834babd455b546bc65c6549c42ba51e6b47f3c9f222919b7118a5af3280","1bd40080f1ea537b3c73c838dc98ff84940f1064f4e1c4dbfb2dd5063d999bdb","benchmarks/stage5/documentation_fix_release_20261001/fastphylosig_0.3.0.tar.gz","909b7ad27485dcc2d96a7bb1fc70b65b54e93245d75761aca406b9c52f06cbff","Borges2019-source-sha256:0dc1e987c13f0e972b0e7c3b4829b4d0fdc41ff0de3856bae4803f9ce0115175",0.0343360900878906,3.82804837409528,"Sys.time",1,TRUE,"ok","fast_result",TRUE,,"trait;Delta_fast;alpha_mean;beta_mean;n_saved;n_saved_requested;n_saved_successful;alpha_sd;beta_sd;ESS_alpha;ESS_beta;split_Rhat_alpha;split_Rhat_beta;Rhat_alpha;Rhat_beta;alpha_beta_cov;MCSE_Delta;diagnostics_available;diagnostics_note;requested_simulations;successful_simulations;requested_iterations;successful_iterations;requested_permutations;successful_permutations;n_states;n_species;n_removed_na;matched_species;removed_tree_tips;removed_data_rows;status;note;message;estimate;p_value;p_mcse;estimate_mcse;ess_alpha;ess_beta;rhat_alpha;rhat_beta;ESS;ess;Rhat;rhat;n_sim_requested;n_sim_successful;n_iter_requested;n_iter_successful;method","",,3,,,,20000,20000,"TRUE","Diagnostics computed from saved alpha/beta MCMC traces.",1223.70665887862,1222.16029652624,0.999160191398915,0.999124979113477,0.0109039717373145
"20261002T011636Z","full","D_none_n0100_r09","reference","D","caper::phylo.d","none",0,100,9,100,100,0,100,100,100,100,20360991,30269901,30269902,30269903,20371903,"reference",1,TRUE,199,,,,,,,,,,,,,,,,,,,,,,,"a8e813e093eed742e7847979aaffe92100b2929cece80c65eb84d39760d5b503","1562c43b5d25a981ed2cc699dc9016da66f30aa77e335a2f23543c66aff3612f","c0e845d91bb2bca9f391ea497b7e1eff4be3cef4715111fc77527ce2ebfc8448","7db1ac56ff56b5ccb2c832880cb2913319b790263ae1bc89e4ca5f4f3563ce58","1e50a17514c8bef304e6cc279465ed7c1a6b2026b5ceb569878e5f7e646c8879","0.3.0","isolated_release_library/fastphylosig","d951ecee19c06f3a144ad76c5039302078747585bb3bf829e6f12db15f54775d","isolated_release_library/fastphylosig/libs/<platform>/fastphylosig","c46a5834babd455b546bc65c6549c42ba51e6b47f3c9f222919b7118a5af3280","1bd40080f1ea537b3c73c838dc98ff84940f1064f4e1c4dbfb2dd5063d999bdb","benchmarks/stage5/documentation_fix_release_20261001/fastphylosig_0.3.0.tar.gz","909b7ad27485dcc2d96a7bb1fc70b65b54e93245d75761aca406b9c52f06cbff","1.0.4",0.0576438903808594,0.929319256745768,"Sys.time",1,TRUE,"not_reported_by_reference","finite_reference_estimate_and_input_audit",TRUE,,"DEstimate;Pval1;Pval0;Parameters;StatesTable;Permutations;NodalVals;binvar;data;nPermut;rnd.bias","",,2,,,,,,,,,,,,
"20261002T011636Z","full","D_none_n0100_r09","fastphylosig","D","caper::phylo.d","none",0,100,9,100,100,0,,,,,20360991,30269901,30269902,30269903,20371902,"reference",2,TRUE,199,,,,,,,,,,,,,,,,,,,,,,,"a8e813e093eed742e7847979aaffe92100b2929cece80c65eb84d39760d5b503","1562c43b5d25a981ed2cc699dc9016da66f30aa77e335a2f23543c66aff3612f","c0e845d91bb2bca9f391ea497b7e1eff4be3cef4715111fc77527ce2ebfc8448","7db1ac56ff56b5ccb2c832880cb2913319b790263ae1bc89e4ca5f4f3563ce58","1e50a17514c8bef304e6cc279465ed7c1a6b2026b5ceb569878e5f7e646c8879","0.3.0","isolated_release_library/fastphylosig","d951ecee19c06f3a144ad76c5039302078747585bb3bf829e6f12db15f54775d","isolated_release_library/fastphylosig/libs/<platform>/fastphylosig","c46a5834babd455b546bc65c6549c42ba51e6b47f3c9f222919b7118a5af3280","1bd40080f1ea537b3c73c838dc98ff84940f1064f4e1c4dbfb2dd5063d999bdb","benchmarks/stage5/documentation_fix_release_20261001/fastphylosig_0.3.0.tar.gz","909b7ad27485dcc2d96a7bb1fc70b65b54e93245d75761aca406b9c52f06cbff","1.0.4",0.00982499122619629,0.927055883464827,"Sys.time",1,TRUE,"ok","fast_result",TRUE,,"trait;D_fast;Pval1_fast;Pval0_fast;P_random;P_Brownian;MCSE_P_random;MCSE_P_Brownian;nsim_requested;nsim_successful_random;nsim_successful_brownian;nsim_failed_random;nsim_failed_brownian;observed;mean_random;mean_brownian;n_species;n_removed_na;matched_species;removed_tree_tips;removed_data_rows;status;note;message;estimate;p_random;p_brownian;p_mcse_random;p_mcse_brownian;MCSE_random;MCSE_Brownian;mcse_random;mcse_brownian;n_sim_requested;n_sim_successful_random;n_sim_successful_brownian;method","",,,199,199,199,,,,,,,,,
"20261002T011636Z","full","Delta_none_n0100_r09","fastphylosig","Delta","Borges2019 delta() [pinned source]","none",0,100,9,100,100,0,,,,,20360991,30269901,30269902,30269903,20372002,"fastphylosig",1,FALSE,,10000,10,100,0.1,0.5,2,"LSE","ARD","0.1","0.5","10000","10","100","LSE","ARD","fast","1",20000,20000,20000,TRUE,TRUE,"a8e813e093eed742e7847979aaffe92100b2929cece80c65eb84d39760d5b503","1562c43b5d25a981ed2cc699dc9016da66f30aa77e335a2f23543c66aff3612f","c0e845d91bb2bca9f391ea497b7e1eff4be3cef4715111fc77527ce2ebfc8448","0bc773ada2e03e6957fc17e874b0d0a3a47b1d32ed78c5a003990e53800816bc","e85aa6c92636c0a0afb8a8fe9ac9a0cb3e7376d1845063db70ef4e053e0f1981","0.3.0","isolated_release_library/fastphylosig","d951ecee19c06f3a144ad76c5039302078747585bb3bf829e6f12db15f54775d","isolated_release_library/fastphylosig/libs/<platform>/fastphylosig","c46a5834babd455b546bc65c6549c42ba51e6b47f3c9f222919b7118a5af3280","1bd40080f1ea537b3c73c838dc98ff84940f1064f4e1c4dbfb2dd5063d999bdb","benchmarks/stage5/documentation_fix_release_20261001/fastphylosig_0.3.0.tar.gz","909b7ad27485dcc2d96a7bb1fc70b65b54e93245d75761aca406b9c52f06cbff","Borges2019-source-sha256:0dc1e987c13f0e972b0e7c3b4829b4d0fdc41ff0de3856bae4803f9ce0115175",0.0349631309509277,0.868830197210351,"Sys.time",1,TRUE,"ok","fast_result",TRUE,,"trait;Delta_fast;alpha_mean;beta_mean;n_saved;n_saved_requested;n_saved_successful;alpha_sd;beta_sd;ESS_alpha;ESS_beta;split_Rhat_alpha;split_Rhat_beta;Rhat_alpha;Rhat_beta;alpha_beta_cov;MCSE_Delta;diagnostics_available;diagnostics_note;requested_simulations;successful_simulations;requested_iterations;successful_iterations;requested_permutations;successful_permutations;n_states;n_species;n_removed_na;matched_species;removed_tree_tips;removed_data_rows;status;note;message;estimate;p_value;p_mcse;estimate_mcse;ess_alpha;ess_beta;rhat_alpha;rhat_beta;ESS;ess;Rhat;rhat;n_sim_requested;n_sim_successful;n_iter_requested;n_iter_successful;method","",,3,,,,20000,20000,"TRUE","Diagnostics computed from saved alpha/beta MCMC traces.",892.314894179324,858.978403584817,1.0013927213091,1.0009695316286,0.00180682750264046
"20261002T011636Z","full","Delta_none_n0100_r09","reference","Delta","Borges2019 delta() [pinned source]","none",0,100,9,100,100,0,100,100,,100,20360991,30269901,30269902,30269903,20372003,"fastphylosig",2,FALSE,,10000,10,100,0.1,0.5,2,"LSE","ARD",,,,,,,,,,,,,,,"a8e813e093eed742e7847979aaffe92100b2929cece80c65eb84d39760d5b503","1562c43b5d25a981ed2cc699dc9016da66f30aa77e335a2f23543c66aff3612f","c0e845d91bb2bca9f391ea497b7e1eff4be3cef4715111fc77527ce2ebfc8448","0bc773ada2e03e6957fc17e874b0d0a3a47b1d32ed78c5a003990e53800816bc","e85aa6c92636c0a0afb8a8fe9ac9a0cb3e7376d1845063db70ef4e053e0f1981","0.3.0","isolated_release_library/fastphylosig","d951ecee19c06f3a144ad76c5039302078747585bb3bf829e6f12db15f54775d","isolated_release_library/fastphylosig/libs/<platform>/fastphylosig","c46a5834babd455b546bc65c6549c42ba51e6b47f3c9f222919b7118a5af3280","1bd40080f1ea537b3c73c838dc98ff84940f1064f4e1c4dbfb2dd5063d999bdb","benchmarks/stage5/documentation_fix_release_20261001/fastphylosig_0.3.0.tar.gz","909b7ad27485dcc2d96a7bb1fc70b65b54e93245d75761aca406b9c52f06cbff","Borges2019-source-sha256:0dc1e987c13f0e972b0e7c3b4829b4d0fdc41ff0de3856bae4803f9ce0115175",1.17137289047241,0.860438194880765,"Sys.time",1,TRUE,"not_reported_by_reference","finite_reference_estimate_and_input_audit",TRUE,,"<numeric>","imaginary parts discarded in coercion || model fit suspicious: gradients apparently non-finite",,3,,,,,,,,,,,,
"20261002T011636Z","full","D_moderate_n0100_r09","fastphylosig","D","caper::phylo.d","moderate",0.5,100,9,100,100,0,,,,,20360991,30269901,30269902,30269903,20381902,"fastphylosig",1,TRUE,199,,,,,,,,,,,,,,,,,,,,,,,"a8e813e093eed742e7847979aaffe92100b2929cece80c65eb84d39760d5b503","1562c43b5d25a981ed2cc699dc9016da66f30aa77e335a2f23543c66aff3612f","c0e845d91bb2bca9f391ea497b7e1eff4be3cef4715111fc77527ce2ebfc8448","48c8e99fb8320c392a3d6d17e72c25dab42a980e46528741bd3af5cc7e0c9d29","d50d91d1ebefb4c2838f7d0e52dbd7fac49df3b653da24dfb235d5fe159ef8c0","0.3.0","isolated_release_library/fastphylosig","d951ecee19c06f3a144ad76c5039302078747585bb3bf829e6f12db15f54775d","isolated_release_library/fastphylosig/libs/<platform>/fastphylosig","c46a5834babd455b546bc65c6549c42ba51e6b47f3c9f222919b7118a5af3280","1bd40080f1ea537b3c73c838dc98ff84940f1064f4e1c4dbfb2dd5063d999bdb","benchmarks/stage5/documentation_fix_release_20261001/fastphylosig_0.3.0.tar.gz","909b7ad27485dcc2d96a7bb1fc70b65b54e93245d75761aca406b9c52f06cbff","1.0.4",0.0100109577178955,0.535878854621735,"Sys.time",1,TRUE,"ok","fast_result",TRUE,,"trait;D_fast;Pval1_fast;Pval0_fast;P_random;P_Brownian;MCSE_P_random;MCSE_P_Brownian;nsim_requested;nsim_successful_random;nsim_successful_brownian;nsim_failed_random;nsim_failed_brownian;observed;mean_random;mean_brownian;n_species;n_removed_na;matched_species;removed_tree_tips;removed_data_rows;status;note;message;estimate;p_random;p_brownian;p_mcse_random;p_mcse_brownian;MCSE_random;MCSE_Brownian;mcse_random;mcse_brownian;n_sim_requested;n_sim_successful_random;n_sim_successful_brownian;method","",,,199,199,199,,,,,,,,,
"20261002T011636Z","full","D_moderate_n0100_r09","reference","D","caper::phylo.d","moderate",0.5,100,9,100,100,0,100,100,100,100,20360991,30269901,30269902,30269903,20381903,"fastphylosig",2,TRUE,199,,,,,,,,,,,,,,,,,,,,,,,"a8e813e093eed742e7847979aaffe92100b2929cece80c65eb84d39760d5b503","1562c43b5d25a981ed2cc699dc9016da66f30aa77e335a2f23543c66aff3612f","c0e845d91bb2bca9f391ea497b7e1eff4be3cef4715111fc77527ce2ebfc8448","48c8e99fb8320c392a3d6d17e72c25dab42a980e46528741bd3af5cc7e0c9d29","d50d91d1ebefb4c2838f7d0e52dbd7fac49df3b653da24dfb235d5fe159ef8c0","0.3.0","isolated_release_library/fastphylosig","d951ecee19c06f3a144ad76c5039302078747585bb3bf829e6f12db15f54775d","isolated_release_library/fastphylosig/libs/<platform>/fastphylosig","c46a5834babd455b546bc65c6549c42ba51e6b47f3c9f222919b7118a5af3280","1bd40080f1ea537b3c73c838dc98ff84940f1064f4e1c4dbfb2dd5063d999bdb","benchmarks/stage5/documentation_fix_release_20261001/fastphylosig_0.3.0.tar.gz","909b7ad27485dcc2d96a7bb1fc70b65b54e93245d75761aca406b9c52f06cbff","1.0.4",0.0613880157470703,0.566537833213344,"Sys.time",1,TRUE,"not_reported_by_reference","finite_reference_estimate_and_input_audit",TRUE,,"DEstimate;Pval1;Pval0;Parameters;StatesTable;Permutations;NodalVals;binvar;data;nPermut;rnd.bias","",,2,,,,,,,,,,,,
"20261002T011636Z","full","Delta_moderate_n0100_r09","reference","Delta","Borges2019 delta() [pinned source]","moderate",0.5,100,9,100,100,0,100,100,,100,20360991,30269901,30269902,30269903,20382003,"reference",1,FALSE,,10000,10,100,0.1,0.5,2,"LSE","ARD",,,,,,,,,,,,,,,"a8e813e093eed742e7847979aaffe92100b2929cece80c65eb84d39760d5b503","1562c43b5d25a981ed2cc699dc9016da66f30aa77e335a2f23543c66aff3612f","c0e845d91bb2bca9f391ea497b7e1eff4be3cef4715111fc77527ce2ebfc8448","f55ccab791be93118d2e7cd761f48a165b8686f0e081025c63ae818b4532fe76","ca7a89ff636e42b9af3502522c84cab3e7d7f9a5bcc337a624a8139e05cc94cb","0.3.0","isolated_release_library/fastphylosig","d951ecee19c06f3a144ad76c5039302078747585bb3bf829e6f12db15f54775d","isolated_release_library/fastphylosig/libs/<platform>/fastphylosig","c46a5834babd455b546bc65c6549c42ba51e6b47f3c9f222919b7118a5af3280","1bd40080f1ea537b3c73c838dc98ff84940f1064f4e1c4dbfb2dd5063d999bdb","benchmarks/stage5/documentation_fix_release_20261001/fastphylosig_0.3.0.tar.gz","909b7ad27485dcc2d96a7bb1fc70b65b54e93245d75761aca406b9c52f06cbff","Borges2019-source-sha256:0dc1e987c13f0e972b0e7c3b4829b4d0fdc41ff0de3856bae4803f9ce0115175",1.25726389884949,2.65818749715874,"Sys.time",1,TRUE,"not_reported_by_reference","finite_reference_estimate_and_input_audit",TRUE,,"<numeric>","imaginary parts discarded in coercion || NaNs produced || Inf replaced by maximum positive value",,3,,,,,,,,,,,,
"20261002T011636Z","full","Delta_moderate_n0100_r09","fastphylosig","Delta","Borges2019 delta() [pinned source]","moderate",0.5,100,9,100,100,0,,,,,20360991,30269901,30269902,30269903,20382002,"reference",2,FALSE,,10000,10,100,0.1,0.5,2,"LSE","ARD","0.1","0.5","10000","10","100","LSE","ARD","fast","1",20000,20000,20000,TRUE,TRUE,"a8e813e093eed742e7847979aaffe92100b2929cece80c65eb84d39760d5b503","1562c43b5d25a981ed2cc699dc9016da66f30aa77e335a2f23543c66aff3612f","c0e845d91bb2bca9f391ea497b7e1eff4be3cef4715111fc77527ce2ebfc8448","f55ccab791be93118d2e7cd761f48a165b8686f0e081025c63ae818b4532fe76","ca7a89ff636e42b9af3502522c84cab3e7d7f9a5bcc337a624a8139e05cc94cb","0.3.0","isolated_release_library/fastphylosig","d951ecee19c06f3a144ad76c5039302078747585bb3bf829e6f12db15f54775d","isolated_release_library/fastphylosig/libs/<platform>/fastphylosig","c46a5834babd455b546bc65c6549c42ba51e6b47f3c9f222919b7118a5af3280","1bd40080f1ea537b3c73c838dc98ff84940f1064f4e1c4dbfb2dd5063d999bdb","benchmarks/stage5/documentation_fix_release_20261001/fastphylosig_0.3.0.tar.gz","909b7ad27485dcc2d96a7bb1fc70b65b54e93245d75761aca406b9c52f06cbff","Borges2019-source-sha256:0dc1e987c13f0e972b0e7c3b4829b4d0fdc41ff0de3856bae4803f9ce0115175",0.0366280078887939,2.65374919676968,"Sys.time",1,TRUE,"ok","fast_result",TRUE,,"trait;Delta_fast;alpha_mean;beta_mean;n_saved;n_saved_requested;n_saved_successful;alpha_sd;beta_sd;ESS_alpha;ESS_beta;split_Rhat_alpha;split_Rhat_beta;Rhat_alpha;Rhat_beta;alpha_beta_cov;MCSE_Delta;diagnostics_available;diagnostics_note;requested_simulations;successful_simulations;requested_iterations;successful_iterations;requested_permutations;successful_permutations;n_states;n_species;n_removed_na;matched_species;removed_tree_tips;removed_data_rows;status;note;message;estimate;p_value;p_mcse;estimate_mcse;ess_alpha;ess_beta;rhat_alpha;rhat_beta;ESS;ess;Rhat;rhat;n_sim_requested;n_sim_successful;n_iter_requested;n_iter_successful;method","",,3,,,,20000,20000,"TRUE","Diagnostics computed from saved alpha/beta MCMC traces.",1045.39569949315,1014.49380944528,0.999493772908371,1.00043408932774,0.00638744538387929
"20261002T011636Z","full","D_strong_n0100_r09","reference","D","caper::phylo.d","strong",0.95,100,9,100,100,0,100,100,100,100,20360991,30269901,30269902,30269903,20391903,"reference",1,TRUE,199,,,,,,,,,,,,,,,,,,,,,,,"a8e813e093eed742e7847979aaffe92100b2929cece80c65eb84d39760d5b503","1562c43b5d25a981ed2cc699dc9016da66f30aa77e335a2f23543c66aff3612f","c0e845d91bb2bca9f391ea497b7e1eff4be3cef4715111fc77527ce2ebfc8448","344843f2c99b603b2c8ff98e12c45e8cbd92ff2013ee38f0384d769e01d0feab","0eed3d154a89d47a1764b454977e0e2892413e5e8fb777e76f95219d5fe4fe08","0.3.0","isolated_release_library/fastphylosig","d951ecee19c06f3a144ad76c5039302078747585bb3bf829e6f12db15f54775d","isolated_release_library/fastphylosig/libs/<platform>/fastphylosig","c46a5834babd455b546bc65c6549c42ba51e6b47f3c9f222919b7118a5af3280","1bd40080f1ea537b3c73c838dc98ff84940f1064f4e1c4dbfb2dd5063d999bdb","benchmarks/stage5/documentation_fix_release_20261001/fastphylosig_0.3.0.tar.gz","909b7ad27485dcc2d96a7bb1fc70b65b54e93245d75761aca406b9c52f06cbff","1.0.4",0.0629808902740479,0.0955034682090479,"Sys.time",1,TRUE,"not_reported_by_reference","finite_reference_estimate_and_input_audit",TRUE,,"DEstimate;Pval1;Pval0;Parameters;StatesTable;Permutations;NodalVals;binvar;data;nPermut;rnd.bias","",,2,,,,,,,,,,,,
"20261002T011636Z","full","D_strong_n0100_r09","fastphylosig","D","caper::phylo.d","strong",0.95,100,9,100,100,0,,,,,20360991,30269901,30269902,30269903,20391902,"reference",2,TRUE,199,,,,,,,,,,,,,,,,,,,,,,,"a8e813e093eed742e7847979aaffe92100b2929cece80c65eb84d39760d5b503","1562c43b5d25a981ed2cc699dc9016da66f30aa77e335a2f23543c66aff3612f","c0e845d91bb2bca9f391ea497b7e1eff4be3cef4715111fc77527ce2ebfc8448","344843f2c99b603b2c8ff98e12c45e8cbd92ff2013ee38f0384d769e01d0feab","0eed3d154a89d47a1764b454977e0e2892413e5e8fb777e76f95219d5fe4fe08","0.3.0","isolated_release_library/fastphylosig","d951ecee19c06f3a144ad76c5039302078747585bb3bf829e6f12db15f54775d","isolated_release_library/fastphylosig/libs/<platform>/fastphylosig","c46a5834babd455b546bc65c6549c42ba51e6b47f3c9f222919b7118a5af3280","1bd40080f1ea537b3c73c838dc98ff84940f1064f4e1c4dbfb2dd5063d999bdb","benchmarks/stage5/documentation_fix_release_20261001/fastphylosig_0.3.0.tar.gz","909b7ad27485dcc2d96a7bb1fc70b65b54e93245d75761aca406b9c52f06cbff","1.0.4",0.0117440223693848,0.0647406005325734,"Sys.time",1,TRUE,"ok","fast_result",TRUE,,"trait;D_fast;Pval1_fast;Pval0_fast;P_random;P_Brownian;MCSE_P_random;MCSE_P_Brownian;nsim_requested;nsim_successful_random;nsim_successful_brownian;nsim_failed_random;nsim_failed_brownian;observed;mean_random;mean_brownian;n_species;n_removed_na;matched_species;removed_tree_tips;removed_data_rows;status;note;message;estimate;p_random;p_brownian;p_mcse_random;p_mcse_brownian;MCSE_random;MCSE_Brownian;mcse_random;mcse_brownian;n_sim_requested;n_sim_successful_random;n_sim_successful_brownian;method","",,,199,199,199,,,,,,,,,
"20261002T011636Z","full","Delta_strong_n0100_r09","fastphylosig","Delta","Borges2019 delta() [pinned source]","strong",0.95,100,9,100,100,0,,,,,20360991,30269901,30269902,30269903,20392002,"fastphylosig",1,FALSE,,10000,10,100,0.1,0.5,2,"LSE","ARD","0.1","0.5","10000","10","100","LSE","ARD","fast","1",20000,20000,20000,TRUE,TRUE,"a8e813e093eed742e7847979aaffe92100b2929cece80c65eb84d39760d5b503","1562c43b5d25a981ed2cc699dc9016da66f30aa77e335a2f23543c66aff3612f","c0e845d91bb2bca9f391ea497b7e1eff4be3cef4715111fc77527ce2ebfc8448","bdead062a52ee8e3a25754ae0cabc477c20e9704b7258e690ef8b259070f660f","1838c7d83feee3afc1735cfdcb7511ef5195e59f0206b4c11d69a4d7647b8ccc","0.3.0","isolated_release_library/fastphylosig","d951ecee19c06f3a144ad76c5039302078747585bb3bf829e6f12db15f54775d","isolated_release_library/fastphylosig/libs/<platform>/fastphylosig","c46a5834babd455b546bc65c6549c42ba51e6b47f3c9f222919b7118a5af3280","1bd40080f1ea537b3c73c838dc98ff84940f1064f4e1c4dbfb2dd5063d999bdb","benchmarks/stage5/documentation_fix_release_20261001/fastphylosig_0.3.0.tar.gz","909b7ad27485dcc2d96a7bb1fc70b65b54e93245d75761aca406b9c52f06cbff","Borges2019-source-sha256:0dc1e987c13f0e972b0e7c3b4829b4d0fdc41ff0de3856bae4803f9ce0115175",0.0363619327545166,4.26581428516832,"Sys.time",1,TRUE,"ok","fast_result",TRUE,,"trait;Delta_fast;alpha_mean;beta_mean;n_saved;n_saved_requested;n_saved_successful;alpha_sd;beta_sd;ESS_alpha;ESS_beta;split_Rhat_alpha;split_Rhat_beta;Rhat_alpha;Rhat_beta;alpha_beta_cov;MCSE_Delta;diagnostics_available;diagnostics_note;requested_simulations;successful_simulations;requested_iterations;successful_iterations;requested_permutations;successful_permutations;n_states;n_species;n_removed_na;matched_species;removed_tree_tips;removed_data_rows;status;note;message;estimate;p_value;p_mcse;estimate_mcse;ess_alpha;ess_beta;rhat_alpha;rhat_beta;ESS;ess;Rhat;rhat;n_sim_requested;n_sim_successful;n_iter_requested;n_iter_successful;method","",,3,,,,20000,20000,"TRUE","Diagnostics computed from saved alpha/beta MCMC traces.",1049.80290330081,1041.04957224288,0.999988266695385,0.999805791128501,0.01364313705965
"20261002T011636Z","full","Delta_strong_n0100_r09","reference","Delta","Borges2019 delta() [pinned source]","strong",0.95,100,9,100,100,0,100,100,,100,20360991,30269901,30269902,30269903,20392003,"fastphylosig",2,FALSE,,10000,10,100,0.1,0.5,2,"LSE","ARD",,,,,,,,,,,,,,,"a8e813e093eed742e7847979aaffe92100b2929cece80c65eb84d39760d5b503","1562c43b5d25a981ed2cc699dc9016da66f30aa77e335a2f23543c66aff3612f","c0e845d91bb2bca9f391ea497b7e1eff4be3cef4715111fc77527ce2ebfc8448","bdead062a52ee8e3a25754ae0cabc477c20e9704b7258e690ef8b259070f660f","1838c7d83feee3afc1735cfdcb7511ef5195e59f0206b4c11d69a4d7647b8ccc","0.3.0","isolated_release_library/fastphylosig","d951ecee19c06f3a144ad76c5039302078747585bb3bf829e6f12db15f54775d","isolated_release_library/fastphylosig/libs/<platform>/fastphylosig","c46a5834babd455b546bc65c6549c42ba51e6b47f3c9f222919b7118a5af3280","1bd40080f1ea537b3c73c838dc98ff84940f1064f4e1c4dbfb2dd5063d999bdb","benchmarks/stage5/documentation_fix_release_20261001/fastphylosig_0.3.0.tar.gz","909b7ad27485dcc2d96a7bb1fc70b65b54e93245d75761aca406b9c52f06cbff","Borges2019-source-sha256:0dc1e987c13f0e972b0e7c3b4829b4d0fdc41ff0de3856bae4803f9ce0115175",1.16018509864807,4.2754731681302,"Sys.time",1,TRUE,"not_reported_by_reference","finite_reference_estimate_and_input_audit",TRUE,,"<numeric>","NaNs produced || Inf replaced by maximum positive value",,3,,,,,,,,,,,,
"20261002T011636Z","full","D_none_n0100_r10","fastphylosig","D","caper::phylo.d","none",0,100,10,100,100,0,,,,,20361001,30270901,30270902,30270903,20372002,"fastphylosig",1,TRUE,199,,,,,,,,,,,,,,,,,,,,,,,"6e4fe17d3f79e2876682e441c1f83c29aef6065bc15d407f27433e4662470a0e","add7d95ad3d6da6748d225791d91987a7b781812378a3afe960d3dcbc495447b","6b8bc123ee2441d1888a47fa4cf8dcbcbe2395d891b1fce5e04940cc9b28269b","413454f4ef1ddaf78d872b5c16a86a7119e3c855c7c49cfcbc8ec88eed4d0781","237bc0d06cbf125fac2b09da403bc87891e54c4ff17fe4fcb0ece80987b45c59","0.3.0","isolated_release_library/fastphylosig","d951ecee19c06f3a144ad76c5039302078747585bb3bf829e6f12db15f54775d","isolated_release_library/fastphylosig/libs/<platform>/fastphylosig","c46a5834babd455b546bc65c6549c42ba51e6b47f3c9f222919b7118a5af3280","1bd40080f1ea537b3c73c838dc98ff84940f1064f4e1c4dbfb2dd5063d999bdb","benchmarks/stage5/documentation_fix_release_20261001/fastphylosig_0.3.0.tar.gz","909b7ad27485dcc2d96a7bb1fc70b65b54e93245d75761aca406b9c52f06cbff","1.0.4",0.0106050968170166,0.970668580807917,"Sys.time",1,TRUE,"ok","fast_result",TRUE,,"trait;D_fast;Pval1_fast;Pval0_fast;P_random;P_Brownian;MCSE_P_random;MCSE_P_Brownian;nsim_requested;nsim_successful_random;nsim_successful_brownian;nsim_failed_random;nsim_failed_brownian;observed;mean_random;mean_brownian;n_species;n_removed_na;matched_species;removed_tree_tips;removed_data_rows;status;note;message;estimate;p_random;p_brownian;p_mcse_random;p_mcse_brownian;MCSE_random;MCSE_Brownian;mcse_random;mcse_brownian;n_sim_requested;n_sim_successful_random;n_sim_successful_brownian;method","",,,199,199,199,,,,,,,,,
"20261002T011636Z","full","D_none_n0100_r10","reference","D","caper::phylo.d","none",0,100,10,100,100,0,100,100,100,100,20361001,30270901,30270902,30270903,20372003,"fastphylosig",2,TRUE,199,,,,,,,,,,,,,,,,,,,,,,,"6e4fe17d3f79e2876682e441c1f83c29aef6065bc15d407f27433e4662470a0e","add7d95ad3d6da6748d225791d91987a7b781812378a3afe960d3dcbc495447b","6b8bc123ee2441d1888a47fa4cf8dcbcbe2395d891b1fce5e04940cc9b28269b","413454f4ef1ddaf78d872b5c16a86a7119e3c855c7c49cfcbc8ec88eed4d0781","237bc0d06cbf125fac2b09da403bc87891e54c4ff17fe4fcb0ece80987b45c59","0.3.0","isolated_release_library/fastphylosig","d951ecee19c06f3a144ad76c5039302078747585bb3bf829e6f12db15f54775d","isolated_release_library/fastphylosig/libs/<platform>/fastphylosig","c46a5834babd455b546bc65c6549c42ba51e6b47f3c9f222919b7118a5af3280","1bd40080f1ea537b3c73c838dc98ff84940f1064f4e1c4dbfb2dd5063d999bdb","benchmarks/stage5/documentation_fix_release_20261001/fastphylosig_0.3.0.tar.gz","909b7ad27485dcc2d96a7bb1fc70b65b54e93245d75761aca406b9c52f06cbff","1.0.4",0.0614488124847412,0.965719016916624,"Sys.time",1,TRUE,"not_reported_by_reference","finite_reference_estimate_and_input_audit",TRUE,,"DEstimate;Pval1;Pval0;Parameters;StatesTable;Permutations;NodalVals;binvar;data;nPermut;rnd.bias","",,2,,,,,,,,,,,,
"20261002T011636Z","full","Delta_none_n0100_r10","reference","Delta","Borges2019 delta() [pinned source]","none",0,100,10,100,100,0,100,100,,100,20361001,30270901,30270902,30270903,20372103,"reference",1,FALSE,,10000,10,100,0.1,0.5,2,"LSE","ARD",,,,,,,,,,,,,,,"6e4fe17d3f79e2876682e441c1f83c29aef6065bc15d407f27433e4662470a0e","add7d95ad3d6da6748d225791d91987a7b781812378a3afe960d3dcbc495447b","6b8bc123ee2441d1888a47fa4cf8dcbcbe2395d891b1fce5e04940cc9b28269b","fadc24aec12593de047ab61614cf7886bce119a33ec31afa11750ef7eac63be0","afc1a2d3d92ce32b9bc7b5681c4867f183c63ec7456dd9bd6b69b4e35b7a2b7a","0.3.0","isolated_release_library/fastphylosig","d951ecee19c06f3a144ad76c5039302078747585bb3bf829e6f12db15f54775d","isolated_release_library/fastphylosig/libs/<platform>/fastphylosig","c46a5834babd455b546bc65c6549c42ba51e6b47f3c9f222919b7118a5af3280","1bd40080f1ea537b3c73c838dc98ff84940f1064f4e1c4dbfb2dd5063d999bdb","benchmarks/stage5/documentation_fix_release_20261001/fastphylosig_0.3.0.tar.gz","909b7ad27485dcc2d96a7bb1fc70b65b54e93245d75761aca406b9c52f06cbff","Borges2019-source-sha256:0dc1e987c13f0e972b0e7c3b4829b4d0fdc41ff0de3856bae4803f9ce0115175",1.43178486824036,0.252466174336339,"Sys.time",1,TRUE,"not_reported_by_reference","finite_reference_estimate_and_input_audit",TRUE,,"<numeric>","imaginary parts discarded in coercion || NaNs produced",,3,,,,,,,,,,,,
"20261002T011636Z","full","Delta_none_n0100_r10","fastphylosig","Delta","Borges2019 delta() [pinned source]","none",0,100,10,100,100,0,,,,,20361001,30270901,30270902,30270903,20372102,"reference",2,FALSE,,10000,10,100,0.1,0.5,2,"LSE","ARD","0.1","0.5","10000","10","100","LSE","ARD","fast","1",20000,20000,20000,TRUE,TRUE,"6e4fe17d3f79e2876682e441c1f83c29aef6065bc15d407f27433e4662470a0e","add7d95ad3d6da6748d225791d91987a7b781812378a3afe960d3dcbc495447b","6b8bc123ee2441d1888a47fa4cf8dcbcbe2395d891b1fce5e04940cc9b28269b","fadc24aec12593de047ab61614cf7886bce119a33ec31afa11750ef7eac63be0","afc1a2d3d92ce32b9bc7b5681c4867f183c63ec7456dd9bd6b69b4e35b7a2b7a","0.3.0","isolated_release_library/fastphylosig","d951ecee19c06f3a144ad76c5039302078747585bb3bf829e6f12db15f54775d","isolated_release_library/fastphylosig/libs/<platform>/fastphylosig","c46a5834babd455b546bc65c6549c42ba51e6b47f3c9f222919b7118a5af3280","1bd40080f1ea537b3c73c838dc98ff84940f1064f4e1c4dbfb2dd5063d999bdb","benchmarks/stage5/documentation_fix_release_20261001/fastphylosig_0.3.0.tar.gz","909b7ad27485dcc2d96a7bb1fc70b65b54e93245d75761aca406b9c52f06cbff","Borges2019-source-sha256:0dc1e987c13f0e972b0e7c3b4829b4d0fdc41ff0de3856bae4803f9ce0115175",0.0524928569793701,0.248421043460846,"Sys.time",1,TRUE,"ok","fast_result",TRUE,,"trait;Delta_fast;alpha_mean;beta_mean;n_saved;n_saved_requested;n_saved_successful;alpha_sd;beta_sd;ESS_alpha;ESS_beta;split_Rhat_alpha;split_Rhat_beta;Rhat_alpha;Rhat_beta;alpha_beta_cov;MCSE_Delta;diagnostics_available;diagnostics_note;requested_simulations;successful_simulations;requested_iterations;successful_iterations;requested_permutations;successful_permutations;n_states;n_species;n_removed_na;matched_species;removed_tree_tips;removed_data_rows;status;note;message;estimate;p_value;p_mcse;estimate_mcse;ess_alpha;ess_beta;rhat_alpha;rhat_beta;ESS;ess;Rhat;rhat;n_sim_requested;n_sim_successful;n_iter_requested;n_iter_successful;method","",,3,,,,20000,20000,"TRUE","Diagnostics computed from saved alpha/beta MCMC traces.",1321.634880509,1263.4641391875,0.999129293682012,0.999922047742395,0.000764968466281861
"20261002T011636Z","full","D_moderate_n0100_r10","reference","D","caper::phylo.d","moderate",0.5,100,10,100,100,0,100,100,100,100,20361001,30270901,30270902,30270903,20382003,"reference",1,TRUE,199,,,,,,,,,,,,,,,,,,,,,,,"6e4fe17d3f79e2876682e441c1f83c29aef6065bc15d407f27433e4662470a0e","add7d95ad3d6da6748d225791d91987a7b781812378a3afe960d3dcbc495447b","6b8bc123ee2441d1888a47fa4cf8dcbcbe2395d891b1fce5e04940cc9b28269b","acc1905e33ad85cde5c72bf59cedd83d42ee5e92e2cd7f886df086ec3e514a58","4dc08bd1a2b95ea9a3537a0f5ba644dbf5afc7800eb582d7357205d6e893cc2b","0.3.0","isolated_release_library/fastphylosig","d951ecee19c06f3a144ad76c5039302078747585bb3bf829e6f12db15f54775d","isolated_release_library/fastphylosig/libs/<platform>/fastphylosig","c46a5834babd455b546bc65c6549c42ba51e6b47f3c9f222919b7118a5af3280","1bd40080f1ea537b3c73c838dc98ff84940f1064f4e1c4dbfb2dd5063d999bdb","benchmarks/stage5/documentation_fix_release_20261001/fastphylosig_0.3.0.tar.gz","909b7ad27485dcc2d96a7bb1fc70b65b54e93245d75761aca406b9c52f06cbff","1.0.4",0.0619940757751465,0.530724686668441,"Sys.time",1,TRUE,"not_reported_by_reference","finite_reference_estimate_and_input_audit",TRUE,,"DEstimate;Pval1;Pval0;Parameters;StatesTable;Permutations;NodalVals;binvar;data;nPermut;rnd.bias","",,2,,,,,,,,,,,,
"20261002T011636Z","full","D_moderate_n0100_r10","fastphylosig","D","caper::phylo.d","moderate",0.5,100,10,100,100,0,,,,,20361001,30270901,30270902,30270903,20382002,"reference",2,TRUE,199,,,,,,,,,,,,,,,,,,,,,,,"6e4fe17d3f79e2876682e441c1f83c29aef6065bc15d407f27433e4662470a0e","add7d95ad3d6da6748d225791d91987a7b781812378a3afe960d3dcbc495447b","6b8bc123ee2441d1888a47fa4cf8dcbcbe2395d891b1fce5e04940cc9b28269b","acc1905e33ad85cde5c72bf59cedd83d42ee5e92e2cd7f886df086ec3e514a58","4dc08bd1a2b95ea9a3537a0f5ba644dbf5afc7800eb582d7357205d6e893cc2b","0.3.0","isolated_release_library/fastphylosig","d951ecee19c06f3a144ad76c5039302078747585bb3bf829e6f12db15f54775d","isolated_release_library/fastphylosig/libs/<platform>/fastphylosig","c46a5834babd455b546bc65c6549c42ba51e6b47f3c9f222919b7118a5af3280","1bd40080f1ea537b3c73c838dc98ff84940f1064f4e1c4dbfb2dd5063d999bdb","benchmarks/stage5/documentation_fix_release_20261001/fastphylosig_0.3.0.tar.gz","909b7ad27485dcc2d96a7bb1fc70b65b54e93245d75761aca406b9c52f06cbff","1.0.4",0.0105209350585938,0.530726669810664,"Sys.time",1,TRUE,"ok","fast_result",TRUE,,"trait;D_fast;Pval1_fast;Pval0_fast;P_random;P_Brownian;MCSE_P_random;MCSE_P_Brownian;nsim_requested;nsim_successful_random;nsim_successful_brownian;nsim_failed_random;nsim_failed_brownian;observed;mean_random;mean_brownian;n_species;n_removed_na;matched_species;removed_tree_tips;removed_data_rows;status;note;message;estimate;p_random;p_brownian;p_mcse_random;p_mcse_brownian;MCSE_random;MCSE_Brownian;mcse_random;mcse_brownian;n_sim_requested;n_sim_successful_random;n_sim_successful_brownian;method","",,,199,199,199,,,,,,,,,
"20261002T011636Z","full","Delta_moderate_n0100_r10","fastphylosig","Delta","Borges2019 delta() [pinned source]","moderate",0.5,100,10,100,100,0,,,,,20361001,30270901,30270902,30270903,20382102,"fastphylosig",1,FALSE,,10000,10,100,0.1,0.5,2,"LSE","ARD","0.1","0.5","10000","10","100","LSE","ARD","fast","1",20000,20000,20000,TRUE,TRUE,"6e4fe17d3f79e2876682e441c1f83c29aef6065bc15d407f27433e4662470a0e","add7d95ad3d6da6748d225791d91987a7b781812378a3afe960d3dcbc495447b","6b8bc123ee2441d1888a47fa4cf8dcbcbe2395d891b1fce5e04940cc9b28269b","e0903cad61e60685dce95621ca67a35b17d960840976a7621467f37555c333f0","53f35a42b91466a15670174a3eb1594f14d72b28899fd0cc9e0ec80df0cf1a43","0.3.0","isolated_release_library/fastphylosig","d951ecee19c06f3a144ad76c5039302078747585bb3bf829e6f12db15f54775d","isolated_release_library/fastphylosig/libs/<platform>/fastphylosig","c46a5834babd455b546bc65c6549c42ba51e6b47f3c9f222919b7118a5af3280","1bd40080f1ea537b3c73c838dc98ff84940f1064f4e1c4dbfb2dd5063d999bdb","benchmarks/stage5/documentation_fix_release_20261001/fastphylosig_0.3.0.tar.gz","909b7ad27485dcc2d96a7bb1fc70b65b54e93245d75761aca406b9c52f06cbff","Borges2019-source-sha256:0dc1e987c13f0e972b0e7c3b4829b4d0fdc41ff0de3856bae4803f9ce0115175",0.0339119434356689,1.82277808435304,"Sys.time",1,TRUE,"ok","fast_result",TRUE,,"trait;Delta_fast;alpha_mean;beta_mean;n_saved;n_saved_requested;n_saved_successful;alpha_sd;beta_sd;ESS_alpha;ESS_beta;split_Rhat_alpha;split_Rhat_beta;Rhat_alpha;Rhat_beta;alpha_beta_cov;MCSE_Delta;diagnostics_available;diagnostics_note;requested_simulations;successful_simulations;requested_iterations;successful_iterations;requested_permutations;successful_permutations;n_states;n_species;n_removed_na;matched_species;removed_tree_tips;removed_data_rows;status;note;message;estimate;p_value;p_mcse;estimate_mcse;ess_alpha;ess_beta;rhat_alpha;rhat_beta;ESS;ess;Rhat;rhat;n_sim_requested;n_sim_successful;n_iter_requested;n_iter_successful;method","",,3,,,,20000,20000,"TRUE","Diagnostics computed from saved alpha/beta MCMC traces.",949.759364513846,898.624789008458,1.00228467223534,1.00095075590044,0.00408596144800654
"20261002T011636Z","full","Delta_moderate_n0100_r10","reference","Delta","Borges2019 delta() [pinned source]","moderate",0.5,100,10,100,100,0,100,100,,100,20361001,30270901,30270902,30270903,20382103,"fastphylosig",2,FALSE,,10000,10,100,0.1,0.5,2,"LSE","ARD",,,,,,,,,,,,,,,"6e4fe17d3f79e2876682e441c1f83c29aef6065bc15d407f27433e4662470a0e","add7d95ad3d6da6748d225791d91987a7b781812378a3afe960d3dcbc495447b","6b8bc123ee2441d1888a47fa4cf8dcbcbe2395d891b1fce5e04940cc9b28269b","e0903cad61e60685dce95621ca67a35b17d960840976a7621467f37555c333f0","53f35a42b91466a15670174a3eb1594f14d72b28899fd0cc9e0ec80df0cf1a43","0.3.0","isolated_release_library/fastphylosig","d951ecee19c06f3a144ad76c5039302078747585bb3bf829e6f12db15f54775d","isolated_release_library/fastphylosig/libs/<platform>/fastphylosig","c46a5834babd455b546bc65c6549c42ba51e6b47f3c9f222919b7118a5af3280","1bd40080f1ea537b3c73c838dc98ff84940f1064f4e1c4dbfb2dd5063d999bdb","benchmarks/stage5/documentation_fix_release_20261001/fastphylosig_0.3.0.tar.gz","909b7ad27485dcc2d96a7bb1fc70b65b54e93245d75761aca406b9c52f06cbff","Borges2019-source-sha256:0dc1e987c13f0e972b0e7c3b4829b4d0fdc41ff0de3856bae4803f9ce0115175",1.12146401405334,1.77833698312646,"Sys.time",1,TRUE,"not_reported_by_reference","finite_reference_estimate_and_input_audit",TRUE,,"<numeric>","imaginary parts discarded in coercion || model fit suspicious: gradients apparently non-finite",,3,,,,,,,,,,,,
"20261002T011636Z","full","D_strong_n0100_r10","fastphylosig","D","caper::phylo.d","strong",0.95,100,10,100,100,0,,,,,20361001,30270901,30270902,30270903,20392002,"fastphylosig",1,TRUE,199,,,,,,,,,,,,,,,,,,,,,,,"6e4fe17d3f79e2876682e441c1f83c29aef6065bc15d407f27433e4662470a0e","add7d95ad3d6da6748d225791d91987a7b781812378a3afe960d3dcbc495447b","6b8bc123ee2441d1888a47fa4cf8dcbcbe2395d891b1fce5e04940cc9b28269b","90a374974781f2c401e1a09d45febee96c6237d8d70a0e950c94424e8fa0b4da","eedae4849ee2f64d39422f8bf8cee697f54f7df254f2486e53677c958b6d71a0","0.3.0","isolated_release_library/fastphylosig","d951ecee19c06f3a144ad76c5039302078747585bb3bf829e6f12db15f54775d","isolated_release_library/fastphylosig/libs/<platform>/fastphylosig","c46a5834babd455b546bc65c6549c42ba51e6b47f3c9f222919b7118a5af3280","1bd40080f1ea537b3c73c838dc98ff84940f1064f4e1c4dbfb2dd5063d999bdb","benchmarks/stage5/documentation_fix_release_20261001/fastphylosig_0.3.0.tar.gz","909b7ad27485dcc2d96a7bb1fc70b65b54e93245d75761aca406b9c52f06cbff","1.0.4",0.0106441974639893,0.151796270228644,"Sys.time",1,TRUE,"ok","fast_result",TRUE,,"trait;D_fast;Pval1_fast;Pval0_fast;P_random;P_Brownian;MCSE_P_random;MCSE_P_Brownian;nsim_requested;nsim_successful_random;nsim_successful_brownian;nsim_failed_random;nsim_failed_brownian;observed;mean_random;mean_brownian;n_species;n_removed_na;matched_species;removed_tree_tips;removed_data_rows;status;note;message;estimate;p_random;p_brownian;p_mcse_random;p_mcse_brownian;MCSE_random;MCSE_Brownian;mcse_random;mcse_brownian;n_sim_requested;n_sim_successful_random;n_sim_successful_brownian;method","",,,199,199,199,,,,,,,,,
"20261002T011636Z","full","D_strong_n0100_r10","reference","D","caper::phylo.d","strong",0.95,100,10,100,100,0,100,100,100,100,20361001,30270901,30270902,30270903,20392003,"fastphylosig",2,TRUE,199,,,,,,,,,,,,,,,,,,,,,,,"6e4fe17d3f79e2876682e441c1f83c29aef6065bc15d407f27433e4662470a0e","add7d95ad3d6da6748d225791d91987a7b781812378a3afe960d3dcbc495447b","6b8bc123ee2441d1888a47fa4cf8dcbcbe2395d891b1fce5e04940cc9b28269b","90a374974781f2c401e1a09d45febee96c6237d8d70a0e950c94424e8fa0b4da","eedae4849ee2f64d39422f8bf8cee697f54f7df254f2486e53677c958b6d71a0","0.3.0","isolated_release_library/fastphylosig","d951ecee19c06f3a144ad76c5039302078747585bb3bf829e6f12db15f54775d","isolated_release_library/fastphylosig/libs/<platform>/fastphylosig","c46a5834babd455b546bc65c6549c42ba51e6b47f3c9f222919b7118a5af3280","1bd40080f1ea537b3c73c838dc98ff84940f1064f4e1c4dbfb2dd5063d999bdb","benchmarks/stage5/documentation_fix_release_20261001/fastphylosig_0.3.0.tar.gz","909b7ad27485dcc2d96a7bb1fc70b65b54e93245d75761aca406b9c52f06cbff","1.0.4",0.0611121654510498,0.142247002280881,"Sys.time",1,TRUE,"not_reported_by_reference","finite_reference_estimate_and_input_audit",TRUE,,"DEstimate;Pval1;Pval0;Parameters;StatesTable;Permutations;NodalVals;binvar;data;nPermut;rnd.bias","",,2,,,,,,,,,,,,
"20261002T011636Z","full","Delta_strong_n0100_r10","reference","Delta","Borges2019 delta() [pinned source]","strong",0.95,100,10,100,100,0,100,100,,100,20361001,30270901,30270902,30270903,20392103,"reference",1,FALSE,,10000,10,100,0.1,0.5,2,"LSE","ARD",,,,,,,,,,,,,,,"6e4fe17d3f79e2876682e441c1f83c29aef6065bc15d407f27433e4662470a0e","add7d95ad3d6da6748d225791d91987a7b781812378a3afe960d3dcbc495447b","6b8bc123ee2441d1888a47fa4cf8dcbcbe2395d891b1fce5e04940cc9b28269b","d71d46ae30bb4d15cae3198c1b34dafd5db78c07d577e6d89590b73e3d7a540d","5857827f3f16fef48e1bb20ab6f1675dc68e71bd867e5022e17a6ba8e9ba0367","0.3.0","isolated_release_library/fastphylosig","d951ecee19c06f3a144ad76c5039302078747585bb3bf829e6f12db15f54775d","isolated_release_library/fastphylosig/libs/<platform>/fastphylosig","c46a5834babd455b546bc65c6549c42ba51e6b47f3c9f222919b7118a5af3280","1bd40080f1ea537b3c73c838dc98ff84940f1064f4e1c4dbfb2dd5063d999bdb","benchmarks/stage5/documentation_fix_release_20261001/fastphylosig_0.3.0.tar.gz","909b7ad27485dcc2d96a7bb1fc70b65b54e93245d75761aca406b9c52f06cbff","Borges2019-source-sha256:0dc1e987c13f0e972b0e7c3b4829b4d0fdc41ff0de3856bae4803f9ce0115175",1.14460587501526,3.02660986153332,"Sys.time",1,TRUE,"not_reported_by_reference","finite_reference_estimate_and_input_audit",TRUE,,"<numeric>","NaNs produced || Inf replaced by maximum positive value",,3,,,,,,,,,,,,
"20261002T011636Z","full","Delta_strong_n0100_r10","fastphylosig","Delta","Borges2019 delta() [pinned source]","strong",0.95,100,10,100,100,0,,,,,20361001,30270901,30270902,30270903,20392102,"reference",2,FALSE,,10000,10,100,0.1,0.5,2,"LSE","ARD","0.1","0.5","10000","10","100","LSE","ARD","fast","1",20000,20000,20000,TRUE,TRUE,"6e4fe17d3f79e2876682e441c1f83c29aef6065bc15d407f27433e4662470a0e","add7d95ad3d6da6748d225791d91987a7b781812378a3afe960d3dcbc495447b","6b8bc123ee2441d1888a47fa4cf8dcbcbe2395d891b1fce5e04940cc9b28269b","d71d46ae30bb4d15cae3198c1b34dafd5db78c07d577e6d89590b73e3d7a540d","5857827f3f16fef48e1bb20ab6f1675dc68e71bd867e5022e17a6ba8e9ba0367","0.3.0","isolated_release_library/fastphylosig","d951ecee19c06f3a144ad76c5039302078747585bb3bf829e6f12db15f54775d","isolated_release_library/fastphylosig/libs/<platform>/fastphylosig","c46a5834babd455b546bc65c6549c42ba51e6b47f3c9f222919b7118a5af3280","1bd40080f1ea537b3c73c838dc98ff84940f1064f4e1c4dbfb2dd5063d999bdb","benchmarks/stage5/documentation_fix_release_20261001/fastphylosig_0.3.0.tar.gz","909b7ad27485dcc2d96a7bb1fc70b65b54e93245d75761aca406b9c52f06cbff","Borges2019-source-sha256:0dc1e987c13f0e972b0e7c3b4829b4d0fdc41ff0de3856bae4803f9ce0115175",0.0340580940246582,2.98882312297299,"Sys.time",1,TRUE,"ok","fast_result",TRUE,,"trait;Delta_fast;alpha_mean;beta_mean;n_saved;n_saved_requested;n_saved_successful;alpha_sd;beta_sd;ESS_alpha;ESS_beta;split_Rhat_alpha;split_Rhat_beta;Rhat_alpha;Rhat_beta;alpha_beta_cov;MCSE_Delta;diagnostics_available;diagnostics_note;requested_simulations;successful_simulations;requested_iterations;successful_iterations;requested_permutations;successful_permutations;n_states;n_species;n_removed_na;matched_species;removed_tree_tips;removed_data_rows;status;note;message;estimate;p_value;p_mcse;estimate_mcse;ess_alpha;ess_beta;rhat_alpha;rhat_beta;ESS;ess;Rhat;rhat;n_sim_requested;n_sim_successful;n_iter_requested;n_iter_successful;method","",,3,,,,20000,20000,"TRUE","Diagnostics computed from saved alpha/beta MCMC traces.",989.749127902352,1071.29244861607,1.00031843693246,0.999888694136482,0.007882790694906
"20261002T011636Z","full","D_none_n0500_r01","reference","D","caper::phylo.d","none",0,500,1,500,500,0,500,500,500,500,20760911,70261901,70261902,70261903,20771103,"reference",1,TRUE,199,,,,,,,,,,,,,,,,,,,,,,,"d98d7ba60ca8e70d1b9a2bdd8d78fab5d00ff82cd38002f9bcda442de3fba9aa","81f3eaa17a80c2f10a81256a7475d4800114674615003157089c265bc4b60cd1","bcc49a170da91f97196746b851fbbb2e848c8140145391ac972236ab0eeb9548","a895b280af0f0151cafef73d7ae62f396d652ec0342cb0b02053da28afda5a5d","6fd2ccb68a60b76a249dc399a75ff90689eb68b64c325ef2af3aeaa5e15f8c59","0.3.0","isolated_release_library/fastphylosig","d951ecee19c06f3a144ad76c5039302078747585bb3bf829e6f12db15f54775d","isolated_release_library/fastphylosig/libs/<platform>/fastphylosig","c46a5834babd455b546bc65c6549c42ba51e6b47f3c9f222919b7118a5af3280","1bd40080f1ea537b3c73c838dc98ff84940f1064f4e1c4dbfb2dd5063d999bdb","benchmarks/stage5/documentation_fix_release_20261001/fastphylosig_0.3.0.tar.gz","909b7ad27485dcc2d96a7bb1fc70b65b54e93245d75761aca406b9c52f06cbff","1.0.4",0.705631017684937,1.05185837668048,"Sys.time",1,TRUE,"not_reported_by_reference","finite_reference_estimate_and_input_audit",TRUE,,"DEstimate;Pval1;Pval0;Parameters;StatesTable;Permutations;NodalVals;binvar;data;nPermut;rnd.bias","",,2,,,,,,,,,,,,
"20261002T011636Z","full","D_none_n0500_r01","fastphylosig","D","caper::phylo.d","none",0,500,1,500,500,0,,,,,20760911,70261901,70261902,70261903,20771102,"reference",2,TRUE,199,,,,,,,,,,,,,,,,,,,,,,,"d98d7ba60ca8e70d1b9a2bdd8d78fab5d00ff82cd38002f9bcda442de3fba9aa","81f3eaa17a80c2f10a81256a7475d4800114674615003157089c265bc4b60cd1","bcc49a170da91f97196746b851fbbb2e848c8140145391ac972236ab0eeb9548","a895b280af0f0151cafef73d7ae62f396d652ec0342cb0b02053da28afda5a5d","6fd2ccb68a60b76a249dc399a75ff90689eb68b64c325ef2af3aeaa5e15f8c59","0.3.0","isolated_release_library/fastphylosig","d951ecee19c06f3a144ad76c5039302078747585bb3bf829e6f12db15f54775d","isolated_release_library/fastphylosig/libs/<platform>/fastphylosig","c46a5834babd455b546bc65c6549c42ba51e6b47f3c9f222919b7118a5af3280","1bd40080f1ea537b3c73c838dc98ff84940f1064f4e1c4dbfb2dd5063d999bdb","benchmarks/stage5/documentation_fix_release_20261001/fastphylosig_0.3.0.tar.gz","909b7ad27485dcc2d96a7bb1fc70b65b54e93245d75761aca406b9c52f06cbff","1.0.4",0.0332310199737549,1.04416684818602,"Sys.time",1,TRUE,"ok","fast_result",TRUE,,"trait;D_fast;Pval1_fast;Pval0_fast;P_random;P_Brownian;MCSE_P_random;MCSE_P_Brownian;nsim_requested;nsim_successful_random;nsim_successful_brownian;nsim_failed_random;nsim_failed_brownian;observed;mean_random;mean_brownian;n_species;n_removed_na;matched_species;removed_tree_tips;removed_data_rows;status;note;message;estimate;p_random;p_brownian;p_mcse_random;p_mcse_brownian;MCSE_random;MCSE_Brownian;mcse_random;mcse_brownian;n_sim_requested;n_sim_successful_random;n_sim_successful_brownian;method","",,,199,199,199,,,,,,,,,
"20261002T011636Z","full","Delta_none_n0500_r01","fastphylosig","Delta","Borges2019 delta() [pinned source]","none",0,500,1,500,500,0,,,,,20760911,70261901,70261902,70261903,20771202,"fastphylosig",1,FALSE,,10000,10,100,0.1,0.5,2,"LSE","ARD","0.1","0.5","10000","10","100","LSE","ARD","fast","1",20000,20000,20000,TRUE,TRUE,"d98d7ba60ca8e70d1b9a2bdd8d78fab5d00ff82cd38002f9bcda442de3fba9aa","81f3eaa17a80c2f10a81256a7475d4800114674615003157089c265bc4b60cd1","bcc49a170da91f97196746b851fbbb2e848c8140145391ac972236ab0eeb9548","18363708d93083b8f8a39854c3d155ae71b14e302254eb9f67ff2045153ac1bf","9c80d7b74666ded6c8d161a195f5c170b9c75190e11c02be2f3b72211514dab9","0.3.0","isolated_release_library/fastphylosig","d951ecee19c06f3a144ad76c5039302078747585bb3bf829e6f12db15f54775d","isolated_release_library/fastphylosig/libs/<platform>/fastphylosig","c46a5834babd455b546bc65c6549c42ba51e6b47f3c9f222919b7118a5af3280","1bd40080f1ea537b3c73c838dc98ff84940f1064f4e1c4dbfb2dd5063d999bdb","benchmarks/stage5/documentation_fix_release_20261001/fastphylosig_0.3.0.tar.gz","909b7ad27485dcc2d96a7bb1fc70b65b54e93245d75761aca406b9c52f06cbff","Borges2019-source-sha256:0dc1e987c13f0e972b0e7c3b4829b4d0fdc41ff0de3856bae4803f9ce0115175",0.327879190444946,0.163465811012572,"Sys.time",1,TRUE,"ok","fast_result",TRUE,,"trait;Delta_fast;alpha_mean;beta_mean;n_saved;n_saved_requested;n_saved_successful;alpha_sd;beta_sd;ESS_alpha;ESS_beta;split_Rhat_alpha;split_Rhat_beta;Rhat_alpha;Rhat_beta;alpha_beta_cov;MCSE_Delta;diagnostics_available;diagnostics_note;requested_simulations;successful_simulations;requested_iterations;successful_iterations;requested_permutations;successful_permutations;n_states;n_species;n_removed_na;matched_species;removed_tree_tips;removed_data_rows;status;note;message;estimate;p_value;p_mcse;estimate_mcse;ess_alpha;ess_beta;rhat_alpha;rhat_beta;ESS;ess;Rhat;rhat;n_sim_requested;n_sim_successful;n_iter_requested;n_iter_successful;method","",,3,,,,20000,20000,"TRUE","Diagnostics computed from saved alpha/beta MCMC traces.",768.23308208676,675.991291826101,1.00474323929028,1.00622195244245,0.000247578992184761
"20261002T011636Z","full","Delta_none_n0500_r01","reference","Delta","Borges2019 delta() [pinned source]","none",0,500,1,500,500,0,500,500,,500,20760911,70261901,70261902,70261903,20771203,"fastphylosig",2,FALSE,,10000,10,100,0.1,0.5,2,"LSE","ARD",,,,,,,,,,,,,,,"d98d7ba60ca8e70d1b9a2bdd8d78fab5d00ff82cd38002f9bcda442de3fba9aa","81f3eaa17a80c2f10a81256a7475d4800114674615003157089c265bc4b60cd1","bcc49a170da91f97196746b851fbbb2e848c8140145391ac972236ab0eeb9548","18363708d93083b8f8a39854c3d155ae71b14e302254eb9f67ff2045153ac1bf","9c80d7b74666ded6c8d161a195f5c170b9c75190e11c02be2f3b72211514dab9","0.3.0","isolated_release_library/fastphylosig","d951ecee19c06f3a144ad76c5039302078747585bb3bf829e6f12db15f54775d","isolated_release_library/fastphylosig/libs/<platform>/fastphylosig","c46a5834babd455b546bc65c6549c42ba51e6b47f3c9f222919b7118a5af3280","1bd40080f1ea537b3c73c838dc98ff84940f1064f4e1c4dbfb2dd5063d999bdb","benchmarks/stage5/documentation_fix_release_20261001/fastphylosig_0.3.0.tar.gz","909b7ad27485dcc2d96a7bb1fc70b65b54e93245d75761aca406b9c52f06cbff","Borges2019-source-sha256:0dc1e987c13f0e972b0e7c3b4829b4d0fdc41ff0de3856bae4803f9ce0115175",6.64207601547241,0.163935013641676,"Sys.time",1,TRUE,"not_reported_by_reference","finite_reference_estimate_and_input_audit",TRUE,,"<numeric>","imaginary parts discarded in coercion || NaNs produced",,3,,,,,,,,,,,,
"20261002T011636Z","full","D_moderate_n0500_r01","fastphylosig","D","caper::phylo.d","moderate",0.5,500,1,500,500,0,,,,,20760911,70261901,70261902,70261903,20781102,"fastphylosig",1,TRUE,199,,,,,,,,,,,,,,,,,,,,,,,"d98d7ba60ca8e70d1b9a2bdd8d78fab5d00ff82cd38002f9bcda442de3fba9aa","81f3eaa17a80c2f10a81256a7475d4800114674615003157089c265bc4b60cd1","bcc49a170da91f97196746b851fbbb2e848c8140145391ac972236ab0eeb9548","c4480b6e8bcd0e4e22bb9a3d0830db809f5ed0154ab0797b32cb950413ac06ba","2a6fa1013bdaa54c7cbb168ac09e02a36a1e7bf976415e38816e21bfe9cd2056","0.3.0","isolated_release_library/fastphylosig","d951ecee19c06f3a144ad76c5039302078747585bb3bf829e6f12db15f54775d","isolated_release_library/fastphylosig/libs/<platform>/fastphylosig","c46a5834babd455b546bc65c6549c42ba51e6b47f3c9f222919b7118a5af3280","1bd40080f1ea537b3c73c838dc98ff84940f1064f4e1c4dbfb2dd5063d999bdb","benchmarks/stage5/documentation_fix_release_20261001/fastphylosig_0.3.0.tar.gz","909b7ad27485dcc2d96a7bb1fc70b65b54e93245d75761aca406b9c52f06cbff","1.0.4",0.0322120189666748,0.662115514264169,"Sys.time",1,TRUE,"ok","fast_result",TRUE,,"trait;D_fast;Pval1_fast;Pval0_fast;P_random;P_Brownian;MCSE_P_random;MCSE_P_Brownian;nsim_requested;nsim_successful_random;nsim_successful_brownian;nsim_failed_random;nsim_failed_brownian;observed;mean_random;mean_brownian;n_species;n_removed_na;matched_species;removed_tree_tips;removed_data_rows;status;note;message;estimate;p_random;p_brownian;p_mcse_random;p_mcse_brownian;MCSE_random;MCSE_Brownian;mcse_random;mcse_brownian;n_sim_requested;n_sim_successful_random;n_sim_successful_brownian;method","",,,199,199,199,,,,,,,,,
"20261002T011636Z","full","D_moderate_n0500_r01","reference","D","caper::phylo.d","moderate",0.5,500,1,500,500,0,500,500,500,500,20760911,70261901,70261902,70261903,20781103,"fastphylosig",2,TRUE,199,,,,,,,,,,,,,,,,,,,,,,,"d98d7ba60ca8e70d1b9a2bdd8d78fab5d00ff82cd38002f9bcda442de3fba9aa","81f3eaa17a80c2f10a81256a7475d4800114674615003157089c265bc4b60cd1","bcc49a170da91f97196746b851fbbb2e848c8140145391ac972236ab0eeb9548","c4480b6e8bcd0e4e22bb9a3d0830db809f5ed0154ab0797b32cb950413ac06ba","2a6fa1013bdaa54c7cbb168ac09e02a36a1e7bf976415e38816e21bfe9cd2056","0.3.0","isolated_release_library/fastphylosig","d951ecee19c06f3a144ad76c5039302078747585bb3bf829e6f12db15f54775d","isolated_release_library/fastphylosig/libs/<platform>/fastphylosig","c46a5834babd455b546bc65c6549c42ba51e6b47f3c9f222919b7118a5af3280","1bd40080f1ea537b3c73c838dc98ff84940f1064f4e1c4dbfb2dd5063d999bdb","benchmarks/stage5/documentation_fix_release_20261001/fastphylosig_0.3.0.tar.gz","909b7ad27485dcc2d96a7bb1fc70b65b54e93245d75761aca406b9c52f06cbff","1.0.4",0.680131912231445,0.670039407017648,"Sys.time",1,TRUE,"not_reported_by_reference","finite_reference_estimate_and_input_audit",TRUE,,"DEstimate;Pval1;Pval0;Parameters;StatesTable;Permutations;NodalVals;binvar;data;nPermut;rnd.bias","",,2,,,,,,,,,,,,
"20261002T011636Z","full","Delta_moderate_n0500_r01","reference","Delta","Borges2019 delta() [pinned source]","moderate",0.5,500,1,500,500,0,500,500,,500,20760911,70261901,70261902,70261903,20781203,"reference",1,FALSE,,10000,10,100,0.1,0.5,2,"LSE","ARD",,,,,,,,,,,,,,,"d98d7ba60ca8e70d1b9a2bdd8d78fab5d00ff82cd38002f9bcda442de3fba9aa","81f3eaa17a80c2f10a81256a7475d4800114674615003157089c265bc4b60cd1","bcc49a170da91f97196746b851fbbb2e848c8140145391ac972236ab0eeb9548","46ee5a107deaadae3100cc6b7171188d9ca38c22991757007fb193983aff5f85","225626e656a2fac6ee800c90084a87cadc948fde800ff95dffd77d78276b418c","0.3.0","isolated_release_library/fastphylosig","d951ecee19c06f3a144ad76c5039302078747585bb3bf829e6f12db15f54775d","isolated_release_library/fastphylosig/libs/<platform>/fastphylosig","c46a5834babd455b546bc65c6549c42ba51e6b47f3c9f222919b7118a5af3280","1bd40080f1ea537b3c73c838dc98ff84940f1064f4e1c4dbfb2dd5063d999bdb","benchmarks/stage5/documentation_fix_release_20261001/fastphylosig_0.3.0.tar.gz","909b7ad27485dcc2d96a7bb1fc70b65b54e93245d75761aca406b9c52f06cbff","Borges2019-source-sha256:0dc1e987c13f0e972b0e7c3b4829b4d0fdc41ff0de3856bae4803f9ce0115175",3.42661714553833,1.63136513340473,"Sys.time",1,TRUE,"not_reported_by_reference","finite_reference_estimate_and_input_audit",TRUE,,"<numeric>","NaNs produced || Inf replaced by maximum positive value",,3,,,,,,,,,,,,
"20261002T011636Z","full","Delta_moderate_n0500_r01","fastphylosig","Delta","Borges2019 delta() [pinned source]","moderate",0.5,500,1,500,500,0,,,,,20760911,70261901,70261902,70261903,20781202,"reference",2,FALSE,,10000,10,100,0.1,0.5,2,"LSE","ARD","0.1","0.5","10000","10","100","LSE","ARD","fast","1",20000,20000,20000,TRUE,TRUE,"d98d7ba60ca8e70d1b9a2bdd8d78fab5d00ff82cd38002f9bcda442de3fba9aa","81f3eaa17a80c2f10a81256a7475d4800114674615003157089c265bc4b60cd1","bcc49a170da91f97196746b851fbbb2e848c8140145391ac972236ab0eeb9548","46ee5a107deaadae3100cc6b7171188d9ca38c22991757007fb193983aff5f85","225626e656a2fac6ee800c90084a87cadc948fde800ff95dffd77d78276b418c","0.3.0","isolated_release_library/fastphylosig","d951ecee19c06f3a144ad76c5039302078747585bb3bf829e6f12db15f54775d","isolated_release_library/fastphylosig/libs/<platform>/fastphylosig","c46a5834babd455b546bc65c6549c42ba51e6b47f3c9f222919b7118a5af3280","1bd40080f1ea537b3c73c838dc98ff84940f1064f4e1c4dbfb2dd5063d999bdb","benchmarks/stage5/documentation_fix_release_20261001/fastphylosig_0.3.0.tar.gz","909b7ad27485dcc2d96a7bb1fc70b65b54e93245d75761aca406b9c52f06cbff","Borges2019-source-sha256:0dc1e987c13f0e972b0e7c3b4829b4d0fdc41ff0de3856bae4803f9ce0115175",0.0973999500274658,1.62980410558685,"Sys.time",1,TRUE,"ok","fast_result",TRUE,,"trait;Delta_fast;alpha_mean;beta_mean;n_saved;n_saved_requested;n_saved_successful;alpha_sd;beta_sd;ESS_alpha;ESS_beta;split_Rhat_alpha;split_Rhat_beta;Rhat_alpha;Rhat_beta;alpha_beta_cov;MCSE_Delta;diagnostics_available;diagnostics_note;requested_simulations;successful_simulations;requested_iterations;successful_iterations;requested_permutations;successful_permutations;n_states;n_species;n_removed_na;matched_species;removed_tree_tips;removed_data_rows;status;note;message;estimate;p_value;p_mcse;estimate_mcse;ess_alpha;ess_beta;rhat_alpha;rhat_beta;ESS;ess;Rhat;rhat;n_sim_requested;n_sim_successful;n_iter_requested;n_iter_successful;method","",,3,,,,20000,20000,"TRUE","Diagnostics computed from saved alpha/beta MCMC traces.",505.048445848645,530.443126523772,0.999595898690473,1.00032123622792,0.00191307692508196
"20261002T011636Z","full","D_strong_n0500_r01","reference","D","caper::phylo.d","strong",0.95,500,1,500,500,0,500,500,500,500,20760911,70261901,70261902,70261903,20791103,"reference",1,TRUE,199,,,,,,,,,,,,,,,,,,,,,,,"d98d7ba60ca8e70d1b9a2bdd8d78fab5d00ff82cd38002f9bcda442de3fba9aa","81f3eaa17a80c2f10a81256a7475d4800114674615003157089c265bc4b60cd1","bcc49a170da91f97196746b851fbbb2e848c8140145391ac972236ab0eeb9548","18dba2cf58e59939089e6668b4d3499530c54aba3b61b672760a24f8274d48e7","60c8c5b27db6a074701390dbdd618ed78c09202e9a6ffc1990d0396dc6a243be","0.3.0","isolated_release_library/fastphylosig","d951ecee19c06f3a144ad76c5039302078747585bb3bf829e6f12db15f54775d","isolated_release_library/fastphylosig/libs/<platform>/fastphylosig","c46a5834babd455b546bc65c6549c42ba51e6b47f3c9f222919b7118a5af3280","1bd40080f1ea537b3c73c838dc98ff84940f1064f4e1c4dbfb2dd5063d999bdb","benchmarks/stage5/documentation_fix_release_20261001/fastphylosig_0.3.0.tar.gz","909b7ad27485dcc2d96a7bb1fc70b65b54e93245d75761aca406b9c52f06cbff","1.0.4",0.71846604347229,0.166659771003083,"Sys.time",1,TRUE,"not_reported_by_reference","finite_reference_estimate_and_input_audit",TRUE,,"DEstimate;Pval1;Pval0;Parameters;StatesTable;Permutations;NodalVals;binvar;data;nPermut;rnd.bias","",,2,,,,,,,,,,,,
"20261002T011636Z","full","D_strong_n0500_r01","fastphylosig","D","caper::phylo.d","strong",0.95,500,1,500,500,0,,,,,20760911,70261901,70261902,70261903,20791102,"reference",2,TRUE,199,,,,,,,,,,,,,,,,,,,,,,,"d98d7ba60ca8e70d1b9a2bdd8d78fab5d00ff82cd38002f9bcda442de3fba9aa","81f3eaa17a80c2f10a81256a7475d4800114674615003157089c265bc4b60cd1","bcc49a170da91f97196746b851fbbb2e848c8140145391ac972236ab0eeb9548","18dba2cf58e59939089e6668b4d3499530c54aba3b61b672760a24f8274d48e7","60c8c5b27db6a074701390dbdd618ed78c09202e9a6ffc1990d0396dc6a243be","0.3.0","isolated_release_library/fastphylosig","d951ecee19c06f3a144ad76c5039302078747585bb3bf829e6f12db15f54775d","isolated_release_library/fastphylosig/libs/<platform>/fastphylosig","c46a5834babd455b546bc65c6549c42ba51e6b47f3c9f222919b7118a5af3280","1bd40080f1ea537b3c73c838dc98ff84940f1064f4e1c4dbfb2dd5063d999bdb","benchmarks/stage5/documentation_fix_release_20261001/fastphylosig_0.3.0.tar.gz","909b7ad27485dcc2d96a7bb1fc70b65b54e93245d75761aca406b9c52f06cbff","1.0.4",0.0315330028533936,0.174754433023931,"Sys.time",1,TRUE,"ok","fast_result",TRUE,,"trait;D_fast;Pval1_fast;Pval0_fast;P_random;P_Brownian;MCSE_P_random;MCSE_P_Brownian;nsim_requested;nsim_successful_random;nsim_successful_brownian;nsim_failed_random;nsim_failed_brownian;observed;mean_random;mean_brownian;n_species;n_removed_na;matched_species;removed_tree_tips;removed_data_rows;status;note;message;estimate;p_random;p_brownian;p_mcse_random;p_mcse_brownian;MCSE_random;MCSE_Brownian;mcse_random;mcse_brownian;n_sim_requested;n_sim_successful_random;n_sim_successful_brownian;method","",,,199,199,199,,,,,,,,,
"20261002T011636Z","full","Delta_strong_n0500_r01","fastphylosig","Delta","Borges2019 delta() [pinned source]","strong",0.95,500,1,500,500,0,,,,,20760911,70261901,70261902,70261903,20791202,"fastphylosig",1,FALSE,,10000,10,100,0.1,0.5,2,"LSE","ARD","0.1","0.5","10000","10","100","LSE","ARD","fast","1",20000,20000,20000,TRUE,TRUE,"d98d7ba60ca8e70d1b9a2bdd8d78fab5d00ff82cd38002f9bcda442de3fba9aa","81f3eaa17a80c2f10a81256a7475d4800114674615003157089c265bc4b60cd1","bcc49a170da91f97196746b851fbbb2e848c8140145391ac972236ab0eeb9548","71c42fd6174541e3261fca1b92b3dd1f298ffca9135c33cafa00126428ab864b","9ece5cc642e0d06e9cbdf90c851678807d1f692f56fd4f44ad5f30db6043dfef","0.3.0","isolated_release_library/fastphylosig","d951ecee19c06f3a144ad76c5039302078747585bb3bf829e6f12db15f54775d","isolated_release_library/fastphylosig/libs/<platform>/fastphylosig","c46a5834babd455b546bc65c6549c42ba51e6b47f3c9f222919b7118a5af3280","1bd40080f1ea537b3c73c838dc98ff84940f1064f4e1c4dbfb2dd5063d999bdb","benchmarks/stage5/documentation_fix_release_20261001/fastphylosig_0.3.0.tar.gz","909b7ad27485dcc2d96a7bb1fc70b65b54e93245d75761aca406b9c52f06cbff","Borges2019-source-sha256:0dc1e987c13f0e972b0e7c3b4829b4d0fdc41ff0de3856bae4803f9ce0115175",0.090684175491333,5.65088228447101,"Sys.time",1,TRUE,"ok","fast_result",TRUE,,"trait;Delta_fast;alpha_mean;beta_mean;n_saved;n_saved_requested;n_saved_successful;alpha_sd;beta_sd;ESS_alpha;ESS_beta;split_Rhat_alpha;split_Rhat_beta;Rhat_alpha;Rhat_beta;alpha_beta_cov;MCSE_Delta;diagnostics_available;diagnostics_note;requested_simulations;successful_simulations;requested_iterations;successful_iterations;requested_permutations;successful_permutations;n_states;n_species;n_removed_na;matched_species;removed_tree_tips;removed_data_rows;status;note;message;estimate;p_value;p_mcse;estimate_mcse;ess_alpha;ess_beta;rhat_alpha;rhat_beta;ESS;ess;Rhat;rhat;n_sim_requested;n_sim_successful;n_iter_requested;n_iter_successful;method","",,3,,,,20000,20000,"TRUE","Diagnostics computed from saved alpha/beta MCMC traces.",710.241204616172,666.434395674335,1.00153608712027,1.00141029778434,0.00950397008820903
"20261002T011636Z","full","Delta_strong_n0500_r01","reference","Delta","Borges2019 delta() [pinned source]","strong",0.95,500,1,500,500,0,500,500,,500,20760911,70261901,70261902,70261903,20791203,"fastphylosig",2,FALSE,,10000,10,100,0.1,0.5,2,"LSE","ARD",,,,,,,,,,,,,,,"d98d7ba60ca8e70d1b9a2bdd8d78fab5d00ff82cd38002f9bcda442de3fba9aa","81f3eaa17a80c2f10a81256a7475d4800114674615003157089c265bc4b60cd1","bcc49a170da91f97196746b851fbbb2e848c8140145391ac972236ab0eeb9548","71c42fd6174541e3261fca1b92b3dd1f298ffca9135c33cafa00126428ab864b","9ece5cc642e0d06e9cbdf90c851678807d1f692f56fd4f44ad5f30db6043dfef","0.3.0","isolated_release_library/fastphylosig","d951ecee19c06f3a144ad76c5039302078747585bb3bf829e6f12db15f54775d","isolated_release_library/fastphylosig/libs/<platform>/fastphylosig","c46a5834babd455b546bc65c6549c42ba51e6b47f3c9f222919b7118a5af3280","1bd40080f1ea537b3c73c838dc98ff84940f1064f4e1c4dbfb2dd5063d999bdb","benchmarks/stage5/documentation_fix_release_20261001/fastphylosig_0.3.0.tar.gz","909b7ad27485dcc2d96a7bb1fc70b65b54e93245d75761aca406b9c52f06cbff","Borges2019-source-sha256:0dc1e987c13f0e972b0e7c3b4829b4d0fdc41ff0de3856bae4803f9ce0115175",3.22565507888794,5.65634246778562,"Sys.time",1,TRUE,"not_reported_by_reference","finite_reference_estimate_and_input_audit",TRUE,,"<numeric>","NaNs produced || Inf replaced by maximum positive value",,3,,,,,,,,,,,,
"20261002T011636Z","full","D_none_n0500_r02","fastphylosig","D","caper::phylo.d","none",0,500,2,500,500,0,,,,,20760921,70262901,70262902,70262903,20771202,"fastphylosig",1,TRUE,199,,,,,,,,,,,,,,,,,,,,,,,"f5b4eafec5e69e70bc3b134b9d62771fa4ab134fd5e69b171b6b6b6877a3e711","132bfbdcaa47a1b5cdda37585be543717d327dba96531949ea67bb44ab061e4b","6dea711a2423362ce5add60bea91557e5cf611c05fc03fe7b2b38caa6f176aa3","d856445743e3fb03a8b24459557ea252676ca4ed562548960f0b5d6e7c3e6c33","48ae6be3c7460a619c8303ac5dc5965f3404b9973e6c41ab2222b8a1e274c39b","0.3.0","isolated_release_library/fastphylosig","d951ecee19c06f3a144ad76c5039302078747585bb3bf829e6f12db15f54775d","isolated_release_library/fastphylosig/libs/<platform>/fastphylosig","c46a5834babd455b546bc65c6549c42ba51e6b47f3c9f222919b7118a5af3280","1bd40080f1ea537b3c73c838dc98ff84940f1064f4e1c4dbfb2dd5063d999bdb","benchmarks/stage5/documentation_fix_release_20261001/fastphylosig_0.3.0.tar.gz","909b7ad27485dcc2d96a7bb1fc70b65b54e93245d75761aca406b9c52f06cbff","1.0.4",0.0330920219421387,1.06434312660073,"Sys.time",1,TRUE,"ok","fast_result",TRUE,,"trait;D_fast;Pval1_fast;Pval0_fast;P_random;P_Brownian;MCSE_P_random;MCSE_P_Brownian;nsim_requested;nsim_successful_random;nsim_successful_brownian;nsim_failed_random;nsim_failed_brownian;observed;mean_random;mean_brownian;n_species;n_removed_na;matched_species;removed_tree_tips;removed_data_rows;status;note;message;estimate;p_random;p_brownian;p_mcse_random;p_mcse_brownian;MCSE_random;MCSE_Brownian;mcse_random;mcse_brownian;n_sim_requested;n_sim_successful_random;n_sim_successful_brownian;method","",,,199,199,199,,,,,,,,,
"20261002T011636Z","full","D_none_n0500_r02","reference","D","caper::phylo.d","none",0,500,2,500,500,0,500,500,500,500,20760921,70262901,70262902,70262903,20771203,"fastphylosig",2,TRUE,199,,,,,,,,,,,,,,,,,,,,,,,"f5b4eafec5e69e70bc3b134b9d62771fa4ab134fd5e69b171b6b6b6877a3e711","132bfbdcaa47a1b5cdda37585be543717d327dba96531949ea67bb44ab061e4b","6dea711a2423362ce5add60bea91557e5cf611c05fc03fe7b2b38caa6f176aa3","d856445743e3fb03a8b24459557ea252676ca4ed562548960f0b5d6e7c3e6c33","48ae6be3c7460a619c8303ac5dc5965f3404b9973e6c41ab2222b8a1e274c39b","0.3.0","isolated_release_library/fastphylosig","d951ecee19c06f3a144ad76c5039302078747585bb3bf829e6f12db15f54775d","isolated_release_library/fastphylosig/libs/<platform>/fastphylosig","c46a5834babd455b546bc65c6549c42ba51e6b47f3c9f222919b7118a5af3280","1bd40080f1ea537b3c73c838dc98ff84940f1064f4e1c4dbfb2dd5063d999bdb","benchmarks/stage5/documentation_fix_release_20261001/fastphylosig_0.3.0.tar.gz","909b7ad27485dcc2d96a7bb1fc70b65b54e93245d75761aca406b9c52f06cbff","1.0.4",0.664859056472778,1.0685120926096,"Sys.time",1,TRUE,"not_reported_by_reference","finite_reference_estimate_and_input_audit",TRUE,,"DEstimate;Pval1;Pval0;Parameters;StatesTable;Permutations;NodalVals;binvar;data;nPermut;rnd.bias","",,2,,,,,,,,,,,,
"20261002T011636Z","full","Delta_none_n0500_r02","reference","Delta","Borges2019 delta() [pinned source]","none",0,500,2,500,500,0,500,500,,500,20760921,70262901,70262902,70262903,20771303,"reference",1,FALSE,,10000,10,100,0.1,0.5,2,"LSE","ARD",,,,,,,,,,,,,,,"f5b4eafec5e69e70bc3b134b9d62771fa4ab134fd5e69b171b6b6b6877a3e711","132bfbdcaa47a1b5cdda37585be543717d327dba96531949ea67bb44ab061e4b","6dea711a2423362ce5add60bea91557e5cf611c05fc03fe7b2b38caa6f176aa3","c80b60fe55a0d827c9cb18113087c7a13ea774a20935ed8eaad83f9f255a655f","1f69f0d3e40f902f47230d94e23369d37d601be3777f4813b67929f101fad881","0.3.0","isolated_release_library/fastphylosig","d951ecee19c06f3a144ad76c5039302078747585bb3bf829e6f12db15f54775d","isolated_release_library/fastphylosig/libs/<platform>/fastphylosig","c46a5834babd455b546bc65c6549c42ba51e6b47f3c9f222919b7118a5af3280","1bd40080f1ea537b3c73c838dc98ff84940f1064f4e1c4dbfb2dd5063d999bdb","benchmarks/stage5/documentation_fix_release_20261001/fastphylosig_0.3.0.tar.gz","909b7ad27485dcc2d96a7bb1fc70b65b54e93245d75761aca406b9c52f06cbff","Borges2019-source-sha256:0dc1e987c13f0e972b0e7c3b4829b4d0fdc41ff0de3856bae4803f9ce0115175",4.54799199104309,0.00356065073679876,"Sys.time",1,TRUE,"not_reported_by_reference","finite_reference_estimate_and_input_audit",TRUE,,"<numeric>","imaginary parts discarded in coercion || model fit suspicious: gradients apparently non-finite",,3,,,,,,,,,,,,
"20261002T011636Z","full","Delta_none_n0500_r02","fastphylosig","Delta","Borges2019 delta() [pinned source]","none",0,500,2,500,500,0,,,,,20760921,70262901,70262902,70262903,20771302,"reference",2,FALSE,,10000,10,100,0.1,0.5,2,"LSE","ARD","0.1","0.5","10000","10","100","LSE","ARD","fast","1",20000,20000,20000,TRUE,TRUE,"f5b4eafec5e69e70bc3b134b9d62771fa4ab134fd5e69b171b6b6b6877a3e711","132bfbdcaa47a1b5cdda37585be543717d327dba96531949ea67bb44ab061e4b","6dea711a2423362ce5add60bea91557e5cf611c05fc03fe7b2b38caa6f176aa3","c80b60fe55a0d827c9cb18113087c7a13ea774a20935ed8eaad83f9f255a655f","1f69f0d3e40f902f47230d94e23369d37d601be3777f4813b67929f101fad881","0.3.0","isolated_release_library/fastphylosig","d951ecee19c06f3a144ad76c5039302078747585bb3bf829e6f12db15f54775d","isolated_release_library/fastphylosig/libs/<platform>/fastphylosig","c46a5834babd455b546bc65c6549c42ba51e6b47f3c9f222919b7118a5af3280","1bd40080f1ea537b3c73c838dc98ff84940f1064f4e1c4dbfb2dd5063d999bdb","benchmarks/stage5/documentation_fix_release_20261001/fastphylosig_0.3.0.tar.gz","909b7ad27485dcc2d96a7bb1fc70b65b54e93245d75761aca406b9c52f06cbff","Borges2019-source-sha256:0dc1e987c13f0e972b0e7c3b4829b4d0fdc41ff0de3856bae4803f9ce0115175",0.187011003494263,0.00312700878330259,"Sys.time",1,TRUE,"ok","fast_result",TRUE,,"trait;Delta_fast;alpha_mean;beta_mean;n_saved;n_saved_requested;n_saved_successful;alpha_sd;beta_sd;ESS_alpha;ESS_beta;split_Rhat_alpha;split_Rhat_beta;Rhat_alpha;Rhat_beta;alpha_beta_cov;MCSE_Delta;diagnostics_available;diagnostics_note;requested_simulations;successful_simulations;requested_iterations;successful_iterations;requested_permutations;successful_permutations;n_states;n_species;n_removed_na;matched_species;removed_tree_tips;removed_data_rows;status;note;message;estimate;p_value;p_mcse;estimate_mcse;ess_alpha;ess_beta;rhat_alpha;rhat_beta;ESS;ess;Rhat;rhat;n_sim_requested;n_sim_successful;n_iter_requested;n_iter_successful;method","",,3,,,,20000,20000,"TRUE","Diagnostics computed from saved alpha/beta MCMC traces.",52.4073842253245,52.3761892265689,1.06049612298708,1.05721894997582,2.38082290860191e-06
"20261002T011636Z","full","D_moderate_n0500_r02","reference","D","caper::phylo.d","moderate",0.5,500,2,500,500,0,500,500,500,500,20760921,70262901,70262902,70262903,20781203,"reference",1,TRUE,199,,,,,,,,,,,,,,,,,,,,,,,"f5b4eafec5e69e70bc3b134b9d62771fa4ab134fd5e69b171b6b6b6877a3e711","132bfbdcaa47a1b5cdda37585be543717d327dba96531949ea67bb44ab061e4b","6dea711a2423362ce5add60bea91557e5cf611c05fc03fe7b2b38caa6f176aa3","561bd0c54ab6f9687e85da97f80aa8118f422ed307d11a8405c5553d50397573","cc017616fbd74d5a3f48acae06f76efab54cc3eca1b7aa40081144112a011d42","0.3.0","isolated_release_library/fastphylosig","d951ecee19c06f3a144ad76c5039302078747585bb3bf829e6f12db15f54775d","isolated_release_library/fastphylosig/libs/<platform>/fastphylosig","c46a5834babd455b546bc65c6549c42ba51e6b47f3c9f222919b7118a5af3280","1bd40080f1ea537b3c73c838dc98ff84940f1064f4e1c4dbfb2dd5063d999bdb","benchmarks/stage5/documentation_fix_release_20261001/fastphylosig_0.3.0.tar.gz","909b7ad27485dcc2d96a7bb1fc70b65b54e93245d75761aca406b9c52f06cbff","1.0.4",0.669993162155151,0.774715725159797,"Sys.time",1,TRUE,"not_reported_by_reference","finite_reference_estimate_and_input_audit",TRUE,,"DEstimate;Pval1;Pval0;Parameters;StatesTable;Permutations;NodalVals;binvar;data;nPermut;rnd.bias","",,2,,,,,,,,,,,,
"20261002T011636Z","full","D_moderate_n0500_r02","fastphylosig","D","caper::phylo.d","moderate",0.5,500,2,500,500,0,,,,,20760921,70262901,70262902,70262903,20781202,"reference",2,TRUE,199,,,,,,,,,,,,,,,,,,,,,,,"f5b4eafec5e69e70bc3b134b9d62771fa4ab134fd5e69b171b6b6b6877a3e711","132bfbdcaa47a1b5cdda37585be543717d327dba96531949ea67bb44ab061e4b","6dea711a2423362ce5add60bea91557e5cf611c05fc03fe7b2b38caa6f176aa3","561bd0c54ab6f9687e85da97f80aa8118f422ed307d11a8405c5553d50397573","cc017616fbd74d5a3f48acae06f76efab54cc3eca1b7aa40081144112a011d42","0.3.0","isolated_release_library/fastphylosig","d951ecee19c06f3a144ad76c5039302078747585bb3bf829e6f12db15f54775d","isolated_release_library/fastphylosig/libs/<platform>/fastphylosig","c46a5834babd455b546bc65c6549c42ba51e6b47f3c9f222919b7118a5af3280","1bd40080f1ea537b3c73c838dc98ff84940f1064f4e1c4dbfb2dd5063d999bdb","benchmarks/stage5/documentation_fix_release_20261001/fastphylosig_0.3.0.tar.gz","909b7ad27485dcc2d96a7bb1fc70b65b54e93245d75761aca406b9c52f06cbff","1.0.4",0.032135009765625,0.774380297586184,"Sys.time",1,TRUE,"ok","fast_result",TRUE,,"trait;D_fast;Pval1_fast;Pval0_fast;P_random;P_Brownian;MCSE_P_random;MCSE_P_Brownian;nsim_requested;nsim_successful_random;nsim_successful_brownian;nsim_failed_random;nsim_failed_brownian;observed;mean_random;mean_brownian;n_species;n_removed_na;matched_species;removed_tree_tips;removed_data_rows;status;note;message;estimate;p_random;p_brownian;p_mcse_random;p_mcse_brownian;MCSE_random;MCSE_Brownian;mcse_random;mcse_brownian;n_sim_requested;n_sim_successful_random;n_sim_successful_brownian;method","",,,199,199,199,,,,,,,,,
"20261002T011636Z","full","Delta_moderate_n0500_r02","fastphylosig","Delta","Borges2019 delta() [pinned source]","moderate",0.5,500,2,500,500,0,,,,,20760921,70262901,70262902,70262903,20781302,"fastphylosig",1,FALSE,,10000,10,100,0.1,0.5,2,"LSE","ARD","0.1","0.5","10000","10","100","LSE","ARD","fast","1",20000,20000,20000,TRUE,TRUE,"f5b4eafec5e69e70bc3b134b9d62771fa4ab134fd5e69b171b6b6b6877a3e711","132bfbdcaa47a1b5cdda37585be543717d327dba96531949ea67bb44ab061e4b","6dea711a2423362ce5add60bea91557e5cf611c05fc03fe7b2b38caa6f176aa3","1a46ad597ca01230a025ea8997adb15ccda5dc556728d050c6475f23300d25fe","1ccc59109772524551cb13369e848d1f79936003c2a0649c26645ef5aec8e7e0","0.3.0","isolated_release_library/fastphylosig","d951ecee19c06f3a144ad76c5039302078747585bb3bf829e6f12db15f54775d","isolated_release_library/fastphylosig/libs/<platform>/fastphylosig","c46a5834babd455b546bc65c6549c42ba51e6b47f3c9f222919b7118a5af3280","1bd40080f1ea537b3c73c838dc98ff84940f1064f4e1c4dbfb2dd5063d999bdb","benchmarks/stage5/documentation_fix_release_20261001/fastphylosig_0.3.0.tar.gz","909b7ad27485dcc2d96a7bb1fc70b65b54e93245d75761aca406b9c52f06cbff","Borges2019-source-sha256:0dc1e987c13f0e972b0e7c3b4829b4d0fdc41ff0de3856bae4803f9ce0115175",0.108308076858521,0.904191898484424,"Sys.time",1,TRUE,"ok","fast_result",TRUE,,"trait;Delta_fast;alpha_mean;beta_mean;n_saved;n_saved_requested;n_saved_successful;alpha_sd;beta_sd;ESS_alpha;ESS_beta;split_Rhat_alpha;split_Rhat_beta;Rhat_alpha;Rhat_beta;alpha_beta_cov;MCSE_Delta;diagnostics_available;diagnostics_note;requested_simulations;successful_simulations;requested_iterations;successful_iterations;requested_permutations;successful_permutations;n_states;n_species;n_removed_na;matched_species;removed_tree_tips;removed_data_rows;status;note;message;estimate;p_value;p_mcse;estimate_mcse;ess_alpha;ess_beta;rhat_alpha;rhat_beta;ESS;ess;Rhat;rhat;n_sim_requested;n_sim_successful;n_iter_requested;n_iter_successful;method","",,3,,,,20000,20000,"TRUE","Diagnostics computed from saved alpha/beta MCMC traces.",462.801871064961,450.950462594594,1.00163914147438,1.00130796148864,0.00103424598566482
"20261002T011636Z","full","Delta_moderate_n0500_r02","reference","Delta","Borges2019 delta() [pinned source]","moderate",0.5,500,2,500,500,0,500,500,,500,20760921,70262901,70262902,70262903,20781303,"fastphylosig",2,FALSE,,10000,10,100,0.1,0.5,2,"LSE","ARD",,,,,,,,,,,,,,,"f5b4eafec5e69e70bc3b134b9d62771fa4ab134fd5e69b171b6b6b6877a3e711","132bfbdcaa47a1b5cdda37585be543717d327dba96531949ea67bb44ab061e4b","6dea711a2423362ce5add60bea91557e5cf611c05fc03fe7b2b38caa6f176aa3","1a46ad597ca01230a025ea8997adb15ccda5dc556728d050c6475f23300d25fe","1ccc59109772524551cb13369e848d1f79936003c2a0649c26645ef5aec8e7e0","0.3.0","isolated_release_library/fastphylosig","d951ecee19c06f3a144ad76c5039302078747585bb3bf829e6f12db15f54775d","isolated_release_library/fastphylosig/libs/<platform>/fastphylosig","c46a5834babd455b546bc65c6549c42ba51e6b47f3c9f222919b7118a5af3280","1bd40080f1ea537b3c73c838dc98ff84940f1064f4e1c4dbfb2dd5063d999bdb","benchmarks/stage5/documentation_fix_release_20261001/fastphylosig_0.3.0.tar.gz","909b7ad27485dcc2d96a7bb1fc70b65b54e93245d75761aca406b9c52f06cbff","Borges2019-source-sha256:0dc1e987c13f0e972b0e7c3b4829b4d0fdc41ff0de3856bae4803f9ce0115175",3.6822681427002,0.905028331884646,"Sys.time",1,TRUE,"not_reported_by_reference","finite_reference_estimate_and_input_audit",TRUE,,"<numeric>","NaNs produced || Inf replaced by maximum positive value",,3,,,,,,,,,,,,
"20261002T011636Z","full","D_strong_n0500_r02","fastphylosig","D","caper::phylo.d","strong",0.95,500,2,500,500,0,,,,,20760921,70262901,70262902,70262903,20791202,"fastphylosig",1,TRUE,199,,,,,,,,,,,,,,,,,,,,,,,"f5b4eafec5e69e70bc3b134b9d62771fa4ab134fd5e69b171b6b6b6877a3e711","132bfbdcaa47a1b5cdda37585be543717d327dba96531949ea67bb44ab061e4b","6dea711a2423362ce5add60bea91557e5cf611c05fc03fe7b2b38caa6f176aa3","7ad38b6a178d9891f239df3b1d5941bf01fa6f09c771bb2bb16db9fe82b9d5ec","d670d7c03e0ef702fc9866dc3c24aa147581a0b4fa02024198a1e71b01924671","0.3.0","isolated_release_library/fastphylosig","d951ecee19c06f3a144ad76c5039302078747585bb3bf829e6f12db15f54775d","isolated_release_library/fastphylosig/libs/<platform>/fastphylosig","c46a5834babd455b546bc65c6549c42ba51e6b47f3c9f222919b7118a5af3280","1bd40080f1ea537b3c73c838dc98ff84940f1064f4e1c4dbfb2dd5063d999bdb","benchmarks/stage5/documentation_fix_release_20261001/fastphylosig_0.3.0.tar.gz","909b7ad27485dcc2d96a7bb1fc70b65b54e93245d75761aca406b9c52f06cbff","1.0.4",0.0341649055480957,0.129833945330708,"Sys.time",1,TRUE,"ok","fast_result",TRUE,,"trait;D_fast;Pval1_fast;Pval0_fast;P_random;P_Brownian;MCSE_P_random;MCSE_P_Brownian;nsim_requested;nsim_successful_random;nsim_successful_brownian;nsim_failed_random;nsim_failed_brownian;observed;mean_random;mean_brownian;n_species;n_removed_na;matched_species;removed_tree_tips;removed_data_rows;status;note;message;estimate;p_random;p_brownian;p_mcse_random;p_mcse_brownian;MCSE_random;MCSE_Brownian;mcse_random;mcse_brownian;n_sim_requested;n_sim_successful_random;n_sim_successful_brownian;method","",,,199,199,199,,,,,,,,,
"20261002T011636Z","full","D_strong_n0500_r02","reference","D","caper::phylo.d","strong",0.95,500,2,500,500,0,500,500,500,500,20760921,70262901,70262902,70262903,20791203,"fastphylosig",2,TRUE,199,,,,,,,,,,,,,,,,,,,,,,,"f5b4eafec5e69e70bc3b134b9d62771fa4ab134fd5e69b171b6b6b6877a3e711","132bfbdcaa47a1b5cdda37585be543717d327dba96531949ea67bb44ab061e4b","6dea711a2423362ce5add60bea91557e5cf611c05fc03fe7b2b38caa6f176aa3","7ad38b6a178d9891f239df3b1d5941bf01fa6f09c771bb2bb16db9fe82b9d5ec","d670d7c03e0ef702fc9866dc3c24aa147581a0b4fa02024198a1e71b01924671","0.3.0","isolated_release_library/fastphylosig","d951ecee19c06f3a144ad76c5039302078747585bb3bf829e6f12db15f54775d","isolated_release_library/fastphylosig/libs/<platform>/fastphylosig","c46a5834babd455b546bc65c6549c42ba51e6b47f3c9f222919b7118a5af3280","1bd40080f1ea537b3c73c838dc98ff84940f1064f4e1c4dbfb2dd5063d999bdb","benchmarks/stage5/documentation_fix_release_20261001/fastphylosig_0.3.0.tar.gz","909b7ad27485dcc2d96a7bb1fc70b65b54e93245d75761aca406b9c52f06cbff","1.0.4",0.689873933792114,0.133607035296734,"Sys.time",1,TRUE,"not_reported_by_reference","finite_reference_estimate_and_input_audit",TRUE,,"DEstimate;Pval1;Pval0;Parameters;StatesTable;Permutations;NodalVals;binvar;data;nPermut;rnd.bias","",,2,,,,,,,,,,,,
"20261002T011636Z","full","Delta_strong_n0500_r02","reference","Delta","Borges2019 delta() [pinned source]","strong",0.95,500,2,500,500,0,500,500,,500,20760921,70262901,70262902,70262903,20791303,"reference",1,FALSE,,10000,10,100,0.1,0.5,2,"LSE","ARD",,,,,,,,,,,,,,,"f5b4eafec5e69e70bc3b134b9d62771fa4ab134fd5e69b171b6b6b6877a3e711","132bfbdcaa47a1b5cdda37585be543717d327dba96531949ea67bb44ab061e4b","6dea711a2423362ce5add60bea91557e5cf611c05fc03fe7b2b38caa6f176aa3","48b8b4ef2c4eebe2503a8ff35e7ca1ef4cf35e82da6ee8fdd4d2a95e2ed5b2b6","ed42270ea9da9e02d4594bec0bc18d3bc1f1fac3d71a0bdb75352d33ae4a9d6c","0.3.0","isolated_release_library/fastphylosig","d951ecee19c06f3a144ad76c5039302078747585bb3bf829e6f12db15f54775d","isolated_release_library/fastphylosig/libs/<platform>/fastphylosig","c46a5834babd455b546bc65c6549c42ba51e6b47f3c9f222919b7118a5af3280","1bd40080f1ea537b3c73c838dc98ff84940f1064f4e1c4dbfb2dd5063d999bdb","benchmarks/stage5/documentation_fix_release_20261001/fastphylosig_0.3.0.tar.gz","909b7ad27485dcc2d96a7bb1fc70b65b54e93245d75761aca406b9c52f06cbff","Borges2019-source-sha256:0dc1e987c13f0e972b0e7c3b4829b4d0fdc41ff0de3856bae4803f9ce0115175",3.2866530418396,5.58276026936571,"Sys.time",1,TRUE,"not_reported_by_reference","finite_reference_estimate_and_input_audit",TRUE,,"<numeric>","NaNs produced || Inf replaced by maximum positive value",,3,,,,,,,,,,,,
"20261002T011636Z","full","Delta_strong_n0500_r02","fastphylosig","Delta","Borges2019 delta() [pinned source]","strong",0.95,500,2,500,500,0,,,,,20760921,70262901,70262902,70262903,20791302,"reference",2,FALSE,,10000,10,100,0.1,0.5,2,"LSE","ARD","0.1","0.5","10000","10","100","LSE","ARD","fast","1",20000,20000,20000,TRUE,TRUE,"f5b4eafec5e69e70bc3b134b9d62771fa4ab134fd5e69b171b6b6b6877a3e711","132bfbdcaa47a1b5cdda37585be543717d327dba96531949ea67bb44ab061e4b","6dea711a2423362ce5add60bea91557e5cf611c05fc03fe7b2b38caa6f176aa3","48b8b4ef2c4eebe2503a8ff35e7ca1ef4cf35e82da6ee8fdd4d2a95e2ed5b2b6","ed42270ea9da9e02d4594bec0bc18d3bc1f1fac3d71a0bdb75352d33ae4a9d6c","0.3.0","isolated_release_library/fastphylosig","d951ecee19c06f3a144ad76c5039302078747585bb3bf829e6f12db15f54775d","isolated_release_library/fastphylosig/libs/<platform>/fastphylosig","c46a5834babd455b546bc65c6549c42ba51e6b47f3c9f222919b7118a5af3280","1bd40080f1ea537b3c73c838dc98ff84940f1064f4e1c4dbfb2dd5063d999bdb","benchmarks/stage5/documentation_fix_release_20261001/fastphylosig_0.3.0.tar.gz","909b7ad27485dcc2d96a7bb1fc70b65b54e93245d75761aca406b9c52f06cbff","Borges2019-source-sha256:0dc1e987c13f0e972b0e7c3b4829b4d0fdc41ff0de3856bae4803f9ce0115175",0.0834519863128662,5.57678767818178,"Sys.time",1,TRUE,"ok","fast_result",TRUE,,"trait;Delta_fast;alpha_mean;beta_mean;n_saved;n_saved_requested;n_saved_successful;alpha_sd;beta_sd;ESS_alpha;ESS_beta;split_Rhat_alpha;split_Rhat_beta;Rhat_alpha;Rhat_beta;alpha_beta_cov;MCSE_Delta;diagnostics_available;diagnostics_note;requested_simulations;successful_simulations;requested_iterations;successful_iterations;requested_permutations;successful_permutations;n_states;n_species;n_removed_na;matched_species;removed_tree_tips;removed_data_rows;status;note;message;estimate;p_value;p_mcse;estimate_mcse;ess_alpha;ess_beta;rhat_alpha;rhat_beta;ESS;ess;Rhat;rhat;n_sim_requested;n_sim_successful;n_iter_requested;n_iter_successful;method","",,3,,,,20000,20000,"TRUE","Diagnostics computed from saved alpha/beta MCMC traces.",543.133353086763,798.816231107167,0.999519565266418,0.999193289041585,0.00849578705081754
"20261002T011636Z","full","D_none_n0500_r03","reference","D","caper::phylo.d","none",0,500,3,500,500,0,500,500,500,500,20760931,70263901,70263902,70263903,20771303,"reference",1,TRUE,199,,,,,,,,,,,,,,,,,,,,,,,"45e6929413a811fd08e8c629e4eb9e320401f9016181e26b2b34b56e4373d215","078ac855a464c9f3ebedfef9c811ace02472479386ffbd79d1bc2c803635dd82","dc0f4e57cb6886f23e91a67cca7ce6e8d3a8d697211d7388e8eea0c5eadaeffd","3ba8a4b0f980daa77d74076dfda0e298efb17015ad192961af1f34462b554632","b2a5f3814a2a4b6b28d35c184b07d64d942b3ede18b8bd2babd6e7b557daa51a","0.3.0","isolated_release_library/fastphylosig","d951ecee19c06f3a144ad76c5039302078747585bb3bf829e6f12db15f54775d","isolated_release_library/fastphylosig/libs/<platform>/fastphylosig","c46a5834babd455b546bc65c6549c42ba51e6b47f3c9f222919b7118a5af3280","1bd40080f1ea537b3c73c838dc98ff84940f1064f4e1c4dbfb2dd5063d999bdb","benchmarks/stage5/documentation_fix_release_20261001/fastphylosig_0.3.0.tar.gz","909b7ad27485dcc2d96a7bb1fc70b65b54e93245d75761aca406b9c52f06cbff","1.0.4",0.669085025787354,0.880348632607302,"Sys.time",1,TRUE,"not_reported_by_reference","finite_reference_estimate_and_input_audit",TRUE,,"DEstimate;Pval1;Pval0;Parameters;StatesTable;Permutations;NodalVals;binvar;data;nPermut;rnd.bias","",,2,,,,,,,,,,,,
"20261002T011636Z","full","D_none_n0500_r03","fastphylosig","D","caper::phylo.d","none",0,500,3,500,500,0,,,,,20760931,70263901,70263902,70263903,20771302,"reference",2,TRUE,199,,,,,,,,,,,,,,,,,,,,,,,"45e6929413a811fd08e8c629e4eb9e320401f9016181e26b2b34b56e4373d215","078ac855a464c9f3ebedfef9c811ace02472479386ffbd79d1bc2c803635dd82","dc0f4e57cb6886f23e91a67cca7ce6e8d3a8d697211d7388e8eea0c5eadaeffd","3ba8a4b0f980daa77d74076dfda0e298efb17015ad192961af1f34462b554632","b2a5f3814a2a4b6b28d35c184b07d64d942b3ede18b8bd2babd6e7b557daa51a","0.3.0","isolated_release_library/fastphylosig","d951ecee19c06f3a144ad76c5039302078747585bb3bf829e6f12db15f54775d","isolated_release_library/fastphylosig/libs/<platform>/fastphylosig","c46a5834babd455b546bc65c6549c42ba51e6b47f3c9f222919b7118a5af3280","1bd40080f1ea537b3c73c838dc98ff84940f1064f4e1c4dbfb2dd5063d999bdb","benchmarks/stage5/documentation_fix_release_20261001/fastphylosig_0.3.0.tar.gz","909b7ad27485dcc2d96a7bb1fc70b65b54e93245d75761aca406b9c52f06cbff","1.0.4",0.0341598987579346,0.879056865448125,"Sys.time",1,TRUE,"ok","fast_result",TRUE,,"trait;D_fast;Pval1_fast;Pval0_fast;P_random;P_Brownian;MCSE_P_random;MCSE_P_Brownian;nsim_requested;nsim_successful_random;nsim_successful_brownian;nsim_failed_random;nsim_failed_brownian;observed;mean_random;mean_brownian;n_species;n_removed_na;matched_species;removed_tree_tips;removed_data_rows;status;note;message;estimate;p_random;p_brownian;p_mcse_random;p_mcse_brownian;MCSE_random;MCSE_Brownian;mcse_random;mcse_brownian;n_sim_requested;n_sim_successful_random;n_sim_successful_brownian;method","",,,199,199,199,,,,,,,,,
"20261002T011636Z","full","Delta_none_n0500_r03","fastphylosig","Delta","Borges2019 delta() [pinned source]","none",0,500,3,500,500,0,,,,,20760931,70263901,70263902,70263903,20771402,"fastphylosig",1,FALSE,,10000,10,100,0.1,0.5,2,"LSE","ARD","0.1","0.5","10000","10","100","LSE","ARD","fast","1",20000,20000,20000,TRUE,TRUE,"45e6929413a811fd08e8c629e4eb9e320401f9016181e26b2b34b56e4373d215","078ac855a464c9f3ebedfef9c811ace02472479386ffbd79d1bc2c803635dd82","dc0f4e57cb6886f23e91a67cca7ce6e8d3a8d697211d7388e8eea0c5eadaeffd","547abd8795e5fd7767e196adb750f36f4e3db2606e4c3cfd49b15150e3d25b5f","8947ca032c51524374f814686af363f14348f519581523a9c91e1b3efb23a341","0.3.0","isolated_release_library/fastphylosig","d951ecee19c06f3a144ad76c5039302078747585bb3bf829e6f12db15f54775d","isolated_release_library/fastphylosig/libs/<platform>/fastphylosig","c46a5834babd455b546bc65c6549c42ba51e6b47f3c9f222919b7118a5af3280","1bd40080f1ea537b3c73c838dc98ff84940f1064f4e1c4dbfb2dd5063d999bdb","benchmarks/stage5/documentation_fix_release_20261001/fastphylosig_0.3.0.tar.gz","909b7ad27485dcc2d96a7bb1fc70b65b54e93245d75761aca406b9c52f06cbff","Borges2019-source-sha256:0dc1e987c13f0e972b0e7c3b4829b4d0fdc41ff0de3856bae4803f9ce0115175",0.387372970581055,0.0847079615773789,"Sys.time",1,TRUE,"ok","fast_result",TRUE,,"trait;Delta_fast;alpha_mean;beta_mean;n_saved;n_saved_requested;n_saved_successful;alpha_sd;beta_sd;ESS_alpha;ESS_beta;split_Rhat_alpha;split_Rhat_beta;Rhat_alpha;Rhat_beta;alpha_beta_cov;MCSE_Delta;diagnostics_available;diagnostics_note;requested_simulations;successful_simulations;requested_iterations;successful_iterations;requested_permutations;successful_permutations;n_states;n_species;n_removed_na;matched_species;removed_tree_tips;removed_data_rows;status;note;message;estimate;p_value;p_mcse;estimate_mcse;ess_alpha;ess_beta;rhat_alpha;rhat_beta;ESS;ess;Rhat;rhat;n_sim_requested;n_sim_successful;n_iter_requested;n_iter_successful;method","",,3,,,,20000,20000,"TRUE","Diagnostics computed from saved alpha/beta MCMC traces.",1174.31257685538,814.777772729005,1.00248915229533,1.00105933095672,0.000147551315001579
"20261002T011636Z","full","Delta_none_n0500_r03","reference","Delta","Borges2019 delta() [pinned source]","none",0,500,3,500,500,0,500,500,,500,20760931,70263901,70263902,70263903,20771403,"fastphylosig",2,FALSE,,10000,10,100,0.1,0.5,2,"LSE","ARD",,,,,,,,,,,,,,,"45e6929413a811fd08e8c629e4eb9e320401f9016181e26b2b34b56e4373d215","078ac855a464c9f3ebedfef9c811ace02472479386ffbd79d1bc2c803635dd82","dc0f4e57cb6886f23e91a67cca7ce6e8d3a8d697211d7388e8eea0c5eadaeffd","547abd8795e5fd7767e196adb750f36f4e3db2606e4c3cfd49b15150e3d25b5f","8947ca032c51524374f814686af363f14348f519581523a9c91e1b3efb23a341","0.3.0","isolated_release_library/fastphylosig","d951ecee19c06f3a144ad76c5039302078747585bb3bf829e6f12db15f54775d","isolated_release_library/fastphylosig/libs/<platform>/fastphylosig","c46a5834babd455b546bc65c6549c42ba51e6b47f3c9f222919b7118a5af3280","1bd40080f1ea537b3c73c838dc98ff84940f1064f4e1c4dbfb2dd5063d999bdb","benchmarks/stage5/documentation_fix_release_20261001/fastphylosig_0.3.0.tar.gz","909b7ad27485dcc2d96a7bb1fc70b65b54e93245d75761aca406b9c52f06cbff","Borges2019-source-sha256:0dc1e987c13f0e972b0e7c3b4829b4d0fdc41ff0de3856bae4803f9ce0115175",7.52110910415649,0.0849863058960172,"Sys.time",1,TRUE,"not_reported_by_reference","finite_reference_estimate_and_input_audit",TRUE,,"<numeric>","NaNs produced",,3,,,,,,,,,,,,
"20261002T011636Z","full","D_moderate_n0500_r03","fastphylosig","D","caper::phylo.d","moderate",0.5,500,3,500,500,0,,,,,20760931,70263901,70263902,70263903,20781302,"fastphylosig",1,TRUE,199,,,,,,,,,,,,,,,,,,,,,,,"45e6929413a811fd08e8c629e4eb9e320401f9016181e26b2b34b56e4373d215","078ac855a464c9f3ebedfef9c811ace02472479386ffbd79d1bc2c803635dd82","dc0f4e57cb6886f23e91a67cca7ce6e8d3a8d697211d7388e8eea0c5eadaeffd","6f99ce92687d250dd7b880710ba5efb6ef1dbfece1e8619764f4dcb5459a704a","ba985c5fabd5a11d3619b23e8acd2ff1d01df5434601ac5ae5b0ffd3b0e20570","0.3.0","isolated_release_library/fastphylosig","d951ecee19c06f3a144ad76c5039302078747585bb3bf829e6f12db15f54775d","isolated_release_library/fastphylosig/libs/<platform>/fastphylosig","c46a5834babd455b546bc65c6549c42ba51e6b47f3c9f222919b7118a5af3280","1bd40080f1ea537b3c73c838dc98ff84940f1064f4e1c4dbfb2dd5063d999bdb","benchmarks/stage5/documentation_fix_release_20261001/fastphylosig_0.3.0.tar.gz","909b7ad27485dcc2d96a7bb1fc70b65b54e93245d75761aca406b9c52f06cbff","1.0.4",0.0332040786743164,0.463419767043027,"Sys.time",1,TRUE,"ok","fast_result",TRUE,,"trait;D_fast;Pval1_fast;Pval0_fast;P_random;P_Brownian;MCSE_P_random;MCSE_P_Brownian;nsim_requested;nsim_successful_random;nsim_successful_brownian;nsim_failed_random;nsim_failed_brownian;observed;mean_random;mean_brownian;n_species;n_removed_na;matched_species;removed_tree_tips;removed_data_rows;status;note;message;estimate;p_random;p_brownian;p_mcse_random;p_mcse_brownian;MCSE_random;MCSE_Brownian;mcse_random;mcse_brownian;n_sim_requested;n_sim_successful_random;n_sim_successful_brownian;method","",,,199,199,199,,,,,,,,,
"20261002T011636Z","full","D_moderate_n0500_r03","reference","D","caper::phylo.d","moderate",0.5,500,3,500,500,0,500,500,500,500,20760931,70263901,70263902,70263903,20781303,"fastphylosig",2,TRUE,199,,,,,,,,,,,,,,,,,,,,,,,"45e6929413a811fd08e8c629e4eb9e320401f9016181e26b2b34b56e4373d215","078ac855a464c9f3ebedfef9c811ace02472479386ffbd79d1bc2c803635dd82","dc0f4e57cb6886f23e91a67cca7ce6e8d3a8d697211d7388e8eea0c5eadaeffd","6f99ce92687d250dd7b880710ba5efb6ef1dbfece1e8619764f4dcb5459a704a","ba985c5fabd5a11d3619b23e8acd2ff1d01df5434601ac5ae5b0ffd3b0e20570","0.3.0","isolated_release_library/fastphylosig","d951ecee19c06f3a144ad76c5039302078747585bb3bf829e6f12db15f54775d","isolated_release_library/fastphylosig/libs/<platform>/fastphylosig","c46a5834babd455b546bc65c6549c42ba51e6b47f3c9f222919b7118a5af3280","1bd40080f1ea537b3c73c838dc98ff84940f1064f4e1c4dbfb2dd5063d999bdb","benchmarks/stage5/documentation_fix_release_20261001/fastphylosig_0.3.0.tar.gz","909b7ad27485dcc2d96a7bb1fc70b65b54e93245d75761aca406b9c52f06cbff","1.0.4",0.664025068283081,0.462983581580973,"Sys.time",1,TRUE,"not_reported_by_reference","finite_reference_estimate_and_input_audit",TRUE,,"DEstimate;Pval1;Pval0;Parameters;StatesTable;Permutations;NodalVals;binvar;data;nPermut;rnd.bias","",,2,,,,,,,,,,,,
"20261002T011636Z","full","Delta_moderate_n0500_r03","reference","Delta","Borges2019 delta() [pinned source]","moderate",0.5,500,3,500,500,0,500,500,,500,20760931,70263901,70263902,70263903,20781403,"reference",1,FALSE,,10000,10,100,0.1,0.5,2,"LSE","ARD",,,,,,,,,,,,,,,"45e6929413a811fd08e8c629e4eb9e320401f9016181e26b2b34b56e4373d215","078ac855a464c9f3ebedfef9c811ace02472479386ffbd79d1bc2c803635dd82","dc0f4e57cb6886f23e91a67cca7ce6e8d3a8d697211d7388e8eea0c5eadaeffd","a1e7a7aaa2d9aad14fc6a276b46db04c99f04f4f7091a64d093e754f99c1e952","4af5e99127b5a1241cf5b62753a228bd59fff523937cb9754cb3e909ed166c13","0.3.0","isolated_release_library/fastphylosig","d951ecee19c06f3a144ad76c5039302078747585bb3bf829e6f12db15f54775d","isolated_release_library/fastphylosig/libs/<platform>/fastphylosig","c46a5834babd455b546bc65c6549c42ba51e6b47f3c9f222919b7118a5af3280","1bd40080f1ea537b3c73c838dc98ff84940f1064f4e1c4dbfb2dd5063d999bdb","benchmarks/stage5/documentation_fix_release_20261001/fastphylosig_0.3.0.tar.gz","909b7ad27485dcc2d96a7bb1fc70b65b54e93245d75761aca406b9c52f06cbff","Borges2019-source-sha256:0dc1e987c13f0e972b0e7c3b4829b4d0fdc41ff0de3856bae4803f9ce0115175",3.71331596374512,1.66475102875189,"Sys.time",1,TRUE,"not_reported_by_reference","finite_reference_estimate_and_input_audit",TRUE,,"<numeric>","",,3,,,,,,,,,,,,
"20261002T011636Z","full","Delta_moderate_n0500_r03","fastphylosig","Delta","Borges2019 delta() [pinned source]","moderate",0.5,500,3,500,500,0,,,,,20760931,70263901,70263902,70263903,20781402,"reference",2,FALSE,,10000,10,100,0.1,0.5,2,"LSE","ARD","0.1","0.5","10000","10","100","LSE","ARD","fast","1",20000,20000,20000,TRUE,TRUE,"45e6929413a811fd08e8c629e4eb9e320401f9016181e26b2b34b56e4373d215","078ac855a464c9f3ebedfef9c811ace02472479386ffbd79d1bc2c803635dd82","dc0f4e57cb6886f23e91a67cca7ce6e8d3a8d697211d7388e8eea0c5eadaeffd","a1e7a7aaa2d9aad14fc6a276b46db04c99f04f4f7091a64d093e754f99c1e952","4af5e99127b5a1241cf5b62753a228bd59fff523937cb9754cb3e909ed166c13","0.3.0","isolated_release_library/fastphylosig","d951ecee19c06f3a144ad76c5039302078747585bb3bf829e6f12db15f54775d","isolated_release_library/fastphylosig/libs/<platform>/fastphylosig","c46a5834babd455b546bc65c6549c42ba51e6b47f3c9f222919b7118a5af3280","1bd40080f1ea537b3c73c838dc98ff84940f1064f4e1c4dbfb2dd5063d999bdb","benchmarks/stage5/documentation_fix_release_20261001/fastphylosig_0.3.0.tar.gz","909b7ad27485dcc2d96a7bb1fc70b65b54e93245d75761aca406b9c52f06cbff","Borges2019-source-sha256:0dc1e987c13f0e972b0e7c3b4829b4d0fdc41ff0de3856bae4803f9ce0115175",0.118376970291138,1.66494802902256,"Sys.time",1,TRUE,"ok","fast_result",TRUE,,"trait;Delta_fast;alpha_mean;beta_mean;n_saved;n_saved_requested;n_saved_successful;alpha_sd;beta_sd;ESS_alpha;ESS_beta;split_Rhat_alpha;split_Rhat_beta;Rhat_alpha;Rhat_beta;alpha_beta_cov;MCSE_Delta;diagnostics_available;diagnostics_note;requested_simulations;successful_simulations;requested_iterations;successful_iterations;requested_permutations;successful_permutations;n_states;n_species;n_removed_na;matched_species;removed_tree_tips;removed_data_rows;status;note;message;estimate;p_value;p_mcse;estimate_mcse;ess_alpha;ess_beta;rhat_alpha;rhat_beta;ESS;ess;Rhat;rhat;n_sim_requested;n_sim_successful;n_iter_requested;n_iter_successful;method","",,3,,,,20000,20000,"TRUE","Diagnostics computed from saved alpha/beta MCMC traces.",528.097071719091,532.899694054306,1.0164643329382,1.01134812654672,0.00194528768058499
"20261002T011636Z","full","D_strong_n0500_r03","reference","D","caper::phylo.d","strong",0.95,500,3,500,500,0,500,500,500,500,20760931,70263901,70263902,70263903,20791303,"reference",1,TRUE,199,,,,,,,,,,,,,,,,,,,,,,,"45e6929413a811fd08e8c629e4eb9e320401f9016181e26b2b34b56e4373d215","078ac855a464c9f3ebedfef9c811ace02472479386ffbd79d1bc2c803635dd82","dc0f4e57cb6886f23e91a67cca7ce6e8d3a8d697211d7388e8eea0c5eadaeffd","86f722428f5a9e0bf738ea290b37086ccb998bbf0ef118ed5f5ae76c8ac55972","5c5b6225aa551069acbd0472caf5cb56fc7a50646d23e58dc4b283bcb32083a2","0.3.0","isolated_release_library/fastphylosig","d951ecee19c06f3a144ad76c5039302078747585bb3bf829e6f12db15f54775d","isolated_release_library/fastphylosig/libs/<platform>/fastphylosig","c46a5834babd455b546bc65c6549c42ba51e6b47f3c9f222919b7118a5af3280","1bd40080f1ea537b3c73c838dc98ff84940f1064f4e1c4dbfb2dd5063d999bdb","benchmarks/stage5/documentation_fix_release_20261001/fastphylosig_0.3.0.tar.gz","909b7ad27485dcc2d96a7bb1fc70b65b54e93245d75761aca406b9c52f06cbff","1.0.4",0.666390895843506,0.0800313053914247,"Sys.time",1,TRUE,"not_reported_by_reference","finite_reference_estimate_and_input_audit",TRUE,,"DEstimate;Pval1;Pval0;Parameters;StatesTable;Permutations;NodalVals;binvar;data;nPermut;rnd.bias","",,2,,,,,,,,,,,,
"20261002T011636Z","full","D_strong_n0500_r03","fastphylosig","D","caper::phylo.d","strong",0.95,500,3,500,500,0,,,,,20760931,70263901,70263902,70263903,20791302,"reference",2,TRUE,199,,,,,,,,,,,,,,,,,,,,,,,"45e6929413a811fd08e8c629e4eb9e320401f9016181e26b2b34b56e4373d215","078ac855a464c9f3ebedfef9c811ace02472479386ffbd79d1bc2c803635dd82","dc0f4e57cb6886f23e91a67cca7ce6e8d3a8d697211d7388e8eea0c5eadaeffd","86f722428f5a9e0bf738ea290b37086ccb998bbf0ef118ed5f5ae76c8ac55972","5c5b6225aa551069acbd0472caf5cb56fc7a50646d23e58dc4b283bcb32083a2","0.3.0","isolated_release_library/fastphylosig","d951ecee19c06f3a144ad76c5039302078747585bb3bf829e6f12db15f54775d","isolated_release_library/fastphylosig/libs/<platform>/fastphylosig","c46a5834babd455b546bc65c6549c42ba51e6b47f3c9f222919b7118a5af3280","1bd40080f1ea537b3c73c838dc98ff84940f1064f4e1c4dbfb2dd5063d999bdb","benchmarks/stage5/documentation_fix_release_20261001/fastphylosig_0.3.0.tar.gz","909b7ad27485dcc2d96a7bb1fc70b65b54e93245d75761aca406b9c52f06cbff","1.0.4",0.0324490070343018,0.08022205002423,"Sys.time",1,TRUE,"ok","fast_result",TRUE,,"trait;D_fast;Pval1_fast;Pval0_fast;P_random;P_Brownian;MCSE_P_random;MCSE_P_Brownian;nsim_requested;nsim_successful_random;nsim_successful_brownian;nsim_failed_random;nsim_failed_brownian;observed;mean_random;mean_brownian;n_species;n_removed_na;matched_species;removed_tree_tips;removed_data_rows;status;note;message;estimate;p_random;p_brownian;p_mcse_random;p_mcse_brownian;MCSE_random;MCSE_Brownian;mcse_random;mcse_brownian;n_sim_requested;n_sim_successful_random;n_sim_successful_brownian;method","",,,199,199,199,,,,,,,,,
"20261002T011636Z","full","Delta_strong_n0500_r03","fastphylosig","Delta","Borges2019 delta() [pinned source]","strong",0.95,500,3,500,500,0,,,,,20760931,70263901,70263902,70263903,20791402,"fastphylosig",1,FALSE,,10000,10,100,0.1,0.5,2,"LSE","ARD","0.1","0.5","10000","10","100","LSE","ARD","fast","1",20000,20000,20000,TRUE,TRUE,"45e6929413a811fd08e8c629e4eb9e320401f9016181e26b2b34b56e4373d215","078ac855a464c9f3ebedfef9c811ace02472479386ffbd79d1bc2c803635dd82","dc0f4e57cb6886f23e91a67cca7ce6e8d3a8d697211d7388e8eea0c5eadaeffd","8dca6161ba951e60149125cf8679e051bafbf3ff28dca9475134cca58626ecb0","8f0a4bcd0e3fe9d412c54a3f8d153fc0bb1b159ab1b41fa1bb53cb665c09a8d6","0.3.0","isolated_release_library/fastphylosig","d951ecee19c06f3a144ad76c5039302078747585bb3bf829e6f12db15f54775d","isolated_release_library/fastphylosig/libs/<platform>/fastphylosig","c46a5834babd455b546bc65c6549c42ba51e6b47f3c9f222919b7118a5af3280","1bd40080f1ea537b3c73c838dc98ff84940f1064f4e1c4dbfb2dd5063d999bdb","benchmarks/stage5/documentation_fix_release_20261001/fastphylosig_0.3.0.tar.gz","909b7ad27485dcc2d96a7bb1fc70b65b54e93245d75761aca406b9c52f06cbff","Borges2019-source-sha256:0dc1e987c13f0e972b0e7c3b4829b4d0fdc41ff0de3856bae4803f9ce0115175",0.0753238201141357,5.83696892330721,"Sys.time",1,TRUE,"ok","fast_result",TRUE,,"trait;Delta_fast;alpha_mean;beta_mean;n_saved;n_saved_requested;n_saved_successful;alpha_sd;beta_sd;ESS_alpha;ESS_beta;split_Rhat_alpha;split_Rhat_beta;Rhat_alpha;Rhat_beta;alpha_beta_cov;MCSE_Delta;diagnostics_available;diagnostics_note;requested_simulations;successful_simulations;requested_iterations;successful_iterations;requested_permutations;successful_permutations;n_states;n_species;n_removed_na;matched_species;removed_tree_tips;removed_data_rows;status;note;message;estimate;p_value;p_mcse;estimate_mcse;ess_alpha;ess_beta;rhat_alpha;rhat_beta;ESS;ess;Rhat;rhat;n_sim_requested;n_sim_successful;n_iter_requested;n_iter_successful;method","",,3,,,,20000,20000,"TRUE","Diagnostics computed from saved alpha/beta MCMC traces.",762.150029702505,799.640486498797,1.00221139815421,1.00372730887108,0.0094916283906782
"20261002T011636Z","full","Delta_strong_n0500_r03","reference","Delta","Borges2019 delta() [pinned source]","strong",0.95,500,3,500,500,0,500,500,,500,20760931,70263901,70263902,70263903,20791403,"fastphylosig",2,FALSE,,10000,10,100,0.1,0.5,2,"LSE","ARD",,,,,,,,,,,,,,,"45e6929413a811fd08e8c629e4eb9e320401f9016181e26b2b34b56e4373d215","078ac855a464c9f3ebedfef9c811ace02472479386ffbd79d1bc2c803635dd82","dc0f4e57cb6886f23e91a67cca7ce6e8d3a8d697211d7388e8eea0c5eadaeffd","8dca6161ba951e60149125cf8679e051bafbf3ff28dca9475134cca58626ecb0","8f0a4bcd0e3fe9d412c54a3f8d153fc0bb1b159ab1b41fa1bb53cb665c09a8d6","0.3.0","isolated_release_library/fastphylosig","d951ecee19c06f3a144ad76c5039302078747585bb3bf829e6f12db15f54775d","isolated_release_library/fastphylosig/libs/<platform>/fastphylosig","c46a5834babd455b546bc65c6549c42ba51e6b47f3c9f222919b7118a5af3280","1bd40080f1ea537b3c73c838dc98ff84940f1064f4e1c4dbfb2dd5063d999bdb","benchmarks/stage5/documentation_fix_release_20261001/fastphylosig_0.3.0.tar.gz","909b7ad27485dcc2d96a7bb1fc70b65b54e93245d75761aca406b9c52f06cbff","Borges2019-source-sha256:0dc1e987c13f0e972b0e7c3b4829b4d0fdc41ff0de3856bae4803f9ce0115175",3.18627595901489,5.84192010223318,"Sys.time",1,TRUE,"not_reported_by_reference","finite_reference_estimate_and_input_audit",TRUE,,"<numeric>","NaNs produced || Inf replaced by maximum positive value",,3,,,,,,,,,,,,
"20261002T011636Z","full","D_none_n0500_r04","fastphylosig","D","caper::phylo.d","none",0,500,4,500,500,0,,,,,20760941,70264901,70264902,70264903,20771402,"fastphylosig",1,TRUE,199,,,,,,,,,,,,,,,,,,,,,,,"0db939fa4357a6b1a0635c4e84fc3cc801883967e51671f49e2ddf1adbea14b5","e53b1af48f2be2dfbde45f00e3261cb7c841e65d7dbc7d1d222d243a658b816b","03cd81a957f216b90b0e1d3c00349234092fff1dc58cc8c3228a8e229ae156b7","f10097e3a7f35953e0335fd7365b763a884e005042e887a69f199dfbf2445f5c","e327d4fa2a53009d8d89a2e74ad357c11854d433f73c1b7bef9f4e02caf0e65c","0.3.0","isolated_release_library/fastphylosig","d951ecee19c06f3a144ad76c5039302078747585bb3bf829e6f12db15f54775d","isolated_release_library/fastphylosig/libs/<platform>/fastphylosig","c46a5834babd455b546bc65c6549c42ba51e6b47f3c9f222919b7118a5af3280","1bd40080f1ea537b3c73c838dc98ff84940f1064f4e1c4dbfb2dd5063d999bdb","benchmarks/stage5/documentation_fix_release_20261001/fastphylosig_0.3.0.tar.gz","909b7ad27485dcc2d96a7bb1fc70b65b54e93245d75761aca406b9c52f06cbff","1.0.4",0.0343818664550781,0.985010269477507,"Sys.time",1,TRUE,"ok","fast_result",TRUE,,"trait;D_fast;Pval1_fast;Pval0_fast;P_random;P_Brownian;MCSE_P_random;MCSE_P_Brownian;nsim_requested;nsim_successful_random;nsim_successful_brownian;nsim_failed_random;nsim_failed_brownian;observed;mean_random;mean_brownian;n_species;n_removed_na;matched_species;removed_tree_tips;removed_data_rows;status;note;message;estimate;p_random;p_brownian;p_mcse_random;p_mcse_brownian;MCSE_random;MCSE_Brownian;mcse_random;mcse_brownian;n_sim_requested;n_sim_successful_random;n_sim_successful_brownian;method","",,,199,199,199,,,,,,,,,
"20261002T011636Z","full","D_none_n0500_r04","reference","D","caper::phylo.d","none",0,500,4,500,500,0,500,500,500,500,20760941,70264901,70264902,70264903,20771403,"fastphylosig",2,TRUE,199,,,,,,,,,,,,,,,,,,,,,,,"0db939fa4357a6b1a0635c4e84fc3cc801883967e51671f49e2ddf1adbea14b5","e53b1af48f2be2dfbde45f00e3261cb7c841e65d7dbc7d1d222d243a658b816b","03cd81a957f216b90b0e1d3c00349234092fff1dc58cc8c3228a8e229ae156b7","f10097e3a7f35953e0335fd7365b763a884e005042e887a69f199dfbf2445f5c","e327d4fa2a53009d8d89a2e74ad357c11854d433f73c1b7bef9f4e02caf0e65c","0.3.0","isolated_release_library/fastphylosig","d951ecee19c06f3a144ad76c5039302078747585bb3bf829e6f12db15f54775d","isolated_release_library/fastphylosig/libs/<platform>/fastphylosig","c46a5834babd455b546bc65c6549c42ba51e6b47f3c9f222919b7118a5af3280","1bd40080f1ea537b3c73c838dc98ff84940f1064f4e1c4dbfb2dd5063d999bdb","benchmarks/stage5/documentation_fix_release_20261001/fastphylosig_0.3.0.tar.gz","909b7ad27485dcc2d96a7bb1fc70b65b54e93245d75761aca406b9c52f06cbff","1.0.4",0.689135074615479,0.9796437549376,"Sys.time",1,TRUE,"not_reported_by_reference","finite_reference_estimate_and_input_audit",TRUE,,"DEstimate;Pval1;Pval0;Parameters;StatesTable;Permutations;NodalVals;binvar;data;nPermut;rnd.bias","",,2,,,,,,,,,,,,
"20261002T011636Z","full","Delta_none_n0500_r04","reference","Delta","Borges2019 delta() [pinned source]","none",0,500,4,500,500,0,500,500,,500,20760941,70264901,70264902,70264903,20771503,"reference",1,FALSE,,10000,10,100,0.1,0.5,2,"LSE","ARD",,,,,,,,,,,,,,,"0db939fa4357a6b1a0635c4e84fc3cc801883967e51671f49e2ddf1adbea14b5","e53b1af48f2be2dfbde45f00e3261cb7c841e65d7dbc7d1d222d243a658b816b","03cd81a957f216b90b0e1d3c00349234092fff1dc58cc8c3228a8e229ae156b7","2bcfbf18c2a60cb841af6c99092b66cdcfeff588539def9513fad2aa288620db","61e014b4dba18175bcb614d96ca9a1f0c2e14e4176982775c2232a50690e3e7c","0.3.0","isolated_release_library/fastphylosig","d951ecee19c06f3a144ad76c5039302078747585bb3bf829e6f12db15f54775d","isolated_release_library/fastphylosig/libs/<platform>/fastphylosig","c46a5834babd455b546bc65c6549c42ba51e6b47f3c9f222919b7118a5af3280","1bd40080f1ea537b3c73c838dc98ff84940f1064f4e1c4dbfb2dd5063d999bdb","benchmarks/stage5/documentation_fix_release_20261001/fastphylosig_0.3.0.tar.gz","909b7ad27485dcc2d96a7bb1fc70b65b54e93245d75761aca406b9c52f06cbff","Borges2019-source-sha256:0dc1e987c13f0e972b0e7c3b4829b4d0fdc41ff0de3856bae4803f9ce0115175",4.26777982711792,0.282882216548339,"Sys.time",1,TRUE,"not_reported_by_reference","finite_reference_estimate_and_input_audit",TRUE,,"<numeric>","imaginary parts discarded in coercion || NaNs produced",,3,,,,,,,,,,,,
"20261002T011636Z","full","Delta_none_n0500_r04","fastphylosig","Delta","Borges2019 delta() [pinned source]","none",0,500,4,500,500,0,,,,,20760941,70264901,70264902,70264903,20771502,"reference",2,FALSE,,10000,10,100,0.1,0.5,2,"LSE","ARD","0.1","0.5","10000","10","100","LSE","ARD","fast","1",20000,20000,20000,TRUE,TRUE,"0db939fa4357a6b1a0635c4e84fc3cc801883967e51671f49e2ddf1adbea14b5","e53b1af48f2be2dfbde45f00e3261cb7c841e65d7dbc7d1d222d243a658b816b","03cd81a957f216b90b0e1d3c00349234092fff1dc58cc8c3228a8e229ae156b7","2bcfbf18c2a60cb841af6c99092b66cdcfeff588539def9513fad2aa288620db","61e014b4dba18175bcb614d96ca9a1f0c2e14e4176982775c2232a50690e3e7c","0.3.0","isolated_release_library/fastphylosig","d951ecee19c06f3a144ad76c5039302078747585bb3bf829e6f12db15f54775d","isolated_release_library/fastphylosig/libs/<platform>/fastphylosig","c46a5834babd455b546bc65c6549c42ba51e6b47f3c9f222919b7118a5af3280","1bd40080f1ea537b3c73c838dc98ff84940f1064f4e1c4dbfb2dd5063d999bdb","benchmarks/stage5/documentation_fix_release_20261001/fastphylosig_0.3.0.tar.gz","909b7ad27485dcc2d96a7bb1fc70b65b54e93245d75761aca406b9c52f06cbff","Borges2019-source-sha256:0dc1e987c13f0e972b0e7c3b4829b4d0fdc41ff0de3856bae4803f9ce0115175",0.151386976242065,0.282875732948974,"Sys.time",1,TRUE,"ok","fast_result",TRUE,,"trait;Delta_fast;alpha_mean;beta_mean;n_saved;n_saved_requested;n_saved_successful;alpha_sd;beta_sd;ESS_alpha;ESS_beta;split_Rhat_alpha;split_Rhat_beta;Rhat_alpha;Rhat_beta;alpha_beta_cov;MCSE_Delta;diagnostics_available;diagnostics_note;requested_simulations;successful_simulations;requested_iterations;successful_iterations;requested_permutations;successful_permutations;n_states;n_species;n_removed_na;matched_species;removed_tree_tips;removed_data_rows;status;note;message;estimate;p_value;p_mcse;estimate_mcse;ess_alpha;ess_beta;rhat_alpha;rhat_beta;ESS;ess;Rhat;rhat;n_sim_requested;n_sim_successful;n_iter_requested;n_iter_successful;method","",,3,,,,20000,20000,"TRUE","Diagnostics computed from saved alpha/beta MCMC traces.",730.255802461877,655.375846298882,1.00474314695692,1.00169396139266,0.000427195093379489
"20261002T011636Z","full","D_moderate_n0500_r04","reference","D","caper::phylo.d","moderate",0.5,500,4,500,500,0,500,500,500,500,20760941,70264901,70264902,70264903,20781403,"reference",1,TRUE,199,,,,,,,,,,,,,,,,,,,,,,,"0db939fa4357a6b1a0635c4e84fc3cc801883967e51671f49e2ddf1adbea14b5","e53b1af48f2be2dfbde45f00e3261cb7c841e65d7dbc7d1d222d243a658b816b","03cd81a957f216b90b0e1d3c00349234092fff1dc58cc8c3228a8e229ae156b7","93fc7de526e3611074eb767f0aa8be2d23f7441dbbbe52fdec8035bcf6b9b951","6e955cb7bc55861821c53bb0a1a2c6a11ff4ceb3d000bd9dc93e3b96ec1a1282","0.3.0","isolated_release_library/fastphylosig","d951ecee19c06f3a144ad76c5039302078747585bb3bf829e6f12db15f54775d","isolated_release_library/fastphylosig/libs/<platform>/fastphylosig","c46a5834babd455b546bc65c6549c42ba51e6b47f3c9f222919b7118a5af3280","1bd40080f1ea537b3c73c838dc98ff84940f1064f4e1c4dbfb2dd5063d999bdb","benchmarks/stage5/documentation_fix_release_20261001/fastphylosig_0.3.0.tar.gz","909b7ad27485dcc2d96a7bb1fc70b65b54e93245d75761aca406b9c52f06cbff","1.0.4",0.691431045532227,0.612137918431424,"Sys.time",1,TRUE,"not_reported_by_reference","finite_reference_estimate_and_input_audit",TRUE,,"DEstimate;Pval1;Pval0;Parameters;StatesTable;Permutations;NodalVals;binvar;data;nPermut;rnd.bias","",,2,,,,,,,,,,,,
"20261002T011636Z","full","D_moderate_n0500_r04","fastphylosig","D","caper::phylo.d","moderate",0.5,500,4,500,500,0,,,,,20760941,70264901,70264902,70264903,20781402,"reference",2,TRUE,199,,,,,,,,,,,,,,,,,,,,,,,"0db939fa4357a6b1a0635c4e84fc3cc801883967e51671f49e2ddf1adbea14b5","e53b1af48f2be2dfbde45f00e3261cb7c841e65d7dbc7d1d222d243a658b816b","03cd81a957f216b90b0e1d3c00349234092fff1dc58cc8c3228a8e229ae156b7","93fc7de526e3611074eb767f0aa8be2d23f7441dbbbe52fdec8035bcf6b9b951","6e955cb7bc55861821c53bb0a1a2c6a11ff4ceb3d000bd9dc93e3b96ec1a1282","0.3.0","isolated_release_library/fastphylosig","d951ecee19c06f3a144ad76c5039302078747585bb3bf829e6f12db15f54775d","isolated_release_library/fastphylosig/libs/<platform>/fastphylosig","c46a5834babd455b546bc65c6549c42ba51e6b47f3c9f222919b7118a5af3280","1bd40080f1ea537b3c73c838dc98ff84940f1064f4e1c4dbfb2dd5063d999bdb","benchmarks/stage5/documentation_fix_release_20261001/fastphylosig_0.3.0.tar.gz","909b7ad27485dcc2d96a7bb1fc70b65b54e93245d75761aca406b9c52f06cbff","1.0.4",0.0321800708770752,0.612340881960948,"Sys.time",1,TRUE,"ok","fast_result",TRUE,,"trait;D_fast;Pval1_fast;Pval0_fast;P_random;P_Brownian;MCSE_P_random;MCSE_P_Brownian;nsim_requested;nsim_successful_random;nsim_successful_brownian;nsim_failed_random;nsim_failed_brownian;observed;mean_random;mean_brownian;n_species;n_removed_na;matched_species;removed_tree_tips;removed_data_rows;status;note;message;estimate;p_random;p_brownian;p_mcse_random;p_mcse_brownian;MCSE_random;MCSE_Brownian;mcse_random;mcse_brownian;n_sim_requested;n_sim_successful_random;n_sim_successful_brownian;method","",,,199,199,199,,,,,,,,,
"20261002T011636Z","full","Delta_moderate_n0500_r04","fastphylosig","Delta","Borges2019 delta() [pinned source]","moderate",0.5,500,4,500,500,0,,,,,20760941,70264901,70264902,70264903,20781502,"fastphylosig",1,FALSE,,10000,10,100,0.1,0.5,2,"LSE","ARD","0.1","0.5","10000","10","100","LSE","ARD","fast","1",20000,20000,20000,TRUE,TRUE,"0db939fa4357a6b1a0635c4e84fc3cc801883967e51671f49e2ddf1adbea14b5","e53b1af48f2be2dfbde45f00e3261cb7c841e65d7dbc7d1d222d243a658b816b","03cd81a957f216b90b0e1d3c00349234092fff1dc58cc8c3228a8e229ae156b7","bcee88575a78d0b615c332fccb0cb48053b0039b452996298acf870deae927f5","08e91d7de918210ed5432fe745b2e1ebe69af2693220c0eaecf0a464c0c602af","0.3.0","isolated_release_library/fastphylosig","d951ecee19c06f3a144ad76c5039302078747585bb3bf829e6f12db15f54775d","isolated_release_library/fastphylosig/libs/<platform>/fastphylosig","c46a5834babd455b546bc65c6549c42ba51e6b47f3c9f222919b7118a5af3280","1bd40080f1ea537b3c73c838dc98ff84940f1064f4e1c4dbfb2dd5063d999bdb","benchmarks/stage5/documentation_fix_release_20261001/fastphylosig_0.3.0.tar.gz","909b7ad27485dcc2d96a7bb1fc70b65b54e93245d75761aca406b9c52f06cbff","Borges2019-source-sha256:0dc1e987c13f0e972b0e7c3b4829b4d0fdc41ff0de3856bae4803f9ce0115175",0.115080833435059,1.95875940500985,"Sys.time",1,TRUE,"ok","fast_result",TRUE,,"trait;Delta_fast;alpha_mean;beta_mean;n_saved;n_saved_requested;n_saved_successful;alpha_sd;beta_sd;ESS_alpha;ESS_beta;split_Rhat_alpha;split_Rhat_beta;Rhat_alpha;Rhat_beta;alpha_beta_cov;MCSE_Delta;diagnostics_available;diagnostics_note;requested_simulations;successful_simulations;requested_iterations;successful_iterations;requested_permutations;successful_permutations;n_states;n_species;n_removed_na;matched_species;removed_tree_tips;removed_data_rows;status;note;message;estimate;p_value;p_mcse;estimate_mcse;ess_alpha;ess_beta;rhat_alpha;rhat_beta;ESS;ess;Rhat;rhat;n_sim_requested;n_sim_successful;n_iter_requested;n_iter_successful;method","",,3,,,,20000,20000,"TRUE","Diagnostics computed from saved alpha/beta MCMC traces.",472.602759720175,627.236838769251,1.00355107020822,1.006836804869,0.00243398440632288
"20261002T011636Z","full","Delta_moderate_n0500_r04","reference","Delta","Borges2019 delta() [pinned source]","moderate",0.5,500,4,500,500,0,500,500,,500,20760941,70264901,70264902,70264903,20781503,"fastphylosig",2,FALSE,,10000,10,100,0.1,0.5,2,"LSE","ARD",,,,,,,,,,,,,,,"0db939fa4357a6b1a0635c4e84fc3cc801883967e51671f49e2ddf1adbea14b5","e53b1af48f2be2dfbde45f00e3261cb7c841e65d7dbc7d1d222d243a658b816b","03cd81a957f216b90b0e1d3c00349234092fff1dc58cc8c3228a8e229ae156b7","bcee88575a78d0b615c332fccb0cb48053b0039b452996298acf870deae927f5","08e91d7de918210ed5432fe745b2e1ebe69af2693220c0eaecf0a464c0c602af","0.3.0","isolated_release_library/fastphylosig","d951ecee19c06f3a144ad76c5039302078747585bb3bf829e6f12db15f54775d","isolated_release_library/fastphylosig/libs/<platform>/fastphylosig","c46a5834babd455b546bc65c6549c42ba51e6b47f3c9f222919b7118a5af3280","1bd40080f1ea537b3c73c838dc98ff84940f1064f4e1c4dbfb2dd5063d999bdb","benchmarks/stage5/documentation_fix_release_20261001/fastphylosig_0.3.0.tar.gz","909b7ad27485dcc2d96a7bb1fc70b65b54e93245d75761aca406b9c52f06cbff","Borges2019-source-sha256:0dc1e987c13f0e972b0e7c3b4829b4d0fdc41ff0de3856bae4803f9ce0115175",3.68999195098877,1.95835243347875,"Sys.time",1,TRUE,"not_reported_by_reference","finite_reference_estimate_and_input_audit",TRUE,,"<numeric>","NaNs produced || Inf replaced by maximum positive value",,3,,,,,,,,,,,,
"20261002T011636Z","full","D_strong_n0500_r04","fastphylosig","D","caper::phylo.d","strong",0.95,500,4,500,500,0,,,,,20760941,70264901,70264902,70264903,20791402,"fastphylosig",1,TRUE,199,,,,,,,,,,,,,,,,,,,,,,,"0db939fa4357a6b1a0635c4e84fc3cc801883967e51671f49e2ddf1adbea14b5","e53b1af48f2be2dfbde45f00e3261cb7c841e65d7dbc7d1d222d243a658b816b","03cd81a957f216b90b0e1d3c00349234092fff1dc58cc8c3228a8e229ae156b7","a02db3c5f66e412983b75ce281153fbecfc2047ef98b3b4cc7ed4da388a1b8b1","ba886c8fb6a1ed2bf2ba48fb69ad7bed37dd28bcbf274a46c8e0eccd7d443d02","0.3.0","isolated_release_library/fastphylosig","d951ecee19c06f3a144ad76c5039302078747585bb3bf829e6f12db15f54775d","isolated_release_library/fastphylosig/libs/<platform>/fastphylosig","c46a5834babd455b546bc65c6549c42ba51e6b47f3c9f222919b7118a5af3280","1bd40080f1ea537b3c73c838dc98ff84940f1064f4e1c4dbfb2dd5063d999bdb","benchmarks/stage5/documentation_fix_release_20261001/fastphylosig_0.3.0.tar.gz","909b7ad27485dcc2d96a7bb1fc70b65b54e93245d75761aca406b9c52f06cbff","1.0.4",0.032357931137085,-0.0796038690354698,"Sys.time",1,TRUE,"ok","fast_result",TRUE,,"trait;D_fast;Pval1_fast;Pval0_fast;P_random;P_Brownian;MCSE_P_random;MCSE_P_Brownian;nsim_requested;nsim_successful_random;nsim_successful_brownian;nsim_failed_random;nsim_failed_brownian;observed;mean_random;mean_brownian;n_species;n_removed_na;matched_species;removed_tree_tips;removed_data_rows;status;note;message;estimate;p_random;p_brownian;p_mcse_random;p_mcse_brownian;MCSE_random;MCSE_Brownian;mcse_random;mcse_brownian;n_sim_requested;n_sim_successful_random;n_sim_successful_brownian;method","",,,199,199,199,,,,,,,,,
"20261002T011636Z","full","D_strong_n0500_r04","reference","D","caper::phylo.d","strong",0.95,500,4,500,500,0,500,500,500,500,20760941,70264901,70264902,70264903,20791403,"fastphylosig",2,TRUE,199,,,,,,,,,,,,,,,,,,,,,,,"0db939fa4357a6b1a0635c4e84fc3cc801883967e51671f49e2ddf1adbea14b5","e53b1af48f2be2dfbde45f00e3261cb7c841e65d7dbc7d1d222d243a658b816b","03cd81a957f216b90b0e1d3c00349234092fff1dc58cc8c3228a8e229ae156b7","a02db3c5f66e412983b75ce281153fbecfc2047ef98b3b4cc7ed4da388a1b8b1","ba886c8fb6a1ed2bf2ba48fb69ad7bed37dd28bcbf274a46c8e0eccd7d443d02","0.3.0","isolated_release_library/fastphylosig","d951ecee19c06f3a144ad76c5039302078747585bb3bf829e6f12db15f54775d","isolated_release_library/fastphylosig/libs/<platform>/fastphylosig","c46a5834babd455b546bc65c6549c42ba51e6b47f3c9f222919b7118a5af3280","1bd40080f1ea537b3c73c838dc98ff84940f1064f4e1c4dbfb2dd5063d999bdb","benchmarks/stage5/documentation_fix_release_20261001/fastphylosig_0.3.0.tar.gz","909b7ad27485dcc2d96a7bb1fc70b65b54e93245d75761aca406b9c52f06cbff","1.0.4",0.689538955688477,-0.0518491356787479,"Sys.time",1,TRUE,"not_reported_by_reference","finite_reference_estimate_and_input_audit",TRUE,,"DEstimate;Pval1;Pval0;Parameters;StatesTable;Permutations;NodalVals;binvar;data;nPermut;rnd.bias","",,2,,,,,,,,,,,,
"20261002T011636Z","full","Delta_strong_n0500_r04","reference","Delta","Borges2019 delta() [pinned source]","strong",0.95,500,4,500,500,0,500,500,,500,20760941,70264901,70264902,70264903,20791503,"reference",1,FALSE,,10000,10,100,0.1,0.5,2,"LSE","ARD",,,,,,,,,,,,,,,"0db939fa4357a6b1a0635c4e84fc3cc801883967e51671f49e2ddf1adbea14b5","e53b1af48f2be2dfbde45f00e3261cb7c841e65d7dbc7d1d222d243a658b816b","03cd81a957f216b90b0e1d3c00349234092fff1dc58cc8c3228a8e229ae156b7","08a39c8bc4c77f3649d7da5e6706e3991f53a1c42a62bd984058bd5ccbff1fc2","ab241458e3949cf240c26d49f8f5c0a3e277d450d1842050897e28edb4fb8e64","0.3.0","isolated_release_library/fastphylosig","d951ecee19c06f3a144ad76c5039302078747585bb3bf829e6f12db15f54775d","isolated_release_library/fastphylosig/libs/<platform>/fastphylosig","c46a5834babd455b546bc65c6549c42ba51e6b47f3c9f222919b7118a5af3280","1bd40080f1ea537b3c73c838dc98ff84940f1064f4e1c4dbfb2dd5063d999bdb","benchmarks/stage5/documentation_fix_release_20261001/fastphylosig_0.3.0.tar.gz","909b7ad27485dcc2d96a7bb1fc70b65b54e93245d75761aca406b9c52f06cbff","Borges2019-source-sha256:0dc1e987c13f0e972b0e7c3b4829b4d0fdc41ff0de3856bae4803f9ce0115175",3.32837605476379,6.44077541855256,"Sys.time",1,TRUE,"not_reported_by_reference","finite_reference_estimate_and_input_audit",TRUE,,"<numeric>","NaNs produced || Inf replaced by maximum positive value",,3,,,,,,,,,,,,
"20261002T011636Z","full","Delta_strong_n0500_r04","fastphylosig","Delta","Borges2019 delta() [pinned source]","strong",0.95,500,4,500,500,0,,,,,20760941,70264901,70264902,70264903,20791502,"reference",2,FALSE,,10000,10,100,0.1,0.5,2,"LSE","ARD","0.1","0.5","10000","10","100","LSE","ARD","fast","1",20000,20000,20000,TRUE,TRUE,"0db939fa4357a6b1a0635c4e84fc3cc801883967e51671f49e2ddf1adbea14b5","e53b1af48f2be2dfbde45f00e3261cb7c841e65d7dbc7d1d222d243a658b816b","03cd81a957f216b90b0e1d3c00349234092fff1dc58cc8c3228a8e229ae156b7","08a39c8bc4c77f3649d7da5e6706e3991f53a1c42a62bd984058bd5ccbff1fc2","ab241458e3949cf240c26d49f8f5c0a3e277d450d1842050897e28edb4fb8e64","0.3.0","isolated_release_library/fastphylosig","d951ecee19c06f3a144ad76c5039302078747585bb3bf829e6f12db15f54775d","isolated_release_library/fastphylosig/libs/<platform>/fastphylosig","c46a5834babd455b546bc65c6549c42ba51e6b47f3c9f222919b7118a5af3280","1bd40080f1ea537b3c73c838dc98ff84940f1064f4e1c4dbfb2dd5063d999bdb","benchmarks/stage5/documentation_fix_release_20261001/fastphylosig_0.3.0.tar.gz","909b7ad27485dcc2d96a7bb1fc70b65b54e93245d75761aca406b9c52f06cbff","Borges2019-source-sha256:0dc1e987c13f0e972b0e7c3b4829b4d0fdc41ff0de3856bae4803f9ce0115175",0.0858139991760254,6.45765855073618,"Sys.time",1,TRUE,"ok","fast_result",TRUE,,"trait;Delta_fast;alpha_mean;beta_mean;n_saved;n_saved_requested;n_saved_successful;alpha_sd;beta_sd;ESS_alpha;ESS_beta;split_Rhat_alpha;split_Rhat_beta;Rhat_alpha;Rhat_beta;alpha_beta_cov;MCSE_Delta;diagnostics_available;diagnostics_note;requested_simulations;successful_simulations;requested_iterations;successful_iterations;requested_permutations;successful_permutations;n_states;n_species;n_removed_na;matched_species;removed_tree_tips;removed_data_rows;status;note;message;estimate;p_value;p_mcse;estimate_mcse;ess_alpha;ess_beta;rhat_alpha;rhat_beta;ESS;ess;Rhat;rhat;n_sim_requested;n_sim_successful;n_iter_requested;n_iter_successful;method","",,3,,,,20000,20000,"TRUE","Diagnostics computed from saved alpha/beta MCMC traces.",902.479989890473,1028.27959891731,1.00104311558242,1.00232275578264,0.0101523901688544
"20261002T011636Z","full","D_none_n0500_r05","reference","D","caper::phylo.d","none",0,500,5,500,500,0,500,500,500,500,20760951,70265901,70265902,70265903,20771503,"reference",1,TRUE,199,,,,,,,,,,,,,,,,,,,,,,,"435620a15612dffe8fd349b8a9099b6c3cd32bb6e0d0034032223b22be1547e5","75a0d90714c593b76277cb5aa2fc68b2605627b38dc3c148291dd8d375cd8cea","a3c601401673c426158b9c73b0cf7d0c632d1d367b9576547b88645cc0d22383","439f7f7101d712f461f74d859f6cfbd597affb5e96487bea4b3964fa565a1190","9b064e00ad937d103142ddb2371faa1933236b93587ca9b80b8712bc47108e1f","0.3.0","isolated_release_library/fastphylosig","d951ecee19c06f3a144ad76c5039302078747585bb3bf829e6f12db15f54775d","isolated_release_library/fastphylosig/libs/<platform>/fastphylosig","c46a5834babd455b546bc65c6549c42ba51e6b47f3c9f222919b7118a5af3280","1bd40080f1ea537b3c73c838dc98ff84940f1064f4e1c4dbfb2dd5063d999bdb","benchmarks/stage5/documentation_fix_release_20261001/fastphylosig_0.3.0.tar.gz","909b7ad27485dcc2d96a7bb1fc70b65b54e93245d75761aca406b9c52f06cbff","1.0.4",0.66975998878479,0.928954712385178,"Sys.time",1,TRUE,"not_reported_by_reference","finite_reference_estimate_and_input_audit",TRUE,,"DEstimate;Pval1;Pval0;Parameters;StatesTable;Permutations;NodalVals;binvar;data;nPermut;rnd.bias","",,2,,,,,,,,,,,,
"20261002T011636Z","full","D_none_n0500_r05","fastphylosig","D","caper::phylo.d","none",0,500,5,500,500,0,,,,,20760951,70265901,70265902,70265903,20771502,"reference",2,TRUE,199,,,,,,,,,,,,,,,,,,,,,,,"435620a15612dffe8fd349b8a9099b6c3cd32bb6e0d0034032223b22be1547e5","75a0d90714c593b76277cb5aa2fc68b2605627b38dc3c148291dd8d375cd8cea","a3c601401673c426158b9c73b0cf7d0c632d1d367b9576547b88645cc0d22383","439f7f7101d712f461f74d859f6cfbd597affb5e96487bea4b3964fa565a1190","9b064e00ad937d103142ddb2371faa1933236b93587ca9b80b8712bc47108e1f","0.3.0","isolated_release_library/fastphylosig","d951ecee19c06f3a144ad76c5039302078747585bb3bf829e6f12db15f54775d","isolated_release_library/fastphylosig/libs/<platform>/fastphylosig","c46a5834babd455b546bc65c6549c42ba51e6b47f3c9f222919b7118a5af3280","1bd40080f1ea537b3c73c838dc98ff84940f1064f4e1c4dbfb2dd5063d999bdb","benchmarks/stage5/documentation_fix_release_20261001/fastphylosig_0.3.0.tar.gz","909b7ad27485dcc2d96a7bb1fc70b65b54e93245d75761aca406b9c52f06cbff","1.0.4",0.033350944519043,0.923045418532154,"Sys.time",1,TRUE,"ok","fast_result",TRUE,,"trait;D_fast;Pval1_fast;Pval0_fast;P_random;P_Brownian;MCSE_P_random;MCSE_P_Brownian;nsim_requested;nsim_successful_random;nsim_successful_brownian;nsim_failed_random;nsim_failed_brownian;observed;mean_random;mean_brownian;n_species;n_removed_na;matched_species;removed_tree_tips;removed_data_rows;status;note;message;estimate;p_random;p_brownian;p_mcse_random;p_mcse_brownian;MCSE_random;MCSE_Brownian;mcse_random;mcse_brownian;n_sim_requested;n_sim_successful_random;n_sim_successful_brownian;method","",,,199,199,199,,,,,,,,,
"20261002T011636Z","full","Delta_none_n0500_r05","fastphylosig","Delta","Borges2019 delta() [pinned source]","none",0,500,5,500,500,0,,,,,20760951,70265901,70265902,70265903,20771602,"fastphylosig",1,FALSE,,10000,10,100,0.1,0.5,2,"LSE","ARD","0.1","0.5","10000","10","100","LSE","ARD","fast","1",20000,20000,20000,TRUE,TRUE,"435620a15612dffe8fd349b8a9099b6c3cd32bb6e0d0034032223b22be1547e5","75a0d90714c593b76277cb5aa2fc68b2605627b38dc3c148291dd8d375cd8cea","a3c601401673c426158b9c73b0cf7d0c632d1d367b9576547b88645cc0d22383","07d3cdd99af38bff78d1f55122a01cf2d3862981eda5ca6b4a59e274f49f038c","2ac54850c5e099f864bd08d052d97e0664d607cffd04a6a3b7effe14e47e8591","0.3.0","isolated_release_library/fastphylosig","d951ecee19c06f3a144ad76c5039302078747585bb3bf829e6f12db15f54775d","isolated_release_library/fastphylosig/libs/<platform>/fastphylosig","c46a5834babd455b546bc65c6549c42ba51e6b47f3c9f222919b7118a5af3280","1bd40080f1ea537b3c73c838dc98ff84940f1064f4e1c4dbfb2dd5063d999bdb","benchmarks/stage5/documentation_fix_release_20261001/fastphylosig_0.3.0.tar.gz","909b7ad27485dcc2d96a7bb1fc70b65b54e93245d75761aca406b9c52f06cbff","Borges2019-source-sha256:0dc1e987c13f0e972b0e7c3b4829b4d0fdc41ff0de3856bae4803f9ce0115175",0.281635999679565,0.00343513009049229,"Sys.time",1,TRUE,"ok","fast_result",TRUE,,"trait;Delta_fast;alpha_mean;beta_mean;n_saved;n_saved_requested;n_saved_successful;alpha_sd;beta_sd;ESS_alpha;ESS_beta;split_Rhat_alpha;split_Rhat_beta;Rhat_alpha;Rhat_beta;alpha_beta_cov;MCSE_Delta;diagnostics_available;diagnostics_note;requested_simulations;successful_simulations;requested_iterations;successful_iterations;requested_permutations;successful_permutations;n_states;n_species;n_removed_na;matched_species;removed_tree_tips;removed_data_rows;status;note;message;estimate;p_value;p_mcse;estimate_mcse;ess_alpha;ess_beta;rhat_alpha;rhat_beta;ESS;ess;Rhat;rhat;n_sim_requested;n_sim_successful;n_iter_requested;n_iter_successful;method","",,3,,,,20000,20000,"TRUE","Diagnostics computed from saved alpha/beta MCMC traces.",378.572569315151,379.316518261666,1.0054550628941,1.00372441721492,5.19569262608823e-06
"20261002T011636Z","full","Delta_none_n0500_r05","reference","Delta","Borges2019 delta() [pinned source]","none",0,500,5,500,500,0,500,500,,500,20760951,70265901,70265902,70265903,20771603,"fastphylosig",2,FALSE,,10000,10,100,0.1,0.5,2,"LSE","ARD",,,,,,,,,,,,,,,"435620a15612dffe8fd349b8a9099b6c3cd32bb6e0d0034032223b22be1547e5","75a0d90714c593b76277cb5aa2fc68b2605627b38dc3c148291dd8d375cd8cea","a3c601401673c426158b9c73b0cf7d0c632d1d367b9576547b88645cc0d22383","07d3cdd99af38bff78d1f55122a01cf2d3862981eda5ca6b4a59e274f49f038c","2ac54850c5e099f864bd08d052d97e0664d607cffd04a6a3b7effe14e47e8591","0.3.0","isolated_release_library/fastphylosig","d951ecee19c06f3a144ad76c5039302078747585bb3bf829e6f12db15f54775d","isolated_release_library/fastphylosig/libs/<platform>/fastphylosig","c46a5834babd455b546bc65c6549c42ba51e6b47f3c9f222919b7118a5af3280","1bd40080f1ea537b3c73c838dc98ff84940f1064f4e1c4dbfb2dd5063d999bdb","benchmarks/stage5/documentation_fix_release_20261001/fastphylosig_0.3.0.tar.gz","909b7ad27485dcc2d96a7bb1fc70b65b54e93245d75761aca406b9c52f06cbff","Borges2019-source-sha256:0dc1e987c13f0e972b0e7c3b4829b4d0fdc41ff0de3856bae4803f9ce0115175",5.70726799964905,0.00326557820797809,"Sys.time",1,TRUE,"not_reported_by_reference","finite_reference_estimate_and_input_audit",TRUE,,"<numeric>","imaginary parts discarded in coercion",,3,,,,,,,,,,,,
"20261002T011636Z","full","D_moderate_n0500_r05","fastphylosig","D","caper::phylo.d","moderate",0.5,500,5,500,500,0,,,,,20760951,70265901,70265902,70265903,20781502,"fastphylosig",1,TRUE,199,,,,,,,,,,,,,,,,,,,,,,,"435620a15612dffe8fd349b8a9099b6c3cd32bb6e0d0034032223b22be1547e5","75a0d90714c593b76277cb5aa2fc68b2605627b38dc3c148291dd8d375cd8cea","a3c601401673c426158b9c73b0cf7d0c632d1d367b9576547b88645cc0d22383","6d617ce4c6c8c46aed9adc7975b23a594103aac301ed35c6d47d809c1f09b8e6","ef8a07a90edc1d23ee0bddb0f1a87f5388848e265c2e03f5332b60df53fa04fd","0.3.0","isolated_release_library/fastphylosig","d951ecee19c06f3a144ad76c5039302078747585bb3bf829e6f12db15f54775d","isolated_release_library/fastphylosig/libs/<platform>/fastphylosig","c46a5834babd455b546bc65c6549c42ba51e6b47f3c9f222919b7118a5af3280","1bd40080f1ea537b3c73c838dc98ff84940f1064f4e1c4dbfb2dd5063d999bdb","benchmarks/stage5/documentation_fix_release_20261001/fastphylosig_0.3.0.tar.gz","909b7ad27485dcc2d96a7bb1fc70b65b54e93245d75761aca406b9c52f06cbff","1.0.4",0.0334179401397705,0.479467471615219,"Sys.time",1,TRUE,"ok","fast_result",TRUE,,"trait;D_fast;Pval1_fast;Pval0_fast;P_random;P_Brownian;MCSE_P_random;MCSE_P_Brownian;nsim_requested;nsim_successful_random;nsim_successful_brownian;nsim_failed_random;nsim_failed_brownian;observed;mean_random;mean_brownian;n_species;n_removed_na;matched_species;removed_tree_tips;removed_data_rows;status;note;message;estimate;p_random;p_brownian;p_mcse_random;p_mcse_brownian;MCSE_random;MCSE_Brownian;mcse_random;mcse_brownian;n_sim_requested;n_sim_successful_random;n_sim_successful_brownian;method","",,,199,199,199,,,,,,,,,
"20261002T011636Z","full","D_moderate_n0500_r05","reference","D","caper::phylo.d","moderate",0.5,500,5,500,500,0,500,500,500,500,20760951,70265901,70265902,70265903,20781503,"fastphylosig",2,TRUE,199,,,,,,,,,,,,,,,,,,,,,,,"435620a15612dffe8fd349b8a9099b6c3cd32bb6e0d0034032223b22be1547e5","75a0d90714c593b76277cb5aa2fc68b2605627b38dc3c148291dd8d375cd8cea","a3c601401673c426158b9c73b0cf7d0c632d1d367b9576547b88645cc0d22383","6d617ce4c6c8c46aed9adc7975b23a594103aac301ed35c6d47d809c1f09b8e6","ef8a07a90edc1d23ee0bddb0f1a87f5388848e265c2e03f5332b60df53fa04fd","0.3.0","isolated_release_library/fastphylosig","d951ecee19c06f3a144ad76c5039302078747585bb3bf829e6f12db15f54775d","isolated_release_library/fastphylosig/libs/<platform>/fastphylosig","c46a5834babd455b546bc65c6549c42ba51e6b47f3c9f222919b7118a5af3280","1bd40080f1ea537b3c73c838dc98ff84940f1064f4e1c4dbfb2dd5063d999bdb","benchmarks/stage5/documentation_fix_release_20261001/fastphylosig_0.3.0.tar.gz","909b7ad27485dcc2d96a7bb1fc70b65b54e93245d75761aca406b9c52f06cbff","1.0.4",0.683257102966309,0.482604116398701,"Sys.time",1,TRUE,"not_reported_by_reference","finite_reference_estimate_and_input_audit",TRUE,,"DEstimate;Pval1;Pval0;Parameters;StatesTable;Permutations;NodalVals;binvar;data;nPermut;rnd.bias","",,2,,,,,,,,,,,,
"20261002T011636Z","full","Delta_moderate_n0500_r05","reference","Delta","Borges2019 delta() [pinned source]","moderate",0.5,500,5,500,500,0,500,500,,500,20760951,70265901,70265902,70265903,20781603,"reference",1,FALSE,,10000,10,100,0.1,0.5,2,"LSE","ARD",,,,,,,,,,,,,,,"435620a15612dffe8fd349b8a9099b6c3cd32bb6e0d0034032223b22be1547e5","75a0d90714c593b76277cb5aa2fc68b2605627b38dc3c148291dd8d375cd8cea","a3c601401673c426158b9c73b0cf7d0c632d1d367b9576547b88645cc0d22383","88e3d7e263beacf1d42fa320c11457dddb4bd00aebc10752daa31323739b085a","da5c5e2fa7c2d318b6e907cb848c6596db8ba7d6f6c4f2c74c67c90565c4e74d","0.3.0","isolated_release_library/fastphylosig","d951ecee19c06f3a144ad76c5039302078747585bb3bf829e6f12db15f54775d","isolated_release_library/fastphylosig/libs/<platform>/fastphylosig","c46a5834babd455b546bc65c6549c42ba51e6b47f3c9f222919b7118a5af3280","1bd40080f1ea537b3c73c838dc98ff84940f1064f4e1c4dbfb2dd5063d999bdb","benchmarks/stage5/documentation_fix_release_20261001/fastphylosig_0.3.0.tar.gz","909b7ad27485dcc2d96a7bb1fc70b65b54e93245d75761aca406b9c52f06cbff","Borges2019-source-sha256:0dc1e987c13f0e972b0e7c3b4829b4d0fdc41ff0de3856bae4803f9ce0115175",3.61405396461487,1.77079935606135,"Sys.time",1,TRUE,"not_reported_by_reference","finite_reference_estimate_and_input_audit",TRUE,,"<numeric>","NaNs produced || Inf replaced by maximum positive value",,3,,,,,,,,,,,,
"20261002T011636Z","full","Delta_moderate_n0500_r05","fastphylosig","Delta","Borges2019 delta() [pinned source]","moderate",0.5,500,5,500,500,0,,,,,20760951,70265901,70265902,70265903,20781602,"reference",2,FALSE,,10000,10,100,0.1,0.5,2,"LSE","ARD","0.1","0.5","10000","10","100","LSE","ARD","fast","1",20000,20000,20000,TRUE,TRUE,"435620a15612dffe8fd349b8a9099b6c3cd32bb6e0d0034032223b22be1547e5","75a0d90714c593b76277cb5aa2fc68b2605627b38dc3c148291dd8d375cd8cea","a3c601401673c426158b9c73b0cf7d0c632d1d367b9576547b88645cc0d22383","88e3d7e263beacf1d42fa320c11457dddb4bd00aebc10752daa31323739b085a","da5c5e2fa7c2d318b6e907cb848c6596db8ba7d6f6c4f2c74c67c90565c4e74d","0.3.0","isolated_release_library/fastphylosig","d951ecee19c06f3a144ad76c5039302078747585bb3bf829e6f12db15f54775d","isolated_release_library/fastphylosig/libs/<platform>/fastphylosig","c46a5834babd455b546bc65c6549c42ba51e6b47f3c9f222919b7118a5af3280","1bd40080f1ea537b3c73c838dc98ff84940f1064f4e1c4dbfb2dd5063d999bdb","benchmarks/stage5/documentation_fix_release_20261001/fastphylosig_0.3.0.tar.gz","909b7ad27485dcc2d96a7bb1fc70b65b54e93245d75761aca406b9c52f06cbff","Borges2019-source-sha256:0dc1e987c13f0e972b0e7c3b4829b4d0fdc41ff0de3856bae4803f9ce0115175",0.101701021194458,1.77362292152267,"Sys.time",1,TRUE,"ok","fast_result",TRUE,,"trait;Delta_fast;alpha_mean;beta_mean;n_saved;n_saved_requested;n_saved_successful;alpha_sd;beta_sd;ESS_alpha;ESS_beta;split_Rhat_alpha;split_Rhat_beta;Rhat_alpha;Rhat_beta;alpha_beta_cov;MCSE_Delta;diagnostics_available;diagnostics_note;requested_simulations;successful_simulations;requested_iterations;successful_iterations;requested_permutations;successful_permutations;n_states;n_species;n_removed_na;matched_species;removed_tree_tips;removed_data_rows;status;note;message;estimate;p_value;p_mcse;estimate_mcse;ess_alpha;ess_beta;rhat_alpha;rhat_beta;ESS;ess;Rhat;rhat;n_sim_requested;n_sim_successful;n_iter_requested;n_iter_successful;method","",,3,,,,20000,20000,"TRUE","Diagnostics computed from saved alpha/beta MCMC traces.",507.526849913565,566.831075803465,1.00336984511591,1.0051410157068,0.00202963264745287
"20261002T011636Z","full","D_strong_n0500_r05","reference","D","caper::phylo.d","strong",0.95,500,5,500,500,0,500,500,500,500,20760951,70265901,70265902,70265903,20791503,"reference",1,TRUE,199,,,,,,,,,,,,,,,,,,,,,,,"435620a15612dffe8fd349b8a9099b6c3cd32bb6e0d0034032223b22be1547e5","75a0d90714c593b76277cb5aa2fc68b2605627b38dc3c148291dd8d375cd8cea","a3c601401673c426158b9c73b0cf7d0c632d1d367b9576547b88645cc0d22383","7ab38c902d9147332cbcd55c1ff7ccebb98fecdb29ddf1cb86f4386466bb7d56","075330f334f76b349dde0a6fd904ce7d86f61871e1ad0578d71f6016d500870d","0.3.0","isolated_release_library/fastphylosig","d951ecee19c06f3a144ad76c5039302078747585bb3bf829e6f12db15f54775d","isolated_release_library/fastphylosig/libs/<platform>/fastphylosig","c46a5834babd455b546bc65c6549c42ba51e6b47f3c9f222919b7118a5af3280","1bd40080f1ea537b3c73c838dc98ff84940f1064f4e1c4dbfb2dd5063d999bdb","benchmarks/stage5/documentation_fix_release_20261001/fastphylosig_0.3.0.tar.gz","909b7ad27485dcc2d96a7bb1fc70b65b54e93245d75761aca406b9c52f06cbff","1.0.4",0.657744884490967,0.00912910407993635,"Sys.time",1,TRUE,"not_reported_by_reference","finite_reference_estimate_and_input_audit",TRUE,,"DEstimate;Pval1;Pval0;Parameters;StatesTable;Permutations;NodalVals;binvar;data;nPermut;rnd.bias","",,2,,,,,,,,,,,,
"20261002T011636Z","full","D_strong_n0500_r05","fastphylosig","D","caper::phylo.d","strong",0.95,500,5,500,500,0,,,,,20760951,70265901,70265902,70265903,20791502,"reference",2,TRUE,199,,,,,,,,,,,,,,,,,,,,,,,"435620a15612dffe8fd349b8a9099b6c3cd32bb6e0d0034032223b22be1547e5","75a0d90714c593b76277cb5aa2fc68b2605627b38dc3c148291dd8d375cd8cea","a3c601401673c426158b9c73b0cf7d0c632d1d367b9576547b88645cc0d22383","7ab38c902d9147332cbcd55c1ff7ccebb98fecdb29ddf1cb86f4386466bb7d56","075330f334f76b349dde0a6fd904ce7d86f61871e1ad0578d71f6016d500870d","0.3.0","isolated_release_library/fastphylosig","d951ecee19c06f3a144ad76c5039302078747585bb3bf829e6f12db15f54775d","isolated_release_library/fastphylosig/libs/<platform>/fastphylosig","c46a5834babd455b546bc65c6549c42ba51e6b47f3c9f222919b7118a5af3280","1bd40080f1ea537b3c73c838dc98ff84940f1064f4e1c4dbfb2dd5063d999bdb","benchmarks/stage5/documentation_fix_release_20261001/fastphylosig_0.3.0.tar.gz","909b7ad27485dcc2d96a7bb1fc70b65b54e93245d75761aca406b9c52f06cbff","1.0.4",0.0323560237884521,-0.00443681325042284,"Sys.time",1,TRUE,"ok","fast_result",TRUE,,"trait;D_fast;Pval1_fast;Pval0_fast;P_random;P_Brownian;MCSE_P_random;MCSE_P_Brownian;nsim_requested;nsim_successful_random;nsim_successful_brownian;nsim_failed_random;nsim_failed_brownian;observed;mean_random;mean_brownian;n_species;n_removed_na;matched_species;removed_tree_tips;removed_data_rows;status;note;message;estimate;p_random;p_brownian;p_mcse_random;p_mcse_brownian;MCSE_random;MCSE_Brownian;mcse_random;mcse_brownian;n_sim_requested;n_sim_successful_random;n_sim_successful_brownian;method","",,,199,199,199,,,,,,,,,
"20261002T011636Z","full","Delta_strong_n0500_r05","fastphylosig","Delta","Borges2019 delta() [pinned source]","strong",0.95,500,5,500,500,0,,,,,20760951,70265901,70265902,70265903,20791602,"fastphylosig",1,FALSE,,10000,10,100,0.1,0.5,2,"LSE","ARD","0.1","0.5","10000","10","100","LSE","ARD","fast","1",20000,20000,20000,TRUE,TRUE,"435620a15612dffe8fd349b8a9099b6c3cd32bb6e0d0034032223b22be1547e5","75a0d90714c593b76277cb5aa2fc68b2605627b38dc3c148291dd8d375cd8cea","a3c601401673c426158b9c73b0cf7d0c632d1d367b9576547b88645cc0d22383","504db640431f328a270165b9beed0875d2a45d4f32524253815ad42c70731774","db00cacd350c4e804e27088672a02fa715723f8e903141fc55da32c9df98a0eb","0.3.0","isolated_release_library/fastphylosig","d951ecee19c06f3a144ad76c5039302078747585bb3bf829e6f12db15f54775d","isolated_release_library/fastphylosig/libs/<platform>/fastphylosig","c46a5834babd455b546bc65c6549c42ba51e6b47f3c9f222919b7118a5af3280","1bd40080f1ea537b3c73c838dc98ff84940f1064f4e1c4dbfb2dd5063d999bdb","benchmarks/stage5/documentation_fix_release_20261001/fastphylosig_0.3.0.tar.gz","909b7ad27485dcc2d96a7bb1fc70b65b54e93245d75761aca406b9c52f06cbff","Borges2019-source-sha256:0dc1e987c13f0e972b0e7c3b4829b4d0fdc41ff0de3856bae4803f9ce0115175",0.0857160091400146,8.24389047386932,"Sys.time",1,TRUE,"ok","fast_result",TRUE,,"trait;Delta_fast;alpha_mean;beta_mean;n_saved;n_saved_requested;n_saved_successful;alpha_sd;beta_sd;ESS_alpha;ESS_beta;split_Rhat_alpha;split_Rhat_beta;Rhat_alpha;Rhat_beta;alpha_beta_cov;MCSE_Delta;diagnostics_available;diagnostics_note;requested_simulations;successful_simulations;requested_iterations;successful_iterations;requested_permutations;successful_permutations;n_states;n_species;n_removed_na;matched_species;removed_tree_tips;removed_data_rows;status;note;message;estimate;p_value;p_mcse;estimate_mcse;ess_alpha;ess_beta;rhat_alpha;rhat_beta;ESS;ess;Rhat;rhat;n_sim_requested;n_sim_successful;n_iter_requested;n_iter_successful;method","",,3,,,,20000,20000,"TRUE","Diagnostics computed from saved alpha/beta MCMC traces.",770.243335318975,1050.45854437051,1.00323630957693,1.00062059260937,0.0129134148349166
"20261002T011636Z","full","Delta_strong_n0500_r05","reference","Delta","Borges2019 delta() [pinned source]","strong",0.95,500,5,500,500,0,500,500,,500,20760951,70265901,70265902,70265903,20791603,"fastphylosig",2,FALSE,,10000,10,100,0.1,0.5,2,"LSE","ARD",,,,,,,,,,,,,,,"435620a15612dffe8fd349b8a9099b6c3cd32bb6e0d0034032223b22be1547e5","75a0d90714c593b76277cb5aa2fc68b2605627b38dc3c148291dd8d375cd8cea","a3c601401673c426158b9c73b0cf7d0c632d1d367b9576547b88645cc0d22383","504db640431f328a270165b9beed0875d2a45d4f32524253815ad42c70731774","db00cacd350c4e804e27088672a02fa715723f8e903141fc55da32c9df98a0eb","0.3.0","isolated_release_library/fastphylosig","d951ecee19c06f3a144ad76c5039302078747585bb3bf829e6f12db15f54775d","isolated_release_library/fastphylosig/libs/<platform>/fastphylosig","c46a5834babd455b546bc65c6549c42ba51e6b47f3c9f222919b7118a5af3280","1bd40080f1ea537b3c73c838dc98ff84940f1064f4e1c4dbfb2dd5063d999bdb","benchmarks/stage5/documentation_fix_release_20261001/fastphylosig_0.3.0.tar.gz","909b7ad27485dcc2d96a7bb1fc70b65b54e93245d75761aca406b9c52f06cbff","Borges2019-source-sha256:0dc1e987c13f0e972b0e7c3b4829b4d0fdc41ff0de3856bae4803f9ce0115175",3.32441401481628,8.20717032294938,"Sys.time",1,TRUE,"not_reported_by_reference","finite_reference_estimate_and_input_audit",TRUE,,"<numeric>","NaNs produced || Inf replaced by maximum positive value",,3,,,,,,,,,,,,
"20261002T011636Z","full","D_none_n0500_r06","fastphylosig","D","caper::phylo.d","none",0,500,6,500,500,0,,,,,20760961,70266901,70266902,70266903,20771602,"fastphylosig",1,TRUE,199,,,,,,,,,,,,,,,,,,,,,,,"269bab75c6fb65cf7a8463f1ccf6117f527980383e6cc3ce9adfa7f977e430ca","4a3b2eb59094b3a8729a34ebd26ff1441dd76440ea30c86d32f1b4ba2be5fafd","732dedd8c46200c37784b61fe1cb448c9a24acdc6da6652bd2b7d03562dd21c0","27aab1701e5bfe564e410d8db5e651eb853925df7f5406019ad1be8fa803fb0c","f31d95da6f4c4561872ecf13f5030239e93be5109b1c433c4b0ba1283b985a59","0.3.0","isolated_release_library/fastphylosig","d951ecee19c06f3a144ad76c5039302078747585bb3bf829e6f12db15f54775d","isolated_release_library/fastphylosig/libs/<platform>/fastphylosig","c46a5834babd455b546bc65c6549c42ba51e6b47f3c9f222919b7118a5af3280","1bd40080f1ea537b3c73c838dc98ff84940f1064f4e1c4dbfb2dd5063d999bdb","benchmarks/stage5/documentation_fix_release_20261001/fastphylosig_0.3.0.tar.gz","909b7ad27485dcc2d96a7bb1fc70b65b54e93245d75761aca406b9c52f06cbff","1.0.4",0.0335009098052979,1.05215559803376,"Sys.time",1,TRUE,"ok","fast_result",TRUE,,"trait;D_fast;Pval1_fast;Pval0_fast;P_random;P_Brownian;MCSE_P_random;MCSE_P_Brownian;nsim_requested;nsim_successful_random;nsim_successful_brownian;nsim_failed_random;nsim_failed_brownian;observed;mean_random;mean_brownian;n_species;n_removed_na;matched_species;removed_tree_tips;removed_data_rows;status;note;message;estimate;p_random;p_brownian;p_mcse_random;p_mcse_brownian;MCSE_random;MCSE_Brownian;mcse_random;mcse_brownian;n_sim_requested;n_sim_successful_random;n_sim_successful_brownian;method","",,,199,199,199,,,,,,,,,
"20261002T011636Z","full","D_none_n0500_r06","reference","D","caper::phylo.d","none",0,500,6,500,500,0,500,500,500,500,20760961,70266901,70266902,70266903,20771603,"fastphylosig",2,TRUE,199,,,,,,,,,,,,,,,,,,,,,,,"269bab75c6fb65cf7a8463f1ccf6117f527980383e6cc3ce9adfa7f977e430ca","4a3b2eb59094b3a8729a34ebd26ff1441dd76440ea30c86d32f1b4ba2be5fafd","732dedd8c46200c37784b61fe1cb448c9a24acdc6da6652bd2b7d03562dd21c0","27aab1701e5bfe564e410d8db5e651eb853925df7f5406019ad1be8fa803fb0c","f31d95da6f4c4561872ecf13f5030239e93be5109b1c433c4b0ba1283b985a59","0.3.0","isolated_release_library/fastphylosig","d951ecee19c06f3a144ad76c5039302078747585bb3bf829e6f12db15f54775d","isolated_release_library/fastphylosig/libs/<platform>/fastphylosig","c46a5834babd455b546bc65c6549c42ba51e6b47f3c9f222919b7118a5af3280","1bd40080f1ea537b3c73c838dc98ff84940f1064f4e1c4dbfb2dd5063d999bdb","benchmarks/stage5/documentation_fix_release_20261001/fastphylosig_0.3.0.tar.gz","909b7ad27485dcc2d96a7bb1fc70b65b54e93245d75761aca406b9c52f06cbff","1.0.4",0.648333072662354,1.05468497047553,"Sys.time",1,TRUE,"not_reported_by_reference","finite_reference_estimate_and_input_audit",TRUE,,"DEstimate;Pval1;Pval0;Parameters;StatesTable;Permutations;NodalVals;binvar;data;nPermut;rnd.bias","",,2,,,,,,,,,,,,
"20261002T011636Z","full","Delta_none_n0500_r06","reference","Delta","Borges2019 delta() [pinned source]","none",0,500,6,500,500,0,500,500,,500,20760961,70266901,70266902,70266903,20771703,"reference",1,FALSE,,10000,10,100,0.1,0.5,2,"LSE","ARD",,,,,,,,,,,,,,,"269bab75c6fb65cf7a8463f1ccf6117f527980383e6cc3ce9adfa7f977e430ca","4a3b2eb59094b3a8729a34ebd26ff1441dd76440ea30c86d32f1b4ba2be5fafd","732dedd8c46200c37784b61fe1cb448c9a24acdc6da6652bd2b7d03562dd21c0","122a11a98463c877debb4b9d44401d4e7b2e6fc600a6bffc79812c811b684145","a13ba3a382c03a87194491891916b2dccf1f3be803bb434da9d0e32d0e7f1ff1","0.3.0","isolated_release_library/fastphylosig","d951ecee19c06f3a144ad76c5039302078747585bb3bf829e6f12db15f54775d","isolated_release_library/fastphylosig/libs/<platform>/fastphylosig","c46a5834babd455b546bc65c6549c42ba51e6b47f3c9f222919b7118a5af3280","1bd40080f1ea537b3c73c838dc98ff84940f1064f4e1c4dbfb2dd5063d999bdb","benchmarks/stage5/documentation_fix_release_20261001/fastphylosig_0.3.0.tar.gz","909b7ad27485dcc2d96a7bb1fc70b65b54e93245d75761aca406b9c52f06cbff","Borges2019-source-sha256:0dc1e987c13f0e972b0e7c3b4829b4d0fdc41ff0de3856bae4803f9ce0115175",3.52798295021057,0.299192593303446,"Sys.time",1,TRUE,"not_reported_by_reference","finite_reference_estimate_and_input_audit",TRUE,,"<numeric>","imaginary parts discarded in coercion || NaNs produced",,3,,,,,,,,,,,,
"20261002T011636Z","full","Delta_none_n0500_r06","fastphylosig","Delta","Borges2019 delta() [pinned source]","none",0,500,6,500,500,0,,,,,20760961,70266901,70266902,70266903,20771702,"reference",2,FALSE,,10000,10,100,0.1,0.5,2,"LSE","ARD","0.1","0.5","10000","10","100","LSE","ARD","fast","1",20000,20000,20000,TRUE,TRUE,"269bab75c6fb65cf7a8463f1ccf6117f527980383e6cc3ce9adfa7f977e430ca","4a3b2eb59094b3a8729a34ebd26ff1441dd76440ea30c86d32f1b4ba2be5fafd","732dedd8c46200c37784b61fe1cb448c9a24acdc6da6652bd2b7d03562dd21c0","122a11a98463c877debb4b9d44401d4e7b2e6fc600a6bffc79812c811b684145","a13ba3a382c03a87194491891916b2dccf1f3be803bb434da9d0e32d0e7f1ff1","0.3.0","isolated_release_library/fastphylosig","d951ecee19c06f3a144ad76c5039302078747585bb3bf829e6f12db15f54775d","isolated_release_library/fastphylosig/libs/<platform>/fastphylosig","c46a5834babd455b546bc65c6549c42ba51e6b47f3c9f222919b7118a5af3280","1bd40080f1ea537b3c73c838dc98ff84940f1064f4e1c4dbfb2dd5063d999bdb","benchmarks/stage5/documentation_fix_release_20261001/fastphylosig_0.3.0.tar.gz","909b7ad27485dcc2d96a7bb1fc70b65b54e93245d75761aca406b9c52f06cbff","Borges2019-source-sha256:0dc1e987c13f0e972b0e7c3b4829b4d0fdc41ff0de3856bae4803f9ce0115175",0.0953788757324219,0.297793486218212,"Sys.time",1,TRUE,"ok","fast_result",TRUE,,"trait;Delta_fast;alpha_mean;beta_mean;n_saved;n_saved_requested;n_saved_successful;alpha_sd;beta_sd;ESS_alpha;ESS_beta;split_Rhat_alpha;split_Rhat_beta;Rhat_alpha;Rhat_beta;alpha_beta_cov;MCSE_Delta;diagnostics_available;diagnostics_note;requested_simulations;successful_simulations;requested_iterations;successful_iterations;requested_permutations;successful_permutations;n_states;n_species;n_removed_na;matched_species;removed_tree_tips;removed_data_rows;status;note;message;estimate;p_value;p_mcse;estimate_mcse;ess_alpha;ess_beta;rhat_alpha;rhat_beta;ESS;ess;Rhat;rhat;n_sim_requested;n_sim_successful;n_iter_requested;n_iter_successful;method","",,3,,,,20000,20000,"TRUE","Diagnostics computed from saved alpha/beta MCMC traces.",783.52759500715,670.242977667574,1.00091410697986,1.000499612898,0.000424663441942325
"20261002T011636Z","full","D_moderate_n0500_r06","reference","D","caper::phylo.d","moderate",0.5,500,6,500,500,0,500,500,500,500,20760961,70266901,70266902,70266903,20781603,"reference",1,TRUE,199,,,,,,,,,,,,,,,,,,,,,,,"269bab75c6fb65cf7a8463f1ccf6117f527980383e6cc3ce9adfa7f977e430ca","4a3b2eb59094b3a8729a34ebd26ff1441dd76440ea30c86d32f1b4ba2be5fafd","732dedd8c46200c37784b61fe1cb448c9a24acdc6da6652bd2b7d03562dd21c0","1e6953ae84a1e3ae754477a6c382504875824e3228375e0154a75599cda82e15","c5307d39498a0851037925bb2f821aa0628d332f2ee473dab8e6c5426e62d99f","0.3.0","isolated_release_library/fastphylosig","d951ecee19c06f3a144ad76c5039302078747585bb3bf829e6f12db15f54775d","isolated_release_library/fastphylosig/libs/<platform>/fastphylosig","c46a5834babd455b546bc65c6549c42ba51e6b47f3c9f222919b7118a5af3280","1bd40080f1ea537b3c73c838dc98ff84940f1064f4e1c4dbfb2dd5063d999bdb","benchmarks/stage5/documentation_fix_release_20261001/fastphylosig_0.3.0.tar.gz","909b7ad27485dcc2d96a7bb1fc70b65b54e93245d75761aca406b9c52f06cbff","1.0.4",0.649044036865234,0.559981232072079,"Sys.time",1,TRUE,"not_reported_by_reference","finite_reference_estimate_and_input_audit",TRUE,,"DEstimate;Pval1;Pval0;Parameters;StatesTable;Permutations;NodalVals;binvar;data;nPermut;rnd.bias","",,2,,,,,,,,,,,,
"20261002T011636Z","full","D_moderate_n0500_r06","fastphylosig","D","caper::phylo.d","moderate",0.5,500,6,500,500,0,,,,,20760961,70266901,70266902,70266903,20781602,"reference",2,TRUE,199,,,,,,,,,,,,,,,,,,,,,,,"269bab75c6fb65cf7a8463f1ccf6117f527980383e6cc3ce9adfa7f977e430ca","4a3b2eb59094b3a8729a34ebd26ff1441dd76440ea30c86d32f1b4ba2be5fafd","732dedd8c46200c37784b61fe1cb448c9a24acdc6da6652bd2b7d03562dd21c0","1e6953ae84a1e3ae754477a6c382504875824e3228375e0154a75599cda82e15","c5307d39498a0851037925bb2f821aa0628d332f2ee473dab8e6c5426e62d99f","0.3.0","isolated_release_library/fastphylosig","d951ecee19c06f3a144ad76c5039302078747585bb3bf829e6f12db15f54775d","isolated_release_library/fastphylosig/libs/<platform>/fastphylosig","c46a5834babd455b546bc65c6549c42ba51e6b47f3c9f222919b7118a5af3280","1bd40080f1ea537b3c73c838dc98ff84940f1064f4e1c4dbfb2dd5063d999bdb","benchmarks/stage5/documentation_fix_release_20261001/fastphylosig_0.3.0.tar.gz","909b7ad27485dcc2d96a7bb1fc70b65b54e93245d75761aca406b9c52f06cbff","1.0.4",0.0319290161132812,0.565062136300323,"Sys.time",1,TRUE,"ok","fast_result",TRUE,,"trait;D_fast;Pval1_fast;Pval0_fast;P_random;P_Brownian;MCSE_P_random;MCSE_P_Brownian;nsim_requested;nsim_successful_random;nsim_successful_brownian;nsim_failed_random;nsim_failed_brownian;observed;mean_random;mean_brownian;n_species;n_removed_na;matched_species;removed_tree_tips;removed_data_rows;status;note;message;estimate;p_random;p_brownian;p_mcse_random;p_mcse_brownian;MCSE_random;MCSE_Brownian;mcse_random;mcse_brownian;n_sim_requested;n_sim_successful_random;n_sim_successful_brownian;method","",,,199,199,199,,,,,,,,,
"20261002T011636Z","full","Delta_moderate_n0500_r06","fastphylosig","Delta","Borges2019 delta() [pinned source]","moderate",0.5,500,6,500,500,0,,,,,20760961,70266901,70266902,70266903,20781702,"fastphylosig",1,FALSE,,10000,10,100,0.1,0.5,2,"LSE","ARD","0.1","0.5","10000","10","100","LSE","ARD","fast","1",20000,20000,20000,TRUE,TRUE,"269bab75c6fb65cf7a8463f1ccf6117f527980383e6cc3ce9adfa7f977e430ca","4a3b2eb59094b3a8729a34ebd26ff1441dd76440ea30c86d32f1b4ba2be5fafd","732dedd8c46200c37784b61fe1cb448c9a24acdc6da6652bd2b7d03562dd21c0","6123e3e2e9ce2dcbb1bc4ae9b36c12d676506351c9ef34c2872efd708eb7bfff","5406fc3fc0f4efc4d343ae3bb8501f0c757a46269c74c8e06d63be8993b45b58","0.3.0","isolated_release_library/fastphylosig","d951ecee19c06f3a144ad76c5039302078747585bb3bf829e6f12db15f54775d","isolated_release_library/fastphylosig/libs/<platform>/fastphylosig","c46a5834babd455b546bc65c6549c42ba51e6b47f3c9f222919b7118a5af3280","1bd40080f1ea537b3c73c838dc98ff84940f1064f4e1c4dbfb2dd5063d999bdb","benchmarks/stage5/documentation_fix_release_20261001/fastphylosig_0.3.0.tar.gz","909b7ad27485dcc2d96a7bb1fc70b65b54e93245d75761aca406b9c52f06cbff","Borges2019-source-sha256:0dc1e987c13f0e972b0e7c3b4829b4d0fdc41ff0de3856bae4803f9ce0115175",0.101346969604492,2.03631684324758,"Sys.time",1,TRUE,"ok","fast_result",TRUE,,"trait;Delta_fast;alpha_mean;beta_mean;n_saved;n_saved_requested;n_saved_successful;alpha_sd;beta_sd;ESS_alpha;ESS_beta;split_Rhat_alpha;split_Rhat_beta;Rhat_alpha;Rhat_beta;alpha_beta_cov;MCSE_Delta;diagnostics_available;diagnostics_note;requested_simulations;successful_simulations;requested_iterations;successful_iterations;requested_permutations;successful_permutations;n_states;n_species;n_removed_na;matched_species;removed_tree_tips;removed_data_rows;status;note;message;estimate;p_value;p_mcse;estimate_mcse;ess_alpha;ess_beta;rhat_alpha;rhat_beta;ESS;ess;Rhat;rhat;n_sim_requested;n_sim_successful;n_iter_requested;n_iter_successful;method","",,3,,,,20000,20000,"TRUE","Diagnostics computed from saved alpha/beta MCMC traces.",415.936859928023,452.597388784457,1.00725656111627,1.00366542078411,0.00228144611863091
"20261002T011636Z","full","Delta_moderate_n0500_r06","reference","Delta","Borges2019 delta() [pinned source]","moderate",0.5,500,6,500,500,0,500,500,,500,20760961,70266901,70266902,70266903,20781703,"fastphylosig",2,FALSE,,10000,10,100,0.1,0.5,2,"LSE","ARD",,,,,,,,,,,,,,,"269bab75c6fb65cf7a8463f1ccf6117f527980383e6cc3ce9adfa7f977e430ca","4a3b2eb59094b3a8729a34ebd26ff1441dd76440ea30c86d32f1b4ba2be5fafd","732dedd8c46200c37784b61fe1cb448c9a24acdc6da6652bd2b7d03562dd21c0","6123e3e2e9ce2dcbb1bc4ae9b36c12d676506351c9ef34c2872efd708eb7bfff","5406fc3fc0f4efc4d343ae3bb8501f0c757a46269c74c8e06d63be8993b45b58","0.3.0","isolated_release_library/fastphylosig","d951ecee19c06f3a144ad76c5039302078747585bb3bf829e6f12db15f54775d","isolated_release_library/fastphylosig/libs/<platform>/fastphylosig","c46a5834babd455b546bc65c6549c42ba51e6b47f3c9f222919b7118a5af3280","1bd40080f1ea537b3c73c838dc98ff84940f1064f4e1c4dbfb2dd5063d999bdb","benchmarks/stage5/documentation_fix_release_20261001/fastphylosig_0.3.0.tar.gz","909b7ad27485dcc2d96a7bb1fc70b65b54e93245d75761aca406b9c52f06cbff","Borges2019-source-sha256:0dc1e987c13f0e972b0e7c3b4829b4d0fdc41ff0de3856bae4803f9ce0115175",3.5036768913269,2.03891731122791,"Sys.time",1,TRUE,"not_reported_by_reference","finite_reference_estimate_and_input_audit",TRUE,,"<numeric>","NaNs produced || Inf replaced by maximum positive value",,3,,,,,,,,,,,,
"20261002T011636Z","full","D_strong_n0500_r06","fastphylosig","D","caper::phylo.d","strong",0.95,500,6,500,500,0,,,,,20760961,70266901,70266902,70266903,20791602,"fastphylosig",1,TRUE,199,,,,,,,,,,,,,,,,,,,,,,,"269bab75c6fb65cf7a8463f1ccf6117f527980383e6cc3ce9adfa7f977e430ca","4a3b2eb59094b3a8729a34ebd26ff1441dd76440ea30c86d32f1b4ba2be5fafd","732dedd8c46200c37784b61fe1cb448c9a24acdc6da6652bd2b7d03562dd21c0","e145261c1742a3bd4414fa72017a768e4035a3583db9dc3b1fe7a580d9a6a981","31bf4ddce3c9dd575cc3905ece894fd5b3cc3ef81b4ca2a90f7cd54fad7432d2","0.3.0","isolated_release_library/fastphylosig","d951ecee19c06f3a144ad76c5039302078747585bb3bf829e6f12db15f54775d","isolated_release_library/fastphylosig/libs/<platform>/fastphylosig","c46a5834babd455b546bc65c6549c42ba51e6b47f3c9f222919b7118a5af3280","1bd40080f1ea537b3c73c838dc98ff84940f1064f4e1c4dbfb2dd5063d999bdb","benchmarks/stage5/documentation_fix_release_20261001/fastphylosig_0.3.0.tar.gz","909b7ad27485dcc2d96a7bb1fc70b65b54e93245d75761aca406b9c52f06cbff","1.0.4",0.032329797744751,0.0242002393303078,"Sys.time",1,TRUE,"ok","fast_result",TRUE,,"trait;D_fast;Pval1_fast;Pval0_fast;P_random;P_Brownian;MCSE_P_random;MCSE_P_Brownian;nsim_requested;nsim_successful_random;nsim_successful_brownian;nsim_failed_random;nsim_failed_brownian;observed;mean_random;mean_brownian;n_species;n_removed_na;matched_species;removed_tree_tips;removed_data_rows;status;note;message;estimate;p_random;p_brownian;p_mcse_random;p_mcse_brownian;MCSE_random;MCSE_Brownian;mcse_random;mcse_brownian;n_sim_requested;n_sim_successful_random;n_sim_successful_brownian;method","",,,199,199,199,,,,,,,,,
"20261002T011636Z","full","D_strong_n0500_r06","reference","D","caper::phylo.d","strong",0.95,500,6,500,500,0,500,500,500,500,20760961,70266901,70266902,70266903,20791603,"fastphylosig",2,TRUE,199,,,,,,,,,,,,,,,,,,,,,,,"269bab75c6fb65cf7a8463f1ccf6117f527980383e6cc3ce9adfa7f977e430ca","4a3b2eb59094b3a8729a34ebd26ff1441dd76440ea30c86d32f1b4ba2be5fafd","732dedd8c46200c37784b61fe1cb448c9a24acdc6da6652bd2b7d03562dd21c0","e145261c1742a3bd4414fa72017a768e4035a3583db9dc3b1fe7a580d9a6a981","31bf4ddce3c9dd575cc3905ece894fd5b3cc3ef81b4ca2a90f7cd54fad7432d2","0.3.0","isolated_release_library/fastphylosig","d951ecee19c06f3a144ad76c5039302078747585bb3bf829e6f12db15f54775d","isolated_release_library/fastphylosig/libs/<platform>/fastphylosig","c46a5834babd455b546bc65c6549c42ba51e6b47f3c9f222919b7118a5af3280","1bd40080f1ea537b3c73c838dc98ff84940f1064f4e1c4dbfb2dd5063d999bdb","benchmarks/stage5/documentation_fix_release_20261001/fastphylosig_0.3.0.tar.gz","909b7ad27485dcc2d96a7bb1fc70b65b54e93245d75761aca406b9c52f06cbff","1.0.4",0.639576196670532,0.0201316709974434,"Sys.time",1,TRUE,"not_reported_by_reference","finite_reference_estimate_and_input_audit",TRUE,,"DEstimate;Pval1;Pval0;Parameters;StatesTable;Permutations;NodalVals;binvar;data;nPermut;rnd.bias","",,2,,,,,,,,,,,,
"20261002T011636Z","full","Delta_strong_n0500_r06","reference","Delta","Borges2019 delta() [pinned source]","strong",0.95,500,6,500,500,0,500,500,,500,20760961,70266901,70266902,70266903,20791703,"reference",1,FALSE,,10000,10,100,0.1,0.5,2,"LSE","ARD",,,,,,,,,,,,,,,"269bab75c6fb65cf7a8463f1ccf6117f527980383e6cc3ce9adfa7f977e430ca","4a3b2eb59094b3a8729a34ebd26ff1441dd76440ea30c86d32f1b4ba2be5fafd","732dedd8c46200c37784b61fe1cb448c9a24acdc6da6652bd2b7d03562dd21c0","21c53ceee9bd8a3b40417d46cdb6cc5687cf534a4d1dac4eccd8d5f32fe81d20","8a8c130813dd8900bd982cd84c3f912c635c1ba4767ec5c540a16456991e92cd","0.3.0","isolated_release_library/fastphylosig","d951ecee19c06f3a144ad76c5039302078747585bb3bf829e6f12db15f54775d","isolated_release_library/fastphylosig/libs/<platform>/fastphylosig","c46a5834babd455b546bc65c6549c42ba51e6b47f3c9f222919b7118a5af3280","1bd40080f1ea537b3c73c838dc98ff84940f1064f4e1c4dbfb2dd5063d999bdb","benchmarks/stage5/documentation_fix_release_20261001/fastphylosig_0.3.0.tar.gz","909b7ad27485dcc2d96a7bb1fc70b65b54e93245d75761aca406b9c52f06cbff","Borges2019-source-sha256:0dc1e987c13f0e972b0e7c3b4829b4d0fdc41ff0de3856bae4803f9ce0115175",3.41192507743835,5.8236486210928,"Sys.time",1,TRUE,"not_reported_by_reference","finite_reference_estimate_and_input_audit",TRUE,,"<numeric>","NaNs produced || Inf replaced by maximum positive value",,3,,,,,,,,,,,,
"20261002T011636Z","full","Delta_strong_n0500_r06","fastphylosig","Delta","Borges2019 delta() [pinned source]","strong",0.95,500,6,500,500,0,,,,,20760961,70266901,70266902,70266903,20791702,"reference",2,FALSE,,10000,10,100,0.1,0.5,2,"LSE","ARD","0.1","0.5","10000","10","100","LSE","ARD","fast","1",20000,20000,20000,TRUE,TRUE,"269bab75c6fb65cf7a8463f1ccf6117f527980383e6cc3ce9adfa7f977e430ca","4a3b2eb59094b3a8729a34ebd26ff1441dd76440ea30c86d32f1b4ba2be5fafd","732dedd8c46200c37784b61fe1cb448c9a24acdc6da6652bd2b7d03562dd21c0","21c53ceee9bd8a3b40417d46cdb6cc5687cf534a4d1dac4eccd8d5f32fe81d20","8a8c130813dd8900bd982cd84c3f912c635c1ba4767ec5c540a16456991e92cd","0.3.0","isolated_release_library/fastphylosig","d951ecee19c06f3a144ad76c5039302078747585bb3bf829e6f12db15f54775d","isolated_release_library/fastphylosig/libs/<platform>/fastphylosig","c46a5834babd455b546bc65c6549c42ba51e6b47f3c9f222919b7118a5af3280","1bd40080f1ea537b3c73c838dc98ff84940f1064f4e1c4dbfb2dd5063d999bdb","benchmarks/stage5/documentation_fix_release_20261001/fastphylosig_0.3.0.tar.gz","909b7ad27485dcc2d96a7bb1fc70b65b54e93245d75761aca406b9c52f06cbff","Borges2019-source-sha256:0dc1e987c13f0e972b0e7c3b4829b4d0fdc41ff0de3856bae4803f9ce0115175",0.0963490009307861,5.83208615895485,"Sys.time",1,TRUE,"ok","fast_result",TRUE,,"trait;Delta_fast;alpha_mean;beta_mean;n_saved;n_saved_requested;n_saved_successful;alpha_sd;beta_sd;ESS_alpha;ESS_beta;split_Rhat_alpha;split_Rhat_beta;Rhat_alpha;Rhat_beta;alpha_beta_cov;MCSE_Delta;diagnostics_available;diagnostics_note;requested_simulations;successful_simulations;requested_iterations;successful_iterations;requested_permutations;successful_permutations;n_states;n_species;n_removed_na;matched_species;removed_tree_tips;removed_data_rows;status;note;message;estimate;p_value;p_mcse;estimate_mcse;ess_alpha;ess_beta;rhat_alpha;rhat_beta;ESS;ess;Rhat;rhat;n_sim_requested;n_sim_successful;n_iter_requested;n_iter_successful;method","",,3,,,,20000,20000,"TRUE","Diagnostics computed from saved alpha/beta MCMC traces.",596.178033075657,874.143973076903,1.00288386586743,1.00691155902677,0.0105923755161147
"20261002T011636Z","full","D_none_n0500_r07","reference","D","caper::phylo.d","none",0,500,7,500,500,0,500,500,500,500,20760971,70267901,70267902,70267903,20771703,"reference",1,TRUE,199,,,,,,,,,,,,,,,,,,,,,,,"57cdc42c35dc6b8026a162343aff56df3a2867e8ef76b3fc53ad13edc2e52ad9","2a41e012077533ac548008839c083daaeba0516650ed0971b7305380ffa75bd9","bc92787ac8ac65328c6dc7c5e4db175c56108fc9e5e432a977d19374979f5c0a","471784cd24b4e263b4af2e49cfb4219479774d61548ad27583d59f45cd5aac22","d337ecef6ec3f249bf4bd7f581c5519133fe1affa1d09cf85fb64d9227126f38","0.3.0","isolated_release_library/fastphylosig","d951ecee19c06f3a144ad76c5039302078747585bb3bf829e6f12db15f54775d","isolated_release_library/fastphylosig/libs/<platform>/fastphylosig","c46a5834babd455b546bc65c6549c42ba51e6b47f3c9f222919b7118a5af3280","1bd40080f1ea537b3c73c838dc98ff84940f1064f4e1c4dbfb2dd5063d999bdb","benchmarks/stage5/documentation_fix_release_20261001/fastphylosig_0.3.0.tar.gz","909b7ad27485dcc2d96a7bb1fc70b65b54e93245d75761aca406b9c52f06cbff","1.0.4",0.66621994972229,1.06113191626721,"Sys.time",1,TRUE,"not_reported_by_reference","finite_reference_estimate_and_input_audit",TRUE,,"DEstimate;Pval1;Pval0;Parameters;StatesTable;Permutations;NodalVals;binvar;data;nPermut;rnd.bias","",,2,,,,,,,,,,,,
"20261002T011636Z","full","D_none_n0500_r07","fastphylosig","D","caper::phylo.d","none",0,500,7,500,500,0,,,,,20760971,70267901,70267902,70267903,20771702,"reference",2,TRUE,199,,,,,,,,,,,,,,,,,,,,,,,"57cdc42c35dc6b8026a162343aff56df3a2867e8ef76b3fc53ad13edc2e52ad9","2a41e012077533ac548008839c083daaeba0516650ed0971b7305380ffa75bd9","bc92787ac8ac65328c6dc7c5e4db175c56108fc9e5e432a977d19374979f5c0a","471784cd24b4e263b4af2e49cfb4219479774d61548ad27583d59f45cd5aac22","d337ecef6ec3f249bf4bd7f581c5519133fe1affa1d09cf85fb64d9227126f38","0.3.0","isolated_release_library/fastphylosig","d951ecee19c06f3a144ad76c5039302078747585bb3bf829e6f12db15f54775d","isolated_release_library/fastphylosig/libs/<platform>/fastphylosig","c46a5834babd455b546bc65c6549c42ba51e6b47f3c9f222919b7118a5af3280","1bd40080f1ea537b3c73c838dc98ff84940f1064f4e1c4dbfb2dd5063d999bdb","benchmarks/stage5/documentation_fix_release_20261001/fastphylosig_0.3.0.tar.gz","909b7ad27485dcc2d96a7bb1fc70b65b54e93245d75761aca406b9c52f06cbff","1.0.4",0.0330078601837158,1.05978992298909,"Sys.time",1,TRUE,"ok","fast_result",TRUE,,"trait;D_fast;Pval1_fast;Pval0_fast;P_random;P_Brownian;MCSE_P_random;MCSE_P_Brownian;nsim_requested;nsim_successful_random;nsim_successful_brownian;nsim_failed_random;nsim_failed_brownian;observed;mean_random;mean_brownian;n_species;n_removed_na;matched_species;removed_tree_tips;removed_data_rows;status;note;message;estimate;p_random;p_brownian;p_mcse_random;p_mcse_brownian;MCSE_random;MCSE_Brownian;mcse_random;mcse_brownian;n_sim_requested;n_sim_successful_random;n_sim_successful_brownian;method","",,,199,199,199,,,,,,,,,
"20261002T011636Z","full","Delta_none_n0500_r07","fastphylosig","Delta","Borges2019 delta() [pinned source]","none",0,500,7,500,500,0,,,,,20760971,70267901,70267902,70267903,20771802,"fastphylosig",1,FALSE,,10000,10,100,0.1,0.5,2,"LSE","ARD","0.1","0.5","10000","10","100","LSE","ARD","fast","1",20000,20000,20000,TRUE,TRUE,"57cdc42c35dc6b8026a162343aff56df3a2867e8ef76b3fc53ad13edc2e52ad9","2a41e012077533ac548008839c083daaeba0516650ed0971b7305380ffa75bd9","bc92787ac8ac65328c6dc7c5e4db175c56108fc9e5e432a977d19374979f5c0a","62e634d075825031d492589bfc1d36b374c64e25ad34dd436d7e3a7743bb50d9","d9f9e37a16934084d3a63626ed768e4c3a759df00daf34760d70652f3cb55124","0.3.0","isolated_release_library/fastphylosig","d951ecee19c06f3a144ad76c5039302078747585bb3bf829e6f12db15f54775d","isolated_release_library/fastphylosig/libs/<platform>/fastphylosig","c46a5834babd455b546bc65c6549c42ba51e6b47f3c9f222919b7118a5af3280","1bd40080f1ea537b3c73c838dc98ff84940f1064f4e1c4dbfb2dd5063d999bdb","benchmarks/stage5/documentation_fix_release_20261001/fastphylosig_0.3.0.tar.gz","909b7ad27485dcc2d96a7bb1fc70b65b54e93245d75761aca406b9c52f06cbff","Borges2019-source-sha256:0dc1e987c13f0e972b0e7c3b4829b4d0fdc41ff0de3856bae4803f9ce0115175",0.145455121994019,0.363421741827391,"Sys.time",1,TRUE,"ok","fast_result",TRUE,,"trait;Delta_fast;alpha_mean;beta_mean;n_saved;n_saved_requested;n_saved_successful;alpha_sd;beta_sd;ESS_alpha;ESS_beta;split_Rhat_alpha;split_Rhat_beta;Rhat_alpha;Rhat_beta;alpha_beta_cov;MCSE_Delta;diagnostics_available;diagnostics_note;requested_simulations;successful_simulations;requested_iterations;successful_iterations;requested_permutations;successful_permutations;n_states;n_species;n_removed_na;matched_species;removed_tree_tips;removed_data_rows;status;note;message;estimate;p_value;p_mcse;estimate_mcse;ess_alpha;ess_beta;rhat_alpha;rhat_beta;ESS;ess;Rhat;rhat;n_sim_requested;n_sim_successful;n_iter_requested;n_iter_successful;method","",,3,,,,20000,20000,"TRUE","Diagnostics computed from saved alpha/beta MCMC traces.",613.691941257491,702.609710727753,1.00069856593811,1.00047813369157,0.00045645729083612
"20261002T011636Z","full","Delta_none_n0500_r07","reference","Delta","Borges2019 delta() [pinned source]","none",0,500,7,500,500,0,500,500,,500,20760971,70267901,70267902,70267903,20771803,"fastphylosig",2,FALSE,,10000,10,100,0.1,0.5,2,"LSE","ARD",,,,,,,,,,,,,,,"57cdc42c35dc6b8026a162343aff56df3a2867e8ef76b3fc53ad13edc2e52ad9","2a41e012077533ac548008839c083daaeba0516650ed0971b7305380ffa75bd9","bc92787ac8ac65328c6dc7c5e4db175c56108fc9e5e432a977d19374979f5c0a","62e634d075825031d492589bfc1d36b374c64e25ad34dd436d7e3a7743bb50d9","d9f9e37a16934084d3a63626ed768e4c3a759df00daf34760d70652f3cb55124","0.3.0","isolated_release_library/fastphylosig","d951ecee19c06f3a144ad76c5039302078747585bb3bf829e6f12db15f54775d","isolated_release_library/fastphylosig/libs/<platform>/fastphylosig","c46a5834babd455b546bc65c6549c42ba51e6b47f3c9f222919b7118a5af3280","1bd40080f1ea537b3c73c838dc98ff84940f1064f4e1c4dbfb2dd5063d999bdb","benchmarks/stage5/documentation_fix_release_20261001/fastphylosig_0.3.0.tar.gz","909b7ad27485dcc2d96a7bb1fc70b65b54e93245d75761aca406b9c52f06cbff","Borges2019-source-sha256:0dc1e987c13f0e972b0e7c3b4829b4d0fdc41ff0de3856bae4803f9ce0115175",4.1233229637146,0.363648213447248,"Sys.time",1,TRUE,"not_reported_by_reference","finite_reference_estimate_and_input_audit",TRUE,,"<numeric>","imaginary parts discarded in coercion",,3,,,,,,,,,,,,
"20261002T011636Z","full","D_moderate_n0500_r07","fastphylosig","D","caper::phylo.d","moderate",0.5,500,7,500,500,0,,,,,20760971,70267901,70267902,70267903,20781702,"fastphylosig",1,TRUE,199,,,,,,,,,,,,,,,,,,,,,,,"57cdc42c35dc6b8026a162343aff56df3a2867e8ef76b3fc53ad13edc2e52ad9","2a41e012077533ac548008839c083daaeba0516650ed0971b7305380ffa75bd9","bc92787ac8ac65328c6dc7c5e4db175c56108fc9e5e432a977d19374979f5c0a","f7fab8ed483780cc823604714145b892c65399f707e32ddc424ac1debd3a67eb","892a82667ce0625da9bde25fde40f713ceb9525f3c8b8cb2de64b044c028311f","0.3.0","isolated_release_library/fastphylosig","d951ecee19c06f3a144ad76c5039302078747585bb3bf829e6f12db15f54775d","isolated_release_library/fastphylosig/libs/<platform>/fastphylosig","c46a5834babd455b546bc65c6549c42ba51e6b47f3c9f222919b7118a5af3280","1bd40080f1ea537b3c73c838dc98ff84940f1064f4e1c4dbfb2dd5063d999bdb","benchmarks/stage5/documentation_fix_release_20261001/fastphylosig_0.3.0.tar.gz","909b7ad27485dcc2d96a7bb1fc70b65b54e93245d75761aca406b9c52f06cbff","1.0.4",0.0334949493408203,0.624252004852901,"Sys.time",1,TRUE,"ok","fast_result",TRUE,,"trait;D_fast;Pval1_fast;Pval0_fast;P_random;P_Brownian;MCSE_P_random;MCSE_P_Brownian;nsim_requested;nsim_successful_random;nsim_successful_brownian;nsim_failed_random;nsim_failed_brownian;observed;mean_random;mean_brownian;n_species;n_removed_na;matched_species;removed_tree_tips;removed_data_rows;status;note;message;estimate;p_random;p_brownian;p_mcse_random;p_mcse_brownian;MCSE_random;MCSE_Brownian;mcse_random;mcse_brownian;n_sim_requested;n_sim_successful_random;n_sim_successful_brownian;method","",,,199,199,199,,,,,,,,,
"20261002T011636Z","full","D_moderate_n0500_r07","reference","D","caper::phylo.d","moderate",0.5,500,7,500,500,0,500,500,500,500,20760971,70267901,70267902,70267903,20781703,"fastphylosig",2,TRUE,199,,,,,,,,,,,,,,,,,,,,,,,"57cdc42c35dc6b8026a162343aff56df3a2867e8ef76b3fc53ad13edc2e52ad9","2a41e012077533ac548008839c083daaeba0516650ed0971b7305380ffa75bd9","bc92787ac8ac65328c6dc7c5e4db175c56108fc9e5e432a977d19374979f5c0a","f7fab8ed483780cc823604714145b892c65399f707e32ddc424ac1debd3a67eb","892a82667ce0625da9bde25fde40f713ceb9525f3c8b8cb2de64b044c028311f","0.3.0","isolated_release_library/fastphylosig","d951ecee19c06f3a144ad76c5039302078747585bb3bf829e6f12db15f54775d","isolated_release_library/fastphylosig/libs/<platform>/fastphylosig","c46a5834babd455b546bc65c6549c42ba51e6b47f3c9f222919b7118a5af3280","1bd40080f1ea537b3c73c838dc98ff84940f1064f4e1c4dbfb2dd5063d999bdb","benchmarks/stage5/documentation_fix_release_20261001/fastphylosig_0.3.0.tar.gz","909b7ad27485dcc2d96a7bb1fc70b65b54e93245d75761aca406b9c52f06cbff","1.0.4",0.706952095031738,0.617070300846501,"Sys.time",1,TRUE,"not_reported_by_reference","finite_reference_estimate_and_input_audit",TRUE,,"DEstimate;Pval1;Pval0;Parameters;StatesTable;Permutations;NodalVals;binvar;data;nPermut;rnd.bias","",,2,,,,,,,,,,,,
"20261002T011636Z","full","Delta_moderate_n0500_r07","reference","Delta","Borges2019 delta() [pinned source]","moderate",0.5,500,7,500,500,0,500,500,,500,20760971,70267901,70267902,70267903,20781803,"reference",1,FALSE,,10000,10,100,0.1,0.5,2,"LSE","ARD",,,,,,,,,,,,,,,"57cdc42c35dc6b8026a162343aff56df3a2867e8ef76b3fc53ad13edc2e52ad9","2a41e012077533ac548008839c083daaeba0516650ed0971b7305380ffa75bd9","bc92787ac8ac65328c6dc7c5e4db175c56108fc9e5e432a977d19374979f5c0a","d32d154aa7c12020a6ca07e03da9994d4744b3c948289dbba98023493a1780a0","04b801cd44fe369f3458235d411b7e83224b441328214ac1d1bbb2f4f7feaec2","0.3.0","isolated_release_library/fastphylosig","d951ecee19c06f3a144ad76c5039302078747585bb3bf829e6f12db15f54775d","isolated_release_library/fastphylosig/libs/<platform>/fastphylosig","c46a5834babd455b546bc65c6549c42ba51e6b47f3c9f222919b7118a5af3280","1bd40080f1ea537b3c73c838dc98ff84940f1064f4e1c4dbfb2dd5063d999bdb","benchmarks/stage5/documentation_fix_release_20261001/fastphylosig_0.3.0.tar.gz","909b7ad27485dcc2d96a7bb1fc70b65b54e93245d75761aca406b9c52f06cbff","Borges2019-source-sha256:0dc1e987c13f0e972b0e7c3b4829b4d0fdc41ff0de3856bae4803f9ce0115175",3.88812708854675,1.81587599264218,"Sys.time",1,TRUE,"not_reported_by_reference","finite_reference_estimate_and_input_audit",TRUE,,"<numeric>","NaNs produced || Inf replaced by maximum positive value",,3,,,,,,,,,,,,
"20261002T011636Z","full","Delta_moderate_n0500_r07","fastphylosig","Delta","Borges2019 delta() [pinned source]","moderate",0.5,500,7,500,500,0,,,,,20760971,70267901,70267902,70267903,20781802,"reference",2,FALSE,,10000,10,100,0.1,0.5,2,"LSE","ARD","0.1","0.5","10000","10","100","LSE","ARD","fast","1",20000,20000,20000,TRUE,TRUE,"57cdc42c35dc6b8026a162343aff56df3a2867e8ef76b3fc53ad13edc2e52ad9","2a41e012077533ac548008839c083daaeba0516650ed0971b7305380ffa75bd9","bc92787ac8ac65328c6dc7c5e4db175c56108fc9e5e432a977d19374979f5c0a","d32d154aa7c12020a6ca07e03da9994d4744b3c948289dbba98023493a1780a0","04b801cd44fe369f3458235d411b7e83224b441328214ac1d1bbb2f4f7feaec2","0.3.0","isolated_release_library/fastphylosig","d951ecee19c06f3a144ad76c5039302078747585bb3bf829e6f12db15f54775d","isolated_release_library/fastphylosig/libs/<platform>/fastphylosig","c46a5834babd455b546bc65c6549c42ba51e6b47f3c9f222919b7118a5af3280","1bd40080f1ea537b3c73c838dc98ff84940f1064f4e1c4dbfb2dd5063d999bdb","benchmarks/stage5/documentation_fix_release_20261001/fastphylosig_0.3.0.tar.gz","909b7ad27485dcc2d96a7bb1fc70b65b54e93245d75761aca406b9c52f06cbff","Borges2019-source-sha256:0dc1e987c13f0e972b0e7c3b4829b4d0fdc41ff0de3856bae4803f9ce0115175",0.115883827209473,1.81516172634595,"Sys.time",1,TRUE,"ok","fast_result",TRUE,,"trait;Delta_fast;alpha_mean;beta_mean;n_saved;n_saved_requested;n_saved_successful;alpha_sd;beta_sd;ESS_alpha;ESS_beta;split_Rhat_alpha;split_Rhat_beta;Rhat_alpha;Rhat_beta;alpha_beta_cov;MCSE_Delta;diagnostics_available;diagnostics_note;requested_simulations;successful_simulations;requested_iterations;successful_iterations;requested_permutations;successful_permutations;n_states;n_species;n_removed_na;matched_species;removed_tree_tips;removed_data_rows;status;note;message;estimate;p_value;p_mcse;estimate_mcse;ess_alpha;ess_beta;rhat_alpha;rhat_beta;ESS;ess;Rhat;rhat;n_sim_requested;n_sim_successful;n_iter_requested;n_iter_successful;method","",,3,,,,20000,20000,"TRUE","Diagnostics computed from saved alpha/beta MCMC traces.",498.704652112193,535.754953856847,1.0004072426216,0.999442540018818,0.00205656230793249
"20261002T011636Z","full","D_strong_n0500_r07","reference","D","caper::phylo.d","strong",0.95,500,7,500,500,0,500,500,500,500,20760971,70267901,70267902,70267903,20791703,"reference",1,TRUE,199,,,,,,,,,,,,,,,,,,,,,,,"57cdc42c35dc6b8026a162343aff56df3a2867e8ef76b3fc53ad13edc2e52ad9","2a41e012077533ac548008839c083daaeba0516650ed0971b7305380ffa75bd9","bc92787ac8ac65328c6dc7c5e4db175c56108fc9e5e432a977d19374979f5c0a","8028f5572537af6f30ecce53cf8d3790135dd964d269c3d02c67fe8e1adda180","0ccb40ff9766512cb965915ea72b9d5fdc0123e315c25123c65b6a4d857434f5","0.3.0","isolated_release_library/fastphylosig","d951ecee19c06f3a144ad76c5039302078747585bb3bf829e6f12db15f54775d","isolated_release_library/fastphylosig/libs/<platform>/fastphylosig","c46a5834babd455b546bc65c6549c42ba51e6b47f3c9f222919b7118a5af3280","1bd40080f1ea537b3c73c838dc98ff84940f1064f4e1c4dbfb2dd5063d999bdb","benchmarks/stage5/documentation_fix_release_20261001/fastphylosig_0.3.0.tar.gz","909b7ad27485dcc2d96a7bb1fc70b65b54e93245d75761aca406b9c52f06cbff","1.0.4",0.68724799156189,0.135448521413128,"Sys.time",1,TRUE,"not_reported_by_reference","finite_reference_estimate_and_input_audit",TRUE,,"DEstimate;Pval1;Pval0;Parameters;StatesTable;Permutations;NodalVals;binvar;data;nPermut;rnd.bias","",,2,,,,,,,,,,,,
"20261002T011636Z","full","D_strong_n0500_r07","fastphylosig","D","caper::phylo.d","strong",0.95,500,7,500,500,0,,,,,20760971,70267901,70267902,70267903,20791702,"reference",2,TRUE,199,,,,,,,,,,,,,,,,,,,,,,,"57cdc42c35dc6b8026a162343aff56df3a2867e8ef76b3fc53ad13edc2e52ad9","2a41e012077533ac548008839c083daaeba0516650ed0971b7305380ffa75bd9","bc92787ac8ac65328c6dc7c5e4db175c56108fc9e5e432a977d19374979f5c0a","8028f5572537af6f30ecce53cf8d3790135dd964d269c3d02c67fe8e1adda180","0ccb40ff9766512cb965915ea72b9d5fdc0123e315c25123c65b6a4d857434f5","0.3.0","isolated_release_library/fastphylosig","d951ecee19c06f3a144ad76c5039302078747585bb3bf829e6f12db15f54775d","isolated_release_library/fastphylosig/libs/<platform>/fastphylosig","c46a5834babd455b546bc65c6549c42ba51e6b47f3c9f222919b7118a5af3280","1bd40080f1ea537b3c73c838dc98ff84940f1064f4e1c4dbfb2dd5063d999bdb","benchmarks/stage5/documentation_fix_release_20261001/fastphylosig_0.3.0.tar.gz","909b7ad27485dcc2d96a7bb1fc70b65b54e93245d75761aca406b9c52f06cbff","1.0.4",0.0311081409454346,0.146609397794056,"Sys.time",1,TRUE,"ok","fast_result",TRUE,,"trait;D_fast;Pval1_fast;Pval0_fast;P_random;P_Brownian;MCSE_P_random;MCSE_P_Brownian;nsim_requested;nsim_successful_random;nsim_successful_brownian;nsim_failed_random;nsim_failed_brownian;observed;mean_random;mean_brownian;n_species;n_removed_na;matched_species;removed_tree_tips;removed_data_rows;status;note;message;estimate;p_random;p_brownian;p_mcse_random;p_mcse_brownian;MCSE_random;MCSE_Brownian;mcse_random;mcse_brownian;n_sim_requested;n_sim_successful_random;n_sim_successful_brownian;method","",,,199,199,199,,,,,,,,,
"20261002T011636Z","full","Delta_strong_n0500_r07","fastphylosig","Delta","Borges2019 delta() [pinned source]","strong",0.95,500,7,500,500,0,,,,,20760971,70267901,70267902,70267903,20791802,"fastphylosig",1,FALSE,,10000,10,100,0.1,0.5,2,"LSE","ARD","0.1","0.5","10000","10","100","LSE","ARD","fast","1",20000,20000,20000,TRUE,TRUE,"57cdc42c35dc6b8026a162343aff56df3a2867e8ef76b3fc53ad13edc2e52ad9","2a41e012077533ac548008839c083daaeba0516650ed0971b7305380ffa75bd9","bc92787ac8ac65328c6dc7c5e4db175c56108fc9e5e432a977d19374979f5c0a","aa12d2e7e9f9284eb57f1a34fa274e1bb1180046eedc4aa68e8b029d54c7cd82","345c0d3b7c3b4110cf011c84736018a5488df25ae746bc5fee93e0788623ffda","0.3.0","isolated_release_library/fastphylosig","d951ecee19c06f3a144ad76c5039302078747585bb3bf829e6f12db15f54775d","isolated_release_library/fastphylosig/libs/<platform>/fastphylosig","c46a5834babd455b546bc65c6549c42ba51e6b47f3c9f222919b7118a5af3280","1bd40080f1ea537b3c73c838dc98ff84940f1064f4e1c4dbfb2dd5063d999bdb","benchmarks/stage5/documentation_fix_release_20261001/fastphylosig_0.3.0.tar.gz","909b7ad27485dcc2d96a7bb1fc70b65b54e93245d75761aca406b9c52f06cbff","Borges2019-source-sha256:0dc1e987c13f0e972b0e7c3b4829b4d0fdc41ff0de3856bae4803f9ce0115175",0.084622859954834,6.32327568050062,"Sys.time",1,TRUE,"ok","fast_result",TRUE,,"trait;Delta_fast;alpha_mean;beta_mean;n_saved;n_saved_requested;n_saved_successful;alpha_sd;beta_sd;ESS_alpha;ESS_beta;split_Rhat_alpha;split_Rhat_beta;Rhat_alpha;Rhat_beta;alpha_beta_cov;MCSE_Delta;diagnostics_available;diagnostics_note;requested_simulations;successful_simulations;requested_iterations;successful_iterations;requested_permutations;successful_permutations;n_states;n_species;n_removed_na;matched_species;removed_tree_tips;removed_data_rows;status;note;message;estimate;p_value;p_mcse;estimate_mcse;ess_alpha;ess_beta;rhat_alpha;rhat_beta;ESS;ess;Rhat;rhat;n_sim_requested;n_sim_successful;n_iter_requested;n_iter_successful;method","",,3,,,,20000,20000,"TRUE","Diagnostics computed from saved alpha/beta MCMC traces.",655.063941918224,870.529513608158,1.0078930711351,1.00352510268498,0.0103403794898101
"20261002T011636Z","full","Delta_strong_n0500_r07","reference","Delta","Borges2019 delta() [pinned source]","strong",0.95,500,7,500,500,0,500,500,,500,20760971,70267901,70267902,70267903,20791803,"fastphylosig",2,FALSE,,10000,10,100,0.1,0.5,2,"LSE","ARD",,,,,,,,,,,,,,,"57cdc42c35dc6b8026a162343aff56df3a2867e8ef76b3fc53ad13edc2e52ad9","2a41e012077533ac548008839c083daaeba0516650ed0971b7305380ffa75bd9","bc92787ac8ac65328c6dc7c5e4db175c56108fc9e5e432a977d19374979f5c0a","aa12d2e7e9f9284eb57f1a34fa274e1bb1180046eedc4aa68e8b029d54c7cd82","345c0d3b7c3b4110cf011c84736018a5488df25ae746bc5fee93e0788623ffda","0.3.0","isolated_release_library/fastphylosig","d951ecee19c06f3a144ad76c5039302078747585bb3bf829e6f12db15f54775d","isolated_release_library/fastphylosig/libs/<platform>/fastphylosig","c46a5834babd455b546bc65c6549c42ba51e6b47f3c9f222919b7118a5af3280","1bd40080f1ea537b3c73c838dc98ff84940f1064f4e1c4dbfb2dd5063d999bdb","benchmarks/stage5/documentation_fix_release_20261001/fastphylosig_0.3.0.tar.gz","909b7ad27485dcc2d96a7bb1fc70b65b54e93245d75761aca406b9c52f06cbff","Borges2019-source-sha256:0dc1e987c13f0e972b0e7c3b4829b4d0fdc41ff0de3856bae4803f9ce0115175",3.25811314582825,6.32579629574349,"Sys.time",1,TRUE,"not_reported_by_reference","finite_reference_estimate_and_input_audit",TRUE,,"<numeric>","NaNs produced || Inf replaced by maximum positive value",,3,,,,,,,,,,,,
"20261002T011636Z","full","D_none_n0500_r08","fastphylosig","D","caper::phylo.d","none",0,500,8,500,500,0,,,,,20760981,70268901,70268902,70268903,20771802,"fastphylosig",1,TRUE,199,,,,,,,,,,,,,,,,,,,,,,,"461966cfbe20e438c9508e6f4909e4ccd92e1164aeaa15068b76f651b0b2f3b4","62dad360dfcd0d4341229c5ce1516bd01d9f2a8a76e0a76121e09ac111fd1692","6ab607fdcf276954b30962c234110ef7ed81e132f4ca39c048b5f648dc563e02","5ff845f57cf202fae5e742539cbccba29fc3d1c3e030f2d1d67d9d18115166e1","85d5496411e79547fb138ff030388e9993d9d4659d29f4e6b89a24f3876f41f0","0.3.0","isolated_release_library/fastphylosig","d951ecee19c06f3a144ad76c5039302078747585bb3bf829e6f12db15f54775d","isolated_release_library/fastphylosig/libs/<platform>/fastphylosig","c46a5834babd455b546bc65c6549c42ba51e6b47f3c9f222919b7118a5af3280","1bd40080f1ea537b3c73c838dc98ff84940f1064f4e1c4dbfb2dd5063d999bdb","benchmarks/stage5/documentation_fix_release_20261001/fastphylosig_0.3.0.tar.gz","909b7ad27485dcc2d96a7bb1fc70b65b54e93245d75761aca406b9c52f06cbff","1.0.4",0.031937837600708,0.967202586239252,"Sys.time",1,TRUE,"ok","fast_result",TRUE,,"trait;D_fast;Pval1_fast;Pval0_fast;P_random;P_Brownian;MCSE_P_random;MCSE_P_Brownian;nsim_requested;nsim_successful_random;nsim_successful_brownian;nsim_failed_random;nsim_failed_brownian;observed;mean_random;mean_brownian;n_species;n_removed_na;matched_species;removed_tree_tips;removed_data_rows;status;note;message;estimate;p_random;p_brownian;p_mcse_random;p_mcse_brownian;MCSE_random;MCSE_Brownian;mcse_random;mcse_brownian;n_sim_requested;n_sim_successful_random;n_sim_successful_brownian;method","",,,199,199,199,,,,,,,,,
"20261002T011636Z","full","D_none_n0500_r08","reference","D","caper::phylo.d","none",0,500,8,500,500,0,500,500,500,500,20760981,70268901,70268902,70268903,20771803,"fastphylosig",2,TRUE,199,,,,,,,,,,,,,,,,,,,,,,,"461966cfbe20e438c9508e6f4909e4ccd92e1164aeaa15068b76f651b0b2f3b4","62dad360dfcd0d4341229c5ce1516bd01d9f2a8a76e0a76121e09ac111fd1692","6ab607fdcf276954b30962c234110ef7ed81e132f4ca39c048b5f648dc563e02","5ff845f57cf202fae5e742539cbccba29fc3d1c3e030f2d1d67d9d18115166e1","85d5496411e79547fb138ff030388e9993d9d4659d29f4e6b89a24f3876f41f0","0.3.0","isolated_release_library/fastphylosig","d951ecee19c06f3a144ad76c5039302078747585bb3bf829e6f12db15f54775d","isolated_release_library/fastphylosig/libs/<platform>/fastphylosig","c46a5834babd455b546bc65c6549c42ba51e6b47f3c9f222919b7118a5af3280","1bd40080f1ea537b3c73c838dc98ff84940f1064f4e1c4dbfb2dd5063d999bdb","benchmarks/stage5/documentation_fix_release_20261001/fastphylosig_0.3.0.tar.gz","909b7ad27485dcc2d96a7bb1fc70b65b54e93245d75761aca406b9c52f06cbff","1.0.4",0.650704145431519,0.969143665075701,"Sys.time",1,TRUE,"not_reported_by_reference","finite_reference_estimate_and_input_audit",TRUE,,"DEstimate;Pval1;Pval0;Parameters;StatesTable;Permutations;NodalVals;binvar;data;nPermut;rnd.bias","",,2,,,,,,,,,,,,
"20261002T011636Z","full","Delta_none_n0500_r08","reference","Delta","Borges2019 delta() [pinned source]","none",0,500,8,500,500,0,500,500,,500,20760981,70268901,70268902,70268903,20771903,"reference",1,FALSE,,10000,10,100,0.1,0.5,2,"LSE","ARD",,,,,,,,,,,,,,,"461966cfbe20e438c9508e6f4909e4ccd92e1164aeaa15068b76f651b0b2f3b4","62dad360dfcd0d4341229c5ce1516bd01d9f2a8a76e0a76121e09ac111fd1692","6ab607fdcf276954b30962c234110ef7ed81e132f4ca39c048b5f648dc563e02","9343566047710df4f97a05c44cc9e3c7ff1eb598c30df473de922dc3f6dc1740","912debaa9a1bcbb56e7efff805858f4a1baaff9adb9bef71610ab39d9fd758d8","0.3.0","isolated_release_library/fastphylosig","d951ecee19c06f3a144ad76c5039302078747585bb3bf829e6f12db15f54775d","isolated_release_library/fastphylosig/libs/<platform>/fastphylosig","c46a5834babd455b546bc65c6549c42ba51e6b47f3c9f222919b7118a5af3280","1bd40080f1ea537b3c73c838dc98ff84940f1064f4e1c4dbfb2dd5063d999bdb","benchmarks/stage5/documentation_fix_release_20261001/fastphylosig_0.3.0.tar.gz","909b7ad27485dcc2d96a7bb1fc70b65b54e93245d75761aca406b9c52f06cbff","Borges2019-source-sha256:0dc1e987c13f0e972b0e7c3b4829b4d0fdc41ff0de3856bae4803f9ce0115175",4.3938159942627,0.184947948293337,"Sys.time",1,TRUE,"not_reported_by_reference","finite_reference_estimate_and_input_audit",TRUE,,"<numeric>","imaginary parts discarded in coercion || NaNs produced",,3,,,,,,,,,,,,
"20261002T011636Z","full","Delta_none_n0500_r08","fastphylosig","Delta","Borges2019 delta() [pinned source]","none",0,500,8,500,500,0,,,,,20760981,70268901,70268902,70268903,20771902,"reference",2,FALSE,,10000,10,100,0.1,0.5,2,"LSE","ARD","0.1","0.5","10000","10","100","LSE","ARD","fast","1",20000,20000,20000,TRUE,TRUE,"461966cfbe20e438c9508e6f4909e4ccd92e1164aeaa15068b76f651b0b2f3b4","62dad360dfcd0d4341229c5ce1516bd01d9f2a8a76e0a76121e09ac111fd1692","6ab607fdcf276954b30962c234110ef7ed81e132f4ca39c048b5f648dc563e02","9343566047710df4f97a05c44cc9e3c7ff1eb598c30df473de922dc3f6dc1740","912debaa9a1bcbb56e7efff805858f4a1baaff9adb9bef71610ab39d9fd758d8","0.3.0","isolated_release_library/fastphylosig","d951ecee19c06f3a144ad76c5039302078747585bb3bf829e6f12db15f54775d","isolated_release_library/fastphylosig/libs/<platform>/fastphylosig","c46a5834babd455b546bc65c6549c42ba51e6b47f3c9f222919b7118a5af3280","1bd40080f1ea537b3c73c838dc98ff84940f1064f4e1c4dbfb2dd5063d999bdb","benchmarks/stage5/documentation_fix_release_20261001/fastphylosig_0.3.0.tar.gz","909b7ad27485dcc2d96a7bb1fc70b65b54e93245d75761aca406b9c52f06cbff","Borges2019-source-sha256:0dc1e987c13f0e972b0e7c3b4829b4d0fdc41ff0de3856bae4803f9ce0115175",0.161929130554199,0.184267080553618,"Sys.time",1,TRUE,"ok","fast_result",TRUE,,"trait;Delta_fast;alpha_mean;beta_mean;n_saved;n_saved_requested;n_saved_successful;alpha_sd;beta_sd;ESS_alpha;ESS_beta;split_Rhat_alpha;split_Rhat_beta;Rhat_alpha;Rhat_beta;alpha_beta_cov;MCSE_Delta;diagnostics_available;diagnostics_note;requested_simulations;successful_simulations;requested_iterations;successful_iterations;requested_permutations;successful_permutations;n_states;n_species;n_removed_na;matched_species;removed_tree_tips;removed_data_rows;status;note;message;estimate;p_value;p_mcse;estimate_mcse;ess_alpha;ess_beta;rhat_alpha;rhat_beta;ESS;ess;Rhat;rhat;n_sim_requested;n_sim_successful;n_iter_requested;n_iter_successful;method","",,3,,,,20000,20000,"TRUE","Diagnostics computed from saved alpha/beta MCMC traces.",921.705163585028,725.533551093143,0.999045950496342,0.999979086871284,0.000271389208127679
"20261002T011636Z","full","D_moderate_n0500_r08","reference","D","caper::phylo.d","moderate",0.5,500,8,500,500,0,500,500,500,500,20760981,70268901,70268902,70268903,20781803,"reference",1,TRUE,199,,,,,,,,,,,,,,,,,,,,,,,"461966cfbe20e438c9508e6f4909e4ccd92e1164aeaa15068b76f651b0b2f3b4","62dad360dfcd0d4341229c5ce1516bd01d9f2a8a76e0a76121e09ac111fd1692","6ab607fdcf276954b30962c234110ef7ed81e132f4ca39c048b5f648dc563e02","d40f2d8823440e76c1e927e05d5ad4eed02de5693aa1c217c077934a61576f6c","c7acc2e5d606c716c6732e7613b4356566811f1238df9fe3a336a567be8f05b1","0.3.0","isolated_release_library/fastphylosig","d951ecee19c06f3a144ad76c5039302078747585bb3bf829e6f12db15f54775d","isolated_release_library/fastphylosig/libs/<platform>/fastphylosig","c46a5834babd455b546bc65c6549c42ba51e6b47f3c9f222919b7118a5af3280","1bd40080f1ea537b3c73c838dc98ff84940f1064f4e1c4dbfb2dd5063d999bdb","benchmarks/stage5/documentation_fix_release_20261001/fastphylosig_0.3.0.tar.gz","909b7ad27485dcc2d96a7bb1fc70b65b54e93245d75761aca406b9c52f06cbff","1.0.4",0.646620988845825,0.457921869013844,"Sys.time",1,TRUE,"not_reported_by_reference","finite_reference_estimate_and_input_audit",TRUE,,"DEstimate;Pval1;Pval0;Parameters;StatesTable;Permutations;NodalVals;binvar;data;nPermut;rnd.bias","",,2,,,,,,,,,,,,
"20261002T011636Z","full","D_moderate_n0500_r08","fastphylosig","D","caper::phylo.d","moderate",0.5,500,8,500,500,0,,,,,20760981,70268901,70268902,70268903,20781802,"reference",2,TRUE,199,,,,,,,,,,,,,,,,,,,,,,,"461966cfbe20e438c9508e6f4909e4ccd92e1164aeaa15068b76f651b0b2f3b4","62dad360dfcd0d4341229c5ce1516bd01d9f2a8a76e0a76121e09ac111fd1692","6ab607fdcf276954b30962c234110ef7ed81e132f4ca39c048b5f648dc563e02","d40f2d8823440e76c1e927e05d5ad4eed02de5693aa1c217c077934a61576f6c","c7acc2e5d606c716c6732e7613b4356566811f1238df9fe3a336a567be8f05b1","0.3.0","isolated_release_library/fastphylosig","d951ecee19c06f3a144ad76c5039302078747585bb3bf829e6f12db15f54775d","isolated_release_library/fastphylosig/libs/<platform>/fastphylosig","c46a5834babd455b546bc65c6549c42ba51e6b47f3c9f222919b7118a5af3280","1bd40080f1ea537b3c73c838dc98ff84940f1064f4e1c4dbfb2dd5063d999bdb","benchmarks/stage5/documentation_fix_release_20261001/fastphylosig_0.3.0.tar.gz","909b7ad27485dcc2d96a7bb1fc70b65b54e93245d75761aca406b9c52f06cbff","1.0.4",0.0306210517883301,0.461403505414189,"Sys.time",1,TRUE,"ok","fast_result",TRUE,,"trait;D_fast;Pval1_fast;Pval0_fast;P_random;P_Brownian;MCSE_P_random;MCSE_P_Brownian;nsim_requested;nsim_successful_random;nsim_successful_brownian;nsim_failed_random;nsim_failed_brownian;observed;mean_random;mean_brownian;n_species;n_removed_na;matched_species;removed_tree_tips;removed_data_rows;status;note;message;estimate;p_random;p_brownian;p_mcse_random;p_mcse_brownian;MCSE_random;MCSE_Brownian;mcse_random;mcse_brownian;n_sim_requested;n_sim_successful_random;n_sim_successful_brownian;method","",,,199,199,199,,,,,,,,,
"20261002T011636Z","full","Delta_moderate_n0500_r08","fastphylosig","Delta","Borges2019 delta() [pinned source]","moderate",0.5,500,8,500,500,0,,,,,20760981,70268901,70268902,70268903,20781902,"fastphylosig",1,FALSE,,10000,10,100,0.1,0.5,2,"LSE","ARD","0.1","0.5","10000","10","100","LSE","ARD","fast","1",20000,20000,20000,TRUE,TRUE,"461966cfbe20e438c9508e6f4909e4ccd92e1164aeaa15068b76f651b0b2f3b4","62dad360dfcd0d4341229c5ce1516bd01d9f2a8a76e0a76121e09ac111fd1692","6ab607fdcf276954b30962c234110ef7ed81e132f4ca39c048b5f648dc563e02","1e88a90a6923e48e8ce34ec76aa5d26ad8abab27d6f2b7d18ed55e0e36637fcc","8001460debba4fed2f9417e3872379982cb73911f80ecce3b539831424ca6e5c","0.3.0","isolated_release_library/fastphylosig","d951ecee19c06f3a144ad76c5039302078747585bb3bf829e6f12db15f54775d","isolated_release_library/fastphylosig/libs/<platform>/fastphylosig","c46a5834babd455b546bc65c6549c42ba51e6b47f3c9f222919b7118a5af3280","1bd40080f1ea537b3c73c838dc98ff84940f1064f4e1c4dbfb2dd5063d999bdb","benchmarks/stage5/documentation_fix_release_20261001/fastphylosig_0.3.0.tar.gz","909b7ad27485dcc2d96a7bb1fc70b65b54e93245d75761aca406b9c52f06cbff","Borges2019-source-sha256:0dc1e987c13f0e972b0e7c3b4829b4d0fdc41ff0de3856bae4803f9ce0115175",0.130393028259277,2.3026868656445,"Sys.time",1,TRUE,"ok","fast_result",TRUE,,"trait;Delta_fast;alpha_mean;beta_mean;n_saved;n_saved_requested;n_saved_successful;alpha_sd;beta_sd;ESS_alpha;ESS_beta;split_Rhat_alpha;split_Rhat_beta;Rhat_alpha;Rhat_beta;alpha_beta_cov;MCSE_Delta;diagnostics_available;diagnostics_note;requested_simulations;successful_simulations;requested_iterations;successful_iterations;requested_permutations;successful_permutations;n_states;n_species;n_removed_na;matched_species;removed_tree_tips;removed_data_rows;status;note;message;estimate;p_value;p_mcse;estimate_mcse;ess_alpha;ess_beta;rhat_alpha;rhat_beta;ESS;ess;Rhat;rhat;n_sim_requested;n_sim_successful;n_iter_requested;n_iter_successful;method","",,3,,,,20000,20000,"TRUE","Diagnostics computed from saved alpha/beta MCMC traces.",547.269627294798,581.036632596266,1.00021675246074,1.0001302024361,0.00297551822970263
"20261002T011636Z","full","Delta_moderate_n0500_r08","reference","Delta","Borges2019 delta() [pinned source]","moderate",0.5,500,8,500,500,0,500,500,,500,20760981,70268901,70268902,70268903,20781903,"fastphylosig",2,FALSE,,10000,10,100,0.1,0.5,2,"LSE","ARD",,,,,,,,,,,,,,,"461966cfbe20e438c9508e6f4909e4ccd92e1164aeaa15068b76f651b0b2f3b4","62dad360dfcd0d4341229c5ce1516bd01d9f2a8a76e0a76121e09ac111fd1692","6ab607fdcf276954b30962c234110ef7ed81e132f4ca39c048b5f648dc563e02","1e88a90a6923e48e8ce34ec76aa5d26ad8abab27d6f2b7d18ed55e0e36637fcc","8001460debba4fed2f9417e3872379982cb73911f80ecce3b539831424ca6e5c","0.3.0","isolated_release_library/fastphylosig","d951ecee19c06f3a144ad76c5039302078747585bb3bf829e6f12db15f54775d","isolated_release_library/fastphylosig/libs/<platform>/fastphylosig","c46a5834babd455b546bc65c6549c42ba51e6b47f3c9f222919b7118a5af3280","1bd40080f1ea537b3c73c838dc98ff84940f1064f4e1c4dbfb2dd5063d999bdb","benchmarks/stage5/documentation_fix_release_20261001/fastphylosig_0.3.0.tar.gz","909b7ad27485dcc2d96a7bb1fc70b65b54e93245d75761aca406b9c52f06cbff","Borges2019-source-sha256:0dc1e987c13f0e972b0e7c3b4829b4d0fdc41ff0de3856bae4803f9ce0115175",4.12155103683472,2.30729026757083,"Sys.time",1,TRUE,"not_reported_by_reference","finite_reference_estimate_and_input_audit",TRUE,,"<numeric>","NaNs produced || Inf replaced by maximum positive value",,3,,,,,,,,,,,,
"20261002T011636Z","full","D_strong_n0500_r08","fastphylosig","D","caper::phylo.d","strong",0.95,500,8,500,500,0,,,,,20760981,70268901,70268902,70268903,20791802,"fastphylosig",1,TRUE,199,,,,,,,,,,,,,,,,,,,,,,,"461966cfbe20e438c9508e6f4909e4ccd92e1164aeaa15068b76f651b0b2f3b4","62dad360dfcd0d4341229c5ce1516bd01d9f2a8a76e0a76121e09ac111fd1692","6ab607fdcf276954b30962c234110ef7ed81e132f4ca39c048b5f648dc563e02","b1648090f58014bee3521a901426fc0bbe47514c2495ee8a77c556dc73e0d19e","ea019a6487232db1113e1d48fa8be5c910a33230bf98f170bf8a3f8336996527","0.3.0","isolated_release_library/fastphylosig","d951ecee19c06f3a144ad76c5039302078747585bb3bf829e6f12db15f54775d","isolated_release_library/fastphylosig/libs/<platform>/fastphylosig","c46a5834babd455b546bc65c6549c42ba51e6b47f3c9f222919b7118a5af3280","1bd40080f1ea537b3c73c838dc98ff84940f1064f4e1c4dbfb2dd5063d999bdb","benchmarks/stage5/documentation_fix_release_20261001/fastphylosig_0.3.0.tar.gz","909b7ad27485dcc2d96a7bb1fc70b65b54e93245d75761aca406b9c52f06cbff","1.0.4",0.0352449417114258,-0.0247541921807892,"Sys.time",1,TRUE,"ok","fast_result",TRUE,,"trait;D_fast;Pval1_fast;Pval0_fast;P_random;P_Brownian;MCSE_P_random;MCSE_P_Brownian;nsim_requested;nsim_successful_random;nsim_successful_brownian;nsim_failed_random;nsim_failed_brownian;observed;mean_random;mean_brownian;n_species;n_removed_na;matched_species;removed_tree_tips;removed_data_rows;status;note;message;estimate;p_random;p_brownian;p_mcse_random;p_mcse_brownian;MCSE_random;MCSE_Brownian;mcse_random;mcse_brownian;n_sim_requested;n_sim_successful_random;n_sim_successful_brownian;method","",,,199,199,199,,,,,,,,,
"20261002T011636Z","full","D_strong_n0500_r08","reference","D","caper::phylo.d","strong",0.95,500,8,500,500,0,500,500,500,500,20760981,70268901,70268902,70268903,20791803,"fastphylosig",2,TRUE,199,,,,,,,,,,,,,,,,,,,,,,,"461966cfbe20e438c9508e6f4909e4ccd92e1164aeaa15068b76f651b0b2f3b4","62dad360dfcd0d4341229c5ce1516bd01d9f2a8a76e0a76121e09ac111fd1692","6ab607fdcf276954b30962c234110ef7ed81e132f4ca39c048b5f648dc563e02","b1648090f58014bee3521a901426fc0bbe47514c2495ee8a77c556dc73e0d19e","ea019a6487232db1113e1d48fa8be5c910a33230bf98f170bf8a3f8336996527","0.3.0","isolated_release_library/fastphylosig","d951ecee19c06f3a144ad76c5039302078747585bb3bf829e6f12db15f54775d","isolated_release_library/fastphylosig/libs/<platform>/fastphylosig","c46a5834babd455b546bc65c6549c42ba51e6b47f3c9f222919b7118a5af3280","1bd40080f1ea537b3c73c838dc98ff84940f1064f4e1c4dbfb2dd5063d999bdb","benchmarks/stage5/documentation_fix_release_20261001/fastphylosig_0.3.0.tar.gz","909b7ad27485dcc2d96a7bb1fc70b65b54e93245d75761aca406b9c52f06cbff","1.0.4",0.682148933410645,-0.0206354956535039,"Sys.time",1,TRUE,"not_reported_by_reference","finite_reference_estimate_and_input_audit",TRUE,,"DEstimate;Pval1;Pval0;Parameters;StatesTable;Permutations;NodalVals;binvar;data;nPermut;rnd.bias","",,2,,,,,,,,,,,,
"20261002T011636Z","full","Delta_strong_n0500_r08","reference","Delta","Borges2019 delta() [pinned source]","strong",0.95,500,8,500,500,0,500,500,,500,20760981,70268901,70268902,70268903,20791903,"reference",1,FALSE,,10000,10,100,0.1,0.5,2,"LSE","ARD",,,,,,,,,,,,,,,"461966cfbe20e438c9508e6f4909e4ccd92e1164aeaa15068b76f651b0b2f3b4","62dad360dfcd0d4341229c5ce1516bd01d9f2a8a76e0a76121e09ac111fd1692","6ab607fdcf276954b30962c234110ef7ed81e132f4ca39c048b5f648dc563e02","dedce53c4c861ad17e0b46f3ea0a36a1e7f3b265ad6a08c50dd8c006e64f8db1","80f7057e9a8a9af14f4a876ec1aaed92237216785e554bb1545611f6c3b40795","0.3.0","isolated_release_library/fastphylosig","d951ecee19c06f3a144ad76c5039302078747585bb3bf829e6f12db15f54775d","isolated_release_library/fastphylosig/libs/<platform>/fastphylosig","c46a5834babd455b546bc65c6549c42ba51e6b47f3c9f222919b7118a5af3280","1bd40080f1ea537b3c73c838dc98ff84940f1064f4e1c4dbfb2dd5063d999bdb","benchmarks/stage5/documentation_fix_release_20261001/fastphylosig_0.3.0.tar.gz","909b7ad27485dcc2d96a7bb1fc70b65b54e93245d75761aca406b9c52f06cbff","Borges2019-source-sha256:0dc1e987c13f0e972b0e7c3b4829b4d0fdc41ff0de3856bae4803f9ce0115175",3.48944997787476,7.72163665828513,"Sys.time",1,TRUE,"not_reported_by_reference","finite_reference_estimate_and_input_audit",TRUE,,"<numeric>","NaNs produced || Inf replaced by maximum positive value",,3,,,,,,,,,,,,
"20261002T011636Z","full","Delta_strong_n0500_r08","fastphylosig","Delta","Borges2019 delta() [pinned source]","strong",0.95,500,8,500,500,0,,,,,20760981,70268901,70268902,70268903,20791902,"reference",2,FALSE,,10000,10,100,0.1,0.5,2,"LSE","ARD","0.1","0.5","10000","10","100","LSE","ARD","fast","1",20000,20000,20000,TRUE,TRUE,"461966cfbe20e438c9508e6f4909e4ccd92e1164aeaa15068b76f651b0b2f3b4","62dad360dfcd0d4341229c5ce1516bd01d9f2a8a76e0a76121e09ac111fd1692","6ab607fdcf276954b30962c234110ef7ed81e132f4ca39c048b5f648dc563e02","dedce53c4c861ad17e0b46f3ea0a36a1e7f3b265ad6a08c50dd8c006e64f8db1","80f7057e9a8a9af14f4a876ec1aaed92237216785e554bb1545611f6c3b40795","0.3.0","isolated_release_library/fastphylosig","d951ecee19c06f3a144ad76c5039302078747585bb3bf829e6f12db15f54775d","isolated_release_library/fastphylosig/libs/<platform>/fastphylosig","c46a5834babd455b546bc65c6549c42ba51e6b47f3c9f222919b7118a5af3280","1bd40080f1ea537b3c73c838dc98ff84940f1064f4e1c4dbfb2dd5063d999bdb","benchmarks/stage5/documentation_fix_release_20261001/fastphylosig_0.3.0.tar.gz","909b7ad27485dcc2d96a7bb1fc70b65b54e93245d75761aca406b9c52f06cbff","Borges2019-source-sha256:0dc1e987c13f0e972b0e7c3b4829b4d0fdc41ff0de3856bae4803f9ce0115175",0.0931880474090576,7.71280962233479,"Sys.time",1,TRUE,"ok","fast_result",TRUE,,"trait;Delta_fast;alpha_mean;beta_mean;n_saved;n_saved_requested;n_saved_successful;alpha_sd;beta_sd;ESS_alpha;ESS_beta;split_Rhat_alpha;split_Rhat_beta;Rhat_alpha;Rhat_beta;alpha_beta_cov;MCSE_Delta;diagnostics_available;diagnostics_note;requested_simulations;successful_simulations;requested_iterations;successful_iterations;requested_permutations;successful_permutations;n_states;n_species;n_removed_na;matched_species;removed_tree_tips;removed_data_rows;status;note;message;estimate;p_value;p_mcse;estimate_mcse;ess_alpha;ess_beta;rhat_alpha;rhat_beta;ESS;ess;Rhat;rhat;n_sim_requested;n_sim_successful;n_iter_requested;n_iter_successful;method","",,3,,,,20000,20000,"TRUE","Diagnostics computed from saved alpha/beta MCMC traces.",839.125643946119,1209.996815191,0.999516564481148,0.99914500720949,0.0118384543750752
"20261002T011636Z","full","D_none_n0500_r09","reference","D","caper::phylo.d","none",0,500,9,500,500,0,500,500,500,500,20760991,70269901,70269902,70269903,20771903,"reference",1,TRUE,199,,,,,,,,,,,,,,,,,,,,,,,"8dbec7b5328cf86636a480fc6d4c015de6e3b386ab7737bc0c9e00ef3df6c0b5","970345e1e74bf2f6d83ee9e410ee1d50ec4fe81e5ce2a541aae326722651df42","d7e07ca95d568dd04586537c474a06d03df3d412cf3a6d51d5d3e80914346f8e","a880f6194036e289e8e03262cebaf94143683d4411e8731cfeeda4f05b3a2610","5310a96e98232389b3f8ebc13530586158aba28b000f6085cd130679c7eee0b0","0.3.0","isolated_release_library/fastphylosig","d951ecee19c06f3a144ad76c5039302078747585bb3bf829e6f12db15f54775d","isolated_release_library/fastphylosig/libs/<platform>/fastphylosig","c46a5834babd455b546bc65c6549c42ba51e6b47f3c9f222919b7118a5af3280","1bd40080f1ea537b3c73c838dc98ff84940f1064f4e1c4dbfb2dd5063d999bdb","benchmarks/stage5/documentation_fix_release_20261001/fastphylosig_0.3.0.tar.gz","909b7ad27485dcc2d96a7bb1fc70b65b54e93245d75761aca406b9c52f06cbff","1.0.4",0.692750930786133,1.01636714350924,"Sys.time",1,TRUE,"not_reported_by_reference","finite_reference_estimate_and_input_audit",TRUE,,"DEstimate;Pval1;Pval0;Parameters;StatesTable;Permutations;NodalVals;binvar;data;nPermut;rnd.bias","",,2,,,,,,,,,,,,
"20261002T011636Z","full","D_none_n0500_r09","fastphylosig","D","caper::phylo.d","none",0,500,9,500,500,0,,,,,20760991,70269901,70269902,70269903,20771902,"reference",2,TRUE,199,,,,,,,,,,,,,,,,,,,,,,,"8dbec7b5328cf86636a480fc6d4c015de6e3b386ab7737bc0c9e00ef3df6c0b5","970345e1e74bf2f6d83ee9e410ee1d50ec4fe81e5ce2a541aae326722651df42","d7e07ca95d568dd04586537c474a06d03df3d412cf3a6d51d5d3e80914346f8e","a880f6194036e289e8e03262cebaf94143683d4411e8731cfeeda4f05b3a2610","5310a96e98232389b3f8ebc13530586158aba28b000f6085cd130679c7eee0b0","0.3.0","isolated_release_library/fastphylosig","d951ecee19c06f3a144ad76c5039302078747585bb3bf829e6f12db15f54775d","isolated_release_library/fastphylosig/libs/<platform>/fastphylosig","c46a5834babd455b546bc65c6549c42ba51e6b47f3c9f222919b7118a5af3280","1bd40080f1ea537b3c73c838dc98ff84940f1064f4e1c4dbfb2dd5063d999bdb","benchmarks/stage5/documentation_fix_release_20261001/fastphylosig_0.3.0.tar.gz","909b7ad27485dcc2d96a7bb1fc70b65b54e93245d75761aca406b9c52f06cbff","1.0.4",0.0327599048614502,1.01023880373131,"Sys.time",1,TRUE,"ok","fast_result",TRUE,,"trait;D_fast;Pval1_fast;Pval0_fast;P_random;P_Brownian;MCSE_P_random;MCSE_P_Brownian;nsim_requested;nsim_successful_random;nsim_successful_brownian;nsim_failed_random;nsim_failed_brownian;observed;mean_random;mean_brownian;n_species;n_removed_na;matched_species;removed_tree_tips;removed_data_rows;status;note;message;estimate;p_random;p_brownian;p_mcse_random;p_mcse_brownian;MCSE_random;MCSE_Brownian;mcse_random;mcse_brownian;n_sim_requested;n_sim_successful_random;n_sim_successful_brownian;method","",,,199,199,199,,,,,,,,,
"20261002T011636Z","full","Delta_none_n0500_r09","fastphylosig","Delta","Borges2019 delta() [pinned source]","none",0,500,9,500,500,0,,,,,20760991,70269901,70269902,70269903,20772002,"fastphylosig",1,FALSE,,10000,10,100,0.1,0.5,2,"LSE","ARD","0.1","0.5","10000","10","100","LSE","ARD","fast","1",20000,20000,20000,TRUE,TRUE,"8dbec7b5328cf86636a480fc6d4c015de6e3b386ab7737bc0c9e00ef3df6c0b5","970345e1e74bf2f6d83ee9e410ee1d50ec4fe81e5ce2a541aae326722651df42","d7e07ca95d568dd04586537c474a06d03df3d412cf3a6d51d5d3e80914346f8e","bc5169fc58c3c70567f08cb42e1f7c38c1ccbb05f809e697a6d143c05cc53632","1e4eaa9c60a71796100f27f4fbba252b6376392c9441cad13992e4b69a817abf","0.3.0","isolated_release_library/fastphylosig","d951ecee19c06f3a144ad76c5039302078747585bb3bf829e6f12db15f54775d","isolated_release_library/fastphylosig/libs/<platform>/fastphylosig","c46a5834babd455b546bc65c6549c42ba51e6b47f3c9f222919b7118a5af3280","1bd40080f1ea537b3c73c838dc98ff84940f1064f4e1c4dbfb2dd5063d999bdb","benchmarks/stage5/documentation_fix_release_20261001/fastphylosig_0.3.0.tar.gz","909b7ad27485dcc2d96a7bb1fc70b65b54e93245d75761aca406b9c52f06cbff","Borges2019-source-sha256:0dc1e987c13f0e972b0e7c3b4829b4d0fdc41ff0de3856bae4803f9ce0115175",0.172450065612793,0.106917461242954,"Sys.time",1,TRUE,"ok","fast_result",TRUE,,"trait;Delta_fast;alpha_mean;beta_mean;n_saved;n_saved_requested;n_saved_successful;alpha_sd;beta_sd;ESS_alpha;ESS_beta;split_Rhat_alpha;split_Rhat_beta;Rhat_alpha;Rhat_beta;alpha_beta_cov;MCSE_Delta;diagnostics_available;diagnostics_note;requested_simulations;successful_simulations;requested_iterations;successful_iterations;requested_permutations;successful_permutations;n_states;n_species;n_removed_na;matched_species;removed_tree_tips;removed_data_rows;status;note;message;estimate;p_value;p_mcse;estimate_mcse;ess_alpha;ess_beta;rhat_alpha;rhat_beta;ESS;ess;Rhat;rhat;n_sim_requested;n_sim_successful;n_iter_requested;n_iter_successful;method","",,3,,,,20000,20000,"TRUE","Diagnostics computed from saved alpha/beta MCMC traces.",1064.71791365316,886.010285182302,1.00002729020116,1.00128755811923,0.000200426598042825
"20261002T011636Z","full","Delta_none_n0500_r09","reference","Delta","Borges2019 delta() [pinned source]","none",0,500,9,500,500,0,500,500,,500,20760991,70269901,70269902,70269903,20772003,"fastphylosig",2,FALSE,,10000,10,100,0.1,0.5,2,"LSE","ARD",,,,,,,,,,,,,,,"8dbec7b5328cf86636a480fc6d4c015de6e3b386ab7737bc0c9e00ef3df6c0b5","970345e1e74bf2f6d83ee9e410ee1d50ec4fe81e5ce2a541aae326722651df42","d7e07ca95d568dd04586537c474a06d03df3d412cf3a6d51d5d3e80914346f8e","bc5169fc58c3c70567f08cb42e1f7c38c1ccbb05f809e697a6d143c05cc53632","1e4eaa9c60a71796100f27f4fbba252b6376392c9441cad13992e4b69a817abf","0.3.0","isolated_release_library/fastphylosig","d951ecee19c06f3a144ad76c5039302078747585bb3bf829e6f12db15f54775d","isolated_release_library/fastphylosig/libs/<platform>/fastphylosig","c46a5834babd455b546bc65c6549c42ba51e6b47f3c9f222919b7118a5af3280","1bd40080f1ea537b3c73c838dc98ff84940f1064f4e1c4dbfb2dd5063d999bdb","benchmarks/stage5/documentation_fix_release_20261001/fastphylosig_0.3.0.tar.gz","909b7ad27485dcc2d96a7bb1fc70b65b54e93245d75761aca406b9c52f06cbff","Borges2019-source-sha256:0dc1e987c13f0e972b0e7c3b4829b4d0fdc41ff0de3856bae4803f9ce0115175",4.95133709907532,0.107685197560582,"Sys.time",1,TRUE,"not_reported_by_reference","finite_reference_estimate_and_input_audit",TRUE,,"<numeric>","imaginary parts discarded in coercion || NaNs produced",,3,,,,,,,,,,,,
"20261002T011636Z","full","D_moderate_n0500_r09","fastphylosig","D","caper::phylo.d","moderate",0.5,500,9,500,500,0,,,,,20760991,70269901,70269902,70269903,20781902,"fastphylosig",1,TRUE,199,,,,,,,,,,,,,,,,,,,,,,,"8dbec7b5328cf86636a480fc6d4c015de6e3b386ab7737bc0c9e00ef3df6c0b5","970345e1e74bf2f6d83ee9e410ee1d50ec4fe81e5ce2a541aae326722651df42","d7e07ca95d568dd04586537c474a06d03df3d412cf3a6d51d5d3e80914346f8e","9828c0fc6894d909a198daaff536e8c0462a6861108bfaa018e3dd25ac24ab36","caafe63e8f54d9e6735b7bdd9952d72294db3c82ba5f6462f52eeae9fe7c977b","0.3.0","isolated_release_library/fastphylosig","d951ecee19c06f3a144ad76c5039302078747585bb3bf829e6f12db15f54775d","isolated_release_library/fastphylosig/libs/<platform>/fastphylosig","c46a5834babd455b546bc65c6549c42ba51e6b47f3c9f222919b7118a5af3280","1bd40080f1ea537b3c73c838dc98ff84940f1064f4e1c4dbfb2dd5063d999bdb","benchmarks/stage5/documentation_fix_release_20261001/fastphylosig_0.3.0.tar.gz","909b7ad27485dcc2d96a7bb1fc70b65b54e93245d75761aca406b9c52f06cbff","1.0.4",0.0337729454040527,0.620030774390333,"Sys.time",1,TRUE,"ok","fast_result",TRUE,,"trait;D_fast;Pval1_fast;Pval0_fast;P_random;P_Brownian;MCSE_P_random;MCSE_P_Brownian;nsim_requested;nsim_successful_random;nsim_successful_brownian;nsim_failed_random;nsim_failed_brownian;observed;mean_random;mean_brownian;n_species;n_removed_na;matched_species;removed_tree_tips;removed_data_rows;status;note;message;estimate;p_random;p_brownian;p_mcse_random;p_mcse_brownian;MCSE_random;MCSE_Brownian;mcse_random;mcse_brownian;n_sim_requested;n_sim_successful_random;n_sim_successful_brownian;method","",,,199,199,199,,,,,,,,,
"20261002T011636Z","full","D_moderate_n0500_r09","reference","D","caper::phylo.d","moderate",0.5,500,9,500,500,0,500,500,500,500,20760991,70269901,70269902,70269903,20781903,"fastphylosig",2,TRUE,199,,,,,,,,,,,,,,,,,,,,,,,"8dbec7b5328cf86636a480fc6d4c015de6e3b386ab7737bc0c9e00ef3df6c0b5","970345e1e74bf2f6d83ee9e410ee1d50ec4fe81e5ce2a541aae326722651df42","d7e07ca95d568dd04586537c474a06d03df3d412cf3a6d51d5d3e80914346f8e","9828c0fc6894d909a198daaff536e8c0462a6861108bfaa018e3dd25ac24ab36","caafe63e8f54d9e6735b7bdd9952d72294db3c82ba5f6462f52eeae9fe7c977b","0.3.0","isolated_release_library/fastphylosig","d951ecee19c06f3a144ad76c5039302078747585bb3bf829e6f12db15f54775d","isolated_release_library/fastphylosig/libs/<platform>/fastphylosig","c46a5834babd455b546bc65c6549c42ba51e6b47f3c9f222919b7118a5af3280","1bd40080f1ea537b3c73c838dc98ff84940f1064f4e1c4dbfb2dd5063d999bdb","benchmarks/stage5/documentation_fix_release_20261001/fastphylosig_0.3.0.tar.gz","909b7ad27485dcc2d96a7bb1fc70b65b54e93245d75761aca406b9c52f06cbff","1.0.4",0.701434135437012,0.621128609012129,"Sys.time",1,TRUE,"not_reported_by_reference","finite_reference_estimate_and_input_audit",TRUE,,"DEstimate;Pval1;Pval0;Parameters;StatesTable;Permutations;NodalVals;binvar;data;nPermut;rnd.bias","",,2,,,,,,,,,,,,
"20261002T011636Z","full","Delta_moderate_n0500_r09","reference","Delta","Borges2019 delta() [pinned source]","moderate",0.5,500,9,500,500,0,500,500,,500,20760991,70269901,70269902,70269903,20782003,"reference",1,FALSE,,10000,10,100,0.1,0.5,2,"LSE","ARD",,,,,,,,,,,,,,,"8dbec7b5328cf86636a480fc6d4c015de6e3b386ab7737bc0c9e00ef3df6c0b5","970345e1e74bf2f6d83ee9e410ee1d50ec4fe81e5ce2a541aae326722651df42","d7e07ca95d568dd04586537c474a06d03df3d412cf3a6d51d5d3e80914346f8e","9fe3e7d272033b812c7f45aefa9de062a870cf8318c16a4579039b447f929aef","6d8e11ae5081cdd5a56cf46739bf2c878ee13b39f7dbb4d50a34d05cf182ebcc","0.3.0","isolated_release_library/fastphylosig","d951ecee19c06f3a144ad76c5039302078747585bb3bf829e6f12db15f54775d","isolated_release_library/fastphylosig/libs/<platform>/fastphylosig","c46a5834babd455b546bc65c6549c42ba51e6b47f3c9f222919b7118a5af3280","1bd40080f1ea537b3c73c838dc98ff84940f1064f4e1c4dbfb2dd5063d999bdb","benchmarks/stage5/documentation_fix_release_20261001/fastphylosig_0.3.0.tar.gz","909b7ad27485dcc2d96a7bb1fc70b65b54e93245d75761aca406b9c52f06cbff","Borges2019-source-sha256:0dc1e987c13f0e972b0e7c3b4829b4d0fdc41ff0de3856bae4803f9ce0115175",4.18285822868347,1.74262142869581,"Sys.time",1,TRUE,"not_reported_by_reference","finite_reference_estimate_and_input_audit",TRUE,,"<numeric>","NaNs produced || Inf replaced by maximum positive value",,3,,,,,,,,,,,,
"20261002T011636Z","full","Delta_moderate_n0500_r09","fastphylosig","Delta","Borges2019 delta() [pinned source]","moderate",0.5,500,9,500,500,0,,,,,20760991,70269901,70269902,70269903,20782002,"reference",2,FALSE,,10000,10,100,0.1,0.5,2,"LSE","ARD","0.1","0.5","10000","10","100","LSE","ARD","fast","1",20000,20000,20000,TRUE,TRUE,"8dbec7b5328cf86636a480fc6d4c015de6e3b386ab7737bc0c9e00ef3df6c0b5","970345e1e74bf2f6d83ee9e410ee1d50ec4fe81e5ce2a541aae326722651df42","d7e07ca95d568dd04586537c474a06d03df3d412cf3a6d51d5d3e80914346f8e","9fe3e7d272033b812c7f45aefa9de062a870cf8318c16a4579039b447f929aef","6d8e11ae5081cdd5a56cf46739bf2c878ee13b39f7dbb4d50a34d05cf182ebcc","0.3.0","isolated_release_library/fastphylosig","d951ecee19c06f3a144ad76c5039302078747585bb3bf829e6f12db15f54775d","isolated_release_library/fastphylosig/libs/<platform>/fastphylosig","c46a5834babd455b546bc65c6549c42ba51e6b47f3c9f222919b7118a5af3280","1bd40080f1ea537b3c73c838dc98ff84940f1064f4e1c4dbfb2dd5063d999bdb","benchmarks/stage5/documentation_fix_release_20261001/fastphylosig_0.3.0.tar.gz","909b7ad27485dcc2d96a7bb1fc70b65b54e93245d75761aca406b9c52f06cbff","Borges2019-source-sha256:0dc1e987c13f0e972b0e7c3b4829b4d0fdc41ff0de3856bae4803f9ce0115175",0.148234128952026,1.74149551023042,"Sys.time",1,TRUE,"ok","fast_result",TRUE,,"trait;Delta_fast;alpha_mean;beta_mean;n_saved;n_saved_requested;n_saved_successful;alpha_sd;beta_sd;ESS_alpha;ESS_beta;split_Rhat_alpha;split_Rhat_beta;Rhat_alpha;Rhat_beta;alpha_beta_cov;MCSE_Delta;diagnostics_available;diagnostics_note;requested_simulations;successful_simulations;requested_iterations;successful_iterations;requested_permutations;successful_permutations;n_states;n_species;n_removed_na;matched_species;removed_tree_tips;removed_data_rows;status;note;message;estimate;p_value;p_mcse;estimate_mcse;ess_alpha;ess_beta;rhat_alpha;rhat_beta;ESS;ess;Rhat;rhat;n_sim_requested;n_sim_successful;n_iter_requested;n_iter_successful;method","",,3,,,,20000,20000,"TRUE","Diagnostics computed from saved alpha/beta MCMC traces.",571.132247593428,520.03485869073,1.0020303089134,1.00158915342008,0.00236926248211135
"20261002T011636Z","full","D_strong_n0500_r09","reference","D","caper::phylo.d","strong",0.95,500,9,500,500,0,500,500,500,500,20760991,70269901,70269902,70269903,20791903,"reference",1,TRUE,199,,,,,,,,,,,,,,,,,,,,,,,"8dbec7b5328cf86636a480fc6d4c015de6e3b386ab7737bc0c9e00ef3df6c0b5","970345e1e74bf2f6d83ee9e410ee1d50ec4fe81e5ce2a541aae326722651df42","d7e07ca95d568dd04586537c474a06d03df3d412cf3a6d51d5d3e80914346f8e","ed35d2adbe45b65d6cceecd1a207bc6ae4e3e7269ce0e2c1e26830b926e4899c","4a3eeb3404fab594937fcf91394ae8506728037af33024f0a85abd8139e89b08","0.3.0","isolated_release_library/fastphylosig","d951ecee19c06f3a144ad76c5039302078747585bb3bf829e6f12db15f54775d","isolated_release_library/fastphylosig/libs/<platform>/fastphylosig","c46a5834babd455b546bc65c6549c42ba51e6b47f3c9f222919b7118a5af3280","1bd40080f1ea537b3c73c838dc98ff84940f1064f4e1c4dbfb2dd5063d999bdb","benchmarks/stage5/documentation_fix_release_20261001/fastphylosig_0.3.0.tar.gz","909b7ad27485dcc2d96a7bb1fc70b65b54e93245d75761aca406b9c52f06cbff","1.0.4",0.726096868515015,0.107978563797715,"Sys.time",1,TRUE,"not_reported_by_reference","finite_reference_estimate_and_input_audit",TRUE,,"DEstimate;Pval1;Pval0;Parameters;StatesTable;Permutations;NodalVals;binvar;data;nPermut;rnd.bias","",,2,,,,,,,,,,,,
"20261002T011636Z","full","D_strong_n0500_r09","fastphylosig","D","caper::phylo.d","strong",0.95,500,9,500,500,0,,,,,20760991,70269901,70269902,70269903,20791902,"reference",2,TRUE,199,,,,,,,,,,,,,,,,,,,,,,,"8dbec7b5328cf86636a480fc6d4c015de6e3b386ab7737bc0c9e00ef3df6c0b5","970345e1e74bf2f6d83ee9e410ee1d50ec4fe81e5ce2a541aae326722651df42","d7e07ca95d568dd04586537c474a06d03df3d412cf3a6d51d5d3e80914346f8e","ed35d2adbe45b65d6cceecd1a207bc6ae4e3e7269ce0e2c1e26830b926e4899c","4a3eeb3404fab594937fcf91394ae8506728037af33024f0a85abd8139e89b08","0.3.0","isolated_release_library/fastphylosig","d951ecee19c06f3a144ad76c5039302078747585bb3bf829e6f12db15f54775d","isolated_release_library/fastphylosig/libs/<platform>/fastphylosig","c46a5834babd455b546bc65c6549c42ba51e6b47f3c9f222919b7118a5af3280","1bd40080f1ea537b3c73c838dc98ff84940f1064f4e1c4dbfb2dd5063d999bdb","benchmarks/stage5/documentation_fix_release_20261001/fastphylosig_0.3.0.tar.gz","909b7ad27485dcc2d96a7bb1fc70b65b54e93245d75761aca406b9c52f06cbff","1.0.4",0.036761999130249,0.109763753826711,"Sys.time",1,TRUE,"ok","fast_result",TRUE,,"trait;D_fast;Pval1_fast;Pval0_fast;P_random;P_Brownian;MCSE_P_random;MCSE_P_Brownian;nsim_requested;nsim_successful_random;nsim_successful_brownian;nsim_failed_random;nsim_failed_brownian;observed;mean_random;mean_brownian;n_species;n_removed_na;matched_species;removed_tree_tips;removed_data_rows;status;note;message;estimate;p_random;p_brownian;p_mcse_random;p_mcse_brownian;MCSE_random;MCSE_Brownian;mcse_random;mcse_brownian;n_sim_requested;n_sim_successful_random;n_sim_successful_brownian;method","",,,199,199,199,,,,,,,,,
"20261002T011636Z","full","Delta_strong_n0500_r09","fastphylosig","Delta","Borges2019 delta() [pinned source]","strong",0.95,500,9,500,500,0,,,,,20760991,70269901,70269902,70269903,20792002,"fastphylosig",1,FALSE,,10000,10,100,0.1,0.5,2,"LSE","ARD","0.1","0.5","10000","10","100","LSE","ARD","fast","1",20000,20000,20000,TRUE,TRUE,"8dbec7b5328cf86636a480fc6d4c015de6e3b386ab7737bc0c9e00ef3df6c0b5","970345e1e74bf2f6d83ee9e410ee1d50ec4fe81e5ce2a541aae326722651df42","d7e07ca95d568dd04586537c474a06d03df3d412cf3a6d51d5d3e80914346f8e","26698ad90761217807010001c8d14988190094e1583fbfba89cc936de6c638c3","563ade66ec9c2329cdcaec698ff38c67ba38ddf21c1e7f07227d3b86e9cc70dc","0.3.0","isolated_release_library/fastphylosig","d951ecee19c06f3a144ad76c5039302078747585bb3bf829e6f12db15f54775d","isolated_release_library/fastphylosig/libs/<platform>/fastphylosig","c46a5834babd455b546bc65c6549c42ba51e6b47f3c9f222919b7118a5af3280","1bd40080f1ea537b3c73c838dc98ff84940f1064f4e1c4dbfb2dd5063d999bdb","benchmarks/stage5/documentation_fix_release_20261001/fastphylosig_0.3.0.tar.gz","909b7ad27485dcc2d96a7bb1fc70b65b54e93245d75761aca406b9c52f06cbff","Borges2019-source-sha256:0dc1e987c13f0e972b0e7c3b4829b4d0fdc41ff0de3856bae4803f9ce0115175",0.14217209815979,7.85676887697175,"Sys.time",1,TRUE,"ok","fast_result",TRUE,,"trait;Delta_fast;alpha_mean;beta_mean;n_saved;n_saved_requested;n_saved_successful;alpha_sd;beta_sd;ESS_alpha;ESS_beta;split_Rhat_alpha;split_Rhat_beta;Rhat_alpha;Rhat_beta;alpha_beta_cov;MCSE_Delta;diagnostics_available;diagnostics_note;requested_simulations;successful_simulations;requested_iterations;successful_iterations;requested_permutations;successful_permutations;n_states;n_species;n_removed_na;matched_species;removed_tree_tips;removed_data_rows;status;note;message;estimate;p_value;p_mcse;estimate_mcse;ess_alpha;ess_beta;rhat_alpha;rhat_beta;ESS;ess;Rhat;rhat;n_sim_requested;n_sim_successful;n_iter_requested;n_iter_successful;method","",,3,,,,20000,20000,"TRUE","Diagnostics computed from saved alpha/beta MCMC traces.",872.397202600428,1056.8577217309,0.999325655079092,0.999034406516151,0.0145100045306384
"20261002T011636Z","full","Delta_strong_n0500_r09","reference","Delta","Borges2019 delta() [pinned source]","strong",0.95,500,9,500,500,0,500,500,,500,20760991,70269901,70269902,70269903,20792003,"fastphylosig",2,FALSE,,10000,10,100,0.1,0.5,2,"LSE","ARD",,,,,,,,,,,,,,,"8dbec7b5328cf86636a480fc6d4c015de6e3b386ab7737bc0c9e00ef3df6c0b5","970345e1e74bf2f6d83ee9e410ee1d50ec4fe81e5ce2a541aae326722651df42","d7e07ca95d568dd04586537c474a06d03df3d412cf3a6d51d5d3e80914346f8e","26698ad90761217807010001c8d14988190094e1583fbfba89cc936de6c638c3","563ade66ec9c2329cdcaec698ff38c67ba38ddf21c1e7f07227d3b86e9cc70dc","0.3.0","isolated_release_library/fastphylosig","d951ecee19c06f3a144ad76c5039302078747585bb3bf829e6f12db15f54775d","isolated_release_library/fastphylosig/libs/<platform>/fastphylosig","c46a5834babd455b546bc65c6549c42ba51e6b47f3c9f222919b7118a5af3280","1bd40080f1ea537b3c73c838dc98ff84940f1064f4e1c4dbfb2dd5063d999bdb","benchmarks/stage5/documentation_fix_release_20261001/fastphylosig_0.3.0.tar.gz","909b7ad27485dcc2d96a7bb1fc70b65b54e93245d75761aca406b9c52f06cbff","Borges2019-source-sha256:0dc1e987c13f0e972b0e7c3b4829b4d0fdc41ff0de3856bae4803f9ce0115175",4.06606197357178,7.86653449707109,"Sys.time",1,TRUE,"not_reported_by_reference","finite_reference_estimate_and_input_audit",TRUE,,"<numeric>","NaNs produced || Inf replaced by maximum positive value",,3,,,,,,,,,,,,
"20261002T011636Z","full","D_none_n0500_r10","fastphylosig","D","caper::phylo.d","none",0,500,10,500,500,0,,,,,20761001,70270901,70270902,70270903,20772002,"fastphylosig",1,TRUE,199,,,,,,,,,,,,,,,,,,,,,,,"bdaa129780916f2aed1ac87dd9169087d169e373adeced919fccb24c0c5520b7","2dba313a1afc9a6cd3d5f6f92f67206bf2d45112c994468cde8f58e78fb8ce9f","9264678a8dbced22c77d7182bde7790543fe19402598d627c2dd087bfd3fa15f","8f96b2b39f60ae6cd373039bf97d201c1a0532276467c348123230c74a5917e1","7f28a15ffe26f6783a3b78a5b43402dc37114c5783b3690e791e13d5b74af9f4","0.3.0","isolated_release_library/fastphylosig","d951ecee19c06f3a144ad76c5039302078747585bb3bf829e6f12db15f54775d","isolated_release_library/fastphylosig/libs/<platform>/fastphylosig","c46a5834babd455b546bc65c6549c42ba51e6b47f3c9f222919b7118a5af3280","1bd40080f1ea537b3c73c838dc98ff84940f1064f4e1c4dbfb2dd5063d999bdb","benchmarks/stage5/documentation_fix_release_20261001/fastphylosig_0.3.0.tar.gz","909b7ad27485dcc2d96a7bb1fc70b65b54e93245d75761aca406b9c52f06cbff","1.0.4",0.0343859195709229,1.08482143494211,"Sys.time",1,TRUE,"ok","fast_result",TRUE,,"trait;D_fast;Pval1_fast;Pval0_fast;P_random;P_Brownian;MCSE_P_random;MCSE_P_Brownian;nsim_requested;nsim_successful_random;nsim_successful_brownian;nsim_failed_random;nsim_failed_brownian;observed;mean_random;mean_brownian;n_species;n_removed_na;matched_species;removed_tree_tips;removed_data_rows;status;note;message;estimate;p_random;p_brownian;p_mcse_random;p_mcse_brownian;MCSE_random;MCSE_Brownian;mcse_random;mcse_brownian;n_sim_requested;n_sim_successful_random;n_sim_successful_brownian;method","",,,199,199,199,,,,,,,,,
"20261002T011636Z","full","D_none_n0500_r10","reference","D","caper::phylo.d","none",0,500,10,500,500,0,500,500,500,500,20761001,70270901,70270902,70270903,20772003,"fastphylosig",2,TRUE,199,,,,,,,,,,,,,,,,,,,,,,,"bdaa129780916f2aed1ac87dd9169087d169e373adeced919fccb24c0c5520b7","2dba313a1afc9a6cd3d5f6f92f67206bf2d45112c994468cde8f58e78fb8ce9f","9264678a8dbced22c77d7182bde7790543fe19402598d627c2dd087bfd3fa15f","8f96b2b39f60ae6cd373039bf97d201c1a0532276467c348123230c74a5917e1","7f28a15ffe26f6783a3b78a5b43402dc37114c5783b3690e791e13d5b74af9f4","0.3.0","isolated_release_library/fastphylosig","d951ecee19c06f3a144ad76c5039302078747585bb3bf829e6f12db15f54775d","isolated_release_library/fastphylosig/libs/<platform>/fastphylosig","c46a5834babd455b546bc65c6549c42ba51e6b47f3c9f222919b7118a5af3280","1bd40080f1ea537b3c73c838dc98ff84940f1064f4e1c4dbfb2dd5063d999bdb","benchmarks/stage5/documentation_fix_release_20261001/fastphylosig_0.3.0.tar.gz","909b7ad27485dcc2d96a7bb1fc70b65b54e93245d75761aca406b9c52f06cbff","1.0.4",0.692118167877197,1.09249774454892,"Sys.time",1,TRUE,"not_reported_by_reference","finite_reference_estimate_and_input_audit",TRUE,,"DEstimate;Pval1;Pval0;Parameters;StatesTable;Permutations;NodalVals;binvar;data;nPermut;rnd.bias","",,2,,,,,,,,,,,,
"20261002T011636Z","full","Delta_none_n0500_r10","reference","Delta","Borges2019 delta() [pinned source]","none",0,500,10,500,500,0,500,500,,500,20761001,70270901,70270902,70270903,20772103,"reference",1,FALSE,,10000,10,100,0.1,0.5,2,"LSE","ARD",,,,,,,,,,,,,,,"bdaa129780916f2aed1ac87dd9169087d169e373adeced919fccb24c0c5520b7","2dba313a1afc9a6cd3d5f6f92f67206bf2d45112c994468cde8f58e78fb8ce9f","9264678a8dbced22c77d7182bde7790543fe19402598d627c2dd087bfd3fa15f","c9b1cdae3335359bccce851e96ccf58346d10329e7a629f3d388a69c37011ebc","55f45ccb3da45d77a5b2fbcb9f8bd0eb634489a5a7a7ca8e6435ddc07d279cfa","0.3.0","isolated_release_library/fastphylosig","d951ecee19c06f3a144ad76c5039302078747585bb3bf829e6f12db15f54775d","isolated_release_library/fastphylosig/libs/<platform>/fastphylosig","c46a5834babd455b546bc65c6549c42ba51e6b47f3c9f222919b7118a5af3280","1bd40080f1ea537b3c73c838dc98ff84940f1064f4e1c4dbfb2dd5063d999bdb","benchmarks/stage5/documentation_fix_release_20261001/fastphylosig_0.3.0.tar.gz","909b7ad27485dcc2d96a7bb1fc70b65b54e93245d75761aca406b9c52f06cbff","Borges2019-source-sha256:0dc1e987c13f0e972b0e7c3b4829b4d0fdc41ff0de3856bae4803f9ce0115175",5.89545583724976,0.134240078907843,"Sys.time",1,TRUE,"not_reported_by_reference","finite_reference_estimate_and_input_audit",TRUE,,"<numeric>","imaginary parts discarded in coercion || model fit suspicious: gradients apparently non-finite",,3,,,,,,,,,,,,
"20261002T011636Z","full","Delta_none_n0500_r10","fastphylosig","Delta","Borges2019 delta() [pinned source]","none",0,500,10,500,500,0,,,,,20761001,70270901,70270902,70270903,20772102,"reference",2,FALSE,,10000,10,100,0.1,0.5,2,"LSE","ARD","0.1","0.5","10000","10","100","LSE","ARD","fast","1",20000,20000,20000,TRUE,TRUE,"bdaa129780916f2aed1ac87dd9169087d169e373adeced919fccb24c0c5520b7","2dba313a1afc9a6cd3d5f6f92f67206bf2d45112c994468cde8f58e78fb8ce9f","9264678a8dbced22c77d7182bde7790543fe19402598d627c2dd087bfd3fa15f","c9b1cdae3335359bccce851e96ccf58346d10329e7a629f3d388a69c37011ebc","55f45ccb3da45d77a5b2fbcb9f8bd0eb634489a5a7a7ca8e6435ddc07d279cfa","0.3.0","isolated_release_library/fastphylosig","d951ecee19c06f3a144ad76c5039302078747585bb3bf829e6f12db15f54775d","isolated_release_library/fastphylosig/libs/<platform>/fastphylosig","c46a5834babd455b546bc65c6549c42ba51e6b47f3c9f222919b7118a5af3280","1bd40080f1ea537b3c73c838dc98ff84940f1064f4e1c4dbfb2dd5063d999bdb","benchmarks/stage5/documentation_fix_release_20261001/fastphylosig_0.3.0.tar.gz","909b7ad27485dcc2d96a7bb1fc70b65b54e93245d75761aca406b9c52f06cbff","Borges2019-source-sha256:0dc1e987c13f0e972b0e7c3b4829b4d0fdc41ff0de3856bae4803f9ce0115175",0.238470077514648,0.133824143707098,"Sys.time",1,TRUE,"ok","fast_result",TRUE,,"trait;Delta_fast;alpha_mean;beta_mean;n_saved;n_saved_requested;n_saved_successful;alpha_sd;beta_sd;ESS_alpha;ESS_beta;split_Rhat_alpha;split_Rhat_beta;Rhat_alpha;Rhat_beta;alpha_beta_cov;MCSE_Delta;diagnostics_available;diagnostics_note;requested_simulations;successful_simulations;requested_iterations;successful_iterations;requested_permutations;successful_permutations;n_states;n_species;n_removed_na;matched_species;removed_tree_tips;removed_data_rows;status;note;message;estimate;p_value;p_mcse;estimate_mcse;ess_alpha;ess_beta;rhat_alpha;rhat_beta;ESS;ess;Rhat;rhat;n_sim_requested;n_sim_successful;n_iter_requested;n_iter_successful;method","",,3,,,,20000,20000,"TRUE","Diagnostics computed from saved alpha/beta MCMC traces.",1274.19619472692,935.947569348963,1.00238476062043,1.00417279454662,0.000256315266816283
"20261002T011636Z","full","D_moderate_n0500_r10","reference","D","caper::phylo.d","moderate",0.5,500,10,500,500,0,500,500,500,500,20761001,70270901,70270902,70270903,20782003,"reference",1,TRUE,199,,,,,,,,,,,,,,,,,,,,,,,"bdaa129780916f2aed1ac87dd9169087d169e373adeced919fccb24c0c5520b7","2dba313a1afc9a6cd3d5f6f92f67206bf2d45112c994468cde8f58e78fb8ce9f","9264678a8dbced22c77d7182bde7790543fe19402598d627c2dd087bfd3fa15f","1216b8e2807e4d38296ab64e78be4e90f0b4449e362ea9047a18653cecac19f6","f30c1b596930d7f5fde5f6aae65a2e292dbddd418a7807154d78caf319411bc5","0.3.0","isolated_release_library/fastphylosig","d951ecee19c06f3a144ad76c5039302078747585bb3bf829e6f12db15f54775d","isolated_release_library/fastphylosig/libs/<platform>/fastphylosig","c46a5834babd455b546bc65c6549c42ba51e6b47f3c9f222919b7118a5af3280","1bd40080f1ea537b3c73c838dc98ff84940f1064f4e1c4dbfb2dd5063d999bdb","benchmarks/stage5/documentation_fix_release_20261001/fastphylosig_0.3.0.tar.gz","909b7ad27485dcc2d96a7bb1fc70b65b54e93245d75761aca406b9c52f06cbff","1.0.4",0.707648038864136,0.666569791258821,"Sys.time",1,TRUE,"not_reported_by_reference","finite_reference_estimate_and_input_audit",TRUE,,"DEstimate;Pval1;Pval0;Parameters;StatesTable;Permutations;NodalVals;binvar;data;nPermut;rnd.bias","",,2,,,,,,,,,,,,
"20261002T011636Z","full","D_moderate_n0500_r10","fastphylosig","D","caper::phylo.d","moderate",0.5,500,10,500,500,0,,,,,20761001,70270901,70270902,70270903,20782002,"reference",2,TRUE,199,,,,,,,,,,,,,,,,,,,,,,,"bdaa129780916f2aed1ac87dd9169087d169e373adeced919fccb24c0c5520b7","2dba313a1afc9a6cd3d5f6f92f67206bf2d45112c994468cde8f58e78fb8ce9f","9264678a8dbced22c77d7182bde7790543fe19402598d627c2dd087bfd3fa15f","1216b8e2807e4d38296ab64e78be4e90f0b4449e362ea9047a18653cecac19f6","f30c1b596930d7f5fde5f6aae65a2e292dbddd418a7807154d78caf319411bc5","0.3.0","isolated_release_library/fastphylosig","d951ecee19c06f3a144ad76c5039302078747585bb3bf829e6f12db15f54775d","isolated_release_library/fastphylosig/libs/<platform>/fastphylosig","c46a5834babd455b546bc65c6549c42ba51e6b47f3c9f222919b7118a5af3280","1bd40080f1ea537b3c73c838dc98ff84940f1064f4e1c4dbfb2dd5063d999bdb","benchmarks/stage5/documentation_fix_release_20261001/fastphylosig_0.3.0.tar.gz","909b7ad27485dcc2d96a7bb1fc70b65b54e93245d75761aca406b9c52f06cbff","1.0.4",0.0325419902801514,0.666266858977157,"Sys.time",1,TRUE,"ok","fast_result",TRUE,,"trait;D_fast;Pval1_fast;Pval0_fast;P_random;P_Brownian;MCSE_P_random;MCSE_P_Brownian;nsim_requested;nsim_successful_random;nsim_successful_brownian;nsim_failed_random;nsim_failed_brownian;observed;mean_random;mean_brownian;n_species;n_removed_na;matched_species;removed_tree_tips;removed_data_rows;status;note;message;estimate;p_random;p_brownian;p_mcse_random;p_mcse_brownian;MCSE_random;MCSE_Brownian;mcse_random;mcse_brownian;n_sim_requested;n_sim_successful_random;n_sim_successful_brownian;method","",,,199,199,199,,,,,,,,,
"20261002T011636Z","full","Delta_moderate_n0500_r10","fastphylosig","Delta","Borges2019 delta() [pinned source]","moderate",0.5,500,10,500,500,0,,,,,20761001,70270901,70270902,70270903,20782102,"fastphylosig",1,FALSE,,10000,10,100,0.1,0.5,2,"LSE","ARD","0.1","0.5","10000","10","100","LSE","ARD","fast","1",20000,20000,20000,TRUE,TRUE,"bdaa129780916f2aed1ac87dd9169087d169e373adeced919fccb24c0c5520b7","2dba313a1afc9a6cd3d5f6f92f67206bf2d45112c994468cde8f58e78fb8ce9f","9264678a8dbced22c77d7182bde7790543fe19402598d627c2dd087bfd3fa15f","5161000f92f4e75e9818c095ceb6728fd16fbf1a3326313ceccbca5d1533ee90","68bffdddcacc52b8e77db6d308f77c6aa41237ae0e9327516c3584226c9a49a1","0.3.0","isolated_release_library/fastphylosig","d951ecee19c06f3a144ad76c5039302078747585bb3bf829e6f12db15f54775d","isolated_release_library/fastphylosig/libs/<platform>/fastphylosig","c46a5834babd455b546bc65c6549c42ba51e6b47f3c9f222919b7118a5af3280","1bd40080f1ea537b3c73c838dc98ff84940f1064f4e1c4dbfb2dd5063d999bdb","benchmarks/stage5/documentation_fix_release_20261001/fastphylosig_0.3.0.tar.gz","909b7ad27485dcc2d96a7bb1fc70b65b54e93245d75761aca406b9c52f06cbff","Borges2019-source-sha256:0dc1e987c13f0e972b0e7c3b4829b4d0fdc41ff0de3856bae4803f9ce0115175",0.119740009307861,1.43357247478008,"Sys.time",1,TRUE,"ok","fast_result",TRUE,,"trait;Delta_fast;alpha_mean;beta_mean;n_saved;n_saved_requested;n_saved_successful;alpha_sd;beta_sd;ESS_alpha;ESS_beta;split_Rhat_alpha;split_Rhat_beta;Rhat_alpha;Rhat_beta;alpha_beta_cov;MCSE_Delta;diagnostics_available;diagnostics_note;requested_simulations;successful_simulations;requested_iterations;successful_iterations;requested_permutations;successful_permutations;n_states;n_species;n_removed_na;matched_species;removed_tree_tips;removed_data_rows;status;note;message;estimate;p_value;p_mcse;estimate_mcse;ess_alpha;ess_beta;rhat_alpha;rhat_beta;ESS;ess;Rhat;rhat;n_sim_requested;n_sim_successful;n_iter_requested;n_iter_successful;method","",,3,,,,20000,20000,"TRUE","Diagnostics computed from saved alpha/beta MCMC traces.",430.187519594878,428.386211686876,1.00107454092966,1.00001824442386,0.00157812644028866
"20261002T011636Z","full","Delta_moderate_n0500_r10","reference","Delta","Borges2019 delta() [pinned source]","moderate",0.5,500,10,500,500,0,500,500,,500,20761001,70270901,70270902,70270903,20782103,"fastphylosig",2,FALSE,,10000,10,100,0.1,0.5,2,"LSE","ARD",,,,,,,,,,,,,,,"bdaa129780916f2aed1ac87dd9169087d169e373adeced919fccb24c0c5520b7","2dba313a1afc9a6cd3d5f6f92f67206bf2d45112c994468cde8f58e78fb8ce9f","9264678a8dbced22c77d7182bde7790543fe19402598d627c2dd087bfd3fa15f","5161000f92f4e75e9818c095ceb6728fd16fbf1a3326313ceccbca5d1533ee90","68bffdddcacc52b8e77db6d308f77c6aa41237ae0e9327516c3584226c9a49a1","0.3.0","isolated_release_library/fastphylosig","d951ecee19c06f3a144ad76c5039302078747585bb3bf829e6f12db15f54775d","isolated_release_library/fastphylosig/libs/<platform>/fastphylosig","c46a5834babd455b546bc65c6549c42ba51e6b47f3c9f222919b7118a5af3280","1bd40080f1ea537b3c73c838dc98ff84940f1064f4e1c4dbfb2dd5063d999bdb","benchmarks/stage5/documentation_fix_release_20261001/fastphylosig_0.3.0.tar.gz","909b7ad27485dcc2d96a7bb1fc70b65b54e93245d75761aca406b9c52f06cbff","Borges2019-source-sha256:0dc1e987c13f0e972b0e7c3b4829b4d0fdc41ff0de3856bae4803f9ce0115175",3.90780115127563,1.43489886222935,"Sys.time",1,TRUE,"not_reported_by_reference","finite_reference_estimate_and_input_audit",TRUE,,"<numeric>","NaNs produced || Inf replaced by maximum positive value",,3,,,,,,,,,,,,
"20261002T011636Z","full","D_strong_n0500_r10","fastphylosig","D","caper::phylo.d","strong",0.95,500,10,500,500,0,,,,,20761001,70270901,70270902,70270903,20792002,"fastphylosig",1,TRUE,199,,,,,,,,,,,,,,,,,,,,,,,"bdaa129780916f2aed1ac87dd9169087d169e373adeced919fccb24c0c5520b7","2dba313a1afc9a6cd3d5f6f92f67206bf2d45112c994468cde8f58e78fb8ce9f","9264678a8dbced22c77d7182bde7790543fe19402598d627c2dd087bfd3fa15f","b925e139ce0287572562fbca61f0b7f2dfe9088491eed7175c786f33cef739a1","f6b0c82e2c6673d6936d0c36c36171921dc0a397aef9209b0bb1aade5faa61a8","0.3.0","isolated_release_library/fastphylosig","d951ecee19c06f3a144ad76c5039302078747585bb3bf829e6f12db15f54775d","isolated_release_library/fastphylosig/libs/<platform>/fastphylosig","c46a5834babd455b546bc65c6549c42ba51e6b47f3c9f222919b7118a5af3280","1bd40080f1ea537b3c73c838dc98ff84940f1064f4e1c4dbfb2dd5063d999bdb","benchmarks/stage5/documentation_fix_release_20261001/fastphylosig_0.3.0.tar.gz","909b7ad27485dcc2d96a7bb1fc70b65b54e93245d75761aca406b9c52f06cbff","1.0.4",0.0337560176849365,0.0432958725139497,"Sys.time",1,TRUE,"ok","fast_result",TRUE,,"trait;D_fast;Pval1_fast;Pval0_fast;P_random;P_Brownian;MCSE_P_random;MCSE_P_Brownian;nsim_requested;nsim_successful_random;nsim_successful_brownian;nsim_failed_random;nsim_failed_brownian;observed;mean_random;mean_brownian;n_species;n_removed_na;matched_species;removed_tree_tips;removed_data_rows;status;note;message;estimate;p_random;p_brownian;p_mcse_random;p_mcse_brownian;MCSE_random;MCSE_Brownian;mcse_random;mcse_brownian;n_sim_requested;n_sim_successful_random;n_sim_successful_brownian;method","",,,199,199,199,,,,,,,,,
"20261002T011636Z","full","D_strong_n0500_r10","reference","D","caper::phylo.d","strong",0.95,500,10,500,500,0,500,500,500,500,20761001,70270901,70270902,70270903,20792003,"fastphylosig",2,TRUE,199,,,,,,,,,,,,,,,,,,,,,,,"bdaa129780916f2aed1ac87dd9169087d169e373adeced919fccb24c0c5520b7","2dba313a1afc9a6cd3d5f6f92f67206bf2d45112c994468cde8f58e78fb8ce9f","9264678a8dbced22c77d7182bde7790543fe19402598d627c2dd087bfd3fa15f","b925e139ce0287572562fbca61f0b7f2dfe9088491eed7175c786f33cef739a1","f6b0c82e2c6673d6936d0c36c36171921dc0a397aef9209b0bb1aade5faa61a8","0.3.0","isolated_release_library/fastphylosig","d951ecee19c06f3a144ad76c5039302078747585bb3bf829e6f12db15f54775d","isolated_release_library/fastphylosig/libs/<platform>/fastphylosig","c46a5834babd455b546bc65c6549c42ba51e6b47f3c9f222919b7118a5af3280","1bd40080f1ea537b3c73c838dc98ff84940f1064f4e1c4dbfb2dd5063d999bdb","benchmarks/stage5/documentation_fix_release_20261001/fastphylosig_0.3.0.tar.gz","909b7ad27485dcc2d96a7bb1fc70b65b54e93245d75761aca406b9c52f06cbff","1.0.4",0.707801103591919,0.0559902626713189,"Sys.time",1,TRUE,"not_reported_by_reference","finite_reference_estimate_and_input_audit",TRUE,,"DEstimate;Pval1;Pval0;Parameters;StatesTable;Permutations;NodalVals;binvar;data;nPermut;rnd.bias","",,2,,,,,,,,,,,,
"20261002T011636Z","full","Delta_strong_n0500_r10","reference","Delta","Borges2019 delta() [pinned source]","strong",0.95,500,10,500,500,0,500,500,,500,20761001,70270901,70270902,70270903,20792103,"reference",1,FALSE,,10000,10,100,0.1,0.5,2,"LSE","ARD",,,,,,,,,,,,,,,"bdaa129780916f2aed1ac87dd9169087d169e373adeced919fccb24c0c5520b7","2dba313a1afc9a6cd3d5f6f92f67206bf2d45112c994468cde8f58e78fb8ce9f","9264678a8dbced22c77d7182bde7790543fe19402598d627c2dd087bfd3fa15f","721e352485ea63b1ffb06f8894d3f49ae3ceb2558326e25f7c166aaa34c1c3a7","42bd2c73934cd043866ef47464523bb4b41afc819ac0eefaf9e48eb181ebacbf","0.3.0","isolated_release_library/fastphylosig","d951ecee19c06f3a144ad76c5039302078747585bb3bf829e6f12db15f54775d","isolated_release_library/fastphylosig/libs/<platform>/fastphylosig","c46a5834babd455b546bc65c6549c42ba51e6b47f3c9f222919b7118a5af3280","1bd40080f1ea537b3c73c838dc98ff84940f1064f4e1c4dbfb2dd5063d999bdb","benchmarks/stage5/documentation_fix_release_20261001/fastphylosig_0.3.0.tar.gz","909b7ad27485dcc2d96a7bb1fc70b65b54e93245d75761aca406b9c52f06cbff","Borges2019-source-sha256:0dc1e987c13f0e972b0e7c3b4829b4d0fdc41ff0de3856bae4803f9ce0115175",3.76631212234497,6.60094560185312,"Sys.time",1,TRUE,"not_reported_by_reference","finite_reference_estimate_and_input_audit",TRUE,,"<numeric>","NaNs produced || Inf replaced by maximum positive value",,3,,,,,,,,,,,,
"20261002T011636Z","full","Delta_strong_n0500_r10","fastphylosig","Delta","Borges2019 delta() [pinned source]","strong",0.95,500,10,500,500,0,,,,,20761001,70270901,70270902,70270903,20792102,"reference",2,FALSE,,10000,10,100,0.1,0.5,2,"LSE","ARD","0.1","0.5","10000","10","100","LSE","ARD","fast","1",20000,20000,20000,TRUE,TRUE,"bdaa129780916f2aed1ac87dd9169087d169e373adeced919fccb24c0c5520b7","2dba313a1afc9a6cd3d5f6f92f67206bf2d45112c994468cde8f58e78fb8ce9f","9264678a8dbced22c77d7182bde7790543fe19402598d627c2dd087bfd3fa15f","721e352485ea63b1ffb06f8894d3f49ae3ceb2558326e25f7c166aaa34c1c3a7","42bd2c73934cd043866ef47464523bb4b41afc819ac0eefaf9e48eb181ebacbf","0.3.0","isolated_release_library/fastphylosig","d951ecee19c06f3a144ad76c5039302078747585bb3bf829e6f12db15f54775d","isolated_release_library/fastphylosig/libs/<platform>/fastphylosig","c46a5834babd455b546bc65c6549c42ba51e6b47f3c9f222919b7118a5af3280","1bd40080f1ea537b3c73c838dc98ff84940f1064f4e1c4dbfb2dd5063d999bdb","benchmarks/stage5/documentation_fix_release_20261001/fastphylosig_0.3.0.tar.gz","909b7ad27485dcc2d96a7bb1fc70b65b54e93245d75761aca406b9c52f06cbff","Borges2019-source-sha256:0dc1e987c13f0e972b0e7c3b4829b4d0fdc41ff0de3856bae4803f9ce0115175",0.0945310592651367,6.58926844899137,"Sys.time",1,TRUE,"ok","fast_result",TRUE,,"trait;Delta_fast;alpha_mean;beta_mean;n_saved;n_saved_requested;n_saved_successful;alpha_sd;beta_sd;ESS_alpha;ESS_beta;split_Rhat_alpha;split_Rhat_beta;Rhat_alpha;Rhat_beta;alpha_beta_cov;MCSE_Delta;diagnostics_available;diagnostics_note;requested_simulations;successful_simulations;requested_iterations;successful_iterations;requested_permutations;successful_permutations;n_states;n_species;n_removed_na;matched_species;removed_tree_tips;removed_data_rows;status;note;message;estimate;p_value;p_mcse;estimate_mcse;ess_alpha;ess_beta;rhat_alpha;rhat_beta;ESS;ess;Rhat;rhat;n_sim_requested;n_sim_successful;n_iter_requested;n_iter_successful;method","",,3,,,,20000,20000,"TRUE","Diagnostics computed from saved alpha/beta MCMC traces.",801.876728685783,913.823142042904,0.999783472694038,0.999813578518803,0.01077181679096
"20261002T011636Z","full","D_none_n2000_r01","reference","D","caper::phylo.d","none",0,2000,1,2000,2000,0,2000,2000,2000,2000,22260911,220261901,220261902,220261903,22271103,"reference",1,TRUE,199,,,,,,,,,,,,,,,,,,,,,,,"ed741a72c9c1985a040fff46cda7dccd2567727377e0ef7e84a49b5097834938","2e325d745359b846197a956a4311638cf13f05f8926edea66c67d61a90c381db","06946d79074aefa7d6fc3cb1933cb862d610d04ac08d69ec5fc208a4dcb1f86e","a10ce54462fb2185e46e9afc7fdb900a0a34006121c480a668cdfe8e9c1ca5e6","e6fc6ce644968d4907ff58019046711ad944222af948ff133aaf077af8854e8f","0.3.0","isolated_release_library/fastphylosig","d951ecee19c06f3a144ad76c5039302078747585bb3bf829e6f12db15f54775d","isolated_release_library/fastphylosig/libs/<platform>/fastphylosig","c46a5834babd455b546bc65c6549c42ba51e6b47f3c9f222919b7118a5af3280","1bd40080f1ea537b3c73c838dc98ff84940f1064f4e1c4dbfb2dd5063d999bdb","benchmarks/stage5/documentation_fix_release_20261001/fastphylosig_0.3.0.tar.gz","909b7ad27485dcc2d96a7bb1fc70b65b54e93245d75761aca406b9c52f06cbff","1.0.4",29.2322549819946,0.996278371057292,"Sys.time",1,TRUE,"not_reported_by_reference","finite_reference_estimate_and_input_audit",TRUE,,"DEstimate;Pval1;Pval0;Parameters;StatesTable;Permutations;NodalVals;binvar;data;nPermut;rnd.bias","",,2,,,,,,,,,,,,
"20261002T011636Z","full","D_none_n2000_r01","fastphylosig","D","caper::phylo.d","none",0,2000,1,2000,2000,0,,,,,22260911,220261901,220261902,220261903,22271102,"reference",2,TRUE,199,,,,,,,,,,,,,,,,,,,,,,,"ed741a72c9c1985a040fff46cda7dccd2567727377e0ef7e84a49b5097834938","2e325d745359b846197a956a4311638cf13f05f8926edea66c67d61a90c381db","06946d79074aefa7d6fc3cb1933cb862d610d04ac08d69ec5fc208a4dcb1f86e","a10ce54462fb2185e46e9afc7fdb900a0a34006121c480a668cdfe8e9c1ca5e6","e6fc6ce644968d4907ff58019046711ad944222af948ff133aaf077af8854e8f","0.3.0","isolated_release_library/fastphylosig","d951ecee19c06f3a144ad76c5039302078747585bb3bf829e6f12db15f54775d","isolated_release_library/fastphylosig/libs/<platform>/fastphylosig","c46a5834babd455b546bc65c6549c42ba51e6b47f3c9f222919b7118a5af3280","1bd40080f1ea537b3c73c838dc98ff84940f1064f4e1c4dbfb2dd5063d999bdb","benchmarks/stage5/documentation_fix_release_20261001/fastphylosig_0.3.0.tar.gz","909b7ad27485dcc2d96a7bb1fc70b65b54e93245d75761aca406b9c52f06cbff","1.0.4",0.136619091033936,0.9924831426306,"Sys.time",1,TRUE,"ok","fast_result",TRUE,,"trait;D_fast;Pval1_fast;Pval0_fast;P_random;P_Brownian;MCSE_P_random;MCSE_P_Brownian;nsim_requested;nsim_successful_random;nsim_successful_brownian;nsim_failed_random;nsim_failed_brownian;observed;mean_random;mean_brownian;n_species;n_removed_na;matched_species;removed_tree_tips;removed_data_rows;status;note;message;estimate;p_random;p_brownian;p_mcse_random;p_mcse_brownian;MCSE_random;MCSE_Brownian;mcse_random;mcse_brownian;n_sim_requested;n_sim_successful_random;n_sim_successful_brownian;method","",,,199,199,199,,,,,,,,,
"20261002T011636Z","full","Delta_none_n2000_r01","fastphylosig","Delta","Borges2019 delta() [pinned source]","none",0,2000,1,2000,2000,0,,,,,22260911,220261901,220261902,220261903,22271202,"fastphylosig",1,FALSE,,10000,10,100,0.1,0.5,2,"LSE","ARD","0.1","0.5","10000","10","100","LSE","ARD","fast","1",20000,20000,20000,TRUE,TRUE,"ed741a72c9c1985a040fff46cda7dccd2567727377e0ef7e84a49b5097834938","2e325d745359b846197a956a4311638cf13f05f8926edea66c67d61a90c381db","06946d79074aefa7d6fc3cb1933cb862d610d04ac08d69ec5fc208a4dcb1f86e","8a99fd5af573346aa0598a2975584a1743068b958d07e0a5e5d52fa16636409d","74851bbed31f3d77d1e0ec176b2e54214016592886d38b6bfc2cdd176f40d3fd","0.3.0","isolated_release_library/fastphylosig","d951ecee19c06f3a144ad76c5039302078747585bb3bf829e6f12db15f54775d","isolated_release_library/fastphylosig/libs/<platform>/fastphylosig","c46a5834babd455b546bc65c6549c42ba51e6b47f3c9f222919b7118a5af3280","1bd40080f1ea537b3c73c838dc98ff84940f1064f4e1c4dbfb2dd5063d999bdb","benchmarks/stage5/documentation_fix_release_20261001/fastphylosig_0.3.0.tar.gz","909b7ad27485dcc2d96a7bb1fc70b65b54e93245d75761aca406b9c52f06cbff","Borges2019-source-sha256:0dc1e987c13f0e972b0e7c3b4829b4d0fdc41ff0de3856bae4803f9ce0115175",0.706727981567383,0.106421656428676,"Sys.time",1,TRUE,"ok","fast_result",TRUE,,"trait;Delta_fast;alpha_mean;beta_mean;n_saved;n_saved_requested;n_saved_successful;alpha_sd;beta_sd;ESS_alpha;ESS_beta;split_Rhat_alpha;split_Rhat_beta;Rhat_alpha;Rhat_beta;alpha_beta_cov;MCSE_Delta;diagnostics_available;diagnostics_note;requested_simulations;successful_simulations;requested_iterations;successful_iterations;requested_permutations;successful_permutations;n_states;n_species;n_removed_na;matched_species;removed_tree_tips;removed_data_rows;status;note;message;estimate;p_value;p_mcse;estimate_mcse;ess_alpha;ess_beta;rhat_alpha;rhat_beta;ESS;ess;Rhat;rhat;n_sim_requested;n_sim_successful;n_iter_requested;n_iter_successful;method","",,3,,,,20000,20000,"TRUE","Diagnostics computed from saved alpha/beta MCMC traces.",718.8684028338,540.004582649405,0.999800957537652,1.00291826879922,0.0001258888427769
"20261002T011636Z","full","Delta_none_n2000_r01","reference","Delta","Borges2019 delta() [pinned source]","none",0,2000,1,2000,2000,0,2000,2000,,2000,22260911,220261901,220261902,220261903,22271203,"fastphylosig",2,FALSE,,10000,10,100,0.1,0.5,2,"LSE","ARD",,,,,,,,,,,,,,,"ed741a72c9c1985a040fff46cda7dccd2567727377e0ef7e84a49b5097834938","2e325d745359b846197a956a4311638cf13f05f8926edea66c67d61a90c381db","06946d79074aefa7d6fc3cb1933cb862d610d04ac08d69ec5fc208a4dcb1f86e","8a99fd5af573346aa0598a2975584a1743068b958d07e0a5e5d52fa16636409d","74851bbed31f3d77d1e0ec176b2e54214016592886d38b6bfc2cdd176f40d3fd","0.3.0","isolated_release_library/fastphylosig","d951ecee19c06f3a144ad76c5039302078747585bb3bf829e6f12db15f54775d","isolated_release_library/fastphylosig/libs/<platform>/fastphylosig","c46a5834babd455b546bc65c6549c42ba51e6b47f3c9f222919b7118a5af3280","1bd40080f1ea537b3c73c838dc98ff84940f1064f4e1c4dbfb2dd5063d999bdb","benchmarks/stage5/documentation_fix_release_20261001/fastphylosig_0.3.0.tar.gz","909b7ad27485dcc2d96a7bb1fc70b65b54e93245d75761aca406b9c52f06cbff","Borges2019-source-sha256:0dc1e987c13f0e972b0e7c3b4829b4d0fdc41ff0de3856bae4803f9ce0115175",18.1179111003876,0.106495430077584,"Sys.time",1,TRUE,"not_reported_by_reference","finite_reference_estimate_and_input_audit",TRUE,,"<numeric>","imaginary parts discarded in coercion || NaNs produced",,3,,,,,,,,,,,,
"20261002T011636Z","full","D_moderate_n2000_r01","fastphylosig","D","caper::phylo.d","moderate",0.5,2000,1,2000,2000,0,,,,,22260911,220261901,220261902,220261903,22281102,"fastphylosig",1,TRUE,199,,,,,,,,,,,,,,,,,,,,,,,"ed741a72c9c1985a040fff46cda7dccd2567727377e0ef7e84a49b5097834938","2e325d745359b846197a956a4311638cf13f05f8926edea66c67d61a90c381db","06946d79074aefa7d6fc3cb1933cb862d610d04ac08d69ec5fc208a4dcb1f86e","327bd92dfa34e7f8f7a1e3a06422dd65d1ad48a3b01899e5de1fb9177baae15a","51968859a93d3dc9cbc5193ef0fc5a7f4e9de6e87362672056ac575124b2b3ab","0.3.0","isolated_release_library/fastphylosig","d951ecee19c06f3a144ad76c5039302078747585bb3bf829e6f12db15f54775d","isolated_release_library/fastphylosig/libs/<platform>/fastphylosig","c46a5834babd455b546bc65c6549c42ba51e6b47f3c9f222919b7118a5af3280","1bd40080f1ea537b3c73c838dc98ff84940f1064f4e1c4dbfb2dd5063d999bdb","benchmarks/stage5/documentation_fix_release_20261001/fastphylosig_0.3.0.tar.gz","909b7ad27485dcc2d96a7bb1fc70b65b54e93245d75761aca406b9c52f06cbff","1.0.4",0.115170001983643,0.561445301026781,"Sys.time",1,TRUE,"ok","fast_result",TRUE,,"trait;D_fast;Pval1_fast;Pval0_fast;P_random;P_Brownian;MCSE_P_random;MCSE_P_Brownian;nsim_requested;nsim_successful_random;nsim_successful_brownian;nsim_failed_random;nsim_failed_brownian;observed;mean_random;mean_brownian;n_species;n_removed_na;matched_species;removed_tree_tips;removed_data_rows;status;note;message;estimate;p_random;p_brownian;p_mcse_random;p_mcse_brownian;MCSE_random;MCSE_Brownian;mcse_random;mcse_brownian;n_sim_requested;n_sim_successful_random;n_sim_successful_brownian;method","",,,199,199,199,,,,,,,,,
"20261002T011636Z","full","D_moderate_n2000_r01","reference","D","caper::phylo.d","moderate",0.5,2000,1,2000,2000,0,2000,2000,2000,2000,22260911,220261901,220261902,220261903,22281103,"fastphylosig",2,TRUE,199,,,,,,,,,,,,,,,,,,,,,,,"ed741a72c9c1985a040fff46cda7dccd2567727377e0ef7e84a49b5097834938","2e325d745359b846197a956a4311638cf13f05f8926edea66c67d61a90c381db","06946d79074aefa7d6fc3cb1933cb862d610d04ac08d69ec5fc208a4dcb1f86e","327bd92dfa34e7f8f7a1e3a06422dd65d1ad48a3b01899e5de1fb9177baae15a","51968859a93d3dc9cbc5193ef0fc5a7f4e9de6e87362672056ac575124b2b3ab","0.3.0","isolated_release_library/fastphylosig","d951ecee19c06f3a144ad76c5039302078747585bb3bf829e6f12db15f54775d","isolated_release_library/fastphylosig/libs/<platform>/fastphylosig","c46a5834babd455b546bc65c6549c42ba51e6b47f3c9f222919b7118a5af3280","1bd40080f1ea537b3c73c838dc98ff84940f1064f4e1c4dbfb2dd5063d999bdb","benchmarks/stage5/documentation_fix_release_20261001/fastphylosig_0.3.0.tar.gz","909b7ad27485dcc2d96a7bb1fc70b65b54e93245d75761aca406b9c52f06cbff","1.0.4",26.2849869728088,0.569855468987556,"Sys.time",1,TRUE,"not_reported_by_reference","finite_reference_estimate_and_input_audit",TRUE,,"DEstimate;Pval1;Pval0;Parameters;StatesTable;Permutations;NodalVals;binvar;data;nPermut;rnd.bias","",,2,,,,,,,,,,,,
"20261002T011636Z","full","Delta_moderate_n2000_r01","reference","Delta","Borges2019 delta() [pinned source]","moderate",0.5,2000,1,2000,2000,0,2000,2000,,2000,22260911,220261901,220261902,220261903,22281203,"reference",1,FALSE,,10000,10,100,0.1,0.5,2,"LSE","ARD",,,,,,,,,,,,,,,"ed741a72c9c1985a040fff46cda7dccd2567727377e0ef7e84a49b5097834938","2e325d745359b846197a956a4311638cf13f05f8926edea66c67d61a90c381db","06946d79074aefa7d6fc3cb1933cb862d610d04ac08d69ec5fc208a4dcb1f86e","4fe755aa2d7b393d02a3f1a3b27a4618b87402d19f3de8f80c01e7e266e1bcea","9d973eb85a2edaea992298c4a608b1c8d84129f447e8248f01aeb34691fde19b","0.3.0","isolated_release_library/fastphylosig","d951ecee19c06f3a144ad76c5039302078747585bb3bf829e6f12db15f54775d","isolated_release_library/fastphylosig/libs/<platform>/fastphylosig","c46a5834babd455b546bc65c6549c42ba51e6b47f3c9f222919b7118a5af3280","1bd40080f1ea537b3c73c838dc98ff84940f1064f4e1c4dbfb2dd5063d999bdb","benchmarks/stage5/documentation_fix_release_20261001/fastphylosig_0.3.0.tar.gz","909b7ad27485dcc2d96a7bb1fc70b65b54e93245d75761aca406b9c52f06cbff","Borges2019-source-sha256:0dc1e987c13f0e972b0e7c3b4829b4d0fdc41ff0de3856bae4803f9ce0115175",16.8595051765442,2.49116441205683,"Sys.time",1,TRUE,"not_reported_by_reference","finite_reference_estimate_and_input_audit",TRUE,,"<numeric>","",,3,,,,,,,,,,,,
"20261002T011636Z","full","Delta_moderate_n2000_r01","fastphylosig","Delta","Borges2019 delta() [pinned source]","moderate",0.5,2000,1,2000,2000,0,,,,,22260911,220261901,220261902,220261903,22281202,"reference",2,FALSE,,10000,10,100,0.1,0.5,2,"LSE","ARD","0.1","0.5","10000","10","100","LSE","ARD","fast","1",20000,20000,20000,TRUE,TRUE,"ed741a72c9c1985a040fff46cda7dccd2567727377e0ef7e84a49b5097834938","2e325d745359b846197a956a4311638cf13f05f8926edea66c67d61a90c381db","06946d79074aefa7d6fc3cb1933cb862d610d04ac08d69ec5fc208a4dcb1f86e","4fe755aa2d7b393d02a3f1a3b27a4618b87402d19f3de8f80c01e7e266e1bcea","9d973eb85a2edaea992298c4a608b1c8d84129f447e8248f01aeb34691fde19b","0.3.0","isolated_release_library/fastphylosig","d951ecee19c06f3a144ad76c5039302078747585bb3bf829e6f12db15f54775d","isolated_release_library/fastphylosig/libs/<platform>/fastphylosig","c46a5834babd455b546bc65c6549c42ba51e6b47f3c9f222919b7118a5af3280","1bd40080f1ea537b3c73c838dc98ff84940f1064f4e1c4dbfb2dd5063d999bdb","benchmarks/stage5/documentation_fix_release_20261001/fastphylosig_0.3.0.tar.gz","909b7ad27485dcc2d96a7bb1fc70b65b54e93245d75761aca406b9c52f06cbff","Borges2019-source-sha256:0dc1e987c13f0e972b0e7c3b4829b4d0fdc41ff0de3856bae4803f9ce0115175",0.80225396156311,2.49111530464761,"Sys.time",1,TRUE,"ok","fast_result",TRUE,,"trait;Delta_fast;alpha_mean;beta_mean;n_saved;n_saved_requested;n_saved_successful;alpha_sd;beta_sd;ESS_alpha;ESS_beta;split_Rhat_alpha;split_Rhat_beta;Rhat_alpha;Rhat_beta;alpha_beta_cov;MCSE_Delta;diagnostics_available;diagnostics_note;requested_simulations;successful_simulations;requested_iterations;successful_iterations;requested_permutations;successful_permutations;n_states;n_species;n_removed_na;matched_species;removed_tree_tips;removed_data_rows;status;note;message;estimate;p_value;p_mcse;estimate_mcse;ess_alpha;ess_beta;rhat_alpha;rhat_beta;ESS;ess;Rhat;rhat;n_sim_requested;n_sim_successful;n_iter_requested;n_iter_successful;method","",,3,,,,20000,20000,"TRUE","Diagnostics computed from saved alpha/beta MCMC traces.",263.963852554655,312.690931342885,1.00227493742687,1.00331747249626,0.00195006726835268
"20261002T011636Z","full","D_strong_n2000_r01","reference","D","caper::phylo.d","strong",0.95,2000,1,2000,2000,0,2000,2000,2000,2000,22260911,220261901,220261902,220261903,22291103,"reference",1,TRUE,199,,,,,,,,,,,,,,,,,,,,,,,"ed741a72c9c1985a040fff46cda7dccd2567727377e0ef7e84a49b5097834938","2e325d745359b846197a956a4311638cf13f05f8926edea66c67d61a90c381db","06946d79074aefa7d6fc3cb1933cb862d610d04ac08d69ec5fc208a4dcb1f86e","79fe0edf4929733854922ace2fc9527314c74711e1332ac69e2d2e5b1b5f083b","85074d17d4dd0124040aae7fd6315132a66dcfaef83825c757937108357c8180","0.3.0","isolated_release_library/fastphylosig","d951ecee19c06f3a144ad76c5039302078747585bb3bf829e6f12db15f54775d","isolated_release_library/fastphylosig/libs/<platform>/fastphylosig","c46a5834babd455b546bc65c6549c42ba51e6b47f3c9f222919b7118a5af3280","1bd40080f1ea537b3c73c838dc98ff84940f1064f4e1c4dbfb2dd5063d999bdb","benchmarks/stage5/documentation_fix_release_20261001/fastphylosig_0.3.0.tar.gz","909b7ad27485dcc2d96a7bb1fc70b65b54e93245d75761aca406b9c52f06cbff","1.0.4",26.312273979187,0.00750914082333904,"Sys.time",1,TRUE,"not_reported_by_reference","finite_reference_estimate_and_input_audit",TRUE,,"DEstimate;Pval1;Pval0;Parameters;StatesTable;Permutations;NodalVals;binvar;data;nPermut;rnd.bias","",,2,,,,,,,,,,,,
"20261002T011636Z","full","D_strong_n2000_r01","fastphylosig","D","caper::phylo.d","strong",0.95,2000,1,2000,2000,0,,,,,22260911,220261901,220261902,220261903,22291102,"reference",2,TRUE,199,,,,,,,,,,,,,,,,,,,,,,,"ed741a72c9c1985a040fff46cda7dccd2567727377e0ef7e84a49b5097834938","2e325d745359b846197a956a4311638cf13f05f8926edea66c67d61a90c381db","06946d79074aefa7d6fc3cb1933cb862d610d04ac08d69ec5fc208a4dcb1f86e","79fe0edf4929733854922ace2fc9527314c74711e1332ac69e2d2e5b1b5f083b","85074d17d4dd0124040aae7fd6315132a66dcfaef83825c757937108357c8180","0.3.0","isolated_release_library/fastphylosig","d951ecee19c06f3a144ad76c5039302078747585bb3bf829e6f12db15f54775d","isolated_release_library/fastphylosig/libs/<platform>/fastphylosig","c46a5834babd455b546bc65c6549c42ba51e6b47f3c9f222919b7118a5af3280","1bd40080f1ea537b3c73c838dc98ff84940f1064f4e1c4dbfb2dd5063d999bdb","benchmarks/stage5/documentation_fix_release_20261001/fastphylosig_0.3.0.tar.gz","909b7ad27485dcc2d96a7bb1fc70b65b54e93245d75761aca406b9c52f06cbff","1.0.4",0.123944997787476,0.00401573726908408,"Sys.time",1,TRUE,"ok","fast_result",TRUE,,"trait;D_fast;Pval1_fast;Pval0_fast;P_random;P_Brownian;MCSE_P_random;MCSE_P_Brownian;nsim_requested;nsim_successful_random;nsim_successful_brownian;nsim_failed_random;nsim_failed_brownian;observed;mean_random;mean_brownian;n_species;n_removed_na;matched_species;removed_tree_tips;removed_data_rows;status;note;message;estimate;p_random;p_brownian;p_mcse_random;p_mcse_brownian;MCSE_random;MCSE_Brownian;mcse_random;mcse_brownian;n_sim_requested;n_sim_successful_random;n_sim_successful_brownian;method","",,,199,199,199,,,,,,,,,
"20261002T011636Z","full","Delta_strong_n2000_r01","fastphylosig","Delta","Borges2019 delta() [pinned source]","strong",0.95,2000,1,2000,2000,0,,,,,22260911,220261901,220261902,220261903,22291202,"fastphylosig",1,FALSE,,10000,10,100,0.1,0.5,2,"LSE","ARD","0.1","0.5","10000","10","100","LSE","ARD","fast","1",20000,20000,20000,TRUE,TRUE,"ed741a72c9c1985a040fff46cda7dccd2567727377e0ef7e84a49b5097834938","2e325d745359b846197a956a4311638cf13f05f8926edea66c67d61a90c381db","06946d79074aefa7d6fc3cb1933cb862d610d04ac08d69ec5fc208a4dcb1f86e","4d6ac67d8713521c0bb0822c5a8b7c3a4735654929403495d4bcf6193e8f6b9f","985c25719676dd62da4e6ec281a224538be5574a61b232aef871d9a2018c170c","0.3.0","isolated_release_library/fastphylosig","d951ecee19c06f3a144ad76c5039302078747585bb3bf829e6f12db15f54775d","isolated_release_library/fastphylosig/libs/<platform>/fastphylosig","c46a5834babd455b546bc65c6549c42ba51e6b47f3c9f222919b7118a5af3280","1bd40080f1ea537b3c73c838dc98ff84940f1064f4e1c4dbfb2dd5063d999bdb","benchmarks/stage5/documentation_fix_release_20261001/fastphylosig_0.3.0.tar.gz","909b7ad27485dcc2d96a7bb1fc70b65b54e93245d75761aca406b9c52f06cbff","Borges2019-source-sha256:0dc1e987c13f0e972b0e7c3b4829b4d0fdc41ff0de3856bae4803f9ce0115175",0.30872917175293,11.2000034779875,"Sys.time",1,TRUE,"ok","fast_result",TRUE,,"trait;Delta_fast;alpha_mean;beta_mean;n_saved;n_saved_requested;n_saved_successful;alpha_sd;beta_sd;ESS_alpha;ESS_beta;split_Rhat_alpha;split_Rhat_beta;Rhat_alpha;Rhat_beta;alpha_beta_cov;MCSE_Delta;diagnostics_available;diagnostics_note;requested_simulations;successful_simulations;requested_iterations;successful_iterations;requested_permutations;successful_permutations;n_states;n_species;n_removed_na;matched_species;removed_tree_tips;removed_data_rows;status;note;message;estimate;p_value;p_mcse;estimate_mcse;ess_alpha;ess_beta;rhat_alpha;rhat_beta;ESS;ess;Rhat;rhat;n_sim_requested;n_sim_successful;n_iter_requested;n_iter_successful;method","",,3,,,,20000,20000,"TRUE","Diagnostics computed from saved alpha/beta MCMC traces.",456.926970333692,686.674106672655,1.00378379771054,1.00172823735745,0.0131096506306647
"20261002T011636Z","full","Delta_strong_n2000_r01","reference","Delta","Borges2019 delta() [pinned source]","strong",0.95,2000,1,2000,2000,0,2000,2000,,2000,22260911,220261901,220261902,220261903,22291203,"fastphylosig",2,FALSE,,10000,10,100,0.1,0.5,2,"LSE","ARD",,,,,,,,,,,,,,,"ed741a72c9c1985a040fff46cda7dccd2567727377e0ef7e84a49b5097834938","2e325d745359b846197a956a4311638cf13f05f8926edea66c67d61a90c381db","06946d79074aefa7d6fc3cb1933cb862d610d04ac08d69ec5fc208a4dcb1f86e","4d6ac67d8713521c0bb0822c5a8b7c3a4735654929403495d4bcf6193e8f6b9f","985c25719676dd62da4e6ec281a224538be5574a61b232aef871d9a2018c170c","0.3.0","isolated_release_library/fastphylosig","d951ecee19c06f3a144ad76c5039302078747585bb3bf829e6f12db15f54775d","isolated_release_library/fastphylosig/libs/<platform>/fastphylosig","c46a5834babd455b546bc65c6549c42ba51e6b47f3c9f222919b7118a5af3280","1bd40080f1ea537b3c73c838dc98ff84940f1064f4e1c4dbfb2dd5063d999bdb","benchmarks/stage5/documentation_fix_release_20261001/fastphylosig_0.3.0.tar.gz","909b7ad27485dcc2d96a7bb1fc70b65b54e93245d75761aca406b9c52f06cbff","Borges2019-source-sha256:0dc1e987c13f0e972b0e7c3b4829b4d0fdc41ff0de3856bae4803f9ce0115175",10.7580749988556,11.1918958149688,"Sys.time",1,TRUE,"not_reported_by_reference","finite_reference_estimate_and_input_audit",TRUE,,"<numeric>","NaNs produced || Inf replaced by maximum positive value",,3,,,,,,,,,,,,
"20261002T011636Z","full","D_none_n2000_r02","fastphylosig","D","caper::phylo.d","none",0,2000,2,2000,2000,0,,,,,22260921,220262901,220262902,220262903,22271202,"fastphylosig",1,TRUE,199,,,,,,,,,,,,,,,,,,,,,,,"41cf4a6fd6d23bfe07b382673008ca88c28cd044e03887808c533c3149867c87","2428b26a5052e0e9085f1a792171ebb839dccf29df8b38850def377dee476ced","353f641a05e0ab98f66ec47c0dc7274b79c3b94144ce73c62ac04752456dcb2c","412989f5428775582006a146cde2c5605ab0f0a8efe92972fd4fd031fbc45a05","9bfed2b57333df0d2aa37a293fd1baa0ef238095d54c498596ebfc43c8dbfe3e","0.3.0","isolated_release_library/fastphylosig","d951ecee19c06f3a144ad76c5039302078747585bb3bf829e6f12db15f54775d","isolated_release_library/fastphylosig/libs/<platform>/fastphylosig","c46a5834babd455b546bc65c6549c42ba51e6b47f3c9f222919b7118a5af3280","1bd40080f1ea537b3c73c838dc98ff84940f1064f4e1c4dbfb2dd5063d999bdb","benchmarks/stage5/documentation_fix_release_20261001/fastphylosig_0.3.0.tar.gz","909b7ad27485dcc2d96a7bb1fc70b65b54e93245d75761aca406b9c52f06cbff","1.0.4",0.11516284942627,1.02322309815551,"Sys.time",1,TRUE,"ok","fast_result",TRUE,,"trait;D_fast;Pval1_fast;Pval0_fast;P_random;P_Brownian;MCSE_P_random;MCSE_P_Brownian;nsim_requested;nsim_successful_random;nsim_successful_brownian;nsim_failed_random;nsim_failed_brownian;observed;mean_random;mean_brownian;n_species;n_removed_na;matched_species;removed_tree_tips;removed_data_rows;status;note;message;estimate;p_random;p_brownian;p_mcse_random;p_mcse_brownian;MCSE_random;MCSE_Brownian;mcse_random;mcse_brownian;n_sim_requested;n_sim_successful_random;n_sim_successful_brownian;method","",,,199,199,199,,,,,,,,,
"20261002T011636Z","full","D_none_n2000_r02","reference","D","caper::phylo.d","none",0,2000,2,2000,2000,0,2000,2000,2000,2000,22260921,220262901,220262902,220262903,22271203,"fastphylosig",2,TRUE,199,,,,,,,,,,,,,,,,,,,,,,,"41cf4a6fd6d23bfe07b382673008ca88c28cd044e03887808c533c3149867c87","2428b26a5052e0e9085f1a792171ebb839dccf29df8b38850def377dee476ced","353f641a05e0ab98f66ec47c0dc7274b79c3b94144ce73c62ac04752456dcb2c","412989f5428775582006a146cde2c5605ab0f0a8efe92972fd4fd031fbc45a05","9bfed2b57333df0d2aa37a293fd1baa0ef238095d54c498596ebfc43c8dbfe3e","0.3.0","isolated_release_library/fastphylosig","d951ecee19c06f3a144ad76c5039302078747585bb3bf829e6f12db15f54775d","isolated_release_library/fastphylosig/libs/<platform>/fastphylosig","c46a5834babd455b546bc65c6549c42ba51e6b47f3c9f222919b7118a5af3280","1bd40080f1ea537b3c73c838dc98ff84940f1064f4e1c4dbfb2dd5063d999bdb","benchmarks/stage5/documentation_fix_release_20261001/fastphylosig_0.3.0.tar.gz","909b7ad27485dcc2d96a7bb1fc70b65b54e93245d75761aca406b9c52f06cbff","1.0.4",26.3075211048126,1.02994342236527,"Sys.time",1,TRUE,"not_reported_by_reference","finite_reference_estimate_and_input_audit",TRUE,,"DEstimate;Pval1;Pval0;Parameters;StatesTable;Permutations;NodalVals;binvar;data;nPermut;rnd.bias","",,2,,,,,,,,,,,,
"20261002T011636Z","full","Delta_none_n2000_r02","reference","Delta","Borges2019 delta() [pinned source]","none",0,2000,2,2000,2000,0,2000,2000,,2000,22260921,220262901,220262902,220262903,22271303,"reference",1,FALSE,,10000,10,100,0.1,0.5,2,"LSE","ARD",,,,,,,,,,,,,,,"41cf4a6fd6d23bfe07b382673008ca88c28cd044e03887808c533c3149867c87","2428b26a5052e0e9085f1a792171ebb839dccf29df8b38850def377dee476ced","353f641a05e0ab98f66ec47c0dc7274b79c3b94144ce73c62ac04752456dcb2c","2ed30cf18233e97ff0bb51f60c08c82c94361923ac57beeec755ae0af9c6b71c","89bcc63624302f78b0d9004cd7b7dd5bdd75fb04ea4a312a58568fecbd4fea8e","0.3.0","isolated_release_library/fastphylosig","d951ecee19c06f3a144ad76c5039302078747585bb3bf829e6f12db15f54775d","isolated_release_library/fastphylosig/libs/<platform>/fastphylosig","c46a5834babd455b546bc65c6549c42ba51e6b47f3c9f222919b7118a5af3280","1bd40080f1ea537b3c73c838dc98ff84940f1064f4e1c4dbfb2dd5063d999bdb","benchmarks/stage5/documentation_fix_release_20261001/fastphylosig_0.3.0.tar.gz","909b7ad27485dcc2d96a7bb1fc70b65b54e93245d75761aca406b9c52f06cbff","Borges2019-source-sha256:0dc1e987c13f0e972b0e7c3b4829b4d0fdc41ff0de3856bae4803f9ce0115175",15.2401280403137,0.179999817767164,"Sys.time",1,TRUE,"not_reported_by_reference","finite_reference_estimate_and_input_audit",TRUE,,"<numeric>","imaginary parts discarded in coercion",,3,,,,,,,,,,,,
"20261002T011636Z","full","Delta_none_n2000_r02","fastphylosig","Delta","Borges2019 delta() [pinned source]","none",0,2000,2,2000,2000,0,,,,,22260921,220262901,220262902,220262903,22271302,"reference",2,FALSE,,10000,10,100,0.1,0.5,2,"LSE","ARD","0.1","0.5","10000","10","100","LSE","ARD","fast","1",20000,20000,20000,TRUE,TRUE,"41cf4a6fd6d23bfe07b382673008ca88c28cd044e03887808c533c3149867c87","2428b26a5052e0e9085f1a792171ebb839dccf29df8b38850def377dee476ced","353f641a05e0ab98f66ec47c0dc7274b79c3b94144ce73c62ac04752456dcb2c","2ed30cf18233e97ff0bb51f60c08c82c94361923ac57beeec755ae0af9c6b71c","89bcc63624302f78b0d9004cd7b7dd5bdd75fb04ea4a312a58568fecbd4fea8e","0.3.0","isolated_release_library/fastphylosig","d951ecee19c06f3a144ad76c5039302078747585bb3bf829e6f12db15f54775d","isolated_release_library/fastphylosig/libs/<platform>/fastphylosig","c46a5834babd455b546bc65c6549c42ba51e6b47f3c9f222919b7118a5af3280","1bd40080f1ea537b3c73c838dc98ff84940f1064f4e1c4dbfb2dd5063d999bdb","benchmarks/stage5/documentation_fix_release_20261001/fastphylosig_0.3.0.tar.gz","909b7ad27485dcc2d96a7bb1fc70b65b54e93245d75761aca406b9c52f06cbff","Borges2019-source-sha256:0dc1e987c13f0e972b0e7c3b4829b4d0fdc41ff0de3856bae4803f9ce0115175",0.60641884803772,0.179986728655217,"Sys.time",1,TRUE,"ok","fast_result",TRUE,,"trait;Delta_fast;alpha_mean;beta_mean;n_saved;n_saved_requested;n_saved_successful;alpha_sd;beta_sd;ESS_alpha;ESS_beta;split_Rhat_alpha;split_Rhat_beta;Rhat_alpha;Rhat_beta;alpha_beta_cov;MCSE_Delta;diagnostics_available;diagnostics_note;requested_simulations;successful_simulations;requested_iterations;successful_iterations;requested_permutations;successful_permutations;n_states;n_species;n_removed_na;matched_species;removed_tree_tips;removed_data_rows;status;note;message;estimate;p_value;p_mcse;estimate_mcse;ess_alpha;ess_beta;rhat_alpha;rhat_beta;ESS;ess;Rhat;rhat;n_sim_requested;n_sim_successful;n_iter_requested;n_iter_successful;method","",,3,,,,20000,20000,"TRUE","Diagnostics computed from saved alpha/beta MCMC traces.",609.185995300465,478.784949877635,1.00183604042807,1.00397218585729,0.000166808425071911
"20261002T011636Z","full","D_moderate_n2000_r02","reference","D","caper::phylo.d","moderate",0.5,2000,2,2000,2000,0,2000,2000,2000,2000,22260921,220262901,220262902,220262903,22281203,"reference",1,TRUE,199,,,,,,,,,,,,,,,,,,,,,,,"41cf4a6fd6d23bfe07b382673008ca88c28cd044e03887808c533c3149867c87","2428b26a5052e0e9085f1a792171ebb839dccf29df8b38850def377dee476ced","353f641a05e0ab98f66ec47c0dc7274b79c3b94144ce73c62ac04752456dcb2c","d82a90ac6e39e9c89968c5990c5baf793b5dafd67a5c6962e3339e1806e59af0","6a4804fda1b469582d4d3e9a3b75c88f606168529a6f64db49cb2b16b16d2731","0.3.0","isolated_release_library/fastphylosig","d951ecee19c06f3a144ad76c5039302078747585bb3bf829e6f12db15f54775d","isolated_release_library/fastphylosig/libs/<platform>/fastphylosig","c46a5834babd455b546bc65c6549c42ba51e6b47f3c9f222919b7118a5af3280","1bd40080f1ea537b3c73c838dc98ff84940f1064f4e1c4dbfb2dd5063d999bdb","benchmarks/stage5/documentation_fix_release_20261001/fastphylosig_0.3.0.tar.gz","909b7ad27485dcc2d96a7bb1fc70b65b54e93245d75761aca406b9c52f06cbff","1.0.4",26.5998060703278,0.649449520916768,"Sys.time",1,TRUE,"not_reported_by_reference","finite_reference_estimate_and_input_audit",TRUE,,"DEstimate;Pval1;Pval0;Parameters;StatesTable;Permutations;NodalVals;binvar;data;nPermut;rnd.bias","",,2,,,,,,,,,,,,
"20261002T011636Z","full","D_moderate_n2000_r02","fastphylosig","D","caper::phylo.d","moderate",0.5,2000,2,2000,2000,0,,,,,22260921,220262901,220262902,220262903,22281202,"reference",2,TRUE,199,,,,,,,,,,,,,,,,,,,,,,,"41cf4a6fd6d23bfe07b382673008ca88c28cd044e03887808c533c3149867c87","2428b26a5052e0e9085f1a792171ebb839dccf29df8b38850def377dee476ced","353f641a05e0ab98f66ec47c0dc7274b79c3b94144ce73c62ac04752456dcb2c","d82a90ac6e39e9c89968c5990c5baf793b5dafd67a5c6962e3339e1806e59af0","6a4804fda1b469582d4d3e9a3b75c88f606168529a6f64db49cb2b16b16d2731","0.3.0","isolated_release_library/fastphylosig","d951ecee19c06f3a144ad76c5039302078747585bb3bf829e6f12db15f54775d","isolated_release_library/fastphylosig/libs/<platform>/fastphylosig","c46a5834babd455b546bc65c6549c42ba51e6b47f3c9f222919b7118a5af3280","1bd40080f1ea537b3c73c838dc98ff84940f1064f4e1c4dbfb2dd5063d999bdb","benchmarks/stage5/documentation_fix_release_20261001/fastphylosig_0.3.0.tar.gz","909b7ad27485dcc2d96a7bb1fc70b65b54e93245d75761aca406b9c52f06cbff","1.0.4",0.118411064147949,0.651765781402954,"Sys.time",1,TRUE,"ok","fast_result",TRUE,,"trait;D_fast;Pval1_fast;Pval0_fast;P_random;P_Brownian;MCSE_P_random;MCSE_P_Brownian;nsim_requested;nsim_successful_random;nsim_successful_brownian;nsim_failed_random;nsim_failed_brownian;observed;mean_random;mean_brownian;n_species;n_removed_na;matched_species;removed_tree_tips;removed_data_rows;status;note;message;estimate;p_random;p_brownian;p_mcse_random;p_mcse_brownian;MCSE_random;MCSE_Brownian;mcse_random;mcse_brownian;n_sim_requested;n_sim_successful_random;n_sim_successful_brownian;method","",,,199,199,199,,,,,,,,,
"20261002T011636Z","full","Delta_moderate_n2000_r02","fastphylosig","Delta","Borges2019 delta() [pinned source]","moderate",0.5,2000,2,2000,2000,0,,,,,22260921,220262901,220262902,220262903,22281302,"fastphylosig",1,FALSE,,10000,10,100,0.1,0.5,2,"LSE","ARD","0.1","0.5","10000","10","100","LSE","ARD","fast","1",20000,20000,20000,TRUE,TRUE,"41cf4a6fd6d23bfe07b382673008ca88c28cd044e03887808c533c3149867c87","2428b26a5052e0e9085f1a792171ebb839dccf29df8b38850def377dee476ced","353f641a05e0ab98f66ec47c0dc7274b79c3b94144ce73c62ac04752456dcb2c","75151b310c1b70845b82a23bce67c09a920cf7f10b265e4a0ee0f39909c15e12","33f19f3c70b0ac9d808fbb821f11d000ec9be9ca80198b3084879cbd511ff448","0.3.0","isolated_release_library/fastphylosig","d951ecee19c06f3a144ad76c5039302078747585bb3bf829e6f12db15f54775d","isolated_release_library/fastphylosig/libs/<platform>/fastphylosig","c46a5834babd455b546bc65c6549c42ba51e6b47f3c9f222919b7118a5af3280","1bd40080f1ea537b3c73c838dc98ff84940f1064f4e1c4dbfb2dd5063d999bdb","benchmarks/stage5/documentation_fix_release_20261001/fastphylosig_0.3.0.tar.gz","909b7ad27485dcc2d96a7bb1fc70b65b54e93245d75761aca406b9c52f06cbff","Borges2019-source-sha256:0dc1e987c13f0e972b0e7c3b4829b4d0fdc41ff0de3856bae4803f9ce0115175",0.631471872329712,1.5653769764505,"Sys.time",1,TRUE,"ok","fast_result",TRUE,,"trait;Delta_fast;alpha_mean;beta_mean;n_saved;n_saved_requested;n_saved_successful;alpha_sd;beta_sd;ESS_alpha;ESS_beta;split_Rhat_alpha;split_Rhat_beta;Rhat_alpha;Rhat_beta;alpha_beta_cov;MCSE_Delta;diagnostics_available;diagnostics_note;requested_simulations;successful_simulations;requested_iterations;successful_iterations;requested_permutations;successful_permutations;n_states;n_species;n_removed_na;matched_species;removed_tree_tips;removed_data_rows;status;note;message;estimate;p_value;p_mcse;estimate_mcse;ess_alpha;ess_beta;rhat_alpha;rhat_beta;ESS;ess;Rhat;rhat;n_sim_requested;n_sim_successful;n_iter_requested;n_iter_successful;method","",,3,,,,20000,20000,"TRUE","Diagnostics computed from saved alpha/beta MCMC traces.",221.720464063598,230.142301339283,1.02200141026811,1.01623920175307,0.00111796975034697
"20261002T011636Z","full","Delta_moderate_n2000_r02","reference","Delta","Borges2019 delta() [pinned source]","moderate",0.5,2000,2,2000,2000,0,2000,2000,,2000,22260921,220262901,220262902,220262903,22281303,"fastphylosig",2,FALSE,,10000,10,100,0.1,0.5,2,"LSE","ARD",,,,,,,,,,,,,,,"41cf4a6fd6d23bfe07b382673008ca88c28cd044e03887808c533c3149867c87","2428b26a5052e0e9085f1a792171ebb839dccf29df8b38850def377dee476ced","353f641a05e0ab98f66ec47c0dc7274b79c3b94144ce73c62ac04752456dcb2c","75151b310c1b70845b82a23bce67c09a920cf7f10b265e4a0ee0f39909c15e12","33f19f3c70b0ac9d808fbb821f11d000ec9be9ca80198b3084879cbd511ff448","0.3.0","isolated_release_library/fastphylosig","d951ecee19c06f3a144ad76c5039302078747585bb3bf829e6f12db15f54775d","isolated_release_library/fastphylosig/libs/<platform>/fastphylosig","c46a5834babd455b546bc65c6549c42ba51e6b47f3c9f222919b7118a5af3280","1bd40080f1ea537b3c73c838dc98ff84940f1064f4e1c4dbfb2dd5063d999bdb","benchmarks/stage5/documentation_fix_release_20261001/fastphylosig_0.3.0.tar.gz","909b7ad27485dcc2d96a7bb1fc70b65b54e93245d75761aca406b9c52f06cbff","Borges2019-source-sha256:0dc1e987c13f0e972b0e7c3b4829b4d0fdc41ff0de3856bae4803f9ce0115175",14.202644109726,1.56516915827003,"Sys.time",1,TRUE,"not_reported_by_reference","finite_reference_estimate_and_input_audit",TRUE,,"<numeric>","NaNs produced || Inf replaced by maximum positive value",,3,,,,,,,,,,,,
"20261002T011636Z","full","D_strong_n2000_r02","fastphylosig","D","caper::phylo.d","strong",0.95,2000,2,2000,2000,0,,,,,22260921,220262901,220262902,220262903,22291202,"fastphylosig",1,TRUE,199,,,,,,,,,,,,,,,,,,,,,,,"41cf4a6fd6d23bfe07b382673008ca88c28cd044e03887808c533c3149867c87","2428b26a5052e0e9085f1a792171ebb839dccf29df8b38850def377dee476ced","353f641a05e0ab98f66ec47c0dc7274b79c3b94144ce73c62ac04752456dcb2c","72694c79bde5194553eb9e445730815906aba0d0a5d65b9a50027975c8417e91","aa651730406afc00cb6ae7848255a4ed9a9be86d89454a077ea6f35c49742850","0.3.0","isolated_release_library/fastphylosig","d951ecee19c06f3a144ad76c5039302078747585bb3bf829e6f12db15f54775d","isolated_release_library/fastphylosig/libs/<platform>/fastphylosig","c46a5834babd455b546bc65c6549c42ba51e6b47f3c9f222919b7118a5af3280","1bd40080f1ea537b3c73c838dc98ff84940f1064f4e1c4dbfb2dd5063d999bdb","benchmarks/stage5/documentation_fix_release_20261001/fastphylosig_0.3.0.tar.gz","909b7ad27485dcc2d96a7bb1fc70b65b54e93245d75761aca406b9c52f06cbff","1.0.4",0.114772081375122,0.134712064278667,"Sys.time",1,TRUE,"ok","fast_result",TRUE,,"trait;D_fast;Pval1_fast;Pval0_fast;P_random;P_Brownian;MCSE_P_random;MCSE_P_Brownian;nsim_requested;nsim_successful_random;nsim_successful_brownian;nsim_failed_random;nsim_failed_brownian;observed;mean_random;mean_brownian;n_species;n_removed_na;matched_species;removed_tree_tips;removed_data_rows;status;note;message;estimate;p_random;p_brownian;p_mcse_random;p_mcse_brownian;MCSE_random;MCSE_Brownian;mcse_random;mcse_brownian;n_sim_requested;n_sim_successful_random;n_sim_successful_brownian;method","",,,199,199,199,,,,,,,,,
"20261002T011636Z","full","D_strong_n2000_r02","reference","D","caper::phylo.d","strong",0.95,2000,2,2000,2000,0,2000,2000,2000,2000,22260921,220262901,220262902,220262903,22291203,"fastphylosig",2,TRUE,199,,,,,,,,,,,,,,,,,,,,,,,"41cf4a6fd6d23bfe07b382673008ca88c28cd044e03887808c533c3149867c87","2428b26a5052e0e9085f1a792171ebb839dccf29df8b38850def377dee476ced","353f641a05e0ab98f66ec47c0dc7274b79c3b94144ce73c62ac04752456dcb2c","72694c79bde5194553eb9e445730815906aba0d0a5d65b9a50027975c8417e91","aa651730406afc00cb6ae7848255a4ed9a9be86d89454a077ea6f35c49742850","0.3.0","isolated_release_library/fastphylosig","d951ecee19c06f3a144ad76c5039302078747585bb3bf829e6f12db15f54775d","isolated_release_library/fastphylosig/libs/<platform>/fastphylosig","c46a5834babd455b546bc65c6549c42ba51e6b47f3c9f222919b7118a5af3280","1bd40080f1ea537b3c73c838dc98ff84940f1064f4e1c4dbfb2dd5063d999bdb","benchmarks/stage5/documentation_fix_release_20261001/fastphylosig_0.3.0.tar.gz","909b7ad27485dcc2d96a7bb1fc70b65b54e93245d75761aca406b9c52f06cbff","1.0.4",26.6814179420471,0.136017875642738,"Sys.time",1,TRUE,"not_reported_by_reference","finite_reference_estimate_and_input_audit",TRUE,,"DEstimate;Pval1;Pval0;Parameters;StatesTable;Permutations;NodalVals;binvar;data;nPermut;rnd.bias","",,2,,,,,,,,,,,,
"20261002T011636Z","full","Delta_strong_n2000_r02","reference","Delta","Borges2019 delta() [pinned source]","strong",0.95,2000,2,2000,2000,0,2000,2000,,2000,22260921,220262901,220262902,220262903,22291303,"reference",1,FALSE,,10000,10,100,0.1,0.5,2,"LSE","ARD",,,,,,,,,,,,,,,"41cf4a6fd6d23bfe07b382673008ca88c28cd044e03887808c533c3149867c87","2428b26a5052e0e9085f1a792171ebb839dccf29df8b38850def377dee476ced","353f641a05e0ab98f66ec47c0dc7274b79c3b94144ce73c62ac04752456dcb2c","bf00537492b91e941086956f7cf54500dec5e48be6f206fb6b42b37b722f9c37","1891c4519a027b4ace812d92056cff5d5a9bdd57293b2d0229f6d4973b6d38b0","0.3.0","isolated_release_library/fastphylosig","d951ecee19c06f3a144ad76c5039302078747585bb3bf829e6f12db15f54775d","isolated_release_library/fastphylosig/libs/<platform>/fastphylosig","c46a5834babd455b546bc65c6549c42ba51e6b47f3c9f222919b7118a5af3280","1bd40080f1ea537b3c73c838dc98ff84940f1064f4e1c4dbfb2dd5063d999bdb","benchmarks/stage5/documentation_fix_release_20261001/fastphylosig_0.3.0.tar.gz","909b7ad27485dcc2d96a7bb1fc70b65b54e93245d75761aca406b9c52f06cbff","Borges2019-source-sha256:0dc1e987c13f0e972b0e7c3b4829b4d0fdc41ff0de3856bae4803f9ce0115175",11.1580808162689,7.13262815701691,"Sys.time",1,TRUE,"not_reported_by_reference","finite_reference_estimate_and_input_audit",TRUE,,"<numeric>","NaNs produced || Inf replaced by maximum positive value",,3,,,,,,,,,,,,
"20261002T011636Z","full","Delta_strong_n2000_r02","fastphylosig","Delta","Borges2019 delta() [pinned source]","strong",0.95,2000,2,2000,2000,0,,,,,22260921,220262901,220262902,220262903,22291302,"reference",2,FALSE,,10000,10,100,0.1,0.5,2,"LSE","ARD","0.1","0.5","10000","10","100","LSE","ARD","fast","1",20000,20000,20000,TRUE,TRUE,"41cf4a6fd6d23bfe07b382673008ca88c28cd044e03887808c533c3149867c87","2428b26a5052e0e9085f1a792171ebb839dccf29df8b38850def377dee476ced","353f641a05e0ab98f66ec47c0dc7274b79c3b94144ce73c62ac04752456dcb2c","bf00537492b91e941086956f7cf54500dec5e48be6f206fb6b42b37b722f9c37","1891c4519a027b4ace812d92056cff5d5a9bdd57293b2d0229f6d4973b6d38b0","0.3.0","isolated_release_library/fastphylosig","d951ecee19c06f3a144ad76c5039302078747585bb3bf829e6f12db15f54775d","isolated_release_library/fastphylosig/libs/<platform>/fastphylosig","c46a5834babd455b546bc65c6549c42ba51e6b47f3c9f222919b7118a5af3280","1bd40080f1ea537b3c73c838dc98ff84940f1064f4e1c4dbfb2dd5063d999bdb","benchmarks/stage5/documentation_fix_release_20261001/fastphylosig_0.3.0.tar.gz","909b7ad27485dcc2d96a7bb1fc70b65b54e93245d75761aca406b9c52f06cbff","Borges2019-source-sha256:0dc1e987c13f0e972b0e7c3b4829b4d0fdc41ff0de3856bae4803f9ce0115175",0.311633110046387,7.13463042206677,"Sys.time",1,TRUE,"ok","fast_result",TRUE,,"trait;Delta_fast;alpha_mean;beta_mean;n_saved;n_saved_requested;n_saved_successful;alpha_sd;beta_sd;ESS_alpha;ESS_beta;split_Rhat_alpha;split_Rhat_beta;Rhat_alpha;Rhat_beta;alpha_beta_cov;MCSE_Delta;diagnostics_available;diagnostics_note;requested_simulations;successful_simulations;requested_iterations;successful_iterations;requested_permutations;successful_permutations;n_states;n_species;n_removed_na;matched_species;removed_tree_tips;removed_data_rows;status;note;message;estimate;p_value;p_mcse;estimate_mcse;ess_alpha;ess_beta;rhat_alpha;rhat_beta;ESS;ess;Rhat;rhat;n_sim_requested;n_sim_successful;n_iter_requested;n_iter_successful;method","",,3,,,,20000,20000,"TRUE","Diagnostics computed from saved alpha/beta MCMC traces.",384.376173996738,431.303698463456,1.0043675340158,1.00258327455962,0.00696471525939028
"20261002T011636Z","full","D_none_n2000_r03","reference","D","caper::phylo.d","none",0,2000,3,2000,2000,0,2000,2000,2000,2000,22260931,220263901,220263902,220263903,22271303,"reference",1,TRUE,199,,,,,,,,,,,,,,,,,,,,,,,"ad6920cc6e741a2701f7ab252e304618b4083ca44eacf33ad45bbf317a7bd05a","6f88d08c849ecdf09940a0fc8f195836501cc2517d936f4e173e3967dd41b014","8f1ebae032b2ff6a91ed446fca79a4a27f610a8e392b4d658b7847d76c046e8b","16a60382b6d8d49b2d7caf18b73f6c59e233752a1cc11de24387e55a4f47564a","a8405ce8f59f1aebef88c6ea4d7ba148f9876022df43af7a4951eda8041d3083","0.3.0","isolated_release_library/fastphylosig","d951ecee19c06f3a144ad76c5039302078747585bb3bf829e6f12db15f54775d","isolated_release_library/fastphylosig/libs/<platform>/fastphylosig","c46a5834babd455b546bc65c6549c42ba51e6b47f3c9f222919b7118a5af3280","1bd40080f1ea537b3c73c838dc98ff84940f1064f4e1c4dbfb2dd5063d999bdb","benchmarks/stage5/documentation_fix_release_20261001/fastphylosig_0.3.0.tar.gz","909b7ad27485dcc2d96a7bb1fc70b65b54e93245d75761aca406b9c52f06cbff","1.0.4",28.9487340450287,0.972032139083311,"Sys.time",1,TRUE,"not_reported_by_reference","finite_reference_estimate_and_input_audit",TRUE,,"DEstimate;Pval1;Pval0;Parameters;StatesTable;Permutations;NodalVals;binvar;data;nPermut;rnd.bias","",,2,,,,,,,,,,,,
"20261002T011636Z","full","D_none_n2000_r03","fastphylosig","D","caper::phylo.d","none",0,2000,3,2000,2000,0,,,,,22260931,220263901,220263902,220263903,22271302,"reference",2,TRUE,199,,,,,,,,,,,,,,,,,,,,,,,"ad6920cc6e741a2701f7ab252e304618b4083ca44eacf33ad45bbf317a7bd05a","6f88d08c849ecdf09940a0fc8f195836501cc2517d936f4e173e3967dd41b014","8f1ebae032b2ff6a91ed446fca79a4a27f610a8e392b4d658b7847d76c046e8b","16a60382b6d8d49b2d7caf18b73f6c59e233752a1cc11de24387e55a4f47564a","a8405ce8f59f1aebef88c6ea4d7ba148f9876022df43af7a4951eda8041d3083","0.3.0","isolated_release_library/fastphylosig","d951ecee19c06f3a144ad76c5039302078747585bb3bf829e6f12db15f54775d","isolated_release_library/fastphylosig/libs/<platform>/fastphylosig","c46a5834babd455b546bc65c6549c42ba51e6b47f3c9f222919b7118a5af3280","1bd40080f1ea537b3c73c838dc98ff84940f1064f4e1c4dbfb2dd5063d999bdb","benchmarks/stage5/documentation_fix_release_20261001/fastphylosig_0.3.0.tar.gz","909b7ad27485dcc2d96a7bb1fc70b65b54e93245d75761aca406b9c52f06cbff","1.0.4",0.126875877380371,0.972234413069711,"Sys.time",1,TRUE,"ok","fast_result",TRUE,,"trait;D_fast;Pval1_fast;Pval0_fast;P_random;P_Brownian;MCSE_P_random;MCSE_P_Brownian;nsim_requested;nsim_successful_random;nsim_successful_brownian;nsim_failed_random;nsim_failed_brownian;observed;mean_random;mean_brownian;n_species;n_removed_na;matched_species;removed_tree_tips;removed_data_rows;status;note;message;estimate;p_random;p_brownian;p_mcse_random;p_mcse_brownian;MCSE_random;MCSE_Brownian;mcse_random;mcse_brownian;n_sim_requested;n_sim_successful_random;n_sim_successful_brownian;method","",,,199,199,199,,,,,,,,,
"20261002T011636Z","full","Delta_none_n2000_r03","fastphylosig","Delta","Borges2019 delta() [pinned source]","none",0,2000,3,2000,2000,0,,,,,22260931,220263901,220263902,220263903,22271402,"fastphylosig",1,FALSE,,10000,10,100,0.1,0.5,2,"LSE","ARD","0.1","0.5","10000","10","100","LSE","ARD","fast","1",20000,20000,20000,TRUE,TRUE,"ad6920cc6e741a2701f7ab252e304618b4083ca44eacf33ad45bbf317a7bd05a","6f88d08c849ecdf09940a0fc8f195836501cc2517d936f4e173e3967dd41b014","8f1ebae032b2ff6a91ed446fca79a4a27f610a8e392b4d658b7847d76c046e8b","2673925c5de93bf0a20d3f2c6541d000531a7d91e2e22c71034c8aaba7ffe18c","6b17aa8598329467ac5f65baf601f66798270c74592af8ff0f1f87f7fe41cda1","0.3.0","isolated_release_library/fastphylosig","d951ecee19c06f3a144ad76c5039302078747585bb3bf829e6f12db15f54775d","isolated_release_library/fastphylosig/libs/<platform>/fastphylosig","c46a5834babd455b546bc65c6549c42ba51e6b47f3c9f222919b7118a5af3280","1bd40080f1ea537b3c73c838dc98ff84940f1064f4e1c4dbfb2dd5063d999bdb","benchmarks/stage5/documentation_fix_release_20261001/fastphylosig_0.3.0.tar.gz","909b7ad27485dcc2d96a7bb1fc70b65b54e93245d75761aca406b9c52f06cbff","Borges2019-source-sha256:0dc1e987c13f0e972b0e7c3b4829b4d0fdc41ff0de3856bae4803f9ce0115175",0.585817098617554,0.176811884147992,"Sys.time",1,TRUE,"ok","fast_result",TRUE,,"trait;Delta_fast;alpha_mean;beta_mean;n_saved;n_saved_requested;n_saved_successful;alpha_sd;beta_sd;ESS_alpha;ESS_beta;split_Rhat_alpha;split_Rhat_beta;Rhat_alpha;Rhat_beta;alpha_beta_cov;MCSE_Delta;diagnostics_available;diagnostics_note;requested_simulations;successful_simulations;requested_iterations;successful_iterations;requested_permutations;successful_permutations;n_states;n_species;n_removed_na;matched_species;removed_tree_tips;removed_data_rows;status;note;message;estimate;p_value;p_mcse;estimate_mcse;ess_alpha;ess_beta;rhat_alpha;rhat_beta;ESS;ess;Rhat;rhat;n_sim_requested;n_sim_successful;n_iter_requested;n_iter_successful;method","",,3,,,,20000,20000,"TRUE","Diagnostics computed from saved alpha/beta MCMC traces.",695.455290890145,512.874968245164,0.99995535730773,1.00367055940063,0.000168413460757782
"20261002T011636Z","full","Delta_none_n2000_r03","reference","Delta","Borges2019 delta() [pinned source]","none",0,2000,3,2000,2000,0,2000,2000,,2000,22260931,220263901,220263902,220263903,22271403,"fastphylosig",2,FALSE,,10000,10,100,0.1,0.5,2,"LSE","ARD",,,,,,,,,,,,,,,"ad6920cc6e741a2701f7ab252e304618b4083ca44eacf33ad45bbf317a7bd05a","6f88d08c849ecdf09940a0fc8f195836501cc2517d936f4e173e3967dd41b014","8f1ebae032b2ff6a91ed446fca79a4a27f610a8e392b4d658b7847d76c046e8b","2673925c5de93bf0a20d3f2c6541d000531a7d91e2e22c71034c8aaba7ffe18c","6b17aa8598329467ac5f65baf601f66798270c74592af8ff0f1f87f7fe41cda1","0.3.0","isolated_release_library/fastphylosig","d951ecee19c06f3a144ad76c5039302078747585bb3bf829e6f12db15f54775d","isolated_release_library/fastphylosig/libs/<platform>/fastphylosig","c46a5834babd455b546bc65c6549c42ba51e6b47f3c9f222919b7118a5af3280","1bd40080f1ea537b3c73c838dc98ff84940f1064f4e1c4dbfb2dd5063d999bdb","benchmarks/stage5/documentation_fix_release_20261001/fastphylosig_0.3.0.tar.gz","909b7ad27485dcc2d96a7bb1fc70b65b54e93245d75761aca406b9c52f06cbff","Borges2019-source-sha256:0dc1e987c13f0e972b0e7c3b4829b4d0fdc41ff0de3856bae4803f9ce0115175",15.2720510959625,0.176573572866086,"Sys.time",1,TRUE,"not_reported_by_reference","finite_reference_estimate_and_input_audit",TRUE,,"<numeric>","imaginary parts discarded in coercion || model fit suspicious: gradients apparently non-finite",,3,,,,,,,,,,,,
"20261002T011636Z","full","D_moderate_n2000_r03","fastphylosig","D","caper::phylo.d","moderate",0.5,2000,3,2000,2000,0,,,,,22260931,220263901,220263902,220263903,22281302,"fastphylosig",1,TRUE,199,,,,,,,,,,,,,,,,,,,,,,,"ad6920cc6e741a2701f7ab252e304618b4083ca44eacf33ad45bbf317a7bd05a","6f88d08c849ecdf09940a0fc8f195836501cc2517d936f4e173e3967dd41b014","8f1ebae032b2ff6a91ed446fca79a4a27f610a8e392b4d658b7847d76c046e8b","05786d3b692a42752bc3e242a9a8d03fb92785128c609ff070a76ad83679c123","ee852e6f76c3254a9613da7bf56f4bdbbb703d87ffc0540150d228a344ae92e1","0.3.0","isolated_release_library/fastphylosig","d951ecee19c06f3a144ad76c5039302078747585bb3bf829e6f12db15f54775d","isolated_release_library/fastphylosig/libs/<platform>/fastphylosig","c46a5834babd455b546bc65c6549c42ba51e6b47f3c9f222919b7118a5af3280","1bd40080f1ea537b3c73c838dc98ff84940f1064f4e1c4dbfb2dd5063d999bdb","benchmarks/stage5/documentation_fix_release_20261001/fastphylosig_0.3.0.tar.gz","909b7ad27485dcc2d96a7bb1fc70b65b54e93245d75761aca406b9c52f06cbff","1.0.4",0.121098041534424,0.503218781126898,"Sys.time",1,TRUE,"ok","fast_result",TRUE,,"trait;D_fast;Pval1_fast;Pval0_fast;P_random;P_Brownian;MCSE_P_random;MCSE_P_Brownian;nsim_requested;nsim_successful_random;nsim_successful_brownian;nsim_failed_random;nsim_failed_brownian;observed;mean_random;mean_brownian;n_species;n_removed_na;matched_species;removed_tree_tips;removed_data_rows;status;note;message;estimate;p_random;p_brownian;p_mcse_random;p_mcse_brownian;MCSE_random;MCSE_Brownian;mcse_random;mcse_brownian;n_sim_requested;n_sim_successful_random;n_sim_successful_brownian;method","",,,199,199,199,,,,,,,,,
"20261002T011636Z","full","D_moderate_n2000_r03","reference","D","caper::phylo.d","moderate",0.5,2000,3,2000,2000,0,2000,2000,2000,2000,22260931,220263901,220263902,220263903,22281303,"fastphylosig",2,TRUE,199,,,,,,,,,,,,,,,,,,,,,,,"ad6920cc6e741a2701f7ab252e304618b4083ca44eacf33ad45bbf317a7bd05a","6f88d08c849ecdf09940a0fc8f195836501cc2517d936f4e173e3967dd41b014","8f1ebae032b2ff6a91ed446fca79a4a27f610a8e392b4d658b7847d76c046e8b","05786d3b692a42752bc3e242a9a8d03fb92785128c609ff070a76ad83679c123","ee852e6f76c3254a9613da7bf56f4bdbbb703d87ffc0540150d228a344ae92e1","0.3.0","isolated_release_library/fastphylosig","d951ecee19c06f3a144ad76c5039302078747585bb3bf829e6f12db15f54775d","isolated_release_library/fastphylosig/libs/<platform>/fastphylosig","c46a5834babd455b546bc65c6549c42ba51e6b47f3c9f222919b7118a5af3280","1bd40080f1ea537b3c73c838dc98ff84940f1064f4e1c4dbfb2dd5063d999bdb","benchmarks/stage5/documentation_fix_release_20261001/fastphylosig_0.3.0.tar.gz","909b7ad27485dcc2d96a7bb1fc70b65b54e93245d75761aca406b9c52f06cbff","1.0.4",26.0453519821167,0.501955305444682,"Sys.time",1,TRUE,"not_reported_by_reference","finite_reference_estimate_and_input_audit",TRUE,,"DEstimate;Pval1;Pval0;Parameters;StatesTable;Permutations;NodalVals;binvar;data;nPermut;rnd.bias","",,2,,,,,,,,,,,,
"20261002T011636Z","full","Delta_moderate_n2000_r03","reference","Delta","Borges2019 delta() [pinned source]","moderate",0.5,2000,3,2000,2000,0,2000,2000,,2000,22260931,220263901,220263902,220263903,22281403,"reference",1,FALSE,,10000,10,100,0.1,0.5,2,"LSE","ARD",,,,,,,,,,,,,,,"ad6920cc6e741a2701f7ab252e304618b4083ca44eacf33ad45bbf317a7bd05a","6f88d08c849ecdf09940a0fc8f195836501cc2517d936f4e173e3967dd41b014","8f1ebae032b2ff6a91ed446fca79a4a27f610a8e392b4d658b7847d76c046e8b","ca64176d0a139957bdbf1917131ea455200e88bfa0f506e4669aacaeb082484e","1b256e3591b7df9ca3d5ed525b5326992f38c31aa66353eea2bd82cb7ba3a682","0.3.0","isolated_release_library/fastphylosig","d951ecee19c06f3a144ad76c5039302078747585bb3bf829e6f12db15f54775d","isolated_release_library/fastphylosig/libs/<platform>/fastphylosig","c46a5834babd455b546bc65c6549c42ba51e6b47f3c9f222919b7118a5af3280","1bd40080f1ea537b3c73c838dc98ff84940f1064f4e1c4dbfb2dd5063d999bdb","benchmarks/stage5/documentation_fix_release_20261001/fastphylosig_0.3.0.tar.gz","909b7ad27485dcc2d96a7bb1fc70b65b54e93245d75761aca406b9c52f06cbff","Borges2019-source-sha256:0dc1e987c13f0e972b0e7c3b4829b4d0fdc41ff0de3856bae4803f9ce0115175",12.8395221233368,2.24490076869909,"Sys.time",1,TRUE,"not_reported_by_reference","finite_reference_estimate_and_input_audit",TRUE,,"<numeric>","NaNs produced || Inf replaced by maximum positive value",,3,,,,,,,,,,,,
"20261002T011636Z","full","Delta_moderate_n2000_r03","fastphylosig","Delta","Borges2019 delta() [pinned source]","moderate",0.5,2000,3,2000,2000,0,,,,,22260931,220263901,220263902,220263903,22281402,"reference",2,FALSE,,10000,10,100,0.1,0.5,2,"LSE","ARD","0.1","0.5","10000","10","100","LSE","ARD","fast","1",20000,20000,20000,TRUE,TRUE,"ad6920cc6e741a2701f7ab252e304618b4083ca44eacf33ad45bbf317a7bd05a","6f88d08c849ecdf09940a0fc8f195836501cc2517d936f4e173e3967dd41b014","8f1ebae032b2ff6a91ed446fca79a4a27f610a8e392b4d658b7847d76c046e8b","ca64176d0a139957bdbf1917131ea455200e88bfa0f506e4669aacaeb082484e","1b256e3591b7df9ca3d5ed525b5326992f38c31aa66353eea2bd82cb7ba3a682","0.3.0","isolated_release_library/fastphylosig","d951ecee19c06f3a144ad76c5039302078747585bb3bf829e6f12db15f54775d","isolated_release_library/fastphylosig/libs/<platform>/fastphylosig","c46a5834babd455b546bc65c6549c42ba51e6b47f3c9f222919b7118a5af3280","1bd40080f1ea537b3c73c838dc98ff84940f1064f4e1c4dbfb2dd5063d999bdb","benchmarks/stage5/documentation_fix_release_20261001/fastphylosig_0.3.0.tar.gz","909b7ad27485dcc2d96a7bb1fc70b65b54e93245d75761aca406b9c52f06cbff","Borges2019-source-sha256:0dc1e987c13f0e972b0e7c3b4829b4d0fdc41ff0de3856bae4803f9ce0115175",0.473455905914307,2.24301100497608,"Sys.time",1,TRUE,"ok","fast_result",TRUE,,"trait;Delta_fast;alpha_mean;beta_mean;n_saved;n_saved_requested;n_saved_successful;alpha_sd;beta_sd;ESS_alpha;ESS_beta;split_Rhat_alpha;split_Rhat_beta;Rhat_alpha;Rhat_beta;alpha_beta_cov;MCSE_Delta;diagnostics_available;diagnostics_note;requested_simulations;successful_simulations;requested_iterations;successful_iterations;requested_permutations;successful_permutations;n_states;n_species;n_removed_na;matched_species;removed_tree_tips;removed_data_rows;status;note;message;estimate;p_value;p_mcse;estimate_mcse;ess_alpha;ess_beta;rhat_alpha;rhat_beta;ESS;ess;Rhat;rhat;n_sim_requested;n_sim_successful;n_iter_requested;n_iter_successful;method","",,3,,,,20000,20000,"TRUE","Diagnostics computed from saved alpha/beta MCMC traces.",337.29401111184,325.64278986671,1.0010151011206,1.00108479490906,0.00196022373844029
"20261002T011636Z","full","D_strong_n2000_r03","reference","D","caper::phylo.d","strong",0.95,2000,3,2000,2000,0,2000,2000,2000,2000,22260931,220263901,220263902,220263903,22291303,"reference",1,TRUE,199,,,,,,,,,,,,,,,,,,,,,,,"ad6920cc6e741a2701f7ab252e304618b4083ca44eacf33ad45bbf317a7bd05a","6f88d08c849ecdf09940a0fc8f195836501cc2517d936f4e173e3967dd41b014","8f1ebae032b2ff6a91ed446fca79a4a27f610a8e392b4d658b7847d76c046e8b","7e8150ab55cf94dfb9dde6d3131c3088d9c03d0634b3c5c68ca929c0ce143cf3","e9a1ea6da07a19ceff3544cec120db632b53f1a48deb396708a4669372755c21","0.3.0","isolated_release_library/fastphylosig","d951ecee19c06f3a144ad76c5039302078747585bb3bf829e6f12db15f54775d","isolated_release_library/fastphylosig/libs/<platform>/fastphylosig","c46a5834babd455b546bc65c6549c42ba51e6b47f3c9f222919b7118a5af3280","1bd40080f1ea537b3c73c838dc98ff84940f1064f4e1c4dbfb2dd5063d999bdb","benchmarks/stage5/documentation_fix_release_20261001/fastphylosig_0.3.0.tar.gz","909b7ad27485dcc2d96a7bb1fc70b65b54e93245d75761aca406b9c52f06cbff","1.0.4",26.2890520095825,0.0367181277273438,"Sys.time",1,TRUE,"not_reported_by_reference","finite_reference_estimate_and_input_audit",TRUE,,"DEstimate;Pval1;Pval0;Parameters;StatesTable;Permutations;NodalVals;binvar;data;nPermut;rnd.bias","",,2,,,,,,,,,,,,
"20261002T011636Z","full","D_strong_n2000_r03","fastphylosig","D","caper::phylo.d","strong",0.95,2000,3,2000,2000,0,,,,,22260931,220263901,220263902,220263903,22291302,"reference",2,TRUE,199,,,,,,,,,,,,,,,,,,,,,,,"ad6920cc6e741a2701f7ab252e304618b4083ca44eacf33ad45bbf317a7bd05a","6f88d08c849ecdf09940a0fc8f195836501cc2517d936f4e173e3967dd41b014","8f1ebae032b2ff6a91ed446fca79a4a27f610a8e392b4d658b7847d76c046e8b","7e8150ab55cf94dfb9dde6d3131c3088d9c03d0634b3c5c68ca929c0ce143cf3","e9a1ea6da07a19ceff3544cec120db632b53f1a48deb396708a4669372755c21","0.3.0","isolated_release_library/fastphylosig","d951ecee19c06f3a144ad76c5039302078747585bb3bf829e6f12db15f54775d","isolated_release_library/fastphylosig/libs/<platform>/fastphylosig","c46a5834babd455b546bc65c6549c42ba51e6b47f3c9f222919b7118a5af3280","1bd40080f1ea537b3c73c838dc98ff84940f1064f4e1c4dbfb2dd5063d999bdb","benchmarks/stage5/documentation_fix_release_20261001/fastphylosig_0.3.0.tar.gz","909b7ad27485dcc2d96a7bb1fc70b65b54e93245d75761aca406b9c52f06cbff","1.0.4",0.113605976104736,0.0402501014061267,"Sys.time",1,TRUE,"ok","fast_result",TRUE,,"trait;D_fast;Pval1_fast;Pval0_fast;P_random;P_Brownian;MCSE_P_random;MCSE_P_Brownian;nsim_requested;nsim_successful_random;nsim_successful_brownian;nsim_failed_random;nsim_failed_brownian;observed;mean_random;mean_brownian;n_species;n_removed_na;matched_species;removed_tree_tips;removed_data_rows;status;note;message;estimate;p_random;p_brownian;p_mcse_random;p_mcse_brownian;MCSE_random;MCSE_Brownian;mcse_random;mcse_brownian;n_sim_requested;n_sim_successful_random;n_sim_successful_brownian;method","",,,199,199,199,,,,,,,,,
"20261002T011636Z","full","Delta_strong_n2000_r03","fastphylosig","Delta","Borges2019 delta() [pinned source]","strong",0.95,2000,3,2000,2000,0,,,,,22260931,220263901,220263902,220263903,22291402,"fastphylosig",1,FALSE,,10000,10,100,0.1,0.5,2,"LSE","ARD","0.1","0.5","10000","10","100","LSE","ARD","fast","1",20000,20000,20000,TRUE,TRUE,"ad6920cc6e741a2701f7ab252e304618b4083ca44eacf33ad45bbf317a7bd05a","6f88d08c849ecdf09940a0fc8f195836501cc2517d936f4e173e3967dd41b014","8f1ebae032b2ff6a91ed446fca79a4a27f610a8e392b4d658b7847d76c046e8b","78765c3c70f5d06cf937f47bf55655074beff7e41d1033f1664cfbf83c42bee8","4ffe6261ef0e0a80dc01e9c05f46e63dbd63856d135143a2a9a932c7a985f3ce","0.3.0","isolated_release_library/fastphylosig","d951ecee19c06f3a144ad76c5039302078747585bb3bf829e6f12db15f54775d","isolated_release_library/fastphylosig/libs/<platform>/fastphylosig","c46a5834babd455b546bc65c6549c42ba51e6b47f3c9f222919b7118a5af3280","1bd40080f1ea537b3c73c838dc98ff84940f1064f4e1c4dbfb2dd5063d999bdb","benchmarks/stage5/documentation_fix_release_20261001/fastphylosig_0.3.0.tar.gz","909b7ad27485dcc2d96a7bb1fc70b65b54e93245d75761aca406b9c52f06cbff","Borges2019-source-sha256:0dc1e987c13f0e972b0e7c3b4829b4d0fdc41ff0de3856bae4803f9ce0115175",0.33521294593811,8.07491808622586,"Sys.time",1,TRUE,"ok","fast_result",TRUE,,"trait;Delta_fast;alpha_mean;beta_mean;n_saved;n_saved_requested;n_saved_successful;alpha_sd;beta_sd;ESS_alpha;ESS_beta;split_Rhat_alpha;split_Rhat_beta;Rhat_alpha;Rhat_beta;alpha_beta_cov;MCSE_Delta;diagnostics_available;diagnostics_note;requested_simulations;successful_simulations;requested_iterations;successful_iterations;requested_permutations;successful_permutations;n_states;n_species;n_removed_na;matched_species;removed_tree_tips;removed_data_rows;status;note;message;estimate;p_value;p_mcse;estimate_mcse;ess_alpha;ess_beta;rhat_alpha;rhat_beta;ESS;ess;Rhat;rhat;n_sim_requested;n_sim_successful;n_iter_requested;n_iter_successful;method","",,3,,,,20000,20000,"TRUE","Diagnostics computed from saved alpha/beta MCMC traces.",307.558237788835,438.24972514795,1.00293859165159,1.0027433214878,0.00796394668104138
"20261002T011636Z","full","Delta_strong_n2000_r03","reference","Delta","Borges2019 delta() [pinned source]","strong",0.95,2000,3,2000,2000,0,2000,2000,,2000,22260931,220263901,220263902,220263903,22291403,"fastphylosig",2,FALSE,,10000,10,100,0.1,0.5,2,"LSE","ARD",,,,,,,,,,,,,,,"ad6920cc6e741a2701f7ab252e304618b4083ca44eacf33ad45bbf317a7bd05a","6f88d08c849ecdf09940a0fc8f195836501cc2517d936f4e173e3967dd41b014","8f1ebae032b2ff6a91ed446fca79a4a27f610a8e392b4d658b7847d76c046e8b","78765c3c70f5d06cf937f47bf55655074beff7e41d1033f1664cfbf83c42bee8","4ffe6261ef0e0a80dc01e9c05f46e63dbd63856d135143a2a9a932c7a985f3ce","0.3.0","isolated_release_library/fastphylosig","d951ecee19c06f3a144ad76c5039302078747585bb3bf829e6f12db15f54775d","isolated_release_library/fastphylosig/libs/<platform>/fastphylosig","c46a5834babd455b546bc65c6549c42ba51e6b47f3c9f222919b7118a5af3280","1bd40080f1ea537b3c73c838dc98ff84940f1064f4e1c4dbfb2dd5063d999bdb","benchmarks/stage5/documentation_fix_release_20261001/fastphylosig_0.3.0.tar.gz","909b7ad27485dcc2d96a7bb1fc70b65b54e93245d75761aca406b9c52f06cbff","Borges2019-source-sha256:0dc1e987c13f0e972b0e7c3b4829b4d0fdc41ff0de3856bae4803f9ce0115175",11.3051970005035,8.07740692929714,"Sys.time",1,TRUE,"not_reported_by_reference","finite_reference_estimate_and_input_audit",TRUE,,"<numeric>","NaNs produced || Inf replaced by maximum positive value",,3,,,,,,,,,,,,
"20261002T011636Z","full","D_none_n2000_r04","fastphylosig","D","caper::phylo.d","none",0,2000,4,2000,2000,0,,,,,22260941,220264901,220264902,220264903,22271402,"fastphylosig",1,TRUE,199,,,,,,,,,,,,,,,,,,,,,,,"4f00acfca96708feed9586dee15229769280f0124e863c4123867d6c5161cc35","ac71209b4fa957f40ab46f6a3f75958710071d67068fceb9328b9ce1cf36c9d5","5ad7043a5e0001ce4c8cceba7e07b32bd25543b4a7694a1fe40b41afe6d9ebce","cd64c501665893d5e294e72a357501b9315fe3fe0bf87067066eae2036ed4bde","a567d0559b36d7329b4ec60eddb506c6ee8a3b592f0250446492410a3a3ab76c","0.3.0","isolated_release_library/fastphylosig","d951ecee19c06f3a144ad76c5039302078747585bb3bf829e6f12db15f54775d","isolated_release_library/fastphylosig/libs/<platform>/fastphylosig","c46a5834babd455b546bc65c6549c42ba51e6b47f3c9f222919b7118a5af3280","1bd40080f1ea537b3c73c838dc98ff84940f1064f4e1c4dbfb2dd5063d999bdb","benchmarks/stage5/documentation_fix_release_20261001/fastphylosig_0.3.0.tar.gz","909b7ad27485dcc2d96a7bb1fc70b65b54e93245d75761aca406b9c52f06cbff","1.0.4",0.119458913803101,0.99961360808507,"Sys.time",1,TRUE,"ok","fast_result",TRUE,,"trait;D_fast;Pval1_fast;Pval0_fast;P_random;P_Brownian;MCSE_P_random;MCSE_P_Brownian;nsim_requested;nsim_successful_random;nsim_successful_brownian;nsim_failed_random;nsim_failed_brownian;observed;mean_random;mean_brownian;n_species;n_removed_na;matched_species;removed_tree_tips;removed_data_rows;status;note;message;estimate;p_random;p_brownian;p_mcse_random;p_mcse_brownian;MCSE_random;MCSE_Brownian;mcse_random;mcse_brownian;n_sim_requested;n_sim_successful_random;n_sim_successful_brownian;method","",,,199,199,199,,,,,,,,,
"20261002T011636Z","full","D_none_n2000_r04","reference","D","caper::phylo.d","none",0,2000,4,2000,2000,0,2000,2000,2000,2000,22260941,220264901,220264902,220264903,22271403,"fastphylosig",2,TRUE,199,,,,,,,,,,,,,,,,,,,,,,,"4f00acfca96708feed9586dee15229769280f0124e863c4123867d6c5161cc35","ac71209b4fa957f40ab46f6a3f75958710071d67068fceb9328b9ce1cf36c9d5","5ad7043a5e0001ce4c8cceba7e07b32bd25543b4a7694a1fe40b41afe6d9ebce","cd64c501665893d5e294e72a357501b9315fe3fe0bf87067066eae2036ed4bde","a567d0559b36d7329b4ec60eddb506c6ee8a3b592f0250446492410a3a3ab76c","0.3.0","isolated_release_library/fastphylosig","d951ecee19c06f3a144ad76c5039302078747585bb3bf829e6f12db15f54775d","isolated_release_library/fastphylosig/libs/<platform>/fastphylosig","c46a5834babd455b546bc65c6549c42ba51e6b47f3c9f222919b7118a5af3280","1bd40080f1ea537b3c73c838dc98ff84940f1064f4e1c4dbfb2dd5063d999bdb","benchmarks/stage5/documentation_fix_release_20261001/fastphylosig_0.3.0.tar.gz","909b7ad27485dcc2d96a7bb1fc70b65b54e93245d75761aca406b9c52f06cbff","1.0.4",25.8884098529816,0.99764900096258,"Sys.time",1,TRUE,"not_reported_by_reference","finite_reference_estimate_and_input_audit",TRUE,,"DEstimate;Pval1;Pval0;Parameters;StatesTable;Permutations;NodalVals;binvar;data;nPermut;rnd.bias","",,2,,,,,,,,,,,,
"20261002T011636Z","full","Delta_none_n2000_r04","reference","Delta","Borges2019 delta() [pinned source]","none",0,2000,4,2000,2000,0,2000,2000,,2000,22260941,220264901,220264902,220264903,22271503,"reference",1,FALSE,,10000,10,100,0.1,0.5,2,"LSE","ARD",,,,,,,,,,,,,,,"4f00acfca96708feed9586dee15229769280f0124e863c4123867d6c5161cc35","ac71209b4fa957f40ab46f6a3f75958710071d67068fceb9328b9ce1cf36c9d5","5ad7043a5e0001ce4c8cceba7e07b32bd25543b4a7694a1fe40b41afe6d9ebce","2604b85f25c76ea7f7df62ae5cb9d025b242bd22baee2614cccfa69dfd0838df","01720ea14f80d3c8202c24eede423326cb2295645927bb4e4b9f4c1a652b2df4","0.3.0","isolated_release_library/fastphylosig","d951ecee19c06f3a144ad76c5039302078747585bb3bf829e6f12db15f54775d","isolated_release_library/fastphylosig/libs/<platform>/fastphylosig","c46a5834babd455b546bc65c6549c42ba51e6b47f3c9f222919b7118a5af3280","1bd40080f1ea537b3c73c838dc98ff84940f1064f4e1c4dbfb2dd5063d999bdb","benchmarks/stage5/documentation_fix_release_20261001/fastphylosig_0.3.0.tar.gz","909b7ad27485dcc2d96a7bb1fc70b65b54e93245d75761aca406b9c52f06cbff","Borges2019-source-sha256:0dc1e987c13f0e972b0e7c3b4829b4d0fdc41ff0de3856bae4803f9ce0115175",19.6175639629364,0.122776359499011,"Sys.time",1,TRUE,"not_reported_by_reference","finite_reference_estimate_and_input_audit",TRUE,,"<numeric>","imaginary parts discarded in coercion || NaNs produced",,3,,,,,,,,,,,,
"20261002T011636Z","full","Delta_none_n2000_r04","fastphylosig","Delta","Borges2019 delta() [pinned source]","none",0,2000,4,2000,2000,0,,,,,22260941,220264901,220264902,220264903,22271502,"reference",2,FALSE,,10000,10,100,0.1,0.5,2,"LSE","ARD","0.1","0.5","10000","10","100","LSE","ARD","fast","1",20000,20000,20000,TRUE,TRUE,"4f00acfca96708feed9586dee15229769280f0124e863c4123867d6c5161cc35","ac71209b4fa957f40ab46f6a3f75958710071d67068fceb9328b9ce1cf36c9d5","5ad7043a5e0001ce4c8cceba7e07b32bd25543b4a7694a1fe40b41afe6d9ebce","2604b85f25c76ea7f7df62ae5cb9d025b242bd22baee2614cccfa69dfd0838df","01720ea14f80d3c8202c24eede423326cb2295645927bb4e4b9f4c1a652b2df4","0.3.0","isolated_release_library/fastphylosig","d951ecee19c06f3a144ad76c5039302078747585bb3bf829e6f12db15f54775d","isolated_release_library/fastphylosig/libs/<platform>/fastphylosig","c46a5834babd455b546bc65c6549c42ba51e6b47f3c9f222919b7118a5af3280","1bd40080f1ea537b3c73c838dc98ff84940f1064f4e1c4dbfb2dd5063d999bdb","benchmarks/stage5/documentation_fix_release_20261001/fastphylosig_0.3.0.tar.gz","909b7ad27485dcc2d96a7bb1fc70b65b54e93245d75761aca406b9c52f06cbff","Borges2019-source-sha256:0dc1e987c13f0e972b0e7c3b4829b4d0fdc41ff0de3856bae4803f9ce0115175",0.958217144012451,0.122434214233716,"Sys.time",1,TRUE,"ok","fast_result",TRUE,,"trait;Delta_fast;alpha_mean;beta_mean;n_saved;n_saved_requested;n_saved_successful;alpha_sd;beta_sd;ESS_alpha;ESS_beta;split_Rhat_alpha;split_Rhat_beta;Rhat_alpha;Rhat_beta;alpha_beta_cov;MCSE_Delta;diagnostics_available;diagnostics_note;requested_simulations;successful_simulations;requested_iterations;successful_iterations;requested_permutations;successful_permutations;n_states;n_species;n_removed_na;matched_species;removed_tree_tips;removed_data_rows;status;note;message;estimate;p_value;p_mcse;estimate_mcse;ess_alpha;ess_beta;rhat_alpha;rhat_beta;ESS;ess;Rhat;rhat;n_sim_requested;n_sim_successful;n_iter_requested;n_iter_successful;method","",,3,,,,20000,20000,"TRUE","Diagnostics computed from saved alpha/beta MCMC traces.",542.916011278172,274.03327780786,1.00361088689341,1.00846107286757,0.000127329761389266
"20261002T011636Z","full","D_moderate_n2000_r04","reference","D","caper::phylo.d","moderate",0.5,2000,4,2000,2000,0,2000,2000,2000,2000,22260941,220264901,220264902,220264903,22281403,"reference",1,TRUE,199,,,,,,,,,,,,,,,,,,,,,,,"4f00acfca96708feed9586dee15229769280f0124e863c4123867d6c5161cc35","ac71209b4fa957f40ab46f6a3f75958710071d67068fceb9328b9ce1cf36c9d5","5ad7043a5e0001ce4c8cceba7e07b32bd25543b4a7694a1fe40b41afe6d9ebce","c355df337090db74f98c92807680d6751f1e7236e0f36940d7f0be6daa563778","ba66556fcbeec864327dd316914d7149b2c46847aa6da852c3b0dbf540e21a61","0.3.0","isolated_release_library/fastphylosig","d951ecee19c06f3a144ad76c5039302078747585bb3bf829e6f12db15f54775d","isolated_release_library/fastphylosig/libs/<platform>/fastphylosig","c46a5834babd455b546bc65c6549c42ba51e6b47f3c9f222919b7118a5af3280","1bd40080f1ea537b3c73c838dc98ff84940f1064f4e1c4dbfb2dd5063d999bdb","benchmarks/stage5/documentation_fix_release_20261001/fastphylosig_0.3.0.tar.gz","909b7ad27485dcc2d96a7bb1fc70b65b54e93245d75761aca406b9c52f06cbff","1.0.4",26.1862649917603,0.598684916418634,"Sys.time",1,TRUE,"not_reported_by_reference","finite_reference_estimate_and_input_audit",TRUE,,"DEstimate;Pval1;Pval0;Parameters;StatesTable;Permutations;NodalVals;binvar;data;nPermut;rnd.bias","",,2,,,,,,,,,,,,
"20261002T011636Z","full","D_moderate_n2000_r04","fastphylosig","D","caper::phylo.d","moderate",0.5,2000,4,2000,2000,0,,,,,22260941,220264901,220264902,220264903,22281402,"reference",2,TRUE,199,,,,,,,,,,,,,,,,,,,,,,,"4f00acfca96708feed9586dee15229769280f0124e863c4123867d6c5161cc35","ac71209b4fa957f40ab46f6a3f75958710071d67068fceb9328b9ce1cf36c9d5","5ad7043a5e0001ce4c8cceba7e07b32bd25543b4a7694a1fe40b41afe6d9ebce","c355df337090db74f98c92807680d6751f1e7236e0f36940d7f0be6daa563778","ba66556fcbeec864327dd316914d7149b2c46847aa6da852c3b0dbf540e21a61","0.3.0","isolated_release_library/fastphylosig","d951ecee19c06f3a144ad76c5039302078747585bb3bf829e6f12db15f54775d","isolated_release_library/fastphylosig/libs/<platform>/fastphylosig","c46a5834babd455b546bc65c6549c42ba51e6b47f3c9f222919b7118a5af3280","1bd40080f1ea537b3c73c838dc98ff84940f1064f4e1c4dbfb2dd5063d999bdb","benchmarks/stage5/documentation_fix_release_20261001/fastphylosig_0.3.0.tar.gz","909b7ad27485dcc2d96a7bb1fc70b65b54e93245d75761aca406b9c52f06cbff","1.0.4",0.118370056152344,0.603156878999566,"Sys.time",1,TRUE,"ok","fast_result",TRUE,,"trait;D_fast;Pval1_fast;Pval0_fast;P_random;P_Brownian;MCSE_P_random;MCSE_P_Brownian;nsim_requested;nsim_successful_random;nsim_successful_brownian;nsim_failed_random;nsim_failed_brownian;observed;mean_random;mean_brownian;n_species;n_removed_na;matched_species;removed_tree_tips;removed_data_rows;status;note;message;estimate;p_random;p_brownian;p_mcse_random;p_mcse_brownian;MCSE_random;MCSE_Brownian;mcse_random;mcse_brownian;n_sim_requested;n_sim_successful_random;n_sim_successful_brownian;method","",,,199,199,199,,,,,,,,,
"20261002T011636Z","full","Delta_moderate_n2000_r04","fastphylosig","Delta","Borges2019 delta() [pinned source]","moderate",0.5,2000,4,2000,2000,0,,,,,22260941,220264901,220264902,220264903,22281502,"fastphylosig",1,FALSE,,10000,10,100,0.1,0.5,2,"LSE","ARD","0.1","0.5","10000","10","100","LSE","ARD","fast","1",20000,20000,20000,TRUE,TRUE,"4f00acfca96708feed9586dee15229769280f0124e863c4123867d6c5161cc35","ac71209b4fa957f40ab46f6a3f75958710071d67068fceb9328b9ce1cf36c9d5","5ad7043a5e0001ce4c8cceba7e07b32bd25543b4a7694a1fe40b41afe6d9ebce","24d034c500f4338370d33e32574d7518875f7855fb458996ab6b710adf95f93c","56d5a5400aeeedebac1adfae1d04631da2e9d622992c9c6536fa1b2e0bafb8bc","0.3.0","isolated_release_library/fastphylosig","d951ecee19c06f3a144ad76c5039302078747585bb3bf829e6f12db15f54775d","isolated_release_library/fastphylosig/libs/<platform>/fastphylosig","c46a5834babd455b546bc65c6549c42ba51e6b47f3c9f222919b7118a5af3280","1bd40080f1ea537b3c73c838dc98ff84940f1064f4e1c4dbfb2dd5063d999bdb","benchmarks/stage5/documentation_fix_release_20261001/fastphylosig_0.3.0.tar.gz","909b7ad27485dcc2d96a7bb1fc70b65b54e93245d75761aca406b9c52f06cbff","Borges2019-source-sha256:0dc1e987c13f0e972b0e7c3b4829b4d0fdc41ff0de3856bae4803f9ce0115175",0.486076831817627,2.00075903581134,"Sys.time",1,TRUE,"ok","fast_result",TRUE,,"trait;Delta_fast;alpha_mean;beta_mean;n_saved;n_saved_requested;n_saved_successful;alpha_sd;beta_sd;ESS_alpha;ESS_beta;split_Rhat_alpha;split_Rhat_beta;Rhat_alpha;Rhat_beta;alpha_beta_cov;MCSE_Delta;diagnostics_available;diagnostics_note;requested_simulations;successful_simulations;requested_iterations;successful_iterations;requested_permutations;successful_permutations;n_states;n_species;n_removed_na;matched_species;removed_tree_tips;removed_data_rows;status;note;message;estimate;p_value;p_mcse;estimate_mcse;ess_alpha;ess_beta;rhat_alpha;rhat_beta;ESS;ess;Rhat;rhat;n_sim_requested;n_sim_successful;n_iter_requested;n_iter_successful;method","",,3,,,,20000,20000,"TRUE","Diagnostics computed from saved alpha/beta MCMC traces.",239.23458113355,240.912533230931,1.02124929231441,1.01393866965179,0.00112061013978671
"20261002T011636Z","full","Delta_moderate_n2000_r04","reference","Delta","Borges2019 delta() [pinned source]","moderate",0.5,2000,4,2000,2000,0,2000,2000,,2000,22260941,220264901,220264902,220264903,22281503,"fastphylosig",2,FALSE,,10000,10,100,0.1,0.5,2,"LSE","ARD",,,,,,,,,,,,,,,"4f00acfca96708feed9586dee15229769280f0124e863c4123867d6c5161cc35","ac71209b4fa957f40ab46f6a3f75958710071d67068fceb9328b9ce1cf36c9d5","5ad7043a5e0001ce4c8cceba7e07b32bd25543b4a7694a1fe40b41afe6d9ebce","24d034c500f4338370d33e32574d7518875f7855fb458996ab6b710adf95f93c","56d5a5400aeeedebac1adfae1d04631da2e9d622992c9c6536fa1b2e0bafb8bc","0.3.0","isolated_release_library/fastphylosig","d951ecee19c06f3a144ad76c5039302078747585bb3bf829e6f12db15f54775d","isolated_release_library/fastphylosig/libs/<platform>/fastphylosig","c46a5834babd455b546bc65c6549c42ba51e6b47f3c9f222919b7118a5af3280","1bd40080f1ea537b3c73c838dc98ff84940f1064f4e1c4dbfb2dd5063d999bdb","benchmarks/stage5/documentation_fix_release_20261001/fastphylosig_0.3.0.tar.gz","909b7ad27485dcc2d96a7bb1fc70b65b54e93245d75761aca406b9c52f06cbff","Borges2019-source-sha256:0dc1e987c13f0e972b0e7c3b4829b4d0fdc41ff0de3856bae4803f9ce0115175",13.1801278591156,2.00114527679882,"Sys.time",1,TRUE,"not_reported_by_reference","finite_reference_estimate_and_input_audit",TRUE,,"<numeric>","NaNs produced || Inf replaced by maximum positive value",,3,,,,,,,,,,,,
"20261002T011636Z","full","D_strong_n2000_r04","fastphylosig","D","caper::phylo.d","strong",0.95,2000,4,2000,2000,0,,,,,22260941,220264901,220264902,220264903,22291402,"fastphylosig",1,TRUE,199,,,,,,,,,,,,,,,,,,,,,,,"4f00acfca96708feed9586dee15229769280f0124e863c4123867d6c5161cc35","ac71209b4fa957f40ab46f6a3f75958710071d67068fceb9328b9ce1cf36c9d5","5ad7043a5e0001ce4c8cceba7e07b32bd25543b4a7694a1fe40b41afe6d9ebce","9ac7b8ccd39e3334e4a69579943d96708b1e1cecb73a50e103c3c8e559162fe2","fdac0086256e594210dd55d014fc329fb4178e5d2ca1bd63d22453198ac4f1b5","0.3.0","isolated_release_library/fastphylosig","d951ecee19c06f3a144ad76c5039302078747585bb3bf829e6f12db15f54775d","isolated_release_library/fastphylosig/libs/<platform>/fastphylosig","c46a5834babd455b546bc65c6549c42ba51e6b47f3c9f222919b7118a5af3280","1bd40080f1ea537b3c73c838dc98ff84940f1064f4e1c4dbfb2dd5063d999bdb","benchmarks/stage5/documentation_fix_release_20261001/fastphylosig_0.3.0.tar.gz","909b7ad27485dcc2d96a7bb1fc70b65b54e93245d75761aca406b9c52f06cbff","1.0.4",0.114564895629883,0.0354029124554187,"Sys.time",1,TRUE,"ok","fast_result",TRUE,,"trait;D_fast;Pval1_fast;Pval0_fast;P_random;P_Brownian;MCSE_P_random;MCSE_P_Brownian;nsim_requested;nsim_successful_random;nsim_successful_brownian;nsim_failed_random;nsim_failed_brownian;observed;mean_random;mean_brownian;n_species;n_removed_na;matched_species;removed_tree_tips;removed_data_rows;status;note;message;estimate;p_random;p_brownian;p_mcse_random;p_mcse_brownian;MCSE_random;MCSE_Brownian;mcse_random;mcse_brownian;n_sim_requested;n_sim_successful_random;n_sim_successful_brownian;method","",,,199,199,199,,,,,,,,,
"20261002T011636Z","full","D_strong_n2000_r04","reference","D","caper::phylo.d","strong",0.95,2000,4,2000,2000,0,2000,2000,2000,2000,22260941,220264901,220264902,220264903,22291403,"fastphylosig",2,TRUE,199,,,,,,,,,,,,,,,,,,,,,,,"4f00acfca96708feed9586dee15229769280f0124e863c4123867d6c5161cc35","ac71209b4fa957f40ab46f6a3f75958710071d67068fceb9328b9ce1cf36c9d5","5ad7043a5e0001ce4c8cceba7e07b32bd25543b4a7694a1fe40b41afe6d9ebce","9ac7b8ccd39e3334e4a69579943d96708b1e1cecb73a50e103c3c8e559162fe2","fdac0086256e594210dd55d014fc329fb4178e5d2ca1bd63d22453198ac4f1b5","0.3.0","isolated_release_library/fastphylosig","d951ecee19c06f3a144ad76c5039302078747585bb3bf829e6f12db15f54775d","isolated_release_library/fastphylosig/libs/<platform>/fastphylosig","c46a5834babd455b546bc65c6549c42ba51e6b47f3c9f222919b7118a5af3280","1bd40080f1ea537b3c73c838dc98ff84940f1064f4e1c4dbfb2dd5063d999bdb","benchmarks/stage5/documentation_fix_release_20261001/fastphylosig_0.3.0.tar.gz","909b7ad27485dcc2d96a7bb1fc70b65b54e93245d75761aca406b9c52f06cbff","1.0.4",25.5190899372101,0.032129721703945,"Sys.time",1,TRUE,"not_reported_by_reference","finite_reference_estimate_and_input_audit",TRUE,,"DEstimate;Pval1;Pval0;Parameters;StatesTable;Permutations;NodalVals;binvar;data;nPermut;rnd.bias","",,2,,,,,,,,,,,,
"20261002T011636Z","full","Delta_strong_n2000_r04","reference","Delta","Borges2019 delta() [pinned source]","strong",0.95,2000,4,2000,2000,0,2000,2000,,2000,22260941,220264901,220264902,220264903,22291503,"reference",1,FALSE,,10000,10,100,0.1,0.5,2,"LSE","ARD",,,,,,,,,,,,,,,"4f00acfca96708feed9586dee15229769280f0124e863c4123867d6c5161cc35","ac71209b4fa957f40ab46f6a3f75958710071d67068fceb9328b9ce1cf36c9d5","5ad7043a5e0001ce4c8cceba7e07b32bd25543b4a7694a1fe40b41afe6d9ebce","be097cf77300067d5e4d67b0f101c7adb366b6f5c1227edb7c2d072c8783f41a","2d65ad15bbbb0b17c43d6c05e3b7d9dc163f57873313579fb2d98d4b54758ab1","0.3.0","isolated_release_library/fastphylosig","d951ecee19c06f3a144ad76c5039302078747585bb3bf829e6f12db15f54775d","isolated_release_library/fastphylosig/libs/<platform>/fastphylosig","c46a5834babd455b546bc65c6549c42ba51e6b47f3c9f222919b7118a5af3280","1bd40080f1ea537b3c73c838dc98ff84940f1064f4e1c4dbfb2dd5063d999bdb","benchmarks/stage5/documentation_fix_release_20261001/fastphylosig_0.3.0.tar.gz","909b7ad27485dcc2d96a7bb1fc70b65b54e93245d75761aca406b9c52f06cbff","Borges2019-source-sha256:0dc1e987c13f0e972b0e7c3b4829b4d0fdc41ff0de3856bae4803f9ce0115175",10.9683680534363,8.33600931557107,"Sys.time",1,TRUE,"not_reported_by_reference","finite_reference_estimate_and_input_audit",TRUE,,"<numeric>","NaNs produced || Inf replaced by maximum positive value",,3,,,,,,,,,,,,
"20261002T011636Z","full","Delta_strong_n2000_r04","fastphylosig","Delta","Borges2019 delta() [pinned source]","strong",0.95,2000,4,2000,2000,0,,,,,22260941,220264901,220264902,220264903,22291502,"reference",2,FALSE,,10000,10,100,0.1,0.5,2,"LSE","ARD","0.1","0.5","10000","10","100","LSE","ARD","fast","1",20000,20000,20000,TRUE,TRUE,"4f00acfca96708feed9586dee15229769280f0124e863c4123867d6c5161cc35","ac71209b4fa957f40ab46f6a3f75958710071d67068fceb9328b9ce1cf36c9d5","5ad7043a5e0001ce4c8cceba7e07b32bd25543b4a7694a1fe40b41afe6d9ebce","be097cf77300067d5e4d67b0f101c7adb366b6f5c1227edb7c2d072c8783f41a","2d65ad15bbbb0b17c43d6c05e3b7d9dc163f57873313579fb2d98d4b54758ab1","0.3.0","isolated_release_library/fastphylosig","d951ecee19c06f3a144ad76c5039302078747585bb3bf829e6f12db15f54775d","isolated_release_library/fastphylosig/libs/<platform>/fastphylosig","c46a5834babd455b546bc65c6549c42ba51e6b47f3c9f222919b7118a5af3280","1bd40080f1ea537b3c73c838dc98ff84940f1064f4e1c4dbfb2dd5063d999bdb","benchmarks/stage5/documentation_fix_release_20261001/fastphylosig_0.3.0.tar.gz","909b7ad27485dcc2d96a7bb1fc70b65b54e93245d75761aca406b9c52f06cbff","Borges2019-source-sha256:0dc1e987c13f0e972b0e7c3b4829b4d0fdc41ff0de3856bae4803f9ce0115175",0.316725969314575,8.32250367713145,"Sys.time",1,TRUE,"ok","fast_result",TRUE,,"trait;Delta_fast;alpha_mean;beta_mean;n_saved;n_saved_requested;n_saved_successful;alpha_sd;beta_sd;ESS_alpha;ESS_beta;split_Rhat_alpha;split_Rhat_beta;Rhat_alpha;Rhat_beta;alpha_beta_cov;MCSE_Delta;diagnostics_available;diagnostics_note;requested_simulations;successful_simulations;requested_iterations;successful_iterations;requested_permutations;successful_permutations;n_states;n_species;n_removed_na;matched_species;removed_tree_tips;removed_data_rows;status;note;message;estimate;p_value;p_mcse;estimate_mcse;ess_alpha;ess_beta;rhat_alpha;rhat_beta;ESS;ess;Rhat;rhat;n_sim_requested;n_sim_successful;n_iter_requested;n_iter_successful;method","",,3,,,,20000,20000,"TRUE","Diagnostics computed from saved alpha/beta MCMC traces.",519.483764049645,511.446716697049,1.0019289942243,1.00266772898067,0.00900519867339156
"20261002T011636Z","full","D_none_n2000_r05","reference","D","caper::phylo.d","none",0,2000,5,2000,2000,0,2000,2000,2000,2000,22260951,220265901,220265902,220265903,22271503,"reference",1,TRUE,199,,,,,,,,,,,,,,,,,,,,,,,"061939f39333249ddac00b3fcbc0179e782d6d4a3b1239800ddb006d2ec127a4","b2d94c989d91c22ac01f28aa4b8b57a411ef8612d99516cfe384635bbbc2920f","3dca3a297635bc5427e39cd5417a78ecbab80583c13654d413c065fc0cc25f5a","ad900838a103b64cfff1857115b9a94979fcd49b7c0ef8111c37f4b9948180fc","8c0a46d66037b3aca8ea6540bdbc1bd5ff733ab8d77fbbb1ebad6248a5d36ce3","0.3.0","isolated_release_library/fastphylosig","d951ecee19c06f3a144ad76c5039302078747585bb3bf829e6f12db15f54775d","isolated_release_library/fastphylosig/libs/<platform>/fastphylosig","c46a5834babd455b546bc65c6549c42ba51e6b47f3c9f222919b7118a5af3280","1bd40080f1ea537b3c73c838dc98ff84940f1064f4e1c4dbfb2dd5063d999bdb","benchmarks/stage5/documentation_fix_release_20261001/fastphylosig_0.3.0.tar.gz","909b7ad27485dcc2d96a7bb1fc70b65b54e93245d75761aca406b9c52f06cbff","1.0.4",26.2878520488739,1.04845605233572,"Sys.time",1,TRUE,"not_reported_by_reference","finite_reference_estimate_and_input_audit",TRUE,,"DEstimate;Pval1;Pval0;Parameters;StatesTable;Permutations;NodalVals;binvar;data;nPermut;rnd.bias","",,2,,,,,,,,,,,,
"20261002T011636Z","full","D_none_n2000_r05","fastphylosig","D","caper::phylo.d","none",0,2000,5,2000,2000,0,,,,,22260951,220265901,220265902,220265903,22271502,"reference",2,TRUE,199,,,,,,,,,,,,,,,,,,,,,,,"061939f39333249ddac00b3fcbc0179e782d6d4a3b1239800ddb006d2ec127a4","b2d94c989d91c22ac01f28aa4b8b57a411ef8612d99516cfe384635bbbc2920f","3dca3a297635bc5427e39cd5417a78ecbab80583c13654d413c065fc0cc25f5a","ad900838a103b64cfff1857115b9a94979fcd49b7c0ef8111c37f4b9948180fc","8c0a46d66037b3aca8ea6540bdbc1bd5ff733ab8d77fbbb1ebad6248a5d36ce3","0.3.0","isolated_release_library/fastphylosig","d951ecee19c06f3a144ad76c5039302078747585bb3bf829e6f12db15f54775d","isolated_release_library/fastphylosig/libs/<platform>/fastphylosig","c46a5834babd455b546bc65c6549c42ba51e6b47f3c9f222919b7118a5af3280","1bd40080f1ea537b3c73c838dc98ff84940f1064f4e1c4dbfb2dd5063d999bdb","benchmarks/stage5/documentation_fix_release_20261001/fastphylosig_0.3.0.tar.gz","909b7ad27485dcc2d96a7bb1fc70b65b54e93245d75761aca406b9c52f06cbff","1.0.4",0.123147964477539,1.04902068037651,"Sys.time",1,TRUE,"ok","fast_result",TRUE,,"trait;D_fast;Pval1_fast;Pval0_fast;P_random;P_Brownian;MCSE_P_random;MCSE_P_Brownian;nsim_requested;nsim_successful_random;nsim_successful_brownian;nsim_failed_random;nsim_failed_brownian;observed;mean_random;mean_brownian;n_species;n_removed_na;matched_species;removed_tree_tips;removed_data_rows;status;note;message;estimate;p_random;p_brownian;p_mcse_random;p_mcse_brownian;MCSE_random;MCSE_Brownian;mcse_random;mcse_brownian;n_sim_requested;n_sim_successful_random;n_sim_successful_brownian;method","",,,199,199,199,,,,,,,,,
"20261002T011636Z","full","Delta_none_n2000_r05","fastphylosig","Delta","Borges2019 delta() [pinned source]","none",0,2000,5,2000,2000,0,,,,,22260951,220265901,220265902,220265903,22271602,"fastphylosig",1,FALSE,,10000,10,100,0.1,0.5,2,"LSE","ARD","0.1","0.5","10000","10","100","LSE","ARD","fast","1",20000,20000,20000,TRUE,TRUE,"061939f39333249ddac00b3fcbc0179e782d6d4a3b1239800ddb006d2ec127a4","b2d94c989d91c22ac01f28aa4b8b57a411ef8612d99516cfe384635bbbc2920f","3dca3a297635bc5427e39cd5417a78ecbab80583c13654d413c065fc0cc25f5a","3f133935693757546c5c978a8386149613bc8af9a839bf7e755911ad7c01447b","7a2f330bb056f069d8c7189125a8c9983d58f56d63b6eeb207484e906c82c95f","0.3.0","isolated_release_library/fastphylosig","d951ecee19c06f3a144ad76c5039302078747585bb3bf829e6f12db15f54775d","isolated_release_library/fastphylosig/libs/<platform>/fastphylosig","c46a5834babd455b546bc65c6549c42ba51e6b47f3c9f222919b7118a5af3280","1bd40080f1ea537b3c73c838dc98ff84940f1064f4e1c4dbfb2dd5063d999bdb","benchmarks/stage5/documentation_fix_release_20261001/fastphylosig_0.3.0.tar.gz","909b7ad27485dcc2d96a7bb1fc70b65b54e93245d75761aca406b9c52f06cbff","Borges2019-source-sha256:0dc1e987c13f0e972b0e7c3b4829b4d0fdc41ff0de3856bae4803f9ce0115175",0.998339891433716,0.141573424549257,"Sys.time",1,TRUE,"ok","fast_result",TRUE,,"trait;Delta_fast;alpha_mean;beta_mean;n_saved;n_saved_requested;n_saved_successful;alpha_sd;beta_sd;ESS_alpha;ESS_beta;split_Rhat_alpha;split_Rhat_beta;Rhat_alpha;Rhat_beta;alpha_beta_cov;MCSE_Delta;diagnostics_available;diagnostics_note;requested_simulations;successful_simulations;requested_iterations;successful_iterations;requested_permutations;successful_permutations;n_states;n_species;n_removed_na;matched_species;removed_tree_tips;removed_data_rows;status;note;message;estimate;p_value;p_mcse;estimate_mcse;ess_alpha;ess_beta;rhat_alpha;rhat_beta;ESS;ess;Rhat;rhat;n_sim_requested;n_sim_successful;n_iter_requested;n_iter_successful;method","",,3,,,,20000,20000,"TRUE","Diagnostics computed from saved alpha/beta MCMC traces.",472.008005171489,294.085546534017,1.00588770453401,1.00616400372082,0.000162849197511034
"20261002T011636Z","full","Delta_none_n2000_r05","reference","Delta","Borges2019 delta() [pinned source]","none",0,2000,5,2000,2000,0,2000,2000,,2000,22260951,220265901,220265902,220265903,22271603,"fastphylosig",2,FALSE,,10000,10,100,0.1,0.5,2,"LSE","ARD",,,,,,,,,,,,,,,"061939f39333249ddac00b3fcbc0179e782d6d4a3b1239800ddb006d2ec127a4","b2d94c989d91c22ac01f28aa4b8b57a411ef8612d99516cfe384635bbbc2920f","3dca3a297635bc5427e39cd5417a78ecbab80583c13654d413c065fc0cc25f5a","3f133935693757546c5c978a8386149613bc8af9a839bf7e755911ad7c01447b","7a2f330bb056f069d8c7189125a8c9983d58f56d63b6eeb207484e906c82c95f","0.3.0","isolated_release_library/fastphylosig","d951ecee19c06f3a144ad76c5039302078747585bb3bf829e6f12db15f54775d","isolated_release_library/fastphylosig/libs/<platform>/fastphylosig","c46a5834babd455b546bc65c6549c42ba51e6b47f3c9f222919b7118a5af3280","1bd40080f1ea537b3c73c838dc98ff84940f1064f4e1c4dbfb2dd5063d999bdb","benchmarks/stage5/documentation_fix_release_20261001/fastphylosig_0.3.0.tar.gz","909b7ad27485dcc2d96a7bb1fc70b65b54e93245d75761aca406b9c52f06cbff","Borges2019-source-sha256:0dc1e987c13f0e972b0e7c3b4829b4d0fdc41ff0de3856bae4803f9ce0115175",19.0562388896942,0.141313477325261,"Sys.time",1,TRUE,"not_reported_by_reference","finite_reference_estimate_and_input_audit",TRUE,,"<numeric>","imaginary parts discarded in coercion || NaNs produced",,3,,,,,,,,,,,,
"20261002T011636Z","full","D_moderate_n2000_r05","fastphylosig","D","caper::phylo.d","moderate",0.5,2000,5,2000,2000,0,,,,,22260951,220265901,220265902,220265903,22281502,"fastphylosig",1,TRUE,199,,,,,,,,,,,,,,,,,,,,,,,"061939f39333249ddac00b3fcbc0179e782d6d4a3b1239800ddb006d2ec127a4","b2d94c989d91c22ac01f28aa4b8b57a411ef8612d99516cfe384635bbbc2920f","3dca3a297635bc5427e39cd5417a78ecbab80583c13654d413c065fc0cc25f5a","7ff0bd1942d23fa549b3a5c6c414c11064eedf62f6192f7b09fb34aecc9ca4f7","3ed9b7dc880944f96eaa755ea1b12520bfc339e4deffa83467a24182d0350ab3","0.3.0","isolated_release_library/fastphylosig","d951ecee19c06f3a144ad76c5039302078747585bb3bf829e6f12db15f54775d","isolated_release_library/fastphylosig/libs/<platform>/fastphylosig","c46a5834babd455b546bc65c6549c42ba51e6b47f3c9f222919b7118a5af3280","1bd40080f1ea537b3c73c838dc98ff84940f1064f4e1c4dbfb2dd5063d999bdb","benchmarks/stage5/documentation_fix_release_20261001/fastphylosig_0.3.0.tar.gz","909b7ad27485dcc2d96a7bb1fc70b65b54e93245d75761aca406b9c52f06cbff","1.0.4",0.127248048782349,0.612018318912973,"Sys.time",1,TRUE,"ok","fast_result",TRUE,,"trait;D_fast;Pval1_fast;Pval0_fast;P_random;P_Brownian;MCSE_P_random;MCSE_P_Brownian;nsim_requested;nsim_successful_random;nsim_successful_brownian;nsim_failed_random;nsim_failed_brownian;observed;mean_random;mean_brownian;n_species;n_removed_na;matched_species;removed_tree_tips;removed_data_rows;status;note;message;estimate;p_random;p_brownian;p_mcse_random;p_mcse_brownian;MCSE_random;MCSE_Brownian;mcse_random;mcse_brownian;n_sim_requested;n_sim_successful_random;n_sim_successful_brownian;method","",,,199,199,199,,,,,,,,,
"20261002T011636Z","full","D_moderate_n2000_r05","reference","D","caper::phylo.d","moderate",0.5,2000,5,2000,2000,0,2000,2000,2000,2000,22260951,220265901,220265902,220265903,22281503,"fastphylosig",2,TRUE,199,,,,,,,,,,,,,,,,,,,,,,,"061939f39333249ddac00b3fcbc0179e782d6d4a3b1239800ddb006d2ec127a4","b2d94c989d91c22ac01f28aa4b8b57a411ef8612d99516cfe384635bbbc2920f","3dca3a297635bc5427e39cd5417a78ecbab80583c13654d413c065fc0cc25f5a","7ff0bd1942d23fa549b3a5c6c414c11064eedf62f6192f7b09fb34aecc9ca4f7","3ed9b7dc880944f96eaa755ea1b12520bfc339e4deffa83467a24182d0350ab3","0.3.0","isolated_release_library/fastphylosig","d951ecee19c06f3a144ad76c5039302078747585bb3bf829e6f12db15f54775d","isolated_release_library/fastphylosig/libs/<platform>/fastphylosig","c46a5834babd455b546bc65c6549c42ba51e6b47f3c9f222919b7118a5af3280","1bd40080f1ea537b3c73c838dc98ff84940f1064f4e1c4dbfb2dd5063d999bdb","benchmarks/stage5/documentation_fix_release_20261001/fastphylosig_0.3.0.tar.gz","909b7ad27485dcc2d96a7bb1fc70b65b54e93245d75761aca406b9c52f06cbff","1.0.4",26.6808669567108,0.612837999238184,"Sys.time",1,TRUE,"not_reported_by_reference","finite_reference_estimate_and_input_audit",TRUE,,"DEstimate;Pval1;Pval0;Parameters;StatesTable;Permutations;NodalVals;binvar;data;nPermut;rnd.bias","",,2,,,,,,,,,,,,
"20261002T011636Z","full","Delta_moderate_n2000_r05","reference","Delta","Borges2019 delta() [pinned source]","moderate",0.5,2000,5,2000,2000,0,2000,2000,,2000,22260951,220265901,220265902,220265903,22281603,"reference",1,FALSE,,10000,10,100,0.1,0.5,2,"LSE","ARD",,,,,,,,,,,,,,,"061939f39333249ddac00b3fcbc0179e782d6d4a3b1239800ddb006d2ec127a4","b2d94c989d91c22ac01f28aa4b8b57a411ef8612d99516cfe384635bbbc2920f","3dca3a297635bc5427e39cd5417a78ecbab80583c13654d413c065fc0cc25f5a","cd4055089d5486745dc7211273261d2c5fa74e029c3c3d9007a16b8c17308b13","990c6da1e7cc6a3a03ff5364a65e72ef8596c8f3f791b198f68f1ab009a1d3de","0.3.0","isolated_release_library/fastphylosig","d951ecee19c06f3a144ad76c5039302078747585bb3bf829e6f12db15f54775d","isolated_release_library/fastphylosig/libs/<platform>/fastphylosig","c46a5834babd455b546bc65c6549c42ba51e6b47f3c9f222919b7118a5af3280","1bd40080f1ea537b3c73c838dc98ff84940f1064f4e1c4dbfb2dd5063d999bdb","benchmarks/stage5/documentation_fix_release_20261001/fastphylosig_0.3.0.tar.gz","909b7ad27485dcc2d96a7bb1fc70b65b54e93245d75761aca406b9c52f06cbff","Borges2019-source-sha256:0dc1e987c13f0e972b0e7c3b4829b4d0fdc41ff0de3856bae4803f9ce0115175",14.5499348640442,1.55070556475454,"Sys.time",1,TRUE,"not_reported_by_reference","finite_reference_estimate_and_input_audit",TRUE,,"<numeric>","",,3,,,,,,,,,,,,
"20261002T011636Z","full","Delta_moderate_n2000_r05","fastphylosig","Delta","Borges2019 delta() [pinned source]","moderate",0.5,2000,5,2000,2000,0,,,,,22260951,220265901,220265902,220265903,22281602,"reference",2,FALSE,,10000,10,100,0.1,0.5,2,"LSE","ARD","0.1","0.5","10000","10","100","LSE","ARD","fast","1",20000,20000,20000,TRUE,TRUE,"061939f39333249ddac00b3fcbc0179e782d6d4a3b1239800ddb006d2ec127a4","b2d94c989d91c22ac01f28aa4b8b57a411ef8612d99516cfe384635bbbc2920f","3dca3a297635bc5427e39cd5417a78ecbab80583c13654d413c065fc0cc25f5a","cd4055089d5486745dc7211273261d2c5fa74e029c3c3d9007a16b8c17308b13","990c6da1e7cc6a3a03ff5364a65e72ef8596c8f3f791b198f68f1ab009a1d3de","0.3.0","isolated_release_library/fastphylosig","d951ecee19c06f3a144ad76c5039302078747585bb3bf829e6f12db15f54775d","isolated_release_library/fastphylosig/libs/<platform>/fastphylosig","c46a5834babd455b546bc65c6549c42ba51e6b47f3c9f222919b7118a5af3280","1bd40080f1ea537b3c73c838dc98ff84940f1064f4e1c4dbfb2dd5063d999bdb","benchmarks/stage5/documentation_fix_release_20261001/fastphylosig_0.3.0.tar.gz","909b7ad27485dcc2d96a7bb1fc70b65b54e93245d75761aca406b9c52f06cbff","Borges2019-source-sha256:0dc1e987c13f0e972b0e7c3b4829b4d0fdc41ff0de3856bae4803f9ce0115175",0.59880518913269,1.54967394736685,"Sys.time",1,TRUE,"ok","fast_result",TRUE,,"trait;Delta_fast;alpha_mean;beta_mean;n_saved;n_saved_requested;n_saved_successful;alpha_sd;beta_sd;ESS_alpha;ESS_beta;split_Rhat_alpha;split_Rhat_beta;Rhat_alpha;Rhat_beta;alpha_beta_cov;MCSE_Delta;diagnostics_available;diagnostics_note;requested_simulations;successful_simulations;requested_iterations;successful_iterations;requested_permutations;successful_permutations;n_states;n_species;n_removed_na;matched_species;removed_tree_tips;removed_data_rows;status;note;message;estimate;p_value;p_mcse;estimate_mcse;ess_alpha;ess_beta;rhat_alpha;rhat_beta;ESS;ess;Rhat;rhat;n_sim_requested;n_sim_successful;n_iter_requested;n_iter_successful;method","",,3,,,,20000,20000,"TRUE","Diagnostics computed from saved alpha/beta MCMC traces.",289.490659484892,231.929512743944,1.00762392220168,1.01030683950853,0.00128118599377542
"20261002T011636Z","full","D_strong_n2000_r05","reference","D","caper::phylo.d","strong",0.95,2000,5,2000,2000,0,2000,2000,2000,2000,22260951,220265901,220265902,220265903,22291503,"reference",1,TRUE,199,,,,,,,,,,,,,,,,,,,,,,,"061939f39333249ddac00b3fcbc0179e782d6d4a3b1239800ddb006d2ec127a4","b2d94c989d91c22ac01f28aa4b8b57a411ef8612d99516cfe384635bbbc2920f","3dca3a297635bc5427e39cd5417a78ecbab80583c13654d413c065fc0cc25f5a","693b5f7b8df8254ead79fda35c8188465fd137b3de32730455801a66e1aa8fd2","2a1c42f05ca4045cfefbb27be136a76b9c7b702fdadd8ac09cf5cc2d8643f0e2","0.3.0","isolated_release_library/fastphylosig","d951ecee19c06f3a144ad76c5039302078747585bb3bf829e6f12db15f54775d","isolated_release_library/fastphylosig/libs/<platform>/fastphylosig","c46a5834babd455b546bc65c6549c42ba51e6b47f3c9f222919b7118a5af3280","1bd40080f1ea537b3c73c838dc98ff84940f1064f4e1c4dbfb2dd5063d999bdb","benchmarks/stage5/documentation_fix_release_20261001/fastphylosig_0.3.0.tar.gz","909b7ad27485dcc2d96a7bb1fc70b65b54e93245d75761aca406b9c52f06cbff","1.0.4",28.1324510574341,0.0817523880956542,"Sys.time",1,TRUE,"not_reported_by_reference","finite_reference_estimate_and_input_audit",TRUE,,"DEstimate;Pval1;Pval0;Parameters;StatesTable;Permutations;NodalVals;binvar;data;nPermut;rnd.bias","",,2,,,,,,,,,,,,
"20261002T011636Z","full","D_strong_n2000_r05","fastphylosig","D","caper::phylo.d","strong",0.95,2000,5,2000,2000,0,,,,,22260951,220265901,220265902,220265903,22291502,"reference",2,TRUE,199,,,,,,,,,,,,,,,,,,,,,,,"061939f39333249ddac00b3fcbc0179e782d6d4a3b1239800ddb006d2ec127a4","b2d94c989d91c22ac01f28aa4b8b57a411ef8612d99516cfe384635bbbc2920f","3dca3a297635bc5427e39cd5417a78ecbab80583c13654d413c065fc0cc25f5a","693b5f7b8df8254ead79fda35c8188465fd137b3de32730455801a66e1aa8fd2","2a1c42f05ca4045cfefbb27be136a76b9c7b702fdadd8ac09cf5cc2d8643f0e2","0.3.0","isolated_release_library/fastphylosig","d951ecee19c06f3a144ad76c5039302078747585bb3bf829e6f12db15f54775d","isolated_release_library/fastphylosig/libs/<platform>/fastphylosig","c46a5834babd455b546bc65c6549c42ba51e6b47f3c9f222919b7118a5af3280","1bd40080f1ea537b3c73c838dc98ff84940f1064f4e1c4dbfb2dd5063d999bdb","benchmarks/stage5/documentation_fix_release_20261001/fastphylosig_0.3.0.tar.gz","909b7ad27485dcc2d96a7bb1fc70b65b54e93245d75761aca406b9c52f06cbff","1.0.4",0.121487855911255,0.0799336157916397,"Sys.time",1,TRUE,"ok","fast_result",TRUE,,"trait;D_fast;Pval1_fast;Pval0_fast;P_random;P_Brownian;MCSE_P_random;MCSE_P_Brownian;nsim_requested;nsim_successful_random;nsim_successful_brownian;nsim_failed_random;nsim_failed_brownian;observed;mean_random;mean_brownian;n_species;n_removed_na;matched_species;removed_tree_tips;removed_data_rows;status;note;message;estimate;p_random;p_brownian;p_mcse_random;p_mcse_brownian;MCSE_random;MCSE_Brownian;mcse_random;mcse_brownian;n_sim_requested;n_sim_successful_random;n_sim_successful_brownian;method","",,,199,199,199,,,,,,,,,
"20261002T011636Z","full","Delta_strong_n2000_r05","fastphylosig","Delta","Borges2019 delta() [pinned source]","strong",0.95,2000,5,2000,2000,0,,,,,22260951,220265901,220265902,220265903,22291602,"fastphylosig",1,FALSE,,10000,10,100,0.1,0.5,2,"LSE","ARD","0.1","0.5","10000","10","100","LSE","ARD","fast","1",20000,20000,20000,TRUE,TRUE,"061939f39333249ddac00b3fcbc0179e782d6d4a3b1239800ddb006d2ec127a4","b2d94c989d91c22ac01f28aa4b8b57a411ef8612d99516cfe384635bbbc2920f","3dca3a297635bc5427e39cd5417a78ecbab80583c13654d413c065fc0cc25f5a","7789237007a1422ac2721b25fe840f4fde8a08954030edffc4f02128444ddd5f","572381a249e22b0e93258a17742d4cb30426b0c1f9bb201c7cf92b38486a2685","0.3.0","isolated_release_library/fastphylosig","d951ecee19c06f3a144ad76c5039302078747585bb3bf829e6f12db15f54775d","isolated_release_library/fastphylosig/libs/<platform>/fastphylosig","c46a5834babd455b546bc65c6549c42ba51e6b47f3c9f222919b7118a5af3280","1bd40080f1ea537b3c73c838dc98ff84940f1064f4e1c4dbfb2dd5063d999bdb","benchmarks/stage5/documentation_fix_release_20261001/fastphylosig_0.3.0.tar.gz","909b7ad27485dcc2d96a7bb1fc70b65b54e93245d75761aca406b9c52f06cbff","Borges2019-source-sha256:0dc1e987c13f0e972b0e7c3b4829b4d0fdc41ff0de3856bae4803f9ce0115175",0.330472946166992,7.27814206776185,"Sys.time",1,TRUE,"ok","fast_result",TRUE,,"trait;Delta_fast;alpha_mean;beta_mean;n_saved;n_saved_requested;n_saved_successful;alpha_sd;beta_sd;ESS_alpha;ESS_beta;split_Rhat_alpha;split_Rhat_beta;Rhat_alpha;Rhat_beta;alpha_beta_cov;MCSE_Delta;diagnostics_available;diagnostics_note;requested_simulations;successful_simulations;requested_iterations;successful_iterations;requested_permutations;successful_permutations;n_states;n_species;n_removed_na;matched_species;removed_tree_tips;removed_data_rows;status;note;message;estimate;p_value;p_mcse;estimate_mcse;ess_alpha;ess_beta;rhat_alpha;rhat_beta;ESS;ess;Rhat;rhat;n_sim_requested;n_sim_successful;n_iter_requested;n_iter_successful;method","",,3,,,,20000,20000,"TRUE","Diagnostics computed from saved alpha/beta MCMC traces.",432.750079556976,533.969839662123,1.00378447871782,1.00121056595708,0.00707376449572338
"20261002T011636Z","full","Delta_strong_n2000_r05","reference","Delta","Borges2019 delta() [pinned source]","strong",0.95,2000,5,2000,2000,0,2000,2000,,2000,22260951,220265901,220265902,220265903,22291603,"fastphylosig",2,FALSE,,10000,10,100,0.1,0.5,2,"LSE","ARD",,,,,,,,,,,,,,,"061939f39333249ddac00b3fcbc0179e782d6d4a3b1239800ddb006d2ec127a4","b2d94c989d91c22ac01f28aa4b8b57a411ef8612d99516cfe384635bbbc2920f","3dca3a297635bc5427e39cd5417a78ecbab80583c13654d413c065fc0cc25f5a","7789237007a1422ac2721b25fe840f4fde8a08954030edffc4f02128444ddd5f","572381a249e22b0e93258a17742d4cb30426b0c1f9bb201c7cf92b38486a2685","0.3.0","isolated_release_library/fastphylosig","d951ecee19c06f3a144ad76c5039302078747585bb3bf829e6f12db15f54775d","isolated_release_library/fastphylosig/libs/<platform>/fastphylosig","c46a5834babd455b546bc65c6549c42ba51e6b47f3c9f222919b7118a5af3280","1bd40080f1ea537b3c73c838dc98ff84940f1064f4e1c4dbfb2dd5063d999bdb","benchmarks/stage5/documentation_fix_release_20261001/fastphylosig_0.3.0.tar.gz","909b7ad27485dcc2d96a7bb1fc70b65b54e93245d75761aca406b9c52f06cbff","Borges2019-source-sha256:0dc1e987c13f0e972b0e7c3b4829b4d0fdc41ff0de3856bae4803f9ce0115175",11.0539810657501,7.27759526122536,"Sys.time",1,TRUE,"not_reported_by_reference","finite_reference_estimate_and_input_audit",TRUE,,"<numeric>","NaNs produced || Inf replaced by maximum positive value",,3,,,,,,,,,,,,
"20261002T011636Z","full","D_none_n2000_r06","fastphylosig","D","caper::phylo.d","none",0,2000,6,2000,2000,0,,,,,22260961,220266901,220266902,220266903,22271602,"fastphylosig",1,TRUE,199,,,,,,,,,,,,,,,,,,,,,,,"633b0e414f599ae5aa580c72286d83f4a748ab5164dd91a2125fbe952285519d","34942a673331754332e4542783d8fd96c7908caa167bd11a08fe8b4b0abe52db","3414d55917b03951f80b08fc887e4a349e763ace3022e50c6ab09c619ffc1ba2","30df5d8a8e2b3bccde2e1794a9611118689e20c8871f085d0a925555b741082a","d05b5f28cd85a93c930b0f9e22c2daa96ff2a22bfb9e60801af6455596c74f0c","0.3.0","isolated_release_library/fastphylosig","d951ecee19c06f3a144ad76c5039302078747585bb3bf829e6f12db15f54775d","isolated_release_library/fastphylosig/libs/<platform>/fastphylosig","c46a5834babd455b546bc65c6549c42ba51e6b47f3c9f222919b7118a5af3280","1bd40080f1ea537b3c73c838dc98ff84940f1064f4e1c4dbfb2dd5063d999bdb","benchmarks/stage5/documentation_fix_release_20261001/fastphylosig_0.3.0.tar.gz","909b7ad27485dcc2d96a7bb1fc70b65b54e93245d75761aca406b9c52f06cbff","1.0.4",0.118064880371094,0.999871354825748,"Sys.time",1,TRUE,"ok","fast_result",TRUE,,"trait;D_fast;Pval1_fast;Pval0_fast;P_random;P_Brownian;MCSE_P_random;MCSE_P_Brownian;nsim_requested;nsim_successful_random;nsim_successful_brownian;nsim_failed_random;nsim_failed_brownian;observed;mean_random;mean_brownian;n_species;n_removed_na;matched_species;removed_tree_tips;removed_data_rows;status;note;message;estimate;p_random;p_brownian;p_mcse_random;p_mcse_brownian;MCSE_random;MCSE_Brownian;mcse_random;mcse_brownian;n_sim_requested;n_sim_successful_random;n_sim_successful_brownian;method","",,,199,199,199,,,,,,,,,
"20261002T011636Z","full","D_none_n2000_r06","reference","D","caper::phylo.d","none",0,2000,6,2000,2000,0,2000,2000,2000,2000,22260961,220266901,220266902,220266903,22271603,"fastphylosig",2,TRUE,199,,,,,,,,,,,,,,,,,,,,,,,"633b0e414f599ae5aa580c72286d83f4a748ab5164dd91a2125fbe952285519d","34942a673331754332e4542783d8fd96c7908caa167bd11a08fe8b4b0abe52db","3414d55917b03951f80b08fc887e4a349e763ace3022e50c6ab09c619ffc1ba2","30df5d8a8e2b3bccde2e1794a9611118689e20c8871f085d0a925555b741082a","d05b5f28cd85a93c930b0f9e22c2daa96ff2a22bfb9e60801af6455596c74f0c","0.3.0","isolated_release_library/fastphylosig","d951ecee19c06f3a144ad76c5039302078747585bb3bf829e6f12db15f54775d","isolated_release_library/fastphylosig/libs/<platform>/fastphylosig","c46a5834babd455b546bc65c6549c42ba51e6b47f3c9f222919b7118a5af3280","1bd40080f1ea537b3c73c838dc98ff84940f1064f4e1c4dbfb2dd5063d999bdb","benchmarks/stage5/documentation_fix_release_20261001/fastphylosig_0.3.0.tar.gz","909b7ad27485dcc2d96a7bb1fc70b65b54e93245d75761aca406b9c52f06cbff","1.0.4",27.2795391082764,0.995600747069685,"Sys.time",1,TRUE,"not_reported_by_reference","finite_reference_estimate_and_input_audit",TRUE,,"DEstimate;Pval1;Pval0;Parameters;StatesTable;Permutations;NodalVals;binvar;data;nPermut;rnd.bias","",,2,,,,,,,,,,,,
"20261002T011636Z","full","Delta_none_n2000_r06","reference","Delta","Borges2019 delta() [pinned source]","none",0,2000,6,2000,2000,0,2000,2000,,2000,22260961,220266901,220266902,220266903,22271703,"reference",1,FALSE,,10000,10,100,0.1,0.5,2,"LSE","ARD",,,,,,,,,,,,,,,"633b0e414f599ae5aa580c72286d83f4a748ab5164dd91a2125fbe952285519d","34942a673331754332e4542783d8fd96c7908caa167bd11a08fe8b4b0abe52db","3414d55917b03951f80b08fc887e4a349e763ace3022e50c6ab09c619ffc1ba2","88a9b7660ec59dc7ba79a51910325419d913df2580fe7b07d4d559f847deebe0","cb507d5ba676c338f0ac214ca40e7b863bac7ff41285d96e509ad946c9ec5f04","0.3.0","isolated_release_library/fastphylosig","d951ecee19c06f3a144ad76c5039302078747585bb3bf829e6f12db15f54775d","isolated_release_library/fastphylosig/libs/<platform>/fastphylosig","c46a5834babd455b546bc65c6549c42ba51e6b47f3c9f222919b7118a5af3280","1bd40080f1ea537b3c73c838dc98ff84940f1064f4e1c4dbfb2dd5063d999bdb","benchmarks/stage5/documentation_fix_release_20261001/fastphylosig_0.3.0.tar.gz","909b7ad27485dcc2d96a7bb1fc70b65b54e93245d75761aca406b9c52f06cbff","Borges2019-source-sha256:0dc1e987c13f0e972b0e7c3b4829b4d0fdc41ff0de3856bae4803f9ce0115175",24.990159034729,0.127367258757135,"Sys.time",1,TRUE,"not_reported_by_reference","finite_reference_estimate_and_input_audit",TRUE,,"<numeric>","imaginary parts discarded in coercion || NaNs produced",,3,,,,,,,,,,,,
"20261002T011636Z","full","Delta_none_n2000_r06","fastphylosig","Delta","Borges2019 delta() [pinned source]","none",0,2000,6,2000,2000,0,,,,,22260961,220266901,220266902,220266903,22271702,"reference",2,FALSE,,10000,10,100,0.1,0.5,2,"LSE","ARD","0.1","0.5","10000","10","100","LSE","ARD","fast","1",20000,20000,20000,TRUE,TRUE,"633b0e414f599ae5aa580c72286d83f4a748ab5164dd91a2125fbe952285519d","34942a673331754332e4542783d8fd96c7908caa167bd11a08fe8b4b0abe52db","3414d55917b03951f80b08fc887e4a349e763ace3022e50c6ab09c619ffc1ba2","88a9b7660ec59dc7ba79a51910325419d913df2580fe7b07d4d559f847deebe0","cb507d5ba676c338f0ac214ca40e7b863bac7ff41285d96e509ad946c9ec5f04","0.3.0","isolated_release_library/fastphylosig","d951ecee19c06f3a144ad76c5039302078747585bb3bf829e6f12db15f54775d","isolated_release_library/fastphylosig/libs/<platform>/fastphylosig","c46a5834babd455b546bc65c6549c42ba51e6b47f3c9f222919b7118a5af3280","1bd40080f1ea537b3c73c838dc98ff84940f1064f4e1c4dbfb2dd5063d999bdb","benchmarks/stage5/documentation_fix_release_20261001/fastphylosig_0.3.0.tar.gz","909b7ad27485dcc2d96a7bb1fc70b65b54e93245d75761aca406b9c52f06cbff","Borges2019-source-sha256:0dc1e987c13f0e972b0e7c3b4829b4d0fdc41ff0de3856bae4803f9ce0115175",2.29289793968201,0.129640875213113,"Sys.time",1,TRUE,"ok","fast_result",TRUE,,"trait;Delta_fast;alpha_mean;beta_mean;n_saved;n_saved_requested;n_saved_successful;alpha_sd;beta_sd;ESS_alpha;ESS_beta;split_Rhat_alpha;split_Rhat_beta;Rhat_alpha;Rhat_beta;alpha_beta_cov;MCSE_Delta;diagnostics_available;diagnostics_note;requested_simulations;successful_simulations;requested_iterations;successful_iterations;requested_permutations;successful_permutations;n_states;n_species;n_removed_na;matched_species;removed_tree_tips;removed_data_rows;status;note;message;estimate;p_value;p_mcse;estimate_mcse;ess_alpha;ess_beta;rhat_alpha;rhat_beta;ESS;ess;Rhat;rhat;n_sim_requested;n_sim_successful;n_iter_requested;n_iter_successful;method","transition-rate optimization did not converge: iteration limit reached without convergence (10)",,3,,,,20000,20000,"TRUE","Diagnostics computed from saved alpha/beta MCMC traces.",601.641429037643,458.039178289732,0.999319640915762,1.00034111968042,0.000125971344313053
"20261002T011636Z","full","D_moderate_n2000_r06","reference","D","caper::phylo.d","moderate",0.5,2000,6,2000,2000,0,2000,2000,2000,2000,22260961,220266901,220266902,220266903,22281603,"reference",1,TRUE,199,,,,,,,,,,,,,,,,,,,,,,,"633b0e414f599ae5aa580c72286d83f4a748ab5164dd91a2125fbe952285519d","34942a673331754332e4542783d8fd96c7908caa167bd11a08fe8b4b0abe52db","3414d55917b03951f80b08fc887e4a349e763ace3022e50c6ab09c619ffc1ba2","8215b9feb6e60946071a61ef4362271a767953c5dd0d1b418e51fcd57ea2b28d","6883ad156ef2d0dbbd02d1e3e305953df2f4acf80c8528e767a502536113def9","0.3.0","isolated_release_library/fastphylosig","d951ecee19c06f3a144ad76c5039302078747585bb3bf829e6f12db15f54775d","isolated_release_library/fastphylosig/libs/<platform>/fastphylosig","c46a5834babd455b546bc65c6549c42ba51e6b47f3c9f222919b7118a5af3280","1bd40080f1ea537b3c73c838dc98ff84940f1064f4e1c4dbfb2dd5063d999bdb","benchmarks/stage5/documentation_fix_release_20261001/fastphylosig_0.3.0.tar.gz","909b7ad27485dcc2d96a7bb1fc70b65b54e93245d75761aca406b9c52f06cbff","1.0.4",28.7510118484497,0.561137094673583,"Sys.time",1,TRUE,"not_reported_by_reference","finite_reference_estimate_and_input_audit",TRUE,,"DEstimate;Pval1;Pval0;Parameters;StatesTable;Permutations;NodalVals;binvar;data;nPermut;rnd.bias","",,2,,,,,,,,,,,,
"20261002T011636Z","full","D_moderate_n2000_r06","fastphylosig","D","caper::phylo.d","moderate",0.5,2000,6,2000,2000,0,,,,,22260961,220266901,220266902,220266903,22281602,"reference",2,TRUE,199,,,,,,,,,,,,,,,,,,,,,,,"633b0e414f599ae5aa580c72286d83f4a748ab5164dd91a2125fbe952285519d","34942a673331754332e4542783d8fd96c7908caa167bd11a08fe8b4b0abe52db","3414d55917b03951f80b08fc887e4a349e763ace3022e50c6ab09c619ffc1ba2","8215b9feb6e60946071a61ef4362271a767953c5dd0d1b418e51fcd57ea2b28d","6883ad156ef2d0dbbd02d1e3e305953df2f4acf80c8528e767a502536113def9","0.3.0","isolated_release_library/fastphylosig","d951ecee19c06f3a144ad76c5039302078747585bb3bf829e6f12db15f54775d","isolated_release_library/fastphylosig/libs/<platform>/fastphylosig","c46a5834babd455b546bc65c6549c42ba51e6b47f3c9f222919b7118a5af3280","1bd40080f1ea537b3c73c838dc98ff84940f1064f4e1c4dbfb2dd5063d999bdb","benchmarks/stage5/documentation_fix_release_20261001/fastphylosig_0.3.0.tar.gz","909b7ad27485dcc2d96a7bb1fc70b65b54e93245d75761aca406b9c52f06cbff","1.0.4",0.139441013336182,0.563780106421988,"Sys.time",1,TRUE,"ok","fast_result",TRUE,,"trait;D_fast;Pval1_fast;Pval0_fast;P_random;P_Brownian;MCSE_P_random;MCSE_P_Brownian;nsim_requested;nsim_successful_random;nsim_successful_brownian;nsim_failed_random;nsim_failed_brownian;observed;mean_random;mean_brownian;n_species;n_removed_na;matched_species;removed_tree_tips;removed_data_rows;status;note;message;estimate;p_random;p_brownian;p_mcse_random;p_mcse_brownian;MCSE_random;MCSE_Brownian;mcse_random;mcse_brownian;n_sim_requested;n_sim_successful_random;n_sim_successful_brownian;method","",,,199,199,199,,,,,,,,,
"20261002T011636Z","full","Delta_moderate_n2000_r06","fastphylosig","Delta","Borges2019 delta() [pinned source]","moderate",0.5,2000,6,2000,2000,0,,,,,22260961,220266901,220266902,220266903,22281702,"fastphylosig",1,FALSE,,10000,10,100,0.1,0.5,2,"LSE","ARD","0.1","0.5","10000","10","100","LSE","ARD","fast","1",20000,20000,20000,TRUE,TRUE,"633b0e414f599ae5aa580c72286d83f4a748ab5164dd91a2125fbe952285519d","34942a673331754332e4542783d8fd96c7908caa167bd11a08fe8b4b0abe52db","3414d55917b03951f80b08fc887e4a349e763ace3022e50c6ab09c619ffc1ba2","0cc5be1409fc199843b99773178f8f42f39a370dbd1c1865168bc6391f29ac66","c78d46beb1df53c495e86e15a20a6741b9d9bdc220d108da35e0f3b9f70ce217","0.3.0","isolated_release_library/fastphylosig","d951ecee19c06f3a144ad76c5039302078747585bb3bf829e6f12db15f54775d","isolated_release_library/fastphylosig/libs/<platform>/fastphylosig","c46a5834babd455b546bc65c6549c42ba51e6b47f3c9f222919b7118a5af3280","1bd40080f1ea537b3c73c838dc98ff84940f1064f4e1c4dbfb2dd5063d999bdb","benchmarks/stage5/documentation_fix_release_20261001/fastphylosig_0.3.0.tar.gz","909b7ad27485dcc2d96a7bb1fc70b65b54e93245d75761aca406b9c52f06cbff","Borges2019-source-sha256:0dc1e987c13f0e972b0e7c3b4829b4d0fdc41ff0de3856bae4803f9ce0115175",0.5551598072052,2.10765637311834,"Sys.time",1,TRUE,"ok","fast_result",TRUE,,"trait;Delta_fast;alpha_mean;beta_mean;n_saved;n_saved_requested;n_saved_successful;alpha_sd;beta_sd;ESS_alpha;ESS_beta;split_Rhat_alpha;split_Rhat_beta;Rhat_alpha;Rhat_beta;alpha_beta_cov;MCSE_Delta;diagnostics_available;diagnostics_note;requested_simulations;successful_simulations;requested_iterations;successful_iterations;requested_permutations;successful_permutations;n_states;n_species;n_removed_na;matched_species;removed_tree_tips;removed_data_rows;status;note;message;estimate;p_value;p_mcse;estimate_mcse;ess_alpha;ess_beta;rhat_alpha;rhat_beta;ESS;ess;Rhat;rhat;n_sim_requested;n_sim_successful;n_iter_requested;n_iter_successful;method","",,3,,,,20000,20000,"TRUE","Diagnostics computed from saved alpha/beta MCMC traces.",284.068414066442,294.227778732903,1.00133109721375,1.00337129690441,0.00138757507226561
"20261002T011636Z","full","Delta_moderate_n2000_r06","reference","Delta","Borges2019 delta() [pinned source]","moderate",0.5,2000,6,2000,2000,0,2000,2000,,2000,22260961,220266901,220266902,220266903,22281703,"fastphylosig",2,FALSE,,10000,10,100,0.1,0.5,2,"LSE","ARD",,,,,,,,,,,,,,,"633b0e414f599ae5aa580c72286d83f4a748ab5164dd91a2125fbe952285519d","34942a673331754332e4542783d8fd96c7908caa167bd11a08fe8b4b0abe52db","3414d55917b03951f80b08fc887e4a349e763ace3022e50c6ab09c619ffc1ba2","0cc5be1409fc199843b99773178f8f42f39a370dbd1c1865168bc6391f29ac66","c78d46beb1df53c495e86e15a20a6741b9d9bdc220d108da35e0f3b9f70ce217","0.3.0","isolated_release_library/fastphylosig","d951ecee19c06f3a144ad76c5039302078747585bb3bf829e6f12db15f54775d","isolated_release_library/fastphylosig/libs/<platform>/fastphylosig","c46a5834babd455b546bc65c6549c42ba51e6b47f3c9f222919b7118a5af3280","1bd40080f1ea537b3c73c838dc98ff84940f1064f4e1c4dbfb2dd5063d999bdb","benchmarks/stage5/documentation_fix_release_20261001/fastphylosig_0.3.0.tar.gz","909b7ad27485dcc2d96a7bb1fc70b65b54e93245d75761aca406b9c52f06cbff","Borges2019-source-sha256:0dc1e987c13f0e972b0e7c3b4829b4d0fdc41ff0de3856bae4803f9ce0115175",14.0362260341644,2.10388612198122,"Sys.time",1,TRUE,"not_reported_by_reference","finite_reference_estimate_and_input_audit",TRUE,,"<numeric>","NaNs produced || Inf replaced by maximum positive value",,3,,,,,,,,,,,,
"20261002T011636Z","full","D_strong_n2000_r06","fastphylosig","D","caper::phylo.d","strong",0.95,2000,6,2000,2000,0,,,,,22260961,220266901,220266902,220266903,22291602,"fastphylosig",1,TRUE,199,,,,,,,,,,,,,,,,,,,,,,,"633b0e414f599ae5aa580c72286d83f4a748ab5164dd91a2125fbe952285519d","34942a673331754332e4542783d8fd96c7908caa167bd11a08fe8b4b0abe52db","3414d55917b03951f80b08fc887e4a349e763ace3022e50c6ab09c619ffc1ba2","f99083ad68674ddea6a49e33067f109ac67d686c2df9e22b89ef94d3bf630028","6dfac9103fe3e73cd554e300aabaf6de15388064d7bdb585600c02434f1c218e","0.3.0","isolated_release_library/fastphylosig","d951ecee19c06f3a144ad76c5039302078747585bb3bf829e6f12db15f54775d","isolated_release_library/fastphylosig/libs/<platform>/fastphylosig","c46a5834babd455b546bc65c6549c42ba51e6b47f3c9f222919b7118a5af3280","1bd40080f1ea537b3c73c838dc98ff84940f1064f4e1c4dbfb2dd5063d999bdb","benchmarks/stage5/documentation_fix_release_20261001/fastphylosig_0.3.0.tar.gz","909b7ad27485dcc2d96a7bb1fc70b65b54e93245d75761aca406b9c52f06cbff","1.0.4",0.120584964752197,0.128550692160941,"Sys.time",1,TRUE,"ok","fast_result",TRUE,,"trait;D_fast;Pval1_fast;Pval0_fast;P_random;P_Brownian;MCSE_P_random;MCSE_P_Brownian;nsim_requested;nsim_successful_random;nsim_successful_brownian;nsim_failed_random;nsim_failed_brownian;observed;mean_random;mean_brownian;n_species;n_removed_na;matched_species;removed_tree_tips;removed_data_rows;status;note;message;estimate;p_random;p_brownian;p_mcse_random;p_mcse_brownian;MCSE_random;MCSE_Brownian;mcse_random;mcse_brownian;n_sim_requested;n_sim_successful_random;n_sim_successful_brownian;method","",,,199,199,199,,,,,,,,,
"20261002T011636Z","full","D_strong_n2000_r06","reference","D","caper::phylo.d","strong",0.95,2000,6,2000,2000,0,2000,2000,2000,2000,22260961,220266901,220266902,220266903,22291603,"fastphylosig",2,TRUE,199,,,,,,,,,,,,,,,,,,,,,,,"633b0e414f599ae5aa580c72286d83f4a748ab5164dd91a2125fbe952285519d","34942a673331754332e4542783d8fd96c7908caa167bd11a08fe8b4b0abe52db","3414d55917b03951f80b08fc887e4a349e763ace3022e50c6ab09c619ffc1ba2","f99083ad68674ddea6a49e33067f109ac67d686c2df9e22b89ef94d3bf630028","6dfac9103fe3e73cd554e300aabaf6de15388064d7bdb585600c02434f1c218e","0.3.0","isolated_release_library/fastphylosig","d951ecee19c06f3a144ad76c5039302078747585bb3bf829e6f12db15f54775d","isolated_release_library/fastphylosig/libs/<platform>/fastphylosig","c46a5834babd455b546bc65c6549c42ba51e6b47f3c9f222919b7118a5af3280","1bd40080f1ea537b3c73c838dc98ff84940f1064f4e1c4dbfb2dd5063d999bdb","benchmarks/stage5/documentation_fix_release_20261001/fastphylosig_0.3.0.tar.gz","909b7ad27485dcc2d96a7bb1fc70b65b54e93245d75761aca406b9c52f06cbff","1.0.4",26.5388259887695,0.129421303436818,"Sys.time",1,TRUE,"not_reported_by_reference","finite_reference_estimate_and_input_audit",TRUE,,"DEstimate;Pval1;Pval0;Parameters;StatesTable;Permutations;NodalVals;binvar;data;nPermut;rnd.bias","",,2,,,,,,,,,,,,
"20261002T011636Z","full","Delta_strong_n2000_r06","reference","Delta","Borges2019 delta() [pinned source]","strong",0.95,2000,6,2000,2000,0,2000,2000,,2000,22260961,220266901,220266902,220266903,22291703,"reference",1,FALSE,,10000,10,100,0.1,0.5,2,"LSE","ARD",,,,,,,,,,,,,,,"633b0e414f599ae5aa580c72286d83f4a748ab5164dd91a2125fbe952285519d","34942a673331754332e4542783d8fd96c7908caa167bd11a08fe8b4b0abe52db","3414d55917b03951f80b08fc887e4a349e763ace3022e50c6ab09c619ffc1ba2","c7a8b20eb2c051d3bf031dd38509082dcecd3bf32a9206410aa57093e7cda95d","08f6f6c97b3c87b734cc24564e21ef4f2491feddc49bce2674a489ea9ddff733","0.3.0","isolated_release_library/fastphylosig","d951ecee19c06f3a144ad76c5039302078747585bb3bf829e6f12db15f54775d","isolated_release_library/fastphylosig/libs/<platform>/fastphylosig","c46a5834babd455b546bc65c6549c42ba51e6b47f3c9f222919b7118a5af3280","1bd40080f1ea537b3c73c838dc98ff84940f1064f4e1c4dbfb2dd5063d999bdb","benchmarks/stage5/documentation_fix_release_20261001/fastphylosig_0.3.0.tar.gz","909b7ad27485dcc2d96a7bb1fc70b65b54e93245d75761aca406b9c52f06cbff","Borges2019-source-sha256:0dc1e987c13f0e972b0e7c3b4829b4d0fdc41ff0de3856bae4803f9ce0115175",11.4789490699768,7.02788706967837,"Sys.time",1,TRUE,"not_reported_by_reference","finite_reference_estimate_and_input_audit",TRUE,,"<numeric>","NaNs produced || Inf replaced by maximum positive value",,3,,,,,,,,,,,,
"20261002T011636Z","full","Delta_strong_n2000_r06","fastphylosig","Delta","Borges2019 delta() [pinned source]","strong",0.95,2000,6,2000,2000,0,,,,,22260961,220266901,220266902,220266903,22291702,"reference",2,FALSE,,10000,10,100,0.1,0.5,2,"LSE","ARD","0.1","0.5","10000","10","100","LSE","ARD","fast","1",20000,20000,20000,TRUE,TRUE,"633b0e414f599ae5aa580c72286d83f4a748ab5164dd91a2125fbe952285519d","34942a673331754332e4542783d8fd96c7908caa167bd11a08fe8b4b0abe52db","3414d55917b03951f80b08fc887e4a349e763ace3022e50c6ab09c619ffc1ba2","c7a8b20eb2c051d3bf031dd38509082dcecd3bf32a9206410aa57093e7cda95d","08f6f6c97b3c87b734cc24564e21ef4f2491feddc49bce2674a489ea9ddff733","0.3.0","isolated_release_library/fastphylosig","d951ecee19c06f3a144ad76c5039302078747585bb3bf829e6f12db15f54775d","isolated_release_library/fastphylosig/libs/<platform>/fastphylosig","c46a5834babd455b546bc65c6549c42ba51e6b47f3c9f222919b7118a5af3280","1bd40080f1ea537b3c73c838dc98ff84940f1064f4e1c4dbfb2dd5063d999bdb","benchmarks/stage5/documentation_fix_release_20261001/fastphylosig_0.3.0.tar.gz","909b7ad27485dcc2d96a7bb1fc70b65b54e93245d75761aca406b9c52f06cbff","Borges2019-source-sha256:0dc1e987c13f0e972b0e7c3b4829b4d0fdc41ff0de3856bae4803f9ce0115175",0.351762056350708,7.02289876101977,"Sys.time",1,TRUE,"ok","fast_result",TRUE,,"trait;Delta_fast;alpha_mean;beta_mean;n_saved;n_saved_requested;n_saved_successful;alpha_sd;beta_sd;ESS_alpha;ESS_beta;split_Rhat_alpha;split_Rhat_beta;Rhat_alpha;Rhat_beta;alpha_beta_cov;MCSE_Delta;diagnostics_available;diagnostics_note;requested_simulations;successful_simulations;requested_iterations;successful_iterations;requested_permutations;successful_permutations;n_states;n_species;n_removed_na;matched_species;removed_tree_tips;removed_data_rows;status;note;message;estimate;p_value;p_mcse;estimate_mcse;ess_alpha;ess_beta;rhat_alpha;rhat_beta;ESS;ess;Rhat;rhat;n_sim_requested;n_sim_successful;n_iter_requested;n_iter_successful;method","",,3,,,,20000,20000,"TRUE","Diagnostics computed from saved alpha/beta MCMC traces.",385.425917516865,455.661521190113,1.00535940857227,1.00315375557228,0.00690877597309204
"20261002T011636Z","full","D_none_n2000_r07","reference","D","caper::phylo.d","none",0,2000,7,2000,2000,0,2000,2000,2000,2000,22260971,220267901,220267902,220267903,22271703,"reference",1,TRUE,199,,,,,,,,,,,,,,,,,,,,,,,"71ef2b61589dffe3ee35edb194dbef038eab2c926ec6c03744a88fab593d3a8c","4925349de5acb0f80d431d25b8e41d17fa3f22b88284f7b44dafe46396906ed0","559c01f84a0fa8157a879ca6e9e3c5b339e3c2d2a27a6e16a3424d28545cc33c","45c0de240fe42b8ac6fc1c0a9183e43e180ccc56c433e14c897fdc397617f0a7","3d20a82b8d2574ebbb7704462c0f6b51bfd279c78db5c7f6da52c9d2b61870f2","0.3.0","isolated_release_library/fastphylosig","d951ecee19c06f3a144ad76c5039302078747585bb3bf829e6f12db15f54775d","isolated_release_library/fastphylosig/libs/<platform>/fastphylosig","c46a5834babd455b546bc65c6549c42ba51e6b47f3c9f222919b7118a5af3280","1bd40080f1ea537b3c73c838dc98ff84940f1064f4e1c4dbfb2dd5063d999bdb","benchmarks/stage5/documentation_fix_release_20261001/fastphylosig_0.3.0.tar.gz","909b7ad27485dcc2d96a7bb1fc70b65b54e93245d75761aca406b9c52f06cbff","1.0.4",26.6501829624176,1.00730535233026,"Sys.time",1,TRUE,"not_reported_by_reference","finite_reference_estimate_and_input_audit",TRUE,,"DEstimate;Pval1;Pval0;Parameters;StatesTable;Permutations;NodalVals;binvar;data;nPermut;rnd.bias","",,2,,,,,,,,,,,,
"20261002T011636Z","full","D_none_n2000_r07","fastphylosig","D","caper::phylo.d","none",0,2000,7,2000,2000,0,,,,,22260971,220267901,220267902,220267903,22271702,"reference",2,TRUE,199,,,,,,,,,,,,,,,,,,,,,,,"71ef2b61589dffe3ee35edb194dbef038eab2c926ec6c03744a88fab593d3a8c","4925349de5acb0f80d431d25b8e41d17fa3f22b88284f7b44dafe46396906ed0","559c01f84a0fa8157a879ca6e9e3c5b339e3c2d2a27a6e16a3424d28545cc33c","45c0de240fe42b8ac6fc1c0a9183e43e180ccc56c433e14c897fdc397617f0a7","3d20a82b8d2574ebbb7704462c0f6b51bfd279c78db5c7f6da52c9d2b61870f2","0.3.0","isolated_release_library/fastphylosig","d951ecee19c06f3a144ad76c5039302078747585bb3bf829e6f12db15f54775d","isolated_release_library/fastphylosig/libs/<platform>/fastphylosig","c46a5834babd455b546bc65c6549c42ba51e6b47f3c9f222919b7118a5af3280","1bd40080f1ea537b3c73c838dc98ff84940f1064f4e1c4dbfb2dd5063d999bdb","benchmarks/stage5/documentation_fix_release_20261001/fastphylosig_0.3.0.tar.gz","909b7ad27485dcc2d96a7bb1fc70b65b54e93245d75761aca406b9c52f06cbff","1.0.4",0.130399942398071,1.00644844031628,"Sys.time",1,TRUE,"ok","fast_result",TRUE,,"trait;D_fast;Pval1_fast;Pval0_fast;P_random;P_Brownian;MCSE_P_random;MCSE_P_Brownian;nsim_requested;nsim_successful_random;nsim_successful_brownian;nsim_failed_random;nsim_failed_brownian;observed;mean_random;mean_brownian;n_species;n_removed_na;matched_species;removed_tree_tips;removed_data_rows;status;note;message;estimate;p_random;p_brownian;p_mcse_random;p_mcse_brownian;MCSE_random;MCSE_Brownian;mcse_random;mcse_brownian;n_sim_requested;n_sim_successful_random;n_sim_successful_brownian;method","",,,199,199,199,,,,,,,,,
"20261002T011636Z","full","Delta_none_n2000_r07","fastphylosig","Delta","Borges2019 delta() [pinned source]","none",0,2000,7,2000,2000,0,,,,,22260971,220267901,220267902,220267903,22271802,"fastphylosig",1,FALSE,,10000,10,100,0.1,0.5,2,"LSE","ARD","0.1","0.5","10000","10","100","LSE","ARD","fast","1",20000,20000,20000,TRUE,TRUE,"71ef2b61589dffe3ee35edb194dbef038eab2c926ec6c03744a88fab593d3a8c","4925349de5acb0f80d431d25b8e41d17fa3f22b88284f7b44dafe46396906ed0","559c01f84a0fa8157a879ca6e9e3c5b339e3c2d2a27a6e16a3424d28545cc33c","b7eec5b413566908e51a51fe77d00170deda0425df6319e061cefc58577e42fd","eb9f9a99c062d7d3ef6df14bc7f33e1894cd9272446a9ef490b50edc57921863","0.3.0","isolated_release_library/fastphylosig","d951ecee19c06f3a144ad76c5039302078747585bb3bf829e6f12db15f54775d","isolated_release_library/fastphylosig/libs/<platform>/fastphylosig","c46a5834babd455b546bc65c6549c42ba51e6b47f3c9f222919b7118a5af3280","1bd40080f1ea537b3c73c838dc98ff84940f1064f4e1c4dbfb2dd5063d999bdb","benchmarks/stage5/documentation_fix_release_20261001/fastphylosig_0.3.0.tar.gz","909b7ad27485dcc2d96a7bb1fc70b65b54e93245d75761aca406b9c52f06cbff","Borges2019-source-sha256:0dc1e987c13f0e972b0e7c3b4829b4d0fdc41ff0de3856bae4803f9ce0115175",0.71435809135437,0.00253107625871778,"Sys.time",1,TRUE,"ok","fast_result",TRUE,,"trait;Delta_fast;alpha_mean;beta_mean;n_saved;n_saved_requested;n_saved_successful;alpha_sd;beta_sd;ESS_alpha;ESS_beta;split_Rhat_alpha;split_Rhat_beta;Rhat_alpha;Rhat_beta;alpha_beta_cov;MCSE_Delta;diagnostics_available;diagnostics_note;requested_simulations;successful_simulations;requested_iterations;successful_iterations;requested_permutations;successful_permutations;n_states;n_species;n_removed_na;matched_species;removed_tree_tips;removed_data_rows;status;note;message;estimate;p_value;p_mcse;estimate_mcse;ess_alpha;ess_beta;rhat_alpha;rhat_beta;ESS;ess;Rhat;rhat;n_sim_requested;n_sim_successful;n_iter_requested;n_iter_successful;method","",,3,,,,20000,20000,"TRUE","Diagnostics computed from saved alpha/beta MCMC traces.",401.599592048448,331.026401257996,1.00071716185899,1.00180976701991,3.09677473455352e-06
"20261002T011636Z","full","Delta_none_n2000_r07","reference","Delta","Borges2019 delta() [pinned source]","none",0,2000,7,2000,2000,0,2000,2000,,2000,22260971,220267901,220267902,220267903,22271803,"fastphylosig",2,FALSE,,10000,10,100,0.1,0.5,2,"LSE","ARD",,,,,,,,,,,,,,,"71ef2b61589dffe3ee35edb194dbef038eab2c926ec6c03744a88fab593d3a8c","4925349de5acb0f80d431d25b8e41d17fa3f22b88284f7b44dafe46396906ed0","559c01f84a0fa8157a879ca6e9e3c5b339e3c2d2a27a6e16a3424d28545cc33c","b7eec5b413566908e51a51fe77d00170deda0425df6319e061cefc58577e42fd","eb9f9a99c062d7d3ef6df14bc7f33e1894cd9272446a9ef490b50edc57921863","0.3.0","isolated_release_library/fastphylosig","d951ecee19c06f3a144ad76c5039302078747585bb3bf829e6f12db15f54775d","isolated_release_library/fastphylosig/libs/<platform>/fastphylosig","c46a5834babd455b546bc65c6549c42ba51e6b47f3c9f222919b7118a5af3280","1bd40080f1ea537b3c73c838dc98ff84940f1064f4e1c4dbfb2dd5063d999bdb","benchmarks/stage5/documentation_fix_release_20261001/fastphylosig_0.3.0.tar.gz","909b7ad27485dcc2d96a7bb1fc70b65b54e93245d75761aca406b9c52f06cbff","Borges2019-source-sha256:0dc1e987c13f0e972b0e7c3b4829b4d0fdc41ff0de3856bae4803f9ce0115175",18.7496972084045,0.00131722720689391,"Sys.time",1,TRUE,"not_reported_by_reference","finite_reference_estimate_and_input_audit",TRUE,,"<numeric>","imaginary parts discarded in coercion || NaNs produced",,3,,,,,,,,,,,,
"20261002T011636Z","full","D_moderate_n2000_r07","fastphylosig","D","caper::phylo.d","moderate",0.5,2000,7,2000,2000,0,,,,,22260971,220267901,220267902,220267903,22281702,"fastphylosig",1,TRUE,199,,,,,,,,,,,,,,,,,,,,,,,"71ef2b61589dffe3ee35edb194dbef038eab2c926ec6c03744a88fab593d3a8c","4925349de5acb0f80d431d25b8e41d17fa3f22b88284f7b44dafe46396906ed0","559c01f84a0fa8157a879ca6e9e3c5b339e3c2d2a27a6e16a3424d28545cc33c","25eba945796fa17c3d593c1fa78053a3ef3fc79a5d78d6de07fb66d7b41049ea","81c94022fa35d0db8247af6964229ee3a6a4ead613c66ba2ef456df77a74f1c6","0.3.0","isolated_release_library/fastphylosig","d951ecee19c06f3a144ad76c5039302078747585bb3bf829e6f12db15f54775d","isolated_release_library/fastphylosig/libs/<platform>/fastphylosig","c46a5834babd455b546bc65c6549c42ba51e6b47f3c9f222919b7118a5af3280","1bd40080f1ea537b3c73c838dc98ff84940f1064f4e1c4dbfb2dd5063d999bdb","benchmarks/stage5/documentation_fix_release_20261001/fastphylosig_0.3.0.tar.gz","909b7ad27485dcc2d96a7bb1fc70b65b54e93245d75761aca406b9c52f06cbff","1.0.4",0.122402906417847,0.512097980487544,"Sys.time",1,TRUE,"ok","fast_result",TRUE,,"trait;D_fast;Pval1_fast;Pval0_fast;P_random;P_Brownian;MCSE_P_random;MCSE_P_Brownian;nsim_requested;nsim_successful_random;nsim_successful_brownian;nsim_failed_random;nsim_failed_brownian;observed;mean_random;mean_brownian;n_species;n_removed_na;matched_species;removed_tree_tips;removed_data_rows;status;note;message;estimate;p_random;p_brownian;p_mcse_random;p_mcse_brownian;MCSE_random;MCSE_Brownian;mcse_random;mcse_brownian;n_sim_requested;n_sim_successful_random;n_sim_successful_brownian;method","",,,199,199,199,,,,,,,,,
"20261002T011636Z","full","D_moderate_n2000_r07","reference","D","caper::phylo.d","moderate",0.5,2000,7,2000,2000,0,2000,2000,2000,2000,22260971,220267901,220267902,220267903,22281703,"fastphylosig",2,TRUE,199,,,,,,,,,,,,,,,,,,,,,,,"71ef2b61589dffe3ee35edb194dbef038eab2c926ec6c03744a88fab593d3a8c","4925349de5acb0f80d431d25b8e41d17fa3f22b88284f7b44dafe46396906ed0","559c01f84a0fa8157a879ca6e9e3c5b339e3c2d2a27a6e16a3424d28545cc33c","25eba945796fa17c3d593c1fa78053a3ef3fc79a5d78d6de07fb66d7b41049ea","81c94022fa35d0db8247af6964229ee3a6a4ead613c66ba2ef456df77a74f1c6","0.3.0","isolated_release_library/fastphylosig","d951ecee19c06f3a144ad76c5039302078747585bb3bf829e6f12db15f54775d","isolated_release_library/fastphylosig/libs/<platform>/fastphylosig","c46a5834babd455b546bc65c6549c42ba51e6b47f3c9f222919b7118a5af3280","1bd40080f1ea537b3c73c838dc98ff84940f1064f4e1c4dbfb2dd5063d999bdb","benchmarks/stage5/documentation_fix_release_20261001/fastphylosig_0.3.0.tar.gz","909b7ad27485dcc2d96a7bb1fc70b65b54e93245d75761aca406b9c52f06cbff","1.0.4",27.1361088752747,0.512235432407033,"Sys.time",1,TRUE,"not_reported_by_reference","finite_reference_estimate_and_input_audit",TRUE,,"DEstimate;Pval1;Pval0;Parameters;StatesTable;Permutations;NodalVals;binvar;data;nPermut;rnd.bias","",,2,,,,,,,,,,,,
"20261002T011636Z","full","Delta_moderate_n2000_r07","reference","Delta","Borges2019 delta() [pinned source]","moderate",0.5,2000,7,2000,2000,0,2000,2000,,2000,22260971,220267901,220267902,220267903,22281803,"reference",1,FALSE,,10000,10,100,0.1,0.5,2,"LSE","ARD",,,,,,,,,,,,,,,"71ef2b61589dffe3ee35edb194dbef038eab2c926ec6c03744a88fab593d3a8c","4925349de5acb0f80d431d25b8e41d17fa3f22b88284f7b44dafe46396906ed0","559c01f84a0fa8157a879ca6e9e3c5b339e3c2d2a27a6e16a3424d28545cc33c","7afc4b1fbd4983213d00de4e341079669f07734010603b752193ce3376b992f0","a94780bdecdf4d9f18e9d5446f7a566f097a9b4cba69e7666c2801fe18eae34d","0.3.0","isolated_release_library/fastphylosig","d951ecee19c06f3a144ad76c5039302078747585bb3bf829e6f12db15f54775d","isolated_release_library/fastphylosig/libs/<platform>/fastphylosig","c46a5834babd455b546bc65c6549c42ba51e6b47f3c9f222919b7118a5af3280","1bd40080f1ea537b3c73c838dc98ff84940f1064f4e1c4dbfb2dd5063d999bdb","benchmarks/stage5/documentation_fix_release_20261001/fastphylosig_0.3.0.tar.gz","909b7ad27485dcc2d96a7bb1fc70b65b54e93245d75761aca406b9c52f06cbff","Borges2019-source-sha256:0dc1e987c13f0e972b0e7c3b4829b4d0fdc41ff0de3856bae4803f9ce0115175",13.9086709022522,2.57458988472046,"Sys.time",1,TRUE,"not_reported_by_reference","finite_reference_estimate_and_input_audit",TRUE,,"<numeric>","",,3,,,,,,,,,,,,
"20261002T011636Z","full","Delta_moderate_n2000_r07","fastphylosig","Delta","Borges2019 delta() [pinned source]","moderate",0.5,2000,7,2000,2000,0,,,,,22260971,220267901,220267902,220267903,22281802,"reference",2,FALSE,,10000,10,100,0.1,0.5,2,"LSE","ARD","0.1","0.5","10000","10","100","LSE","ARD","fast","1",20000,20000,20000,TRUE,TRUE,"71ef2b61589dffe3ee35edb194dbef038eab2c926ec6c03744a88fab593d3a8c","4925349de5acb0f80d431d25b8e41d17fa3f22b88284f7b44dafe46396906ed0","559c01f84a0fa8157a879ca6e9e3c5b339e3c2d2a27a6e16a3424d28545cc33c","7afc4b1fbd4983213d00de4e341079669f07734010603b752193ce3376b992f0","a94780bdecdf4d9f18e9d5446f7a566f097a9b4cba69e7666c2801fe18eae34d","0.3.0","isolated_release_library/fastphylosig","d951ecee19c06f3a144ad76c5039302078747585bb3bf829e6f12db15f54775d","isolated_release_library/fastphylosig/libs/<platform>/fastphylosig","c46a5834babd455b546bc65c6549c42ba51e6b47f3c9f222919b7118a5af3280","1bd40080f1ea537b3c73c838dc98ff84940f1064f4e1c4dbfb2dd5063d999bdb","benchmarks/stage5/documentation_fix_release_20261001/fastphylosig_0.3.0.tar.gz","909b7ad27485dcc2d96a7bb1fc70b65b54e93245d75761aca406b9c52f06cbff","Borges2019-source-sha256:0dc1e987c13f0e972b0e7c3b4829b4d0fdc41ff0de3856bae4803f9ce0115175",0.545716047286987,2.57642014562176,"Sys.time",1,TRUE,"ok","fast_result",TRUE,,"trait;Delta_fast;alpha_mean;beta_mean;n_saved;n_saved_requested;n_saved_successful;alpha_sd;beta_sd;ESS_alpha;ESS_beta;split_Rhat_alpha;split_Rhat_beta;Rhat_alpha;Rhat_beta;alpha_beta_cov;MCSE_Delta;diagnostics_available;diagnostics_note;requested_simulations;successful_simulations;requested_iterations;successful_iterations;requested_permutations;successful_permutations;n_states;n_species;n_removed_na;matched_species;removed_tree_tips;removed_data_rows;status;note;message;estimate;p_value;p_mcse;estimate_mcse;ess_alpha;ess_beta;rhat_alpha;rhat_beta;ESS;ess;Rhat;rhat;n_sim_requested;n_sim_successful;n_iter_requested;n_iter_successful;method","",,3,,,,20000,20000,"TRUE","Diagnostics computed from saved alpha/beta MCMC traces.",238.84154904682,281.548155754075,1.01198056663552,1.01497167479406,0.00233386822156918
"20261002T011636Z","full","D_strong_n2000_r07","reference","D","caper::phylo.d","strong",0.95,2000,7,2000,2000,0,2000,2000,2000,2000,22260971,220267901,220267902,220267903,22291703,"reference",1,TRUE,199,,,,,,,,,,,,,,,,,,,,,,,"71ef2b61589dffe3ee35edb194dbef038eab2c926ec6c03744a88fab593d3a8c","4925349de5acb0f80d431d25b8e41d17fa3f22b88284f7b44dafe46396906ed0","559c01f84a0fa8157a879ca6e9e3c5b339e3c2d2a27a6e16a3424d28545cc33c","b01baa3269b204785799b54e80797a11871821d85e5be86ee6515183a8eb5ad4","9b9de163f4bc3992bbe2f20bfea51b75bb158753e06d88b311e884f6e8322826","0.3.0","isolated_release_library/fastphylosig","d951ecee19c06f3a144ad76c5039302078747585bb3bf829e6f12db15f54775d","isolated_release_library/fastphylosig/libs/<platform>/fastphylosig","c46a5834babd455b546bc65c6549c42ba51e6b47f3c9f222919b7118a5af3280","1bd40080f1ea537b3c73c838dc98ff84940f1064f4e1c4dbfb2dd5063d999bdb","benchmarks/stage5/documentation_fix_release_20261001/fastphylosig_0.3.0.tar.gz","909b7ad27485dcc2d96a7bb1fc70b65b54e93245d75761aca406b9c52f06cbff","1.0.4",26.4746460914612,-0.0883605256521196,"Sys.time",1,TRUE,"not_reported_by_reference","finite_reference_estimate_and_input_audit",TRUE,,"DEstimate;Pval1;Pval0;Parameters;StatesTable;Permutations;NodalVals;binvar;data;nPermut;rnd.bias","",,2,,,,,,,,,,,,
"20261002T011636Z","full","D_strong_n2000_r07","fastphylosig","D","caper::phylo.d","strong",0.95,2000,7,2000,2000,0,,,,,22260971,220267901,220267902,220267903,22291702,"reference",2,TRUE,199,,,,,,,,,,,,,,,,,,,,,,,"71ef2b61589dffe3ee35edb194dbef038eab2c926ec6c03744a88fab593d3a8c","4925349de5acb0f80d431d25b8e41d17fa3f22b88284f7b44dafe46396906ed0","559c01f84a0fa8157a879ca6e9e3c5b339e3c2d2a27a6e16a3424d28545cc33c","b01baa3269b204785799b54e80797a11871821d85e5be86ee6515183a8eb5ad4","9b9de163f4bc3992bbe2f20bfea51b75bb158753e06d88b311e884f6e8322826","0.3.0","isolated_release_library/fastphylosig","d951ecee19c06f3a144ad76c5039302078747585bb3bf829e6f12db15f54775d","isolated_release_library/fastphylosig/libs/<platform>/fastphylosig","c46a5834babd455b546bc65c6549c42ba51e6b47f3c9f222919b7118a5af3280","1bd40080f1ea537b3c73c838dc98ff84940f1064f4e1c4dbfb2dd5063d999bdb","benchmarks/stage5/documentation_fix_release_20261001/fastphylosig_0.3.0.tar.gz","909b7ad27485dcc2d96a7bb1fc70b65b54e93245d75761aca406b9c52f06cbff","1.0.4",0.114017963409424,-0.0784025539296028,"Sys.time",1,TRUE,"ok","fast_result",TRUE,,"trait;D_fast;Pval1_fast;Pval0_fast;P_random;P_Brownian;MCSE_P_random;MCSE_P_Brownian;nsim_requested;nsim_successful_random;nsim_successful_brownian;nsim_failed_random;nsim_failed_brownian;observed;mean_random;mean_brownian;n_species;n_removed_na;matched_species;removed_tree_tips;removed_data_rows;status;note;message;estimate;p_random;p_brownian;p_mcse_random;p_mcse_brownian;MCSE_random;MCSE_Brownian;mcse_random;mcse_brownian;n_sim_requested;n_sim_successful_random;n_sim_successful_brownian;method","",,,199,199,199,,,,,,,,,
"20261002T011636Z","full","Delta_strong_n2000_r07","fastphylosig","Delta","Borges2019 delta() [pinned source]","strong",0.95,2000,7,2000,2000,0,,,,,22260971,220267901,220267902,220267903,22291802,"fastphylosig",1,FALSE,,10000,10,100,0.1,0.5,2,"LSE","ARD","0.1","0.5","10000","10","100","LSE","ARD","fast","1",20000,20000,20000,TRUE,TRUE,"71ef2b61589dffe3ee35edb194dbef038eab2c926ec6c03744a88fab593d3a8c","4925349de5acb0f80d431d25b8e41d17fa3f22b88284f7b44dafe46396906ed0","559c01f84a0fa8157a879ca6e9e3c5b339e3c2d2a27a6e16a3424d28545cc33c","ab2b37c33f9bd18e9338a6e67f3513dbbec913d73d22cfd0837ba3481c104bde","c21686fa076ad821908b599c9d94382acc7d562c5bf8ceafc7bec63d2b63f078","0.3.0","isolated_release_library/fastphylosig","d951ecee19c06f3a144ad76c5039302078747585bb3bf829e6f12db15f54775d","isolated_release_library/fastphylosig/libs/<platform>/fastphylosig","c46a5834babd455b546bc65c6549c42ba51e6b47f3c9f222919b7118a5af3280","1bd40080f1ea537b3c73c838dc98ff84940f1064f4e1c4dbfb2dd5063d999bdb","benchmarks/stage5/documentation_fix_release_20261001/fastphylosig_0.3.0.tar.gz","909b7ad27485dcc2d96a7bb1fc70b65b54e93245d75761aca406b9c52f06cbff","Borges2019-source-sha256:0dc1e987c13f0e972b0e7c3b4829b4d0fdc41ff0de3856bae4803f9ce0115175",0.349054098129272,12.7464456794979,"Sys.time",1,TRUE,"ok","fast_result",TRUE,,"trait;Delta_fast;alpha_mean;beta_mean;n_saved;n_saved_requested;n_saved_successful;alpha_sd;beta_sd;ESS_alpha;ESS_beta;split_Rhat_alpha;split_Rhat_beta;Rhat_alpha;Rhat_beta;alpha_beta_cov;MCSE_Delta;diagnostics_available;diagnostics_note;requested_simulations;successful_simulations;requested_iterations;successful_iterations;requested_permutations;successful_permutations;n_states;n_species;n_removed_na;matched_species;removed_tree_tips;removed_data_rows;status;note;message;estimate;p_value;p_mcse;estimate_mcse;ess_alpha;ess_beta;rhat_alpha;rhat_beta;ESS;ess;Rhat;rhat;n_sim_requested;n_sim_successful;n_iter_requested;n_iter_successful;method","",,3,,,,20000,20000,"TRUE","Diagnostics computed from saved alpha/beta MCMC traces.",501.387064983891,666.127772948203,1.00494392624797,1.00522864663771,0.0145210705045362
"20261002T011636Z","full","Delta_strong_n2000_r07","reference","Delta","Borges2019 delta() [pinned source]","strong",0.95,2000,7,2000,2000,0,2000,2000,,2000,22260971,220267901,220267902,220267903,22291803,"fastphylosig",2,FALSE,,10000,10,100,0.1,0.5,2,"LSE","ARD",,,,,,,,,,,,,,,"71ef2b61589dffe3ee35edb194dbef038eab2c926ec6c03744a88fab593d3a8c","4925349de5acb0f80d431d25b8e41d17fa3f22b88284f7b44dafe46396906ed0","559c01f84a0fa8157a879ca6e9e3c5b339e3c2d2a27a6e16a3424d28545cc33c","ab2b37c33f9bd18e9338a6e67f3513dbbec913d73d22cfd0837ba3481c104bde","c21686fa076ad821908b599c9d94382acc7d562c5bf8ceafc7bec63d2b63f078","0.3.0","isolated_release_library/fastphylosig","d951ecee19c06f3a144ad76c5039302078747585bb3bf829e6f12db15f54775d","isolated_release_library/fastphylosig/libs/<platform>/fastphylosig","c46a5834babd455b546bc65c6549c42ba51e6b47f3c9f222919b7118a5af3280","1bd40080f1ea537b3c73c838dc98ff84940f1064f4e1c4dbfb2dd5063d999bdb","benchmarks/stage5/documentation_fix_release_20261001/fastphylosig_0.3.0.tar.gz","909b7ad27485dcc2d96a7bb1fc70b65b54e93245d75761aca406b9c52f06cbff","Borges2019-source-sha256:0dc1e987c13f0e972b0e7c3b4829b4d0fdc41ff0de3856bae4803f9ce0115175",11.4760148525238,12.7627151997426,"Sys.time",1,TRUE,"not_reported_by_reference","finite_reference_estimate_and_input_audit",TRUE,,"<numeric>","NaNs produced || Inf replaced by maximum positive value",,3,,,,,,,,,,,,
"20261002T011636Z","full","D_none_n2000_r08","fastphylosig","D","caper::phylo.d","none",0,2000,8,2000,2000,0,,,,,22260981,220268901,220268902,220268903,22271802,"fastphylosig",1,TRUE,199,,,,,,,,,,,,,,,,,,,,,,,"a5e478a61dc423d12875282c70aef03022fc59a9320804a55d75bef4d89d60aa","3d2729ad97e19d3f86f755d76341f3014b3f5582acbc5e2ac7c478688ca2115f","784e826bca98ee4c0105724ffdb17d0a486c26ce1f1f32c4dbf6ae074f063bfe","5b5692d77425fbb9d9fe8ba06b79db9c4f06fecf08ce2b8efdb2995dc63e1f11","c606333ff2f0a8127baa005da11ff4ea558d8f77035502c49e061bedfcd5a966","0.3.0","isolated_release_library/fastphylosig","d951ecee19c06f3a144ad76c5039302078747585bb3bf829e6f12db15f54775d","isolated_release_library/fastphylosig/libs/<platform>/fastphylosig","c46a5834babd455b546bc65c6549c42ba51e6b47f3c9f222919b7118a5af3280","1bd40080f1ea537b3c73c838dc98ff84940f1064f4e1c4dbfb2dd5063d999bdb","benchmarks/stage5/documentation_fix_release_20261001/fastphylosig_0.3.0.tar.gz","909b7ad27485dcc2d96a7bb1fc70b65b54e93245d75761aca406b9c52f06cbff","1.0.4",0.12482213973999,1.00637521381143,"Sys.time",1,TRUE,"ok","fast_result",TRUE,,"trait;D_fast;Pval1_fast;Pval0_fast;P_random;P_Brownian;MCSE_P_random;MCSE_P_Brownian;nsim_requested;nsim_successful_random;nsim_successful_brownian;nsim_failed_random;nsim_failed_brownian;observed;mean_random;mean_brownian;n_species;n_removed_na;matched_species;removed_tree_tips;removed_data_rows;status;note;message;estimate;p_random;p_brownian;p_mcse_random;p_mcse_brownian;MCSE_random;MCSE_Brownian;mcse_random;mcse_brownian;n_sim_requested;n_sim_successful_random;n_sim_successful_brownian;method","",,,199,199,199,,,,,,,,,
"20261002T011636Z","full","D_none_n2000_r08","reference","D","caper::phylo.d","none",0,2000,8,2000,2000,0,2000,2000,2000,2000,22260981,220268901,220268902,220268903,22271803,"fastphylosig",2,TRUE,199,,,,,,,,,,,,,,,,,,,,,,,"a5e478a61dc423d12875282c70aef03022fc59a9320804a55d75bef4d89d60aa","3d2729ad97e19d3f86f755d76341f3014b3f5582acbc5e2ac7c478688ca2115f","784e826bca98ee4c0105724ffdb17d0a486c26ce1f1f32c4dbf6ae074f063bfe","5b5692d77425fbb9d9fe8ba06b79db9c4f06fecf08ce2b8efdb2995dc63e1f11","c606333ff2f0a8127baa005da11ff4ea558d8f77035502c49e061bedfcd5a966","0.3.0","isolated_release_library/fastphylosig","d951ecee19c06f3a144ad76c5039302078747585bb3bf829e6f12db15f54775d","isolated_release_library/fastphylosig/libs/<platform>/fastphylosig","c46a5834babd455b546bc65c6549c42ba51e6b47f3c9f222919b7118a5af3280","1bd40080f1ea537b3c73c838dc98ff84940f1064f4e1c4dbfb2dd5063d999bdb","benchmarks/stage5/documentation_fix_release_20261001/fastphylosig_0.3.0.tar.gz","909b7ad27485dcc2d96a7bb1fc70b65b54e93245d75761aca406b9c52f06cbff","1.0.4",26.0727999210358,1.00416637423664,"Sys.time",1,TRUE,"not_reported_by_reference","finite_reference_estimate_and_input_audit",TRUE,,"DEstimate;Pval1;Pval0;Parameters;StatesTable;Permutations;NodalVals;binvar;data;nPermut;rnd.bias","",,2,,,,,,,,,,,,
"20261002T011636Z","full","Delta_none_n2000_r08","reference","Delta","Borges2019 delta() [pinned source]","none",0,2000,8,2000,2000,0,2000,2000,,2000,22260981,220268901,220268902,220268903,22271903,"reference",1,FALSE,,10000,10,100,0.1,0.5,2,"LSE","ARD",,,,,,,,,,,,,,,"a5e478a61dc423d12875282c70aef03022fc59a9320804a55d75bef4d89d60aa","3d2729ad97e19d3f86f755d76341f3014b3f5582acbc5e2ac7c478688ca2115f","784e826bca98ee4c0105724ffdb17d0a486c26ce1f1f32c4dbf6ae074f063bfe","41c26fad756f86c207251c85097b0eef49f2d4d0fec413433f699392baa6a178","a42e67fe8eeb843b2318064be56e3007bf054b1e3bd97e590bbf1b66a7fb289a","0.3.0","isolated_release_library/fastphylosig","d951ecee19c06f3a144ad76c5039302078747585bb3bf829e6f12db15f54775d","isolated_release_library/fastphylosig/libs/<platform>/fastphylosig","c46a5834babd455b546bc65c6549c42ba51e6b47f3c9f222919b7118a5af3280","1bd40080f1ea537b3c73c838dc98ff84940f1064f4e1c4dbfb2dd5063d999bdb","benchmarks/stage5/documentation_fix_release_20261001/fastphylosig_0.3.0.tar.gz","909b7ad27485dcc2d96a7bb1fc70b65b54e93245d75761aca406b9c52f06cbff","Borges2019-source-sha256:0dc1e987c13f0e972b0e7c3b4829b4d0fdc41ff0de3856bae4803f9ce0115175",20.3452289104462,0.0016692088411908,"Sys.time",1,TRUE,"not_reported_by_reference","finite_reference_estimate_and_input_audit",TRUE,,"<numeric>","imaginary parts discarded in coercion || NaNs produced",,3,,,,,,,,,,,,
"20261002T011636Z","full","Delta_none_n2000_r08","fastphylosig","Delta","Borges2019 delta() [pinned source]","none",0,2000,8,2000,2000,0,,,,,22260981,220268901,220268902,220268903,22271902,"reference",2,FALSE,,10000,10,100,0.1,0.5,2,"LSE","ARD","0.1","0.5","10000","10","100","LSE","ARD","fast","1",20000,20000,20000,TRUE,TRUE,"a5e478a61dc423d12875282c70aef03022fc59a9320804a55d75bef4d89d60aa","3d2729ad97e19d3f86f755d76341f3014b3f5582acbc5e2ac7c478688ca2115f","784e826bca98ee4c0105724ffdb17d0a486c26ce1f1f32c4dbf6ae074f063bfe","41c26fad756f86c207251c85097b0eef49f2d4d0fec413433f699392baa6a178","a42e67fe8eeb843b2318064be56e3007bf054b1e3bd97e590bbf1b66a7fb289a","0.3.0","isolated_release_library/fastphylosig","d951ecee19c06f3a144ad76c5039302078747585bb3bf829e6f12db15f54775d","isolated_release_library/fastphylosig/libs/<platform>/fastphylosig","c46a5834babd455b546bc65c6549c42ba51e6b47f3c9f222919b7118a5af3280","1bd40080f1ea537b3c73c838dc98ff84940f1064f4e1c4dbfb2dd5063d999bdb","benchmarks/stage5/documentation_fix_release_20261001/fastphylosig_0.3.0.tar.gz","909b7ad27485dcc2d96a7bb1fc70b65b54e93245d75761aca406b9c52f06cbff","Borges2019-source-sha256:0dc1e987c13f0e972b0e7c3b4829b4d0fdc41ff0de3856bae4803f9ce0115175",1.26653099060059,0.0727365107229724,"Sys.time",1,TRUE,"ok","fast_result",TRUE,,"trait;Delta_fast;alpha_mean;beta_mean;n_saved;n_saved_requested;n_saved_successful;alpha_sd;beta_sd;ESS_alpha;ESS_beta;split_Rhat_alpha;split_Rhat_beta;Rhat_alpha;Rhat_beta;alpha_beta_cov;MCSE_Delta;diagnostics_available;diagnostics_note;requested_simulations;successful_simulations;requested_iterations;successful_iterations;requested_permutations;successful_permutations;n_states;n_species;n_removed_na;matched_species;removed_tree_tips;removed_data_rows;status;note;message;estimate;p_value;p_mcse;estimate_mcse;ess_alpha;ess_beta;rhat_alpha;rhat_beta;ESS;ess;Rhat;rhat;n_sim_requested;n_sim_successful;n_iter_requested;n_iter_successful;method","",,3,,,,20000,20000,"TRUE","Diagnostics computed from saved alpha/beta MCMC traces.",618.977645858109,479.809097456125,1.00169927764327,1.00246187825469,8.58310212381442e-05
"20261002T011636Z","full","D_moderate_n2000_r08","reference","D","caper::phylo.d","moderate",0.5,2000,8,2000,2000,0,2000,2000,2000,2000,22260981,220268901,220268902,220268903,22281803,"reference",1,TRUE,199,,,,,,,,,,,,,,,,,,,,,,,"a5e478a61dc423d12875282c70aef03022fc59a9320804a55d75bef4d89d60aa","3d2729ad97e19d3f86f755d76341f3014b3f5582acbc5e2ac7c478688ca2115f","784e826bca98ee4c0105724ffdb17d0a486c26ce1f1f32c4dbf6ae074f063bfe","51a6d83a381243fe7ec5ca7bcc79508d0480747d726a3dfc2839455896625e81","944d2eec472e6761808f4195dd4bd9bbc7dcc3ddfc5e1643ff5e9dc2053c04a5","0.3.0","isolated_release_library/fastphylosig","d951ecee19c06f3a144ad76c5039302078747585bb3bf829e6f12db15f54775d","isolated_release_library/fastphylosig/libs/<platform>/fastphylosig","c46a5834babd455b546bc65c6549c42ba51e6b47f3c9f222919b7118a5af3280","1bd40080f1ea537b3c73c838dc98ff84940f1064f4e1c4dbfb2dd5063d999bdb","benchmarks/stage5/documentation_fix_release_20261001/fastphylosig_0.3.0.tar.gz","909b7ad27485dcc2d96a7bb1fc70b65b54e93245d75761aca406b9c52f06cbff","1.0.4",26.1435089111328,0.601791515442886,"Sys.time",1,TRUE,"not_reported_by_reference","finite_reference_estimate_and_input_audit",TRUE,,"DEstimate;Pval1;Pval0;Parameters;StatesTable;Permutations;NodalVals;binvar;data;nPermut;rnd.bias","",,2,,,,,,,,,,,,
"20261002T011636Z","full","D_moderate_n2000_r08","fastphylosig","D","caper::phylo.d","moderate",0.5,2000,8,2000,2000,0,,,,,22260981,220268901,220268902,220268903,22281802,"reference",2,TRUE,199,,,,,,,,,,,,,,,,,,,,,,,"a5e478a61dc423d12875282c70aef03022fc59a9320804a55d75bef4d89d60aa","3d2729ad97e19d3f86f755d76341f3014b3f5582acbc5e2ac7c478688ca2115f","784e826bca98ee4c0105724ffdb17d0a486c26ce1f1f32c4dbf6ae074f063bfe","51a6d83a381243fe7ec5ca7bcc79508d0480747d726a3dfc2839455896625e81","944d2eec472e6761808f4195dd4bd9bbc7dcc3ddfc5e1643ff5e9dc2053c04a5","0.3.0","isolated_release_library/fastphylosig","d951ecee19c06f3a144ad76c5039302078747585bb3bf829e6f12db15f54775d","isolated_release_library/fastphylosig/libs/<platform>/fastphylosig","c46a5834babd455b546bc65c6549c42ba51e6b47f3c9f222919b7118a5af3280","1bd40080f1ea537b3c73c838dc98ff84940f1064f4e1c4dbfb2dd5063d999bdb","benchmarks/stage5/documentation_fix_release_20261001/fastphylosig_0.3.0.tar.gz","909b7ad27485dcc2d96a7bb1fc70b65b54e93245d75761aca406b9c52f06cbff","1.0.4",0.122463941574097,0.601665438859309,"Sys.time",1,TRUE,"ok","fast_result",TRUE,,"trait;D_fast;Pval1_fast;Pval0_fast;P_random;P_Brownian;MCSE_P_random;MCSE_P_Brownian;nsim_requested;nsim_successful_random;nsim_successful_brownian;nsim_failed_random;nsim_failed_brownian;observed;mean_random;mean_brownian;n_species;n_removed_na;matched_species;removed_tree_tips;removed_data_rows;status;note;message;estimate;p_random;p_brownian;p_mcse_random;p_mcse_brownian;MCSE_random;MCSE_Brownian;mcse_random;mcse_brownian;n_sim_requested;n_sim_successful_random;n_sim_successful_brownian;method","",,,199,199,199,,,,,,,,,
"20261002T011636Z","full","Delta_moderate_n2000_r08","fastphylosig","Delta","Borges2019 delta() [pinned source]","moderate",0.5,2000,8,2000,2000,0,,,,,22260981,220268901,220268902,220268903,22281902,"fastphylosig",1,FALSE,,10000,10,100,0.1,0.5,2,"LSE","ARD","0.1","0.5","10000","10","100","LSE","ARD","fast","1",20000,20000,20000,TRUE,TRUE,"a5e478a61dc423d12875282c70aef03022fc59a9320804a55d75bef4d89d60aa","3d2729ad97e19d3f86f755d76341f3014b3f5582acbc5e2ac7c478688ca2115f","784e826bca98ee4c0105724ffdb17d0a486c26ce1f1f32c4dbf6ae074f063bfe","c622317f580a52293f441d61042259c4aea138841e2a6a5728fc083bed9aec8b","2f1741f8b8f5b73a7bc5dbcff813ac384bf872f1714668925cdc24a59d2ee37b","0.3.0","isolated_release_library/fastphylosig","d951ecee19c06f3a144ad76c5039302078747585bb3bf829e6f12db15f54775d","isolated_release_library/fastphylosig/libs/<platform>/fastphylosig","c46a5834babd455b546bc65c6549c42ba51e6b47f3c9f222919b7118a5af3280","1bd40080f1ea537b3c73c838dc98ff84940f1064f4e1c4dbfb2dd5063d999bdb","benchmarks/stage5/documentation_fix_release_20261001/fastphylosig_0.3.0.tar.gz","909b7ad27485dcc2d96a7bb1fc70b65b54e93245d75761aca406b9c52f06cbff","Borges2019-source-sha256:0dc1e987c13f0e972b0e7c3b4829b4d0fdc41ff0de3856bae4803f9ce0115175",0.643253087997437,1.72223833236827,"Sys.time",1,TRUE,"ok","fast_result",TRUE,,"trait;Delta_fast;alpha_mean;beta_mean;n_saved;n_saved_requested;n_saved_successful;alpha_sd;beta_sd;ESS_alpha;ESS_beta;split_Rhat_alpha;split_Rhat_beta;Rhat_alpha;Rhat_beta;alpha_beta_cov;MCSE_Delta;diagnostics_available;diagnostics_note;requested_simulations;successful_simulations;requested_iterations;successful_iterations;requested_permutations;successful_permutations;n_states;n_species;n_removed_na;matched_species;removed_tree_tips;removed_data_rows;status;note;message;estimate;p_value;p_mcse;estimate_mcse;ess_alpha;ess_beta;rhat_alpha;rhat_beta;ESS;ess;Rhat;rhat;n_sim_requested;n_sim_successful;n_iter_requested;n_iter_successful;method","",,3,,,,20000,20000,"TRUE","Diagnostics computed from saved alpha/beta MCMC traces.",298.482950709964,283.620551048059,1.00408817699851,1.00232931731976,0.0013317800199462
"20261002T011636Z","full","Delta_moderate_n2000_r08","reference","Delta","Borges2019 delta() [pinned source]","moderate",0.5,2000,8,2000,2000,0,2000,2000,,2000,22260981,220268901,220268902,220268903,22281903,"fastphylosig",2,FALSE,,10000,10,100,0.1,0.5,2,"LSE","ARD",,,,,,,,,,,,,,,"a5e478a61dc423d12875282c70aef03022fc59a9320804a55d75bef4d89d60aa","3d2729ad97e19d3f86f755d76341f3014b3f5582acbc5e2ac7c478688ca2115f","784e826bca98ee4c0105724ffdb17d0a486c26ce1f1f32c4dbf6ae074f063bfe","c622317f580a52293f441d61042259c4aea138841e2a6a5728fc083bed9aec8b","2f1741f8b8f5b73a7bc5dbcff813ac384bf872f1714668925cdc24a59d2ee37b","0.3.0","isolated_release_library/fastphylosig","d951ecee19c06f3a144ad76c5039302078747585bb3bf829e6f12db15f54775d","isolated_release_library/fastphylosig/libs/<platform>/fastphylosig","c46a5834babd455b546bc65c6549c42ba51e6b47f3c9f222919b7118a5af3280","1bd40080f1ea537b3c73c838dc98ff84940f1064f4e1c4dbfb2dd5063d999bdb","benchmarks/stage5/documentation_fix_release_20261001/fastphylosig_0.3.0.tar.gz","909b7ad27485dcc2d96a7bb1fc70b65b54e93245d75761aca406b9c52f06cbff","Borges2019-source-sha256:0dc1e987c13f0e972b0e7c3b4829b4d0fdc41ff0de3856bae4803f9ce0115175",15.0866069793701,1.72150917610236,"Sys.time",1,TRUE,"not_reported_by_reference","finite_reference_estimate_and_input_audit",TRUE,,"<numeric>","NaNs produced || Inf replaced by maximum positive value",,3,,,,,,,,,,,,
"20261002T011636Z","full","D_strong_n2000_r08","fastphylosig","D","caper::phylo.d","strong",0.95,2000,8,2000,2000,0,,,,,22260981,220268901,220268902,220268903,22291802,"fastphylosig",1,TRUE,199,,,,,,,,,,,,,,,,,,,,,,,"a5e478a61dc423d12875282c70aef03022fc59a9320804a55d75bef4d89d60aa","3d2729ad97e19d3f86f755d76341f3014b3f5582acbc5e2ac7c478688ca2115f","784e826bca98ee4c0105724ffdb17d0a486c26ce1f1f32c4dbf6ae074f063bfe","3ed7fc0e8ea93d697aca374bc2e4ee1430d9ded63d37fa6050ec2f4b8bc45510","874109ea0ff8dc1ec25d3652b41872e62aa0cabec6ed9be004e69efdb1a0fb4a","0.3.0","isolated_release_library/fastphylosig","d951ecee19c06f3a144ad76c5039302078747585bb3bf829e6f12db15f54775d","isolated_release_library/fastphylosig/libs/<platform>/fastphylosig","c46a5834babd455b546bc65c6549c42ba51e6b47f3c9f222919b7118a5af3280","1bd40080f1ea537b3c73c838dc98ff84940f1064f4e1c4dbfb2dd5063d999bdb","benchmarks/stage5/documentation_fix_release_20261001/fastphylosig_0.3.0.tar.gz","909b7ad27485dcc2d96a7bb1fc70b65b54e93245d75761aca406b9c52f06cbff","1.0.4",0.118803024291992,0.145783912593421,"Sys.time",1,TRUE,"ok","fast_result",TRUE,,"trait;D_fast;Pval1_fast;Pval0_fast;P_random;P_Brownian;MCSE_P_random;MCSE_P_Brownian;nsim_requested;nsim_successful_random;nsim_successful_brownian;nsim_failed_random;nsim_failed_brownian;observed;mean_random;mean_brownian;n_species;n_removed_na;matched_species;removed_tree_tips;removed_data_rows;status;note;message;estimate;p_random;p_brownian;p_mcse_random;p_mcse_brownian;MCSE_random;MCSE_Brownian;mcse_random;mcse_brownian;n_sim_requested;n_sim_successful_random;n_sim_successful_brownian;method","",,,199,199,199,,,,,,,,,
"20261002T011636Z","full","D_strong_n2000_r08","reference","D","caper::phylo.d","strong",0.95,2000,8,2000,2000,0,2000,2000,2000,2000,22260981,220268901,220268902,220268903,22291803,"fastphylosig",2,TRUE,199,,,,,,,,,,,,,,,,,,,,,,,"a5e478a61dc423d12875282c70aef03022fc59a9320804a55d75bef4d89d60aa","3d2729ad97e19d3f86f755d76341f3014b3f5582acbc5e2ac7c478688ca2115f","784e826bca98ee4c0105724ffdb17d0a486c26ce1f1f32c4dbf6ae074f063bfe","3ed7fc0e8ea93d697aca374bc2e4ee1430d9ded63d37fa6050ec2f4b8bc45510","874109ea0ff8dc1ec25d3652b41872e62aa0cabec6ed9be004e69efdb1a0fb4a","0.3.0","isolated_release_library/fastphylosig","d951ecee19c06f3a144ad76c5039302078747585bb3bf829e6f12db15f54775d","isolated_release_library/fastphylosig/libs/<platform>/fastphylosig","c46a5834babd455b546bc65c6549c42ba51e6b47f3c9f222919b7118a5af3280","1bd40080f1ea537b3c73c838dc98ff84940f1064f4e1c4dbfb2dd5063d999bdb","benchmarks/stage5/documentation_fix_release_20261001/fastphylosig_0.3.0.tar.gz","909b7ad27485dcc2d96a7bb1fc70b65b54e93245d75761aca406b9c52f06cbff","1.0.4",28.293163061142,0.140757777809726,"Sys.time",1,TRUE,"not_reported_by_reference","finite_reference_estimate_and_input_audit",TRUE,,"DEstimate;Pval1;Pval0;Parameters;StatesTable;Permutations;NodalVals;binvar;data;nPermut;rnd.bias","",,2,,,,,,,,,,,,
"20261002T011636Z","full","Delta_strong_n2000_r08","reference","Delta","Borges2019 delta() [pinned source]","strong",0.95,2000,8,2000,2000,0,2000,2000,,2000,22260981,220268901,220268902,220268903,22291903,"reference",1,FALSE,,10000,10,100,0.1,0.5,2,"LSE","ARD",,,,,,,,,,,,,,,"a5e478a61dc423d12875282c70aef03022fc59a9320804a55d75bef4d89d60aa","3d2729ad97e19d3f86f755d76341f3014b3f5582acbc5e2ac7c478688ca2115f","784e826bca98ee4c0105724ffdb17d0a486c26ce1f1f32c4dbf6ae074f063bfe","57134afa7db67d7ecd1ab7cc1269606be2847c3e652a08f10b474c6cd5c7733f","7ef6e227d3729fa9fd360dc1ead60ff41b9d37767f26977a1f3f35abd7a54c04","0.3.0","isolated_release_library/fastphylosig","d951ecee19c06f3a144ad76c5039302078747585bb3bf829e6f12db15f54775d","isolated_release_library/fastphylosig/libs/<platform>/fastphylosig","c46a5834babd455b546bc65c6549c42ba51e6b47f3c9f222919b7118a5af3280","1bd40080f1ea537b3c73c838dc98ff84940f1064f4e1c4dbfb2dd5063d999bdb","benchmarks/stage5/documentation_fix_release_20261001/fastphylosig_0.3.0.tar.gz","909b7ad27485dcc2d96a7bb1fc70b65b54e93245d75761aca406b9c52f06cbff","Borges2019-source-sha256:0dc1e987c13f0e972b0e7c3b4829b4d0fdc41ff0de3856bae4803f9ce0115175",11.228138923645,7.11431757939711,"Sys.time",1,TRUE,"not_reported_by_reference","finite_reference_estimate_and_input_audit",TRUE,,"<numeric>","NaNs produced || Inf replaced by maximum positive value",,3,,,,,,,,,,,,
"20261002T011636Z","full","Delta_strong_n2000_r08","fastphylosig","Delta","Borges2019 delta() [pinned source]","strong",0.95,2000,8,2000,2000,0,,,,,22260981,220268901,220268902,220268903,22291902,"reference",2,FALSE,,10000,10,100,0.1,0.5,2,"LSE","ARD","0.1","0.5","10000","10","100","LSE","ARD","fast","1",20000,20000,20000,TRUE,TRUE,"a5e478a61dc423d12875282c70aef03022fc59a9320804a55d75bef4d89d60aa","3d2729ad97e19d3f86f755d76341f3014b3f5582acbc5e2ac7c478688ca2115f","784e826bca98ee4c0105724ffdb17d0a486c26ce1f1f32c4dbf6ae074f063bfe","57134afa7db67d7ecd1ab7cc1269606be2847c3e652a08f10b474c6cd5c7733f","7ef6e227d3729fa9fd360dc1ead60ff41b9d37767f26977a1f3f35abd7a54c04","0.3.0","isolated_release_library/fastphylosig","d951ecee19c06f3a144ad76c5039302078747585bb3bf829e6f12db15f54775d","isolated_release_library/fastphylosig/libs/<platform>/fastphylosig","c46a5834babd455b546bc65c6549c42ba51e6b47f3c9f222919b7118a5af3280","1bd40080f1ea537b3c73c838dc98ff84940f1064f4e1c4dbfb2dd5063d999bdb","benchmarks/stage5/documentation_fix_release_20261001/fastphylosig_0.3.0.tar.gz","909b7ad27485dcc2d96a7bb1fc70b65b54e93245d75761aca406b9c52f06cbff","Borges2019-source-sha256:0dc1e987c13f0e972b0e7c3b4829b4d0fdc41ff0de3856bae4803f9ce0115175",0.335745096206665,7.10379113569595,"Sys.time",1,TRUE,"ok","fast_result",TRUE,,"trait;Delta_fast;alpha_mean;beta_mean;n_saved;n_saved_requested;n_saved_successful;alpha_sd;beta_sd;ESS_alpha;ESS_beta;split_Rhat_alpha;split_Rhat_beta;Rhat_alpha;Rhat_beta;alpha_beta_cov;MCSE_Delta;diagnostics_available;diagnostics_note;requested_simulations;successful_simulations;requested_iterations;successful_iterations;requested_permutations;successful_permutations;n_states;n_species;n_removed_na;matched_species;removed_tree_tips;removed_data_rows;status;note;message;estimate;p_value;p_mcse;estimate_mcse;ess_alpha;ess_beta;rhat_alpha;rhat_beta;ESS;ess;Rhat;rhat;n_sim_requested;n_sim_successful;n_iter_requested;n_iter_successful;method","",,3,,,,20000,20000,"TRUE","Diagnostics computed from saved alpha/beta MCMC traces.",438.168613552113,549.685803916229,0.999072734689535,1.00055054709227,0.00679319780164765
"20261002T011636Z","full","D_none_n2000_r09","reference","D","caper::phylo.d","none",0,2000,9,2000,2000,0,2000,2000,2000,2000,22260991,220269901,220269902,220269903,22271903,"reference",1,TRUE,199,,,,,,,,,,,,,,,,,,,,,,,"676c3d7e8e946af80f2a2d7d4c82007aa69b2ceaf63e6fce0cbd50e8ad64fc10","7a920c374225f7153eefda1c8b511c858691a88dd433a660d5411c70e9412281","7060bc121dd5c30d3848af6f53f0798fd558f133d03a19ae4eed7d212f033cef","001da5fa6d38b6cf86775a303d4ec4fd26514ed987e42f29b7f1b924eba1791d","2c396e8a11b99e5dd20557c37e9404f4a9ae769d0e7d719c47a42cc000fc561e","0.3.0","isolated_release_library/fastphylosig","d951ecee19c06f3a144ad76c5039302078747585bb3bf829e6f12db15f54775d","isolated_release_library/fastphylosig/libs/<platform>/fastphylosig","c46a5834babd455b546bc65c6549c42ba51e6b47f3c9f222919b7118a5af3280","1bd40080f1ea537b3c73c838dc98ff84940f1064f4e1c4dbfb2dd5063d999bdb","benchmarks/stage5/documentation_fix_release_20261001/fastphylosig_0.3.0.tar.gz","909b7ad27485dcc2d96a7bb1fc70b65b54e93245d75761aca406b9c52f06cbff","1.0.4",26.8946380615234,0.960155517852604,"Sys.time",1,TRUE,"not_reported_by_reference","finite_reference_estimate_and_input_audit",TRUE,,"DEstimate;Pval1;Pval0;Parameters;StatesTable;Permutations;NodalVals;binvar;data;nPermut;rnd.bias","",,2,,,,,,,,,,,,
"20261002T011636Z","full","D_none_n2000_r09","fastphylosig","D","caper::phylo.d","none",0,2000,9,2000,2000,0,,,,,22260991,220269901,220269902,220269903,22271902,"reference",2,TRUE,199,,,,,,,,,,,,,,,,,,,,,,,"676c3d7e8e946af80f2a2d7d4c82007aa69b2ceaf63e6fce0cbd50e8ad64fc10","7a920c374225f7153eefda1c8b511c858691a88dd433a660d5411c70e9412281","7060bc121dd5c30d3848af6f53f0798fd558f133d03a19ae4eed7d212f033cef","001da5fa6d38b6cf86775a303d4ec4fd26514ed987e42f29b7f1b924eba1791d","2c396e8a11b99e5dd20557c37e9404f4a9ae769d0e7d719c47a42cc000fc561e","0.3.0","isolated_release_library/fastphylosig","d951ecee19c06f3a144ad76c5039302078747585bb3bf829e6f12db15f54775d","isolated_release_library/fastphylosig/libs/<platform>/fastphylosig","c46a5834babd455b546bc65c6549c42ba51e6b47f3c9f222919b7118a5af3280","1bd40080f1ea537b3c73c838dc98ff84940f1064f4e1c4dbfb2dd5063d999bdb","benchmarks/stage5/documentation_fix_release_20261001/fastphylosig_0.3.0.tar.gz","909b7ad27485dcc2d96a7bb1fc70b65b54e93245d75761aca406b9c52f06cbff","1.0.4",0.121960878372192,0.95917416365429,"Sys.time",1,TRUE,"ok","fast_result",TRUE,,"trait;D_fast;Pval1_fast;Pval0_fast;P_random;P_Brownian;MCSE_P_random;MCSE_P_Brownian;nsim_requested;nsim_successful_random;nsim_successful_brownian;nsim_failed_random;nsim_failed_brownian;observed;mean_random;mean_brownian;n_species;n_removed_na;matched_species;removed_tree_tips;removed_data_rows;status;note;message;estimate;p_random;p_brownian;p_mcse_random;p_mcse_brownian;MCSE_random;MCSE_Brownian;mcse_random;mcse_brownian;n_sim_requested;n_sim_successful_random;n_sim_successful_brownian;method","",,,199,199,199,,,,,,,,,
"20261002T011636Z","full","Delta_none_n2000_r09","fastphylosig","Delta","Borges2019 delta() [pinned source]","none",0,2000,9,2000,2000,0,,,,,22260991,220269901,220269902,220269903,22272002,"fastphylosig",1,FALSE,,10000,10,100,0.1,0.5,2,"LSE","ARD","0.1","0.5","10000","10","100","LSE","ARD","fast","1",20000,20000,20000,TRUE,TRUE,"676c3d7e8e946af80f2a2d7d4c82007aa69b2ceaf63e6fce0cbd50e8ad64fc10","7a920c374225f7153eefda1c8b511c858691a88dd433a660d5411c70e9412281","7060bc121dd5c30d3848af6f53f0798fd558f133d03a19ae4eed7d212f033cef","bfbde4e61487a12a5f6978edaafe9ee5d487d560a2aee937071f38fc3366271b","7bb5d2f1ca42e2046b832c370bbf8ee60baa6159d4380f65c2482ba61915cdd6","0.3.0","isolated_release_library/fastphylosig","d951ecee19c06f3a144ad76c5039302078747585bb3bf829e6f12db15f54775d","isolated_release_library/fastphylosig/libs/<platform>/fastphylosig","c46a5834babd455b546bc65c6549c42ba51e6b47f3c9f222919b7118a5af3280","1bd40080f1ea537b3c73c838dc98ff84940f1064f4e1c4dbfb2dd5063d999bdb","benchmarks/stage5/documentation_fix_release_20261001/fastphylosig_0.3.0.tar.gz","909b7ad27485dcc2d96a7bb1fc70b65b54e93245d75761aca406b9c52f06cbff","Borges2019-source-sha256:0dc1e987c13f0e972b0e7c3b4829b4d0fdc41ff0de3856bae4803f9ce0115175",0.71035099029541,0.177362585348301,"Sys.time",1,TRUE,"ok","fast_result",TRUE,,"trait;Delta_fast;alpha_mean;beta_mean;n_saved;n_saved_requested;n_saved_successful;alpha_sd;beta_sd;ESS_alpha;ESS_beta;split_Rhat_alpha;split_Rhat_beta;Rhat_alpha;Rhat_beta;alpha_beta_cov;MCSE_Delta;diagnostics_available;diagnostics_note;requested_simulations;successful_simulations;requested_iterations;successful_iterations;requested_permutations;successful_permutations;n_states;n_species;n_removed_na;matched_species;removed_tree_tips;removed_data_rows;status;note;message;estimate;p_value;p_mcse;estimate_mcse;ess_alpha;ess_beta;rhat_alpha;rhat_beta;ESS;ess;Rhat;rhat;n_sim_requested;n_sim_successful;n_iter_requested;n_iter_successful;method","",,3,,,,20000,20000,"TRUE","Diagnostics computed from saved alpha/beta MCMC traces.",284.3142409422,368.372782390374,1.00923378906185,1.0097155692186,0.000162232649693892
"20261002T011636Z","full","Delta_none_n2000_r09","reference","Delta","Borges2019 delta() [pinned source]","none",0,2000,9,2000,2000,0,2000,2000,,2000,22260991,220269901,220269902,220269903,22272003,"fastphylosig",2,FALSE,,10000,10,100,0.1,0.5,2,"LSE","ARD",,,,,,,,,,,,,,,"676c3d7e8e946af80f2a2d7d4c82007aa69b2ceaf63e6fce0cbd50e8ad64fc10","7a920c374225f7153eefda1c8b511c858691a88dd433a660d5411c70e9412281","7060bc121dd5c30d3848af6f53f0798fd558f133d03a19ae4eed7d212f033cef","bfbde4e61487a12a5f6978edaafe9ee5d487d560a2aee937071f38fc3366271b","7bb5d2f1ca42e2046b832c370bbf8ee60baa6159d4380f65c2482ba61915cdd6","0.3.0","isolated_release_library/fastphylosig","d951ecee19c06f3a144ad76c5039302078747585bb3bf829e6f12db15f54775d","isolated_release_library/fastphylosig/libs/<platform>/fastphylosig","c46a5834babd455b546bc65c6549c42ba51e6b47f3c9f222919b7118a5af3280","1bd40080f1ea537b3c73c838dc98ff84940f1064f4e1c4dbfb2dd5063d999bdb","benchmarks/stage5/documentation_fix_release_20261001/fastphylosig_0.3.0.tar.gz","909b7ad27485dcc2d96a7bb1fc70b65b54e93245d75761aca406b9c52f06cbff","Borges2019-source-sha256:0dc1e987c13f0e972b0e7c3b4829b4d0fdc41ff0de3856bae4803f9ce0115175",16.0199890136719,0.177435609826113,"Sys.time",1,TRUE,"not_reported_by_reference","finite_reference_estimate_and_input_audit",TRUE,,"<numeric>","imaginary parts discarded in coercion || NaNs produced",,3,,,,,,,,,,,,
"20261002T011636Z","full","D_moderate_n2000_r09","fastphylosig","D","caper::phylo.d","moderate",0.5,2000,9,2000,2000,0,,,,,22260991,220269901,220269902,220269903,22281902,"fastphylosig",1,TRUE,199,,,,,,,,,,,,,,,,,,,,,,,"676c3d7e8e946af80f2a2d7d4c82007aa69b2ceaf63e6fce0cbd50e8ad64fc10","7a920c374225f7153eefda1c8b511c858691a88dd433a660d5411c70e9412281","7060bc121dd5c30d3848af6f53f0798fd558f133d03a19ae4eed7d212f033cef","70b517ed1cb5eca992a589a1dc684c09f28805c6b57920bbf26e81e0af8f4cf7","484430302be7e5e2ed65d9c41894e877c53c2e1df9ffffa9dfb542060a3c7043","0.3.0","isolated_release_library/fastphylosig","d951ecee19c06f3a144ad76c5039302078747585bb3bf829e6f12db15f54775d","isolated_release_library/fastphylosig/libs/<platform>/fastphylosig","c46a5834babd455b546bc65c6549c42ba51e6b47f3c9f222919b7118a5af3280","1bd40080f1ea537b3c73c838dc98ff84940f1064f4e1c4dbfb2dd5063d999bdb","benchmarks/stage5/documentation_fix_release_20261001/fastphylosig_0.3.0.tar.gz","909b7ad27485dcc2d96a7bb1fc70b65b54e93245d75761aca406b9c52f06cbff","1.0.4",0.118434190750122,0.547574270726835,"Sys.time",1,TRUE,"ok","fast_result",TRUE,,"trait;D_fast;Pval1_fast;Pval0_fast;P_random;P_Brownian;MCSE_P_random;MCSE_P_Brownian;nsim_requested;nsim_successful_random;nsim_successful_brownian;nsim_failed_random;nsim_failed_brownian;observed;mean_random;mean_brownian;n_species;n_removed_na;matched_species;removed_tree_tips;removed_data_rows;status;note;message;estimate;p_random;p_brownian;p_mcse_random;p_mcse_brownian;MCSE_random;MCSE_Brownian;mcse_random;mcse_brownian;n_sim_requested;n_sim_successful_random;n_sim_successful_brownian;method","",,,199,199,199,,,,,,,,,
"20261002T011636Z","full","D_moderate_n2000_r09","reference","D","caper::phylo.d","moderate",0.5,2000,9,2000,2000,0,2000,2000,2000,2000,22260991,220269901,220269902,220269903,22281903,"fastphylosig",2,TRUE,199,,,,,,,,,,,,,,,,,,,,,,,"676c3d7e8e946af80f2a2d7d4c82007aa69b2ceaf63e6fce0cbd50e8ad64fc10","7a920c374225f7153eefda1c8b511c858691a88dd433a660d5411c70e9412281","7060bc121dd5c30d3848af6f53f0798fd558f133d03a19ae4eed7d212f033cef","70b517ed1cb5eca992a589a1dc684c09f28805c6b57920bbf26e81e0af8f4cf7","484430302be7e5e2ed65d9c41894e877c53c2e1df9ffffa9dfb542060a3c7043","0.3.0","isolated_release_library/fastphylosig","d951ecee19c06f3a144ad76c5039302078747585bb3bf829e6f12db15f54775d","isolated_release_library/fastphylosig/libs/<platform>/fastphylosig","c46a5834babd455b546bc65c6549c42ba51e6b47f3c9f222919b7118a5af3280","1bd40080f1ea537b3c73c838dc98ff84940f1064f4e1c4dbfb2dd5063d999bdb","benchmarks/stage5/documentation_fix_release_20261001/fastphylosig_0.3.0.tar.gz","909b7ad27485dcc2d96a7bb1fc70b65b54e93245d75761aca406b9c52f06cbff","1.0.4",26.5320219993591,0.550273371773845,"Sys.time",1,TRUE,"not_reported_by_reference","finite_reference_estimate_and_input_audit",TRUE,,"DEstimate;Pval1;Pval0;Parameters;StatesTable;Permutations;NodalVals;binvar;data;nPermut;rnd.bias","",,2,,,,,,,,,,,,
"20261002T011636Z","full","Delta_moderate_n2000_r09","reference","Delta","Borges2019 delta() [pinned source]","moderate",0.5,2000,9,2000,2000,0,2000,2000,,2000,22260991,220269901,220269902,220269903,22282003,"reference",1,FALSE,,10000,10,100,0.1,0.5,2,"LSE","ARD",,,,,,,,,,,,,,,"676c3d7e8e946af80f2a2d7d4c82007aa69b2ceaf63e6fce0cbd50e8ad64fc10","7a920c374225f7153eefda1c8b511c858691a88dd433a660d5411c70e9412281","7060bc121dd5c30d3848af6f53f0798fd558f133d03a19ae4eed7d212f033cef","414a4cec9a3a7065eaa6f2602046b29f21370d7e8e2138347b547560893cfb5e","601f5452fd9c5e69b5aa7c0d0ff033ece710c6b71d3a9eedcf27a9e39a3e614a","0.3.0","isolated_release_library/fastphylosig","d951ecee19c06f3a144ad76c5039302078747585bb3bf829e6f12db15f54775d","isolated_release_library/fastphylosig/libs/<platform>/fastphylosig","c46a5834babd455b546bc65c6549c42ba51e6b47f3c9f222919b7118a5af3280","1bd40080f1ea537b3c73c838dc98ff84940f1064f4e1c4dbfb2dd5063d999bdb","benchmarks/stage5/documentation_fix_release_20261001/fastphylosig_0.3.0.tar.gz","909b7ad27485dcc2d96a7bb1fc70b65b54e93245d75761aca406b9c52f06cbff","Borges2019-source-sha256:0dc1e987c13f0e972b0e7c3b4829b4d0fdc41ff0de3856bae4803f9ce0115175",14.2227249145508,2.45587139619459,"Sys.time",1,TRUE,"not_reported_by_reference","finite_reference_estimate_and_input_audit",TRUE,,"<numeric>","NaNs produced || Inf replaced by maximum positive value",,3,,,,,,,,,,,,
"20261002T011636Z","full","Delta_moderate_n2000_r09","fastphylosig","Delta","Borges2019 delta() [pinned source]","moderate",0.5,2000,9,2000,2000,0,,,,,22260991,220269901,220269902,220269903,22282002,"reference",2,FALSE,,10000,10,100,0.1,0.5,2,"LSE","ARD","0.1","0.5","10000","10","100","LSE","ARD","fast","1",20000,20000,20000,TRUE,TRUE,"676c3d7e8e946af80f2a2d7d4c82007aa69b2ceaf63e6fce0cbd50e8ad64fc10","7a920c374225f7153eefda1c8b511c858691a88dd433a660d5411c70e9412281","7060bc121dd5c30d3848af6f53f0798fd558f133d03a19ae4eed7d212f033cef","414a4cec9a3a7065eaa6f2602046b29f21370d7e8e2138347b547560893cfb5e","601f5452fd9c5e69b5aa7c0d0ff033ece710c6b71d3a9eedcf27a9e39a3e614a","0.3.0","isolated_release_library/fastphylosig","d951ecee19c06f3a144ad76c5039302078747585bb3bf829e6f12db15f54775d","isolated_release_library/fastphylosig/libs/<platform>/fastphylosig","c46a5834babd455b546bc65c6549c42ba51e6b47f3c9f222919b7118a5af3280","1bd40080f1ea537b3c73c838dc98ff84940f1064f4e1c4dbfb2dd5063d999bdb","benchmarks/stage5/documentation_fix_release_20261001/fastphylosig_0.3.0.tar.gz","909b7ad27485dcc2d96a7bb1fc70b65b54e93245d75761aca406b9c52f06cbff","Borges2019-source-sha256:0dc1e987c13f0e972b0e7c3b4829b4d0fdc41ff0de3856bae4803f9ce0115175",0.591076850891113,2.45602827846446,"Sys.time",1,TRUE,"ok","fast_result",TRUE,,"trait;Delta_fast;alpha_mean;beta_mean;n_saved;n_saved_requested;n_saved_successful;alpha_sd;beta_sd;ESS_alpha;ESS_beta;split_Rhat_alpha;split_Rhat_beta;Rhat_alpha;Rhat_beta;alpha_beta_cov;MCSE_Delta;diagnostics_available;diagnostics_note;requested_simulations;successful_simulations;requested_iterations;successful_iterations;requested_permutations;successful_permutations;n_states;n_species;n_removed_na;matched_species;removed_tree_tips;removed_data_rows;status;note;message;estimate;p_value;p_mcse;estimate_mcse;ess_alpha;ess_beta;rhat_alpha;rhat_beta;ESS;ess;Rhat;rhat;n_sim_requested;n_sim_successful;n_iter_requested;n_iter_successful;method","",,3,,,,20000,20000,"TRUE","Diagnostics computed from saved alpha/beta MCMC traces.",209.643177287092,217.507995136389,1.00346324094083,1.00334280321178,0.00161871937669293
"20261002T011636Z","full","D_strong_n2000_r09","reference","D","caper::phylo.d","strong",0.95,2000,9,2000,2000,0,2000,2000,2000,2000,22260991,220269901,220269902,220269903,22291903,"reference",1,TRUE,199,,,,,,,,,,,,,,,,,,,,,,,"676c3d7e8e946af80f2a2d7d4c82007aa69b2ceaf63e6fce0cbd50e8ad64fc10","7a920c374225f7153eefda1c8b511c858691a88dd433a660d5411c70e9412281","7060bc121dd5c30d3848af6f53f0798fd558f133d03a19ae4eed7d212f033cef","894837a476d1f2f29682a9c117e8fe0fcf5cd993098e96843c0ef32a65559b0c","646e84008bdd85c3a011d636c5f30f75d7e059199f3f44a1c54d0078320ed0b3","0.3.0","isolated_release_library/fastphylosig","d951ecee19c06f3a144ad76c5039302078747585bb3bf829e6f12db15f54775d","isolated_release_library/fastphylosig/libs/<platform>/fastphylosig","c46a5834babd455b546bc65c6549c42ba51e6b47f3c9f222919b7118a5af3280","1bd40080f1ea537b3c73c838dc98ff84940f1064f4e1c4dbfb2dd5063d999bdb","benchmarks/stage5/documentation_fix_release_20261001/fastphylosig_0.3.0.tar.gz","909b7ad27485dcc2d96a7bb1fc70b65b54e93245d75761aca406b9c52f06cbff","1.0.4",26.3566071987152,0.0411193082876677,"Sys.time",1,TRUE,"not_reported_by_reference","finite_reference_estimate_and_input_audit",TRUE,,"DEstimate;Pval1;Pval0;Parameters;StatesTable;Permutations;NodalVals;binvar;data;nPermut;rnd.bias","",,2,,,,,,,,,,,,
"20261002T011636Z","full","D_strong_n2000_r09","fastphylosig","D","caper::phylo.d","strong",0.95,2000,9,2000,2000,0,,,,,22260991,220269901,220269902,220269903,22291902,"reference",2,TRUE,199,,,,,,,,,,,,,,,,,,,,,,,"676c3d7e8e946af80f2a2d7d4c82007aa69b2ceaf63e6fce0cbd50e8ad64fc10","7a920c374225f7153eefda1c8b511c858691a88dd433a660d5411c70e9412281","7060bc121dd5c30d3848af6f53f0798fd558f133d03a19ae4eed7d212f033cef","894837a476d1f2f29682a9c117e8fe0fcf5cd993098e96843c0ef32a65559b0c","646e84008bdd85c3a011d636c5f30f75d7e059199f3f44a1c54d0078320ed0b3","0.3.0","isolated_release_library/fastphylosig","d951ecee19c06f3a144ad76c5039302078747585bb3bf829e6f12db15f54775d","isolated_release_library/fastphylosig/libs/<platform>/fastphylosig","c46a5834babd455b546bc65c6549c42ba51e6b47f3c9f222919b7118a5af3280","1bd40080f1ea537b3c73c838dc98ff84940f1064f4e1c4dbfb2dd5063d999bdb","benchmarks/stage5/documentation_fix_release_20261001/fastphylosig_0.3.0.tar.gz","909b7ad27485dcc2d96a7bb1fc70b65b54e93245d75761aca406b9c52f06cbff","1.0.4",0.118360996246338,0.0393319773006549,"Sys.time",1,TRUE,"ok","fast_result",TRUE,,"trait;D_fast;Pval1_fast;Pval0_fast;P_random;P_Brownian;MCSE_P_random;MCSE_P_Brownian;nsim_requested;nsim_successful_random;nsim_successful_brownian;nsim_failed_random;nsim_failed_brownian;observed;mean_random;mean_brownian;n_species;n_removed_na;matched_species;removed_tree_tips;removed_data_rows;status;note;message;estimate;p_random;p_brownian;p_mcse_random;p_mcse_brownian;MCSE_random;MCSE_Brownian;mcse_random;mcse_brownian;n_sim_requested;n_sim_successful_random;n_sim_successful_brownian;method","",,,199,199,199,,,,,,,,,
"20261002T011636Z","full","Delta_strong_n2000_r09","fastphylosig","Delta","Borges2019 delta() [pinned source]","strong",0.95,2000,9,2000,2000,0,,,,,22260991,220269901,220269902,220269903,22292002,"fastphylosig",1,FALSE,,10000,10,100,0.1,0.5,2,"LSE","ARD","0.1","0.5","10000","10","100","LSE","ARD","fast","1",20000,20000,20000,TRUE,TRUE,"676c3d7e8e946af80f2a2d7d4c82007aa69b2ceaf63e6fce0cbd50e8ad64fc10","7a920c374225f7153eefda1c8b511c858691a88dd433a660d5411c70e9412281","7060bc121dd5c30d3848af6f53f0798fd558f133d03a19ae4eed7d212f033cef","6d36ed8720407d72b239baf40b935e29a24e14741150dd1658f0697095f80a03","eccddc1bb57eb5ee7437a0f2f086c416e7a81658e42e6e12068adb72e194403b","0.3.0","isolated_release_library/fastphylosig","d951ecee19c06f3a144ad76c5039302078747585bb3bf829e6f12db15f54775d","isolated_release_library/fastphylosig/libs/<platform>/fastphylosig","c46a5834babd455b546bc65c6549c42ba51e6b47f3c9f222919b7118a5af3280","1bd40080f1ea537b3c73c838dc98ff84940f1064f4e1c4dbfb2dd5063d999bdb","benchmarks/stage5/documentation_fix_release_20261001/fastphylosig_0.3.0.tar.gz","909b7ad27485dcc2d96a7bb1fc70b65b54e93245d75761aca406b9c52f06cbff","Borges2019-source-sha256:0dc1e987c13f0e972b0e7c3b4829b4d0fdc41ff0de3856bae4803f9ce0115175",0.376340866088867,9.36621799652841,"Sys.time",1,TRUE,"ok","fast_result",TRUE,,"trait;Delta_fast;alpha_mean;beta_mean;n_saved;n_saved_requested;n_saved_successful;alpha_sd;beta_sd;ESS_alpha;ESS_beta;split_Rhat_alpha;split_Rhat_beta;Rhat_alpha;Rhat_beta;alpha_beta_cov;MCSE_Delta;diagnostics_available;diagnostics_note;requested_simulations;successful_simulations;requested_iterations;successful_iterations;requested_permutations;successful_permutations;n_states;n_species;n_removed_na;matched_species;removed_tree_tips;removed_data_rows;status;note;message;estimate;p_value;p_mcse;estimate_mcse;ess_alpha;ess_beta;rhat_alpha;rhat_beta;ESS;ess;Rhat;rhat;n_sim_requested;n_sim_successful;n_iter_requested;n_iter_successful;method","",,3,,,,20000,20000,"TRUE","Diagnostics computed from saved alpha/beta MCMC traces.",451.908671024448,565.007539036771,1.00496684465568,1.00182857753129,0.00795667548084772
"20261002T011636Z","full","Delta_strong_n2000_r09","reference","Delta","Borges2019 delta() [pinned source]","strong",0.95,2000,9,2000,2000,0,2000,2000,,2000,22260991,220269901,220269902,220269903,22292003,"fastphylosig",2,FALSE,,10000,10,100,0.1,0.5,2,"LSE","ARD",,,,,,,,,,,,,,,"676c3d7e8e946af80f2a2d7d4c82007aa69b2ceaf63e6fce0cbd50e8ad64fc10","7a920c374225f7153eefda1c8b511c858691a88dd433a660d5411c70e9412281","7060bc121dd5c30d3848af6f53f0798fd558f133d03a19ae4eed7d212f033cef","6d36ed8720407d72b239baf40b935e29a24e14741150dd1658f0697095f80a03","eccddc1bb57eb5ee7437a0f2f086c416e7a81658e42e6e12068adb72e194403b","0.3.0","isolated_release_library/fastphylosig","d951ecee19c06f3a144ad76c5039302078747585bb3bf829e6f12db15f54775d","isolated_release_library/fastphylosig/libs/<platform>/fastphylosig","c46a5834babd455b546bc65c6549c42ba51e6b47f3c9f222919b7118a5af3280","1bd40080f1ea537b3c73c838dc98ff84940f1064f4e1c4dbfb2dd5063d999bdb","benchmarks/stage5/documentation_fix_release_20261001/fastphylosig_0.3.0.tar.gz","909b7ad27485dcc2d96a7bb1fc70b65b54e93245d75761aca406b9c52f06cbff","Borges2019-source-sha256:0dc1e987c13f0e972b0e7c3b4829b4d0fdc41ff0de3856bae4803f9ce0115175",11.7972900867462,9.36247420981105,"Sys.time",1,TRUE,"not_reported_by_reference","finite_reference_estimate_and_input_audit",TRUE,,"<numeric>","NaNs produced || Inf replaced by maximum positive value",,3,,,,,,,,,,,,
"20261002T011636Z","full","D_none_n2000_r10","fastphylosig","D","caper::phylo.d","none",0,2000,10,2000,2000,0,,,,,22261001,220270901,220270902,220270903,22272002,"fastphylosig",1,TRUE,199,,,,,,,,,,,,,,,,,,,,,,,"fedefe5d4f69b584993ed67c7aeeca857fd217553814a20468c8fbfbd1f2342c","5c5ad617987302607c95974da3f063916555f1cfe0af80db86eb766ab99f302b","18d34a2967652f7eab47d9fedcd0ba603ad96c13379ca053babc7c7630258ff1","190175b0dbb8282aff46ae4712935608640d95e671428517db50b3cb76cdfee8","19960aeb27390722b87c685918ae2cd90d5b38674924cecb3bba43e254a03fb9","0.3.0","isolated_release_library/fastphylosig","d951ecee19c06f3a144ad76c5039302078747585bb3bf829e6f12db15f54775d","isolated_release_library/fastphylosig/libs/<platform>/fastphylosig","c46a5834babd455b546bc65c6549c42ba51e6b47f3c9f222919b7118a5af3280","1bd40080f1ea537b3c73c838dc98ff84940f1064f4e1c4dbfb2dd5063d999bdb","benchmarks/stage5/documentation_fix_release_20261001/fastphylosig_0.3.0.tar.gz","909b7ad27485dcc2d96a7bb1fc70b65b54e93245d75761aca406b9c52f06cbff","1.0.4",0.121730089187622,0.987063424710393,"Sys.time",1,TRUE,"ok","fast_result",TRUE,,"trait;D_fast;Pval1_fast;Pval0_fast;P_random;P_Brownian;MCSE_P_random;MCSE_P_Brownian;nsim_requested;nsim_successful_random;nsim_successful_brownian;nsim_failed_random;nsim_failed_brownian;observed;mean_random;mean_brownian;n_species;n_removed_na;matched_species;removed_tree_tips;removed_data_rows;status;note;message;estimate;p_random;p_brownian;p_mcse_random;p_mcse_brownian;MCSE_random;MCSE_Brownian;mcse_random;mcse_brownian;n_sim_requested;n_sim_successful_random;n_sim_successful_brownian;method","",,,199,199,199,,,,,,,,,
"20261002T011636Z","full","D_none_n2000_r10","reference","D","caper::phylo.d","none",0,2000,10,2000,2000,0,2000,2000,2000,2000,22261001,220270901,220270902,220270903,22272003,"fastphylosig",2,TRUE,199,,,,,,,,,,,,,,,,,,,,,,,"fedefe5d4f69b584993ed67c7aeeca857fd217553814a20468c8fbfbd1f2342c","5c5ad617987302607c95974da3f063916555f1cfe0af80db86eb766ab99f302b","18d34a2967652f7eab47d9fedcd0ba603ad96c13379ca053babc7c7630258ff1","190175b0dbb8282aff46ae4712935608640d95e671428517db50b3cb76cdfee8","19960aeb27390722b87c685918ae2cd90d5b38674924cecb3bba43e254a03fb9","0.3.0","isolated_release_library/fastphylosig","d951ecee19c06f3a144ad76c5039302078747585bb3bf829e6f12db15f54775d","isolated_release_library/fastphylosig/libs/<platform>/fastphylosig","c46a5834babd455b546bc65c6549c42ba51e6b47f3c9f222919b7118a5af3280","1bd40080f1ea537b3c73c838dc98ff84940f1064f4e1c4dbfb2dd5063d999bdb","benchmarks/stage5/documentation_fix_release_20261001/fastphylosig_0.3.0.tar.gz","909b7ad27485dcc2d96a7bb1fc70b65b54e93245d75761aca406b9c52f06cbff","1.0.4",28.3594172000885,0.986384434533241,"Sys.time",1,TRUE,"not_reported_by_reference","finite_reference_estimate_and_input_audit",TRUE,,"DEstimate;Pval1;Pval0;Parameters;StatesTable;Permutations;NodalVals;binvar;data;nPermut;rnd.bias","",,2,,,,,,,,,,,,
"20261002T011636Z","full","Delta_none_n2000_r10","reference","Delta","Borges2019 delta() [pinned source]","none",0,2000,10,2000,2000,0,2000,2000,,2000,22261001,220270901,220270902,220270903,22272103,"reference",1,FALSE,,10000,10,100,0.1,0.5,2,"LSE","ARD",,,,,,,,,,,,,,,"fedefe5d4f69b584993ed67c7aeeca857fd217553814a20468c8fbfbd1f2342c","5c5ad617987302607c95974da3f063916555f1cfe0af80db86eb766ab99f302b","18d34a2967652f7eab47d9fedcd0ba603ad96c13379ca053babc7c7630258ff1","12ae3773b9a6dda31bc9307399429f1d202d16a4fcec4d2a5e8eb6e74ea90b2c","80134ea28be9e064a88e9ce720037b1bfd181a4134eef57c198593774289841b","0.3.0","isolated_release_library/fastphylosig","d951ecee19c06f3a144ad76c5039302078747585bb3bf829e6f12db15f54775d","isolated_release_library/fastphylosig/libs/<platform>/fastphylosig","c46a5834babd455b546bc65c6549c42ba51e6b47f3c9f222919b7118a5af3280","1bd40080f1ea537b3c73c838dc98ff84940f1064f4e1c4dbfb2dd5063d999bdb","benchmarks/stage5/documentation_fix_release_20261001/fastphylosig_0.3.0.tar.gz","909b7ad27485dcc2d96a7bb1fc70b65b54e93245d75761aca406b9c52f06cbff","Borges2019-source-sha256:0dc1e987c13f0e972b0e7c3b4829b4d0fdc41ff0de3856bae4803f9ce0115175",18.0585219860077,0.084552506526769,"Sys.time",1,TRUE,"not_reported_by_reference","finite_reference_estimate_and_input_audit",TRUE,,"<numeric>","imaginary parts discarded in coercion || NaNs produced",,3,,,,,,,,,,,,
"20261002T011636Z","full","Delta_none_n2000_r10","fastphylosig","Delta","Borges2019 delta() [pinned source]","none",0,2000,10,2000,2000,0,,,,,22261001,220270901,220270902,220270903,22272102,"reference",2,FALSE,,10000,10,100,0.1,0.5,2,"LSE","ARD","0.1","0.5","10000","10","100","LSE","ARD","fast","1",20000,20000,20000,TRUE,TRUE,"fedefe5d4f69b584993ed67c7aeeca857fd217553814a20468c8fbfbd1f2342c","5c5ad617987302607c95974da3f063916555f1cfe0af80db86eb766ab99f302b","18d34a2967652f7eab47d9fedcd0ba603ad96c13379ca053babc7c7630258ff1","12ae3773b9a6dda31bc9307399429f1d202d16a4fcec4d2a5e8eb6e74ea90b2c","80134ea28be9e064a88e9ce720037b1bfd181a4134eef57c198593774289841b","0.3.0","isolated_release_library/fastphylosig","d951ecee19c06f3a144ad76c5039302078747585bb3bf829e6f12db15f54775d","isolated_release_library/fastphylosig/libs/<platform>/fastphylosig","c46a5834babd455b546bc65c6549c42ba51e6b47f3c9f222919b7118a5af3280","1bd40080f1ea537b3c73c838dc98ff84940f1064f4e1c4dbfb2dd5063d999bdb","benchmarks/stage5/documentation_fix_release_20261001/fastphylosig_0.3.0.tar.gz","909b7ad27485dcc2d96a7bb1fc70b65b54e93245d75761aca406b9c52f06cbff","Borges2019-source-sha256:0dc1e987c13f0e972b0e7c3b4829b4d0fdc41ff0de3856bae4803f9ce0115175",0.796741008758545,0.084303869166094,"Sys.time",1,TRUE,"ok","fast_result",TRUE,,"trait;Delta_fast;alpha_mean;beta_mean;n_saved;n_saved_requested;n_saved_successful;alpha_sd;beta_sd;ESS_alpha;ESS_beta;split_Rhat_alpha;split_Rhat_beta;Rhat_alpha;Rhat_beta;alpha_beta_cov;MCSE_Delta;diagnostics_available;diagnostics_note;requested_simulations;successful_simulations;requested_iterations;successful_iterations;requested_permutations;successful_permutations;n_states;n_species;n_removed_na;matched_species;removed_tree_tips;removed_data_rows;status;note;message;estimate;p_value;p_mcse;estimate_mcse;ess_alpha;ess_beta;rhat_alpha;rhat_beta;ESS;ess;Rhat;rhat;n_sim_requested;n_sim_successful;n_iter_requested;n_iter_successful;method","",,3,,,,20000,20000,"TRUE","Diagnostics computed from saved alpha/beta MCMC traces.",787.02321626363,402.944993781307,0.999861208598731,1.00249449334187,8.57730945534867e-05
"20261002T011636Z","full","D_moderate_n2000_r10","reference","D","caper::phylo.d","moderate",0.5,2000,10,2000,2000,0,2000,2000,2000,2000,22261001,220270901,220270902,220270903,22282003,"reference",1,TRUE,199,,,,,,,,,,,,,,,,,,,,,,,"fedefe5d4f69b584993ed67c7aeeca857fd217553814a20468c8fbfbd1f2342c","5c5ad617987302607c95974da3f063916555f1cfe0af80db86eb766ab99f302b","18d34a2967652f7eab47d9fedcd0ba603ad96c13379ca053babc7c7630258ff1","702fdff6dd285304b5775d8385fb77c07e5a9dd5b69bf2e80bbbd09c93fa69b7","77dd5f5fba646ba27e5b643fbd27c5f353104669a9616116e3119bbde9a6c75f","0.3.0","isolated_release_library/fastphylosig","d951ecee19c06f3a144ad76c5039302078747585bb3bf829e6f12db15f54775d","isolated_release_library/fastphylosig/libs/<platform>/fastphylosig","c46a5834babd455b546bc65c6549c42ba51e6b47f3c9f222919b7118a5af3280","1bd40080f1ea537b3c73c838dc98ff84940f1064f4e1c4dbfb2dd5063d999bdb","benchmarks/stage5/documentation_fix_release_20261001/fastphylosig_0.3.0.tar.gz","909b7ad27485dcc2d96a7bb1fc70b65b54e93245d75761aca406b9c52f06cbff","1.0.4",27.1537199020386,0.567897110907709,"Sys.time",1,TRUE,"not_reported_by_reference","finite_reference_estimate_and_input_audit",TRUE,,"DEstimate;Pval1;Pval0;Parameters;StatesTable;Permutations;NodalVals;binvar;data;nPermut;rnd.bias","",,2,,,,,,,,,,,,
"20261002T011636Z","full","D_moderate_n2000_r10","fastphylosig","D","caper::phylo.d","moderate",0.5,2000,10,2000,2000,0,,,,,22261001,220270901,220270902,220270903,22282002,"reference",2,TRUE,199,,,,,,,,,,,,,,,,,,,,,,,"fedefe5d4f69b584993ed67c7aeeca857fd217553814a20468c8fbfbd1f2342c","5c5ad617987302607c95974da3f063916555f1cfe0af80db86eb766ab99f302b","18d34a2967652f7eab47d9fedcd0ba603ad96c13379ca053babc7c7630258ff1","702fdff6dd285304b5775d8385fb77c07e5a9dd5b69bf2e80bbbd09c93fa69b7","77dd5f5fba646ba27e5b643fbd27c5f353104669a9616116e3119bbde9a6c75f","0.3.0","isolated_release_library/fastphylosig","d951ecee19c06f3a144ad76c5039302078747585bb3bf829e6f12db15f54775d","isolated_release_library/fastphylosig/libs/<platform>/fastphylosig","c46a5834babd455b546bc65c6549c42ba51e6b47f3c9f222919b7118a5af3280","1bd40080f1ea537b3c73c838dc98ff84940f1064f4e1c4dbfb2dd5063d999bdb","benchmarks/stage5/documentation_fix_release_20261001/fastphylosig_0.3.0.tar.gz","909b7ad27485dcc2d96a7bb1fc70b65b54e93245d75761aca406b9c52f06cbff","1.0.4",0.125272035598755,0.569902800222289,"Sys.time",1,TRUE,"ok","fast_result",TRUE,,"trait;D_fast;Pval1_fast;Pval0_fast;P_random;P_Brownian;MCSE_P_random;MCSE_P_Brownian;nsim_requested;nsim_successful_random;nsim_successful_brownian;nsim_failed_random;nsim_failed_brownian;observed;mean_random;mean_brownian;n_species;n_removed_na;matched_species;removed_tree_tips;removed_data_rows;status;note;message;estimate;p_random;p_brownian;p_mcse_random;p_mcse_brownian;MCSE_random;MCSE_Brownian;mcse_random;mcse_brownian;n_sim_requested;n_sim_successful_random;n_sim_successful_brownian;method","",,,199,199,199,,,,,,,,,
"20261002T011636Z","full","Delta_moderate_n2000_r10","fastphylosig","Delta","Borges2019 delta() [pinned source]","moderate",0.5,2000,10,2000,2000,0,,,,,22261001,220270901,220270902,220270903,22282102,"fastphylosig",1,FALSE,,10000,10,100,0.1,0.5,2,"LSE","ARD","0.1","0.5","10000","10","100","LSE","ARD","fast","1",20000,20000,20000,TRUE,TRUE,"fedefe5d4f69b584993ed67c7aeeca857fd217553814a20468c8fbfbd1f2342c","5c5ad617987302607c95974da3f063916555f1cfe0af80db86eb766ab99f302b","18d34a2967652f7eab47d9fedcd0ba603ad96c13379ca053babc7c7630258ff1","dcb5aa897f5218a28ed6a86e4c901c5b9aa6d8210f18ba465cb1124b8c93c20e","cf3b48fc06b017a7fb0f21e85b25f6be75289718feac5e9a1adb02dd4280815c","0.3.0","isolated_release_library/fastphylosig","d951ecee19c06f3a144ad76c5039302078747585bb3bf829e6f12db15f54775d","isolated_release_library/fastphylosig/libs/<platform>/fastphylosig","c46a5834babd455b546bc65c6549c42ba51e6b47f3c9f222919b7118a5af3280","1bd40080f1ea537b3c73c838dc98ff84940f1064f4e1c4dbfb2dd5063d999bdb","benchmarks/stage5/documentation_fix_release_20261001/fastphylosig_0.3.0.tar.gz","909b7ad27485dcc2d96a7bb1fc70b65b54e93245d75761aca406b9c52f06cbff","Borges2019-source-sha256:0dc1e987c13f0e972b0e7c3b4829b4d0fdc41ff0de3856bae4803f9ce0115175",0.621208906173706,1.96395093320247,"Sys.time",1,TRUE,"ok","fast_result",TRUE,,"trait;Delta_fast;alpha_mean;beta_mean;n_saved;n_saved_requested;n_saved_successful;alpha_sd;beta_sd;ESS_alpha;ESS_beta;split_Rhat_alpha;split_Rhat_beta;Rhat_alpha;Rhat_beta;alpha_beta_cov;MCSE_Delta;diagnostics_available;diagnostics_note;requested_simulations;successful_simulations;requested_iterations;successful_iterations;requested_permutations;successful_permutations;n_states;n_species;n_removed_na;matched_species;removed_tree_tips;removed_data_rows;status;note;message;estimate;p_value;p_mcse;estimate_mcse;ess_alpha;ess_beta;rhat_alpha;rhat_beta;ESS;ess;Rhat;rhat;n_sim_requested;n_sim_successful;n_iter_requested;n_iter_successful;method","",,3,,,,20000,20000,"TRUE","Diagnostics computed from saved alpha/beta MCMC traces.",202.460622262085,231.262067135979,1.0088754521601,1.00941171234046,0.00156313807385696
"20261002T011636Z","full","Delta_moderate_n2000_r10","reference","Delta","Borges2019 delta() [pinned source]","moderate",0.5,2000,10,2000,2000,0,2000,2000,,2000,22261001,220270901,220270902,220270903,22282103,"fastphylosig",2,FALSE,,10000,10,100,0.1,0.5,2,"LSE","ARD",,,,,,,,,,,,,,,"fedefe5d4f69b584993ed67c7aeeca857fd217553814a20468c8fbfbd1f2342c","5c5ad617987302607c95974da3f063916555f1cfe0af80db86eb766ab99f302b","18d34a2967652f7eab47d9fedcd0ba603ad96c13379ca053babc7c7630258ff1","dcb5aa897f5218a28ed6a86e4c901c5b9aa6d8210f18ba465cb1124b8c93c20e","cf3b48fc06b017a7fb0f21e85b25f6be75289718feac5e9a1adb02dd4280815c","0.3.0","isolated_release_library/fastphylosig","d951ecee19c06f3a144ad76c5039302078747585bb3bf829e6f12db15f54775d","isolated_release_library/fastphylosig/libs/<platform>/fastphylosig","c46a5834babd455b546bc65c6549c42ba51e6b47f3c9f222919b7118a5af3280","1bd40080f1ea537b3c73c838dc98ff84940f1064f4e1c4dbfb2dd5063d999bdb","benchmarks/stage5/documentation_fix_release_20261001/fastphylosig_0.3.0.tar.gz","909b7ad27485dcc2d96a7bb1fc70b65b54e93245d75761aca406b9c52f06cbff","Borges2019-source-sha256:0dc1e987c13f0e972b0e7c3b4829b4d0fdc41ff0de3856bae4803f9ce0115175",14.3218529224396,1.96425290971296,"Sys.time",1,TRUE,"not_reported_by_reference","finite_reference_estimate_and_input_audit",TRUE,,"<numeric>","NaNs produced || Inf replaced by maximum positive value",,3,,,,,,,,,,,,
"20261002T011636Z","full","D_strong_n2000_r10","fastphylosig","D","caper::phylo.d","strong",0.95,2000,10,2000,2000,0,,,,,22261001,220270901,220270902,220270903,22292002,"fastphylosig",1,TRUE,199,,,,,,,,,,,,,,,,,,,,,,,"fedefe5d4f69b584993ed67c7aeeca857fd217553814a20468c8fbfbd1f2342c","5c5ad617987302607c95974da3f063916555f1cfe0af80db86eb766ab99f302b","18d34a2967652f7eab47d9fedcd0ba603ad96c13379ca053babc7c7630258ff1","b0c3c6d43f9d63e6f3b025132fe517c4ebdc1dd6b31ca2e1845c50adb76e21f6","2ce28ae29708a4739aebd5835fb73aa8414ac0d57bb8174f3db6fa15ca2bb7f5","0.3.0","isolated_release_library/fastphylosig","d951ecee19c06f3a144ad76c5039302078747585bb3bf829e6f12db15f54775d","isolated_release_library/fastphylosig/libs/<platform>/fastphylosig","c46a5834babd455b546bc65c6549c42ba51e6b47f3c9f222919b7118a5af3280","1bd40080f1ea537b3c73c838dc98ff84940f1064f4e1c4dbfb2dd5063d999bdb","benchmarks/stage5/documentation_fix_release_20261001/fastphylosig_0.3.0.tar.gz","909b7ad27485dcc2d96a7bb1fc70b65b54e93245d75761aca406b9c52f06cbff","1.0.4",0.11820912361145,0.0984130714011454,"Sys.time",1,TRUE,"ok","fast_result",TRUE,,"trait;D_fast;Pval1_fast;Pval0_fast;P_random;P_Brownian;MCSE_P_random;MCSE_P_Brownian;nsim_requested;nsim_successful_random;nsim_successful_brownian;nsim_failed_random;nsim_failed_brownian;observed;mean_random;mean_brownian;n_species;n_removed_na;matched_species;removed_tree_tips;removed_data_rows;status;note;message;estimate;p_random;p_brownian;p_mcse_random;p_mcse_brownian;MCSE_random;MCSE_Brownian;mcse_random;mcse_brownian;n_sim_requested;n_sim_successful_random;n_sim_successful_brownian;method","",,,199,199,199,,,,,,,,,
"20261002T011636Z","full","D_strong_n2000_r10","reference","D","caper::phylo.d","strong",0.95,2000,10,2000,2000,0,2000,2000,2000,2000,22261001,220270901,220270902,220270903,22292003,"fastphylosig",2,TRUE,199,,,,,,,,,,,,,,,,,,,,,,,"fedefe5d4f69b584993ed67c7aeeca857fd217553814a20468c8fbfbd1f2342c","5c5ad617987302607c95974da3f063916555f1cfe0af80db86eb766ab99f302b","18d34a2967652f7eab47d9fedcd0ba603ad96c13379ca053babc7c7630258ff1","b0c3c6d43f9d63e6f3b025132fe517c4ebdc1dd6b31ca2e1845c50adb76e21f6","2ce28ae29708a4739aebd5835fb73aa8414ac0d57bb8174f3db6fa15ca2bb7f5","0.3.0","isolated_release_library/fastphylosig","d951ecee19c06f3a144ad76c5039302078747585bb3bf829e6f12db15f54775d","isolated_release_library/fastphylosig/libs/<platform>/fastphylosig","c46a5834babd455b546bc65c6549c42ba51e6b47f3c9f222919b7118a5af3280","1bd40080f1ea537b3c73c838dc98ff84940f1064f4e1c4dbfb2dd5063d999bdb","benchmarks/stage5/documentation_fix_release_20261001/fastphylosig_0.3.0.tar.gz","909b7ad27485dcc2d96a7bb1fc70b65b54e93245d75761aca406b9c52f06cbff","1.0.4",5273.87148404121,0.0973691855593449,"Sys.time",1,TRUE,"not_reported_by_reference","finite_reference_estimate_and_input_audit",TRUE,,"DEstimate;Pval1;Pval0;Parameters;StatesTable;Permutations;NodalVals;binvar;data;nPermut;rnd.bias","",,2,,,,,,,,,,,,
"20261002T011636Z","full","Delta_strong_n2000_r10","reference","Delta","Borges2019 delta() [pinned source]","strong",0.95,2000,10,2000,2000,0,2000,2000,,2000,22261001,220270901,220270902,220270903,22292103,"reference",1,FALSE,,10000,10,100,0.1,0.5,2,"LSE","ARD",,,,,,,,,,,,,,,"fedefe5d4f69b584993ed67c7aeeca857fd217553814a20468c8fbfbd1f2342c","5c5ad617987302607c95974da3f063916555f1cfe0af80db86eb766ab99f302b","18d34a2967652f7eab47d9fedcd0ba603ad96c13379ca053babc7c7630258ff1","b450bcb13e45a9afe91a8ccc782953c254ce1d2fa16dc0df53ecb8da503ce62e","503dc4bde20a35f9003810e734664a861781c3c40dc24dfe6953105c38bab29f","0.3.0","isolated_release_library/fastphylosig","d951ecee19c06f3a144ad76c5039302078747585bb3bf829e6f12db15f54775d","isolated_release_library/fastphylosig/libs/<platform>/fastphylosig","c46a5834babd455b546bc65c6549c42ba51e6b47f3c9f222919b7118a5af3280","1bd40080f1ea537b3c73c838dc98ff84940f1064f4e1c4dbfb2dd5063d999bdb","benchmarks/stage5/documentation_fix_release_20261001/fastphylosig_0.3.0.tar.gz","909b7ad27485dcc2d96a7bb1fc70b65b54e93245d75761aca406b9c52f06cbff","Borges2019-source-sha256:0dc1e987c13f0e972b0e7c3b4829b4d0fdc41ff0de3856bae4803f9ce0115175",12.6108019351959,7.38799448569461,"Sys.time",1,TRUE,"not_reported_by_reference","finite_reference_estimate_and_input_audit",TRUE,,"<numeric>","NaNs produced || Inf replaced by maximum positive value",,3,,,,,,,,,,,,
"20261002T011636Z","full","Delta_strong_n2000_r10","fastphylosig","Delta","Borges2019 delta() [pinned source]","strong",0.95,2000,10,2000,2000,0,,,,,22261001,220270901,220270902,220270903,22292102,"reference",2,FALSE,,10000,10,100,0.1,0.5,2,"LSE","ARD","0.1","0.5","10000","10","100","LSE","ARD","fast","1",20000,20000,20000,TRUE,TRUE,"fedefe5d4f69b584993ed67c7aeeca857fd217553814a20468c8fbfbd1f2342c","5c5ad617987302607c95974da3f063916555f1cfe0af80db86eb766ab99f302b","18d34a2967652f7eab47d9fedcd0ba603ad96c13379ca053babc7c7630258ff1","b450bcb13e45a9afe91a8ccc782953c254ce1d2fa16dc0df53ecb8da503ce62e","503dc4bde20a35f9003810e734664a861781c3c40dc24dfe6953105c38bab29f","0.3.0","isolated_release_library/fastphylosig","d951ecee19c06f3a144ad76c5039302078747585bb3bf829e6f12db15f54775d","isolated_release_library/fastphylosig/libs/<platform>/fastphylosig","c46a5834babd455b546bc65c6549c42ba51e6b47f3c9f222919b7118a5af3280","1bd40080f1ea537b3c73c838dc98ff84940f1064f4e1c4dbfb2dd5063d999bdb","benchmarks/stage5/documentation_fix_release_20261001/fastphylosig_0.3.0.tar.gz","909b7ad27485dcc2d96a7bb1fc70b65b54e93245d75761aca406b9c52f06cbff","Borges2019-source-sha256:0dc1e987c13f0e972b0e7c3b4829b4d0fdc41ff0de3856bae4803f9ce0115175",0.378475904464722,7.38500547047635,"Sys.time",1,TRUE,"ok","fast_result",TRUE,,"trait;Delta_fast;alpha_mean;beta_mean;n_saved;n_saved_requested;n_saved_successful;alpha_sd;beta_sd;ESS_alpha;ESS_beta;split_Rhat_alpha;split_Rhat_beta;Rhat_alpha;Rhat_beta;alpha_beta_cov;MCSE_Delta;diagnostics_available;diagnostics_note;requested_simulations;successful_simulations;requested_iterations;successful_iterations;requested_permutations;successful_permutations;n_states;n_species;n_removed_na;matched_species;removed_tree_tips;removed_data_rows;status;note;message;estimate;p_value;p_mcse;estimate_mcse;ess_alpha;ess_beta;rhat_alpha;rhat_beta;ESS;ess;Rhat;rhat;n_sim_requested;n_sim_successful;n_iter_requested;n_iter_successful;method","",,3,,,,20000,20000,"TRUE","Diagnostics computed from saved alpha/beta MCMC traces.",425.454917687663,587.39373620411,1.00505894392467,1.00542567646515,0.00708786566237166
