"run_id","comparison_id","implementation","method","reference","scenario","signal_mixture_h2","n_tip","replicate","n_species_used","matched_species","n_removed_na","input_tree_tip_count","input_trait_length","tree_seed","trait_seed","call_seed","first_implementation","call_order","test","lambda_profile","prepare_excluded","timing_clock","timing_iterations","tree_hash","bm_hash","noise_hash","trait_hash","reference_input_hash","prepared_fingerprint","package_version","package_path","package_path_sha256","dll_path","dll_path_sha256","dll_file_sha256","source_tarball","source_tarball_sha256","reference_version","elapsed_seconds","estimate","reported_status","success","validation_error","warning","error"
"20261001T112848Z","K_none_n0050_r01","reference","K","phytools::phylosig","none",0,50,1,50,50,0,50,50,20310924,25261914,20311026,"reference",1,FALSE,,TRUE,"Sys.time",1,"db7cb56f9cfadcce1d884f113a8955578349c14cd90dbe0cd354172915a27586","97acd4ee40ee8b0f436b76e8ba6d68b37926f0516631fa35702a7deded29ab19","8e639ed8bcc5fecbe5180c6f2dc889eb7cebe91c60a447f680aa57422b13fe66","8e639ed8bcc5fecbe5180c6f2dc889eb7cebe91c60a447f680aa57422b13fe66","b841ffad9bb473a68a79f226ea11371eb7b8677d8587da431f3b106a68b2fb3e","bb6983c272805084bf3a97cca45a41e5184d30b4417e4442fb2baf4cd33fcc9b","0.3.0","isolated_release_library/fastphylosig","d951ecee19c06f3a144ad76c5039302078747585bb3bf829e6f12db15f54775d","isolated_release_library/fastphylosig/libs/<platform>/fastphylosig","c46a5834babd455b546bc65c6549c42ba51e6b47f3c9f222919b7118a5af3280","1bd40080f1ea537b3c73c838dc98ff84940f1064f4e1c4dbfb2dd5063d999bdb","benchmarks/stage5/documentation_fix_release_20261001/fastphylosig_0.3.0.tar.gz","909b7ad27485dcc2d96a7bb1fc70b65b54e93245d75761aca406b9c52f06cbff","2.5.2",0.000557899475097656,0.250227175820806,"ok",TRUE,,"",
"20261001T112848Z","K_none_n0050_r01","fastphylosig","K","phytools::phylosig","none",0,50,1,50,50,0,,,20310924,25261914,20311026,"reference",2,FALSE,,TRUE,"Sys.time",1,"db7cb56f9cfadcce1d884f113a8955578349c14cd90dbe0cd354172915a27586","97acd4ee40ee8b0f436b76e8ba6d68b37926f0516631fa35702a7deded29ab19","8e639ed8bcc5fecbe5180c6f2dc889eb7cebe91c60a447f680aa57422b13fe66","8e639ed8bcc5fecbe5180c6f2dc889eb7cebe91c60a447f680aa57422b13fe66","b841ffad9bb473a68a79f226ea11371eb7b8677d8587da431f3b106a68b2fb3e","bb6983c272805084bf3a97cca45a41e5184d30b4417e4442fb2baf4cd33fcc9b","0.3.0","isolated_release_library/fastphylosig","d951ecee19c06f3a144ad76c5039302078747585bb3bf829e6f12db15f54775d","isolated_release_library/fastphylosig/libs/<platform>/fastphylosig","c46a5834babd455b546bc65c6549c42ba51e6b47f3c9f222919b7118a5af3280","1bd40080f1ea537b3c73c838dc98ff84940f1064f4e1c4dbfb2dd5063d999bdb","benchmarks/stage5/documentation_fix_release_20261001/fastphylosig_0.3.0.tar.gz","909b7ad27485dcc2d96a7bb1fc70b65b54e93245d75761aca406b9c52f06cbff","2.5.2",0.00371503829956055,0.250227175820807,"ok",TRUE,,"",
"20261001T112848Z","lambda_none_n0050_r01","fastphylosig","lambda","phytools::phylosig","none",0,50,1,50,50,0,,,20310924,25261914,20311028,"fastphylosig",1,FALSE,FALSE,TRUE,"Sys.time",1,"db7cb56f9cfadcce1d884f113a8955578349c14cd90dbe0cd354172915a27586","97acd4ee40ee8b0f436b76e8ba6d68b37926f0516631fa35702a7deded29ab19","8e639ed8bcc5fecbe5180c6f2dc889eb7cebe91c60a447f680aa57422b13fe66","8e639ed8bcc5fecbe5180c6f2dc889eb7cebe91c60a447f680aa57422b13fe66","b841ffad9bb473a68a79f226ea11371eb7b8677d8587da431f3b106a68b2fb3e","bb6983c272805084bf3a97cca45a41e5184d30b4417e4442fb2baf4cd33fcc9b","0.3.0","isolated_release_library/fastphylosig","d951ecee19c06f3a144ad76c5039302078747585bb3bf829e6f12db15f54775d","isolated_release_library/fastphylosig/libs/<platform>/fastphylosig","c46a5834babd455b546bc65c6549c42ba51e6b47f3c9f222919b7118a5af3280","1bd40080f1ea537b3c73c838dc98ff84940f1064f4e1c4dbfb2dd5063d999bdb","benchmarks/stage5/documentation_fix_release_20261001/fastphylosig_0.3.0.tar.gz","909b7ad27485dcc2d96a7bb1fc70b65b54e93245d75761aca406b9c52f06cbff","2.5.2",0.0042879581451416,0.0909814243334053,"ok",TRUE,,"",
"20261001T112848Z","lambda_none_n0050_r01","reference","lambda","phytools::phylosig","none",0,50,1,50,50,0,50,50,20310924,25261914,20311028,"fastphylosig",2,FALSE,FALSE,TRUE,"Sys.time",1,"db7cb56f9cfadcce1d884f113a8955578349c14cd90dbe0cd354172915a27586","97acd4ee40ee8b0f436b76e8ba6d68b37926f0516631fa35702a7deded29ab19","8e639ed8bcc5fecbe5180c6f2dc889eb7cebe91c60a447f680aa57422b13fe66","8e639ed8bcc5fecbe5180c6f2dc889eb7cebe91c60a447f680aa57422b13fe66","b841ffad9bb473a68a79f226ea11371eb7b8677d8587da431f3b106a68b2fb3e","bb6983c272805084bf3a97cca45a41e5184d30b4417e4442fb2baf4cd33fcc9b","0.3.0","isolated_release_library/fastphylosig","d951ecee19c06f3a144ad76c5039302078747585bb3bf829e6f12db15f54775d","isolated_release_library/fastphylosig/libs/<platform>/fastphylosig","c46a5834babd455b546bc65c6549c42ba51e6b47f3c9f222919b7118a5af3280","1bd40080f1ea537b3c73c838dc98ff84940f1064f4e1c4dbfb2dd5063d999bdb","benchmarks/stage5/documentation_fix_release_20261001/fastphylosig_0.3.0.tar.gz","909b7ad27485dcc2d96a7bb1fc70b65b54e93245d75761aca406b9c52f06cbff","2.5.2",0.0401971340179443,0.0909793674358734,"ok",TRUE,,"",
"20261001T112848Z","K_moderate_n0050_r01","fastphylosig","K","phytools::phylosig","moderate",0.5,50,1,50,50,0,,,20310924,25261914,20311036,"fastphylosig",1,FALSE,,TRUE,"Sys.time",1,"db7cb56f9cfadcce1d884f113a8955578349c14cd90dbe0cd354172915a27586","97acd4ee40ee8b0f436b76e8ba6d68b37926f0516631fa35702a7deded29ab19","8e639ed8bcc5fecbe5180c6f2dc889eb7cebe91c60a447f680aa57422b13fe66","096cbea678c73abe36d10e4bcc4106d76238db02da475acdbc35b158b7e7cb5d","3b093ec9291f6969e104c27f0aafd4bc937ee1732b5f576eca83868da8c36f80","bb6983c272805084bf3a97cca45a41e5184d30b4417e4442fb2baf4cd33fcc9b","0.3.0","isolated_release_library/fastphylosig","d951ecee19c06f3a144ad76c5039302078747585bb3bf829e6f12db15f54775d","isolated_release_library/fastphylosig/libs/<platform>/fastphylosig","c46a5834babd455b546bc65c6549c42ba51e6b47f3c9f222919b7118a5af3280","1bd40080f1ea537b3c73c838dc98ff84940f1064f4e1c4dbfb2dd5063d999bdb","benchmarks/stage5/documentation_fix_release_20261001/fastphylosig_0.3.0.tar.gz","909b7ad27485dcc2d96a7bb1fc70b65b54e93245d75761aca406b9c52f06cbff","2.5.2",0.0041038990020752,0.324657054810138,"ok",TRUE,,"",
"20261001T112848Z","K_moderate_n0050_r01","reference","K","phytools::phylosig","moderate",0.5,50,1,50,50,0,50,50,20310924,25261914,20311036,"fastphylosig",2,FALSE,,TRUE,"Sys.time",1,"db7cb56f9cfadcce1d884f113a8955578349c14cd90dbe0cd354172915a27586","97acd4ee40ee8b0f436b76e8ba6d68b37926f0516631fa35702a7deded29ab19","8e639ed8bcc5fecbe5180c6f2dc889eb7cebe91c60a447f680aa57422b13fe66","096cbea678c73abe36d10e4bcc4106d76238db02da475acdbc35b158b7e7cb5d","3b093ec9291f6969e104c27f0aafd4bc937ee1732b5f576eca83868da8c36f80","bb6983c272805084bf3a97cca45a41e5184d30b4417e4442fb2baf4cd33fcc9b","0.3.0","isolated_release_library/fastphylosig","d951ecee19c06f3a144ad76c5039302078747585bb3bf829e6f12db15f54775d","isolated_release_library/fastphylosig/libs/<platform>/fastphylosig","c46a5834babd455b546bc65c6549c42ba51e6b47f3c9f222919b7118a5af3280","1bd40080f1ea537b3c73c838dc98ff84940f1064f4e1c4dbfb2dd5063d999bdb","benchmarks/stage5/documentation_fix_release_20261001/fastphylosig_0.3.0.tar.gz","909b7ad27485dcc2d96a7bb1fc70b65b54e93245d75761aca406b9c52f06cbff","2.5.2",0.000558853149414062,0.324657054810142,"ok",TRUE,,"",
"20261001T112848Z","lambda_moderate_n0050_r01","reference","lambda","phytools::phylosig","moderate",0.5,50,1,50,50,0,50,50,20310924,25261914,20311038,"reference",1,FALSE,FALSE,TRUE,"Sys.time",1,"db7cb56f9cfadcce1d884f113a8955578349c14cd90dbe0cd354172915a27586","97acd4ee40ee8b0f436b76e8ba6d68b37926f0516631fa35702a7deded29ab19","8e639ed8bcc5fecbe5180c6f2dc889eb7cebe91c60a447f680aa57422b13fe66","096cbea678c73abe36d10e4bcc4106d76238db02da475acdbc35b158b7e7cb5d","3b093ec9291f6969e104c27f0aafd4bc937ee1732b5f576eca83868da8c36f80","bb6983c272805084bf3a97cca45a41e5184d30b4417e4442fb2baf4cd33fcc9b","0.3.0","isolated_release_library/fastphylosig","d951ecee19c06f3a144ad76c5039302078747585bb3bf829e6f12db15f54775d","isolated_release_library/fastphylosig/libs/<platform>/fastphylosig","c46a5834babd455b546bc65c6549c42ba51e6b47f3c9f222919b7118a5af3280","1bd40080f1ea537b3c73c838dc98ff84940f1064f4e1c4dbfb2dd5063d999bdb","benchmarks/stage5/documentation_fix_release_20261001/fastphylosig_0.3.0.tar.gz","909b7ad27485dcc2d96a7bb1fc70b65b54e93245d75761aca406b9c52f06cbff","2.5.2",0.0265591144561768,0.607450800918576,"ok",TRUE,,"",
"20261001T112848Z","lambda_moderate_n0050_r01","fastphylosig","lambda","phytools::phylosig","moderate",0.5,50,1,50,50,0,,,20310924,25261914,20311038,"reference",2,FALSE,FALSE,TRUE,"Sys.time",1,"db7cb56f9cfadcce1d884f113a8955578349c14cd90dbe0cd354172915a27586","97acd4ee40ee8b0f436b76e8ba6d68b37926f0516631fa35702a7deded29ab19","8e639ed8bcc5fecbe5180c6f2dc889eb7cebe91c60a447f680aa57422b13fe66","096cbea678c73abe36d10e4bcc4106d76238db02da475acdbc35b158b7e7cb5d","3b093ec9291f6969e104c27f0aafd4bc937ee1732b5f576eca83868da8c36f80","bb6983c272805084bf3a97cca45a41e5184d30b4417e4442fb2baf4cd33fcc9b","0.3.0","isolated_release_library/fastphylosig","d951ecee19c06f3a144ad76c5039302078747585bb3bf829e6f12db15f54775d","isolated_release_library/fastphylosig/libs/<platform>/fastphylosig","c46a5834babd455b546bc65c6549c42ba51e6b47f3c9f222919b7118a5af3280","1bd40080f1ea537b3c73c838dc98ff84940f1064f4e1c4dbfb2dd5063d999bdb","benchmarks/stage5/documentation_fix_release_20261001/fastphylosig_0.3.0.tar.gz","909b7ad27485dcc2d96a7bb1fc70b65b54e93245d75761aca406b9c52f06cbff","2.5.2",0.00414490699768066,0.607457319477565,"ok",TRUE,,"",
"20261001T112848Z","K_strong_n0050_r01","reference","K","phytools::phylosig","strong",0.95,50,1,50,50,0,50,50,20310924,25261914,20311046,"reference",1,FALSE,,TRUE,"Sys.time",1,"db7cb56f9cfadcce1d884f113a8955578349c14cd90dbe0cd354172915a27586","97acd4ee40ee8b0f436b76e8ba6d68b37926f0516631fa35702a7deded29ab19","8e639ed8bcc5fecbe5180c6f2dc889eb7cebe91c60a447f680aa57422b13fe66","9778e71f3e2e8cefadf976ea44a15d2779bc3d3da0cb121c15532651a8f02173","2af7eb9cc1fe4bcd4f8bd6c93ae41267344c25e4bc8e3771e4267474bc33f388","bb6983c272805084bf3a97cca45a41e5184d30b4417e4442fb2baf4cd33fcc9b","0.3.0","isolated_release_library/fastphylosig","d951ecee19c06f3a144ad76c5039302078747585bb3bf829e6f12db15f54775d","isolated_release_library/fastphylosig/libs/<platform>/fastphylosig","c46a5834babd455b546bc65c6549c42ba51e6b47f3c9f222919b7118a5af3280","1bd40080f1ea537b3c73c838dc98ff84940f1064f4e1c4dbfb2dd5063d999bdb","benchmarks/stage5/documentation_fix_release_20261001/fastphylosig_0.3.0.tar.gz","909b7ad27485dcc2d96a7bb1fc70b65b54e93245d75761aca406b9c52f06cbff","2.5.2",0.000620841979980469,0.601100717353162,"ok",TRUE,,"",
"20261001T112848Z","K_strong_n0050_r01","fastphylosig","K","phytools::phylosig","strong",0.95,50,1,50,50,0,,,20310924,25261914,20311046,"reference",2,FALSE,,TRUE,"Sys.time",1,"db7cb56f9cfadcce1d884f113a8955578349c14cd90dbe0cd354172915a27586","97acd4ee40ee8b0f436b76e8ba6d68b37926f0516631fa35702a7deded29ab19","8e639ed8bcc5fecbe5180c6f2dc889eb7cebe91c60a447f680aa57422b13fe66","9778e71f3e2e8cefadf976ea44a15d2779bc3d3da0cb121c15532651a8f02173","2af7eb9cc1fe4bcd4f8bd6c93ae41267344c25e4bc8e3771e4267474bc33f388","bb6983c272805084bf3a97cca45a41e5184d30b4417e4442fb2baf4cd33fcc9b","0.3.0","isolated_release_library/fastphylosig","d951ecee19c06f3a144ad76c5039302078747585bb3bf829e6f12db15f54775d","isolated_release_library/fastphylosig/libs/<platform>/fastphylosig","c46a5834babd455b546bc65c6549c42ba51e6b47f3c9f222919b7118a5af3280","1bd40080f1ea537b3c73c838dc98ff84940f1064f4e1c4dbfb2dd5063d999bdb","benchmarks/stage5/documentation_fix_release_20261001/fastphylosig_0.3.0.tar.gz","909b7ad27485dcc2d96a7bb1fc70b65b54e93245d75761aca406b9c52f06cbff","2.5.2",0.0036160945892334,0.601100717353158,"ok",TRUE,,"",
"20261001T112848Z","lambda_strong_n0050_r01","fastphylosig","lambda","phytools::phylosig","strong",0.95,50,1,50,50,0,,,20310924,25261914,20311048,"fastphylosig",1,FALSE,FALSE,TRUE,"Sys.time",1,"db7cb56f9cfadcce1d884f113a8955578349c14cd90dbe0cd354172915a27586","97acd4ee40ee8b0f436b76e8ba6d68b37926f0516631fa35702a7deded29ab19","8e639ed8bcc5fecbe5180c6f2dc889eb7cebe91c60a447f680aa57422b13fe66","9778e71f3e2e8cefadf976ea44a15d2779bc3d3da0cb121c15532651a8f02173","2af7eb9cc1fe4bcd4f8bd6c93ae41267344c25e4bc8e3771e4267474bc33f388","bb6983c272805084bf3a97cca45a41e5184d30b4417e4442fb2baf4cd33fcc9b","0.3.0","isolated_release_library/fastphylosig","d951ecee19c06f3a144ad76c5039302078747585bb3bf829e6f12db15f54775d","isolated_release_library/fastphylosig/libs/<platform>/fastphylosig","c46a5834babd455b546bc65c6549c42ba51e6b47f3c9f222919b7118a5af3280","1bd40080f1ea537b3c73c838dc98ff84940f1064f4e1c4dbfb2dd5063d999bdb","benchmarks/stage5/documentation_fix_release_20261001/fastphylosig_0.3.0.tar.gz","909b7ad27485dcc2d96a7bb1fc70b65b54e93245d75761aca406b9c52f06cbff","2.5.2",0.00442695617675781,0.950288948199094,"ok",TRUE,,"",
"20261001T112848Z","lambda_strong_n0050_r01","reference","lambda","phytools::phylosig","strong",0.95,50,1,50,50,0,50,50,20310924,25261914,20311048,"fastphylosig",2,FALSE,FALSE,TRUE,"Sys.time",1,"db7cb56f9cfadcce1d884f113a8955578349c14cd90dbe0cd354172915a27586","97acd4ee40ee8b0f436b76e8ba6d68b37926f0516631fa35702a7deded29ab19","8e639ed8bcc5fecbe5180c6f2dc889eb7cebe91c60a447f680aa57422b13fe66","9778e71f3e2e8cefadf976ea44a15d2779bc3d3da0cb121c15532651a8f02173","2af7eb9cc1fe4bcd4f8bd6c93ae41267344c25e4bc8e3771e4267474bc33f388","bb6983c272805084bf3a97cca45a41e5184d30b4417e4442fb2baf4cd33fcc9b","0.3.0","isolated_release_library/fastphylosig","d951ecee19c06f3a144ad76c5039302078747585bb3bf829e6f12db15f54775d","isolated_release_library/fastphylosig/libs/<platform>/fastphylosig","c46a5834babd455b546bc65c6549c42ba51e6b47f3c9f222919b7118a5af3280","1bd40080f1ea537b3c73c838dc98ff84940f1064f4e1c4dbfb2dd5063d999bdb","benchmarks/stage5/documentation_fix_release_20261001/fastphylosig_0.3.0.tar.gz","909b7ad27485dcc2d96a7bb1fc70b65b54e93245d75761aca406b9c52f06cbff","2.5.2",0.0376110076904297,0.950294113241553,"ok",TRUE,,"",
"20261001T112848Z","K_none_n0050_r02","fastphylosig","K","phytools::phylosig","none",0,50,2,50,50,0,,,20310934,25262914,20311126,"fastphylosig",1,FALSE,,TRUE,"Sys.time",1,"8b4deda53887ba0a5010021315f709596c3c5b4ce895a735f972b3561d971f85","2dfac525c7a489459ad8ef71f91b552993d8feb8ace3a9d9157cccf16ae735f1","09094e9b05e4d6a366dbc92c9f323ac2f274d147639ec8dc641edeaf91d7e058","09094e9b05e4d6a366dbc92c9f323ac2f274d147639ec8dc641edeaf91d7e058","22c0b0a3481ded8e027121753f631a286cd50e4b37cb3a70a6159b77f10a20a0","708cfd8dc4693c77980fcf0efab8bed6916797ce06394639484ec50a6b14d8bc","0.3.0","isolated_release_library/fastphylosig","d951ecee19c06f3a144ad76c5039302078747585bb3bf829e6f12db15f54775d","isolated_release_library/fastphylosig/libs/<platform>/fastphylosig","c46a5834babd455b546bc65c6549c42ba51e6b47f3c9f222919b7118a5af3280","1bd40080f1ea537b3c73c838dc98ff84940f1064f4e1c4dbfb2dd5063d999bdb","benchmarks/stage5/documentation_fix_release_20261001/fastphylosig_0.3.0.tar.gz","909b7ad27485dcc2d96a7bb1fc70b65b54e93245d75761aca406b9c52f06cbff","2.5.2",0.00390195846557617,0.166491447321957,"ok",TRUE,,"",
"20261001T112848Z","K_none_n0050_r02","reference","K","phytools::phylosig","none",0,50,2,50,50,0,50,50,20310934,25262914,20311126,"fastphylosig",2,FALSE,,TRUE,"Sys.time",1,"8b4deda53887ba0a5010021315f709596c3c5b4ce895a735f972b3561d971f85","2dfac525c7a489459ad8ef71f91b552993d8feb8ace3a9d9157cccf16ae735f1","09094e9b05e4d6a366dbc92c9f323ac2f274d147639ec8dc641edeaf91d7e058","09094e9b05e4d6a366dbc92c9f323ac2f274d147639ec8dc641edeaf91d7e058","22c0b0a3481ded8e027121753f631a286cd50e4b37cb3a70a6159b77f10a20a0","708cfd8dc4693c77980fcf0efab8bed6916797ce06394639484ec50a6b14d8bc","0.3.0","isolated_release_library/fastphylosig","d951ecee19c06f3a144ad76c5039302078747585bb3bf829e6f12db15f54775d","isolated_release_library/fastphylosig/libs/<platform>/fastphylosig","c46a5834babd455b546bc65c6549c42ba51e6b47f3c9f222919b7118a5af3280","1bd40080f1ea537b3c73c838dc98ff84940f1064f4e1c4dbfb2dd5063d999bdb","benchmarks/stage5/documentation_fix_release_20261001/fastphylosig_0.3.0.tar.gz","909b7ad27485dcc2d96a7bb1fc70b65b54e93245d75761aca406b9c52f06cbff","2.5.2",0.000600814819335938,0.166491447321957,"ok",TRUE,,"",
"20261001T112848Z","lambda_none_n0050_r02","reference","lambda","phytools::phylosig","none",0,50,2,50,50,0,50,50,20310934,25262914,20311128,"reference",1,FALSE,FALSE,TRUE,"Sys.time",1,"8b4deda53887ba0a5010021315f709596c3c5b4ce895a735f972b3561d971f85","2dfac525c7a489459ad8ef71f91b552993d8feb8ace3a9d9157cccf16ae735f1","09094e9b05e4d6a366dbc92c9f323ac2f274d147639ec8dc641edeaf91d7e058","09094e9b05e4d6a366dbc92c9f323ac2f274d147639ec8dc641edeaf91d7e058","22c0b0a3481ded8e027121753f631a286cd50e4b37cb3a70a6159b77f10a20a0","708cfd8dc4693c77980fcf0efab8bed6916797ce06394639484ec50a6b14d8bc","0.3.0","isolated_release_library/fastphylosig","d951ecee19c06f3a144ad76c5039302078747585bb3bf829e6f12db15f54775d","isolated_release_library/fastphylosig/libs/<platform>/fastphylosig","c46a5834babd455b546bc65c6549c42ba51e6b47f3c9f222919b7118a5af3280","1bd40080f1ea537b3c73c838dc98ff84940f1064f4e1c4dbfb2dd5063d999bdb","benchmarks/stage5/documentation_fix_release_20261001/fastphylosig_0.3.0.tar.gz","909b7ad27485dcc2d96a7bb1fc70b65b54e93245d75761aca406b9c52f06cbff","2.5.2",0.0295579433441162,7.33137435857406e-05,"ok",TRUE,,"",
"20261001T112848Z","lambda_none_n0050_r02","fastphylosig","lambda","phytools::phylosig","none",0,50,2,50,50,0,,,20310934,25262914,20311128,"reference",2,FALSE,FALSE,TRUE,"Sys.time",1,"8b4deda53887ba0a5010021315f709596c3c5b4ce895a735f972b3561d971f85","2dfac525c7a489459ad8ef71f91b552993d8feb8ace3a9d9157cccf16ae735f1","09094e9b05e4d6a366dbc92c9f323ac2f274d147639ec8dc641edeaf91d7e058","09094e9b05e4d6a366dbc92c9f323ac2f274d147639ec8dc641edeaf91d7e058","22c0b0a3481ded8e027121753f631a286cd50e4b37cb3a70a6159b77f10a20a0","708cfd8dc4693c77980fcf0efab8bed6916797ce06394639484ec50a6b14d8bc","0.3.0","isolated_release_library/fastphylosig","d951ecee19c06f3a144ad76c5039302078747585bb3bf829e6f12db15f54775d","isolated_release_library/fastphylosig/libs/<platform>/fastphylosig","c46a5834babd455b546bc65c6549c42ba51e6b47f3c9f222919b7118a5af3280","1bd40080f1ea537b3c73c838dc98ff84940f1064f4e1c4dbfb2dd5063d999bdb","benchmarks/stage5/documentation_fix_release_20261001/fastphylosig_0.3.0.tar.gz","909b7ad27485dcc2d96a7bb1fc70b65b54e93245d75761aca406b9c52f06cbff","2.5.2",0.00417017936706543,6.6106961351896e-05,"ok",TRUE,,"",
"20261001T112848Z","K_moderate_n0050_r02","reference","K","phytools::phylosig","moderate",0.5,50,2,50,50,0,50,50,20310934,25262914,20311136,"reference",1,FALSE,,TRUE,"Sys.time",1,"8b4deda53887ba0a5010021315f709596c3c5b4ce895a735f972b3561d971f85","2dfac525c7a489459ad8ef71f91b552993d8feb8ace3a9d9157cccf16ae735f1","09094e9b05e4d6a366dbc92c9f323ac2f274d147639ec8dc641edeaf91d7e058","4f1580301bc54689857fd9e18153e26ce323599ee97f0f125adb1737eb949f4f","d78a2b7a628931cb0283a6dd7c42cb6c6dc1081f1d46568eff874a2830d9a55a","708cfd8dc4693c77980fcf0efab8bed6916797ce06394639484ec50a6b14d8bc","0.3.0","isolated_release_library/fastphylosig","d951ecee19c06f3a144ad76c5039302078747585bb3bf829e6f12db15f54775d","isolated_release_library/fastphylosig/libs/<platform>/fastphylosig","c46a5834babd455b546bc65c6549c42ba51e6b47f3c9f222919b7118a5af3280","1bd40080f1ea537b3c73c838dc98ff84940f1064f4e1c4dbfb2dd5063d999bdb","benchmarks/stage5/documentation_fix_release_20261001/fastphylosig_0.3.0.tar.gz","909b7ad27485dcc2d96a7bb1fc70b65b54e93245d75761aca406b9c52f06cbff","2.5.2",0.000560998916625977,0.318773091652511,"ok",TRUE,,"",
"20261001T112848Z","K_moderate_n0050_r02","fastphylosig","K","phytools::phylosig","moderate",0.5,50,2,50,50,0,,,20310934,25262914,20311136,"reference",2,FALSE,,TRUE,"Sys.time",1,"8b4deda53887ba0a5010021315f709596c3c5b4ce895a735f972b3561d971f85","2dfac525c7a489459ad8ef71f91b552993d8feb8ace3a9d9157cccf16ae735f1","09094e9b05e4d6a366dbc92c9f323ac2f274d147639ec8dc641edeaf91d7e058","4f1580301bc54689857fd9e18153e26ce323599ee97f0f125adb1737eb949f4f","d78a2b7a628931cb0283a6dd7c42cb6c6dc1081f1d46568eff874a2830d9a55a","708cfd8dc4693c77980fcf0efab8bed6916797ce06394639484ec50a6b14d8bc","0.3.0","isolated_release_library/fastphylosig","d951ecee19c06f3a144ad76c5039302078747585bb3bf829e6f12db15f54775d","isolated_release_library/fastphylosig/libs/<platform>/fastphylosig","c46a5834babd455b546bc65c6549c42ba51e6b47f3c9f222919b7118a5af3280","1bd40080f1ea537b3c73c838dc98ff84940f1064f4e1c4dbfb2dd5063d999bdb","benchmarks/stage5/documentation_fix_release_20261001/fastphylosig_0.3.0.tar.gz","909b7ad27485dcc2d96a7bb1fc70b65b54e93245d75761aca406b9c52f06cbff","2.5.2",0.0039820671081543,0.318773091652511,"ok",TRUE,,"",
"20261001T112848Z","lambda_moderate_n0050_r02","fastphylosig","lambda","phytools::phylosig","moderate",0.5,50,2,50,50,0,,,20310934,25262914,20311138,"fastphylosig",1,FALSE,FALSE,TRUE,"Sys.time",1,"8b4deda53887ba0a5010021315f709596c3c5b4ce895a735f972b3561d971f85","2dfac525c7a489459ad8ef71f91b552993d8feb8ace3a9d9157cccf16ae735f1","09094e9b05e4d6a366dbc92c9f323ac2f274d147639ec8dc641edeaf91d7e058","4f1580301bc54689857fd9e18153e26ce323599ee97f0f125adb1737eb949f4f","d78a2b7a628931cb0283a6dd7c42cb6c6dc1081f1d46568eff874a2830d9a55a","708cfd8dc4693c77980fcf0efab8bed6916797ce06394639484ec50a6b14d8bc","0.3.0","isolated_release_library/fastphylosig","d951ecee19c06f3a144ad76c5039302078747585bb3bf829e6f12db15f54775d","isolated_release_library/fastphylosig/libs/<platform>/fastphylosig","c46a5834babd455b546bc65c6549c42ba51e6b47f3c9f222919b7118a5af3280","1bd40080f1ea537b3c73c838dc98ff84940f1064f4e1c4dbfb2dd5063d999bdb","benchmarks/stage5/documentation_fix_release_20261001/fastphylosig_0.3.0.tar.gz","909b7ad27485dcc2d96a7bb1fc70b65b54e93245d75761aca406b9c52f06cbff","2.5.2",0.00422310829162598,0.398339564359552,"ok",TRUE,,"",
"20261001T112848Z","lambda_moderate_n0050_r02","reference","lambda","phytools::phylosig","moderate",0.5,50,2,50,50,0,50,50,20310934,25262914,20311138,"fastphylosig",2,FALSE,FALSE,TRUE,"Sys.time",1,"8b4deda53887ba0a5010021315f709596c3c5b4ce895a735f972b3561d971f85","2dfac525c7a489459ad8ef71f91b552993d8feb8ace3a9d9157cccf16ae735f1","09094e9b05e4d6a366dbc92c9f323ac2f274d147639ec8dc641edeaf91d7e058","4f1580301bc54689857fd9e18153e26ce323599ee97f0f125adb1737eb949f4f","d78a2b7a628931cb0283a6dd7c42cb6c6dc1081f1d46568eff874a2830d9a55a","708cfd8dc4693c77980fcf0efab8bed6916797ce06394639484ec50a6b14d8bc","0.3.0","isolated_release_library/fastphylosig","d951ecee19c06f3a144ad76c5039302078747585bb3bf829e6f12db15f54775d","isolated_release_library/fastphylosig/libs/<platform>/fastphylosig","c46a5834babd455b546bc65c6549c42ba51e6b47f3c9f222919b7118a5af3280","1bd40080f1ea537b3c73c838dc98ff84940f1064f4e1c4dbfb2dd5063d999bdb","benchmarks/stage5/documentation_fix_release_20261001/fastphylosig_0.3.0.tar.gz","909b7ad27485dcc2d96a7bb1fc70b65b54e93245d75761aca406b9c52f06cbff","2.5.2",0.0370111465454102,0.398342127569449,"ok",TRUE,,"",
"20261001T112848Z","K_strong_n0050_r02","fastphylosig","K","phytools::phylosig","strong",0.95,50,2,50,50,0,,,20310934,25262914,20311146,"fastphylosig",1,FALSE,,TRUE,"Sys.time",1,"8b4deda53887ba0a5010021315f709596c3c5b4ce895a735f972b3561d971f85","2dfac525c7a489459ad8ef71f91b552993d8feb8ace3a9d9157cccf16ae735f1","09094e9b05e4d6a366dbc92c9f323ac2f274d147639ec8dc641edeaf91d7e058","9f9c78f5b86fe0b8dd81058aec3622aa9d0fd0c28e1afca3575dae67ff8b0a30","e1496c76b8b4a88972a158d7dc26c54340de23d8dbc3ad68319cd00be664ccf1","708cfd8dc4693c77980fcf0efab8bed6916797ce06394639484ec50a6b14d8bc","0.3.0","isolated_release_library/fastphylosig","d951ecee19c06f3a144ad76c5039302078747585bb3bf829e6f12db15f54775d","isolated_release_library/fastphylosig/libs/<platform>/fastphylosig","c46a5834babd455b546bc65c6549c42ba51e6b47f3c9f222919b7118a5af3280","1bd40080f1ea537b3c73c838dc98ff84940f1064f4e1c4dbfb2dd5063d999bdb","benchmarks/stage5/documentation_fix_release_20261001/fastphylosig_0.3.0.tar.gz","909b7ad27485dcc2d96a7bb1fc70b65b54e93245d75761aca406b9c52f06cbff","2.5.2",0.00391292572021484,1.1731816234768,"ok",TRUE,,"",
"20261001T112848Z","K_strong_n0050_r02","reference","K","phytools::phylosig","strong",0.95,50,2,50,50,0,50,50,20310934,25262914,20311146,"fastphylosig",2,FALSE,,TRUE,"Sys.time",1,"8b4deda53887ba0a5010021315f709596c3c5b4ce895a735f972b3561d971f85","2dfac525c7a489459ad8ef71f91b552993d8feb8ace3a9d9157cccf16ae735f1","09094e9b05e4d6a366dbc92c9f323ac2f274d147639ec8dc641edeaf91d7e058","9f9c78f5b86fe0b8dd81058aec3622aa9d0fd0c28e1afca3575dae67ff8b0a30","e1496c76b8b4a88972a158d7dc26c54340de23d8dbc3ad68319cd00be664ccf1","708cfd8dc4693c77980fcf0efab8bed6916797ce06394639484ec50a6b14d8bc","0.3.0","isolated_release_library/fastphylosig","d951ecee19c06f3a144ad76c5039302078747585bb3bf829e6f12db15f54775d","isolated_release_library/fastphylosig/libs/<platform>/fastphylosig","c46a5834babd455b546bc65c6549c42ba51e6b47f3c9f222919b7118a5af3280","1bd40080f1ea537b3c73c838dc98ff84940f1064f4e1c4dbfb2dd5063d999bdb","benchmarks/stage5/documentation_fix_release_20261001/fastphylosig_0.3.0.tar.gz","909b7ad27485dcc2d96a7bb1fc70b65b54e93245d75761aca406b9c52f06cbff","2.5.2",0.000584125518798828,1.17318162347681,"ok",TRUE,,"",
"20261001T112848Z","lambda_strong_n0050_r02","reference","lambda","phytools::phylosig","strong",0.95,50,2,50,50,0,50,50,20310934,25262914,20311148,"reference",1,FALSE,FALSE,TRUE,"Sys.time",1,"8b4deda53887ba0a5010021315f709596c3c5b4ce895a735f972b3561d971f85","2dfac525c7a489459ad8ef71f91b552993d8feb8ace3a9d9157cccf16ae735f1","09094e9b05e4d6a366dbc92c9f323ac2f274d147639ec8dc641edeaf91d7e058","9f9c78f5b86fe0b8dd81058aec3622aa9d0fd0c28e1afca3575dae67ff8b0a30","e1496c76b8b4a88972a158d7dc26c54340de23d8dbc3ad68319cd00be664ccf1","708cfd8dc4693c77980fcf0efab8bed6916797ce06394639484ec50a6b14d8bc","0.3.0","isolated_release_library/fastphylosig","d951ecee19c06f3a144ad76c5039302078747585bb3bf829e6f12db15f54775d","isolated_release_library/fastphylosig/libs/<platform>/fastphylosig","c46a5834babd455b546bc65c6549c42ba51e6b47f3c9f222919b7118a5af3280","1bd40080f1ea537b3c73c838dc98ff84940f1064f4e1c4dbfb2dd5063d999bdb","benchmarks/stage5/documentation_fix_release_20261001/fastphylosig_0.3.0.tar.gz","909b7ad27485dcc2d96a7bb1fc70b65b54e93245d75761aca406b9c52f06cbff","2.5.2",0.0281920433044434,0.857956373281088,"ok",TRUE,,"",
"20261001T112848Z","lambda_strong_n0050_r02","fastphylosig","lambda","phytools::phylosig","strong",0.95,50,2,50,50,0,,,20310934,25262914,20311148,"reference",2,FALSE,FALSE,TRUE,"Sys.time",1,"8b4deda53887ba0a5010021315f709596c3c5b4ce895a735f972b3561d971f85","2dfac525c7a489459ad8ef71f91b552993d8feb8ace3a9d9157cccf16ae735f1","09094e9b05e4d6a366dbc92c9f323ac2f274d147639ec8dc641edeaf91d7e058","9f9c78f5b86fe0b8dd81058aec3622aa9d0fd0c28e1afca3575dae67ff8b0a30","e1496c76b8b4a88972a158d7dc26c54340de23d8dbc3ad68319cd00be664ccf1","708cfd8dc4693c77980fcf0efab8bed6916797ce06394639484ec50a6b14d8bc","0.3.0","isolated_release_library/fastphylosig","d951ecee19c06f3a144ad76c5039302078747585bb3bf829e6f12db15f54775d","isolated_release_library/fastphylosig/libs/<platform>/fastphylosig","c46a5834babd455b546bc65c6549c42ba51e6b47f3c9f222919b7118a5af3280","1bd40080f1ea537b3c73c838dc98ff84940f1064f4e1c4dbfb2dd5063d999bdb","benchmarks/stage5/documentation_fix_release_20261001/fastphylosig_0.3.0.tar.gz","909b7ad27485dcc2d96a7bb1fc70b65b54e93245d75761aca406b9c52f06cbff","2.5.2",0.00458097457885742,0.857972106794117,"ok",TRUE,,"",
"20261001T112848Z","K_none_n0050_r03","reference","K","phytools::phylosig","none",0,50,3,50,50,0,50,50,20310944,25263914,20311226,"reference",1,FALSE,,TRUE,"Sys.time",1,"36eb8823676257e176a91cde3ad82e24e76dbb3b86032fa1eb31bd06c7c514b6","b591bf21893940c2b2370267a6094e63d4d12139098e65396fda3e0c033371c4","6a9248176b36f6aee3ebc9ea14bb8c95832d3bdaf21c5c0be7e6a2d9387861cd","6a9248176b36f6aee3ebc9ea14bb8c95832d3bdaf21c5c0be7e6a2d9387861cd","0175fbe0e79c0c86b960f0ba7ebe72cd9a4e064e9c47d6efd64bcec8538c4c9e","e473292412a217bfdf731ad893dd24a66587b79bac63232a03cc3e40fdcebab2","0.3.0","isolated_release_library/fastphylosig","d951ecee19c06f3a144ad76c5039302078747585bb3bf829e6f12db15f54775d","isolated_release_library/fastphylosig/libs/<platform>/fastphylosig","c46a5834babd455b546bc65c6549c42ba51e6b47f3c9f222919b7118a5af3280","1bd40080f1ea537b3c73c838dc98ff84940f1064f4e1c4dbfb2dd5063d999bdb","benchmarks/stage5/documentation_fix_release_20261001/fastphylosig_0.3.0.tar.gz","909b7ad27485dcc2d96a7bb1fc70b65b54e93245d75761aca406b9c52f06cbff","2.5.2",0.000886917114257812,0.231475218627119,"ok",TRUE,,"",
"20261001T112848Z","K_none_n0050_r03","fastphylosig","K","phytools::phylosig","none",0,50,3,50,50,0,,,20310944,25263914,20311226,"reference",2,FALSE,,TRUE,"Sys.time",1,"36eb8823676257e176a91cde3ad82e24e76dbb3b86032fa1eb31bd06c7c514b6","b591bf21893940c2b2370267a6094e63d4d12139098e65396fda3e0c033371c4","6a9248176b36f6aee3ebc9ea14bb8c95832d3bdaf21c5c0be7e6a2d9387861cd","6a9248176b36f6aee3ebc9ea14bb8c95832d3bdaf21c5c0be7e6a2d9387861cd","0175fbe0e79c0c86b960f0ba7ebe72cd9a4e064e9c47d6efd64bcec8538c4c9e","e473292412a217bfdf731ad893dd24a66587b79bac63232a03cc3e40fdcebab2","0.3.0","isolated_release_library/fastphylosig","d951ecee19c06f3a144ad76c5039302078747585bb3bf829e6f12db15f54775d","isolated_release_library/fastphylosig/libs/<platform>/fastphylosig","c46a5834babd455b546bc65c6549c42ba51e6b47f3c9f222919b7118a5af3280","1bd40080f1ea537b3c73c838dc98ff84940f1064f4e1c4dbfb2dd5063d999bdb","benchmarks/stage5/documentation_fix_release_20261001/fastphylosig_0.3.0.tar.gz","909b7ad27485dcc2d96a7bb1fc70b65b54e93245d75761aca406b9c52f06cbff","2.5.2",0.00377798080444336,0.231475218627119,"ok",TRUE,,"",
"20261001T112848Z","lambda_none_n0050_r03","fastphylosig","lambda","phytools::phylosig","none",0,50,3,50,50,0,,,20310944,25263914,20311228,"fastphylosig",1,FALSE,FALSE,TRUE,"Sys.time",1,"36eb8823676257e176a91cde3ad82e24e76dbb3b86032fa1eb31bd06c7c514b6","b591bf21893940c2b2370267a6094e63d4d12139098e65396fda3e0c033371c4","6a9248176b36f6aee3ebc9ea14bb8c95832d3bdaf21c5c0be7e6a2d9387861cd","6a9248176b36f6aee3ebc9ea14bb8c95832d3bdaf21c5c0be7e6a2d9387861cd","0175fbe0e79c0c86b960f0ba7ebe72cd9a4e064e9c47d6efd64bcec8538c4c9e","e473292412a217bfdf731ad893dd24a66587b79bac63232a03cc3e40fdcebab2","0.3.0","isolated_release_library/fastphylosig","d951ecee19c06f3a144ad76c5039302078747585bb3bf829e6f12db15f54775d","isolated_release_library/fastphylosig/libs/<platform>/fastphylosig","c46a5834babd455b546bc65c6549c42ba51e6b47f3c9f222919b7118a5af3280","1bd40080f1ea537b3c73c838dc98ff84940f1064f4e1c4dbfb2dd5063d999bdb","benchmarks/stage5/documentation_fix_release_20261001/fastphylosig_0.3.0.tar.gz","909b7ad27485dcc2d96a7bb1fc70b65b54e93245d75761aca406b9c52f06cbff","2.5.2",0.00414395332336426,0.144151527134952,"ok",TRUE,,"",
"20261001T112848Z","lambda_none_n0050_r03","reference","lambda","phytools::phylosig","none",0,50,3,50,50,0,50,50,20310944,25263914,20311228,"fastphylosig",2,FALSE,FALSE,TRUE,"Sys.time",1,"36eb8823676257e176a91cde3ad82e24e76dbb3b86032fa1eb31bd06c7c514b6","b591bf21893940c2b2370267a6094e63d4d12139098e65396fda3e0c033371c4","6a9248176b36f6aee3ebc9ea14bb8c95832d3bdaf21c5c0be7e6a2d9387861cd","6a9248176b36f6aee3ebc9ea14bb8c95832d3bdaf21c5c0be7e6a2d9387861cd","0175fbe0e79c0c86b960f0ba7ebe72cd9a4e064e9c47d6efd64bcec8538c4c9e","e473292412a217bfdf731ad893dd24a66587b79bac63232a03cc3e40fdcebab2","0.3.0","isolated_release_library/fastphylosig","d951ecee19c06f3a144ad76c5039302078747585bb3bf829e6f12db15f54775d","isolated_release_library/fastphylosig/libs/<platform>/fastphylosig","c46a5834babd455b546bc65c6549c42ba51e6b47f3c9f222919b7118a5af3280","1bd40080f1ea537b3c73c838dc98ff84940f1064f4e1c4dbfb2dd5063d999bdb","benchmarks/stage5/documentation_fix_release_20261001/fastphylosig_0.3.0.tar.gz","909b7ad27485dcc2d96a7bb1fc70b65b54e93245d75761aca406b9c52f06cbff","2.5.2",0.038215160369873,0.144147296015929,"ok",TRUE,,"",
"20261001T112848Z","K_moderate_n0050_r03","fastphylosig","K","phytools::phylosig","moderate",0.5,50,3,50,50,0,,,20310944,25263914,20311236,"fastphylosig",1,FALSE,,TRUE,"Sys.time",1,"36eb8823676257e176a91cde3ad82e24e76dbb3b86032fa1eb31bd06c7c514b6","b591bf21893940c2b2370267a6094e63d4d12139098e65396fda3e0c033371c4","6a9248176b36f6aee3ebc9ea14bb8c95832d3bdaf21c5c0be7e6a2d9387861cd","1bce92af0cf038b0ed531c23675447e4d970e65e3c96f7f1fc77551d82ff7be1","a4c01e44912b9040e7131399bdf5791589b8bc4dfc35523eb9f70c4b12bee1a9","e473292412a217bfdf731ad893dd24a66587b79bac63232a03cc3e40fdcebab2","0.3.0","isolated_release_library/fastphylosig","d951ecee19c06f3a144ad76c5039302078747585bb3bf829e6f12db15f54775d","isolated_release_library/fastphylosig/libs/<platform>/fastphylosig","c46a5834babd455b546bc65c6549c42ba51e6b47f3c9f222919b7118a5af3280","1bd40080f1ea537b3c73c838dc98ff84940f1064f4e1c4dbfb2dd5063d999bdb","benchmarks/stage5/documentation_fix_release_20261001/fastphylosig_0.3.0.tar.gz","909b7ad27485dcc2d96a7bb1fc70b65b54e93245d75761aca406b9c52f06cbff","2.5.2",0.0037541389465332,0.436803475149148,"ok",TRUE,,"",
"20261001T112848Z","K_moderate_n0050_r03","reference","K","phytools::phylosig","moderate",0.5,50,3,50,50,0,50,50,20310944,25263914,20311236,"fastphylosig",2,FALSE,,TRUE,"Sys.time",1,"36eb8823676257e176a91cde3ad82e24e76dbb3b86032fa1eb31bd06c7c514b6","b591bf21893940c2b2370267a6094e63d4d12139098e65396fda3e0c033371c4","6a9248176b36f6aee3ebc9ea14bb8c95832d3bdaf21c5c0be7e6a2d9387861cd","1bce92af0cf038b0ed531c23675447e4d970e65e3c96f7f1fc77551d82ff7be1","a4c01e44912b9040e7131399bdf5791589b8bc4dfc35523eb9f70c4b12bee1a9","e473292412a217bfdf731ad893dd24a66587b79bac63232a03cc3e40fdcebab2","0.3.0","isolated_release_library/fastphylosig","d951ecee19c06f3a144ad76c5039302078747585bb3bf829e6f12db15f54775d","isolated_release_library/fastphylosig/libs/<platform>/fastphylosig","c46a5834babd455b546bc65c6549c42ba51e6b47f3c9f222919b7118a5af3280","1bd40080f1ea537b3c73c838dc98ff84940f1064f4e1c4dbfb2dd5063d999bdb","benchmarks/stage5/documentation_fix_release_20261001/fastphylosig_0.3.0.tar.gz","909b7ad27485dcc2d96a7bb1fc70b65b54e93245d75761aca406b9c52f06cbff","2.5.2",0.000618934631347656,0.436803475149146,"ok",TRUE,,"",
"20261001T112848Z","lambda_moderate_n0050_r03","reference","lambda","phytools::phylosig","moderate",0.5,50,3,50,50,0,50,50,20310944,25263914,20311238,"reference",1,FALSE,FALSE,TRUE,"Sys.time",1,"36eb8823676257e176a91cde3ad82e24e76dbb3b86032fa1eb31bd06c7c514b6","b591bf21893940c2b2370267a6094e63d4d12139098e65396fda3e0c033371c4","6a9248176b36f6aee3ebc9ea14bb8c95832d3bdaf21c5c0be7e6a2d9387861cd","1bce92af0cf038b0ed531c23675447e4d970e65e3c96f7f1fc77551d82ff7be1","a4c01e44912b9040e7131399bdf5791589b8bc4dfc35523eb9f70c4b12bee1a9","e473292412a217bfdf731ad893dd24a66587b79bac63232a03cc3e40fdcebab2","0.3.0","isolated_release_library/fastphylosig","d951ecee19c06f3a144ad76c5039302078747585bb3bf829e6f12db15f54775d","isolated_release_library/fastphylosig/libs/<platform>/fastphylosig","c46a5834babd455b546bc65c6549c42ba51e6b47f3c9f222919b7118a5af3280","1bd40080f1ea537b3c73c838dc98ff84940f1064f4e1c4dbfb2dd5063d999bdb","benchmarks/stage5/documentation_fix_release_20261001/fastphylosig_0.3.0.tar.gz","909b7ad27485dcc2d96a7bb1fc70b65b54e93245d75761aca406b9c52f06cbff","2.5.2",0.02787184715271,0.508892587727618,"ok",TRUE,,"",
"20261001T112848Z","lambda_moderate_n0050_r03","fastphylosig","lambda","phytools::phylosig","moderate",0.5,50,3,50,50,0,,,20310944,25263914,20311238,"reference",2,FALSE,FALSE,TRUE,"Sys.time",1,"36eb8823676257e176a91cde3ad82e24e76dbb3b86032fa1eb31bd06c7c514b6","b591bf21893940c2b2370267a6094e63d4d12139098e65396fda3e0c033371c4","6a9248176b36f6aee3ebc9ea14bb8c95832d3bdaf21c5c0be7e6a2d9387861cd","1bce92af0cf038b0ed531c23675447e4d970e65e3c96f7f1fc77551d82ff7be1","a4c01e44912b9040e7131399bdf5791589b8bc4dfc35523eb9f70c4b12bee1a9","e473292412a217bfdf731ad893dd24a66587b79bac63232a03cc3e40fdcebab2","0.3.0","isolated_release_library/fastphylosig","d951ecee19c06f3a144ad76c5039302078747585bb3bf829e6f12db15f54775d","isolated_release_library/fastphylosig/libs/<platform>/fastphylosig","c46a5834babd455b546bc65c6549c42ba51e6b47f3c9f222919b7118a5af3280","1bd40080f1ea537b3c73c838dc98ff84940f1064f4e1c4dbfb2dd5063d999bdb","benchmarks/stage5/documentation_fix_release_20261001/fastphylosig_0.3.0.tar.gz","909b7ad27485dcc2d96a7bb1fc70b65b54e93245d75761aca406b9c52f06cbff","2.5.2",0.00417709350585938,0.508892394253278,"ok",TRUE,,"",
"20261001T112848Z","K_strong_n0050_r03","reference","K","phytools::phylosig","strong",0.95,50,3,50,50,0,50,50,20310944,25263914,20311246,"reference",1,FALSE,,TRUE,"Sys.time",1,"36eb8823676257e176a91cde3ad82e24e76dbb3b86032fa1eb31bd06c7c514b6","b591bf21893940c2b2370267a6094e63d4d12139098e65396fda3e0c033371c4","6a9248176b36f6aee3ebc9ea14bb8c95832d3bdaf21c5c0be7e6a2d9387861cd","fbb014774554e2d06ab70441a5a94f3ce47b8ade730b376c3c6c72ed00b41625","30a719da09085982f35769809c2d65a3eb4912e0cef32673d3c6b7929f67d761","e473292412a217bfdf731ad893dd24a66587b79bac63232a03cc3e40fdcebab2","0.3.0","isolated_release_library/fastphylosig","d951ecee19c06f3a144ad76c5039302078747585bb3bf829e6f12db15f54775d","isolated_release_library/fastphylosig/libs/<platform>/fastphylosig","c46a5834babd455b546bc65c6549c42ba51e6b47f3c9f222919b7118a5af3280","1bd40080f1ea537b3c73c838dc98ff84940f1064f4e1c4dbfb2dd5063d999bdb","benchmarks/stage5/documentation_fix_release_20261001/fastphylosig_0.3.0.tar.gz","909b7ad27485dcc2d96a7bb1fc70b65b54e93245d75761aca406b9c52f06cbff","2.5.2",0.00059199333190918,0.821282283723032,"ok",TRUE,,"",
"20261001T112848Z","K_strong_n0050_r03","fastphylosig","K","phytools::phylosig","strong",0.95,50,3,50,50,0,,,20310944,25263914,20311246,"reference",2,FALSE,,TRUE,"Sys.time",1,"36eb8823676257e176a91cde3ad82e24e76dbb3b86032fa1eb31bd06c7c514b6","b591bf21893940c2b2370267a6094e63d4d12139098e65396fda3e0c033371c4","6a9248176b36f6aee3ebc9ea14bb8c95832d3bdaf21c5c0be7e6a2d9387861cd","fbb014774554e2d06ab70441a5a94f3ce47b8ade730b376c3c6c72ed00b41625","30a719da09085982f35769809c2d65a3eb4912e0cef32673d3c6b7929f67d761","e473292412a217bfdf731ad893dd24a66587b79bac63232a03cc3e40fdcebab2","0.3.0","isolated_release_library/fastphylosig","d951ecee19c06f3a144ad76c5039302078747585bb3bf829e6f12db15f54775d","isolated_release_library/fastphylosig/libs/<platform>/fastphylosig","c46a5834babd455b546bc65c6549c42ba51e6b47f3c9f222919b7118a5af3280","1bd40080f1ea537b3c73c838dc98ff84940f1064f4e1c4dbfb2dd5063d999bdb","benchmarks/stage5/documentation_fix_release_20261001/fastphylosig_0.3.0.tar.gz","909b7ad27485dcc2d96a7bb1fc70b65b54e93245d75761aca406b9c52f06cbff","2.5.2",0.00386905670166016,0.821282283723032,"ok",TRUE,,"",
"20261001T112848Z","lambda_strong_n0050_r03","fastphylosig","lambda","phytools::phylosig","strong",0.95,50,3,50,50,0,,,20310944,25263914,20311248,"fastphylosig",1,FALSE,FALSE,TRUE,"Sys.time",1,"36eb8823676257e176a91cde3ad82e24e76dbb3b86032fa1eb31bd06c7c514b6","b591bf21893940c2b2370267a6094e63d4d12139098e65396fda3e0c033371c4","6a9248176b36f6aee3ebc9ea14bb8c95832d3bdaf21c5c0be7e6a2d9387861cd","fbb014774554e2d06ab70441a5a94f3ce47b8ade730b376c3c6c72ed00b41625","30a719da09085982f35769809c2d65a3eb4912e0cef32673d3c6b7929f67d761","e473292412a217bfdf731ad893dd24a66587b79bac63232a03cc3e40fdcebab2","0.3.0","isolated_release_library/fastphylosig","d951ecee19c06f3a144ad76c5039302078747585bb3bf829e6f12db15f54775d","isolated_release_library/fastphylosig/libs/<platform>/fastphylosig","c46a5834babd455b546bc65c6549c42ba51e6b47f3c9f222919b7118a5af3280","1bd40080f1ea537b3c73c838dc98ff84940f1064f4e1c4dbfb2dd5063d999bdb","benchmarks/stage5/documentation_fix_release_20261001/fastphylosig_0.3.0.tar.gz","909b7ad27485dcc2d96a7bb1fc70b65b54e93245d75761aca406b9c52f06cbff","2.5.2",0.0043787956237793,0.959279863733001,"ok",TRUE,,"",
"20261001T112848Z","lambda_strong_n0050_r03","reference","lambda","phytools::phylosig","strong",0.95,50,3,50,50,0,50,50,20310944,25263914,20311248,"fastphylosig",2,FALSE,FALSE,TRUE,"Sys.time",1,"36eb8823676257e176a91cde3ad82e24e76dbb3b86032fa1eb31bd06c7c514b6","b591bf21893940c2b2370267a6094e63d4d12139098e65396fda3e0c033371c4","6a9248176b36f6aee3ebc9ea14bb8c95832d3bdaf21c5c0be7e6a2d9387861cd","fbb014774554e2d06ab70441a5a94f3ce47b8ade730b376c3c6c72ed00b41625","30a719da09085982f35769809c2d65a3eb4912e0cef32673d3c6b7929f67d761","e473292412a217bfdf731ad893dd24a66587b79bac63232a03cc3e40fdcebab2","0.3.0","isolated_release_library/fastphylosig","d951ecee19c06f3a144ad76c5039302078747585bb3bf829e6f12db15f54775d","isolated_release_library/fastphylosig/libs/<platform>/fastphylosig","c46a5834babd455b546bc65c6549c42ba51e6b47f3c9f222919b7118a5af3280","1bd40080f1ea537b3c73c838dc98ff84940f1064f4e1c4dbfb2dd5063d999bdb","benchmarks/stage5/documentation_fix_release_20261001/fastphylosig_0.3.0.tar.gz","909b7ad27485dcc2d96a7bb1fc70b65b54e93245d75761aca406b9c52f06cbff","2.5.2",0.0384330749511719,0.959282210202859,"ok",TRUE,,"",
"20261001T112848Z","K_none_n0050_r04","fastphylosig","K","phytools::phylosig","none",0,50,4,50,50,0,,,20310954,25264914,20311326,"fastphylosig",1,FALSE,,TRUE,"Sys.time",1,"d04623362e44ab0c5926614991b52d8763aaa86907a20312dca600a956414a5d","92f6b9d8c578a214cf0a6bb3d407d414c08cf298490936cc48ab73a918456e6c","20c83fab9899da1dcbe13bd5f758c9de8cdc95be70fbaf2ef6f41534217a1a74","20c83fab9899da1dcbe13bd5f758c9de8cdc95be70fbaf2ef6f41534217a1a74","e6e30a27929c6bcb95a548bef229acc71465c089dc0e29fc468a619a67ad8935","bc225f09272e3d11841b45fec311fdb39d67e3cd2d5bc688d9c1dd494fc9ef7e","0.3.0","isolated_release_library/fastphylosig","d951ecee19c06f3a144ad76c5039302078747585bb3bf829e6f12db15f54775d","isolated_release_library/fastphylosig/libs/<platform>/fastphylosig","c46a5834babd455b546bc65c6549c42ba51e6b47f3c9f222919b7118a5af3280","1bd40080f1ea537b3c73c838dc98ff84940f1064f4e1c4dbfb2dd5063d999bdb","benchmarks/stage5/documentation_fix_release_20261001/fastphylosig_0.3.0.tar.gz","909b7ad27485dcc2d96a7bb1fc70b65b54e93245d75761aca406b9c52f06cbff","2.5.2",0.0040278434753418,0.201403768940387,"ok",TRUE,,"",
"20261001T112848Z","K_none_n0050_r04","reference","K","phytools::phylosig","none",0,50,4,50,50,0,50,50,20310954,25264914,20311326,"fastphylosig",2,FALSE,,TRUE,"Sys.time",1,"d04623362e44ab0c5926614991b52d8763aaa86907a20312dca600a956414a5d","92f6b9d8c578a214cf0a6bb3d407d414c08cf298490936cc48ab73a918456e6c","20c83fab9899da1dcbe13bd5f758c9de8cdc95be70fbaf2ef6f41534217a1a74","20c83fab9899da1dcbe13bd5f758c9de8cdc95be70fbaf2ef6f41534217a1a74","e6e30a27929c6bcb95a548bef229acc71465c089dc0e29fc468a619a67ad8935","bc225f09272e3d11841b45fec311fdb39d67e3cd2d5bc688d9c1dd494fc9ef7e","0.3.0","isolated_release_library/fastphylosig","d951ecee19c06f3a144ad76c5039302078747585bb3bf829e6f12db15f54775d","isolated_release_library/fastphylosig/libs/<platform>/fastphylosig","c46a5834babd455b546bc65c6549c42ba51e6b47f3c9f222919b7118a5af3280","1bd40080f1ea537b3c73c838dc98ff84940f1064f4e1c4dbfb2dd5063d999bdb","benchmarks/stage5/documentation_fix_release_20261001/fastphylosig_0.3.0.tar.gz","909b7ad27485dcc2d96a7bb1fc70b65b54e93245d75761aca406b9c52f06cbff","2.5.2",0.000596046447753906,0.201403768940387,"ok",TRUE,,"",
"20261001T112848Z","lambda_none_n0050_r04","reference","lambda","phytools::phylosig","none",0,50,4,50,50,0,50,50,20310954,25264914,20311328,"reference",1,FALSE,FALSE,TRUE,"Sys.time",1,"d04623362e44ab0c5926614991b52d8763aaa86907a20312dca600a956414a5d","92f6b9d8c578a214cf0a6bb3d407d414c08cf298490936cc48ab73a918456e6c","20c83fab9899da1dcbe13bd5f758c9de8cdc95be70fbaf2ef6f41534217a1a74","20c83fab9899da1dcbe13bd5f758c9de8cdc95be70fbaf2ef6f41534217a1a74","e6e30a27929c6bcb95a548bef229acc71465c089dc0e29fc468a619a67ad8935","bc225f09272e3d11841b45fec311fdb39d67e3cd2d5bc688d9c1dd494fc9ef7e","0.3.0","isolated_release_library/fastphylosig","d951ecee19c06f3a144ad76c5039302078747585bb3bf829e6f12db15f54775d","isolated_release_library/fastphylosig/libs/<platform>/fastphylosig","c46a5834babd455b546bc65c6549c42ba51e6b47f3c9f222919b7118a5af3280","1bd40080f1ea537b3c73c838dc98ff84940f1064f4e1c4dbfb2dd5063d999bdb","benchmarks/stage5/documentation_fix_release_20261001/fastphylosig_0.3.0.tar.gz","909b7ad27485dcc2d96a7bb1fc70b65b54e93245d75761aca406b9c52f06cbff","2.5.2",0.0298140048980713,7.33137435857406e-05,"ok",TRUE,,"",
"20261001T112848Z","lambda_none_n0050_r04","fastphylosig","lambda","phytools::phylosig","none",0,50,4,50,50,0,,,20310954,25264914,20311328,"reference",2,FALSE,FALSE,TRUE,"Sys.time",1,"d04623362e44ab0c5926614991b52d8763aaa86907a20312dca600a956414a5d","92f6b9d8c578a214cf0a6bb3d407d414c08cf298490936cc48ab73a918456e6c","20c83fab9899da1dcbe13bd5f758c9de8cdc95be70fbaf2ef6f41534217a1a74","20c83fab9899da1dcbe13bd5f758c9de8cdc95be70fbaf2ef6f41534217a1a74","e6e30a27929c6bcb95a548bef229acc71465c089dc0e29fc468a619a67ad8935","bc225f09272e3d11841b45fec311fdb39d67e3cd2d5bc688d9c1dd494fc9ef7e","0.3.0","isolated_release_library/fastphylosig","d951ecee19c06f3a144ad76c5039302078747585bb3bf829e6f12db15f54775d","isolated_release_library/fastphylosig/libs/<platform>/fastphylosig","c46a5834babd455b546bc65c6549c42ba51e6b47f3c9f222919b7118a5af3280","1bd40080f1ea537b3c73c838dc98ff84940f1064f4e1c4dbfb2dd5063d999bdb","benchmarks/stage5/documentation_fix_release_20261001/fastphylosig_0.3.0.tar.gz","909b7ad27485dcc2d96a7bb1fc70b65b54e93245d75761aca406b9c52f06cbff","2.5.2",0.00454306602478027,6.6106961351896e-05,"ok",TRUE,,"",
"20261001T112848Z","K_moderate_n0050_r04","reference","K","phytools::phylosig","moderate",0.5,50,4,50,50,0,50,50,20310954,25264914,20311336,"reference",1,FALSE,,TRUE,"Sys.time",1,"d04623362e44ab0c5926614991b52d8763aaa86907a20312dca600a956414a5d","92f6b9d8c578a214cf0a6bb3d407d414c08cf298490936cc48ab73a918456e6c","20c83fab9899da1dcbe13bd5f758c9de8cdc95be70fbaf2ef6f41534217a1a74","288cc35932ec2c24d414dd09f30ccc89cc0fafc70a13c7ec6a38155de5efc441","3edad50cabee402cce90ab1ec247a445556b78cadaf15c0024770b9a58f5b9b1","bc225f09272e3d11841b45fec311fdb39d67e3cd2d5bc688d9c1dd494fc9ef7e","0.3.0","isolated_release_library/fastphylosig","d951ecee19c06f3a144ad76c5039302078747585bb3bf829e6f12db15f54775d","isolated_release_library/fastphylosig/libs/<platform>/fastphylosig","c46a5834babd455b546bc65c6549c42ba51e6b47f3c9f222919b7118a5af3280","1bd40080f1ea537b3c73c838dc98ff84940f1064f4e1c4dbfb2dd5063d999bdb","benchmarks/stage5/documentation_fix_release_20261001/fastphylosig_0.3.0.tar.gz","909b7ad27485dcc2d96a7bb1fc70b65b54e93245d75761aca406b9c52f06cbff","2.5.2",0.000583887100219727,0.426558935177323,"ok",TRUE,,"",
"20261001T112848Z","K_moderate_n0050_r04","fastphylosig","K","phytools::phylosig","moderate",0.5,50,4,50,50,0,,,20310954,25264914,20311336,"reference",2,FALSE,,TRUE,"Sys.time",1,"d04623362e44ab0c5926614991b52d8763aaa86907a20312dca600a956414a5d","92f6b9d8c578a214cf0a6bb3d407d414c08cf298490936cc48ab73a918456e6c","20c83fab9899da1dcbe13bd5f758c9de8cdc95be70fbaf2ef6f41534217a1a74","288cc35932ec2c24d414dd09f30ccc89cc0fafc70a13c7ec6a38155de5efc441","3edad50cabee402cce90ab1ec247a445556b78cadaf15c0024770b9a58f5b9b1","bc225f09272e3d11841b45fec311fdb39d67e3cd2d5bc688d9c1dd494fc9ef7e","0.3.0","isolated_release_library/fastphylosig","d951ecee19c06f3a144ad76c5039302078747585bb3bf829e6f12db15f54775d","isolated_release_library/fastphylosig/libs/<platform>/fastphylosig","c46a5834babd455b546bc65c6549c42ba51e6b47f3c9f222919b7118a5af3280","1bd40080f1ea537b3c73c838dc98ff84940f1064f4e1c4dbfb2dd5063d999bdb","benchmarks/stage5/documentation_fix_release_20261001/fastphylosig_0.3.0.tar.gz","909b7ad27485dcc2d96a7bb1fc70b65b54e93245d75761aca406b9c52f06cbff","2.5.2",0.00410890579223633,0.42655893517732,"ok",TRUE,,"",
"20261001T112848Z","lambda_moderate_n0050_r04","fastphylosig","lambda","phytools::phylosig","moderate",0.5,50,4,50,50,0,,,20310954,25264914,20311338,"fastphylosig",1,FALSE,FALSE,TRUE,"Sys.time",1,"d04623362e44ab0c5926614991b52d8763aaa86907a20312dca600a956414a5d","92f6b9d8c578a214cf0a6bb3d407d414c08cf298490936cc48ab73a918456e6c","20c83fab9899da1dcbe13bd5f758c9de8cdc95be70fbaf2ef6f41534217a1a74","288cc35932ec2c24d414dd09f30ccc89cc0fafc70a13c7ec6a38155de5efc441","3edad50cabee402cce90ab1ec247a445556b78cadaf15c0024770b9a58f5b9b1","bc225f09272e3d11841b45fec311fdb39d67e3cd2d5bc688d9c1dd494fc9ef7e","0.3.0","isolated_release_library/fastphylosig","d951ecee19c06f3a144ad76c5039302078747585bb3bf829e6f12db15f54775d","isolated_release_library/fastphylosig/libs/<platform>/fastphylosig","c46a5834babd455b546bc65c6549c42ba51e6b47f3c9f222919b7118a5af3280","1bd40080f1ea537b3c73c838dc98ff84940f1064f4e1c4dbfb2dd5063d999bdb","benchmarks/stage5/documentation_fix_release_20261001/fastphylosig_0.3.0.tar.gz","909b7ad27485dcc2d96a7bb1fc70b65b54e93245d75761aca406b9c52f06cbff","2.5.2",0.00453495979309082,0.617925737666573,"ok",TRUE,,"",
"20261001T112848Z","lambda_moderate_n0050_r04","reference","lambda","phytools::phylosig","moderate",0.5,50,4,50,50,0,50,50,20310954,25264914,20311338,"fastphylosig",2,FALSE,FALSE,TRUE,"Sys.time",1,"d04623362e44ab0c5926614991b52d8763aaa86907a20312dca600a956414a5d","92f6b9d8c578a214cf0a6bb3d407d414c08cf298490936cc48ab73a918456e6c","20c83fab9899da1dcbe13bd5f758c9de8cdc95be70fbaf2ef6f41534217a1a74","288cc35932ec2c24d414dd09f30ccc89cc0fafc70a13c7ec6a38155de5efc441","3edad50cabee402cce90ab1ec247a445556b78cadaf15c0024770b9a58f5b9b1","bc225f09272e3d11841b45fec311fdb39d67e3cd2d5bc688d9c1dd494fc9ef7e","0.3.0","isolated_release_library/fastphylosig","d951ecee19c06f3a144ad76c5039302078747585bb3bf829e6f12db15f54775d","isolated_release_library/fastphylosig/libs/<platform>/fastphylosig","c46a5834babd455b546bc65c6549c42ba51e6b47f3c9f222919b7118a5af3280","1bd40080f1ea537b3c73c838dc98ff84940f1064f4e1c4dbfb2dd5063d999bdb","benchmarks/stage5/documentation_fix_release_20261001/fastphylosig_0.3.0.tar.gz","909b7ad27485dcc2d96a7bb1fc70b65b54e93245d75761aca406b9c52f06cbff","2.5.2",0.0399730205535889,0.617919441425097,"ok",TRUE,,"",
"20261001T112848Z","K_strong_n0050_r04","fastphylosig","K","phytools::phylosig","strong",0.95,50,4,50,50,0,,,20310954,25264914,20311346,"fastphylosig",1,FALSE,,TRUE,"Sys.time",1,"d04623362e44ab0c5926614991b52d8763aaa86907a20312dca600a956414a5d","92f6b9d8c578a214cf0a6bb3d407d414c08cf298490936cc48ab73a918456e6c","20c83fab9899da1dcbe13bd5f758c9de8cdc95be70fbaf2ef6f41534217a1a74","721cb7b134682c93b78e659cbb53af9171b831e80e1589603d1d514827923c99","5b57cedc98c1a97ff8471690cc507a6289e3c0ddb40ed32135b74166b252e7d3","bc225f09272e3d11841b45fec311fdb39d67e3cd2d5bc688d9c1dd494fc9ef7e","0.3.0","isolated_release_library/fastphylosig","d951ecee19c06f3a144ad76c5039302078747585bb3bf829e6f12db15f54775d","isolated_release_library/fastphylosig/libs/<platform>/fastphylosig","c46a5834babd455b546bc65c6549c42ba51e6b47f3c9f222919b7118a5af3280","1bd40080f1ea537b3c73c838dc98ff84940f1064f4e1c4dbfb2dd5063d999bdb","benchmarks/stage5/documentation_fix_release_20261001/fastphylosig_0.3.0.tar.gz","909b7ad27485dcc2d96a7bb1fc70b65b54e93245d75761aca406b9c52f06cbff","2.5.2",0.00361013412475586,0.915864469264098,"ok",TRUE,,"",
"20261001T112848Z","K_strong_n0050_r04","reference","K","phytools::phylosig","strong",0.95,50,4,50,50,0,50,50,20310954,25264914,20311346,"fastphylosig",2,FALSE,,TRUE,"Sys.time",1,"d04623362e44ab0c5926614991b52d8763aaa86907a20312dca600a956414a5d","92f6b9d8c578a214cf0a6bb3d407d414c08cf298490936cc48ab73a918456e6c","20c83fab9899da1dcbe13bd5f758c9de8cdc95be70fbaf2ef6f41534217a1a74","721cb7b134682c93b78e659cbb53af9171b831e80e1589603d1d514827923c99","5b57cedc98c1a97ff8471690cc507a6289e3c0ddb40ed32135b74166b252e7d3","bc225f09272e3d11841b45fec311fdb39d67e3cd2d5bc688d9c1dd494fc9ef7e","0.3.0","isolated_release_library/fastphylosig","d951ecee19c06f3a144ad76c5039302078747585bb3bf829e6f12db15f54775d","isolated_release_library/fastphylosig/libs/<platform>/fastphylosig","c46a5834babd455b546bc65c6549c42ba51e6b47f3c9f222919b7118a5af3280","1bd40080f1ea537b3c73c838dc98ff84940f1064f4e1c4dbfb2dd5063d999bdb","benchmarks/stage5/documentation_fix_release_20261001/fastphylosig_0.3.0.tar.gz","909b7ad27485dcc2d96a7bb1fc70b65b54e93245d75761aca406b9c52f06cbff","2.5.2",0.000584125518798828,0.915864469264093,"ok",TRUE,,"",
"20261001T112848Z","lambda_strong_n0050_r04","reference","lambda","phytools::phylosig","strong",0.95,50,4,50,50,0,50,50,20310954,25264914,20311348,"reference",1,FALSE,FALSE,TRUE,"Sys.time",1,"d04623362e44ab0c5926614991b52d8763aaa86907a20312dca600a956414a5d","92f6b9d8c578a214cf0a6bb3d407d414c08cf298490936cc48ab73a918456e6c","20c83fab9899da1dcbe13bd5f758c9de8cdc95be70fbaf2ef6f41534217a1a74","721cb7b134682c93b78e659cbb53af9171b831e80e1589603d1d514827923c99","5b57cedc98c1a97ff8471690cc507a6289e3c0ddb40ed32135b74166b252e7d3","bc225f09272e3d11841b45fec311fdb39d67e3cd2d5bc688d9c1dd494fc9ef7e","0.3.0","isolated_release_library/fastphylosig","d951ecee19c06f3a144ad76c5039302078747585bb3bf829e6f12db15f54775d","isolated_release_library/fastphylosig/libs/<platform>/fastphylosig","c46a5834babd455b546bc65c6549c42ba51e6b47f3c9f222919b7118a5af3280","1bd40080f1ea537b3c73c838dc98ff84940f1064f4e1c4dbfb2dd5063d999bdb","benchmarks/stage5/documentation_fix_release_20261001/fastphylosig_0.3.0.tar.gz","909b7ad27485dcc2d96a7bb1fc70b65b54e93245d75761aca406b9c52f06cbff","2.5.2",0.0285458564758301,0.945140872017163,"ok",TRUE,,"",
"20261001T112848Z","lambda_strong_n0050_r04","fastphylosig","lambda","phytools::phylosig","strong",0.95,50,4,50,50,0,,,20310954,25264914,20311348,"reference",2,FALSE,FALSE,TRUE,"Sys.time",1,"d04623362e44ab0c5926614991b52d8763aaa86907a20312dca600a956414a5d","92f6b9d8c578a214cf0a6bb3d407d414c08cf298490936cc48ab73a918456e6c","20c83fab9899da1dcbe13bd5f758c9de8cdc95be70fbaf2ef6f41534217a1a74","721cb7b134682c93b78e659cbb53af9171b831e80e1589603d1d514827923c99","5b57cedc98c1a97ff8471690cc507a6289e3c0ddb40ed32135b74166b252e7d3","bc225f09272e3d11841b45fec311fdb39d67e3cd2d5bc688d9c1dd494fc9ef7e","0.3.0","isolated_release_library/fastphylosig","d951ecee19c06f3a144ad76c5039302078747585bb3bf829e6f12db15f54775d","isolated_release_library/fastphylosig/libs/<platform>/fastphylosig","c46a5834babd455b546bc65c6549c42ba51e6b47f3c9f222919b7118a5af3280","1bd40080f1ea537b3c73c838dc98ff84940f1064f4e1c4dbfb2dd5063d999bdb","benchmarks/stage5/documentation_fix_release_20261001/fastphylosig_0.3.0.tar.gz","909b7ad27485dcc2d96a7bb1fc70b65b54e93245d75761aca406b9c52f06cbff","2.5.2",0.00448918342590332,0.945143448831956,"ok",TRUE,,"",
"20261001T112848Z","K_none_n0050_r05","reference","K","phytools::phylosig","none",0,50,5,50,50,0,50,50,20310964,25265914,20311426,"reference",1,FALSE,,TRUE,"Sys.time",1,"60ab8a2f3f879142493c775c01cf1a955bf8f869d183d620955e5ab3689f2931","d1e2e20e095a63907198392f0399cd521cf5add053ffcb6c837b95386c03144f","8fac8612941eeeb7912bddb162f9c39c7e15e17c466e27a5e8ce9e5dba63d8eb","8fac8612941eeeb7912bddb162f9c39c7e15e17c466e27a5e8ce9e5dba63d8eb","5585f8055e0dacc0abd128a9158c0d73626c8202dc7c1b94ecff32194c1b4c1c","a13663b31c6daa62fda400b727909f62240444a59e654c7b4d8caca19e2d88b3","0.3.0","isolated_release_library/fastphylosig","d951ecee19c06f3a144ad76c5039302078747585bb3bf829e6f12db15f54775d","isolated_release_library/fastphylosig/libs/<platform>/fastphylosig","c46a5834babd455b546bc65c6549c42ba51e6b47f3c9f222919b7118a5af3280","1bd40080f1ea537b3c73c838dc98ff84940f1064f4e1c4dbfb2dd5063d999bdb","benchmarks/stage5/documentation_fix_release_20261001/fastphylosig_0.3.0.tar.gz","909b7ad27485dcc2d96a7bb1fc70b65b54e93245d75761aca406b9c52f06cbff","2.5.2",0.000575065612792969,0.288369283127877,"ok",TRUE,,"",
"20261001T112848Z","K_none_n0050_r05","fastphylosig","K","phytools::phylosig","none",0,50,5,50,50,0,,,20310964,25265914,20311426,"reference",2,FALSE,,TRUE,"Sys.time",1,"60ab8a2f3f879142493c775c01cf1a955bf8f869d183d620955e5ab3689f2931","d1e2e20e095a63907198392f0399cd521cf5add053ffcb6c837b95386c03144f","8fac8612941eeeb7912bddb162f9c39c7e15e17c466e27a5e8ce9e5dba63d8eb","8fac8612941eeeb7912bddb162f9c39c7e15e17c466e27a5e8ce9e5dba63d8eb","5585f8055e0dacc0abd128a9158c0d73626c8202dc7c1b94ecff32194c1b4c1c","a13663b31c6daa62fda400b727909f62240444a59e654c7b4d8caca19e2d88b3","0.3.0","isolated_release_library/fastphylosig","d951ecee19c06f3a144ad76c5039302078747585bb3bf829e6f12db15f54775d","isolated_release_library/fastphylosig/libs/<platform>/fastphylosig","c46a5834babd455b546bc65c6549c42ba51e6b47f3c9f222919b7118a5af3280","1bd40080f1ea537b3c73c838dc98ff84940f1064f4e1c4dbfb2dd5063d999bdb","benchmarks/stage5/documentation_fix_release_20261001/fastphylosig_0.3.0.tar.gz","909b7ad27485dcc2d96a7bb1fc70b65b54e93245d75761aca406b9c52f06cbff","2.5.2",0.00400185585021973,0.288369283127878,"ok",TRUE,,"",
"20261001T112848Z","lambda_none_n0050_r05","fastphylosig","lambda","phytools::phylosig","none",0,50,5,50,50,0,,,20310964,25265914,20311428,"fastphylosig",1,FALSE,FALSE,TRUE,"Sys.time",1,"60ab8a2f3f879142493c775c01cf1a955bf8f869d183d620955e5ab3689f2931","d1e2e20e095a63907198392f0399cd521cf5add053ffcb6c837b95386c03144f","8fac8612941eeeb7912bddb162f9c39c7e15e17c466e27a5e8ce9e5dba63d8eb","8fac8612941eeeb7912bddb162f9c39c7e15e17c466e27a5e8ce9e5dba63d8eb","5585f8055e0dacc0abd128a9158c0d73626c8202dc7c1b94ecff32194c1b4c1c","a13663b31c6daa62fda400b727909f62240444a59e654c7b4d8caca19e2d88b3","0.3.0","isolated_release_library/fastphylosig","d951ecee19c06f3a144ad76c5039302078747585bb3bf829e6f12db15f54775d","isolated_release_library/fastphylosig/libs/<platform>/fastphylosig","c46a5834babd455b546bc65c6549c42ba51e6b47f3c9f222919b7118a5af3280","1bd40080f1ea537b3c73c838dc98ff84940f1064f4e1c4dbfb2dd5063d999bdb","benchmarks/stage5/documentation_fix_release_20261001/fastphylosig_0.3.0.tar.gz","909b7ad27485dcc2d96a7bb1fc70b65b54e93245d75761aca406b9c52f06cbff","2.5.2",0.00451993942260742,6.6106961351896e-05,"ok",TRUE,,"",
"20261001T112848Z","lambda_none_n0050_r05","reference","lambda","phytools::phylosig","none",0,50,5,50,50,0,50,50,20310964,25265914,20311428,"fastphylosig",2,FALSE,FALSE,TRUE,"Sys.time",1,"60ab8a2f3f879142493c775c01cf1a955bf8f869d183d620955e5ab3689f2931","d1e2e20e095a63907198392f0399cd521cf5add053ffcb6c837b95386c03144f","8fac8612941eeeb7912bddb162f9c39c7e15e17c466e27a5e8ce9e5dba63d8eb","8fac8612941eeeb7912bddb162f9c39c7e15e17c466e27a5e8ce9e5dba63d8eb","5585f8055e0dacc0abd128a9158c0d73626c8202dc7c1b94ecff32194c1b4c1c","a13663b31c6daa62fda400b727909f62240444a59e654c7b4d8caca19e2d88b3","0.3.0","isolated_release_library/fastphylosig","d951ecee19c06f3a144ad76c5039302078747585bb3bf829e6f12db15f54775d","isolated_release_library/fastphylosig/libs/<platform>/fastphylosig","c46a5834babd455b546bc65c6549c42ba51e6b47f3c9f222919b7118a5af3280","1bd40080f1ea537b3c73c838dc98ff84940f1064f4e1c4dbfb2dd5063d999bdb","benchmarks/stage5/documentation_fix_release_20261001/fastphylosig_0.3.0.tar.gz","909b7ad27485dcc2d96a7bb1fc70b65b54e93245d75761aca406b9c52f06cbff","2.5.2",0.0401768684387207,7.33137435857406e-05,"ok",TRUE,,"",
"20261001T112848Z","K_moderate_n0050_r05","fastphylosig","K","phytools::phylosig","moderate",0.5,50,5,50,50,0,,,20310964,25265914,20311436,"fastphylosig",1,FALSE,,TRUE,"Sys.time",1,"60ab8a2f3f879142493c775c01cf1a955bf8f869d183d620955e5ab3689f2931","d1e2e20e095a63907198392f0399cd521cf5add053ffcb6c837b95386c03144f","8fac8612941eeeb7912bddb162f9c39c7e15e17c466e27a5e8ce9e5dba63d8eb","8f96ef360cfd351ef54b78f49809c1e7acd1d7c30cb2daff2ef68aa6335318a6","2b08da9a708307cc95fa357dd393abc36098f464f2f2ac4d6ed398c311532ade","a13663b31c6daa62fda400b727909f62240444a59e654c7b4d8caca19e2d88b3","0.3.0","isolated_release_library/fastphylosig","d951ecee19c06f3a144ad76c5039302078747585bb3bf829e6f12db15f54775d","isolated_release_library/fastphylosig/libs/<platform>/fastphylosig","c46a5834babd455b546bc65c6549c42ba51e6b47f3c9f222919b7118a5af3280","1bd40080f1ea537b3c73c838dc98ff84940f1064f4e1c4dbfb2dd5063d999bdb","benchmarks/stage5/documentation_fix_release_20261001/fastphylosig_0.3.0.tar.gz","909b7ad27485dcc2d96a7bb1fc70b65b54e93245d75761aca406b9c52f06cbff","2.5.2",0.00402188301086426,0.435263249583291,"ok",TRUE,,"",
"20261001T112848Z","K_moderate_n0050_r05","reference","K","phytools::phylosig","moderate",0.5,50,5,50,50,0,50,50,20310964,25265914,20311436,"fastphylosig",2,FALSE,,TRUE,"Sys.time",1,"60ab8a2f3f879142493c775c01cf1a955bf8f869d183d620955e5ab3689f2931","d1e2e20e095a63907198392f0399cd521cf5add053ffcb6c837b95386c03144f","8fac8612941eeeb7912bddb162f9c39c7e15e17c466e27a5e8ce9e5dba63d8eb","8f96ef360cfd351ef54b78f49809c1e7acd1d7c30cb2daff2ef68aa6335318a6","2b08da9a708307cc95fa357dd393abc36098f464f2f2ac4d6ed398c311532ade","a13663b31c6daa62fda400b727909f62240444a59e654c7b4d8caca19e2d88b3","0.3.0","isolated_release_library/fastphylosig","d951ecee19c06f3a144ad76c5039302078747585bb3bf829e6f12db15f54775d","isolated_release_library/fastphylosig/libs/<platform>/fastphylosig","c46a5834babd455b546bc65c6549c42ba51e6b47f3c9f222919b7118a5af3280","1bd40080f1ea537b3c73c838dc98ff84940f1064f4e1c4dbfb2dd5063d999bdb","benchmarks/stage5/documentation_fix_release_20261001/fastphylosig_0.3.0.tar.gz","909b7ad27485dcc2d96a7bb1fc70b65b54e93245d75761aca406b9c52f06cbff","2.5.2",0.000562191009521484,0.435263249583291,"ok",TRUE,,"",
"20261001T112848Z","lambda_moderate_n0050_r05","reference","lambda","phytools::phylosig","moderate",0.5,50,5,50,50,0,50,50,20310964,25265914,20311438,"reference",1,FALSE,FALSE,TRUE,"Sys.time",1,"60ab8a2f3f879142493c775c01cf1a955bf8f869d183d620955e5ab3689f2931","d1e2e20e095a63907198392f0399cd521cf5add053ffcb6c837b95386c03144f","8fac8612941eeeb7912bddb162f9c39c7e15e17c466e27a5e8ce9e5dba63d8eb","8f96ef360cfd351ef54b78f49809c1e7acd1d7c30cb2daff2ef68aa6335318a6","2b08da9a708307cc95fa357dd393abc36098f464f2f2ac4d6ed398c311532ade","a13663b31c6daa62fda400b727909f62240444a59e654c7b4d8caca19e2d88b3","0.3.0","isolated_release_library/fastphylosig","d951ecee19c06f3a144ad76c5039302078747585bb3bf829e6f12db15f54775d","isolated_release_library/fastphylosig/libs/<platform>/fastphylosig","c46a5834babd455b546bc65c6549c42ba51e6b47f3c9f222919b7118a5af3280","1bd40080f1ea537b3c73c838dc98ff84940f1064f4e1c4dbfb2dd5063d999bdb","benchmarks/stage5/documentation_fix_release_20261001/fastphylosig_0.3.0.tar.gz","909b7ad27485dcc2d96a7bb1fc70b65b54e93245d75761aca406b9c52f06cbff","2.5.2",0.025662899017334,0.375152736295428,"ok",TRUE,,"",
"20261001T112848Z","lambda_moderate_n0050_r05","fastphylosig","lambda","phytools::phylosig","moderate",0.5,50,5,50,50,0,,,20310964,25265914,20311438,"reference",2,FALSE,FALSE,TRUE,"Sys.time",1,"60ab8a2f3f879142493c775c01cf1a955bf8f869d183d620955e5ab3689f2931","d1e2e20e095a63907198392f0399cd521cf5add053ffcb6c837b95386c03144f","8fac8612941eeeb7912bddb162f9c39c7e15e17c466e27a5e8ce9e5dba63d8eb","8f96ef360cfd351ef54b78f49809c1e7acd1d7c30cb2daff2ef68aa6335318a6","2b08da9a708307cc95fa357dd393abc36098f464f2f2ac4d6ed398c311532ade","a13663b31c6daa62fda400b727909f62240444a59e654c7b4d8caca19e2d88b3","0.3.0","isolated_release_library/fastphylosig","d951ecee19c06f3a144ad76c5039302078747585bb3bf829e6f12db15f54775d","isolated_release_library/fastphylosig/libs/<platform>/fastphylosig","c46a5834babd455b546bc65c6549c42ba51e6b47f3c9f222919b7118a5af3280","1bd40080f1ea537b3c73c838dc98ff84940f1064f4e1c4dbfb2dd5063d999bdb","benchmarks/stage5/documentation_fix_release_20261001/fastphylosig_0.3.0.tar.gz","909b7ad27485dcc2d96a7bb1fc70b65b54e93245d75761aca406b9c52f06cbff","2.5.2",0.00417184829711914,0.375148086307458,"ok",TRUE,,"",
"20261001T112848Z","K_strong_n0050_r05","reference","K","phytools::phylosig","strong",0.95,50,5,50,50,0,50,50,20310964,25265914,20311446,"reference",1,FALSE,,TRUE,"Sys.time",1,"60ab8a2f3f879142493c775c01cf1a955bf8f869d183d620955e5ab3689f2931","d1e2e20e095a63907198392f0399cd521cf5add053ffcb6c837b95386c03144f","8fac8612941eeeb7912bddb162f9c39c7e15e17c466e27a5e8ce9e5dba63d8eb","3c38e0dd34d2f1b40ebe6d40f4bef5ec7285849fa7e4970538e84ad55b48b478","92641dfcb3fca90e1ded266befdb9b3d705e205929fa62796dfc982940c34678","a13663b31c6daa62fda400b727909f62240444a59e654c7b4d8caca19e2d88b3","0.3.0","isolated_release_library/fastphylosig","d951ecee19c06f3a144ad76c5039302078747585bb3bf829e6f12db15f54775d","isolated_release_library/fastphylosig/libs/<platform>/fastphylosig","c46a5834babd455b546bc65c6549c42ba51e6b47f3c9f222919b7118a5af3280","1bd40080f1ea537b3c73c838dc98ff84940f1064f4e1c4dbfb2dd5063d999bdb","benchmarks/stage5/documentation_fix_release_20261001/fastphylosig_0.3.0.tar.gz","909b7ad27485dcc2d96a7bb1fc70b65b54e93245d75761aca406b9c52f06cbff","2.5.2",0.000535964965820312,1.13358895348236,"ok",TRUE,,"",
"20261001T112848Z","K_strong_n0050_r05","fastphylosig","K","phytools::phylosig","strong",0.95,50,5,50,50,0,,,20310964,25265914,20311446,"reference",2,FALSE,,TRUE,"Sys.time",1,"60ab8a2f3f879142493c775c01cf1a955bf8f869d183d620955e5ab3689f2931","d1e2e20e095a63907198392f0399cd521cf5add053ffcb6c837b95386c03144f","8fac8612941eeeb7912bddb162f9c39c7e15e17c466e27a5e8ce9e5dba63d8eb","3c38e0dd34d2f1b40ebe6d40f4bef5ec7285849fa7e4970538e84ad55b48b478","92641dfcb3fca90e1ded266befdb9b3d705e205929fa62796dfc982940c34678","a13663b31c6daa62fda400b727909f62240444a59e654c7b4d8caca19e2d88b3","0.3.0","isolated_release_library/fastphylosig","d951ecee19c06f3a144ad76c5039302078747585bb3bf829e6f12db15f54775d","isolated_release_library/fastphylosig/libs/<platform>/fastphylosig","c46a5834babd455b546bc65c6549c42ba51e6b47f3c9f222919b7118a5af3280","1bd40080f1ea537b3c73c838dc98ff84940f1064f4e1c4dbfb2dd5063d999bdb","benchmarks/stage5/documentation_fix_release_20261001/fastphylosig_0.3.0.tar.gz","909b7ad27485dcc2d96a7bb1fc70b65b54e93245d75761aca406b9c52f06cbff","2.5.2",0.00388002395629883,1.13358895348236,"ok",TRUE,,"",
"20261001T112848Z","lambda_strong_n0050_r05","fastphylosig","lambda","phytools::phylosig","strong",0.95,50,5,50,50,0,,,20310964,25265914,20311448,"fastphylosig",1,FALSE,FALSE,TRUE,"Sys.time",1,"60ab8a2f3f879142493c775c01cf1a955bf8f869d183d620955e5ab3689f2931","d1e2e20e095a63907198392f0399cd521cf5add053ffcb6c837b95386c03144f","8fac8612941eeeb7912bddb162f9c39c7e15e17c466e27a5e8ce9e5dba63d8eb","3c38e0dd34d2f1b40ebe6d40f4bef5ec7285849fa7e4970538e84ad55b48b478","92641dfcb3fca90e1ded266befdb9b3d705e205929fa62796dfc982940c34678","a13663b31c6daa62fda400b727909f62240444a59e654c7b4d8caca19e2d88b3","0.3.0","isolated_release_library/fastphylosig","d951ecee19c06f3a144ad76c5039302078747585bb3bf829e6f12db15f54775d","isolated_release_library/fastphylosig/libs/<platform>/fastphylosig","c46a5834babd455b546bc65c6549c42ba51e6b47f3c9f222919b7118a5af3280","1bd40080f1ea537b3c73c838dc98ff84940f1064f4e1c4dbfb2dd5063d999bdb","benchmarks/stage5/documentation_fix_release_20261001/fastphylosig_0.3.0.tar.gz","909b7ad27485dcc2d96a7bb1fc70b65b54e93245d75761aca406b9c52f06cbff","2.5.2",0.00421595573425293,0.999933893038648,"ok",TRUE,,"",
"20261001T112848Z","lambda_strong_n0050_r05","reference","lambda","phytools::phylosig","strong",0.95,50,5,50,50,0,50,50,20310964,25265914,20311448,"fastphylosig",2,FALSE,FALSE,TRUE,"Sys.time",1,"60ab8a2f3f879142493c775c01cf1a955bf8f869d183d620955e5ab3689f2931","d1e2e20e095a63907198392f0399cd521cf5add053ffcb6c837b95386c03144f","8fac8612941eeeb7912bddb162f9c39c7e15e17c466e27a5e8ce9e5dba63d8eb","3c38e0dd34d2f1b40ebe6d40f4bef5ec7285849fa7e4970538e84ad55b48b478","92641dfcb3fca90e1ded266befdb9b3d705e205929fa62796dfc982940c34678","a13663b31c6daa62fda400b727909f62240444a59e654c7b4d8caca19e2d88b3","0.3.0","isolated_release_library/fastphylosig","d951ecee19c06f3a144ad76c5039302078747585bb3bf829e6f12db15f54775d","isolated_release_library/fastphylosig/libs/<platform>/fastphylosig","c46a5834babd455b546bc65c6549c42ba51e6b47f3c9f222919b7118a5af3280","1bd40080f1ea537b3c73c838dc98ff84940f1064f4e1c4dbfb2dd5063d999bdb","benchmarks/stage5/documentation_fix_release_20261001/fastphylosig_0.3.0.tar.gz","909b7ad27485dcc2d96a7bb1fc70b65b54e93245d75761aca406b9c52f06cbff","2.5.2",0.0384020805358887,0.999926686256414,"ok",TRUE,,"",
"20261001T112848Z","K_none_n0050_r06","fastphylosig","K","phytools::phylosig","none",0,50,6,50,50,0,,,20310974,25266914,20311526,"fastphylosig",1,FALSE,,TRUE,"Sys.time",1,"70e96e132d1f424a4f6753f8b824645738ef7e9dfd3ae63c754a1f708da2083c","d2e4092a1711aafa33deee9b7dda3c1598bc3e13881b26ae0ee8836d055b983a","e6b6df04e5733828ef5ee03a6553aba3c0a0a332f82fa59ad77a4186b69c9f72","e6b6df04e5733828ef5ee03a6553aba3c0a0a332f82fa59ad77a4186b69c9f72","cc17b496e206e518518fc3b0e15c97f1993a9015a3345644954b545942d1855a","1f9db564dcd4c534440f613ee3f5eea8fe7abc56bc5e2b5d34e3cff9793e4ce3","0.3.0","isolated_release_library/fastphylosig","d951ecee19c06f3a144ad76c5039302078747585bb3bf829e6f12db15f54775d","isolated_release_library/fastphylosig/libs/<platform>/fastphylosig","c46a5834babd455b546bc65c6549c42ba51e6b47f3c9f222919b7118a5af3280","1bd40080f1ea537b3c73c838dc98ff84940f1064f4e1c4dbfb2dd5063d999bdb","benchmarks/stage5/documentation_fix_release_20261001/fastphylosig_0.3.0.tar.gz","909b7ad27485dcc2d96a7bb1fc70b65b54e93245d75761aca406b9c52f06cbff","2.5.2",0.00440096855163574,0.236349947652406,"ok",TRUE,,"",
"20261001T112848Z","K_none_n0050_r06","reference","K","phytools::phylosig","none",0,50,6,50,50,0,50,50,20310974,25266914,20311526,"fastphylosig",2,FALSE,,TRUE,"Sys.time",1,"70e96e132d1f424a4f6753f8b824645738ef7e9dfd3ae63c754a1f708da2083c","d2e4092a1711aafa33deee9b7dda3c1598bc3e13881b26ae0ee8836d055b983a","e6b6df04e5733828ef5ee03a6553aba3c0a0a332f82fa59ad77a4186b69c9f72","e6b6df04e5733828ef5ee03a6553aba3c0a0a332f82fa59ad77a4186b69c9f72","cc17b496e206e518518fc3b0e15c97f1993a9015a3345644954b545942d1855a","1f9db564dcd4c534440f613ee3f5eea8fe7abc56bc5e2b5d34e3cff9793e4ce3","0.3.0","isolated_release_library/fastphylosig","d951ecee19c06f3a144ad76c5039302078747585bb3bf829e6f12db15f54775d","isolated_release_library/fastphylosig/libs/<platform>/fastphylosig","c46a5834babd455b546bc65c6549c42ba51e6b47f3c9f222919b7118a5af3280","1bd40080f1ea537b3c73c838dc98ff84940f1064f4e1c4dbfb2dd5063d999bdb","benchmarks/stage5/documentation_fix_release_20261001/fastphylosig_0.3.0.tar.gz","909b7ad27485dcc2d96a7bb1fc70b65b54e93245d75761aca406b9c52f06cbff","2.5.2",0.000591039657592773,0.236349947652406,"ok",TRUE,,"",
"20261001T112848Z","lambda_none_n0050_r06","reference","lambda","phytools::phylosig","none",0,50,6,50,50,0,50,50,20310974,25266914,20311528,"reference",1,FALSE,FALSE,TRUE,"Sys.time",1,"70e96e132d1f424a4f6753f8b824645738ef7e9dfd3ae63c754a1f708da2083c","d2e4092a1711aafa33deee9b7dda3c1598bc3e13881b26ae0ee8836d055b983a","e6b6df04e5733828ef5ee03a6553aba3c0a0a332f82fa59ad77a4186b69c9f72","e6b6df04e5733828ef5ee03a6553aba3c0a0a332f82fa59ad77a4186b69c9f72","cc17b496e206e518518fc3b0e15c97f1993a9015a3345644954b545942d1855a","1f9db564dcd4c534440f613ee3f5eea8fe7abc56bc5e2b5d34e3cff9793e4ce3","0.3.0","isolated_release_library/fastphylosig","d951ecee19c06f3a144ad76c5039302078747585bb3bf829e6f12db15f54775d","isolated_release_library/fastphylosig/libs/<platform>/fastphylosig","c46a5834babd455b546bc65c6549c42ba51e6b47f3c9f222919b7118a5af3280","1bd40080f1ea537b3c73c838dc98ff84940f1064f4e1c4dbfb2dd5063d999bdb","benchmarks/stage5/documentation_fix_release_20261001/fastphylosig_0.3.0.tar.gz","909b7ad27485dcc2d96a7bb1fc70b65b54e93245d75761aca406b9c52f06cbff","2.5.2",0.0279128551483154,7.33137435857406e-05,"ok",TRUE,,"",
"20261001T112848Z","lambda_none_n0050_r06","fastphylosig","lambda","phytools::phylosig","none",0,50,6,50,50,0,,,20310974,25266914,20311528,"reference",2,FALSE,FALSE,TRUE,"Sys.time",1,"70e96e132d1f424a4f6753f8b824645738ef7e9dfd3ae63c754a1f708da2083c","d2e4092a1711aafa33deee9b7dda3c1598bc3e13881b26ae0ee8836d055b983a","e6b6df04e5733828ef5ee03a6553aba3c0a0a332f82fa59ad77a4186b69c9f72","e6b6df04e5733828ef5ee03a6553aba3c0a0a332f82fa59ad77a4186b69c9f72","cc17b496e206e518518fc3b0e15c97f1993a9015a3345644954b545942d1855a","1f9db564dcd4c534440f613ee3f5eea8fe7abc56bc5e2b5d34e3cff9793e4ce3","0.3.0","isolated_release_library/fastphylosig","d951ecee19c06f3a144ad76c5039302078747585bb3bf829e6f12db15f54775d","isolated_release_library/fastphylosig/libs/<platform>/fastphylosig","c46a5834babd455b546bc65c6549c42ba51e6b47f3c9f222919b7118a5af3280","1bd40080f1ea537b3c73c838dc98ff84940f1064f4e1c4dbfb2dd5063d999bdb","benchmarks/stage5/documentation_fix_release_20261001/fastphylosig_0.3.0.tar.gz","909b7ad27485dcc2d96a7bb1fc70b65b54e93245d75761aca406b9c52f06cbff","2.5.2",0.00491690635681152,6.6106961351896e-05,"ok",TRUE,,"",
"20261001T112848Z","K_moderate_n0050_r06","reference","K","phytools::phylosig","moderate",0.5,50,6,50,50,0,50,50,20310974,25266914,20311536,"reference",1,FALSE,,TRUE,"Sys.time",1,"70e96e132d1f424a4f6753f8b824645738ef7e9dfd3ae63c754a1f708da2083c","d2e4092a1711aafa33deee9b7dda3c1598bc3e13881b26ae0ee8836d055b983a","e6b6df04e5733828ef5ee03a6553aba3c0a0a332f82fa59ad77a4186b69c9f72","2fbde9995e62eaa54a9586831c9a0d109791447710e4342151043b14735f59cc","ea9a2c2d7fbb162abc0bce5f3cf5af1d4bd36d74c1c3aced7d726bbbb26f4d34","1f9db564dcd4c534440f613ee3f5eea8fe7abc56bc5e2b5d34e3cff9793e4ce3","0.3.0","isolated_release_library/fastphylosig","d951ecee19c06f3a144ad76c5039302078747585bb3bf829e6f12db15f54775d","isolated_release_library/fastphylosig/libs/<platform>/fastphylosig","c46a5834babd455b546bc65c6549c42ba51e6b47f3c9f222919b7118a5af3280","1bd40080f1ea537b3c73c838dc98ff84940f1064f4e1c4dbfb2dd5063d999bdb","benchmarks/stage5/documentation_fix_release_20261001/fastphylosig_0.3.0.tar.gz","909b7ad27485dcc2d96a7bb1fc70b65b54e93245d75761aca406b9c52f06cbff","2.5.2",0.000566005706787109,0.430029953968081,"ok",TRUE,,"",
"20261001T112848Z","K_moderate_n0050_r06","fastphylosig","K","phytools::phylosig","moderate",0.5,50,6,50,50,0,,,20310974,25266914,20311536,"reference",2,FALSE,,TRUE,"Sys.time",1,"70e96e132d1f424a4f6753f8b824645738ef7e9dfd3ae63c754a1f708da2083c","d2e4092a1711aafa33deee9b7dda3c1598bc3e13881b26ae0ee8836d055b983a","e6b6df04e5733828ef5ee03a6553aba3c0a0a332f82fa59ad77a4186b69c9f72","2fbde9995e62eaa54a9586831c9a0d109791447710e4342151043b14735f59cc","ea9a2c2d7fbb162abc0bce5f3cf5af1d4bd36d74c1c3aced7d726bbbb26f4d34","1f9db564dcd4c534440f613ee3f5eea8fe7abc56bc5e2b5d34e3cff9793e4ce3","0.3.0","isolated_release_library/fastphylosig","d951ecee19c06f3a144ad76c5039302078747585bb3bf829e6f12db15f54775d","isolated_release_library/fastphylosig/libs/<platform>/fastphylosig","c46a5834babd455b546bc65c6549c42ba51e6b47f3c9f222919b7118a5af3280","1bd40080f1ea537b3c73c838dc98ff84940f1064f4e1c4dbfb2dd5063d999bdb","benchmarks/stage5/documentation_fix_release_20261001/fastphylosig_0.3.0.tar.gz","909b7ad27485dcc2d96a7bb1fc70b65b54e93245d75761aca406b9c52f06cbff","2.5.2",0.00425004959106445,0.43002995396808,"ok",TRUE,,"",
"20261001T112848Z","lambda_moderate_n0050_r06","fastphylosig","lambda","phytools::phylosig","moderate",0.5,50,6,50,50,0,,,20310974,25266914,20311538,"fastphylosig",1,FALSE,FALSE,TRUE,"Sys.time",1,"70e96e132d1f424a4f6753f8b824645738ef7e9dfd3ae63c754a1f708da2083c","d2e4092a1711aafa33deee9b7dda3c1598bc3e13881b26ae0ee8836d055b983a","e6b6df04e5733828ef5ee03a6553aba3c0a0a332f82fa59ad77a4186b69c9f72","2fbde9995e62eaa54a9586831c9a0d109791447710e4342151043b14735f59cc","ea9a2c2d7fbb162abc0bce5f3cf5af1d4bd36d74c1c3aced7d726bbbb26f4d34","1f9db564dcd4c534440f613ee3f5eea8fe7abc56bc5e2b5d34e3cff9793e4ce3","0.3.0","isolated_release_library/fastphylosig","d951ecee19c06f3a144ad76c5039302078747585bb3bf829e6f12db15f54775d","isolated_release_library/fastphylosig/libs/<platform>/fastphylosig","c46a5834babd455b546bc65c6549c42ba51e6b47f3c9f222919b7118a5af3280","1bd40080f1ea537b3c73c838dc98ff84940f1064f4e1c4dbfb2dd5063d999bdb","benchmarks/stage5/documentation_fix_release_20261001/fastphylosig_0.3.0.tar.gz","909b7ad27485dcc2d96a7bb1fc70b65b54e93245d75761aca406b9c52f06cbff","2.5.2",0.00437188148498535,0.738606315540391,"ok",TRUE,,"",
"20261001T112848Z","lambda_moderate_n0050_r06","reference","lambda","phytools::phylosig","moderate",0.5,50,6,50,50,0,50,50,20310974,25266914,20311538,"fastphylosig",2,FALSE,FALSE,TRUE,"Sys.time",1,"70e96e132d1f424a4f6753f8b824645738ef7e9dfd3ae63c754a1f708da2083c","d2e4092a1711aafa33deee9b7dda3c1598bc3e13881b26ae0ee8836d055b983a","e6b6df04e5733828ef5ee03a6553aba3c0a0a332f82fa59ad77a4186b69c9f72","2fbde9995e62eaa54a9586831c9a0d109791447710e4342151043b14735f59cc","ea9a2c2d7fbb162abc0bce5f3cf5af1d4bd36d74c1c3aced7d726bbbb26f4d34","1f9db564dcd4c534440f613ee3f5eea8fe7abc56bc5e2b5d34e3cff9793e4ce3","0.3.0","isolated_release_library/fastphylosig","d951ecee19c06f3a144ad76c5039302078747585bb3bf829e6f12db15f54775d","isolated_release_library/fastphylosig/libs/<platform>/fastphylosig","c46a5834babd455b546bc65c6549c42ba51e6b47f3c9f222919b7118a5af3280","1bd40080f1ea537b3c73c838dc98ff84940f1064f4e1c4dbfb2dd5063d999bdb","benchmarks/stage5/documentation_fix_release_20261001/fastphylosig_0.3.0.tar.gz","909b7ad27485dcc2d96a7bb1fc70b65b54e93245d75761aca406b9c52f06cbff","2.5.2",0.0365140438079834,0.738610857872748,"ok",TRUE,,"",
"20261001T112848Z","K_strong_n0050_r06","fastphylosig","K","phytools::phylosig","strong",0.95,50,6,50,50,0,,,20310974,25266914,20311546,"fastphylosig",1,FALSE,,TRUE,"Sys.time",1,"70e96e132d1f424a4f6753f8b824645738ef7e9dfd3ae63c754a1f708da2083c","d2e4092a1711aafa33deee9b7dda3c1598bc3e13881b26ae0ee8836d055b983a","e6b6df04e5733828ef5ee03a6553aba3c0a0a332f82fa59ad77a4186b69c9f72","03899d2d08492f9e87aaaf01c92876f85520537d63bdf64cd72eacb1417c0bc8","6242a63a388045c9d9fd36f33689e30ed4c18f94ffb29565cd0cf2cc31d64415","1f9db564dcd4c534440f613ee3f5eea8fe7abc56bc5e2b5d34e3cff9793e4ce3","0.3.0","isolated_release_library/fastphylosig","d951ecee19c06f3a144ad76c5039302078747585bb3bf829e6f12db15f54775d","isolated_release_library/fastphylosig/libs/<platform>/fastphylosig","c46a5834babd455b546bc65c6549c42ba51e6b47f3c9f222919b7118a5af3280","1bd40080f1ea537b3c73c838dc98ff84940f1064f4e1c4dbfb2dd5063d999bdb","benchmarks/stage5/documentation_fix_release_20261001/fastphylosig_0.3.0.tar.gz","909b7ad27485dcc2d96a7bb1fc70b65b54e93245d75761aca406b9c52f06cbff","2.5.2",0.00399303436279297,1.14411161471849,"ok",TRUE,,"",
"20261001T112848Z","K_strong_n0050_r06","reference","K","phytools::phylosig","strong",0.95,50,6,50,50,0,50,50,20310974,25266914,20311546,"fastphylosig",2,FALSE,,TRUE,"Sys.time",1,"70e96e132d1f424a4f6753f8b824645738ef7e9dfd3ae63c754a1f708da2083c","d2e4092a1711aafa33deee9b7dda3c1598bc3e13881b26ae0ee8836d055b983a","e6b6df04e5733828ef5ee03a6553aba3c0a0a332f82fa59ad77a4186b69c9f72","03899d2d08492f9e87aaaf01c92876f85520537d63bdf64cd72eacb1417c0bc8","6242a63a388045c9d9fd36f33689e30ed4c18f94ffb29565cd0cf2cc31d64415","1f9db564dcd4c534440f613ee3f5eea8fe7abc56bc5e2b5d34e3cff9793e4ce3","0.3.0","isolated_release_library/fastphylosig","d951ecee19c06f3a144ad76c5039302078747585bb3bf829e6f12db15f54775d","isolated_release_library/fastphylosig/libs/<platform>/fastphylosig","c46a5834babd455b546bc65c6549c42ba51e6b47f3c9f222919b7118a5af3280","1bd40080f1ea537b3c73c838dc98ff84940f1064f4e1c4dbfb2dd5063d999bdb","benchmarks/stage5/documentation_fix_release_20261001/fastphylosig_0.3.0.tar.gz","909b7ad27485dcc2d96a7bb1fc70b65b54e93245d75761aca406b9c52f06cbff","2.5.2",0.000552892684936523,1.14411161471849,"ok",TRUE,,"",
"20261001T112848Z","lambda_strong_n0050_r06","reference","lambda","phytools::phylosig","strong",0.95,50,6,50,50,0,50,50,20310974,25266914,20311548,"reference",1,FALSE,FALSE,TRUE,"Sys.time",1,"70e96e132d1f424a4f6753f8b824645738ef7e9dfd3ae63c754a1f708da2083c","d2e4092a1711aafa33deee9b7dda3c1598bc3e13881b26ae0ee8836d055b983a","e6b6df04e5733828ef5ee03a6553aba3c0a0a332f82fa59ad77a4186b69c9f72","03899d2d08492f9e87aaaf01c92876f85520537d63bdf64cd72eacb1417c0bc8","6242a63a388045c9d9fd36f33689e30ed4c18f94ffb29565cd0cf2cc31d64415","1f9db564dcd4c534440f613ee3f5eea8fe7abc56bc5e2b5d34e3cff9793e4ce3","0.3.0","isolated_release_library/fastphylosig","d951ecee19c06f3a144ad76c5039302078747585bb3bf829e6f12db15f54775d","isolated_release_library/fastphylosig/libs/<platform>/fastphylosig","c46a5834babd455b546bc65c6549c42ba51e6b47f3c9f222919b7118a5af3280","1bd40080f1ea537b3c73c838dc98ff84940f1064f4e1c4dbfb2dd5063d999bdb","benchmarks/stage5/documentation_fix_release_20261001/fastphylosig_0.3.0.tar.gz","909b7ad27485dcc2d96a7bb1fc70b65b54e93245d75761aca406b9c52f06cbff","2.5.2",0.0287659168243408,0.999926686256414,"ok",TRUE,,"",
"20261001T112848Z","lambda_strong_n0050_r06","fastphylosig","lambda","phytools::phylosig","strong",0.95,50,6,50,50,0,,,20310974,25266914,20311548,"reference",2,FALSE,FALSE,TRUE,"Sys.time",1,"70e96e132d1f424a4f6753f8b824645738ef7e9dfd3ae63c754a1f708da2083c","d2e4092a1711aafa33deee9b7dda3c1598bc3e13881b26ae0ee8836d055b983a","e6b6df04e5733828ef5ee03a6553aba3c0a0a332f82fa59ad77a4186b69c9f72","03899d2d08492f9e87aaaf01c92876f85520537d63bdf64cd72eacb1417c0bc8","6242a63a388045c9d9fd36f33689e30ed4c18f94ffb29565cd0cf2cc31d64415","1f9db564dcd4c534440f613ee3f5eea8fe7abc56bc5e2b5d34e3cff9793e4ce3","0.3.0","isolated_release_library/fastphylosig","d951ecee19c06f3a144ad76c5039302078747585bb3bf829e6f12db15f54775d","isolated_release_library/fastphylosig/libs/<platform>/fastphylosig","c46a5834babd455b546bc65c6549c42ba51e6b47f3c9f222919b7118a5af3280","1bd40080f1ea537b3c73c838dc98ff84940f1064f4e1c4dbfb2dd5063d999bdb","benchmarks/stage5/documentation_fix_release_20261001/fastphylosig_0.3.0.tar.gz","909b7ad27485dcc2d96a7bb1fc70b65b54e93245d75761aca406b9c52f06cbff","2.5.2",0.00481891632080078,0.999933893038648,"ok",TRUE,,"",
"20261001T112848Z","K_none_n0050_r07","reference","K","phytools::phylosig","none",0,50,7,50,50,0,50,50,20310984,25267914,20311626,"reference",1,FALSE,,TRUE,"Sys.time",1,"25173757686f0b950021f7f77a6d8a333f161697329c4878a78fbdd0d3e243ac","3782d4d048e8d445f4a24b952a3b8adc13a61505cfc3d97ab6557f4113d399ff","1114888774726c2a830b18575957fae11a3ed0fe1d18eff74c43d8669a1ff201","1114888774726c2a830b18575957fae11a3ed0fe1d18eff74c43d8669a1ff201","8b648894db3fd7a186f5858ae8f9b579821384d1bc263abde7ee93fc58e1fbf4","4f3ee7386e050487af9f4776be18ed068af01968f2e1fece439318fe43d6c1b5","0.3.0","isolated_release_library/fastphylosig","d951ecee19c06f3a144ad76c5039302078747585bb3bf829e6f12db15f54775d","isolated_release_library/fastphylosig/libs/<platform>/fastphylosig","c46a5834babd455b546bc65c6549c42ba51e6b47f3c9f222919b7118a5af3280","1bd40080f1ea537b3c73c838dc98ff84940f1064f4e1c4dbfb2dd5063d999bdb","benchmarks/stage5/documentation_fix_release_20261001/fastphylosig_0.3.0.tar.gz","909b7ad27485dcc2d96a7bb1fc70b65b54e93245d75761aca406b9c52f06cbff","2.5.2",0.000552892684936523,0.122882428389503,"ok",TRUE,,"",
"20261001T112848Z","K_none_n0050_r07","fastphylosig","K","phytools::phylosig","none",0,50,7,50,50,0,,,20310984,25267914,20311626,"reference",2,FALSE,,TRUE,"Sys.time",1,"25173757686f0b950021f7f77a6d8a333f161697329c4878a78fbdd0d3e243ac","3782d4d048e8d445f4a24b952a3b8adc13a61505cfc3d97ab6557f4113d399ff","1114888774726c2a830b18575957fae11a3ed0fe1d18eff74c43d8669a1ff201","1114888774726c2a830b18575957fae11a3ed0fe1d18eff74c43d8669a1ff201","8b648894db3fd7a186f5858ae8f9b579821384d1bc263abde7ee93fc58e1fbf4","4f3ee7386e050487af9f4776be18ed068af01968f2e1fece439318fe43d6c1b5","0.3.0","isolated_release_library/fastphylosig","d951ecee19c06f3a144ad76c5039302078747585bb3bf829e6f12db15f54775d","isolated_release_library/fastphylosig/libs/<platform>/fastphylosig","c46a5834babd455b546bc65c6549c42ba51e6b47f3c9f222919b7118a5af3280","1bd40080f1ea537b3c73c838dc98ff84940f1064f4e1c4dbfb2dd5063d999bdb","benchmarks/stage5/documentation_fix_release_20261001/fastphylosig_0.3.0.tar.gz","909b7ad27485dcc2d96a7bb1fc70b65b54e93245d75761aca406b9c52f06cbff","2.5.2",0.00427699089050293,0.122882428389502,"ok",TRUE,,"",
"20261001T112848Z","lambda_none_n0050_r07","fastphylosig","lambda","phytools::phylosig","none",0,50,7,50,50,0,,,20310984,25267914,20311628,"fastphylosig",1,FALSE,FALSE,TRUE,"Sys.time",1,"25173757686f0b950021f7f77a6d8a333f161697329c4878a78fbdd0d3e243ac","3782d4d048e8d445f4a24b952a3b8adc13a61505cfc3d97ab6557f4113d399ff","1114888774726c2a830b18575957fae11a3ed0fe1d18eff74c43d8669a1ff201","1114888774726c2a830b18575957fae11a3ed0fe1d18eff74c43d8669a1ff201","8b648894db3fd7a186f5858ae8f9b579821384d1bc263abde7ee93fc58e1fbf4","4f3ee7386e050487af9f4776be18ed068af01968f2e1fece439318fe43d6c1b5","0.3.0","isolated_release_library/fastphylosig","d951ecee19c06f3a144ad76c5039302078747585bb3bf829e6f12db15f54775d","isolated_release_library/fastphylosig/libs/<platform>/fastphylosig","c46a5834babd455b546bc65c6549c42ba51e6b47f3c9f222919b7118a5af3280","1bd40080f1ea537b3c73c838dc98ff84940f1064f4e1c4dbfb2dd5063d999bdb","benchmarks/stage5/documentation_fix_release_20261001/fastphylosig_0.3.0.tar.gz","909b7ad27485dcc2d96a7bb1fc70b65b54e93245d75761aca406b9c52f06cbff","2.5.2",0.00429797172546387,6.6106961351896e-05,"ok",TRUE,,"",
"20261001T112848Z","lambda_none_n0050_r07","reference","lambda","phytools::phylosig","none",0,50,7,50,50,0,50,50,20310984,25267914,20311628,"fastphylosig",2,FALSE,FALSE,TRUE,"Sys.time",1,"25173757686f0b950021f7f77a6d8a333f161697329c4878a78fbdd0d3e243ac","3782d4d048e8d445f4a24b952a3b8adc13a61505cfc3d97ab6557f4113d399ff","1114888774726c2a830b18575957fae11a3ed0fe1d18eff74c43d8669a1ff201","1114888774726c2a830b18575957fae11a3ed0fe1d18eff74c43d8669a1ff201","8b648894db3fd7a186f5858ae8f9b579821384d1bc263abde7ee93fc58e1fbf4","4f3ee7386e050487af9f4776be18ed068af01968f2e1fece439318fe43d6c1b5","0.3.0","isolated_release_library/fastphylosig","d951ecee19c06f3a144ad76c5039302078747585bb3bf829e6f12db15f54775d","isolated_release_library/fastphylosig/libs/<platform>/fastphylosig","c46a5834babd455b546bc65c6549c42ba51e6b47f3c9f222919b7118a5af3280","1bd40080f1ea537b3c73c838dc98ff84940f1064f4e1c4dbfb2dd5063d999bdb","benchmarks/stage5/documentation_fix_release_20261001/fastphylosig_0.3.0.tar.gz","909b7ad27485dcc2d96a7bb1fc70b65b54e93245d75761aca406b9c52f06cbff","2.5.2",0.039290189743042,7.33137435857406e-05,"ok",TRUE,,"",
"20261001T112848Z","K_moderate_n0050_r07","fastphylosig","K","phytools::phylosig","moderate",0.5,50,7,50,50,0,,,20310984,25267914,20311636,"fastphylosig",1,FALSE,,TRUE,"Sys.time",1,"25173757686f0b950021f7f77a6d8a333f161697329c4878a78fbdd0d3e243ac","3782d4d048e8d445f4a24b952a3b8adc13a61505cfc3d97ab6557f4113d399ff","1114888774726c2a830b18575957fae11a3ed0fe1d18eff74c43d8669a1ff201","928116d898e89ed59c824dde32f4681c61186dcefe6c266a080975dbf5c4905d","901de1c05177cc5d431ae3fc1436900319514b084f9d01fa0ce61f5e40104757","4f3ee7386e050487af9f4776be18ed068af01968f2e1fece439318fe43d6c1b5","0.3.0","isolated_release_library/fastphylosig","d951ecee19c06f3a144ad76c5039302078747585bb3bf829e6f12db15f54775d","isolated_release_library/fastphylosig/libs/<platform>/fastphylosig","c46a5834babd455b546bc65c6549c42ba51e6b47f3c9f222919b7118a5af3280","1bd40080f1ea537b3c73c838dc98ff84940f1064f4e1c4dbfb2dd5063d999bdb","benchmarks/stage5/documentation_fix_release_20261001/fastphylosig_0.3.0.tar.gz","909b7ad27485dcc2d96a7bb1fc70b65b54e93245d75761aca406b9c52f06cbff","2.5.2",0.00382304191589355,0.237299680957742,"ok",TRUE,,"",
"20261001T112848Z","K_moderate_n0050_r07","reference","K","phytools::phylosig","moderate",0.5,50,7,50,50,0,50,50,20310984,25267914,20311636,"fastphylosig",2,FALSE,,TRUE,"Sys.time",1,"25173757686f0b950021f7f77a6d8a333f161697329c4878a78fbdd0d3e243ac","3782d4d048e8d445f4a24b952a3b8adc13a61505cfc3d97ab6557f4113d399ff","1114888774726c2a830b18575957fae11a3ed0fe1d18eff74c43d8669a1ff201","928116d898e89ed59c824dde32f4681c61186dcefe6c266a080975dbf5c4905d","901de1c05177cc5d431ae3fc1436900319514b084f9d01fa0ce61f5e40104757","4f3ee7386e050487af9f4776be18ed068af01968f2e1fece439318fe43d6c1b5","0.3.0","isolated_release_library/fastphylosig","d951ecee19c06f3a144ad76c5039302078747585bb3bf829e6f12db15f54775d","isolated_release_library/fastphylosig/libs/<platform>/fastphylosig","c46a5834babd455b546bc65c6549c42ba51e6b47f3c9f222919b7118a5af3280","1bd40080f1ea537b3c73c838dc98ff84940f1064f4e1c4dbfb2dd5063d999bdb","benchmarks/stage5/documentation_fix_release_20261001/fastphylosig_0.3.0.tar.gz","909b7ad27485dcc2d96a7bb1fc70b65b54e93245d75761aca406b9c52f06cbff","2.5.2",0.000579118728637695,0.237299680957742,"ok",TRUE,,"",
"20261001T112848Z","lambda_moderate_n0050_r07","reference","lambda","phytools::phylosig","moderate",0.5,50,7,50,50,0,50,50,20310984,25267914,20311638,"reference",1,FALSE,FALSE,TRUE,"Sys.time",1,"25173757686f0b950021f7f77a6d8a333f161697329c4878a78fbdd0d3e243ac","3782d4d048e8d445f4a24b952a3b8adc13a61505cfc3d97ab6557f4113d399ff","1114888774726c2a830b18575957fae11a3ed0fe1d18eff74c43d8669a1ff201","928116d898e89ed59c824dde32f4681c61186dcefe6c266a080975dbf5c4905d","901de1c05177cc5d431ae3fc1436900319514b084f9d01fa0ce61f5e40104757","4f3ee7386e050487af9f4776be18ed068af01968f2e1fece439318fe43d6c1b5","0.3.0","isolated_release_library/fastphylosig","d951ecee19c06f3a144ad76c5039302078747585bb3bf829e6f12db15f54775d","isolated_release_library/fastphylosig/libs/<platform>/fastphylosig","c46a5834babd455b546bc65c6549c42ba51e6b47f3c9f222919b7118a5af3280","1bd40080f1ea537b3c73c838dc98ff84940f1064f4e1c4dbfb2dd5063d999bdb","benchmarks/stage5/documentation_fix_release_20261001/fastphylosig_0.3.0.tar.gz","909b7ad27485dcc2d96a7bb1fc70b65b54e93245d75761aca406b9c52f06cbff","2.5.2",0.0252869129180908,0.50267253868714,"ok",TRUE,,"",
"20261001T112848Z","lambda_moderate_n0050_r07","fastphylosig","lambda","phytools::phylosig","moderate",0.5,50,7,50,50,0,,,20310984,25267914,20311638,"reference",2,FALSE,FALSE,TRUE,"Sys.time",1,"25173757686f0b950021f7f77a6d8a333f161697329c4878a78fbdd0d3e243ac","3782d4d048e8d445f4a24b952a3b8adc13a61505cfc3d97ab6557f4113d399ff","1114888774726c2a830b18575957fae11a3ed0fe1d18eff74c43d8669a1ff201","928116d898e89ed59c824dde32f4681c61186dcefe6c266a080975dbf5c4905d","901de1c05177cc5d431ae3fc1436900319514b084f9d01fa0ce61f5e40104757","4f3ee7386e050487af9f4776be18ed068af01968f2e1fece439318fe43d6c1b5","0.3.0","isolated_release_library/fastphylosig","d951ecee19c06f3a144ad76c5039302078747585bb3bf829e6f12db15f54775d","isolated_release_library/fastphylosig/libs/<platform>/fastphylosig","c46a5834babd455b546bc65c6549c42ba51e6b47f3c9f222919b7118a5af3280","1bd40080f1ea537b3c73c838dc98ff84940f1064f4e1c4dbfb2dd5063d999bdb","benchmarks/stage5/documentation_fix_release_20261001/fastphylosig_0.3.0.tar.gz","909b7ad27485dcc2d96a7bb1fc70b65b54e93245d75761aca406b9c52f06cbff","2.5.2",0.0043950080871582,0.502650103191372,"ok",TRUE,,"",
"20261001T112848Z","K_strong_n0050_r07","reference","K","phytools::phylosig","strong",0.95,50,7,50,50,0,50,50,20310984,25267914,20311646,"reference",1,FALSE,,TRUE,"Sys.time",1,"25173757686f0b950021f7f77a6d8a333f161697329c4878a78fbdd0d3e243ac","3782d4d048e8d445f4a24b952a3b8adc13a61505cfc3d97ab6557f4113d399ff","1114888774726c2a830b18575957fae11a3ed0fe1d18eff74c43d8669a1ff201","bf49288950314e060ef41cf473a90eae6a5103af307b695a4d41cced5e4306e4","939f6d53097cb48752318599becbbcf076a2637ce4722345176cb8890e17175b","4f3ee7386e050487af9f4776be18ed068af01968f2e1fece439318fe43d6c1b5","0.3.0","isolated_release_library/fastphylosig","d951ecee19c06f3a144ad76c5039302078747585bb3bf829e6f12db15f54775d","isolated_release_library/fastphylosig/libs/<platform>/fastphylosig","c46a5834babd455b546bc65c6549c42ba51e6b47f3c9f222919b7118a5af3280","1bd40080f1ea537b3c73c838dc98ff84940f1064f4e1c4dbfb2dd5063d999bdb","benchmarks/stage5/documentation_fix_release_20261001/fastphylosig_0.3.0.tar.gz","909b7ad27485dcc2d96a7bb1fc70b65b54e93245d75761aca406b9c52f06cbff","2.5.2",0.000603199005126953,1.10071334898643,"ok",TRUE,,"",
"20261001T112848Z","K_strong_n0050_r07","fastphylosig","K","phytools::phylosig","strong",0.95,50,7,50,50,0,,,20310984,25267914,20311646,"reference",2,FALSE,,TRUE,"Sys.time",1,"25173757686f0b950021f7f77a6d8a333f161697329c4878a78fbdd0d3e243ac","3782d4d048e8d445f4a24b952a3b8adc13a61505cfc3d97ab6557f4113d399ff","1114888774726c2a830b18575957fae11a3ed0fe1d18eff74c43d8669a1ff201","bf49288950314e060ef41cf473a90eae6a5103af307b695a4d41cced5e4306e4","939f6d53097cb48752318599becbbcf076a2637ce4722345176cb8890e17175b","4f3ee7386e050487af9f4776be18ed068af01968f2e1fece439318fe43d6c1b5","0.3.0","isolated_release_library/fastphylosig","d951ecee19c06f3a144ad76c5039302078747585bb3bf829e6f12db15f54775d","isolated_release_library/fastphylosig/libs/<platform>/fastphylosig","c46a5834babd455b546bc65c6549c42ba51e6b47f3c9f222919b7118a5af3280","1bd40080f1ea537b3c73c838dc98ff84940f1064f4e1c4dbfb2dd5063d999bdb","benchmarks/stage5/documentation_fix_release_20261001/fastphylosig_0.3.0.tar.gz","909b7ad27485dcc2d96a7bb1fc70b65b54e93245d75761aca406b9c52f06cbff","2.5.2",0.00420403480529785,1.10071334898644,"ok",TRUE,,"",
"20261001T112848Z","lambda_strong_n0050_r07","fastphylosig","lambda","phytools::phylosig","strong",0.95,50,7,50,50,0,,,20310984,25267914,20311648,"fastphylosig",1,FALSE,FALSE,TRUE,"Sys.time",1,"25173757686f0b950021f7f77a6d8a333f161697329c4878a78fbdd0d3e243ac","3782d4d048e8d445f4a24b952a3b8adc13a61505cfc3d97ab6557f4113d399ff","1114888774726c2a830b18575957fae11a3ed0fe1d18eff74c43d8669a1ff201","bf49288950314e060ef41cf473a90eae6a5103af307b695a4d41cced5e4306e4","939f6d53097cb48752318599becbbcf076a2637ce4722345176cb8890e17175b","4f3ee7386e050487af9f4776be18ed068af01968f2e1fece439318fe43d6c1b5","0.3.0","isolated_release_library/fastphylosig","d951ecee19c06f3a144ad76c5039302078747585bb3bf829e6f12db15f54775d","isolated_release_library/fastphylosig/libs/<platform>/fastphylosig","c46a5834babd455b546bc65c6549c42ba51e6b47f3c9f222919b7118a5af3280","1bd40080f1ea537b3c73c838dc98ff84940f1064f4e1c4dbfb2dd5063d999bdb","benchmarks/stage5/documentation_fix_release_20261001/fastphylosig_0.3.0.tar.gz","909b7ad27485dcc2d96a7bb1fc70b65b54e93245d75761aca406b9c52f06cbff","2.5.2",0.00434398651123047,0.967030868566539,"ok",TRUE,,"",
"20261001T112848Z","lambda_strong_n0050_r07","reference","lambda","phytools::phylosig","strong",0.95,50,7,50,50,0,50,50,20310984,25267914,20311648,"fastphylosig",2,FALSE,FALSE,TRUE,"Sys.time",1,"25173757686f0b950021f7f77a6d8a333f161697329c4878a78fbdd0d3e243ac","3782d4d048e8d445f4a24b952a3b8adc13a61505cfc3d97ab6557f4113d399ff","1114888774726c2a830b18575957fae11a3ed0fe1d18eff74c43d8669a1ff201","bf49288950314e060ef41cf473a90eae6a5103af307b695a4d41cced5e4306e4","939f6d53097cb48752318599becbbcf076a2637ce4722345176cb8890e17175b","4f3ee7386e050487af9f4776be18ed068af01968f2e1fece439318fe43d6c1b5","0.3.0","isolated_release_library/fastphylosig","d951ecee19c06f3a144ad76c5039302078747585bb3bf829e6f12db15f54775d","isolated_release_library/fastphylosig/libs/<platform>/fastphylosig","c46a5834babd455b546bc65c6549c42ba51e6b47f3c9f222919b7118a5af3280","1bd40080f1ea537b3c73c838dc98ff84940f1064f4e1c4dbfb2dd5063d999bdb","benchmarks/stage5/documentation_fix_release_20261001/fastphylosig_0.3.0.tar.gz","909b7ad27485dcc2d96a7bb1fc70b65b54e93245d75761aca406b9c52f06cbff","2.5.2",0.0304291248321533,0.967041598126497,"ok",TRUE,,"",
"20261001T112848Z","K_none_n0050_r08","fastphylosig","K","phytools::phylosig","none",0,50,8,50,50,0,,,20310994,25268914,20311726,"fastphylosig",1,FALSE,,TRUE,"Sys.time",1,"7efbcf81386a0d33ccb1dcfe2113d27a74e1b6030ab82fbe38dc327db96664a3","7c9b8d4a44f0c9d225748a25a99fe4bea754f65545e1d68f80c55da79eb6ad04","39b21fbadae5eb5f57f1acc484ab14c872de9f0a294feb6b31ec8c807a6e259a","39b21fbadae5eb5f57f1acc484ab14c872de9f0a294feb6b31ec8c807a6e259a","345d5b29edcf1a11cdd6bf5f30119a241f09b1bf3def42555ad4770c819ee999","e691d9ebd26101d63921d3b8b9990607061110a5462972758328448d7be24ebd","0.3.0","isolated_release_library/fastphylosig","d951ecee19c06f3a144ad76c5039302078747585bb3bf829e6f12db15f54775d","isolated_release_library/fastphylosig/libs/<platform>/fastphylosig","c46a5834babd455b546bc65c6549c42ba51e6b47f3c9f222919b7118a5af3280","1bd40080f1ea537b3c73c838dc98ff84940f1064f4e1c4dbfb2dd5063d999bdb","benchmarks/stage5/documentation_fix_release_20261001/fastphylosig_0.3.0.tar.gz","909b7ad27485dcc2d96a7bb1fc70b65b54e93245d75761aca406b9c52f06cbff","2.5.2",0.00382518768310547,0.102092809071191,"ok",TRUE,,"",
"20261001T112848Z","K_none_n0050_r08","reference","K","phytools::phylosig","none",0,50,8,50,50,0,50,50,20310994,25268914,20311726,"fastphylosig",2,FALSE,,TRUE,"Sys.time",1,"7efbcf81386a0d33ccb1dcfe2113d27a74e1b6030ab82fbe38dc327db96664a3","7c9b8d4a44f0c9d225748a25a99fe4bea754f65545e1d68f80c55da79eb6ad04","39b21fbadae5eb5f57f1acc484ab14c872de9f0a294feb6b31ec8c807a6e259a","39b21fbadae5eb5f57f1acc484ab14c872de9f0a294feb6b31ec8c807a6e259a","345d5b29edcf1a11cdd6bf5f30119a241f09b1bf3def42555ad4770c819ee999","e691d9ebd26101d63921d3b8b9990607061110a5462972758328448d7be24ebd","0.3.0","isolated_release_library/fastphylosig","d951ecee19c06f3a144ad76c5039302078747585bb3bf829e6f12db15f54775d","isolated_release_library/fastphylosig/libs/<platform>/fastphylosig","c46a5834babd455b546bc65c6549c42ba51e6b47f3c9f222919b7118a5af3280","1bd40080f1ea537b3c73c838dc98ff84940f1064f4e1c4dbfb2dd5063d999bdb","benchmarks/stage5/documentation_fix_release_20261001/fastphylosig_0.3.0.tar.gz","909b7ad27485dcc2d96a7bb1fc70b65b54e93245d75761aca406b9c52f06cbff","2.5.2",0.00056910514831543,0.10209280907119,"ok",TRUE,,"",
"20261001T112848Z","lambda_none_n0050_r08","reference","lambda","phytools::phylosig","none",0,50,8,50,50,0,50,50,20310994,25268914,20311728,"reference",1,FALSE,FALSE,TRUE,"Sys.time",1,"7efbcf81386a0d33ccb1dcfe2113d27a74e1b6030ab82fbe38dc327db96664a3","7c9b8d4a44f0c9d225748a25a99fe4bea754f65545e1d68f80c55da79eb6ad04","39b21fbadae5eb5f57f1acc484ab14c872de9f0a294feb6b31ec8c807a6e259a","39b21fbadae5eb5f57f1acc484ab14c872de9f0a294feb6b31ec8c807a6e259a","345d5b29edcf1a11cdd6bf5f30119a241f09b1bf3def42555ad4770c819ee999","e691d9ebd26101d63921d3b8b9990607061110a5462972758328448d7be24ebd","0.3.0","isolated_release_library/fastphylosig","d951ecee19c06f3a144ad76c5039302078747585bb3bf829e6f12db15f54775d","isolated_release_library/fastphylosig/libs/<platform>/fastphylosig","c46a5834babd455b546bc65c6549c42ba51e6b47f3c9f222919b7118a5af3280","1bd40080f1ea537b3c73c838dc98ff84940f1064f4e1c4dbfb2dd5063d999bdb","benchmarks/stage5/documentation_fix_release_20261001/fastphylosig_0.3.0.tar.gz","909b7ad27485dcc2d96a7bb1fc70b65b54e93245d75761aca406b9c52f06cbff","2.5.2",0.0275321006774902,7.33137435857406e-05,"ok",TRUE,,"",
"20261001T112848Z","lambda_none_n0050_r08","fastphylosig","lambda","phytools::phylosig","none",0,50,8,50,50,0,,,20310994,25268914,20311728,"reference",2,FALSE,FALSE,TRUE,"Sys.time",1,"7efbcf81386a0d33ccb1dcfe2113d27a74e1b6030ab82fbe38dc327db96664a3","7c9b8d4a44f0c9d225748a25a99fe4bea754f65545e1d68f80c55da79eb6ad04","39b21fbadae5eb5f57f1acc484ab14c872de9f0a294feb6b31ec8c807a6e259a","39b21fbadae5eb5f57f1acc484ab14c872de9f0a294feb6b31ec8c807a6e259a","345d5b29edcf1a11cdd6bf5f30119a241f09b1bf3def42555ad4770c819ee999","e691d9ebd26101d63921d3b8b9990607061110a5462972758328448d7be24ebd","0.3.0","isolated_release_library/fastphylosig","d951ecee19c06f3a144ad76c5039302078747585bb3bf829e6f12db15f54775d","isolated_release_library/fastphylosig/libs/<platform>/fastphylosig","c46a5834babd455b546bc65c6549c42ba51e6b47f3c9f222919b7118a5af3280","1bd40080f1ea537b3c73c838dc98ff84940f1064f4e1c4dbfb2dd5063d999bdb","benchmarks/stage5/documentation_fix_release_20261001/fastphylosig_0.3.0.tar.gz","909b7ad27485dcc2d96a7bb1fc70b65b54e93245d75761aca406b9c52f06cbff","2.5.2",0.00481796264648438,6.6106961351896e-05,"ok",TRUE,,"",
"20261001T112848Z","K_moderate_n0050_r08","reference","K","phytools::phylosig","moderate",0.5,50,8,50,50,0,50,50,20310994,25268914,20311736,"reference",1,FALSE,,TRUE,"Sys.time",1,"7efbcf81386a0d33ccb1dcfe2113d27a74e1b6030ab82fbe38dc327db96664a3","7c9b8d4a44f0c9d225748a25a99fe4bea754f65545e1d68f80c55da79eb6ad04","39b21fbadae5eb5f57f1acc484ab14c872de9f0a294feb6b31ec8c807a6e259a","a05272fa901be07146503faf16757627ce5c09b7bec874de16321210d5ca1fd5","56fd776b1caa8c41b6934d46cb5bcb1d22d93a4a7261e1cafea9e4fecdb41633","e691d9ebd26101d63921d3b8b9990607061110a5462972758328448d7be24ebd","0.3.0","isolated_release_library/fastphylosig","d951ecee19c06f3a144ad76c5039302078747585bb3bf829e6f12db15f54775d","isolated_release_library/fastphylosig/libs/<platform>/fastphylosig","c46a5834babd455b546bc65c6549c42ba51e6b47f3c9f222919b7118a5af3280","1bd40080f1ea537b3c73c838dc98ff84940f1064f4e1c4dbfb2dd5063d999bdb","benchmarks/stage5/documentation_fix_release_20261001/fastphylosig_0.3.0.tar.gz","909b7ad27485dcc2d96a7bb1fc70b65b54e93245d75761aca406b9c52f06cbff","2.5.2",0.000747919082641602,0.152827720254022,"ok",TRUE,,"",
"20261001T112848Z","K_moderate_n0050_r08","fastphylosig","K","phytools::phylosig","moderate",0.5,50,8,50,50,0,,,20310994,25268914,20311736,"reference",2,FALSE,,TRUE,"Sys.time",1,"7efbcf81386a0d33ccb1dcfe2113d27a74e1b6030ab82fbe38dc327db96664a3","7c9b8d4a44f0c9d225748a25a99fe4bea754f65545e1d68f80c55da79eb6ad04","39b21fbadae5eb5f57f1acc484ab14c872de9f0a294feb6b31ec8c807a6e259a","a05272fa901be07146503faf16757627ce5c09b7bec874de16321210d5ca1fd5","56fd776b1caa8c41b6934d46cb5bcb1d22d93a4a7261e1cafea9e4fecdb41633","e691d9ebd26101d63921d3b8b9990607061110a5462972758328448d7be24ebd","0.3.0","isolated_release_library/fastphylosig","d951ecee19c06f3a144ad76c5039302078747585bb3bf829e6f12db15f54775d","isolated_release_library/fastphylosig/libs/<platform>/fastphylosig","c46a5834babd455b546bc65c6549c42ba51e6b47f3c9f222919b7118a5af3280","1bd40080f1ea537b3c73c838dc98ff84940f1064f4e1c4dbfb2dd5063d999bdb","benchmarks/stage5/documentation_fix_release_20261001/fastphylosig_0.3.0.tar.gz","909b7ad27485dcc2d96a7bb1fc70b65b54e93245d75761aca406b9c52f06cbff","2.5.2",0.00408411026000977,0.152827720254022,"ok",TRUE,,"",
"20261001T112848Z","lambda_moderate_n0050_r08","fastphylosig","lambda","phytools::phylosig","moderate",0.5,50,8,50,50,0,,,20310994,25268914,20311738,"fastphylosig",1,FALSE,FALSE,TRUE,"Sys.time",1,"7efbcf81386a0d33ccb1dcfe2113d27a74e1b6030ab82fbe38dc327db96664a3","7c9b8d4a44f0c9d225748a25a99fe4bea754f65545e1d68f80c55da79eb6ad04","39b21fbadae5eb5f57f1acc484ab14c872de9f0a294feb6b31ec8c807a6e259a","a05272fa901be07146503faf16757627ce5c09b7bec874de16321210d5ca1fd5","56fd776b1caa8c41b6934d46cb5bcb1d22d93a4a7261e1cafea9e4fecdb41633","e691d9ebd26101d63921d3b8b9990607061110a5462972758328448d7be24ebd","0.3.0","isolated_release_library/fastphylosig","d951ecee19c06f3a144ad76c5039302078747585bb3bf829e6f12db15f54775d","isolated_release_library/fastphylosig/libs/<platform>/fastphylosig","c46a5834babd455b546bc65c6549c42ba51e6b47f3c9f222919b7118a5af3280","1bd40080f1ea537b3c73c838dc98ff84940f1064f4e1c4dbfb2dd5063d999bdb","benchmarks/stage5/documentation_fix_release_20261001/fastphylosig_0.3.0.tar.gz","909b7ad27485dcc2d96a7bb1fc70b65b54e93245d75761aca406b9c52f06cbff","2.5.2",0.00458288192749023,6.6106961351896e-05,"ok",TRUE,,"",
"20261001T112848Z","lambda_moderate_n0050_r08","reference","lambda","phytools::phylosig","moderate",0.5,50,8,50,50,0,50,50,20310994,25268914,20311738,"fastphylosig",2,FALSE,FALSE,TRUE,"Sys.time",1,"7efbcf81386a0d33ccb1dcfe2113d27a74e1b6030ab82fbe38dc327db96664a3","7c9b8d4a44f0c9d225748a25a99fe4bea754f65545e1d68f80c55da79eb6ad04","39b21fbadae5eb5f57f1acc484ab14c872de9f0a294feb6b31ec8c807a6e259a","a05272fa901be07146503faf16757627ce5c09b7bec874de16321210d5ca1fd5","56fd776b1caa8c41b6934d46cb5bcb1d22d93a4a7261e1cafea9e4fecdb41633","e691d9ebd26101d63921d3b8b9990607061110a5462972758328448d7be24ebd","0.3.0","isolated_release_library/fastphylosig","d951ecee19c06f3a144ad76c5039302078747585bb3bf829e6f12db15f54775d","isolated_release_library/fastphylosig/libs/<platform>/fastphylosig","c46a5834babd455b546bc65c6549c42ba51e6b47f3c9f222919b7118a5af3280","1bd40080f1ea537b3c73c838dc98ff84940f1064f4e1c4dbfb2dd5063d999bdb","benchmarks/stage5/documentation_fix_release_20261001/fastphylosig_0.3.0.tar.gz","909b7ad27485dcc2d96a7bb1fc70b65b54e93245d75761aca406b9c52f06cbff","2.5.2",0.0278251171112061,7.33137435857406e-05,"ok",TRUE,,"",
"20261001T112848Z","K_strong_n0050_r08","fastphylosig","K","phytools::phylosig","strong",0.95,50,8,50,50,0,,,20310994,25268914,20311746,"fastphylosig",1,FALSE,,TRUE,"Sys.time",1,"7efbcf81386a0d33ccb1dcfe2113d27a74e1b6030ab82fbe38dc327db96664a3","7c9b8d4a44f0c9d225748a25a99fe4bea754f65545e1d68f80c55da79eb6ad04","39b21fbadae5eb5f57f1acc484ab14c872de9f0a294feb6b31ec8c807a6e259a","611dc185856dc24890660121a6dd743863fd4f0aba0cba8eab37069204f52f3b","f7fda0657081fcbd20702f544a200ed774a2129636743e550c5f02c338d38257","e691d9ebd26101d63921d3b8b9990607061110a5462972758328448d7be24ebd","0.3.0","isolated_release_library/fastphylosig","d951ecee19c06f3a144ad76c5039302078747585bb3bf829e6f12db15f54775d","isolated_release_library/fastphylosig/libs/<platform>/fastphylosig","c46a5834babd455b546bc65c6549c42ba51e6b47f3c9f222919b7118a5af3280","1bd40080f1ea537b3c73c838dc98ff84940f1064f4e1c4dbfb2dd5063d999bdb","benchmarks/stage5/documentation_fix_release_20261001/fastphylosig_0.3.0.tar.gz","909b7ad27485dcc2d96a7bb1fc70b65b54e93245d75761aca406b9c52f06cbff","2.5.2",0.00415492057800293,0.449813823091167,"ok",TRUE,,"",
"20261001T112848Z","K_strong_n0050_r08","reference","K","phytools::phylosig","strong",0.95,50,8,50,50,0,50,50,20310994,25268914,20311746,"fastphylosig",2,FALSE,,TRUE,"Sys.time",1,"7efbcf81386a0d33ccb1dcfe2113d27a74e1b6030ab82fbe38dc327db96664a3","7c9b8d4a44f0c9d225748a25a99fe4bea754f65545e1d68f80c55da79eb6ad04","39b21fbadae5eb5f57f1acc484ab14c872de9f0a294feb6b31ec8c807a6e259a","611dc185856dc24890660121a6dd743863fd4f0aba0cba8eab37069204f52f3b","f7fda0657081fcbd20702f544a200ed774a2129636743e550c5f02c338d38257","e691d9ebd26101d63921d3b8b9990607061110a5462972758328448d7be24ebd","0.3.0","isolated_release_library/fastphylosig","d951ecee19c06f3a144ad76c5039302078747585bb3bf829e6f12db15f54775d","isolated_release_library/fastphylosig/libs/<platform>/fastphylosig","c46a5834babd455b546bc65c6549c42ba51e6b47f3c9f222919b7118a5af3280","1bd40080f1ea537b3c73c838dc98ff84940f1064f4e1c4dbfb2dd5063d999bdb","benchmarks/stage5/documentation_fix_release_20261001/fastphylosig_0.3.0.tar.gz","909b7ad27485dcc2d96a7bb1fc70b65b54e93245d75761aca406b9c52f06cbff","2.5.2",0.000559806823730469,0.449813823091168,"ok",TRUE,,"",
"20261001T112848Z","lambda_strong_n0050_r08","reference","lambda","phytools::phylosig","strong",0.95,50,8,50,50,0,50,50,20310994,25268914,20311748,"reference",1,FALSE,FALSE,TRUE,"Sys.time",1,"7efbcf81386a0d33ccb1dcfe2113d27a74e1b6030ab82fbe38dc327db96664a3","7c9b8d4a44f0c9d225748a25a99fe4bea754f65545e1d68f80c55da79eb6ad04","39b21fbadae5eb5f57f1acc484ab14c872de9f0a294feb6b31ec8c807a6e259a","611dc185856dc24890660121a6dd743863fd4f0aba0cba8eab37069204f52f3b","f7fda0657081fcbd20702f544a200ed774a2129636743e550c5f02c338d38257","e691d9ebd26101d63921d3b8b9990607061110a5462972758328448d7be24ebd","0.3.0","isolated_release_library/fastphylosig","d951ecee19c06f3a144ad76c5039302078747585bb3bf829e6f12db15f54775d","isolated_release_library/fastphylosig/libs/<platform>/fastphylosig","c46a5834babd455b546bc65c6549c42ba51e6b47f3c9f222919b7118a5af3280","1bd40080f1ea537b3c73c838dc98ff84940f1064f4e1c4dbfb2dd5063d999bdb","benchmarks/stage5/documentation_fix_release_20261001/fastphylosig_0.3.0.tar.gz","909b7ad27485dcc2d96a7bb1fc70b65b54e93245d75761aca406b9c52f06cbff","2.5.2",0.0266151428222656,0.878522468749986,"ok",TRUE,,"",
"20261001T112848Z","lambda_strong_n0050_r08","fastphylosig","lambda","phytools::phylosig","strong",0.95,50,8,50,50,0,,,20310994,25268914,20311748,"reference",2,FALSE,FALSE,TRUE,"Sys.time",1,"7efbcf81386a0d33ccb1dcfe2113d27a74e1b6030ab82fbe38dc327db96664a3","7c9b8d4a44f0c9d225748a25a99fe4bea754f65545e1d68f80c55da79eb6ad04","39b21fbadae5eb5f57f1acc484ab14c872de9f0a294feb6b31ec8c807a6e259a","611dc185856dc24890660121a6dd743863fd4f0aba0cba8eab37069204f52f3b","f7fda0657081fcbd20702f544a200ed774a2129636743e550c5f02c338d38257","e691d9ebd26101d63921d3b8b9990607061110a5462972758328448d7be24ebd","0.3.0","isolated_release_library/fastphylosig","d951ecee19c06f3a144ad76c5039302078747585bb3bf829e6f12db15f54775d","isolated_release_library/fastphylosig/libs/<platform>/fastphylosig","c46a5834babd455b546bc65c6549c42ba51e6b47f3c9f222919b7118a5af3280","1bd40080f1ea537b3c73c838dc98ff84940f1064f4e1c4dbfb2dd5063d999bdb","benchmarks/stage5/documentation_fix_release_20261001/fastphylosig_0.3.0.tar.gz","909b7ad27485dcc2d96a7bb1fc70b65b54e93245d75761aca406b9c52f06cbff","2.5.2",0.00457406044006348,0.878523674936946,"ok",TRUE,,"",
"20261001T112848Z","K_none_n0050_r09","reference","K","phytools::phylosig","none",0,50,9,50,50,0,50,50,20311004,25269914,20311826,"reference",1,FALSE,,TRUE,"Sys.time",1,"5765c565218e375bef196a01d3e856ea49257be08eeb41fe83299db6d58c04f2","cc3af010728bd2b9bb668dd889e717566d4ac3968ff840acd80ffdd971a4b697","936dcba7a8ef1a082694e3ac5c5a584eff023a25eefb06314407d3dd4a11fdb0","936dcba7a8ef1a082694e3ac5c5a584eff023a25eefb06314407d3dd4a11fdb0","f5077482d05589a73030338564fdbf155e93938f96479890f32b03736e46fe81","51e4c19795792b01f52879263358c17eb5e056b28f51334ab3b33c564ee06f21","0.3.0","isolated_release_library/fastphylosig","d951ecee19c06f3a144ad76c5039302078747585bb3bf829e6f12db15f54775d","isolated_release_library/fastphylosig/libs/<platform>/fastphylosig","c46a5834babd455b546bc65c6549c42ba51e6b47f3c9f222919b7118a5af3280","1bd40080f1ea537b3c73c838dc98ff84940f1064f4e1c4dbfb2dd5063d999bdb","benchmarks/stage5/documentation_fix_release_20261001/fastphylosig_0.3.0.tar.gz","909b7ad27485dcc2d96a7bb1fc70b65b54e93245d75761aca406b9c52f06cbff","2.5.2",0.000530004501342773,0.176601905929995,"ok",TRUE,,"",
"20261001T112848Z","K_none_n0050_r09","fastphylosig","K","phytools::phylosig","none",0,50,9,50,50,0,,,20311004,25269914,20311826,"reference",2,FALSE,,TRUE,"Sys.time",1,"5765c565218e375bef196a01d3e856ea49257be08eeb41fe83299db6d58c04f2","cc3af010728bd2b9bb668dd889e717566d4ac3968ff840acd80ffdd971a4b697","936dcba7a8ef1a082694e3ac5c5a584eff023a25eefb06314407d3dd4a11fdb0","936dcba7a8ef1a082694e3ac5c5a584eff023a25eefb06314407d3dd4a11fdb0","f5077482d05589a73030338564fdbf155e93938f96479890f32b03736e46fe81","51e4c19795792b01f52879263358c17eb5e056b28f51334ab3b33c564ee06f21","0.3.0","isolated_release_library/fastphylosig","d951ecee19c06f3a144ad76c5039302078747585bb3bf829e6f12db15f54775d","isolated_release_library/fastphylosig/libs/<platform>/fastphylosig","c46a5834babd455b546bc65c6549c42ba51e6b47f3c9f222919b7118a5af3280","1bd40080f1ea537b3c73c838dc98ff84940f1064f4e1c4dbfb2dd5063d999bdb","benchmarks/stage5/documentation_fix_release_20261001/fastphylosig_0.3.0.tar.gz","909b7ad27485dcc2d96a7bb1fc70b65b54e93245d75761aca406b9c52f06cbff","2.5.2",0.00400805473327637,0.176601905929995,"ok",TRUE,,"",
"20261001T112848Z","lambda_none_n0050_r09","fastphylosig","lambda","phytools::phylosig","none",0,50,9,50,50,0,,,20311004,25269914,20311828,"fastphylosig",1,FALSE,FALSE,TRUE,"Sys.time",1,"5765c565218e375bef196a01d3e856ea49257be08eeb41fe83299db6d58c04f2","cc3af010728bd2b9bb668dd889e717566d4ac3968ff840acd80ffdd971a4b697","936dcba7a8ef1a082694e3ac5c5a584eff023a25eefb06314407d3dd4a11fdb0","936dcba7a8ef1a082694e3ac5c5a584eff023a25eefb06314407d3dd4a11fdb0","f5077482d05589a73030338564fdbf155e93938f96479890f32b03736e46fe81","51e4c19795792b01f52879263358c17eb5e056b28f51334ab3b33c564ee06f21","0.3.0","isolated_release_library/fastphylosig","d951ecee19c06f3a144ad76c5039302078747585bb3bf829e6f12db15f54775d","isolated_release_library/fastphylosig/libs/<platform>/fastphylosig","c46a5834babd455b546bc65c6549c42ba51e6b47f3c9f222919b7118a5af3280","1bd40080f1ea537b3c73c838dc98ff84940f1064f4e1c4dbfb2dd5063d999bdb","benchmarks/stage5/documentation_fix_release_20261001/fastphylosig_0.3.0.tar.gz","909b7ad27485dcc2d96a7bb1fc70b65b54e93245d75761aca406b9c52f06cbff","2.5.2",0.00432109832763672,6.6106961351896e-05,"ok",TRUE,,"",
"20261001T112848Z","lambda_none_n0050_r09","reference","lambda","phytools::phylosig","none",0,50,9,50,50,0,50,50,20311004,25269914,20311828,"fastphylosig",2,FALSE,FALSE,TRUE,"Sys.time",1,"5765c565218e375bef196a01d3e856ea49257be08eeb41fe83299db6d58c04f2","cc3af010728bd2b9bb668dd889e717566d4ac3968ff840acd80ffdd971a4b697","936dcba7a8ef1a082694e3ac5c5a584eff023a25eefb06314407d3dd4a11fdb0","936dcba7a8ef1a082694e3ac5c5a584eff023a25eefb06314407d3dd4a11fdb0","f5077482d05589a73030338564fdbf155e93938f96479890f32b03736e46fe81","51e4c19795792b01f52879263358c17eb5e056b28f51334ab3b33c564ee06f21","0.3.0","isolated_release_library/fastphylosig","d951ecee19c06f3a144ad76c5039302078747585bb3bf829e6f12db15f54775d","isolated_release_library/fastphylosig/libs/<platform>/fastphylosig","c46a5834babd455b546bc65c6549c42ba51e6b47f3c9f222919b7118a5af3280","1bd40080f1ea537b3c73c838dc98ff84940f1064f4e1c4dbfb2dd5063d999bdb","benchmarks/stage5/documentation_fix_release_20261001/fastphylosig_0.3.0.tar.gz","909b7ad27485dcc2d96a7bb1fc70b65b54e93245d75761aca406b9c52f06cbff","2.5.2",0.0303530693054199,7.33137435857406e-05,"ok",TRUE,,"",
"20261001T112848Z","K_moderate_n0050_r09","fastphylosig","K","phytools::phylosig","moderate",0.5,50,9,50,50,0,,,20311004,25269914,20311836,"fastphylosig",1,FALSE,,TRUE,"Sys.time",1,"5765c565218e375bef196a01d3e856ea49257be08eeb41fe83299db6d58c04f2","cc3af010728bd2b9bb668dd889e717566d4ac3968ff840acd80ffdd971a4b697","936dcba7a8ef1a082694e3ac5c5a584eff023a25eefb06314407d3dd4a11fdb0","971862af8f032059ca2d5df8c44053247e32e41718f48a05ff4f4c04d17d31d1","62db6a94489f019bd0545d34f673d9787104e7e8b402446c192ef456323f6dd7","51e4c19795792b01f52879263358c17eb5e056b28f51334ab3b33c564ee06f21","0.3.0","isolated_release_library/fastphylosig","d951ecee19c06f3a144ad76c5039302078747585bb3bf829e6f12db15f54775d","isolated_release_library/fastphylosig/libs/<platform>/fastphylosig","c46a5834babd455b546bc65c6549c42ba51e6b47f3c9f222919b7118a5af3280","1bd40080f1ea537b3c73c838dc98ff84940f1064f4e1c4dbfb2dd5063d999bdb","benchmarks/stage5/documentation_fix_release_20261001/fastphylosig_0.3.0.tar.gz","909b7ad27485dcc2d96a7bb1fc70b65b54e93245d75761aca406b9c52f06cbff","2.5.2",0.00464200973510742,0.35571333395537,"ok",TRUE,,"",
"20261001T112848Z","K_moderate_n0050_r09","reference","K","phytools::phylosig","moderate",0.5,50,9,50,50,0,50,50,20311004,25269914,20311836,"fastphylosig",2,FALSE,,TRUE,"Sys.time",1,"5765c565218e375bef196a01d3e856ea49257be08eeb41fe83299db6d58c04f2","cc3af010728bd2b9bb668dd889e717566d4ac3968ff840acd80ffdd971a4b697","936dcba7a8ef1a082694e3ac5c5a584eff023a25eefb06314407d3dd4a11fdb0","971862af8f032059ca2d5df8c44053247e32e41718f48a05ff4f4c04d17d31d1","62db6a94489f019bd0545d34f673d9787104e7e8b402446c192ef456323f6dd7","51e4c19795792b01f52879263358c17eb5e056b28f51334ab3b33c564ee06f21","0.3.0","isolated_release_library/fastphylosig","d951ecee19c06f3a144ad76c5039302078747585bb3bf829e6f12db15f54775d","isolated_release_library/fastphylosig/libs/<platform>/fastphylosig","c46a5834babd455b546bc65c6549c42ba51e6b47f3c9f222919b7118a5af3280","1bd40080f1ea537b3c73c838dc98ff84940f1064f4e1c4dbfb2dd5063d999bdb","benchmarks/stage5/documentation_fix_release_20261001/fastphylosig_0.3.0.tar.gz","909b7ad27485dcc2d96a7bb1fc70b65b54e93245d75761aca406b9c52f06cbff","2.5.2",0.000711202621459961,0.355713333955369,"ok",TRUE,,"",
"20261001T112848Z","lambda_moderate_n0050_r09","reference","lambda","phytools::phylosig","moderate",0.5,50,9,50,50,0,50,50,20311004,25269914,20311838,"reference",1,FALSE,FALSE,TRUE,"Sys.time",1,"5765c565218e375bef196a01d3e856ea49257be08eeb41fe83299db6d58c04f2","cc3af010728bd2b9bb668dd889e717566d4ac3968ff840acd80ffdd971a4b697","936dcba7a8ef1a082694e3ac5c5a584eff023a25eefb06314407d3dd4a11fdb0","971862af8f032059ca2d5df8c44053247e32e41718f48a05ff4f4c04d17d31d1","62db6a94489f019bd0545d34f673d9787104e7e8b402446c192ef456323f6dd7","51e4c19795792b01f52879263358c17eb5e056b28f51334ab3b33c564ee06f21","0.3.0","isolated_release_library/fastphylosig","d951ecee19c06f3a144ad76c5039302078747585bb3bf829e6f12db15f54775d","isolated_release_library/fastphylosig/libs/<platform>/fastphylosig","c46a5834babd455b546bc65c6549c42ba51e6b47f3c9f222919b7118a5af3280","1bd40080f1ea537b3c73c838dc98ff84940f1064f4e1c4dbfb2dd5063d999bdb","benchmarks/stage5/documentation_fix_release_20261001/fastphylosig_0.3.0.tar.gz","909b7ad27485dcc2d96a7bb1fc70b65b54e93245d75761aca406b9c52f06cbff","2.5.2",0.0357241630554199,0.443221507804684,"ok",TRUE,,"",
"20261001T112848Z","lambda_moderate_n0050_r09","fastphylosig","lambda","phytools::phylosig","moderate",0.5,50,9,50,50,0,,,20311004,25269914,20311838,"reference",2,FALSE,FALSE,TRUE,"Sys.time",1,"5765c565218e375bef196a01d3e856ea49257be08eeb41fe83299db6d58c04f2","cc3af010728bd2b9bb668dd889e717566d4ac3968ff840acd80ffdd971a4b697","936dcba7a8ef1a082694e3ac5c5a584eff023a25eefb06314407d3dd4a11fdb0","971862af8f032059ca2d5df8c44053247e32e41718f48a05ff4f4c04d17d31d1","62db6a94489f019bd0545d34f673d9787104e7e8b402446c192ef456323f6dd7","51e4c19795792b01f52879263358c17eb5e056b28f51334ab3b33c564ee06f21","0.3.0","isolated_release_library/fastphylosig","d951ecee19c06f3a144ad76c5039302078747585bb3bf829e6f12db15f54775d","isolated_release_library/fastphylosig/libs/<platform>/fastphylosig","c46a5834babd455b546bc65c6549c42ba51e6b47f3c9f222919b7118a5af3280","1bd40080f1ea537b3c73c838dc98ff84940f1064f4e1c4dbfb2dd5063d999bdb","benchmarks/stage5/documentation_fix_release_20261001/fastphylosig_0.3.0.tar.gz","909b7ad27485dcc2d96a7bb1fc70b65b54e93245d75761aca406b9c52f06cbff","2.5.2",0.00393509864807129,0.44322213900651,"ok",TRUE,,"",
"20261001T112848Z","K_strong_n0050_r09","reference","K","phytools::phylosig","strong",0.95,50,9,50,50,0,50,50,20311004,25269914,20311846,"reference",1,FALSE,,TRUE,"Sys.time",1,"5765c565218e375bef196a01d3e856ea49257be08eeb41fe83299db6d58c04f2","cc3af010728bd2b9bb668dd889e717566d4ac3968ff840acd80ffdd971a4b697","936dcba7a8ef1a082694e3ac5c5a584eff023a25eefb06314407d3dd4a11fdb0","6c1b69557e992d1754b2538e559ad3a7f6ad60f8c7f7a1a3b73dfe218982e8c9","981e1531f92710bf2bd4bd856c781297f89f2ea34da2de75d1e2a80384c15f4e","51e4c19795792b01f52879263358c17eb5e056b28f51334ab3b33c564ee06f21","0.3.0","isolated_release_library/fastphylosig","d951ecee19c06f3a144ad76c5039302078747585bb3bf829e6f12db15f54775d","isolated_release_library/fastphylosig/libs/<platform>/fastphylosig","c46a5834babd455b546bc65c6549c42ba51e6b47f3c9f222919b7118a5af3280","1bd40080f1ea537b3c73c838dc98ff84940f1064f4e1c4dbfb2dd5063d999bdb","benchmarks/stage5/documentation_fix_release_20261001/fastphylosig_0.3.0.tar.gz","909b7ad27485dcc2d96a7bb1fc70b65b54e93245d75761aca406b9c52f06cbff","2.5.2",0.000559091567993164,0.997232268900233,"ok",TRUE,,"",
"20261001T112848Z","K_strong_n0050_r09","fastphylosig","K","phytools::phylosig","strong",0.95,50,9,50,50,0,,,20311004,25269914,20311846,"reference",2,FALSE,,TRUE,"Sys.time",1,"5765c565218e375bef196a01d3e856ea49257be08eeb41fe83299db6d58c04f2","cc3af010728bd2b9bb668dd889e717566d4ac3968ff840acd80ffdd971a4b697","936dcba7a8ef1a082694e3ac5c5a584eff023a25eefb06314407d3dd4a11fdb0","6c1b69557e992d1754b2538e559ad3a7f6ad60f8c7f7a1a3b73dfe218982e8c9","981e1531f92710bf2bd4bd856c781297f89f2ea34da2de75d1e2a80384c15f4e","51e4c19795792b01f52879263358c17eb5e056b28f51334ab3b33c564ee06f21","0.3.0","isolated_release_library/fastphylosig","d951ecee19c06f3a144ad76c5039302078747585bb3bf829e6f12db15f54775d","isolated_release_library/fastphylosig/libs/<platform>/fastphylosig","c46a5834babd455b546bc65c6549c42ba51e6b47f3c9f222919b7118a5af3280","1bd40080f1ea537b3c73c838dc98ff84940f1064f4e1c4dbfb2dd5063d999bdb","benchmarks/stage5/documentation_fix_release_20261001/fastphylosig_0.3.0.tar.gz","909b7ad27485dcc2d96a7bb1fc70b65b54e93245d75761aca406b9c52f06cbff","2.5.2",0.00380897521972656,0.997232268900238,"ok",TRUE,,"",
"20261001T112848Z","lambda_strong_n0050_r09","fastphylosig","lambda","phytools::phylosig","strong",0.95,50,9,50,50,0,,,20311004,25269914,20311848,"fastphylosig",1,FALSE,FALSE,TRUE,"Sys.time",1,"5765c565218e375bef196a01d3e856ea49257be08eeb41fe83299db6d58c04f2","cc3af010728bd2b9bb668dd889e717566d4ac3968ff840acd80ffdd971a4b697","936dcba7a8ef1a082694e3ac5c5a584eff023a25eefb06314407d3dd4a11fdb0","6c1b69557e992d1754b2538e559ad3a7f6ad60f8c7f7a1a3b73dfe218982e8c9","981e1531f92710bf2bd4bd856c781297f89f2ea34da2de75d1e2a80384c15f4e","51e4c19795792b01f52879263358c17eb5e056b28f51334ab3b33c564ee06f21","0.3.0","isolated_release_library/fastphylosig","d951ecee19c06f3a144ad76c5039302078747585bb3bf829e6f12db15f54775d","isolated_release_library/fastphylosig/libs/<platform>/fastphylosig","c46a5834babd455b546bc65c6549c42ba51e6b47f3c9f222919b7118a5af3280","1bd40080f1ea537b3c73c838dc98ff84940f1064f4e1c4dbfb2dd5063d999bdb","benchmarks/stage5/documentation_fix_release_20261001/fastphylosig_0.3.0.tar.gz","909b7ad27485dcc2d96a7bb1fc70b65b54e93245d75761aca406b9c52f06cbff","2.5.2",0.00442910194396973,0.919157706845037,"ok",TRUE,,"",
"20261001T112848Z","lambda_strong_n0050_r09","reference","lambda","phytools::phylosig","strong",0.95,50,9,50,50,0,50,50,20311004,25269914,20311848,"fastphylosig",2,FALSE,FALSE,TRUE,"Sys.time",1,"5765c565218e375bef196a01d3e856ea49257be08eeb41fe83299db6d58c04f2","cc3af010728bd2b9bb668dd889e717566d4ac3968ff840acd80ffdd971a4b697","936dcba7a8ef1a082694e3ac5c5a584eff023a25eefb06314407d3dd4a11fdb0","6c1b69557e992d1754b2538e559ad3a7f6ad60f8c7f7a1a3b73dfe218982e8c9","981e1531f92710bf2bd4bd856c781297f89f2ea34da2de75d1e2a80384c15f4e","51e4c19795792b01f52879263358c17eb5e056b28f51334ab3b33c564ee06f21","0.3.0","isolated_release_library/fastphylosig","d951ecee19c06f3a144ad76c5039302078747585bb3bf829e6f12db15f54775d","isolated_release_library/fastphylosig/libs/<platform>/fastphylosig","c46a5834babd455b546bc65c6549c42ba51e6b47f3c9f222919b7118a5af3280","1bd40080f1ea537b3c73c838dc98ff84940f1064f4e1c4dbfb2dd5063d999bdb","benchmarks/stage5/documentation_fix_release_20261001/fastphylosig_0.3.0.tar.gz","909b7ad27485dcc2d96a7bb1fc70b65b54e93245d75761aca406b9c52f06cbff","2.5.2",0.0276150703430176,0.919171387053209,"ok",TRUE,,"",
"20261001T112848Z","K_none_n0050_r10","fastphylosig","K","phytools::phylosig","none",0,50,10,50,50,0,,,20311014,25270914,20311926,"fastphylosig",1,FALSE,,TRUE,"Sys.time",1,"3d4dfde3944a8aed60390a009b53c95604d797080ac7b0d9e17f86fdd40e3c8e","4433a8c035e2d81ead5fa7d8cbf1598cf2b1ee8575f64c2e3850c8b5538a0504","662967aadf32e13ce45489c9c0d70cc8afea400f6675ee13b5dd523e722ac43d","662967aadf32e13ce45489c9c0d70cc8afea400f6675ee13b5dd523e722ac43d","801cca3bbfaadf399645e073df88f4c4fa8012e5b6cfa43f192104a139f8cc20","2d234005a0bc5c0f5eade9ce86f8614772f71d9352ea30e347c29762deac06c5","0.3.0","isolated_release_library/fastphylosig","d951ecee19c06f3a144ad76c5039302078747585bb3bf829e6f12db15f54775d","isolated_release_library/fastphylosig/libs/<platform>/fastphylosig","c46a5834babd455b546bc65c6549c42ba51e6b47f3c9f222919b7118a5af3280","1bd40080f1ea537b3c73c838dc98ff84940f1064f4e1c4dbfb2dd5063d999bdb","benchmarks/stage5/documentation_fix_release_20261001/fastphylosig_0.3.0.tar.gz","909b7ad27485dcc2d96a7bb1fc70b65b54e93245d75761aca406b9c52f06cbff","2.5.2",0.00405097007751465,0.287584721791228,"ok",TRUE,,"",
"20261001T112848Z","K_none_n0050_r10","reference","K","phytools::phylosig","none",0,50,10,50,50,0,50,50,20311014,25270914,20311926,"fastphylosig",2,FALSE,,TRUE,"Sys.time",1,"3d4dfde3944a8aed60390a009b53c95604d797080ac7b0d9e17f86fdd40e3c8e","4433a8c035e2d81ead5fa7d8cbf1598cf2b1ee8575f64c2e3850c8b5538a0504","662967aadf32e13ce45489c9c0d70cc8afea400f6675ee13b5dd523e722ac43d","662967aadf32e13ce45489c9c0d70cc8afea400f6675ee13b5dd523e722ac43d","801cca3bbfaadf399645e073df88f4c4fa8012e5b6cfa43f192104a139f8cc20","2d234005a0bc5c0f5eade9ce86f8614772f71d9352ea30e347c29762deac06c5","0.3.0","isolated_release_library/fastphylosig","d951ecee19c06f3a144ad76c5039302078747585bb3bf829e6f12db15f54775d","isolated_release_library/fastphylosig/libs/<platform>/fastphylosig","c46a5834babd455b546bc65c6549c42ba51e6b47f3c9f222919b7118a5af3280","1bd40080f1ea537b3c73c838dc98ff84940f1064f4e1c4dbfb2dd5063d999bdb","benchmarks/stage5/documentation_fix_release_20261001/fastphylosig_0.3.0.tar.gz","909b7ad27485dcc2d96a7bb1fc70b65b54e93245d75761aca406b9c52f06cbff","2.5.2",0.00067901611328125,0.287584721791228,"ok",TRUE,,"",
"20261001T112848Z","lambda_none_n0050_r10","reference","lambda","phytools::phylosig","none",0,50,10,50,50,0,50,50,20311014,25270914,20311928,"reference",1,FALSE,FALSE,TRUE,"Sys.time",1,"3d4dfde3944a8aed60390a009b53c95604d797080ac7b0d9e17f86fdd40e3c8e","4433a8c035e2d81ead5fa7d8cbf1598cf2b1ee8575f64c2e3850c8b5538a0504","662967aadf32e13ce45489c9c0d70cc8afea400f6675ee13b5dd523e722ac43d","662967aadf32e13ce45489c9c0d70cc8afea400f6675ee13b5dd523e722ac43d","801cca3bbfaadf399645e073df88f4c4fa8012e5b6cfa43f192104a139f8cc20","2d234005a0bc5c0f5eade9ce86f8614772f71d9352ea30e347c29762deac06c5","0.3.0","isolated_release_library/fastphylosig","d951ecee19c06f3a144ad76c5039302078747585bb3bf829e6f12db15f54775d","isolated_release_library/fastphylosig/libs/<platform>/fastphylosig","c46a5834babd455b546bc65c6549c42ba51e6b47f3c9f222919b7118a5af3280","1bd40080f1ea537b3c73c838dc98ff84940f1064f4e1c4dbfb2dd5063d999bdb","benchmarks/stage5/documentation_fix_release_20261001/fastphylosig_0.3.0.tar.gz","909b7ad27485dcc2d96a7bb1fc70b65b54e93245d75761aca406b9c52f06cbff","2.5.2",0.0393679141998291,7.33137435857406e-05,"ok",TRUE,,"",
"20261001T112848Z","lambda_none_n0050_r10","fastphylosig","lambda","phytools::phylosig","none",0,50,10,50,50,0,,,20311014,25270914,20311928,"reference",2,FALSE,FALSE,TRUE,"Sys.time",1,"3d4dfde3944a8aed60390a009b53c95604d797080ac7b0d9e17f86fdd40e3c8e","4433a8c035e2d81ead5fa7d8cbf1598cf2b1ee8575f64c2e3850c8b5538a0504","662967aadf32e13ce45489c9c0d70cc8afea400f6675ee13b5dd523e722ac43d","662967aadf32e13ce45489c9c0d70cc8afea400f6675ee13b5dd523e722ac43d","801cca3bbfaadf399645e073df88f4c4fa8012e5b6cfa43f192104a139f8cc20","2d234005a0bc5c0f5eade9ce86f8614772f71d9352ea30e347c29762deac06c5","0.3.0","isolated_release_library/fastphylosig","d951ecee19c06f3a144ad76c5039302078747585bb3bf829e6f12db15f54775d","isolated_release_library/fastphylosig/libs/<platform>/fastphylosig","c46a5834babd455b546bc65c6549c42ba51e6b47f3c9f222919b7118a5af3280","1bd40080f1ea537b3c73c838dc98ff84940f1064f4e1c4dbfb2dd5063d999bdb","benchmarks/stage5/documentation_fix_release_20261001/fastphylosig_0.3.0.tar.gz","909b7ad27485dcc2d96a7bb1fc70b65b54e93245d75761aca406b9c52f06cbff","2.5.2",0.00467300415039062,6.6106961351896e-05,"ok",TRUE,,"",
"20261001T112848Z","K_moderate_n0050_r10","reference","K","phytools::phylosig","moderate",0.5,50,10,50,50,0,50,50,20311014,25270914,20311936,"reference",1,FALSE,,TRUE,"Sys.time",1,"3d4dfde3944a8aed60390a009b53c95604d797080ac7b0d9e17f86fdd40e3c8e","4433a8c035e2d81ead5fa7d8cbf1598cf2b1ee8575f64c2e3850c8b5538a0504","662967aadf32e13ce45489c9c0d70cc8afea400f6675ee13b5dd523e722ac43d","c16172087053de8e678c3a2c968a3ef572d059cd0ec31ecb9f12b652a582cb3f","d7f2024f0f183e44f6f4629c8f826d79d2d4189828d036a1974ee37ee863d1a0","2d234005a0bc5c0f5eade9ce86f8614772f71d9352ea30e347c29762deac06c5","0.3.0","isolated_release_library/fastphylosig","d951ecee19c06f3a144ad76c5039302078747585bb3bf829e6f12db15f54775d","isolated_release_library/fastphylosig/libs/<platform>/fastphylosig","c46a5834babd455b546bc65c6549c42ba51e6b47f3c9f222919b7118a5af3280","1bd40080f1ea537b3c73c838dc98ff84940f1064f4e1c4dbfb2dd5063d999bdb","benchmarks/stage5/documentation_fix_release_20261001/fastphylosig_0.3.0.tar.gz","909b7ad27485dcc2d96a7bb1fc70b65b54e93245d75761aca406b9c52f06cbff","2.5.2",0.000683069229125977,0.438711465819179,"ok",TRUE,,"",
"20261001T112848Z","K_moderate_n0050_r10","fastphylosig","K","phytools::phylosig","moderate",0.5,50,10,50,50,0,,,20311014,25270914,20311936,"reference",2,FALSE,,TRUE,"Sys.time",1,"3d4dfde3944a8aed60390a009b53c95604d797080ac7b0d9e17f86fdd40e3c8e","4433a8c035e2d81ead5fa7d8cbf1598cf2b1ee8575f64c2e3850c8b5538a0504","662967aadf32e13ce45489c9c0d70cc8afea400f6675ee13b5dd523e722ac43d","c16172087053de8e678c3a2c968a3ef572d059cd0ec31ecb9f12b652a582cb3f","d7f2024f0f183e44f6f4629c8f826d79d2d4189828d036a1974ee37ee863d1a0","2d234005a0bc5c0f5eade9ce86f8614772f71d9352ea30e347c29762deac06c5","0.3.0","isolated_release_library/fastphylosig","d951ecee19c06f3a144ad76c5039302078747585bb3bf829e6f12db15f54775d","isolated_release_library/fastphylosig/libs/<platform>/fastphylosig","c46a5834babd455b546bc65c6549c42ba51e6b47f3c9f222919b7118a5af3280","1bd40080f1ea537b3c73c838dc98ff84940f1064f4e1c4dbfb2dd5063d999bdb","benchmarks/stage5/documentation_fix_release_20261001/fastphylosig_0.3.0.tar.gz","909b7ad27485dcc2d96a7bb1fc70b65b54e93245d75761aca406b9c52f06cbff","2.5.2",0.00402498245239258,0.438711465819179,"ok",TRUE,,"",
"20261001T112848Z","lambda_moderate_n0050_r10","fastphylosig","lambda","phytools::phylosig","moderate",0.5,50,10,50,50,0,,,20311014,25270914,20311938,"fastphylosig",1,FALSE,FALSE,TRUE,"Sys.time",1,"3d4dfde3944a8aed60390a009b53c95604d797080ac7b0d9e17f86fdd40e3c8e","4433a8c035e2d81ead5fa7d8cbf1598cf2b1ee8575f64c2e3850c8b5538a0504","662967aadf32e13ce45489c9c0d70cc8afea400f6675ee13b5dd523e722ac43d","c16172087053de8e678c3a2c968a3ef572d059cd0ec31ecb9f12b652a582cb3f","d7f2024f0f183e44f6f4629c8f826d79d2d4189828d036a1974ee37ee863d1a0","2d234005a0bc5c0f5eade9ce86f8614772f71d9352ea30e347c29762deac06c5","0.3.0","isolated_release_library/fastphylosig","d951ecee19c06f3a144ad76c5039302078747585bb3bf829e6f12db15f54775d","isolated_release_library/fastphylosig/libs/<platform>/fastphylosig","c46a5834babd455b546bc65c6549c42ba51e6b47f3c9f222919b7118a5af3280","1bd40080f1ea537b3c73c838dc98ff84940f1064f4e1c4dbfb2dd5063d999bdb","benchmarks/stage5/documentation_fix_release_20261001/fastphylosig_0.3.0.tar.gz","909b7ad27485dcc2d96a7bb1fc70b65b54e93245d75761aca406b9c52f06cbff","2.5.2",0.00441598892211914,0.679411189151213,"ok",TRUE,,"",
"20261001T112848Z","lambda_moderate_n0050_r10","reference","lambda","phytools::phylosig","moderate",0.5,50,10,50,50,0,50,50,20311014,25270914,20311938,"fastphylosig",2,FALSE,FALSE,TRUE,"Sys.time",1,"3d4dfde3944a8aed60390a009b53c95604d797080ac7b0d9e17f86fdd40e3c8e","4433a8c035e2d81ead5fa7d8cbf1598cf2b1ee8575f64c2e3850c8b5538a0504","662967aadf32e13ce45489c9c0d70cc8afea400f6675ee13b5dd523e722ac43d","c16172087053de8e678c3a2c968a3ef572d059cd0ec31ecb9f12b652a582cb3f","d7f2024f0f183e44f6f4629c8f826d79d2d4189828d036a1974ee37ee863d1a0","2d234005a0bc5c0f5eade9ce86f8614772f71d9352ea30e347c29762deac06c5","0.3.0","isolated_release_library/fastphylosig","d951ecee19c06f3a144ad76c5039302078747585bb3bf829e6f12db15f54775d","isolated_release_library/fastphylosig/libs/<platform>/fastphylosig","c46a5834babd455b546bc65c6549c42ba51e6b47f3c9f222919b7118a5af3280","1bd40080f1ea537b3c73c838dc98ff84940f1064f4e1c4dbfb2dd5063d999bdb","benchmarks/stage5/documentation_fix_release_20261001/fastphylosig_0.3.0.tar.gz","909b7ad27485dcc2d96a7bb1fc70b65b54e93245d75761aca406b9c52f06cbff","2.5.2",0.0262260437011719,0.679407650055572,"ok",TRUE,,"",
"20261001T112848Z","K_strong_n0050_r10","fastphylosig","K","phytools::phylosig","strong",0.95,50,10,50,50,0,,,20311014,25270914,20311946,"fastphylosig",1,FALSE,,TRUE,"Sys.time",1,"3d4dfde3944a8aed60390a009b53c95604d797080ac7b0d9e17f86fdd40e3c8e","4433a8c035e2d81ead5fa7d8cbf1598cf2b1ee8575f64c2e3850c8b5538a0504","662967aadf32e13ce45489c9c0d70cc8afea400f6675ee13b5dd523e722ac43d","17c149667fa5a8d0764ad241c2d25b7688cbf12bf13e901dac527c252b2cb34d","98febba302a245832c86e599e1182aea754602591a0f4b6c804bb3ca7827b8fd","2d234005a0bc5c0f5eade9ce86f8614772f71d9352ea30e347c29762deac06c5","0.3.0","isolated_release_library/fastphylosig","d951ecee19c06f3a144ad76c5039302078747585bb3bf829e6f12db15f54775d","isolated_release_library/fastphylosig/libs/<platform>/fastphylosig","c46a5834babd455b546bc65c6549c42ba51e6b47f3c9f222919b7118a5af3280","1bd40080f1ea537b3c73c838dc98ff84940f1064f4e1c4dbfb2dd5063d999bdb","benchmarks/stage5/documentation_fix_release_20261001/fastphylosig_0.3.0.tar.gz","909b7ad27485dcc2d96a7bb1fc70b65b54e93245d75761aca406b9c52f06cbff","2.5.2",0.00375080108642578,0.694152681141809,"ok",TRUE,,"",
"20261001T112848Z","K_strong_n0050_r10","reference","K","phytools::phylosig","strong",0.95,50,10,50,50,0,50,50,20311014,25270914,20311946,"fastphylosig",2,FALSE,,TRUE,"Sys.time",1,"3d4dfde3944a8aed60390a009b53c95604d797080ac7b0d9e17f86fdd40e3c8e","4433a8c035e2d81ead5fa7d8cbf1598cf2b1ee8575f64c2e3850c8b5538a0504","662967aadf32e13ce45489c9c0d70cc8afea400f6675ee13b5dd523e722ac43d","17c149667fa5a8d0764ad241c2d25b7688cbf12bf13e901dac527c252b2cb34d","98febba302a245832c86e599e1182aea754602591a0f4b6c804bb3ca7827b8fd","2d234005a0bc5c0f5eade9ce86f8614772f71d9352ea30e347c29762deac06c5","0.3.0","isolated_release_library/fastphylosig","d951ecee19c06f3a144ad76c5039302078747585bb3bf829e6f12db15f54775d","isolated_release_library/fastphylosig/libs/<platform>/fastphylosig","c46a5834babd455b546bc65c6549c42ba51e6b47f3c9f222919b7118a5af3280","1bd40080f1ea537b3c73c838dc98ff84940f1064f4e1c4dbfb2dd5063d999bdb","benchmarks/stage5/documentation_fix_release_20261001/fastphylosig_0.3.0.tar.gz","909b7ad27485dcc2d96a7bb1fc70b65b54e93245d75761aca406b9c52f06cbff","2.5.2",0.000674962997436523,0.69415268114181,"ok",TRUE,,"",
"20261001T112848Z","lambda_strong_n0050_r10","reference","lambda","phytools::phylosig","strong",0.95,50,10,50,50,0,50,50,20311014,25270914,20311948,"reference",1,FALSE,FALSE,TRUE,"Sys.time",1,"3d4dfde3944a8aed60390a009b53c95604d797080ac7b0d9e17f86fdd40e3c8e","4433a8c035e2d81ead5fa7d8cbf1598cf2b1ee8575f64c2e3850c8b5538a0504","662967aadf32e13ce45489c9c0d70cc8afea400f6675ee13b5dd523e722ac43d","17c149667fa5a8d0764ad241c2d25b7688cbf12bf13e901dac527c252b2cb34d","98febba302a245832c86e599e1182aea754602591a0f4b6c804bb3ca7827b8fd","2d234005a0bc5c0f5eade9ce86f8614772f71d9352ea30e347c29762deac06c5","0.3.0","isolated_release_library/fastphylosig","d951ecee19c06f3a144ad76c5039302078747585bb3bf829e6f12db15f54775d","isolated_release_library/fastphylosig/libs/<platform>/fastphylosig","c46a5834babd455b546bc65c6549c42ba51e6b47f3c9f222919b7118a5af3280","1bd40080f1ea537b3c73c838dc98ff84940f1064f4e1c4dbfb2dd5063d999bdb","benchmarks/stage5/documentation_fix_release_20261001/fastphylosig_0.3.0.tar.gz","909b7ad27485dcc2d96a7bb1fc70b65b54e93245d75761aca406b9c52f06cbff","2.5.2",0.0375628471374512,0.966556202793872,"ok",TRUE,,"",
"20261001T112848Z","lambda_strong_n0050_r10","fastphylosig","lambda","phytools::phylosig","strong",0.95,50,10,50,50,0,,,20311014,25270914,20311948,"reference",2,FALSE,FALSE,TRUE,"Sys.time",1,"3d4dfde3944a8aed60390a009b53c95604d797080ac7b0d9e17f86fdd40e3c8e","4433a8c035e2d81ead5fa7d8cbf1598cf2b1ee8575f64c2e3850c8b5538a0504","662967aadf32e13ce45489c9c0d70cc8afea400f6675ee13b5dd523e722ac43d","17c149667fa5a8d0764ad241c2d25b7688cbf12bf13e901dac527c252b2cb34d","98febba302a245832c86e599e1182aea754602591a0f4b6c804bb3ca7827b8fd","2d234005a0bc5c0f5eade9ce86f8614772f71d9352ea30e347c29762deac06c5","0.3.0","isolated_release_library/fastphylosig","d951ecee19c06f3a144ad76c5039302078747585bb3bf829e6f12db15f54775d","isolated_release_library/fastphylosig/libs/<platform>/fastphylosig","c46a5834babd455b546bc65c6549c42ba51e6b47f3c9f222919b7118a5af3280","1bd40080f1ea537b3c73c838dc98ff84940f1064f4e1c4dbfb2dd5063d999bdb","benchmarks/stage5/documentation_fix_release_20261001/fastphylosig_0.3.0.tar.gz","909b7ad27485dcc2d96a7bb1fc70b65b54e93245d75761aca406b9c52f06cbff","2.5.2",0.00464582443237305,0.966574417405919,"ok",TRUE,,"",
"20261001T112848Z","K_none_n0100_r01","reference","K","phytools::phylosig","none",0,100,1,100,100,0,100,100,20360924,30261914,20361026,"reference",1,FALSE,,TRUE,"Sys.time",1,"0bb9ca8f88f1b19fe75f9b0c349fc36e6094755a28b6946abd6bfd3e35e52302","0c382f9559e37f8d2d5700921f152e33f50577902156fc7d1cbde56850963f11","db6c058f63f11861d979c2e961362e87471d8e3f132acb90d8e5cc8f35cb43e4","db6c058f63f11861d979c2e961362e87471d8e3f132acb90d8e5cc8f35cb43e4","f55ebd7a3ee6d02c115bc15286f46410437a41d25790c0544b2db4d75f1ae2c7","a17aec4a663176f589713e6379598a01559062a9c7ac1e13e617cf96f772fc00","0.3.0","isolated_release_library/fastphylosig","d951ecee19c06f3a144ad76c5039302078747585bb3bf829e6f12db15f54775d","isolated_release_library/fastphylosig/libs/<platform>/fastphylosig","c46a5834babd455b546bc65c6549c42ba51e6b47f3c9f222919b7118a5af3280","1bd40080f1ea537b3c73c838dc98ff84940f1064f4e1c4dbfb2dd5063d999bdb","benchmarks/stage5/documentation_fix_release_20261001/fastphylosig_0.3.0.tar.gz","909b7ad27485dcc2d96a7bb1fc70b65b54e93245d75761aca406b9c52f06cbff","2.5.2",0.00133800506591797,0.136008883504314,"ok",TRUE,,"",
"20261001T112848Z","K_none_n0100_r01","fastphylosig","K","phytools::phylosig","none",0,100,1,100,100,0,,,20360924,30261914,20361026,"reference",2,FALSE,,TRUE,"Sys.time",1,"0bb9ca8f88f1b19fe75f9b0c349fc36e6094755a28b6946abd6bfd3e35e52302","0c382f9559e37f8d2d5700921f152e33f50577902156fc7d1cbde56850963f11","db6c058f63f11861d979c2e961362e87471d8e3f132acb90d8e5cc8f35cb43e4","db6c058f63f11861d979c2e961362e87471d8e3f132acb90d8e5cc8f35cb43e4","f55ebd7a3ee6d02c115bc15286f46410437a41d25790c0544b2db4d75f1ae2c7","a17aec4a663176f589713e6379598a01559062a9c7ac1e13e617cf96f772fc00","0.3.0","isolated_release_library/fastphylosig","d951ecee19c06f3a144ad76c5039302078747585bb3bf829e6f12db15f54775d","isolated_release_library/fastphylosig/libs/<platform>/fastphylosig","c46a5834babd455b546bc65c6549c42ba51e6b47f3c9f222919b7118a5af3280","1bd40080f1ea537b3c73c838dc98ff84940f1064f4e1c4dbfb2dd5063d999bdb","benchmarks/stage5/documentation_fix_release_20261001/fastphylosig_0.3.0.tar.gz","909b7ad27485dcc2d96a7bb1fc70b65b54e93245d75761aca406b9c52f06cbff","2.5.2",0.00474905967712402,0.136008883504314,"ok",TRUE,,"",
"20261001T112848Z","lambda_none_n0100_r01","fastphylosig","lambda","phytools::phylosig","none",0,100,1,100,100,0,,,20360924,30261914,20361028,"fastphylosig",1,FALSE,FALSE,TRUE,"Sys.time",1,"0bb9ca8f88f1b19fe75f9b0c349fc36e6094755a28b6946abd6bfd3e35e52302","0c382f9559e37f8d2d5700921f152e33f50577902156fc7d1cbde56850963f11","db6c058f63f11861d979c2e961362e87471d8e3f132acb90d8e5cc8f35cb43e4","db6c058f63f11861d979c2e961362e87471d8e3f132acb90d8e5cc8f35cb43e4","f55ebd7a3ee6d02c115bc15286f46410437a41d25790c0544b2db4d75f1ae2c7","a17aec4a663176f589713e6379598a01559062a9c7ac1e13e617cf96f772fc00","0.3.0","isolated_release_library/fastphylosig","d951ecee19c06f3a144ad76c5039302078747585bb3bf829e6f12db15f54775d","isolated_release_library/fastphylosig/libs/<platform>/fastphylosig","c46a5834babd455b546bc65c6549c42ba51e6b47f3c9f222919b7118a5af3280","1bd40080f1ea537b3c73c838dc98ff84940f1064f4e1c4dbfb2dd5063d999bdb","benchmarks/stage5/documentation_fix_release_20261001/fastphylosig_0.3.0.tar.gz","909b7ad27485dcc2d96a7bb1fc70b65b54e93245d75761aca406b9c52f06cbff","2.5.2",0.00520992279052734,6.6106961351896e-05,"ok",TRUE,,"",
"20261001T112848Z","lambda_none_n0100_r01","reference","lambda","phytools::phylosig","none",0,100,1,100,100,0,100,100,20360924,30261914,20361028,"fastphylosig",2,FALSE,FALSE,TRUE,"Sys.time",1,"0bb9ca8f88f1b19fe75f9b0c349fc36e6094755a28b6946abd6bfd3e35e52302","0c382f9559e37f8d2d5700921f152e33f50577902156fc7d1cbde56850963f11","db6c058f63f11861d979c2e961362e87471d8e3f132acb90d8e5cc8f35cb43e4","db6c058f63f11861d979c2e961362e87471d8e3f132acb90d8e5cc8f35cb43e4","f55ebd7a3ee6d02c115bc15286f46410437a41d25790c0544b2db4d75f1ae2c7","a17aec4a663176f589713e6379598a01559062a9c7ac1e13e617cf96f772fc00","0.3.0","isolated_release_library/fastphylosig","d951ecee19c06f3a144ad76c5039302078747585bb3bf829e6f12db15f54775d","isolated_release_library/fastphylosig/libs/<platform>/fastphylosig","c46a5834babd455b546bc65c6549c42ba51e6b47f3c9f222919b7118a5af3280","1bd40080f1ea537b3c73c838dc98ff84940f1064f4e1c4dbfb2dd5063d999bdb","benchmarks/stage5/documentation_fix_release_20261001/fastphylosig_0.3.0.tar.gz","909b7ad27485dcc2d96a7bb1fc70b65b54e93245d75761aca406b9c52f06cbff","2.5.2",0.150202035903931,7.33137435857406e-05,"ok",TRUE,,"",
"20261001T112848Z","K_moderate_n0100_r01","fastphylosig","K","phytools::phylosig","moderate",0.5,100,1,100,100,0,,,20360924,30261914,20361036,"fastphylosig",1,FALSE,,TRUE,"Sys.time",1,"0bb9ca8f88f1b19fe75f9b0c349fc36e6094755a28b6946abd6bfd3e35e52302","0c382f9559e37f8d2d5700921f152e33f50577902156fc7d1cbde56850963f11","db6c058f63f11861d979c2e961362e87471d8e3f132acb90d8e5cc8f35cb43e4","8d7fd13e54a66425b41af78c291927ba9a198ad3bd2dc03d867ff09a124040cc","d4d25e21c5e4741ea52447fcd52fa60ae88e6714519bde1ad426fbd7658c96a5","a17aec4a663176f589713e6379598a01559062a9c7ac1e13e617cf96f772fc00","0.3.0","isolated_release_library/fastphylosig","d951ecee19c06f3a144ad76c5039302078747585bb3bf829e6f12db15f54775d","isolated_release_library/fastphylosig/libs/<platform>/fastphylosig","c46a5834babd455b546bc65c6549c42ba51e6b47f3c9f222919b7118a5af3280","1bd40080f1ea537b3c73c838dc98ff84940f1064f4e1c4dbfb2dd5063d999bdb","benchmarks/stage5/documentation_fix_release_20261001/fastphylosig_0.3.0.tar.gz","909b7ad27485dcc2d96a7bb1fc70b65b54e93245d75761aca406b9c52f06cbff","2.5.2",0.00437593460083008,0.213916799985298,"ok",TRUE,,"",
"20261001T112848Z","K_moderate_n0100_r01","reference","K","phytools::phylosig","moderate",0.5,100,1,100,100,0,100,100,20360924,30261914,20361036,"fastphylosig",2,FALSE,,TRUE,"Sys.time",1,"0bb9ca8f88f1b19fe75f9b0c349fc36e6094755a28b6946abd6bfd3e35e52302","0c382f9559e37f8d2d5700921f152e33f50577902156fc7d1cbde56850963f11","db6c058f63f11861d979c2e961362e87471d8e3f132acb90d8e5cc8f35cb43e4","8d7fd13e54a66425b41af78c291927ba9a198ad3bd2dc03d867ff09a124040cc","d4d25e21c5e4741ea52447fcd52fa60ae88e6714519bde1ad426fbd7658c96a5","a17aec4a663176f589713e6379598a01559062a9c7ac1e13e617cf96f772fc00","0.3.0","isolated_release_library/fastphylosig","d951ecee19c06f3a144ad76c5039302078747585bb3bf829e6f12db15f54775d","isolated_release_library/fastphylosig/libs/<platform>/fastphylosig","c46a5834babd455b546bc65c6549c42ba51e6b47f3c9f222919b7118a5af3280","1bd40080f1ea537b3c73c838dc98ff84940f1064f4e1c4dbfb2dd5063d999bdb","benchmarks/stage5/documentation_fix_release_20261001/fastphylosig_0.3.0.tar.gz","909b7ad27485dcc2d96a7bb1fc70b65b54e93245d75761aca406b9c52f06cbff","2.5.2",0.00122284889221191,0.213916799985298,"ok",TRUE,,"",
"20261001T112848Z","lambda_moderate_n0100_r01","reference","lambda","phytools::phylosig","moderate",0.5,100,1,100,100,0,100,100,20360924,30261914,20361038,"reference",1,FALSE,FALSE,TRUE,"Sys.time",1,"0bb9ca8f88f1b19fe75f9b0c349fc36e6094755a28b6946abd6bfd3e35e52302","0c382f9559e37f8d2d5700921f152e33f50577902156fc7d1cbde56850963f11","db6c058f63f11861d979c2e961362e87471d8e3f132acb90d8e5cc8f35cb43e4","8d7fd13e54a66425b41af78c291927ba9a198ad3bd2dc03d867ff09a124040cc","d4d25e21c5e4741ea52447fcd52fa60ae88e6714519bde1ad426fbd7658c96a5","a17aec4a663176f589713e6379598a01559062a9c7ac1e13e617cf96f772fc00","0.3.0","isolated_release_library/fastphylosig","d951ecee19c06f3a144ad76c5039302078747585bb3bf829e6f12db15f54775d","isolated_release_library/fastphylosig/libs/<platform>/fastphylosig","c46a5834babd455b546bc65c6549c42ba51e6b47f3c9f222919b7118a5af3280","1bd40080f1ea537b3c73c838dc98ff84940f1064f4e1c4dbfb2dd5063d999bdb","benchmarks/stage5/documentation_fix_release_20261001/fastphylosig_0.3.0.tar.gz","909b7ad27485dcc2d96a7bb1fc70b65b54e93245d75761aca406b9c52f06cbff","2.5.2",0.122900009155273,0.356904187863258,"ok",TRUE,,"",
"20261001T112848Z","lambda_moderate_n0100_r01","fastphylosig","lambda","phytools::phylosig","moderate",0.5,100,1,100,100,0,,,20360924,30261914,20361038,"reference",2,FALSE,FALSE,TRUE,"Sys.time",1,"0bb9ca8f88f1b19fe75f9b0c349fc36e6094755a28b6946abd6bfd3e35e52302","0c382f9559e37f8d2d5700921f152e33f50577902156fc7d1cbde56850963f11","db6c058f63f11861d979c2e961362e87471d8e3f132acb90d8e5cc8f35cb43e4","8d7fd13e54a66425b41af78c291927ba9a198ad3bd2dc03d867ff09a124040cc","d4d25e21c5e4741ea52447fcd52fa60ae88e6714519bde1ad426fbd7658c96a5","a17aec4a663176f589713e6379598a01559062a9c7ac1e13e617cf96f772fc00","0.3.0","isolated_release_library/fastphylosig","d951ecee19c06f3a144ad76c5039302078747585bb3bf829e6f12db15f54775d","isolated_release_library/fastphylosig/libs/<platform>/fastphylosig","c46a5834babd455b546bc65c6549c42ba51e6b47f3c9f222919b7118a5af3280","1bd40080f1ea537b3c73c838dc98ff84940f1064f4e1c4dbfb2dd5063d999bdb","benchmarks/stage5/documentation_fix_release_20261001/fastphylosig_0.3.0.tar.gz","909b7ad27485dcc2d96a7bb1fc70b65b54e93245d75761aca406b9c52f06cbff","2.5.2",0.00477409362792969,0.356912882774951,"ok",TRUE,,"",
"20261001T112848Z","K_strong_n0100_r01","reference","K","phytools::phylosig","strong",0.95,100,1,100,100,0,100,100,20360924,30261914,20361046,"reference",1,FALSE,,TRUE,"Sys.time",1,"0bb9ca8f88f1b19fe75f9b0c349fc36e6094755a28b6946abd6bfd3e35e52302","0c382f9559e37f8d2d5700921f152e33f50577902156fc7d1cbde56850963f11","db6c058f63f11861d979c2e961362e87471d8e3f132acb90d8e5cc8f35cb43e4","bd3c5d74e830a6258d5c34d92c2f181015da3593f6170b184adb5309292157f7","b789e4114c4433cb08be8560431f801abc64c17a00ca1664b94fe665c160ee23","a17aec4a663176f589713e6379598a01559062a9c7ac1e13e617cf96f772fc00","0.3.0","isolated_release_library/fastphylosig","d951ecee19c06f3a144ad76c5039302078747585bb3bf829e6f12db15f54775d","isolated_release_library/fastphylosig/libs/<platform>/fastphylosig","c46a5834babd455b546bc65c6549c42ba51e6b47f3c9f222919b7118a5af3280","1bd40080f1ea537b3c73c838dc98ff84940f1064f4e1c4dbfb2dd5063d999bdb","benchmarks/stage5/documentation_fix_release_20261001/fastphylosig_0.3.0.tar.gz","909b7ad27485dcc2d96a7bb1fc70b65b54e93245d75761aca406b9c52f06cbff","2.5.2",0.0017390251159668,0.584360922016645,"ok",TRUE,,"",
"20261001T112848Z","K_strong_n0100_r01","fastphylosig","K","phytools::phylosig","strong",0.95,100,1,100,100,0,,,20360924,30261914,20361046,"reference",2,FALSE,,TRUE,"Sys.time",1,"0bb9ca8f88f1b19fe75f9b0c349fc36e6094755a28b6946abd6bfd3e35e52302","0c382f9559e37f8d2d5700921f152e33f50577902156fc7d1cbde56850963f11","db6c058f63f11861d979c2e961362e87471d8e3f132acb90d8e5cc8f35cb43e4","bd3c5d74e830a6258d5c34d92c2f181015da3593f6170b184adb5309292157f7","b789e4114c4433cb08be8560431f801abc64c17a00ca1664b94fe665c160ee23","a17aec4a663176f589713e6379598a01559062a9c7ac1e13e617cf96f772fc00","0.3.0","isolated_release_library/fastphylosig","d951ecee19c06f3a144ad76c5039302078747585bb3bf829e6f12db15f54775d","isolated_release_library/fastphylosig/libs/<platform>/fastphylosig","c46a5834babd455b546bc65c6549c42ba51e6b47f3c9f222919b7118a5af3280","1bd40080f1ea537b3c73c838dc98ff84940f1064f4e1c4dbfb2dd5063d999bdb","benchmarks/stage5/documentation_fix_release_20261001/fastphylosig_0.3.0.tar.gz","909b7ad27485dcc2d96a7bb1fc70b65b54e93245d75761aca406b9c52f06cbff","2.5.2",0.00423216819763184,0.584360922016644,"ok",TRUE,,"",
"20261001T112848Z","lambda_strong_n0100_r01","fastphylosig","lambda","phytools::phylosig","strong",0.95,100,1,100,100,0,,,20360924,30261914,20361048,"fastphylosig",1,FALSE,FALSE,TRUE,"Sys.time",1,"0bb9ca8f88f1b19fe75f9b0c349fc36e6094755a28b6946abd6bfd3e35e52302","0c382f9559e37f8d2d5700921f152e33f50577902156fc7d1cbde56850963f11","db6c058f63f11861d979c2e961362e87471d8e3f132acb90d8e5cc8f35cb43e4","bd3c5d74e830a6258d5c34d92c2f181015da3593f6170b184adb5309292157f7","b789e4114c4433cb08be8560431f801abc64c17a00ca1664b94fe665c160ee23","a17aec4a663176f589713e6379598a01559062a9c7ac1e13e617cf96f772fc00","0.3.0","isolated_release_library/fastphylosig","d951ecee19c06f3a144ad76c5039302078747585bb3bf829e6f12db15f54775d","isolated_release_library/fastphylosig/libs/<platform>/fastphylosig","c46a5834babd455b546bc65c6549c42ba51e6b47f3c9f222919b7118a5af3280","1bd40080f1ea537b3c73c838dc98ff84940f1064f4e1c4dbfb2dd5063d999bdb","benchmarks/stage5/documentation_fix_release_20261001/fastphylosig_0.3.0.tar.gz","909b7ad27485dcc2d96a7bb1fc70b65b54e93245d75761aca406b9c52f06cbff","2.5.2",0.0046699047088623,0.941998946656017,"ok",TRUE,,"",
"20261001T112848Z","lambda_strong_n0100_r01","reference","lambda","phytools::phylosig","strong",0.95,100,1,100,100,0,100,100,20360924,30261914,20361048,"fastphylosig",2,FALSE,FALSE,TRUE,"Sys.time",1,"0bb9ca8f88f1b19fe75f9b0c349fc36e6094755a28b6946abd6bfd3e35e52302","0c382f9559e37f8d2d5700921f152e33f50577902156fc7d1cbde56850963f11","db6c058f63f11861d979c2e961362e87471d8e3f132acb90d8e5cc8f35cb43e4","bd3c5d74e830a6258d5c34d92c2f181015da3593f6170b184adb5309292157f7","b789e4114c4433cb08be8560431f801abc64c17a00ca1664b94fe665c160ee23","a17aec4a663176f589713e6379598a01559062a9c7ac1e13e617cf96f772fc00","0.3.0","isolated_release_library/fastphylosig","d951ecee19c06f3a144ad76c5039302078747585bb3bf829e6f12db15f54775d","isolated_release_library/fastphylosig/libs/<platform>/fastphylosig","c46a5834babd455b546bc65c6549c42ba51e6b47f3c9f222919b7118a5af3280","1bd40080f1ea537b3c73c838dc98ff84940f1064f4e1c4dbfb2dd5063d999bdb","benchmarks/stage5/documentation_fix_release_20261001/fastphylosig_0.3.0.tar.gz","909b7ad27485dcc2d96a7bb1fc70b65b54e93245d75761aca406b9c52f06cbff","2.5.2",0.138815879821777,0.942011822583762,"ok",TRUE,,"",
"20261001T112848Z","K_none_n0100_r02","fastphylosig","K","phytools::phylosig","none",0,100,2,100,100,0,,,20360934,30262914,20361126,"fastphylosig",1,FALSE,,TRUE,"Sys.time",1,"b09db7ce93959986f4d366e541ea435d1902810f828343b3ec1c3656180438f5","0f882ed32001427efe81c5b99cbe5fd9cbf1744d1d108c335226316417384162","cb66c0c837a98831d486d2cb480fecf7b2b794c4be898f19be7d1a054c351cca","cb66c0c837a98831d486d2cb480fecf7b2b794c4be898f19be7d1a054c351cca","b22991895949eff3dbcb247c90151e37568616b4779e13c355749ed0b0c24701","b5d6106b9d08a6b2b027b3caade69ec8ce9b9fa295d0272d1c7bd99d6d9f4ba1","0.3.0","isolated_release_library/fastphylosig","d951ecee19c06f3a144ad76c5039302078747585bb3bf829e6f12db15f54775d","isolated_release_library/fastphylosig/libs/<platform>/fastphylosig","c46a5834babd455b546bc65c6549c42ba51e6b47f3c9f222919b7118a5af3280","1bd40080f1ea537b3c73c838dc98ff84940f1064f4e1c4dbfb2dd5063d999bdb","benchmarks/stage5/documentation_fix_release_20261001/fastphylosig_0.3.0.tar.gz","909b7ad27485dcc2d96a7bb1fc70b65b54e93245d75761aca406b9c52f06cbff","2.5.2",0.00464701652526855,0.168963302517674,"ok",TRUE,,"",
"20261001T112848Z","K_none_n0100_r02","reference","K","phytools::phylosig","none",0,100,2,100,100,0,100,100,20360934,30262914,20361126,"fastphylosig",2,FALSE,,TRUE,"Sys.time",1,"b09db7ce93959986f4d366e541ea435d1902810f828343b3ec1c3656180438f5","0f882ed32001427efe81c5b99cbe5fd9cbf1744d1d108c335226316417384162","cb66c0c837a98831d486d2cb480fecf7b2b794c4be898f19be7d1a054c351cca","cb66c0c837a98831d486d2cb480fecf7b2b794c4be898f19be7d1a054c351cca","b22991895949eff3dbcb247c90151e37568616b4779e13c355749ed0b0c24701","b5d6106b9d08a6b2b027b3caade69ec8ce9b9fa295d0272d1c7bd99d6d9f4ba1","0.3.0","isolated_release_library/fastphylosig","d951ecee19c06f3a144ad76c5039302078747585bb3bf829e6f12db15f54775d","isolated_release_library/fastphylosig/libs/<platform>/fastphylosig","c46a5834babd455b546bc65c6549c42ba51e6b47f3c9f222919b7118a5af3280","1bd40080f1ea537b3c73c838dc98ff84940f1064f4e1c4dbfb2dd5063d999bdb","benchmarks/stage5/documentation_fix_release_20261001/fastphylosig_0.3.0.tar.gz","909b7ad27485dcc2d96a7bb1fc70b65b54e93245d75761aca406b9c52f06cbff","2.5.2",0.00117206573486328,0.168963302517674,"ok",TRUE,,"",
"20261001T112848Z","lambda_none_n0100_r02","reference","lambda","phytools::phylosig","none",0,100,2,100,100,0,100,100,20360934,30262914,20361128,"reference",1,FALSE,FALSE,TRUE,"Sys.time",1,"b09db7ce93959986f4d366e541ea435d1902810f828343b3ec1c3656180438f5","0f882ed32001427efe81c5b99cbe5fd9cbf1744d1d108c335226316417384162","cb66c0c837a98831d486d2cb480fecf7b2b794c4be898f19be7d1a054c351cca","cb66c0c837a98831d486d2cb480fecf7b2b794c4be898f19be7d1a054c351cca","b22991895949eff3dbcb247c90151e37568616b4779e13c355749ed0b0c24701","b5d6106b9d08a6b2b027b3caade69ec8ce9b9fa295d0272d1c7bd99d6d9f4ba1","0.3.0","isolated_release_library/fastphylosig","d951ecee19c06f3a144ad76c5039302078747585bb3bf829e6f12db15f54775d","isolated_release_library/fastphylosig/libs/<platform>/fastphylosig","c46a5834babd455b546bc65c6549c42ba51e6b47f3c9f222919b7118a5af3280","1bd40080f1ea537b3c73c838dc98ff84940f1064f4e1c4dbfb2dd5063d999bdb","benchmarks/stage5/documentation_fix_release_20261001/fastphylosig_0.3.0.tar.gz","909b7ad27485dcc2d96a7bb1fc70b65b54e93245d75761aca406b9c52f06cbff","2.5.2",0.112968921661377,7.33137435857406e-05,"ok",TRUE,,"",
"20261001T112848Z","lambda_none_n0100_r02","fastphylosig","lambda","phytools::phylosig","none",0,100,2,100,100,0,,,20360934,30262914,20361128,"reference",2,FALSE,FALSE,TRUE,"Sys.time",1,"b09db7ce93959986f4d366e541ea435d1902810f828343b3ec1c3656180438f5","0f882ed32001427efe81c5b99cbe5fd9cbf1744d1d108c335226316417384162","cb66c0c837a98831d486d2cb480fecf7b2b794c4be898f19be7d1a054c351cca","cb66c0c837a98831d486d2cb480fecf7b2b794c4be898f19be7d1a054c351cca","b22991895949eff3dbcb247c90151e37568616b4779e13c355749ed0b0c24701","b5d6106b9d08a6b2b027b3caade69ec8ce9b9fa295d0272d1c7bd99d6d9f4ba1","0.3.0","isolated_release_library/fastphylosig","d951ecee19c06f3a144ad76c5039302078747585bb3bf829e6f12db15f54775d","isolated_release_library/fastphylosig/libs/<platform>/fastphylosig","c46a5834babd455b546bc65c6549c42ba51e6b47f3c9f222919b7118a5af3280","1bd40080f1ea537b3c73c838dc98ff84940f1064f4e1c4dbfb2dd5063d999bdb","benchmarks/stage5/documentation_fix_release_20261001/fastphylosig_0.3.0.tar.gz","909b7ad27485dcc2d96a7bb1fc70b65b54e93245d75761aca406b9c52f06cbff","2.5.2",0.0054631233215332,6.6106961351896e-05,"ok",TRUE,,"",
"20261001T112848Z","K_moderate_n0100_r02","reference","K","phytools::phylosig","moderate",0.5,100,2,100,100,0,100,100,20360934,30262914,20361136,"reference",1,FALSE,,TRUE,"Sys.time",1,"b09db7ce93959986f4d366e541ea435d1902810f828343b3ec1c3656180438f5","0f882ed32001427efe81c5b99cbe5fd9cbf1744d1d108c335226316417384162","cb66c0c837a98831d486d2cb480fecf7b2b794c4be898f19be7d1a054c351cca","e1cb3ec625abafa5815fbf42b51a8280e9633436a90bc21784af248aced83c35","ee1ab3687c02beb4acbad2232800d9e967da06737401faa341e6bfc5cf4b8606","b5d6106b9d08a6b2b027b3caade69ec8ce9b9fa295d0272d1c7bd99d6d9f4ba1","0.3.0","isolated_release_library/fastphylosig","d951ecee19c06f3a144ad76c5039302078747585bb3bf829e6f12db15f54775d","isolated_release_library/fastphylosig/libs/<platform>/fastphylosig","c46a5834babd455b546bc65c6549c42ba51e6b47f3c9f222919b7118a5af3280","1bd40080f1ea537b3c73c838dc98ff84940f1064f4e1c4dbfb2dd5063d999bdb","benchmarks/stage5/documentation_fix_release_20261001/fastphylosig_0.3.0.tar.gz","909b7ad27485dcc2d96a7bb1fc70b65b54e93245d75761aca406b9c52f06cbff","2.5.2",0.00106692314147949,0.332329144765512,"ok",TRUE,,"",
"20261001T112848Z","K_moderate_n0100_r02","fastphylosig","K","phytools::phylosig","moderate",0.5,100,2,100,100,0,,,20360934,30262914,20361136,"reference",2,FALSE,,TRUE,"Sys.time",1,"b09db7ce93959986f4d366e541ea435d1902810f828343b3ec1c3656180438f5","0f882ed32001427efe81c5b99cbe5fd9cbf1744d1d108c335226316417384162","cb66c0c837a98831d486d2cb480fecf7b2b794c4be898f19be7d1a054c351cca","e1cb3ec625abafa5815fbf42b51a8280e9633436a90bc21784af248aced83c35","ee1ab3687c02beb4acbad2232800d9e967da06737401faa341e6bfc5cf4b8606","b5d6106b9d08a6b2b027b3caade69ec8ce9b9fa295d0272d1c7bd99d6d9f4ba1","0.3.0","isolated_release_library/fastphylosig","d951ecee19c06f3a144ad76c5039302078747585bb3bf829e6f12db15f54775d","isolated_release_library/fastphylosig/libs/<platform>/fastphylosig","c46a5834babd455b546bc65c6549c42ba51e6b47f3c9f222919b7118a5af3280","1bd40080f1ea537b3c73c838dc98ff84940f1064f4e1c4dbfb2dd5063d999bdb","benchmarks/stage5/documentation_fix_release_20261001/fastphylosig_0.3.0.tar.gz","909b7ad27485dcc2d96a7bb1fc70b65b54e93245d75761aca406b9c52f06cbff","2.5.2",0.0042579174041748,0.332329144765513,"ok",TRUE,,"",
"20261001T112848Z","lambda_moderate_n0100_r02","fastphylosig","lambda","phytools::phylosig","moderate",0.5,100,2,100,100,0,,,20360934,30262914,20361138,"fastphylosig",1,FALSE,FALSE,TRUE,"Sys.time",1,"b09db7ce93959986f4d366e541ea435d1902810f828343b3ec1c3656180438f5","0f882ed32001427efe81c5b99cbe5fd9cbf1744d1d108c335226316417384162","cb66c0c837a98831d486d2cb480fecf7b2b794c4be898f19be7d1a054c351cca","e1cb3ec625abafa5815fbf42b51a8280e9633436a90bc21784af248aced83c35","ee1ab3687c02beb4acbad2232800d9e967da06737401faa341e6bfc5cf4b8606","b5d6106b9d08a6b2b027b3caade69ec8ce9b9fa295d0272d1c7bd99d6d9f4ba1","0.3.0","isolated_release_library/fastphylosig","d951ecee19c06f3a144ad76c5039302078747585bb3bf829e6f12db15f54775d","isolated_release_library/fastphylosig/libs/<platform>/fastphylosig","c46a5834babd455b546bc65c6549c42ba51e6b47f3c9f222919b7118a5af3280","1bd40080f1ea537b3c73c838dc98ff84940f1064f4e1c4dbfb2dd5063d999bdb","benchmarks/stage5/documentation_fix_release_20261001/fastphylosig_0.3.0.tar.gz","909b7ad27485dcc2d96a7bb1fc70b65b54e93245d75761aca406b9c52f06cbff","2.5.2",0.00472092628479004,0.403644079336935,"ok",TRUE,,"",
"20261001T112848Z","lambda_moderate_n0100_r02","reference","lambda","phytools::phylosig","moderate",0.5,100,2,100,100,0,100,100,20360934,30262914,20361138,"fastphylosig",2,FALSE,FALSE,TRUE,"Sys.time",1,"b09db7ce93959986f4d366e541ea435d1902810f828343b3ec1c3656180438f5","0f882ed32001427efe81c5b99cbe5fd9cbf1744d1d108c335226316417384162","cb66c0c837a98831d486d2cb480fecf7b2b794c4be898f19be7d1a054c351cca","e1cb3ec625abafa5815fbf42b51a8280e9633436a90bc21784af248aced83c35","ee1ab3687c02beb4acbad2232800d9e967da06737401faa341e6bfc5cf4b8606","b5d6106b9d08a6b2b027b3caade69ec8ce9b9fa295d0272d1c7bd99d6d9f4ba1","0.3.0","isolated_release_library/fastphylosig","d951ecee19c06f3a144ad76c5039302078747585bb3bf829e6f12db15f54775d","isolated_release_library/fastphylosig/libs/<platform>/fastphylosig","c46a5834babd455b546bc65c6549c42ba51e6b47f3c9f222919b7118a5af3280","1bd40080f1ea537b3c73c838dc98ff84940f1064f4e1c4dbfb2dd5063d999bdb","benchmarks/stage5/documentation_fix_release_20261001/fastphylosig_0.3.0.tar.gz","909b7ad27485dcc2d96a7bb1fc70b65b54e93245d75761aca406b9c52f06cbff","2.5.2",0.110618114471436,0.403649494876646,"ok",TRUE,,"",
"20261001T112848Z","K_strong_n0100_r02","fastphylosig","K","phytools::phylosig","strong",0.95,100,2,100,100,0,,,20360934,30262914,20361146,"fastphylosig",1,FALSE,,TRUE,"Sys.time",1,"b09db7ce93959986f4d366e541ea435d1902810f828343b3ec1c3656180438f5","0f882ed32001427efe81c5b99cbe5fd9cbf1744d1d108c335226316417384162","cb66c0c837a98831d486d2cb480fecf7b2b794c4be898f19be7d1a054c351cca","a10dc955ff19acbad3430ea19e17f54238809fcc33952a3bf8f3fb5ad9a31cd3","722525e8f4737e1c728b229bf6e0eafa64ea3ff55f04e110f32deab838af9905","b5d6106b9d08a6b2b027b3caade69ec8ce9b9fa295d0272d1c7bd99d6d9f4ba1","0.3.0","isolated_release_library/fastphylosig","d951ecee19c06f3a144ad76c5039302078747585bb3bf829e6f12db15f54775d","isolated_release_library/fastphylosig/libs/<platform>/fastphylosig","c46a5834babd455b546bc65c6549c42ba51e6b47f3c9f222919b7118a5af3280","1bd40080f1ea537b3c73c838dc98ff84940f1064f4e1c4dbfb2dd5063d999bdb","benchmarks/stage5/documentation_fix_release_20261001/fastphylosig_0.3.0.tar.gz","909b7ad27485dcc2d96a7bb1fc70b65b54e93245d75761aca406b9c52f06cbff","2.5.2",0.00456404685974121,0.992602445163383,"ok",TRUE,,"",
"20261001T112848Z","K_strong_n0100_r02","reference","K","phytools::phylosig","strong",0.95,100,2,100,100,0,100,100,20360934,30262914,20361146,"fastphylosig",2,FALSE,,TRUE,"Sys.time",1,"b09db7ce93959986f4d366e541ea435d1902810f828343b3ec1c3656180438f5","0f882ed32001427efe81c5b99cbe5fd9cbf1744d1d108c335226316417384162","cb66c0c837a98831d486d2cb480fecf7b2b794c4be898f19be7d1a054c351cca","a10dc955ff19acbad3430ea19e17f54238809fcc33952a3bf8f3fb5ad9a31cd3","722525e8f4737e1c728b229bf6e0eafa64ea3ff55f04e110f32deab838af9905","b5d6106b9d08a6b2b027b3caade69ec8ce9b9fa295d0272d1c7bd99d6d9f4ba1","0.3.0","isolated_release_library/fastphylosig","d951ecee19c06f3a144ad76c5039302078747585bb3bf829e6f12db15f54775d","isolated_release_library/fastphylosig/libs/<platform>/fastphylosig","c46a5834babd455b546bc65c6549c42ba51e6b47f3c9f222919b7118a5af3280","1bd40080f1ea537b3c73c838dc98ff84940f1064f4e1c4dbfb2dd5063d999bdb","benchmarks/stage5/documentation_fix_release_20261001/fastphylosig_0.3.0.tar.gz","909b7ad27485dcc2d96a7bb1fc70b65b54e93245d75761aca406b9c52f06cbff","2.5.2",0.00113701820373535,0.992602445163377,"ok",TRUE,,"",
"20261001T112848Z","lambda_strong_n0100_r02","reference","lambda","phytools::phylosig","strong",0.95,100,2,100,100,0,100,100,20360934,30262914,20361148,"reference",1,FALSE,FALSE,TRUE,"Sys.time",1,"b09db7ce93959986f4d366e541ea435d1902810f828343b3ec1c3656180438f5","0f882ed32001427efe81c5b99cbe5fd9cbf1744d1d108c335226316417384162","cb66c0c837a98831d486d2cb480fecf7b2b794c4be898f19be7d1a054c351cca","a10dc955ff19acbad3430ea19e17f54238809fcc33952a3bf8f3fb5ad9a31cd3","722525e8f4737e1c728b229bf6e0eafa64ea3ff55f04e110f32deab838af9905","b5d6106b9d08a6b2b027b3caade69ec8ce9b9fa295d0272d1c7bd99d6d9f4ba1","0.3.0","isolated_release_library/fastphylosig","d951ecee19c06f3a144ad76c5039302078747585bb3bf829e6f12db15f54775d","isolated_release_library/fastphylosig/libs/<platform>/fastphylosig","c46a5834babd455b546bc65c6549c42ba51e6b47f3c9f222919b7118a5af3280","1bd40080f1ea537b3c73c838dc98ff84940f1064f4e1c4dbfb2dd5063d999bdb","benchmarks/stage5/documentation_fix_release_20261001/fastphylosig_0.3.0.tar.gz","909b7ad27485dcc2d96a7bb1fc70b65b54e93245d75761aca406b9c52f06cbff","2.5.2",0.108710050582886,0.994270428924078,"ok",TRUE,,"",
"20261001T112848Z","lambda_strong_n0100_r02","fastphylosig","lambda","phytools::phylosig","strong",0.95,100,2,100,100,0,,,20360934,30262914,20361148,"reference",2,FALSE,FALSE,TRUE,"Sys.time",1,"b09db7ce93959986f4d366e541ea435d1902810f828343b3ec1c3656180438f5","0f882ed32001427efe81c5b99cbe5fd9cbf1744d1d108c335226316417384162","cb66c0c837a98831d486d2cb480fecf7b2b794c4be898f19be7d1a054c351cca","a10dc955ff19acbad3430ea19e17f54238809fcc33952a3bf8f3fb5ad9a31cd3","722525e8f4737e1c728b229bf6e0eafa64ea3ff55f04e110f32deab838af9905","b5d6106b9d08a6b2b027b3caade69ec8ce9b9fa295d0272d1c7bd99d6d9f4ba1","0.3.0","isolated_release_library/fastphylosig","d951ecee19c06f3a144ad76c5039302078747585bb3bf829e6f12db15f54775d","isolated_release_library/fastphylosig/libs/<platform>/fastphylosig","c46a5834babd455b546bc65c6549c42ba51e6b47f3c9f222919b7118a5af3280","1bd40080f1ea537b3c73c838dc98ff84940f1064f4e1c4dbfb2dd5063d999bdb","benchmarks/stage5/documentation_fix_release_20261001/fastphylosig_0.3.0.tar.gz","909b7ad27485dcc2d96a7bb1fc70b65b54e93245d75761aca406b9c52f06cbff","2.5.2",0.00505590438842773,0.994277791628312,"ok",TRUE,,"",
"20261001T112848Z","K_none_n0100_r03","reference","K","phytools::phylosig","none",0,100,3,100,100,0,100,100,20360944,30263914,20361226,"reference",1,FALSE,,TRUE,"Sys.time",1,"68ecf5382859e743a5b37a5cfbcb989db3a7010988cab16da961faaeeb25e7c2","e088f7a082bf710f80faa9e5a6024490cd9aa11e9f256f8c2755c34ee2a721d2","991e3bf61e7f4197f08f4995efe733f2055d130a0982597b447384b3726fb4a0","991e3bf61e7f4197f08f4995efe733f2055d130a0982597b447384b3726fb4a0","748cd2855b0773483b8010c45206f265ab107d93a70ed47db87baaecb26b2bb8","b939f009be9e2c32a89fcfaa6f1734e22860f2b46a0dfecd76d8f4156aa3aec8","0.3.0","isolated_release_library/fastphylosig","d951ecee19c06f3a144ad76c5039302078747585bb3bf829e6f12db15f54775d","isolated_release_library/fastphylosig/libs/<platform>/fastphylosig","c46a5834babd455b546bc65c6549c42ba51e6b47f3c9f222919b7118a5af3280","1bd40080f1ea537b3c73c838dc98ff84940f1064f4e1c4dbfb2dd5063d999bdb","benchmarks/stage5/documentation_fix_release_20261001/fastphylosig_0.3.0.tar.gz","909b7ad27485dcc2d96a7bb1fc70b65b54e93245d75761aca406b9c52f06cbff","2.5.2",0.00120711326599121,0.194886306406945,"ok",TRUE,,"",
"20261001T112848Z","K_none_n0100_r03","fastphylosig","K","phytools::phylosig","none",0,100,3,100,100,0,,,20360944,30263914,20361226,"reference",2,FALSE,,TRUE,"Sys.time",1,"68ecf5382859e743a5b37a5cfbcb989db3a7010988cab16da961faaeeb25e7c2","e088f7a082bf710f80faa9e5a6024490cd9aa11e9f256f8c2755c34ee2a721d2","991e3bf61e7f4197f08f4995efe733f2055d130a0982597b447384b3726fb4a0","991e3bf61e7f4197f08f4995efe733f2055d130a0982597b447384b3726fb4a0","748cd2855b0773483b8010c45206f265ab107d93a70ed47db87baaecb26b2bb8","b939f009be9e2c32a89fcfaa6f1734e22860f2b46a0dfecd76d8f4156aa3aec8","0.3.0","isolated_release_library/fastphylosig","d951ecee19c06f3a144ad76c5039302078747585bb3bf829e6f12db15f54775d","isolated_release_library/fastphylosig/libs/<platform>/fastphylosig","c46a5834babd455b546bc65c6549c42ba51e6b47f3c9f222919b7118a5af3280","1bd40080f1ea537b3c73c838dc98ff84940f1064f4e1c4dbfb2dd5063d999bdb","benchmarks/stage5/documentation_fix_release_20261001/fastphylosig_0.3.0.tar.gz","909b7ad27485dcc2d96a7bb1fc70b65b54e93245d75761aca406b9c52f06cbff","2.5.2",0.00419783592224121,0.194886306406949,"ok",TRUE,,"",
"20261001T112848Z","lambda_none_n0100_r03","fastphylosig","lambda","phytools::phylosig","none",0,100,3,100,100,0,,,20360944,30263914,20361228,"fastphylosig",1,FALSE,FALSE,TRUE,"Sys.time",1,"68ecf5382859e743a5b37a5cfbcb989db3a7010988cab16da961faaeeb25e7c2","e088f7a082bf710f80faa9e5a6024490cd9aa11e9f256f8c2755c34ee2a721d2","991e3bf61e7f4197f08f4995efe733f2055d130a0982597b447384b3726fb4a0","991e3bf61e7f4197f08f4995efe733f2055d130a0982597b447384b3726fb4a0","748cd2855b0773483b8010c45206f265ab107d93a70ed47db87baaecb26b2bb8","b939f009be9e2c32a89fcfaa6f1734e22860f2b46a0dfecd76d8f4156aa3aec8","0.3.0","isolated_release_library/fastphylosig","d951ecee19c06f3a144ad76c5039302078747585bb3bf829e6f12db15f54775d","isolated_release_library/fastphylosig/libs/<platform>/fastphylosig","c46a5834babd455b546bc65c6549c42ba51e6b47f3c9f222919b7118a5af3280","1bd40080f1ea537b3c73c838dc98ff84940f1064f4e1c4dbfb2dd5063d999bdb","benchmarks/stage5/documentation_fix_release_20261001/fastphylosig_0.3.0.tar.gz","909b7ad27485dcc2d96a7bb1fc70b65b54e93245d75761aca406b9c52f06cbff","2.5.2",0.00493001937866211,0.197834474870509,"ok",TRUE,,"",
"20261001T112848Z","lambda_none_n0100_r03","reference","lambda","phytools::phylosig","none",0,100,3,100,100,0,100,100,20360944,30263914,20361228,"fastphylosig",2,FALSE,FALSE,TRUE,"Sys.time",1,"68ecf5382859e743a5b37a5cfbcb989db3a7010988cab16da961faaeeb25e7c2","e088f7a082bf710f80faa9e5a6024490cd9aa11e9f256f8c2755c34ee2a721d2","991e3bf61e7f4197f08f4995efe733f2055d130a0982597b447384b3726fb4a0","991e3bf61e7f4197f08f4995efe733f2055d130a0982597b447384b3726fb4a0","748cd2855b0773483b8010c45206f265ab107d93a70ed47db87baaecb26b2bb8","b939f009be9e2c32a89fcfaa6f1734e22860f2b46a0dfecd76d8f4156aa3aec8","0.3.0","isolated_release_library/fastphylosig","d951ecee19c06f3a144ad76c5039302078747585bb3bf829e6f12db15f54775d","isolated_release_library/fastphylosig/libs/<platform>/fastphylosig","c46a5834babd455b546bc65c6549c42ba51e6b47f3c9f222919b7118a5af3280","1bd40080f1ea537b3c73c838dc98ff84940f1064f4e1c4dbfb2dd5063d999bdb","benchmarks/stage5/documentation_fix_release_20261001/fastphylosig_0.3.0.tar.gz","909b7ad27485dcc2d96a7bb1fc70b65b54e93245d75761aca406b9c52f06cbff","2.5.2",0.125272035598755,0.197831991681115,"ok",TRUE,,"",
"20261001T112848Z","K_moderate_n0100_r03","fastphylosig","K","phytools::phylosig","moderate",0.5,100,3,100,100,0,,,20360944,30263914,20361236,"fastphylosig",1,FALSE,,TRUE,"Sys.time",1,"68ecf5382859e743a5b37a5cfbcb989db3a7010988cab16da961faaeeb25e7c2","e088f7a082bf710f80faa9e5a6024490cd9aa11e9f256f8c2755c34ee2a721d2","991e3bf61e7f4197f08f4995efe733f2055d130a0982597b447384b3726fb4a0","7932d3e9a26455fcb42d8fb30dee2868646991af4db6990036af791355d88e92","6e5d7d927a54f873518de8a12b56a24c19e4f24816fcf995375479adc0198ed8","b939f009be9e2c32a89fcfaa6f1734e22860f2b46a0dfecd76d8f4156aa3aec8","0.3.0","isolated_release_library/fastphylosig","d951ecee19c06f3a144ad76c5039302078747585bb3bf829e6f12db15f54775d","isolated_release_library/fastphylosig/libs/<platform>/fastphylosig","c46a5834babd455b546bc65c6549c42ba51e6b47f3c9f222919b7118a5af3280","1bd40080f1ea537b3c73c838dc98ff84940f1064f4e1c4dbfb2dd5063d999bdb","benchmarks/stage5/documentation_fix_release_20261001/fastphylosig_0.3.0.tar.gz","909b7ad27485dcc2d96a7bb1fc70b65b54e93245d75761aca406b9c52f06cbff","2.5.2",0.00409197807312012,0.240315664288777,"ok",TRUE,,"",
"20261001T112848Z","K_moderate_n0100_r03","reference","K","phytools::phylosig","moderate",0.5,100,3,100,100,0,100,100,20360944,30263914,20361236,"fastphylosig",2,FALSE,,TRUE,"Sys.time",1,"68ecf5382859e743a5b37a5cfbcb989db3a7010988cab16da961faaeeb25e7c2","e088f7a082bf710f80faa9e5a6024490cd9aa11e9f256f8c2755c34ee2a721d2","991e3bf61e7f4197f08f4995efe733f2055d130a0982597b447384b3726fb4a0","7932d3e9a26455fcb42d8fb30dee2868646991af4db6990036af791355d88e92","6e5d7d927a54f873518de8a12b56a24c19e4f24816fcf995375479adc0198ed8","b939f009be9e2c32a89fcfaa6f1734e22860f2b46a0dfecd76d8f4156aa3aec8","0.3.0","isolated_release_library/fastphylosig","d951ecee19c06f3a144ad76c5039302078747585bb3bf829e6f12db15f54775d","isolated_release_library/fastphylosig/libs/<platform>/fastphylosig","c46a5834babd455b546bc65c6549c42ba51e6b47f3c9f222919b7118a5af3280","1bd40080f1ea537b3c73c838dc98ff84940f1064f4e1c4dbfb2dd5063d999bdb","benchmarks/stage5/documentation_fix_release_20261001/fastphylosig_0.3.0.tar.gz","909b7ad27485dcc2d96a7bb1fc70b65b54e93245d75761aca406b9c52f06cbff","2.5.2",0.0012519359588623,0.240315664288779,"ok",TRUE,,"",
"20261001T112848Z","lambda_moderate_n0100_r03","reference","lambda","phytools::phylosig","moderate",0.5,100,3,100,100,0,100,100,20360944,30263914,20361238,"reference",1,FALSE,FALSE,TRUE,"Sys.time",1,"68ecf5382859e743a5b37a5cfbcb989db3a7010988cab16da961faaeeb25e7c2","e088f7a082bf710f80faa9e5a6024490cd9aa11e9f256f8c2755c34ee2a721d2","991e3bf61e7f4197f08f4995efe733f2055d130a0982597b447384b3726fb4a0","7932d3e9a26455fcb42d8fb30dee2868646991af4db6990036af791355d88e92","6e5d7d927a54f873518de8a12b56a24c19e4f24816fcf995375479adc0198ed8","b939f009be9e2c32a89fcfaa6f1734e22860f2b46a0dfecd76d8f4156aa3aec8","0.3.0","isolated_release_library/fastphylosig","d951ecee19c06f3a144ad76c5039302078747585bb3bf829e6f12db15f54775d","isolated_release_library/fastphylosig/libs/<platform>/fastphylosig","c46a5834babd455b546bc65c6549c42ba51e6b47f3c9f222919b7118a5af3280","1bd40080f1ea537b3c73c838dc98ff84940f1064f4e1c4dbfb2dd5063d999bdb","benchmarks/stage5/documentation_fix_release_20261001/fastphylosig_0.3.0.tar.gz","909b7ad27485dcc2d96a7bb1fc70b65b54e93245d75761aca406b9c52f06cbff","2.5.2",0.135550975799561,0.509157339922026,"ok",TRUE,,"",
"20261001T112848Z","lambda_moderate_n0100_r03","fastphylosig","lambda","phytools::phylosig","moderate",0.5,100,3,100,100,0,,,20360944,30263914,20361238,"reference",2,FALSE,FALSE,TRUE,"Sys.time",1,"68ecf5382859e743a5b37a5cfbcb989db3a7010988cab16da961faaeeb25e7c2","e088f7a082bf710f80faa9e5a6024490cd9aa11e9f256f8c2755c34ee2a721d2","991e3bf61e7f4197f08f4995efe733f2055d130a0982597b447384b3726fb4a0","7932d3e9a26455fcb42d8fb30dee2868646991af4db6990036af791355d88e92","6e5d7d927a54f873518de8a12b56a24c19e4f24816fcf995375479adc0198ed8","b939f009be9e2c32a89fcfaa6f1734e22860f2b46a0dfecd76d8f4156aa3aec8","0.3.0","isolated_release_library/fastphylosig","d951ecee19c06f3a144ad76c5039302078747585bb3bf829e6f12db15f54775d","isolated_release_library/fastphylosig/libs/<platform>/fastphylosig","c46a5834babd455b546bc65c6549c42ba51e6b47f3c9f222919b7118a5af3280","1bd40080f1ea537b3c73c838dc98ff84940f1064f4e1c4dbfb2dd5063d999bdb","benchmarks/stage5/documentation_fix_release_20261001/fastphylosig_0.3.0.tar.gz","909b7ad27485dcc2d96a7bb1fc70b65b54e93245d75761aca406b9c52f06cbff","2.5.2",0.00484085083007812,0.509157590746391,"ok",TRUE,,"",
"20261001T112848Z","K_strong_n0100_r03","reference","K","phytools::phylosig","strong",0.95,100,3,100,100,0,100,100,20360944,30263914,20361246,"reference",1,FALSE,,TRUE,"Sys.time",1,"68ecf5382859e743a5b37a5cfbcb989db3a7010988cab16da961faaeeb25e7c2","e088f7a082bf710f80faa9e5a6024490cd9aa11e9f256f8c2755c34ee2a721d2","991e3bf61e7f4197f08f4995efe733f2055d130a0982597b447384b3726fb4a0","b385d5c8391d67efefdc9b23695958faa58282d28869a6646a9bb5e1fe1cdaed","961d1a85fcd8cdc8189d5988d91243166f73273f36e634e19d2db647fbaf8f4b","b939f009be9e2c32a89fcfaa6f1734e22860f2b46a0dfecd76d8f4156aa3aec8","0.3.0","isolated_release_library/fastphylosig","d951ecee19c06f3a144ad76c5039302078747585bb3bf829e6f12db15f54775d","isolated_release_library/fastphylosig/libs/<platform>/fastphylosig","c46a5834babd455b546bc65c6549c42ba51e6b47f3c9f222919b7118a5af3280","1bd40080f1ea537b3c73c838dc98ff84940f1064f4e1c4dbfb2dd5063d999bdb","benchmarks/stage5/documentation_fix_release_20261001/fastphylosig_0.3.0.tar.gz","909b7ad27485dcc2d96a7bb1fc70b65b54e93245d75761aca406b9c52f06cbff","2.5.2",0.00123500823974609,0.549216682315175,"ok",TRUE,,"",
"20261001T112848Z","K_strong_n0100_r03","fastphylosig","K","phytools::phylosig","strong",0.95,100,3,100,100,0,,,20360944,30263914,20361246,"reference",2,FALSE,,TRUE,"Sys.time",1,"68ecf5382859e743a5b37a5cfbcb989db3a7010988cab16da961faaeeb25e7c2","e088f7a082bf710f80faa9e5a6024490cd9aa11e9f256f8c2755c34ee2a721d2","991e3bf61e7f4197f08f4995efe733f2055d130a0982597b447384b3726fb4a0","b385d5c8391d67efefdc9b23695958faa58282d28869a6646a9bb5e1fe1cdaed","961d1a85fcd8cdc8189d5988d91243166f73273f36e634e19d2db647fbaf8f4b","b939f009be9e2c32a89fcfaa6f1734e22860f2b46a0dfecd76d8f4156aa3aec8","0.3.0","isolated_release_library/fastphylosig","d951ecee19c06f3a144ad76c5039302078747585bb3bf829e6f12db15f54775d","isolated_release_library/fastphylosig/libs/<platform>/fastphylosig","c46a5834babd455b546bc65c6549c42ba51e6b47f3c9f222919b7118a5af3280","1bd40080f1ea537b3c73c838dc98ff84940f1064f4e1c4dbfb2dd5063d999bdb","benchmarks/stage5/documentation_fix_release_20261001/fastphylosig_0.3.0.tar.gz","909b7ad27485dcc2d96a7bb1fc70b65b54e93245d75761aca406b9c52f06cbff","2.5.2",0.00422000885009766,0.549216682315177,"ok",TRUE,,"",
"20261001T112848Z","lambda_strong_n0100_r03","fastphylosig","lambda","phytools::phylosig","strong",0.95,100,3,100,100,0,,,20360944,30263914,20361248,"fastphylosig",1,FALSE,FALSE,TRUE,"Sys.time",1,"68ecf5382859e743a5b37a5cfbcb989db3a7010988cab16da961faaeeb25e7c2","e088f7a082bf710f80faa9e5a6024490cd9aa11e9f256f8c2755c34ee2a721d2","991e3bf61e7f4197f08f4995efe733f2055d130a0982597b447384b3726fb4a0","b385d5c8391d67efefdc9b23695958faa58282d28869a6646a9bb5e1fe1cdaed","961d1a85fcd8cdc8189d5988d91243166f73273f36e634e19d2db647fbaf8f4b","b939f009be9e2c32a89fcfaa6f1734e22860f2b46a0dfecd76d8f4156aa3aec8","0.3.0","isolated_release_library/fastphylosig","d951ecee19c06f3a144ad76c5039302078747585bb3bf829e6f12db15f54775d","isolated_release_library/fastphylosig/libs/<platform>/fastphylosig","c46a5834babd455b546bc65c6549c42ba51e6b47f3c9f222919b7118a5af3280","1bd40080f1ea537b3c73c838dc98ff84940f1064f4e1c4dbfb2dd5063d999bdb","benchmarks/stage5/documentation_fix_release_20261001/fastphylosig_0.3.0.tar.gz","909b7ad27485dcc2d96a7bb1fc70b65b54e93245d75761aca406b9c52f06cbff","2.5.2",0.00481295585632324,0.96164201207947,"ok",TRUE,,"",
"20261001T112848Z","lambda_strong_n0100_r03","reference","lambda","phytools::phylosig","strong",0.95,100,3,100,100,0,100,100,20360944,30263914,20361248,"fastphylosig",2,FALSE,FALSE,TRUE,"Sys.time",1,"68ecf5382859e743a5b37a5cfbcb989db3a7010988cab16da961faaeeb25e7c2","e088f7a082bf710f80faa9e5a6024490cd9aa11e9f256f8c2755c34ee2a721d2","991e3bf61e7f4197f08f4995efe733f2055d130a0982597b447384b3726fb4a0","b385d5c8391d67efefdc9b23695958faa58282d28869a6646a9bb5e1fe1cdaed","961d1a85fcd8cdc8189d5988d91243166f73273f36e634e19d2db647fbaf8f4b","b939f009be9e2c32a89fcfaa6f1734e22860f2b46a0dfecd76d8f4156aa3aec8","0.3.0","isolated_release_library/fastphylosig","d951ecee19c06f3a144ad76c5039302078747585bb3bf829e6f12db15f54775d","isolated_release_library/fastphylosig/libs/<platform>/fastphylosig","c46a5834babd455b546bc65c6549c42ba51e6b47f3c9f222919b7118a5af3280","1bd40080f1ea537b3c73c838dc98ff84940f1064f4e1c4dbfb2dd5063d999bdb","benchmarks/stage5/documentation_fix_release_20261001/fastphylosig_0.3.0.tar.gz","909b7ad27485dcc2d96a7bb1fc70b65b54e93245d75761aca406b9c52f06cbff","2.5.2",0.124449014663696,0.961656404723703,"ok",TRUE,,"",
"20261001T112848Z","K_none_n0100_r04","fastphylosig","K","phytools::phylosig","none",0,100,4,100,100,0,,,20360954,30264914,20361326,"fastphylosig",1,FALSE,,TRUE,"Sys.time",1,"cdf0917b0a1830b0a75e82528c3a1e5cb869b5b2c6d42b4fa5dab65808abcf27","1bcdb108903b000909c16e0501e6541779a54092e87c9e0d4b7056cbda300ecd","22681c41469525125ce8e575d8e74a577c12b04d829a894db23fcffba9fa18ac","22681c41469525125ce8e575d8e74a577c12b04d829a894db23fcffba9fa18ac","55adcdd1c1cc82833133116e0c7ed123be0b02915decef67cdc6b0e5ddef024d","770f2112ce6f1da265ec50bb39d2bbee13dbfde996fa13acd7f37242f176d720","0.3.0","isolated_release_library/fastphylosig","d951ecee19c06f3a144ad76c5039302078747585bb3bf829e6f12db15f54775d","isolated_release_library/fastphylosig/libs/<platform>/fastphylosig","c46a5834babd455b546bc65c6549c42ba51e6b47f3c9f222919b7118a5af3280","1bd40080f1ea537b3c73c838dc98ff84940f1064f4e1c4dbfb2dd5063d999bdb","benchmarks/stage5/documentation_fix_release_20261001/fastphylosig_0.3.0.tar.gz","909b7ad27485dcc2d96a7bb1fc70b65b54e93245d75761aca406b9c52f06cbff","2.5.2",0.00450301170349121,0.233923126129359,"ok",TRUE,,"",
"20261001T112848Z","K_none_n0100_r04","reference","K","phytools::phylosig","none",0,100,4,100,100,0,100,100,20360954,30264914,20361326,"fastphylosig",2,FALSE,,TRUE,"Sys.time",1,"cdf0917b0a1830b0a75e82528c3a1e5cb869b5b2c6d42b4fa5dab65808abcf27","1bcdb108903b000909c16e0501e6541779a54092e87c9e0d4b7056cbda300ecd","22681c41469525125ce8e575d8e74a577c12b04d829a894db23fcffba9fa18ac","22681c41469525125ce8e575d8e74a577c12b04d829a894db23fcffba9fa18ac","55adcdd1c1cc82833133116e0c7ed123be0b02915decef67cdc6b0e5ddef024d","770f2112ce6f1da265ec50bb39d2bbee13dbfde996fa13acd7f37242f176d720","0.3.0","isolated_release_library/fastphylosig","d951ecee19c06f3a144ad76c5039302078747585bb3bf829e6f12db15f54775d","isolated_release_library/fastphylosig/libs/<platform>/fastphylosig","c46a5834babd455b546bc65c6549c42ba51e6b47f3c9f222919b7118a5af3280","1bd40080f1ea537b3c73c838dc98ff84940f1064f4e1c4dbfb2dd5063d999bdb","benchmarks/stage5/documentation_fix_release_20261001/fastphylosig_0.3.0.tar.gz","909b7ad27485dcc2d96a7bb1fc70b65b54e93245d75761aca406b9c52f06cbff","2.5.2",0.00111579895019531,0.23392312612936,"ok",TRUE,,"",
"20261001T112848Z","lambda_none_n0100_r04","reference","lambda","phytools::phylosig","none",0,100,4,100,100,0,100,100,20360954,30264914,20361328,"reference",1,FALSE,FALSE,TRUE,"Sys.time",1,"cdf0917b0a1830b0a75e82528c3a1e5cb869b5b2c6d42b4fa5dab65808abcf27","1bcdb108903b000909c16e0501e6541779a54092e87c9e0d4b7056cbda300ecd","22681c41469525125ce8e575d8e74a577c12b04d829a894db23fcffba9fa18ac","22681c41469525125ce8e575d8e74a577c12b04d829a894db23fcffba9fa18ac","55adcdd1c1cc82833133116e0c7ed123be0b02915decef67cdc6b0e5ddef024d","770f2112ce6f1da265ec50bb39d2bbee13dbfde996fa13acd7f37242f176d720","0.3.0","isolated_release_library/fastphylosig","d951ecee19c06f3a144ad76c5039302078747585bb3bf829e6f12db15f54775d","isolated_release_library/fastphylosig/libs/<platform>/fastphylosig","c46a5834babd455b546bc65c6549c42ba51e6b47f3c9f222919b7118a5af3280","1bd40080f1ea537b3c73c838dc98ff84940f1064f4e1c4dbfb2dd5063d999bdb","benchmarks/stage5/documentation_fix_release_20261001/fastphylosig_0.3.0.tar.gz","909b7ad27485dcc2d96a7bb1fc70b65b54e93245d75761aca406b9c52f06cbff","2.5.2",0.111346960067749,0.210606861636526,"ok",TRUE,,"",
"20261001T112848Z","lambda_none_n0100_r04","fastphylosig","lambda","phytools::phylosig","none",0,100,4,100,100,0,,,20360954,30264914,20361328,"reference",2,FALSE,FALSE,TRUE,"Sys.time",1,"cdf0917b0a1830b0a75e82528c3a1e5cb869b5b2c6d42b4fa5dab65808abcf27","1bcdb108903b000909c16e0501e6541779a54092e87c9e0d4b7056cbda300ecd","22681c41469525125ce8e575d8e74a577c12b04d829a894db23fcffba9fa18ac","22681c41469525125ce8e575d8e74a577c12b04d829a894db23fcffba9fa18ac","55adcdd1c1cc82833133116e0c7ed123be0b02915decef67cdc6b0e5ddef024d","770f2112ce6f1da265ec50bb39d2bbee13dbfde996fa13acd7f37242f176d720","0.3.0","isolated_release_library/fastphylosig","d951ecee19c06f3a144ad76c5039302078747585bb3bf829e6f12db15f54775d","isolated_release_library/fastphylosig/libs/<platform>/fastphylosig","c46a5834babd455b546bc65c6549c42ba51e6b47f3c9f222919b7118a5af3280","1bd40080f1ea537b3c73c838dc98ff84940f1064f4e1c4dbfb2dd5063d999bdb","benchmarks/stage5/documentation_fix_release_20261001/fastphylosig_0.3.0.tar.gz","909b7ad27485dcc2d96a7bb1fc70b65b54e93245d75761aca406b9c52f06cbff","2.5.2",0.00492596626281738,0.210602766403169,"ok",TRUE,,"",
"20261001T112848Z","K_moderate_n0100_r04","reference","K","phytools::phylosig","moderate",0.5,100,4,100,100,0,100,100,20360954,30264914,20361336,"reference",1,FALSE,,TRUE,"Sys.time",1,"cdf0917b0a1830b0a75e82528c3a1e5cb869b5b2c6d42b4fa5dab65808abcf27","1bcdb108903b000909c16e0501e6541779a54092e87c9e0d4b7056cbda300ecd","22681c41469525125ce8e575d8e74a577c12b04d829a894db23fcffba9fa18ac","ee412600f0d70f0fd63ab4507f8c628117caa906d071d80b55842bde8e054bc2","45624a1afb1383ad59832fa04c82038640f35a0cbbd7dec6eb95269d0939ccc5","770f2112ce6f1da265ec50bb39d2bbee13dbfde996fa13acd7f37242f176d720","0.3.0","isolated_release_library/fastphylosig","d951ecee19c06f3a144ad76c5039302078747585bb3bf829e6f12db15f54775d","isolated_release_library/fastphylosig/libs/<platform>/fastphylosig","c46a5834babd455b546bc65c6549c42ba51e6b47f3c9f222919b7118a5af3280","1bd40080f1ea537b3c73c838dc98ff84940f1064f4e1c4dbfb2dd5063d999bdb","benchmarks/stage5/documentation_fix_release_20261001/fastphylosig_0.3.0.tar.gz","909b7ad27485dcc2d96a7bb1fc70b65b54e93245d75761aca406b9c52f06cbff","2.5.2",0.0010678768157959,0.461760498841786,"ok",TRUE,,"",
"20261001T112848Z","K_moderate_n0100_r04","fastphylosig","K","phytools::phylosig","moderate",0.5,100,4,100,100,0,,,20360954,30264914,20361336,"reference",2,FALSE,,TRUE,"Sys.time",1,"cdf0917b0a1830b0a75e82528c3a1e5cb869b5b2c6d42b4fa5dab65808abcf27","1bcdb108903b000909c16e0501e6541779a54092e87c9e0d4b7056cbda300ecd","22681c41469525125ce8e575d8e74a577c12b04d829a894db23fcffba9fa18ac","ee412600f0d70f0fd63ab4507f8c628117caa906d071d80b55842bde8e054bc2","45624a1afb1383ad59832fa04c82038640f35a0cbbd7dec6eb95269d0939ccc5","770f2112ce6f1da265ec50bb39d2bbee13dbfde996fa13acd7f37242f176d720","0.3.0","isolated_release_library/fastphylosig","d951ecee19c06f3a144ad76c5039302078747585bb3bf829e6f12db15f54775d","isolated_release_library/fastphylosig/libs/<platform>/fastphylosig","c46a5834babd455b546bc65c6549c42ba51e6b47f3c9f222919b7118a5af3280","1bd40080f1ea537b3c73c838dc98ff84940f1064f4e1c4dbfb2dd5063d999bdb","benchmarks/stage5/documentation_fix_release_20261001/fastphylosig_0.3.0.tar.gz","909b7ad27485dcc2d96a7bb1fc70b65b54e93245d75761aca406b9c52f06cbff","2.5.2",0.00470995903015137,0.461760498841786,"ok",TRUE,,"",
"20261001T112848Z","lambda_moderate_n0100_r04","fastphylosig","lambda","phytools::phylosig","moderate",0.5,100,4,100,100,0,,,20360954,30264914,20361338,"fastphylosig",1,FALSE,FALSE,TRUE,"Sys.time",1,"cdf0917b0a1830b0a75e82528c3a1e5cb869b5b2c6d42b4fa5dab65808abcf27","1bcdb108903b000909c16e0501e6541779a54092e87c9e0d4b7056cbda300ecd","22681c41469525125ce8e575d8e74a577c12b04d829a894db23fcffba9fa18ac","ee412600f0d70f0fd63ab4507f8c628117caa906d071d80b55842bde8e054bc2","45624a1afb1383ad59832fa04c82038640f35a0cbbd7dec6eb95269d0939ccc5","770f2112ce6f1da265ec50bb39d2bbee13dbfde996fa13acd7f37242f176d720","0.3.0","isolated_release_library/fastphylosig","d951ecee19c06f3a144ad76c5039302078747585bb3bf829e6f12db15f54775d","isolated_release_library/fastphylosig/libs/<platform>/fastphylosig","c46a5834babd455b546bc65c6549c42ba51e6b47f3c9f222919b7118a5af3280","1bd40080f1ea537b3c73c838dc98ff84940f1064f4e1c4dbfb2dd5063d999bdb","benchmarks/stage5/documentation_fix_release_20261001/fastphylosig_0.3.0.tar.gz","909b7ad27485dcc2d96a7bb1fc70b65b54e93245d75761aca406b9c52f06cbff","2.5.2",0.00498604774475098,0.687075312971088,"ok",TRUE,,"",
"20261001T112848Z","lambda_moderate_n0100_r04","reference","lambda","phytools::phylosig","moderate",0.5,100,4,100,100,0,100,100,20360954,30264914,20361338,"fastphylosig",2,FALSE,FALSE,TRUE,"Sys.time",1,"cdf0917b0a1830b0a75e82528c3a1e5cb869b5b2c6d42b4fa5dab65808abcf27","1bcdb108903b000909c16e0501e6541779a54092e87c9e0d4b7056cbda300ecd","22681c41469525125ce8e575d8e74a577c12b04d829a894db23fcffba9fa18ac","ee412600f0d70f0fd63ab4507f8c628117caa906d071d80b55842bde8e054bc2","45624a1afb1383ad59832fa04c82038640f35a0cbbd7dec6eb95269d0939ccc5","770f2112ce6f1da265ec50bb39d2bbee13dbfde996fa13acd7f37242f176d720","0.3.0","isolated_release_library/fastphylosig","d951ecee19c06f3a144ad76c5039302078747585bb3bf829e6f12db15f54775d","isolated_release_library/fastphylosig/libs/<platform>/fastphylosig","c46a5834babd455b546bc65c6549c42ba51e6b47f3c9f222919b7118a5af3280","1bd40080f1ea537b3c73c838dc98ff84940f1064f4e1c4dbfb2dd5063d999bdb","benchmarks/stage5/documentation_fix_release_20261001/fastphylosig_0.3.0.tar.gz","909b7ad27485dcc2d96a7bb1fc70b65b54e93245d75761aca406b9c52f06cbff","2.5.2",0.105498075485229,0.687053803937565,"ok",TRUE,,"",
"20261001T112848Z","K_strong_n0100_r04","fastphylosig","K","phytools::phylosig","strong",0.95,100,4,100,100,0,,,20360954,30264914,20361346,"fastphylosig",1,FALSE,,TRUE,"Sys.time",1,"cdf0917b0a1830b0a75e82528c3a1e5cb869b5b2c6d42b4fa5dab65808abcf27","1bcdb108903b000909c16e0501e6541779a54092e87c9e0d4b7056cbda300ecd","22681c41469525125ce8e575d8e74a577c12b04d829a894db23fcffba9fa18ac","78d92f439494f7307b2da6d55b32f041f6596b2e51cc375b9ec50acb92ec57b5","92da706d81580a8a55855ac6cee65bc5033401fbd698dc36edc5df9401d32b6c","770f2112ce6f1da265ec50bb39d2bbee13dbfde996fa13acd7f37242f176d720","0.3.0","isolated_release_library/fastphylosig","d951ecee19c06f3a144ad76c5039302078747585bb3bf829e6f12db15f54775d","isolated_release_library/fastphylosig/libs/<platform>/fastphylosig","c46a5834babd455b546bc65c6549c42ba51e6b47f3c9f222919b7118a5af3280","1bd40080f1ea537b3c73c838dc98ff84940f1064f4e1c4dbfb2dd5063d999bdb","benchmarks/stage5/documentation_fix_release_20261001/fastphylosig_0.3.0.tar.gz","909b7ad27485dcc2d96a7bb1fc70b65b54e93245d75761aca406b9c52f06cbff","2.5.2",0.00462722778320312,1.04406601586611,"ok",TRUE,,"",
"20261001T112848Z","K_strong_n0100_r04","reference","K","phytools::phylosig","strong",0.95,100,4,100,100,0,100,100,20360954,30264914,20361346,"fastphylosig",2,FALSE,,TRUE,"Sys.time",1,"cdf0917b0a1830b0a75e82528c3a1e5cb869b5b2c6d42b4fa5dab65808abcf27","1bcdb108903b000909c16e0501e6541779a54092e87c9e0d4b7056cbda300ecd","22681c41469525125ce8e575d8e74a577c12b04d829a894db23fcffba9fa18ac","78d92f439494f7307b2da6d55b32f041f6596b2e51cc375b9ec50acb92ec57b5","92da706d81580a8a55855ac6cee65bc5033401fbd698dc36edc5df9401d32b6c","770f2112ce6f1da265ec50bb39d2bbee13dbfde996fa13acd7f37242f176d720","0.3.0","isolated_release_library/fastphylosig","d951ecee19c06f3a144ad76c5039302078747585bb3bf829e6f12db15f54775d","isolated_release_library/fastphylosig/libs/<platform>/fastphylosig","c46a5834babd455b546bc65c6549c42ba51e6b47f3c9f222919b7118a5af3280","1bd40080f1ea537b3c73c838dc98ff84940f1064f4e1c4dbfb2dd5063d999bdb","benchmarks/stage5/documentation_fix_release_20261001/fastphylosig_0.3.0.tar.gz","909b7ad27485dcc2d96a7bb1fc70b65b54e93245d75761aca406b9c52f06cbff","2.5.2",0.00111198425292969,1.04406601586611,"ok",TRUE,,"",
"20261001T112848Z","lambda_strong_n0100_r04","reference","lambda","phytools::phylosig","strong",0.95,100,4,100,100,0,100,100,20360954,30264914,20361348,"reference",1,FALSE,FALSE,TRUE,"Sys.time",1,"cdf0917b0a1830b0a75e82528c3a1e5cb869b5b2c6d42b4fa5dab65808abcf27","1bcdb108903b000909c16e0501e6541779a54092e87c9e0d4b7056cbda300ecd","22681c41469525125ce8e575d8e74a577c12b04d829a894db23fcffba9fa18ac","78d92f439494f7307b2da6d55b32f041f6596b2e51cc375b9ec50acb92ec57b5","92da706d81580a8a55855ac6cee65bc5033401fbd698dc36edc5df9401d32b6c","770f2112ce6f1da265ec50bb39d2bbee13dbfde996fa13acd7f37242f176d720","0.3.0","isolated_release_library/fastphylosig","d951ecee19c06f3a144ad76c5039302078747585bb3bf829e6f12db15f54775d","isolated_release_library/fastphylosig/libs/<platform>/fastphylosig","c46a5834babd455b546bc65c6549c42ba51e6b47f3c9f222919b7118a5af3280","1bd40080f1ea537b3c73c838dc98ff84940f1064f4e1c4dbfb2dd5063d999bdb","benchmarks/stage5/documentation_fix_release_20261001/fastphylosig_0.3.0.tar.gz","909b7ad27485dcc2d96a7bb1fc70b65b54e93245d75761aca406b9c52f06cbff","2.5.2",0.105445146560669,0.958491253276076,"ok",TRUE,,"",
"20261001T112848Z","lambda_strong_n0100_r04","fastphylosig","lambda","phytools::phylosig","strong",0.95,100,4,100,100,0,,,20360954,30264914,20361348,"reference",2,FALSE,FALSE,TRUE,"Sys.time",1,"cdf0917b0a1830b0a75e82528c3a1e5cb869b5b2c6d42b4fa5dab65808abcf27","1bcdb108903b000909c16e0501e6541779a54092e87c9e0d4b7056cbda300ecd","22681c41469525125ce8e575d8e74a577c12b04d829a894db23fcffba9fa18ac","78d92f439494f7307b2da6d55b32f041f6596b2e51cc375b9ec50acb92ec57b5","92da706d81580a8a55855ac6cee65bc5033401fbd698dc36edc5df9401d32b6c","770f2112ce6f1da265ec50bb39d2bbee13dbfde996fa13acd7f37242f176d720","0.3.0","isolated_release_library/fastphylosig","d951ecee19c06f3a144ad76c5039302078747585bb3bf829e6f12db15f54775d","isolated_release_library/fastphylosig/libs/<platform>/fastphylosig","c46a5834babd455b546bc65c6549c42ba51e6b47f3c9f222919b7118a5af3280","1bd40080f1ea537b3c73c838dc98ff84940f1064f4e1c4dbfb2dd5063d999bdb","benchmarks/stage5/documentation_fix_release_20261001/fastphylosig_0.3.0.tar.gz","909b7ad27485dcc2d96a7bb1fc70b65b54e93245d75761aca406b9c52f06cbff","2.5.2",0.00509190559387207,0.958503798075527,"ok",TRUE,,"",
"20261001T112848Z","K_none_n0100_r05","reference","K","phytools::phylosig","none",0,100,5,100,100,0,100,100,20360964,30265914,20361426,"reference",1,FALSE,,TRUE,"Sys.time",1,"0c354e1bc29a1cdd380f6bcb1614a2fa232827290a994178f0d2e1afbaf2fd4b","2387da8eadb4b73149bba3364bbd5136056cb61a8a28ac7775e3b3ea1b6b9742","39e64d039f03b3e288e99d212913e08e2b2a4812e55deb0f125909062aeadf74","39e64d039f03b3e288e99d212913e08e2b2a4812e55deb0f125909062aeadf74","a0d82367ec3fb4f59b1d02953b77449cd639cda8d1171a7f6ed80e86d5fd5c0f","6e3465ced700e5386deaa3a9f3c574e35dbde83e363db31708c9580002d2f291","0.3.0","isolated_release_library/fastphylosig","d951ecee19c06f3a144ad76c5039302078747585bb3bf829e6f12db15f54775d","isolated_release_library/fastphylosig/libs/<platform>/fastphylosig","c46a5834babd455b546bc65c6549c42ba51e6b47f3c9f222919b7118a5af3280","1bd40080f1ea537b3c73c838dc98ff84940f1064f4e1c4dbfb2dd5063d999bdb","benchmarks/stage5/documentation_fix_release_20261001/fastphylosig_0.3.0.tar.gz","909b7ad27485dcc2d96a7bb1fc70b65b54e93245d75761aca406b9c52f06cbff","2.5.2",0.00114083290100098,0.228624885388571,"ok",TRUE,,"",
"20261001T112848Z","K_none_n0100_r05","fastphylosig","K","phytools::phylosig","none",0,100,5,100,100,0,,,20360964,30265914,20361426,"reference",2,FALSE,,TRUE,"Sys.time",1,"0c354e1bc29a1cdd380f6bcb1614a2fa232827290a994178f0d2e1afbaf2fd4b","2387da8eadb4b73149bba3364bbd5136056cb61a8a28ac7775e3b3ea1b6b9742","39e64d039f03b3e288e99d212913e08e2b2a4812e55deb0f125909062aeadf74","39e64d039f03b3e288e99d212913e08e2b2a4812e55deb0f125909062aeadf74","a0d82367ec3fb4f59b1d02953b77449cd639cda8d1171a7f6ed80e86d5fd5c0f","6e3465ced700e5386deaa3a9f3c574e35dbde83e363db31708c9580002d2f291","0.3.0","isolated_release_library/fastphylosig","d951ecee19c06f3a144ad76c5039302078747585bb3bf829e6f12db15f54775d","isolated_release_library/fastphylosig/libs/<platform>/fastphylosig","c46a5834babd455b546bc65c6549c42ba51e6b47f3c9f222919b7118a5af3280","1bd40080f1ea537b3c73c838dc98ff84940f1064f4e1c4dbfb2dd5063d999bdb","benchmarks/stage5/documentation_fix_release_20261001/fastphylosig_0.3.0.tar.gz","909b7ad27485dcc2d96a7bb1fc70b65b54e93245d75761aca406b9c52f06cbff","2.5.2",0.00426387786865234,0.228624885388571,"ok",TRUE,,"",
"20261001T112848Z","lambda_none_n0100_r05","fastphylosig","lambda","phytools::phylosig","none",0,100,5,100,100,0,,,20360964,30265914,20361428,"fastphylosig",1,FALSE,FALSE,TRUE,"Sys.time",1,"0c354e1bc29a1cdd380f6bcb1614a2fa232827290a994178f0d2e1afbaf2fd4b","2387da8eadb4b73149bba3364bbd5136056cb61a8a28ac7775e3b3ea1b6b9742","39e64d039f03b3e288e99d212913e08e2b2a4812e55deb0f125909062aeadf74","39e64d039f03b3e288e99d212913e08e2b2a4812e55deb0f125909062aeadf74","a0d82367ec3fb4f59b1d02953b77449cd639cda8d1171a7f6ed80e86d5fd5c0f","6e3465ced700e5386deaa3a9f3c574e35dbde83e363db31708c9580002d2f291","0.3.0","isolated_release_library/fastphylosig","d951ecee19c06f3a144ad76c5039302078747585bb3bf829e6f12db15f54775d","isolated_release_library/fastphylosig/libs/<platform>/fastphylosig","c46a5834babd455b546bc65c6549c42ba51e6b47f3c9f222919b7118a5af3280","1bd40080f1ea537b3c73c838dc98ff84940f1064f4e1c4dbfb2dd5063d999bdb","benchmarks/stage5/documentation_fix_release_20261001/fastphylosig_0.3.0.tar.gz","909b7ad27485dcc2d96a7bb1fc70b65b54e93245d75761aca406b9c52f06cbff","2.5.2",0.00514006614685059,6.6106961351896e-05,"ok",TRUE,,"",
"20261001T112848Z","lambda_none_n0100_r05","reference","lambda","phytools::phylosig","none",0,100,5,100,100,0,100,100,20360964,30265914,20361428,"fastphylosig",2,FALSE,FALSE,TRUE,"Sys.time",1,"0c354e1bc29a1cdd380f6bcb1614a2fa232827290a994178f0d2e1afbaf2fd4b","2387da8eadb4b73149bba3364bbd5136056cb61a8a28ac7775e3b3ea1b6b9742","39e64d039f03b3e288e99d212913e08e2b2a4812e55deb0f125909062aeadf74","39e64d039f03b3e288e99d212913e08e2b2a4812e55deb0f125909062aeadf74","a0d82367ec3fb4f59b1d02953b77449cd639cda8d1171a7f6ed80e86d5fd5c0f","6e3465ced700e5386deaa3a9f3c574e35dbde83e363db31708c9580002d2f291","0.3.0","isolated_release_library/fastphylosig","d951ecee19c06f3a144ad76c5039302078747585bb3bf829e6f12db15f54775d","isolated_release_library/fastphylosig/libs/<platform>/fastphylosig","c46a5834babd455b546bc65c6549c42ba51e6b47f3c9f222919b7118a5af3280","1bd40080f1ea537b3c73c838dc98ff84940f1064f4e1c4dbfb2dd5063d999bdb","benchmarks/stage5/documentation_fix_release_20261001/fastphylosig_0.3.0.tar.gz","909b7ad27485dcc2d96a7bb1fc70b65b54e93245d75761aca406b9c52f06cbff","2.5.2",0.109355926513672,7.33137435857406e-05,"ok",TRUE,,"",
"20261001T112848Z","K_moderate_n0100_r05","fastphylosig","K","phytools::phylosig","moderate",0.5,100,5,100,100,0,,,20360964,30265914,20361436,"fastphylosig",1,FALSE,,TRUE,"Sys.time",1,"0c354e1bc29a1cdd380f6bcb1614a2fa232827290a994178f0d2e1afbaf2fd4b","2387da8eadb4b73149bba3364bbd5136056cb61a8a28ac7775e3b3ea1b6b9742","39e64d039f03b3e288e99d212913e08e2b2a4812e55deb0f125909062aeadf74","e21fbac13db7784ffe923f98ec996bd783cfa60363fbc23fb8b09c45d53e034b","a550980dbe6996ec6dbac1043be3a5f54985c9b83c4c7c69441bf32a7ed1c0e0","6e3465ced700e5386deaa3a9f3c574e35dbde83e363db31708c9580002d2f291","0.3.0","isolated_release_library/fastphylosig","d951ecee19c06f3a144ad76c5039302078747585bb3bf829e6f12db15f54775d","isolated_release_library/fastphylosig/libs/<platform>/fastphylosig","c46a5834babd455b546bc65c6549c42ba51e6b47f3c9f222919b7118a5af3280","1bd40080f1ea537b3c73c838dc98ff84940f1064f4e1c4dbfb2dd5063d999bdb","benchmarks/stage5/documentation_fix_release_20261001/fastphylosig_0.3.0.tar.gz","909b7ad27485dcc2d96a7bb1fc70b65b54e93245d75761aca406b9c52f06cbff","2.5.2",0.00466084480285645,0.339583356449176,"ok",TRUE,,"",
"20261001T112848Z","K_moderate_n0100_r05","reference","K","phytools::phylosig","moderate",0.5,100,5,100,100,0,100,100,20360964,30265914,20361436,"fastphylosig",2,FALSE,,TRUE,"Sys.time",1,"0c354e1bc29a1cdd380f6bcb1614a2fa232827290a994178f0d2e1afbaf2fd4b","2387da8eadb4b73149bba3364bbd5136056cb61a8a28ac7775e3b3ea1b6b9742","39e64d039f03b3e288e99d212913e08e2b2a4812e55deb0f125909062aeadf74","e21fbac13db7784ffe923f98ec996bd783cfa60363fbc23fb8b09c45d53e034b","a550980dbe6996ec6dbac1043be3a5f54985c9b83c4c7c69441bf32a7ed1c0e0","6e3465ced700e5386deaa3a9f3c574e35dbde83e363db31708c9580002d2f291","0.3.0","isolated_release_library/fastphylosig","d951ecee19c06f3a144ad76c5039302078747585bb3bf829e6f12db15f54775d","isolated_release_library/fastphylosig/libs/<platform>/fastphylosig","c46a5834babd455b546bc65c6549c42ba51e6b47f3c9f222919b7118a5af3280","1bd40080f1ea537b3c73c838dc98ff84940f1064f4e1c4dbfb2dd5063d999bdb","benchmarks/stage5/documentation_fix_release_20261001/fastphylosig_0.3.0.tar.gz","909b7ad27485dcc2d96a7bb1fc70b65b54e93245d75761aca406b9c52f06cbff","2.5.2",0.00102996826171875,0.339583356449176,"ok",TRUE,,"",
"20261001T112848Z","lambda_moderate_n0100_r05","reference","lambda","phytools::phylosig","moderate",0.5,100,5,100,100,0,100,100,20360964,30265914,20361438,"reference",1,FALSE,FALSE,TRUE,"Sys.time",1,"0c354e1bc29a1cdd380f6bcb1614a2fa232827290a994178f0d2e1afbaf2fd4b","2387da8eadb4b73149bba3364bbd5136056cb61a8a28ac7775e3b3ea1b6b9742","39e64d039f03b3e288e99d212913e08e2b2a4812e55deb0f125909062aeadf74","e21fbac13db7784ffe923f98ec996bd783cfa60363fbc23fb8b09c45d53e034b","a550980dbe6996ec6dbac1043be3a5f54985c9b83c4c7c69441bf32a7ed1c0e0","6e3465ced700e5386deaa3a9f3c574e35dbde83e363db31708c9580002d2f291","0.3.0","isolated_release_library/fastphylosig","d951ecee19c06f3a144ad76c5039302078747585bb3bf829e6f12db15f54775d","isolated_release_library/fastphylosig/libs/<platform>/fastphylosig","c46a5834babd455b546bc65c6549c42ba51e6b47f3c9f222919b7118a5af3280","1bd40080f1ea537b3c73c838dc98ff84940f1064f4e1c4dbfb2dd5063d999bdb","benchmarks/stage5/documentation_fix_release_20261001/fastphylosig_0.3.0.tar.gz","909b7ad27485dcc2d96a7bb1fc70b65b54e93245d75761aca406b9c52f06cbff","2.5.2",0.0970790386199951,0.524582040334995,"ok",TRUE,,"",
"20261001T112848Z","lambda_moderate_n0100_r05","fastphylosig","lambda","phytools::phylosig","moderate",0.5,100,5,100,100,0,,,20360964,30265914,20361438,"reference",2,FALSE,FALSE,TRUE,"Sys.time",1,"0c354e1bc29a1cdd380f6bcb1614a2fa232827290a994178f0d2e1afbaf2fd4b","2387da8eadb4b73149bba3364bbd5136056cb61a8a28ac7775e3b3ea1b6b9742","39e64d039f03b3e288e99d212913e08e2b2a4812e55deb0f125909062aeadf74","e21fbac13db7784ffe923f98ec996bd783cfa60363fbc23fb8b09c45d53e034b","a550980dbe6996ec6dbac1043be3a5f54985c9b83c4c7c69441bf32a7ed1c0e0","6e3465ced700e5386deaa3a9f3c574e35dbde83e363db31708c9580002d2f291","0.3.0","isolated_release_library/fastphylosig","d951ecee19c06f3a144ad76c5039302078747585bb3bf829e6f12db15f54775d","isolated_release_library/fastphylosig/libs/<platform>/fastphylosig","c46a5834babd455b546bc65c6549c42ba51e6b47f3c9f222919b7118a5af3280","1bd40080f1ea537b3c73c838dc98ff84940f1064f4e1c4dbfb2dd5063d999bdb","benchmarks/stage5/documentation_fix_release_20261001/fastphylosig_0.3.0.tar.gz","909b7ad27485dcc2d96a7bb1fc70b65b54e93245d75761aca406b9c52f06cbff","2.5.2",0.00563406944274902,0.524590574437295,"ok",TRUE,,"",
"20261001T112848Z","K_strong_n0100_r05","reference","K","phytools::phylosig","strong",0.95,100,5,100,100,0,100,100,20360964,30265914,20361446,"reference",1,FALSE,,TRUE,"Sys.time",1,"0c354e1bc29a1cdd380f6bcb1614a2fa232827290a994178f0d2e1afbaf2fd4b","2387da8eadb4b73149bba3364bbd5136056cb61a8a28ac7775e3b3ea1b6b9742","39e64d039f03b3e288e99d212913e08e2b2a4812e55deb0f125909062aeadf74","ff74d050cdea1a4f4b657fb3c5316fd338b43cbf4f19a2e771955b6e6a76cc6d","7d09fe2fa51714fee6695688dda5d0969aab7eacc60cd95839c14b10a1781cf8","6e3465ced700e5386deaa3a9f3c574e35dbde83e363db31708c9580002d2f291","0.3.0","isolated_release_library/fastphylosig","d951ecee19c06f3a144ad76c5039302078747585bb3bf829e6f12db15f54775d","isolated_release_library/fastphylosig/libs/<platform>/fastphylosig","c46a5834babd455b546bc65c6549c42ba51e6b47f3c9f222919b7118a5af3280","1bd40080f1ea537b3c73c838dc98ff84940f1064f4e1c4dbfb2dd5063d999bdb","benchmarks/stage5/documentation_fix_release_20261001/fastphylosig_0.3.0.tar.gz","909b7ad27485dcc2d96a7bb1fc70b65b54e93245d75761aca406b9c52f06cbff","2.5.2",0.000966072082519531,0.709224255511552,"ok",TRUE,,"",
"20261001T112848Z","K_strong_n0100_r05","fastphylosig","K","phytools::phylosig","strong",0.95,100,5,100,100,0,,,20360964,30265914,20361446,"reference",2,FALSE,,TRUE,"Sys.time",1,"0c354e1bc29a1cdd380f6bcb1614a2fa232827290a994178f0d2e1afbaf2fd4b","2387da8eadb4b73149bba3364bbd5136056cb61a8a28ac7775e3b3ea1b6b9742","39e64d039f03b3e288e99d212913e08e2b2a4812e55deb0f125909062aeadf74","ff74d050cdea1a4f4b657fb3c5316fd338b43cbf4f19a2e771955b6e6a76cc6d","7d09fe2fa51714fee6695688dda5d0969aab7eacc60cd95839c14b10a1781cf8","6e3465ced700e5386deaa3a9f3c574e35dbde83e363db31708c9580002d2f291","0.3.0","isolated_release_library/fastphylosig","d951ecee19c06f3a144ad76c5039302078747585bb3bf829e6f12db15f54775d","isolated_release_library/fastphylosig/libs/<platform>/fastphylosig","c46a5834babd455b546bc65c6549c42ba51e6b47f3c9f222919b7118a5af3280","1bd40080f1ea537b3c73c838dc98ff84940f1064f4e1c4dbfb2dd5063d999bdb","benchmarks/stage5/documentation_fix_release_20261001/fastphylosig_0.3.0.tar.gz","909b7ad27485dcc2d96a7bb1fc70b65b54e93245d75761aca406b9c52f06cbff","2.5.2",0.00436902046203613,0.709224255511551,"ok",TRUE,,"",
"20261001T112848Z","lambda_strong_n0100_r05","fastphylosig","lambda","phytools::phylosig","strong",0.95,100,5,100,100,0,,,20360964,30265914,20361448,"fastphylosig",1,FALSE,FALSE,TRUE,"Sys.time",1,"0c354e1bc29a1cdd380f6bcb1614a2fa232827290a994178f0d2e1afbaf2fd4b","2387da8eadb4b73149bba3364bbd5136056cb61a8a28ac7775e3b3ea1b6b9742","39e64d039f03b3e288e99d212913e08e2b2a4812e55deb0f125909062aeadf74","ff74d050cdea1a4f4b657fb3c5316fd338b43cbf4f19a2e771955b6e6a76cc6d","7d09fe2fa51714fee6695688dda5d0969aab7eacc60cd95839c14b10a1781cf8","6e3465ced700e5386deaa3a9f3c574e35dbde83e363db31708c9580002d2f291","0.3.0","isolated_release_library/fastphylosig","d951ecee19c06f3a144ad76c5039302078747585bb3bf829e6f12db15f54775d","isolated_release_library/fastphylosig/libs/<platform>/fastphylosig","c46a5834babd455b546bc65c6549c42ba51e6b47f3c9f222919b7118a5af3280","1bd40080f1ea537b3c73c838dc98ff84940f1064f4e1c4dbfb2dd5063d999bdb","benchmarks/stage5/documentation_fix_release_20261001/fastphylosig_0.3.0.tar.gz","909b7ad27485dcc2d96a7bb1fc70b65b54e93245d75761aca406b9c52f06cbff","2.5.2",0.00490903854370117,0.999933893038648,"ok",TRUE,,"",
"20261001T112848Z","lambda_strong_n0100_r05","reference","lambda","phytools::phylosig","strong",0.95,100,5,100,100,0,100,100,20360964,30265914,20361448,"fastphylosig",2,FALSE,FALSE,TRUE,"Sys.time",1,"0c354e1bc29a1cdd380f6bcb1614a2fa232827290a994178f0d2e1afbaf2fd4b","2387da8eadb4b73149bba3364bbd5136056cb61a8a28ac7775e3b3ea1b6b9742","39e64d039f03b3e288e99d212913e08e2b2a4812e55deb0f125909062aeadf74","ff74d050cdea1a4f4b657fb3c5316fd338b43cbf4f19a2e771955b6e6a76cc6d","7d09fe2fa51714fee6695688dda5d0969aab7eacc60cd95839c14b10a1781cf8","6e3465ced700e5386deaa3a9f3c574e35dbde83e363db31708c9580002d2f291","0.3.0","isolated_release_library/fastphylosig","d951ecee19c06f3a144ad76c5039302078747585bb3bf829e6f12db15f54775d","isolated_release_library/fastphylosig/libs/<platform>/fastphylosig","c46a5834babd455b546bc65c6549c42ba51e6b47f3c9f222919b7118a5af3280","1bd40080f1ea537b3c73c838dc98ff84940f1064f4e1c4dbfb2dd5063d999bdb","benchmarks/stage5/documentation_fix_release_20261001/fastphylosig_0.3.0.tar.gz","909b7ad27485dcc2d96a7bb1fc70b65b54e93245d75761aca406b9c52f06cbff","2.5.2",0.118129968643188,0.999926686256414,"ok",TRUE,,"",
"20261001T112848Z","K_none_n0100_r06","fastphylosig","K","phytools::phylosig","none",0,100,6,100,100,0,,,20360974,30266914,20361526,"fastphylosig",1,FALSE,,TRUE,"Sys.time",1,"7c90a2a5ef783545eddfe238efb7b18a1244075003a3da9bdc476d432d0629b7","1c7558de8201b7f2ed1936965bccaade9c7f8caf03417ca251eae5f80363353d","f886cbcc5abd509439ff243ff8491eaf8a863e4679cdcbcc706d9da371a45945","f886cbcc5abd509439ff243ff8491eaf8a863e4679cdcbcc706d9da371a45945","b3ae18c97948734a2f975d10f00ebed1d715043462f00301dcfc00723c3dcfce","282b95ded5ac63f097c6c110b2322dc389b2e8b35dea19fd2d5af147f091b21c","0.3.0","isolated_release_library/fastphylosig","d951ecee19c06f3a144ad76c5039302078747585bb3bf829e6f12db15f54775d","isolated_release_library/fastphylosig/libs/<platform>/fastphylosig","c46a5834babd455b546bc65c6549c42ba51e6b47f3c9f222919b7118a5af3280","1bd40080f1ea537b3c73c838dc98ff84940f1064f4e1c4dbfb2dd5063d999bdb","benchmarks/stage5/documentation_fix_release_20261001/fastphylosig_0.3.0.tar.gz","909b7ad27485dcc2d96a7bb1fc70b65b54e93245d75761aca406b9c52f06cbff","2.5.2",0.00484108924865723,0.186244486246807,"ok",TRUE,,"",
"20261001T112848Z","K_none_n0100_r06","reference","K","phytools::phylosig","none",0,100,6,100,100,0,100,100,20360974,30266914,20361526,"fastphylosig",2,FALSE,,TRUE,"Sys.time",1,"7c90a2a5ef783545eddfe238efb7b18a1244075003a3da9bdc476d432d0629b7","1c7558de8201b7f2ed1936965bccaade9c7f8caf03417ca251eae5f80363353d","f886cbcc5abd509439ff243ff8491eaf8a863e4679cdcbcc706d9da371a45945","f886cbcc5abd509439ff243ff8491eaf8a863e4679cdcbcc706d9da371a45945","b3ae18c97948734a2f975d10f00ebed1d715043462f00301dcfc00723c3dcfce","282b95ded5ac63f097c6c110b2322dc389b2e8b35dea19fd2d5af147f091b21c","0.3.0","isolated_release_library/fastphylosig","d951ecee19c06f3a144ad76c5039302078747585bb3bf829e6f12db15f54775d","isolated_release_library/fastphylosig/libs/<platform>/fastphylosig","c46a5834babd455b546bc65c6549c42ba51e6b47f3c9f222919b7118a5af3280","1bd40080f1ea537b3c73c838dc98ff84940f1064f4e1c4dbfb2dd5063d999bdb","benchmarks/stage5/documentation_fix_release_20261001/fastphylosig_0.3.0.tar.gz","909b7ad27485dcc2d96a7bb1fc70b65b54e93245d75761aca406b9c52f06cbff","2.5.2",0.0011141300201416,0.186244486246806,"ok",TRUE,,"",
"20261001T112848Z","lambda_none_n0100_r06","reference","lambda","phytools::phylosig","none",0,100,6,100,100,0,100,100,20360974,30266914,20361528,"reference",1,FALSE,FALSE,TRUE,"Sys.time",1,"7c90a2a5ef783545eddfe238efb7b18a1244075003a3da9bdc476d432d0629b7","1c7558de8201b7f2ed1936965bccaade9c7f8caf03417ca251eae5f80363353d","f886cbcc5abd509439ff243ff8491eaf8a863e4679cdcbcc706d9da371a45945","f886cbcc5abd509439ff243ff8491eaf8a863e4679cdcbcc706d9da371a45945","b3ae18c97948734a2f975d10f00ebed1d715043462f00301dcfc00723c3dcfce","282b95ded5ac63f097c6c110b2322dc389b2e8b35dea19fd2d5af147f091b21c","0.3.0","isolated_release_library/fastphylosig","d951ecee19c06f3a144ad76c5039302078747585bb3bf829e6f12db15f54775d","isolated_release_library/fastphylosig/libs/<platform>/fastphylosig","c46a5834babd455b546bc65c6549c42ba51e6b47f3c9f222919b7118a5af3280","1bd40080f1ea537b3c73c838dc98ff84940f1064f4e1c4dbfb2dd5063d999bdb","benchmarks/stage5/documentation_fix_release_20261001/fastphylosig_0.3.0.tar.gz","909b7ad27485dcc2d96a7bb1fc70b65b54e93245d75761aca406b9c52f06cbff","2.5.2",0.129536867141724,7.33137435857406e-05,"ok",TRUE,,"",
"20261001T112848Z","lambda_none_n0100_r06","fastphylosig","lambda","phytools::phylosig","none",0,100,6,100,100,0,,,20360974,30266914,20361528,"reference",2,FALSE,FALSE,TRUE,"Sys.time",1,"7c90a2a5ef783545eddfe238efb7b18a1244075003a3da9bdc476d432d0629b7","1c7558de8201b7f2ed1936965bccaade9c7f8caf03417ca251eae5f80363353d","f886cbcc5abd509439ff243ff8491eaf8a863e4679cdcbcc706d9da371a45945","f886cbcc5abd509439ff243ff8491eaf8a863e4679cdcbcc706d9da371a45945","b3ae18c97948734a2f975d10f00ebed1d715043462f00301dcfc00723c3dcfce","282b95ded5ac63f097c6c110b2322dc389b2e8b35dea19fd2d5af147f091b21c","0.3.0","isolated_release_library/fastphylosig","d951ecee19c06f3a144ad76c5039302078747585bb3bf829e6f12db15f54775d","isolated_release_library/fastphylosig/libs/<platform>/fastphylosig","c46a5834babd455b546bc65c6549c42ba51e6b47f3c9f222919b7118a5af3280","1bd40080f1ea537b3c73c838dc98ff84940f1064f4e1c4dbfb2dd5063d999bdb","benchmarks/stage5/documentation_fix_release_20261001/fastphylosig_0.3.0.tar.gz","909b7ad27485dcc2d96a7bb1fc70b65b54e93245d75761aca406b9c52f06cbff","2.5.2",0.00527596473693848,6.6106961351896e-05,"ok",TRUE,,"",
"20261001T112848Z","K_moderate_n0100_r06","reference","K","phytools::phylosig","moderate",0.5,100,6,100,100,0,100,100,20360974,30266914,20361536,"reference",1,FALSE,,TRUE,"Sys.time",1,"7c90a2a5ef783545eddfe238efb7b18a1244075003a3da9bdc476d432d0629b7","1c7558de8201b7f2ed1936965bccaade9c7f8caf03417ca251eae5f80363353d","f886cbcc5abd509439ff243ff8491eaf8a863e4679cdcbcc706d9da371a45945","b4ebfcd1ea5a29412bf4137b52895446ef44a41550727289f2ff07ddff35ded0","9cb9c5d8ed038a1f3b5db1f6707a91478aa93f67115e1bcc20adef25028d326f","282b95ded5ac63f097c6c110b2322dc389b2e8b35dea19fd2d5af147f091b21c","0.3.0","isolated_release_library/fastphylosig","d951ecee19c06f3a144ad76c5039302078747585bb3bf829e6f12db15f54775d","isolated_release_library/fastphylosig/libs/<platform>/fastphylosig","c46a5834babd455b546bc65c6549c42ba51e6b47f3c9f222919b7118a5af3280","1bd40080f1ea537b3c73c838dc98ff84940f1064f4e1c4dbfb2dd5063d999bdb","benchmarks/stage5/documentation_fix_release_20261001/fastphylosig_0.3.0.tar.gz","909b7ad27485dcc2d96a7bb1fc70b65b54e93245d75761aca406b9c52f06cbff","2.5.2",0.00122809410095215,0.28696610227988,"ok",TRUE,,"",
"20261001T112848Z","K_moderate_n0100_r06","fastphylosig","K","phytools::phylosig","moderate",0.5,100,6,100,100,0,,,20360974,30266914,20361536,"reference",2,FALSE,,TRUE,"Sys.time",1,"7c90a2a5ef783545eddfe238efb7b18a1244075003a3da9bdc476d432d0629b7","1c7558de8201b7f2ed1936965bccaade9c7f8caf03417ca251eae5f80363353d","f886cbcc5abd509439ff243ff8491eaf8a863e4679cdcbcc706d9da371a45945","b4ebfcd1ea5a29412bf4137b52895446ef44a41550727289f2ff07ddff35ded0","9cb9c5d8ed038a1f3b5db1f6707a91478aa93f67115e1bcc20adef25028d326f","282b95ded5ac63f097c6c110b2322dc389b2e8b35dea19fd2d5af147f091b21c","0.3.0","isolated_release_library/fastphylosig","d951ecee19c06f3a144ad76c5039302078747585bb3bf829e6f12db15f54775d","isolated_release_library/fastphylosig/libs/<platform>/fastphylosig","c46a5834babd455b546bc65c6549c42ba51e6b47f3c9f222919b7118a5af3280","1bd40080f1ea537b3c73c838dc98ff84940f1064f4e1c4dbfb2dd5063d999bdb","benchmarks/stage5/documentation_fix_release_20261001/fastphylosig_0.3.0.tar.gz","909b7ad27485dcc2d96a7bb1fc70b65b54e93245d75761aca406b9c52f06cbff","2.5.2",0.00426387786865234,0.286966102279879,"ok",TRUE,,"",
"20261001T112848Z","lambda_moderate_n0100_r06","fastphylosig","lambda","phytools::phylosig","moderate",0.5,100,6,100,100,0,,,20360974,30266914,20361538,"fastphylosig",1,FALSE,FALSE,TRUE,"Sys.time",1,"7c90a2a5ef783545eddfe238efb7b18a1244075003a3da9bdc476d432d0629b7","1c7558de8201b7f2ed1936965bccaade9c7f8caf03417ca251eae5f80363353d","f886cbcc5abd509439ff243ff8491eaf8a863e4679cdcbcc706d9da371a45945","b4ebfcd1ea5a29412bf4137b52895446ef44a41550727289f2ff07ddff35ded0","9cb9c5d8ed038a1f3b5db1f6707a91478aa93f67115e1bcc20adef25028d326f","282b95ded5ac63f097c6c110b2322dc389b2e8b35dea19fd2d5af147f091b21c","0.3.0","isolated_release_library/fastphylosig","d951ecee19c06f3a144ad76c5039302078747585bb3bf829e6f12db15f54775d","isolated_release_library/fastphylosig/libs/<platform>/fastphylosig","c46a5834babd455b546bc65c6549c42ba51e6b47f3c9f222919b7118a5af3280","1bd40080f1ea537b3c73c838dc98ff84940f1064f4e1c4dbfb2dd5063d999bdb","benchmarks/stage5/documentation_fix_release_20261001/fastphylosig_0.3.0.tar.gz","909b7ad27485dcc2d96a7bb1fc70b65b54e93245d75761aca406b9c52f06cbff","2.5.2",0.00524592399597168,0.638976799562861,"ok",TRUE,,"",
"20261001T112848Z","lambda_moderate_n0100_r06","reference","lambda","phytools::phylosig","moderate",0.5,100,6,100,100,0,100,100,20360974,30266914,20361538,"fastphylosig",2,FALSE,FALSE,TRUE,"Sys.time",1,"7c90a2a5ef783545eddfe238efb7b18a1244075003a3da9bdc476d432d0629b7","1c7558de8201b7f2ed1936965bccaade9c7f8caf03417ca251eae5f80363353d","f886cbcc5abd509439ff243ff8491eaf8a863e4679cdcbcc706d9da371a45945","b4ebfcd1ea5a29412bf4137b52895446ef44a41550727289f2ff07ddff35ded0","9cb9c5d8ed038a1f3b5db1f6707a91478aa93f67115e1bcc20adef25028d326f","282b95ded5ac63f097c6c110b2322dc389b2e8b35dea19fd2d5af147f091b21c","0.3.0","isolated_release_library/fastphylosig","d951ecee19c06f3a144ad76c5039302078747585bb3bf829e6f12db15f54775d","isolated_release_library/fastphylosig/libs/<platform>/fastphylosig","c46a5834babd455b546bc65c6549c42ba51e6b47f3c9f222919b7118a5af3280","1bd40080f1ea537b3c73c838dc98ff84940f1064f4e1c4dbfb2dd5063d999bdb","benchmarks/stage5/documentation_fix_release_20261001/fastphylosig_0.3.0.tar.gz","909b7ad27485dcc2d96a7bb1fc70b65b54e93245d75761aca406b9c52f06cbff","2.5.2",0.135485887527466,0.638966424795202,"ok",TRUE,,"",
"20261001T112848Z","K_strong_n0100_r06","fastphylosig","K","phytools::phylosig","strong",0.95,100,6,100,100,0,,,20360974,30266914,20361546,"fastphylosig",1,FALSE,,TRUE,"Sys.time",1,"7c90a2a5ef783545eddfe238efb7b18a1244075003a3da9bdc476d432d0629b7","1c7558de8201b7f2ed1936965bccaade9c7f8caf03417ca251eae5f80363353d","f886cbcc5abd509439ff243ff8491eaf8a863e4679cdcbcc706d9da371a45945","96d86b2a5baabfbbcdfecc317b954fead2767d8970f6cf777dec7e8cd54f6587","cb02846cc15ecd1bc0b2c8b984c09dae6a5ab88fb9fe68c2dacfa0ba555a18ba","282b95ded5ac63f097c6c110b2322dc389b2e8b35dea19fd2d5af147f091b21c","0.3.0","isolated_release_library/fastphylosig","d951ecee19c06f3a144ad76c5039302078747585bb3bf829e6f12db15f54775d","isolated_release_library/fastphylosig/libs/<platform>/fastphylosig","c46a5834babd455b546bc65c6549c42ba51e6b47f3c9f222919b7118a5af3280","1bd40080f1ea537b3c73c838dc98ff84940f1064f4e1c4dbfb2dd5063d999bdb","benchmarks/stage5/documentation_fix_release_20261001/fastphylosig_0.3.0.tar.gz","909b7ad27485dcc2d96a7bb1fc70b65b54e93245d75761aca406b9c52f06cbff","2.5.2",0.00460910797119141,0.591245902174777,"ok",TRUE,,"",
"20261001T112848Z","K_strong_n0100_r06","reference","K","phytools::phylosig","strong",0.95,100,6,100,100,0,100,100,20360974,30266914,20361546,"fastphylosig",2,FALSE,,TRUE,"Sys.time",1,"7c90a2a5ef783545eddfe238efb7b18a1244075003a3da9bdc476d432d0629b7","1c7558de8201b7f2ed1936965bccaade9c7f8caf03417ca251eae5f80363353d","f886cbcc5abd509439ff243ff8491eaf8a863e4679cdcbcc706d9da371a45945","96d86b2a5baabfbbcdfecc317b954fead2767d8970f6cf777dec7e8cd54f6587","cb02846cc15ecd1bc0b2c8b984c09dae6a5ab88fb9fe68c2dacfa0ba555a18ba","282b95ded5ac63f097c6c110b2322dc389b2e8b35dea19fd2d5af147f091b21c","0.3.0","isolated_release_library/fastphylosig","d951ecee19c06f3a144ad76c5039302078747585bb3bf829e6f12db15f54775d","isolated_release_library/fastphylosig/libs/<platform>/fastphylosig","c46a5834babd455b546bc65c6549c42ba51e6b47f3c9f222919b7118a5af3280","1bd40080f1ea537b3c73c838dc98ff84940f1064f4e1c4dbfb2dd5063d999bdb","benchmarks/stage5/documentation_fix_release_20261001/fastphylosig_0.3.0.tar.gz","909b7ad27485dcc2d96a7bb1fc70b65b54e93245d75761aca406b9c52f06cbff","2.5.2",0.0010991096496582,0.591245902174778,"ok",TRUE,,"",
"20261001T112848Z","lambda_strong_n0100_r06","reference","lambda","phytools::phylosig","strong",0.95,100,6,100,100,0,100,100,20360974,30266914,20361548,"reference",1,FALSE,FALSE,TRUE,"Sys.time",1,"7c90a2a5ef783545eddfe238efb7b18a1244075003a3da9bdc476d432d0629b7","1c7558de8201b7f2ed1936965bccaade9c7f8caf03417ca251eae5f80363353d","f886cbcc5abd509439ff243ff8491eaf8a863e4679cdcbcc706d9da371a45945","96d86b2a5baabfbbcdfecc317b954fead2767d8970f6cf777dec7e8cd54f6587","cb02846cc15ecd1bc0b2c8b984c09dae6a5ab88fb9fe68c2dacfa0ba555a18ba","282b95ded5ac63f097c6c110b2322dc389b2e8b35dea19fd2d5af147f091b21c","0.3.0","isolated_release_library/fastphylosig","d951ecee19c06f3a144ad76c5039302078747585bb3bf829e6f12db15f54775d","isolated_release_library/fastphylosig/libs/<platform>/fastphylosig","c46a5834babd455b546bc65c6549c42ba51e6b47f3c9f222919b7118a5af3280","1bd40080f1ea537b3c73c838dc98ff84940f1064f4e1c4dbfb2dd5063d999bdb","benchmarks/stage5/documentation_fix_release_20261001/fastphylosig_0.3.0.tar.gz","909b7ad27485dcc2d96a7bb1fc70b65b54e93245d75761aca406b9c52f06cbff","2.5.2",0.124421119689941,0.979163151073805,"ok",TRUE,,"",
"20261001T112848Z","lambda_strong_n0100_r06","fastphylosig","lambda","phytools::phylosig","strong",0.95,100,6,100,100,0,,,20360974,30266914,20361548,"reference",2,FALSE,FALSE,TRUE,"Sys.time",1,"7c90a2a5ef783545eddfe238efb7b18a1244075003a3da9bdc476d432d0629b7","1c7558de8201b7f2ed1936965bccaade9c7f8caf03417ca251eae5f80363353d","f886cbcc5abd509439ff243ff8491eaf8a863e4679cdcbcc706d9da371a45945","96d86b2a5baabfbbcdfecc317b954fead2767d8970f6cf777dec7e8cd54f6587","cb02846cc15ecd1bc0b2c8b984c09dae6a5ab88fb9fe68c2dacfa0ba555a18ba","282b95ded5ac63f097c6c110b2322dc389b2e8b35dea19fd2d5af147f091b21c","0.3.0","isolated_release_library/fastphylosig","d951ecee19c06f3a144ad76c5039302078747585bb3bf829e6f12db15f54775d","isolated_release_library/fastphylosig/libs/<platform>/fastphylosig","c46a5834babd455b546bc65c6549c42ba51e6b47f3c9f222919b7118a5af3280","1bd40080f1ea537b3c73c838dc98ff84940f1064f4e1c4dbfb2dd5063d999bdb","benchmarks/stage5/documentation_fix_release_20261001/fastphylosig_0.3.0.tar.gz","909b7ad27485dcc2d96a7bb1fc70b65b54e93245d75761aca406b9c52f06cbff","2.5.2",0.00527119636535645,0.979141817022442,"ok",TRUE,,"",
"20261001T112848Z","K_none_n0100_r07","reference","K","phytools::phylosig","none",0,100,7,100,100,0,100,100,20360984,30267914,20361626,"reference",1,FALSE,,TRUE,"Sys.time",1,"fba8767bb06c88117299318539670601e10e0a9e765108385dbb604a7f134c24","a5d4203fc435cdc831fa340753b5282a5b5dd162b983641ead72a5533029bc11","b422a411f0e6906b50898c173eb5c67640dee871b1365071be8f3c9cb91ba87a","b422a411f0e6906b50898c173eb5c67640dee871b1365071be8f3c9cb91ba87a","d42d6c17c2326b5f9f6bc3f3d95a0736e8eb7923b4b288627a95c2c9fa832795","2547ccafb58bdd40b57760cfdcaaa47df57b6ce775c6083694fb236dd883d217","0.3.0","isolated_release_library/fastphylosig","d951ecee19c06f3a144ad76c5039302078747585bb3bf829e6f12db15f54775d","isolated_release_library/fastphylosig/libs/<platform>/fastphylosig","c46a5834babd455b546bc65c6549c42ba51e6b47f3c9f222919b7118a5af3280","1bd40080f1ea537b3c73c838dc98ff84940f1064f4e1c4dbfb2dd5063d999bdb","benchmarks/stage5/documentation_fix_release_20261001/fastphylosig_0.3.0.tar.gz","909b7ad27485dcc2d96a7bb1fc70b65b54e93245d75761aca406b9c52f06cbff","2.5.2",0.00101304054260254,0.238949527213477,"ok",TRUE,,"",
"20261001T112848Z","K_none_n0100_r07","fastphylosig","K","phytools::phylosig","none",0,100,7,100,100,0,,,20360984,30267914,20361626,"reference",2,FALSE,,TRUE,"Sys.time",1,"fba8767bb06c88117299318539670601e10e0a9e765108385dbb604a7f134c24","a5d4203fc435cdc831fa340753b5282a5b5dd162b983641ead72a5533029bc11","b422a411f0e6906b50898c173eb5c67640dee871b1365071be8f3c9cb91ba87a","b422a411f0e6906b50898c173eb5c67640dee871b1365071be8f3c9cb91ba87a","d42d6c17c2326b5f9f6bc3f3d95a0736e8eb7923b4b288627a95c2c9fa832795","2547ccafb58bdd40b57760cfdcaaa47df57b6ce775c6083694fb236dd883d217","0.3.0","isolated_release_library/fastphylosig","d951ecee19c06f3a144ad76c5039302078747585bb3bf829e6f12db15f54775d","isolated_release_library/fastphylosig/libs/<platform>/fastphylosig","c46a5834babd455b546bc65c6549c42ba51e6b47f3c9f222919b7118a5af3280","1bd40080f1ea537b3c73c838dc98ff84940f1064f4e1c4dbfb2dd5063d999bdb","benchmarks/stage5/documentation_fix_release_20261001/fastphylosig_0.3.0.tar.gz","909b7ad27485dcc2d96a7bb1fc70b65b54e93245d75761aca406b9c52f06cbff","2.5.2",0.00465607643127441,0.238949527213478,"ok",TRUE,,"",
"20261001T112848Z","lambda_none_n0100_r07","fastphylosig","lambda","phytools::phylosig","none",0,100,7,100,100,0,,,20360984,30267914,20361628,"fastphylosig",1,FALSE,FALSE,TRUE,"Sys.time",1,"fba8767bb06c88117299318539670601e10e0a9e765108385dbb604a7f134c24","a5d4203fc435cdc831fa340753b5282a5b5dd162b983641ead72a5533029bc11","b422a411f0e6906b50898c173eb5c67640dee871b1365071be8f3c9cb91ba87a","b422a411f0e6906b50898c173eb5c67640dee871b1365071be8f3c9cb91ba87a","d42d6c17c2326b5f9f6bc3f3d95a0736e8eb7923b4b288627a95c2c9fa832795","2547ccafb58bdd40b57760cfdcaaa47df57b6ce775c6083694fb236dd883d217","0.3.0","isolated_release_library/fastphylosig","d951ecee19c06f3a144ad76c5039302078747585bb3bf829e6f12db15f54775d","isolated_release_library/fastphylosig/libs/<platform>/fastphylosig","c46a5834babd455b546bc65c6549c42ba51e6b47f3c9f222919b7118a5af3280","1bd40080f1ea537b3c73c838dc98ff84940f1064f4e1c4dbfb2dd5063d999bdb","benchmarks/stage5/documentation_fix_release_20261001/fastphylosig_0.3.0.tar.gz","909b7ad27485dcc2d96a7bb1fc70b65b54e93245d75761aca406b9c52f06cbff","2.5.2",0.00512194633483887,6.6106961351896e-05,"ok",TRUE,,"",
"20261001T112848Z","lambda_none_n0100_r07","reference","lambda","phytools::phylosig","none",0,100,7,100,100,0,100,100,20360984,30267914,20361628,"fastphylosig",2,FALSE,FALSE,TRUE,"Sys.time",1,"fba8767bb06c88117299318539670601e10e0a9e765108385dbb604a7f134c24","a5d4203fc435cdc831fa340753b5282a5b5dd162b983641ead72a5533029bc11","b422a411f0e6906b50898c173eb5c67640dee871b1365071be8f3c9cb91ba87a","b422a411f0e6906b50898c173eb5c67640dee871b1365071be8f3c9cb91ba87a","d42d6c17c2326b5f9f6bc3f3d95a0736e8eb7923b4b288627a95c2c9fa832795","2547ccafb58bdd40b57760cfdcaaa47df57b6ce775c6083694fb236dd883d217","0.3.0","isolated_release_library/fastphylosig","d951ecee19c06f3a144ad76c5039302078747585bb3bf829e6f12db15f54775d","isolated_release_library/fastphylosig/libs/<platform>/fastphylosig","c46a5834babd455b546bc65c6549c42ba51e6b47f3c9f222919b7118a5af3280","1bd40080f1ea537b3c73c838dc98ff84940f1064f4e1c4dbfb2dd5063d999bdb","benchmarks/stage5/documentation_fix_release_20261001/fastphylosig_0.3.0.tar.gz","909b7ad27485dcc2d96a7bb1fc70b65b54e93245d75761aca406b9c52f06cbff","2.5.2",0.116601943969727,7.33137435857406e-05,"ok",TRUE,,"",
"20261001T112848Z","K_moderate_n0100_r07","fastphylosig","K","phytools::phylosig","moderate",0.5,100,7,100,100,0,,,20360984,30267914,20361636,"fastphylosig",1,FALSE,,TRUE,"Sys.time",1,"fba8767bb06c88117299318539670601e10e0a9e765108385dbb604a7f134c24","a5d4203fc435cdc831fa340753b5282a5b5dd162b983641ead72a5533029bc11","b422a411f0e6906b50898c173eb5c67640dee871b1365071be8f3c9cb91ba87a","499f4d8e99eb8b5a9f47a28644db2374cc46ab5810c55131fd1720218a90bc6b","09c8b539df127c1cdc0ccc34b326446fccc5e741b8d406528ff30d8fe0bef8d9","2547ccafb58bdd40b57760cfdcaaa47df57b6ce775c6083694fb236dd883d217","0.3.0","isolated_release_library/fastphylosig","d951ecee19c06f3a144ad76c5039302078747585bb3bf829e6f12db15f54775d","isolated_release_library/fastphylosig/libs/<platform>/fastphylosig","c46a5834babd455b546bc65c6549c42ba51e6b47f3c9f222919b7118a5af3280","1bd40080f1ea537b3c73c838dc98ff84940f1064f4e1c4dbfb2dd5063d999bdb","benchmarks/stage5/documentation_fix_release_20261001/fastphylosig_0.3.0.tar.gz","909b7ad27485dcc2d96a7bb1fc70b65b54e93245d75761aca406b9c52f06cbff","2.5.2",0.00472903251647949,0.370671420089753,"ok",TRUE,,"",
"20261001T112848Z","K_moderate_n0100_r07","reference","K","phytools::phylosig","moderate",0.5,100,7,100,100,0,100,100,20360984,30267914,20361636,"fastphylosig",2,FALSE,,TRUE,"Sys.time",1,"fba8767bb06c88117299318539670601e10e0a9e765108385dbb604a7f134c24","a5d4203fc435cdc831fa340753b5282a5b5dd162b983641ead72a5533029bc11","b422a411f0e6906b50898c173eb5c67640dee871b1365071be8f3c9cb91ba87a","499f4d8e99eb8b5a9f47a28644db2374cc46ab5810c55131fd1720218a90bc6b","09c8b539df127c1cdc0ccc34b326446fccc5e741b8d406528ff30d8fe0bef8d9","2547ccafb58bdd40b57760cfdcaaa47df57b6ce775c6083694fb236dd883d217","0.3.0","isolated_release_library/fastphylosig","d951ecee19c06f3a144ad76c5039302078747585bb3bf829e6f12db15f54775d","isolated_release_library/fastphylosig/libs/<platform>/fastphylosig","c46a5834babd455b546bc65c6549c42ba51e6b47f3c9f222919b7118a5af3280","1bd40080f1ea537b3c73c838dc98ff84940f1064f4e1c4dbfb2dd5063d999bdb","benchmarks/stage5/documentation_fix_release_20261001/fastphylosig_0.3.0.tar.gz","909b7ad27485dcc2d96a7bb1fc70b65b54e93245d75761aca406b9c52f06cbff","2.5.2",0.000970840454101562,0.370671420089753,"ok",TRUE,,"",
"20261001T112848Z","lambda_moderate_n0100_r07","reference","lambda","phytools::phylosig","moderate",0.5,100,7,100,100,0,100,100,20360984,30267914,20361638,"reference",1,FALSE,FALSE,TRUE,"Sys.time",1,"fba8767bb06c88117299318539670601e10e0a9e765108385dbb604a7f134c24","a5d4203fc435cdc831fa340753b5282a5b5dd162b983641ead72a5533029bc11","b422a411f0e6906b50898c173eb5c67640dee871b1365071be8f3c9cb91ba87a","499f4d8e99eb8b5a9f47a28644db2374cc46ab5810c55131fd1720218a90bc6b","09c8b539df127c1cdc0ccc34b326446fccc5e741b8d406528ff30d8fe0bef8d9","2547ccafb58bdd40b57760cfdcaaa47df57b6ce775c6083694fb236dd883d217","0.3.0","isolated_release_library/fastphylosig","d951ecee19c06f3a144ad76c5039302078747585bb3bf829e6f12db15f54775d","isolated_release_library/fastphylosig/libs/<platform>/fastphylosig","c46a5834babd455b546bc65c6549c42ba51e6b47f3c9f222919b7118a5af3280","1bd40080f1ea537b3c73c838dc98ff84940f1064f4e1c4dbfb2dd5063d999bdb","benchmarks/stage5/documentation_fix_release_20261001/fastphylosig_0.3.0.tar.gz","909b7ad27485dcc2d96a7bb1fc70b65b54e93245d75761aca406b9c52f06cbff","2.5.2",0.0971579551696777,0.430441402610947,"ok",TRUE,,"",
"20261001T112848Z","lambda_moderate_n0100_r07","fastphylosig","lambda","phytools::phylosig","moderate",0.5,100,7,100,100,0,,,20360984,30267914,20361638,"reference",2,FALSE,FALSE,TRUE,"Sys.time",1,"fba8767bb06c88117299318539670601e10e0a9e765108385dbb604a7f134c24","a5d4203fc435cdc831fa340753b5282a5b5dd162b983641ead72a5533029bc11","b422a411f0e6906b50898c173eb5c67640dee871b1365071be8f3c9cb91ba87a","499f4d8e99eb8b5a9f47a28644db2374cc46ab5810c55131fd1720218a90bc6b","09c8b539df127c1cdc0ccc34b326446fccc5e741b8d406528ff30d8fe0bef8d9","2547ccafb58bdd40b57760cfdcaaa47df57b6ce775c6083694fb236dd883d217","0.3.0","isolated_release_library/fastphylosig","d951ecee19c06f3a144ad76c5039302078747585bb3bf829e6f12db15f54775d","isolated_release_library/fastphylosig/libs/<platform>/fastphylosig","c46a5834babd455b546bc65c6549c42ba51e6b47f3c9f222919b7118a5af3280","1bd40080f1ea537b3c73c838dc98ff84940f1064f4e1c4dbfb2dd5063d999bdb","benchmarks/stage5/documentation_fix_release_20261001/fastphylosig_0.3.0.tar.gz","909b7ad27485dcc2d96a7bb1fc70b65b54e93245d75761aca406b9c52f06cbff","2.5.2",0.00444388389587402,0.430456839159468,"ok",TRUE,,"",
"20261001T112848Z","K_strong_n0100_r07","reference","K","phytools::phylosig","strong",0.95,100,7,100,100,0,100,100,20360984,30267914,20361646,"reference",1,FALSE,,TRUE,"Sys.time",1,"fba8767bb06c88117299318539670601e10e0a9e765108385dbb604a7f134c24","a5d4203fc435cdc831fa340753b5282a5b5dd162b983641ead72a5533029bc11","b422a411f0e6906b50898c173eb5c67640dee871b1365071be8f3c9cb91ba87a","c87a889b92df4179ee16c106e0012fc24a8b15298605f4943f3e4391cf008ad6","ab71f4748bb0b3bc521074df3af6a4f776107b15fd894f7467945643000295b8","2547ccafb58bdd40b57760cfdcaaa47df57b6ce775c6083694fb236dd883d217","0.3.0","isolated_release_library/fastphylosig","d951ecee19c06f3a144ad76c5039302078747585bb3bf829e6f12db15f54775d","isolated_release_library/fastphylosig/libs/<platform>/fastphylosig","c46a5834babd455b546bc65c6549c42ba51e6b47f3c9f222919b7118a5af3280","1bd40080f1ea537b3c73c838dc98ff84940f1064f4e1c4dbfb2dd5063d999bdb","benchmarks/stage5/documentation_fix_release_20261001/fastphylosig_0.3.0.tar.gz","909b7ad27485dcc2d96a7bb1fc70b65b54e93245d75761aca406b9c52f06cbff","2.5.2",0.00111198425292969,0.764035367673923,"ok",TRUE,,"",
"20261001T112848Z","K_strong_n0100_r07","fastphylosig","K","phytools::phylosig","strong",0.95,100,7,100,100,0,,,20360984,30267914,20361646,"reference",2,FALSE,,TRUE,"Sys.time",1,"fba8767bb06c88117299318539670601e10e0a9e765108385dbb604a7f134c24","a5d4203fc435cdc831fa340753b5282a5b5dd162b983641ead72a5533029bc11","b422a411f0e6906b50898c173eb5c67640dee871b1365071be8f3c9cb91ba87a","c87a889b92df4179ee16c106e0012fc24a8b15298605f4943f3e4391cf008ad6","ab71f4748bb0b3bc521074df3af6a4f776107b15fd894f7467945643000295b8","2547ccafb58bdd40b57760cfdcaaa47df57b6ce775c6083694fb236dd883d217","0.3.0","isolated_release_library/fastphylosig","d951ecee19c06f3a144ad76c5039302078747585bb3bf829e6f12db15f54775d","isolated_release_library/fastphylosig/libs/<platform>/fastphylosig","c46a5834babd455b546bc65c6549c42ba51e6b47f3c9f222919b7118a5af3280","1bd40080f1ea537b3c73c838dc98ff84940f1064f4e1c4dbfb2dd5063d999bdb","benchmarks/stage5/documentation_fix_release_20261001/fastphylosig_0.3.0.tar.gz","909b7ad27485dcc2d96a7bb1fc70b65b54e93245d75761aca406b9c52f06cbff","2.5.2",0.00449490547180176,0.764035367673923,"ok",TRUE,,"",
"20261001T112848Z","lambda_strong_n0100_r07","fastphylosig","lambda","phytools::phylosig","strong",0.95,100,7,100,100,0,,,20360984,30267914,20361648,"fastphylosig",1,FALSE,FALSE,TRUE,"Sys.time",1,"fba8767bb06c88117299318539670601e10e0a9e765108385dbb604a7f134c24","a5d4203fc435cdc831fa340753b5282a5b5dd162b983641ead72a5533029bc11","b422a411f0e6906b50898c173eb5c67640dee871b1365071be8f3c9cb91ba87a","c87a889b92df4179ee16c106e0012fc24a8b15298605f4943f3e4391cf008ad6","ab71f4748bb0b3bc521074df3af6a4f776107b15fd894f7467945643000295b8","2547ccafb58bdd40b57760cfdcaaa47df57b6ce775c6083694fb236dd883d217","0.3.0","isolated_release_library/fastphylosig","d951ecee19c06f3a144ad76c5039302078747585bb3bf829e6f12db15f54775d","isolated_release_library/fastphylosig/libs/<platform>/fastphylosig","c46a5834babd455b546bc65c6549c42ba51e6b47f3c9f222919b7118a5af3280","1bd40080f1ea537b3c73c838dc98ff84940f1064f4e1c4dbfb2dd5063d999bdb","benchmarks/stage5/documentation_fix_release_20261001/fastphylosig_0.3.0.tar.gz","909b7ad27485dcc2d96a7bb1fc70b65b54e93245d75761aca406b9c52f06cbff","2.5.2",0.00494384765625,0.999933893038648,"ok",TRUE,,"",
"20261001T112848Z","lambda_strong_n0100_r07","reference","lambda","phytools::phylosig","strong",0.95,100,7,100,100,0,100,100,20360984,30267914,20361648,"fastphylosig",2,FALSE,FALSE,TRUE,"Sys.time",1,"fba8767bb06c88117299318539670601e10e0a9e765108385dbb604a7f134c24","a5d4203fc435cdc831fa340753b5282a5b5dd162b983641ead72a5533029bc11","b422a411f0e6906b50898c173eb5c67640dee871b1365071be8f3c9cb91ba87a","c87a889b92df4179ee16c106e0012fc24a8b15298605f4943f3e4391cf008ad6","ab71f4748bb0b3bc521074df3af6a4f776107b15fd894f7467945643000295b8","2547ccafb58bdd40b57760cfdcaaa47df57b6ce775c6083694fb236dd883d217","0.3.0","isolated_release_library/fastphylosig","d951ecee19c06f3a144ad76c5039302078747585bb3bf829e6f12db15f54775d","isolated_release_library/fastphylosig/libs/<platform>/fastphylosig","c46a5834babd455b546bc65c6549c42ba51e6b47f3c9f222919b7118a5af3280","1bd40080f1ea537b3c73c838dc98ff84940f1064f4e1c4dbfb2dd5063d999bdb","benchmarks/stage5/documentation_fix_release_20261001/fastphylosig_0.3.0.tar.gz","909b7ad27485dcc2d96a7bb1fc70b65b54e93245d75761aca406b9c52f06cbff","2.5.2",0.115500926971436,0.999926686256414,"ok",TRUE,,"",
"20261001T112848Z","K_none_n0100_r08","fastphylosig","K","phytools::phylosig","none",0,100,8,100,100,0,,,20360994,30268914,20361726,"fastphylosig",1,FALSE,,TRUE,"Sys.time",1,"d6588c562447c0ed7f6fba24ffb96dd78e05952246b8ad638611fe16cd31140f","53f42b84e595e3e815555f3ede56ee96443a3a6f6b8c31429039c211636f60c3","cfb10066bd7974d2c2807c02570e4b5046976977732d967b17c7e45f42fda50e","cfb10066bd7974d2c2807c02570e4b5046976977732d967b17c7e45f42fda50e","a2786d614b7775f03d96e1948bf4737d66dfeabb062736df48cfde4d16130d28","b9632783540cca412f5068bfc81a94c3c27a9ce897d2a660e47092e7faa691cd","0.3.0","isolated_release_library/fastphylosig","d951ecee19c06f3a144ad76c5039302078747585bb3bf829e6f12db15f54775d","isolated_release_library/fastphylosig/libs/<platform>/fastphylosig","c46a5834babd455b546bc65c6549c42ba51e6b47f3c9f222919b7118a5af3280","1bd40080f1ea537b3c73c838dc98ff84940f1064f4e1c4dbfb2dd5063d999bdb","benchmarks/stage5/documentation_fix_release_20261001/fastphylosig_0.3.0.tar.gz","909b7ad27485dcc2d96a7bb1fc70b65b54e93245d75761aca406b9c52f06cbff","2.5.2",0.0048680305480957,0.158897282678429,"ok",TRUE,,"",
"20261001T112848Z","K_none_n0100_r08","reference","K","phytools::phylosig","none",0,100,8,100,100,0,100,100,20360994,30268914,20361726,"fastphylosig",2,FALSE,,TRUE,"Sys.time",1,"d6588c562447c0ed7f6fba24ffb96dd78e05952246b8ad638611fe16cd31140f","53f42b84e595e3e815555f3ede56ee96443a3a6f6b8c31429039c211636f60c3","cfb10066bd7974d2c2807c02570e4b5046976977732d967b17c7e45f42fda50e","cfb10066bd7974d2c2807c02570e4b5046976977732d967b17c7e45f42fda50e","a2786d614b7775f03d96e1948bf4737d66dfeabb062736df48cfde4d16130d28","b9632783540cca412f5068bfc81a94c3c27a9ce897d2a660e47092e7faa691cd","0.3.0","isolated_release_library/fastphylosig","d951ecee19c06f3a144ad76c5039302078747585bb3bf829e6f12db15f54775d","isolated_release_library/fastphylosig/libs/<platform>/fastphylosig","c46a5834babd455b546bc65c6549c42ba51e6b47f3c9f222919b7118a5af3280","1bd40080f1ea537b3c73c838dc98ff84940f1064f4e1c4dbfb2dd5063d999bdb","benchmarks/stage5/documentation_fix_release_20261001/fastphylosig_0.3.0.tar.gz","909b7ad27485dcc2d96a7bb1fc70b65b54e93245d75761aca406b9c52f06cbff","2.5.2",0.00118398666381836,0.158897282678432,"ok",TRUE,,"",
"20261001T112848Z","lambda_none_n0100_r08","reference","lambda","phytools::phylosig","none",0,100,8,100,100,0,100,100,20360994,30268914,20361728,"reference",1,FALSE,FALSE,TRUE,"Sys.time",1,"d6588c562447c0ed7f6fba24ffb96dd78e05952246b8ad638611fe16cd31140f","53f42b84e595e3e815555f3ede56ee96443a3a6f6b8c31429039c211636f60c3","cfb10066bd7974d2c2807c02570e4b5046976977732d967b17c7e45f42fda50e","cfb10066bd7974d2c2807c02570e4b5046976977732d967b17c7e45f42fda50e","a2786d614b7775f03d96e1948bf4737d66dfeabb062736df48cfde4d16130d28","b9632783540cca412f5068bfc81a94c3c27a9ce897d2a660e47092e7faa691cd","0.3.0","isolated_release_library/fastphylosig","d951ecee19c06f3a144ad76c5039302078747585bb3bf829e6f12db15f54775d","isolated_release_library/fastphylosig/libs/<platform>/fastphylosig","c46a5834babd455b546bc65c6549c42ba51e6b47f3c9f222919b7118a5af3280","1bd40080f1ea537b3c73c838dc98ff84940f1064f4e1c4dbfb2dd5063d999bdb","benchmarks/stage5/documentation_fix_release_20261001/fastphylosig_0.3.0.tar.gz","909b7ad27485dcc2d96a7bb1fc70b65b54e93245d75761aca406b9c52f06cbff","2.5.2",0.131405115127563,7.33137435857406e-05,"ok",TRUE,,"",
"20261001T112848Z","lambda_none_n0100_r08","fastphylosig","lambda","phytools::phylosig","none",0,100,8,100,100,0,,,20360994,30268914,20361728,"reference",2,FALSE,FALSE,TRUE,"Sys.time",1,"d6588c562447c0ed7f6fba24ffb96dd78e05952246b8ad638611fe16cd31140f","53f42b84e595e3e815555f3ede56ee96443a3a6f6b8c31429039c211636f60c3","cfb10066bd7974d2c2807c02570e4b5046976977732d967b17c7e45f42fda50e","cfb10066bd7974d2c2807c02570e4b5046976977732d967b17c7e45f42fda50e","a2786d614b7775f03d96e1948bf4737d66dfeabb062736df48cfde4d16130d28","b9632783540cca412f5068bfc81a94c3c27a9ce897d2a660e47092e7faa691cd","0.3.0","isolated_release_library/fastphylosig","d951ecee19c06f3a144ad76c5039302078747585bb3bf829e6f12db15f54775d","isolated_release_library/fastphylosig/libs/<platform>/fastphylosig","c46a5834babd455b546bc65c6549c42ba51e6b47f3c9f222919b7118a5af3280","1bd40080f1ea537b3c73c838dc98ff84940f1064f4e1c4dbfb2dd5063d999bdb","benchmarks/stage5/documentation_fix_release_20261001/fastphylosig_0.3.0.tar.gz","909b7ad27485dcc2d96a7bb1fc70b65b54e93245d75761aca406b9c52f06cbff","2.5.2",0.00506806373596191,6.6106961351896e-05,"ok",TRUE,,"",
"20261001T112848Z","K_moderate_n0100_r08","reference","K","phytools::phylosig","moderate",0.5,100,8,100,100,0,100,100,20360994,30268914,20361736,"reference",1,FALSE,,TRUE,"Sys.time",1,"d6588c562447c0ed7f6fba24ffb96dd78e05952246b8ad638611fe16cd31140f","53f42b84e595e3e815555f3ede56ee96443a3a6f6b8c31429039c211636f60c3","cfb10066bd7974d2c2807c02570e4b5046976977732d967b17c7e45f42fda50e","e80e4f7ee2d789ae3902009211bc56435cf955eb1e3d084028ac1537c5089681","ff433c0b01095c1dcee476b2bb487ef8887dab19ff105517fe4229a88a272b5e","b9632783540cca412f5068bfc81a94c3c27a9ce897d2a660e47092e7faa691cd","0.3.0","isolated_release_library/fastphylosig","d951ecee19c06f3a144ad76c5039302078747585bb3bf829e6f12db15f54775d","isolated_release_library/fastphylosig/libs/<platform>/fastphylosig","c46a5834babd455b546bc65c6549c42ba51e6b47f3c9f222919b7118a5af3280","1bd40080f1ea537b3c73c838dc98ff84940f1064f4e1c4dbfb2dd5063d999bdb","benchmarks/stage5/documentation_fix_release_20261001/fastphylosig_0.3.0.tar.gz","909b7ad27485dcc2d96a7bb1fc70b65b54e93245d75761aca406b9c52f06cbff","2.5.2",0.00116300582885742,0.248116393573541,"ok",TRUE,,"",
"20261001T112848Z","K_moderate_n0100_r08","fastphylosig","K","phytools::phylosig","moderate",0.5,100,8,100,100,0,,,20360994,30268914,20361736,"reference",2,FALSE,,TRUE,"Sys.time",1,"d6588c562447c0ed7f6fba24ffb96dd78e05952246b8ad638611fe16cd31140f","53f42b84e595e3e815555f3ede56ee96443a3a6f6b8c31429039c211636f60c3","cfb10066bd7974d2c2807c02570e4b5046976977732d967b17c7e45f42fda50e","e80e4f7ee2d789ae3902009211bc56435cf955eb1e3d084028ac1537c5089681","ff433c0b01095c1dcee476b2bb487ef8887dab19ff105517fe4229a88a272b5e","b9632783540cca412f5068bfc81a94c3c27a9ce897d2a660e47092e7faa691cd","0.3.0","isolated_release_library/fastphylosig","d951ecee19c06f3a144ad76c5039302078747585bb3bf829e6f12db15f54775d","isolated_release_library/fastphylosig/libs/<platform>/fastphylosig","c46a5834babd455b546bc65c6549c42ba51e6b47f3c9f222919b7118a5af3280","1bd40080f1ea537b3c73c838dc98ff84940f1064f4e1c4dbfb2dd5063d999bdb","benchmarks/stage5/documentation_fix_release_20261001/fastphylosig_0.3.0.tar.gz","909b7ad27485dcc2d96a7bb1fc70b65b54e93245d75761aca406b9c52f06cbff","2.5.2",0.00447297096252441,0.248116393573531,"ok",TRUE,,"",
"20261001T112848Z","lambda_moderate_n0100_r08","fastphylosig","lambda","phytools::phylosig","moderate",0.5,100,8,100,100,0,,,20360994,30268914,20361738,"fastphylosig",1,FALSE,FALSE,TRUE,"Sys.time",1,"d6588c562447c0ed7f6fba24ffb96dd78e05952246b8ad638611fe16cd31140f","53f42b84e595e3e815555f3ede56ee96443a3a6f6b8c31429039c211636f60c3","cfb10066bd7974d2c2807c02570e4b5046976977732d967b17c7e45f42fda50e","e80e4f7ee2d789ae3902009211bc56435cf955eb1e3d084028ac1537c5089681","ff433c0b01095c1dcee476b2bb487ef8887dab19ff105517fe4229a88a272b5e","b9632783540cca412f5068bfc81a94c3c27a9ce897d2a660e47092e7faa691cd","0.3.0","isolated_release_library/fastphylosig","d951ecee19c06f3a144ad76c5039302078747585bb3bf829e6f12db15f54775d","isolated_release_library/fastphylosig/libs/<platform>/fastphylosig","c46a5834babd455b546bc65c6549c42ba51e6b47f3c9f222919b7118a5af3280","1bd40080f1ea537b3c73c838dc98ff84940f1064f4e1c4dbfb2dd5063d999bdb","benchmarks/stage5/documentation_fix_release_20261001/fastphylosig_0.3.0.tar.gz","909b7ad27485dcc2d96a7bb1fc70b65b54e93245d75761aca406b9c52f06cbff","2.5.2",0.00494003295898438,0.544879670180441,"ok",TRUE,,"",
"20261001T112848Z","lambda_moderate_n0100_r08","reference","lambda","phytools::phylosig","moderate",0.5,100,8,100,100,0,100,100,20360994,30268914,20361738,"fastphylosig",2,FALSE,FALSE,TRUE,"Sys.time",1,"d6588c562447c0ed7f6fba24ffb96dd78e05952246b8ad638611fe16cd31140f","53f42b84e595e3e815555f3ede56ee96443a3a6f6b8c31429039c211636f60c3","cfb10066bd7974d2c2807c02570e4b5046976977732d967b17c7e45f42fda50e","e80e4f7ee2d789ae3902009211bc56435cf955eb1e3d084028ac1537c5089681","ff433c0b01095c1dcee476b2bb487ef8887dab19ff105517fe4229a88a272b5e","b9632783540cca412f5068bfc81a94c3c27a9ce897d2a660e47092e7faa691cd","0.3.0","isolated_release_library/fastphylosig","d951ecee19c06f3a144ad76c5039302078747585bb3bf829e6f12db15f54775d","isolated_release_library/fastphylosig/libs/<platform>/fastphylosig","c46a5834babd455b546bc65c6549c42ba51e6b47f3c9f222919b7118a5af3280","1bd40080f1ea537b3c73c838dc98ff84940f1064f4e1c4dbfb2dd5063d999bdb","benchmarks/stage5/documentation_fix_release_20261001/fastphylosig_0.3.0.tar.gz","909b7ad27485dcc2d96a7bb1fc70b65b54e93245d75761aca406b9c52f06cbff","2.5.2",0.125103950500488,0.544860162595585,"ok",TRUE,,"",
"20261001T112848Z","K_strong_n0100_r08","fastphylosig","K","phytools::phylosig","strong",0.95,100,8,100,100,0,,,20360994,30268914,20361746,"fastphylosig",1,FALSE,,TRUE,"Sys.time",1,"d6588c562447c0ed7f6fba24ffb96dd78e05952246b8ad638611fe16cd31140f","53f42b84e595e3e815555f3ede56ee96443a3a6f6b8c31429039c211636f60c3","cfb10066bd7974d2c2807c02570e4b5046976977732d967b17c7e45f42fda50e","8ad41355376aa4b1046c3dbf90003c8b421ee299379b7de71d4b50e3070353a3","bfa0e4e75df66807d8ffdd98438ea83b8a0f0f554b6e5210f5a302af7c2882dc","b9632783540cca412f5068bfc81a94c3c27a9ce897d2a660e47092e7faa691cd","0.3.0","isolated_release_library/fastphylosig","d951ecee19c06f3a144ad76c5039302078747585bb3bf829e6f12db15f54775d","isolated_release_library/fastphylosig/libs/<platform>/fastphylosig","c46a5834babd455b546bc65c6549c42ba51e6b47f3c9f222919b7118a5af3280","1bd40080f1ea537b3c73c838dc98ff84940f1064f4e1c4dbfb2dd5063d999bdb","benchmarks/stage5/documentation_fix_release_20261001/fastphylosig_0.3.0.tar.gz","909b7ad27485dcc2d96a7bb1fc70b65b54e93245d75761aca406b9c52f06cbff","2.5.2",0.00449395179748535,0.568394687182745,"ok",TRUE,,"",
"20261001T112848Z","K_strong_n0100_r08","reference","K","phytools::phylosig","strong",0.95,100,8,100,100,0,100,100,20360994,30268914,20361746,"fastphylosig",2,FALSE,,TRUE,"Sys.time",1,"d6588c562447c0ed7f6fba24ffb96dd78e05952246b8ad638611fe16cd31140f","53f42b84e595e3e815555f3ede56ee96443a3a6f6b8c31429039c211636f60c3","cfb10066bd7974d2c2807c02570e4b5046976977732d967b17c7e45f42fda50e","8ad41355376aa4b1046c3dbf90003c8b421ee299379b7de71d4b50e3070353a3","bfa0e4e75df66807d8ffdd98438ea83b8a0f0f554b6e5210f5a302af7c2882dc","b9632783540cca412f5068bfc81a94c3c27a9ce897d2a660e47092e7faa691cd","0.3.0","isolated_release_library/fastphylosig","d951ecee19c06f3a144ad76c5039302078747585bb3bf829e6f12db15f54775d","isolated_release_library/fastphylosig/libs/<platform>/fastphylosig","c46a5834babd455b546bc65c6549c42ba51e6b47f3c9f222919b7118a5af3280","1bd40080f1ea537b3c73c838dc98ff84940f1064f4e1c4dbfb2dd5063d999bdb","benchmarks/stage5/documentation_fix_release_20261001/fastphylosig_0.3.0.tar.gz","909b7ad27485dcc2d96a7bb1fc70b65b54e93245d75761aca406b9c52f06cbff","2.5.2",0.00144815444946289,0.568394687182752,"ok",TRUE,,"",
"20261001T112848Z","lambda_strong_n0100_r08","reference","lambda","phytools::phylosig","strong",0.95,100,8,100,100,0,100,100,20360994,30268914,20361748,"reference",1,FALSE,FALSE,TRUE,"Sys.time",1,"d6588c562447c0ed7f6fba24ffb96dd78e05952246b8ad638611fe16cd31140f","53f42b84e595e3e815555f3ede56ee96443a3a6f6b8c31429039c211636f60c3","cfb10066bd7974d2c2807c02570e4b5046976977732d967b17c7e45f42fda50e","8ad41355376aa4b1046c3dbf90003c8b421ee299379b7de71d4b50e3070353a3","bfa0e4e75df66807d8ffdd98438ea83b8a0f0f554b6e5210f5a302af7c2882dc","b9632783540cca412f5068bfc81a94c3c27a9ce897d2a660e47092e7faa691cd","0.3.0","isolated_release_library/fastphylosig","d951ecee19c06f3a144ad76c5039302078747585bb3bf829e6f12db15f54775d","isolated_release_library/fastphylosig/libs/<platform>/fastphylosig","c46a5834babd455b546bc65c6549c42ba51e6b47f3c9f222919b7118a5af3280","1bd40080f1ea537b3c73c838dc98ff84940f1064f4e1c4dbfb2dd5063d999bdb","benchmarks/stage5/documentation_fix_release_20261001/fastphylosig_0.3.0.tar.gz","909b7ad27485dcc2d96a7bb1fc70b65b54e93245d75761aca406b9c52f06cbff","2.5.2",0.13388204574585,0.983155410077442,"ok",TRUE,,"",
"20261001T112848Z","lambda_strong_n0100_r08","fastphylosig","lambda","phytools::phylosig","strong",0.95,100,8,100,100,0,,,20360994,30268914,20361748,"reference",2,FALSE,FALSE,TRUE,"Sys.time",1,"d6588c562447c0ed7f6fba24ffb96dd78e05952246b8ad638611fe16cd31140f","53f42b84e595e3e815555f3ede56ee96443a3a6f6b8c31429039c211636f60c3","cfb10066bd7974d2c2807c02570e4b5046976977732d967b17c7e45f42fda50e","8ad41355376aa4b1046c3dbf90003c8b421ee299379b7de71d4b50e3070353a3","bfa0e4e75df66807d8ffdd98438ea83b8a0f0f554b6e5210f5a302af7c2882dc","b9632783540cca412f5068bfc81a94c3c27a9ce897d2a660e47092e7faa691cd","0.3.0","isolated_release_library/fastphylosig","d951ecee19c06f3a144ad76c5039302078747585bb3bf829e6f12db15f54775d","isolated_release_library/fastphylosig/libs/<platform>/fastphylosig","c46a5834babd455b546bc65c6549c42ba51e6b47f3c9f222919b7118a5af3280","1bd40080f1ea537b3c73c838dc98ff84940f1064f4e1c4dbfb2dd5063d999bdb","benchmarks/stage5/documentation_fix_release_20261001/fastphylosig_0.3.0.tar.gz","909b7ad27485dcc2d96a7bb1fc70b65b54e93245d75761aca406b9c52f06cbff","2.5.2",0.00500893592834473,0.983169875793322,"ok",TRUE,,"",
"20261001T112848Z","K_none_n0100_r09","reference","K","phytools::phylosig","none",0,100,9,100,100,0,100,100,20361004,30269914,20361826,"reference",1,FALSE,,TRUE,"Sys.time",1,"8f5f7ee8fdc08c22fd911ca83c6e3c925a1a3ba630b40a13c23f741816d715f0","411e53445982d061dea9478ed2fcae1c5b9d0815d5336a0f108fdfc27d893a5d","8a3ca639bd8272dea81f470c9b5980f0fb471818d5617561239aa25372735a4c","8a3ca639bd8272dea81f470c9b5980f0fb471818d5617561239aa25372735a4c","b5a58fbf1a799c16e7940e1dad14a12372393b483b10c7d33bf39e09a9ab39c4","5bccd8351dc542b21e4129566e36a88971656c58034e9d1c134e0e9fc80ff193","0.3.0","isolated_release_library/fastphylosig","d951ecee19c06f3a144ad76c5039302078747585bb3bf829e6f12db15f54775d","isolated_release_library/fastphylosig/libs/<platform>/fastphylosig","c46a5834babd455b546bc65c6549c42ba51e6b47f3c9f222919b7118a5af3280","1bd40080f1ea537b3c73c838dc98ff84940f1064f4e1c4dbfb2dd5063d999bdb","benchmarks/stage5/documentation_fix_release_20261001/fastphylosig_0.3.0.tar.gz","909b7ad27485dcc2d96a7bb1fc70b65b54e93245d75761aca406b9c52f06cbff","2.5.2",0.0014338493347168,0.189205141562563,"ok",TRUE,,"",
"20261001T112848Z","K_none_n0100_r09","fastphylosig","K","phytools::phylosig","none",0,100,9,100,100,0,,,20361004,30269914,20361826,"reference",2,FALSE,,TRUE,"Sys.time",1,"8f5f7ee8fdc08c22fd911ca83c6e3c925a1a3ba630b40a13c23f741816d715f0","411e53445982d061dea9478ed2fcae1c5b9d0815d5336a0f108fdfc27d893a5d","8a3ca639bd8272dea81f470c9b5980f0fb471818d5617561239aa25372735a4c","8a3ca639bd8272dea81f470c9b5980f0fb471818d5617561239aa25372735a4c","b5a58fbf1a799c16e7940e1dad14a12372393b483b10c7d33bf39e09a9ab39c4","5bccd8351dc542b21e4129566e36a88971656c58034e9d1c134e0e9fc80ff193","0.3.0","isolated_release_library/fastphylosig","d951ecee19c06f3a144ad76c5039302078747585bb3bf829e6f12db15f54775d","isolated_release_library/fastphylosig/libs/<platform>/fastphylosig","c46a5834babd455b546bc65c6549c42ba51e6b47f3c9f222919b7118a5af3280","1bd40080f1ea537b3c73c838dc98ff84940f1064f4e1c4dbfb2dd5063d999bdb","benchmarks/stage5/documentation_fix_release_20261001/fastphylosig_0.3.0.tar.gz","909b7ad27485dcc2d96a7bb1fc70b65b54e93245d75761aca406b9c52f06cbff","2.5.2",0.00469207763671875,0.189205141562564,"ok",TRUE,,"",
"20261001T112848Z","lambda_none_n0100_r09","fastphylosig","lambda","phytools::phylosig","none",0,100,9,100,100,0,,,20361004,30269914,20361828,"fastphylosig",1,FALSE,FALSE,TRUE,"Sys.time",1,"8f5f7ee8fdc08c22fd911ca83c6e3c925a1a3ba630b40a13c23f741816d715f0","411e53445982d061dea9478ed2fcae1c5b9d0815d5336a0f108fdfc27d893a5d","8a3ca639bd8272dea81f470c9b5980f0fb471818d5617561239aa25372735a4c","8a3ca639bd8272dea81f470c9b5980f0fb471818d5617561239aa25372735a4c","b5a58fbf1a799c16e7940e1dad14a12372393b483b10c7d33bf39e09a9ab39c4","5bccd8351dc542b21e4129566e36a88971656c58034e9d1c134e0e9fc80ff193","0.3.0","isolated_release_library/fastphylosig","d951ecee19c06f3a144ad76c5039302078747585bb3bf829e6f12db15f54775d","isolated_release_library/fastphylosig/libs/<platform>/fastphylosig","c46a5834babd455b546bc65c6549c42ba51e6b47f3c9f222919b7118a5af3280","1bd40080f1ea537b3c73c838dc98ff84940f1064f4e1c4dbfb2dd5063d999bdb","benchmarks/stage5/documentation_fix_release_20261001/fastphylosig_0.3.0.tar.gz","909b7ad27485dcc2d96a7bb1fc70b65b54e93245d75761aca406b9c52f06cbff","2.5.2",0.0052330493927002,0.0681071208607447,"ok",TRUE,,"",
"20261001T112848Z","lambda_none_n0100_r09","reference","lambda","phytools::phylosig","none",0,100,9,100,100,0,100,100,20361004,30269914,20361828,"fastphylosig",2,FALSE,FALSE,TRUE,"Sys.time",1,"8f5f7ee8fdc08c22fd911ca83c6e3c925a1a3ba630b40a13c23f741816d715f0","411e53445982d061dea9478ed2fcae1c5b9d0815d5336a0f108fdfc27d893a5d","8a3ca639bd8272dea81f470c9b5980f0fb471818d5617561239aa25372735a4c","8a3ca639bd8272dea81f470c9b5980f0fb471818d5617561239aa25372735a4c","b5a58fbf1a799c16e7940e1dad14a12372393b483b10c7d33bf39e09a9ab39c4","5bccd8351dc542b21e4129566e36a88971656c58034e9d1c134e0e9fc80ff193","0.3.0","isolated_release_library/fastphylosig","d951ecee19c06f3a144ad76c5039302078747585bb3bf829e6f12db15f54775d","isolated_release_library/fastphylosig/libs/<platform>/fastphylosig","c46a5834babd455b546bc65c6549c42ba51e6b47f3c9f222919b7118a5af3280","1bd40080f1ea537b3c73c838dc98ff84940f1064f4e1c4dbfb2dd5063d999bdb","benchmarks/stage5/documentation_fix_release_20261001/fastphylosig_0.3.0.tar.gz","909b7ad27485dcc2d96a7bb1fc70b65b54e93245d75761aca406b9c52f06cbff","2.5.2",0.131258010864258,0.0680926691394738,"ok",TRUE,,"",
"20261001T112848Z","K_moderate_n0100_r09","fastphylosig","K","phytools::phylosig","moderate",0.5,100,9,100,100,0,,,20361004,30269914,20361836,"fastphylosig",1,FALSE,,TRUE,"Sys.time",1,"8f5f7ee8fdc08c22fd911ca83c6e3c925a1a3ba630b40a13c23f741816d715f0","411e53445982d061dea9478ed2fcae1c5b9d0815d5336a0f108fdfc27d893a5d","8a3ca639bd8272dea81f470c9b5980f0fb471818d5617561239aa25372735a4c","06110ea6ad8107eb8e265b26e731995af587f209584152eab936b41524e473d4","7d8cf467ab020f133eb639c99851071528f3fc6298277545c692e2cfc8e3148e","5bccd8351dc542b21e4129566e36a88971656c58034e9d1c134e0e9fc80ff193","0.3.0","isolated_release_library/fastphylosig","d951ecee19c06f3a144ad76c5039302078747585bb3bf829e6f12db15f54775d","isolated_release_library/fastphylosig/libs/<platform>/fastphylosig","c46a5834babd455b546bc65c6549c42ba51e6b47f3c9f222919b7118a5af3280","1bd40080f1ea537b3c73c838dc98ff84940f1064f4e1c4dbfb2dd5063d999bdb","benchmarks/stage5/documentation_fix_release_20261001/fastphylosig_0.3.0.tar.gz","909b7ad27485dcc2d96a7bb1fc70b65b54e93245d75761aca406b9c52f06cbff","2.5.2",0.00445103645324707,0.401547677905602,"ok",TRUE,,"",
"20261001T112848Z","K_moderate_n0100_r09","reference","K","phytools::phylosig","moderate",0.5,100,9,100,100,0,100,100,20361004,30269914,20361836,"fastphylosig",2,FALSE,,TRUE,"Sys.time",1,"8f5f7ee8fdc08c22fd911ca83c6e3c925a1a3ba630b40a13c23f741816d715f0","411e53445982d061dea9478ed2fcae1c5b9d0815d5336a0f108fdfc27d893a5d","8a3ca639bd8272dea81f470c9b5980f0fb471818d5617561239aa25372735a4c","06110ea6ad8107eb8e265b26e731995af587f209584152eab936b41524e473d4","7d8cf467ab020f133eb639c99851071528f3fc6298277545c692e2cfc8e3148e","5bccd8351dc542b21e4129566e36a88971656c58034e9d1c134e0e9fc80ff193","0.3.0","isolated_release_library/fastphylosig","d951ecee19c06f3a144ad76c5039302078747585bb3bf829e6f12db15f54775d","isolated_release_library/fastphylosig/libs/<platform>/fastphylosig","c46a5834babd455b546bc65c6549c42ba51e6b47f3c9f222919b7118a5af3280","1bd40080f1ea537b3c73c838dc98ff84940f1064f4e1c4dbfb2dd5063d999bdb","benchmarks/stage5/documentation_fix_release_20261001/fastphylosig_0.3.0.tar.gz","909b7ad27485dcc2d96a7bb1fc70b65b54e93245d75761aca406b9c52f06cbff","2.5.2",0.0012969970703125,0.401547677905604,"ok",TRUE,,"",
"20261001T112848Z","lambda_moderate_n0100_r09","reference","lambda","phytools::phylosig","moderate",0.5,100,9,100,100,0,100,100,20361004,30269914,20361838,"reference",1,FALSE,FALSE,TRUE,"Sys.time",1,"8f5f7ee8fdc08c22fd911ca83c6e3c925a1a3ba630b40a13c23f741816d715f0","411e53445982d061dea9478ed2fcae1c5b9d0815d5336a0f108fdfc27d893a5d","8a3ca639bd8272dea81f470c9b5980f0fb471818d5617561239aa25372735a4c","06110ea6ad8107eb8e265b26e731995af587f209584152eab936b41524e473d4","7d8cf467ab020f133eb639c99851071528f3fc6298277545c692e2cfc8e3148e","5bccd8351dc542b21e4129566e36a88971656c58034e9d1c134e0e9fc80ff193","0.3.0","isolated_release_library/fastphylosig","d951ecee19c06f3a144ad76c5039302078747585bb3bf829e6f12db15f54775d","isolated_release_library/fastphylosig/libs/<platform>/fastphylosig","c46a5834babd455b546bc65c6549c42ba51e6b47f3c9f222919b7118a5af3280","1bd40080f1ea537b3c73c838dc98ff84940f1064f4e1c4dbfb2dd5063d999bdb","benchmarks/stage5/documentation_fix_release_20261001/fastphylosig_0.3.0.tar.gz","909b7ad27485dcc2d96a7bb1fc70b65b54e93245d75761aca406b9c52f06cbff","2.5.2",0.142238140106201,0.625655956484235,"ok",TRUE,,"",
"20261001T112848Z","lambda_moderate_n0100_r09","fastphylosig","lambda","phytools::phylosig","moderate",0.5,100,9,100,100,0,,,20361004,30269914,20361838,"reference",2,FALSE,FALSE,TRUE,"Sys.time",1,"8f5f7ee8fdc08c22fd911ca83c6e3c925a1a3ba630b40a13c23f741816d715f0","411e53445982d061dea9478ed2fcae1c5b9d0815d5336a0f108fdfc27d893a5d","8a3ca639bd8272dea81f470c9b5980f0fb471818d5617561239aa25372735a4c","06110ea6ad8107eb8e265b26e731995af587f209584152eab936b41524e473d4","7d8cf467ab020f133eb639c99851071528f3fc6298277545c692e2cfc8e3148e","5bccd8351dc542b21e4129566e36a88971656c58034e9d1c134e0e9fc80ff193","0.3.0","isolated_release_library/fastphylosig","d951ecee19c06f3a144ad76c5039302078747585bb3bf829e6f12db15f54775d","isolated_release_library/fastphylosig/libs/<platform>/fastphylosig","c46a5834babd455b546bc65c6549c42ba51e6b47f3c9f222919b7118a5af3280","1bd40080f1ea537b3c73c838dc98ff84940f1064f4e1c4dbfb2dd5063d999bdb","benchmarks/stage5/documentation_fix_release_20261001/fastphylosig_0.3.0.tar.gz","909b7ad27485dcc2d96a7bb1fc70b65b54e93245d75761aca406b9c52f06cbff","2.5.2",0.00477504730224609,0.625671923891114,"ok",TRUE,,"",
"20261001T112848Z","K_strong_n0100_r09","reference","K","phytools::phylosig","strong",0.95,100,9,100,100,0,100,100,20361004,30269914,20361846,"reference",1,FALSE,,TRUE,"Sys.time",1,"8f5f7ee8fdc08c22fd911ca83c6e3c925a1a3ba630b40a13c23f741816d715f0","411e53445982d061dea9478ed2fcae1c5b9d0815d5336a0f108fdfc27d893a5d","8a3ca639bd8272dea81f470c9b5980f0fb471818d5617561239aa25372735a4c","ac5e0e9ac43eef64f80ae148ce20df653d1eb7d516ebcdc5fbe9b577ba00ea4c","dba807b6214c6e462655191b1282bb11483d6984e82667811972b7903314b0ce","5bccd8351dc542b21e4129566e36a88971656c58034e9d1c134e0e9fc80ff193","0.3.0","isolated_release_library/fastphylosig","d951ecee19c06f3a144ad76c5039302078747585bb3bf829e6f12db15f54775d","isolated_release_library/fastphylosig/libs/<platform>/fastphylosig","c46a5834babd455b546bc65c6549c42ba51e6b47f3c9f222919b7118a5af3280","1bd40080f1ea537b3c73c838dc98ff84940f1064f4e1c4dbfb2dd5063d999bdb","benchmarks/stage5/documentation_fix_release_20261001/fastphylosig_0.3.0.tar.gz","909b7ad27485dcc2d96a7bb1fc70b65b54e93245d75761aca406b9c52f06cbff","2.5.2",0.00156402587890625,1.06123850289095,"ok",TRUE,,"",
"20261001T112848Z","K_strong_n0100_r09","fastphylosig","K","phytools::phylosig","strong",0.95,100,9,100,100,0,,,20361004,30269914,20361846,"reference",2,FALSE,,TRUE,"Sys.time",1,"8f5f7ee8fdc08c22fd911ca83c6e3c925a1a3ba630b40a13c23f741816d715f0","411e53445982d061dea9478ed2fcae1c5b9d0815d5336a0f108fdfc27d893a5d","8a3ca639bd8272dea81f470c9b5980f0fb471818d5617561239aa25372735a4c","ac5e0e9ac43eef64f80ae148ce20df653d1eb7d516ebcdc5fbe9b577ba00ea4c","dba807b6214c6e462655191b1282bb11483d6984e82667811972b7903314b0ce","5bccd8351dc542b21e4129566e36a88971656c58034e9d1c134e0e9fc80ff193","0.3.0","isolated_release_library/fastphylosig","d951ecee19c06f3a144ad76c5039302078747585bb3bf829e6f12db15f54775d","isolated_release_library/fastphylosig/libs/<platform>/fastphylosig","c46a5834babd455b546bc65c6549c42ba51e6b47f3c9f222919b7118a5af3280","1bd40080f1ea537b3c73c838dc98ff84940f1064f4e1c4dbfb2dd5063d999bdb","benchmarks/stage5/documentation_fix_release_20261001/fastphylosig_0.3.0.tar.gz","909b7ad27485dcc2d96a7bb1fc70b65b54e93245d75761aca406b9c52f06cbff","2.5.2",0.00466108322143555,1.06123850289094,"ok",TRUE,,"",
"20261001T112848Z","lambda_strong_n0100_r09","fastphylosig","lambda","phytools::phylosig","strong",0.95,100,9,100,100,0,,,20361004,30269914,20361848,"fastphylosig",1,FALSE,FALSE,TRUE,"Sys.time",1,"8f5f7ee8fdc08c22fd911ca83c6e3c925a1a3ba630b40a13c23f741816d715f0","411e53445982d061dea9478ed2fcae1c5b9d0815d5336a0f108fdfc27d893a5d","8a3ca639bd8272dea81f470c9b5980f0fb471818d5617561239aa25372735a4c","ac5e0e9ac43eef64f80ae148ce20df653d1eb7d516ebcdc5fbe9b577ba00ea4c","dba807b6214c6e462655191b1282bb11483d6984e82667811972b7903314b0ce","5bccd8351dc542b21e4129566e36a88971656c58034e9d1c134e0e9fc80ff193","0.3.0","isolated_release_library/fastphylosig","d951ecee19c06f3a144ad76c5039302078747585bb3bf829e6f12db15f54775d","isolated_release_library/fastphylosig/libs/<platform>/fastphylosig","c46a5834babd455b546bc65c6549c42ba51e6b47f3c9f222919b7118a5af3280","1bd40080f1ea537b3c73c838dc98ff84940f1064f4e1c4dbfb2dd5063d999bdb","benchmarks/stage5/documentation_fix_release_20261001/fastphylosig_0.3.0.tar.gz","909b7ad27485dcc2d96a7bb1fc70b65b54e93245d75761aca406b9c52f06cbff","2.5.2",0.00522994995117188,0.995168724396553,"ok",TRUE,,"",
"20261001T112848Z","lambda_strong_n0100_r09","reference","lambda","phytools::phylosig","strong",0.95,100,9,100,100,0,100,100,20361004,30269914,20361848,"fastphylosig",2,FALSE,FALSE,TRUE,"Sys.time",1,"8f5f7ee8fdc08c22fd911ca83c6e3c925a1a3ba630b40a13c23f741816d715f0","411e53445982d061dea9478ed2fcae1c5b9d0815d5336a0f108fdfc27d893a5d","8a3ca639bd8272dea81f470c9b5980f0fb471818d5617561239aa25372735a4c","ac5e0e9ac43eef64f80ae148ce20df653d1eb7d516ebcdc5fbe9b577ba00ea4c","dba807b6214c6e462655191b1282bb11483d6984e82667811972b7903314b0ce","5bccd8351dc542b21e4129566e36a88971656c58034e9d1c134e0e9fc80ff193","0.3.0","isolated_release_library/fastphylosig","d951ecee19c06f3a144ad76c5039302078747585bb3bf829e6f12db15f54775d","isolated_release_library/fastphylosig/libs/<platform>/fastphylosig","c46a5834babd455b546bc65c6549c42ba51e6b47f3c9f222919b7118a5af3280","1bd40080f1ea537b3c73c838dc98ff84940f1064f4e1c4dbfb2dd5063d999bdb","benchmarks/stage5/documentation_fix_release_20261001/fastphylosig_0.3.0.tar.gz","909b7ad27485dcc2d96a7bb1fc70b65b54e93245d75761aca406b9c52f06cbff","2.5.2",0.131102800369263,0.99517322885675,"ok",TRUE,,"",
"20261001T112848Z","K_none_n0100_r10","fastphylosig","K","phytools::phylosig","none",0,100,10,100,100,0,,,20361014,30270914,20361926,"fastphylosig",1,FALSE,,TRUE,"Sys.time",1,"59e3e98067b98c13a1751fa6d7237aa1e1bb9061ec663195cd157743a27929c9","fda4e96d4418699fb6d4e7c5dfa334cb060bcd31f1b265c11b76b021f4261039","819f3a06fd000386e13fb5161b624b49913fe7037bf0ebbe51bbb43d2fe2252c","819f3a06fd000386e13fb5161b624b49913fe7037bf0ebbe51bbb43d2fe2252c","1819b20fef10c2d87996383ca0804532cd4686a3b4aa1fa54b45d1ec088e94b4","f6f374f8a1b3d97a3773faed46bf22b46b3905d99e369489c6b7b0e60b034118","0.3.0","isolated_release_library/fastphylosig","d951ecee19c06f3a144ad76c5039302078747585bb3bf829e6f12db15f54775d","isolated_release_library/fastphylosig/libs/<platform>/fastphylosig","c46a5834babd455b546bc65c6549c42ba51e6b47f3c9f222919b7118a5af3280","1bd40080f1ea537b3c73c838dc98ff84940f1064f4e1c4dbfb2dd5063d999bdb","benchmarks/stage5/documentation_fix_release_20261001/fastphylosig_0.3.0.tar.gz","909b7ad27485dcc2d96a7bb1fc70b65b54e93245d75761aca406b9c52f06cbff","2.5.2",0.00443506240844727,0.188338239231177,"ok",TRUE,,"",
"20261001T112848Z","K_none_n0100_r10","reference","K","phytools::phylosig","none",0,100,10,100,100,0,100,100,20361014,30270914,20361926,"fastphylosig",2,FALSE,,TRUE,"Sys.time",1,"59e3e98067b98c13a1751fa6d7237aa1e1bb9061ec663195cd157743a27929c9","fda4e96d4418699fb6d4e7c5dfa334cb060bcd31f1b265c11b76b021f4261039","819f3a06fd000386e13fb5161b624b49913fe7037bf0ebbe51bbb43d2fe2252c","819f3a06fd000386e13fb5161b624b49913fe7037bf0ebbe51bbb43d2fe2252c","1819b20fef10c2d87996383ca0804532cd4686a3b4aa1fa54b45d1ec088e94b4","f6f374f8a1b3d97a3773faed46bf22b46b3905d99e369489c6b7b0e60b034118","0.3.0","isolated_release_library/fastphylosig","d951ecee19c06f3a144ad76c5039302078747585bb3bf829e6f12db15f54775d","isolated_release_library/fastphylosig/libs/<platform>/fastphylosig","c46a5834babd455b546bc65c6549c42ba51e6b47f3c9f222919b7118a5af3280","1bd40080f1ea537b3c73c838dc98ff84940f1064f4e1c4dbfb2dd5063d999bdb","benchmarks/stage5/documentation_fix_release_20261001/fastphylosig_0.3.0.tar.gz","909b7ad27485dcc2d96a7bb1fc70b65b54e93245d75761aca406b9c52f06cbff","2.5.2",0.00158500671386719,0.188338239231177,"ok",TRUE,,"",
"20261001T112848Z","lambda_none_n0100_r10","reference","lambda","phytools::phylosig","none",0,100,10,100,100,0,100,100,20361014,30270914,20361928,"reference",1,FALSE,FALSE,TRUE,"Sys.time",1,"59e3e98067b98c13a1751fa6d7237aa1e1bb9061ec663195cd157743a27929c9","fda4e96d4418699fb6d4e7c5dfa334cb060bcd31f1b265c11b76b021f4261039","819f3a06fd000386e13fb5161b624b49913fe7037bf0ebbe51bbb43d2fe2252c","819f3a06fd000386e13fb5161b624b49913fe7037bf0ebbe51bbb43d2fe2252c","1819b20fef10c2d87996383ca0804532cd4686a3b4aa1fa54b45d1ec088e94b4","f6f374f8a1b3d97a3773faed46bf22b46b3905d99e369489c6b7b0e60b034118","0.3.0","isolated_release_library/fastphylosig","d951ecee19c06f3a144ad76c5039302078747585bb3bf829e6f12db15f54775d","isolated_release_library/fastphylosig/libs/<platform>/fastphylosig","c46a5834babd455b546bc65c6549c42ba51e6b47f3c9f222919b7118a5af3280","1bd40080f1ea537b3c73c838dc98ff84940f1064f4e1c4dbfb2dd5063d999bdb","benchmarks/stage5/documentation_fix_release_20261001/fastphylosig_0.3.0.tar.gz","909b7ad27485dcc2d96a7bb1fc70b65b54e93245d75761aca406b9c52f06cbff","2.5.2",0.10188102722168,0.0243640497487368,"ok",TRUE,,"",
"20261001T112848Z","lambda_none_n0100_r10","fastphylosig","lambda","phytools::phylosig","none",0,100,10,100,100,0,,,20361014,30270914,20361928,"reference",2,FALSE,FALSE,TRUE,"Sys.time",1,"59e3e98067b98c13a1751fa6d7237aa1e1bb9061ec663195cd157743a27929c9","fda4e96d4418699fb6d4e7c5dfa334cb060bcd31f1b265c11b76b021f4261039","819f3a06fd000386e13fb5161b624b49913fe7037bf0ebbe51bbb43d2fe2252c","819f3a06fd000386e13fb5161b624b49913fe7037bf0ebbe51bbb43d2fe2252c","1819b20fef10c2d87996383ca0804532cd4686a3b4aa1fa54b45d1ec088e94b4","f6f374f8a1b3d97a3773faed46bf22b46b3905d99e369489c6b7b0e60b034118","0.3.0","isolated_release_library/fastphylosig","d951ecee19c06f3a144ad76c5039302078747585bb3bf829e6f12db15f54775d","isolated_release_library/fastphylosig/libs/<platform>/fastphylosig","c46a5834babd455b546bc65c6549c42ba51e6b47f3c9f222919b7118a5af3280","1bd40080f1ea537b3c73c838dc98ff84940f1064f4e1c4dbfb2dd5063d999bdb","benchmarks/stage5/documentation_fix_release_20261001/fastphylosig_0.3.0.tar.gz","909b7ad27485dcc2d96a7bb1fc70b65b54e93245d75761aca406b9c52f06cbff","2.5.2",0.0051119327545166,0.0243649785928607,"ok",TRUE,,"",
"20261001T112848Z","K_moderate_n0100_r10","reference","K","phytools::phylosig","moderate",0.5,100,10,100,100,0,100,100,20361014,30270914,20361936,"reference",1,FALSE,,TRUE,"Sys.time",1,"59e3e98067b98c13a1751fa6d7237aa1e1bb9061ec663195cd157743a27929c9","fda4e96d4418699fb6d4e7c5dfa334cb060bcd31f1b265c11b76b021f4261039","819f3a06fd000386e13fb5161b624b49913fe7037bf0ebbe51bbb43d2fe2252c","46a38c29ed261cd1e135f710a2a58ec1ba1f6a100e67f5f162da67a2ab1b7572","eb630dff104602b5d21c6c510d55f80db12a795aada64f2cbbec4e899987faf0","f6f374f8a1b3d97a3773faed46bf22b46b3905d99e369489c6b7b0e60b034118","0.3.0","isolated_release_library/fastphylosig","d951ecee19c06f3a144ad76c5039302078747585bb3bf829e6f12db15f54775d","isolated_release_library/fastphylosig/libs/<platform>/fastphylosig","c46a5834babd455b546bc65c6549c42ba51e6b47f3c9f222919b7118a5af3280","1bd40080f1ea537b3c73c838dc98ff84940f1064f4e1c4dbfb2dd5063d999bdb","benchmarks/stage5/documentation_fix_release_20261001/fastphylosig_0.3.0.tar.gz","909b7ad27485dcc2d96a7bb1fc70b65b54e93245d75761aca406b9c52f06cbff","2.5.2",0.000998973846435547,0.354925670365613,"ok",TRUE,,"",
"20261001T112848Z","K_moderate_n0100_r10","fastphylosig","K","phytools::phylosig","moderate",0.5,100,10,100,100,0,,,20361014,30270914,20361936,"reference",2,FALSE,,TRUE,"Sys.time",1,"59e3e98067b98c13a1751fa6d7237aa1e1bb9061ec663195cd157743a27929c9","fda4e96d4418699fb6d4e7c5dfa334cb060bcd31f1b265c11b76b021f4261039","819f3a06fd000386e13fb5161b624b49913fe7037bf0ebbe51bbb43d2fe2252c","46a38c29ed261cd1e135f710a2a58ec1ba1f6a100e67f5f162da67a2ab1b7572","eb630dff104602b5d21c6c510d55f80db12a795aada64f2cbbec4e899987faf0","f6f374f8a1b3d97a3773faed46bf22b46b3905d99e369489c6b7b0e60b034118","0.3.0","isolated_release_library/fastphylosig","d951ecee19c06f3a144ad76c5039302078747585bb3bf829e6f12db15f54775d","isolated_release_library/fastphylosig/libs/<platform>/fastphylosig","c46a5834babd455b546bc65c6549c42ba51e6b47f3c9f222919b7118a5af3280","1bd40080f1ea537b3c73c838dc98ff84940f1064f4e1c4dbfb2dd5063d999bdb","benchmarks/stage5/documentation_fix_release_20261001/fastphylosig_0.3.0.tar.gz","909b7ad27485dcc2d96a7bb1fc70b65b54e93245d75761aca406b9c52f06cbff","2.5.2",0.00441718101501465,0.354925670365613,"ok",TRUE,,"",
"20261001T112848Z","lambda_moderate_n0100_r10","fastphylosig","lambda","phytools::phylosig","moderate",0.5,100,10,100,100,0,,,20361014,30270914,20361938,"fastphylosig",1,FALSE,FALSE,TRUE,"Sys.time",1,"59e3e98067b98c13a1751fa6d7237aa1e1bb9061ec663195cd157743a27929c9","fda4e96d4418699fb6d4e7c5dfa334cb060bcd31f1b265c11b76b021f4261039","819f3a06fd000386e13fb5161b624b49913fe7037bf0ebbe51bbb43d2fe2252c","46a38c29ed261cd1e135f710a2a58ec1ba1f6a100e67f5f162da67a2ab1b7572","eb630dff104602b5d21c6c510d55f80db12a795aada64f2cbbec4e899987faf0","f6f374f8a1b3d97a3773faed46bf22b46b3905d99e369489c6b7b0e60b034118","0.3.0","isolated_release_library/fastphylosig","d951ecee19c06f3a144ad76c5039302078747585bb3bf829e6f12db15f54775d","isolated_release_library/fastphylosig/libs/<platform>/fastphylosig","c46a5834babd455b546bc65c6549c42ba51e6b47f3c9f222919b7118a5af3280","1bd40080f1ea537b3c73c838dc98ff84940f1064f4e1c4dbfb2dd5063d999bdb","benchmarks/stage5/documentation_fix_release_20261001/fastphylosig_0.3.0.tar.gz","909b7ad27485dcc2d96a7bb1fc70b65b54e93245d75761aca406b9c52f06cbff","2.5.2",0.00465011596679688,0.65196147563328,"ok",TRUE,,"",
"20261001T112848Z","lambda_moderate_n0100_r10","reference","lambda","phytools::phylosig","moderate",0.5,100,10,100,100,0,100,100,20361014,30270914,20361938,"fastphylosig",2,FALSE,FALSE,TRUE,"Sys.time",1,"59e3e98067b98c13a1751fa6d7237aa1e1bb9061ec663195cd157743a27929c9","fda4e96d4418699fb6d4e7c5dfa334cb060bcd31f1b265c11b76b021f4261039","819f3a06fd000386e13fb5161b624b49913fe7037bf0ebbe51bbb43d2fe2252c","46a38c29ed261cd1e135f710a2a58ec1ba1f6a100e67f5f162da67a2ab1b7572","eb630dff104602b5d21c6c510d55f80db12a795aada64f2cbbec4e899987faf0","f6f374f8a1b3d97a3773faed46bf22b46b3905d99e369489c6b7b0e60b034118","0.3.0","isolated_release_library/fastphylosig","d951ecee19c06f3a144ad76c5039302078747585bb3bf829e6f12db15f54775d","isolated_release_library/fastphylosig/libs/<platform>/fastphylosig","c46a5834babd455b546bc65c6549c42ba51e6b47f3c9f222919b7118a5af3280","1bd40080f1ea537b3c73c838dc98ff84940f1064f4e1c4dbfb2dd5063d999bdb","benchmarks/stage5/documentation_fix_release_20261001/fastphylosig_0.3.0.tar.gz","909b7ad27485dcc2d96a7bb1fc70b65b54e93245d75761aca406b9c52f06cbff","2.5.2",0.109249114990234,0.65197507047058,"ok",TRUE,,"",
"20261001T112848Z","K_strong_n0100_r10","fastphylosig","K","phytools::phylosig","strong",0.95,100,10,100,100,0,,,20361014,30270914,20361946,"fastphylosig",1,FALSE,,TRUE,"Sys.time",1,"59e3e98067b98c13a1751fa6d7237aa1e1bb9061ec663195cd157743a27929c9","fda4e96d4418699fb6d4e7c5dfa334cb060bcd31f1b265c11b76b021f4261039","819f3a06fd000386e13fb5161b624b49913fe7037bf0ebbe51bbb43d2fe2252c","9bb184c10996605dbbd1bcb529f0b65a7820d7640fd65b2e5d696b1445654d18","768e5a5b39e5cf6be095c112ae365bf9d5d43d1b3d3c8e360e8760634b4ae9a8","f6f374f8a1b3d97a3773faed46bf22b46b3905d99e369489c6b7b0e60b034118","0.3.0","isolated_release_library/fastphylosig","d951ecee19c06f3a144ad76c5039302078747585bb3bf829e6f12db15f54775d","isolated_release_library/fastphylosig/libs/<platform>/fastphylosig","c46a5834babd455b546bc65c6549c42ba51e6b47f3c9f222919b7118a5af3280","1bd40080f1ea537b3c73c838dc98ff84940f1064f4e1c4dbfb2dd5063d999bdb","benchmarks/stage5/documentation_fix_release_20261001/fastphylosig_0.3.0.tar.gz","909b7ad27485dcc2d96a7bb1fc70b65b54e93245d75761aca406b9c52f06cbff","2.5.2",0.00468897819519043,1.05160788069873,"ok",TRUE,,"",
"20261001T112848Z","K_strong_n0100_r10","reference","K","phytools::phylosig","strong",0.95,100,10,100,100,0,100,100,20361014,30270914,20361946,"fastphylosig",2,FALSE,,TRUE,"Sys.time",1,"59e3e98067b98c13a1751fa6d7237aa1e1bb9061ec663195cd157743a27929c9","fda4e96d4418699fb6d4e7c5dfa334cb060bcd31f1b265c11b76b021f4261039","819f3a06fd000386e13fb5161b624b49913fe7037bf0ebbe51bbb43d2fe2252c","9bb184c10996605dbbd1bcb529f0b65a7820d7640fd65b2e5d696b1445654d18","768e5a5b39e5cf6be095c112ae365bf9d5d43d1b3d3c8e360e8760634b4ae9a8","f6f374f8a1b3d97a3773faed46bf22b46b3905d99e369489c6b7b0e60b034118","0.3.0","isolated_release_library/fastphylosig","d951ecee19c06f3a144ad76c5039302078747585bb3bf829e6f12db15f54775d","isolated_release_library/fastphylosig/libs/<platform>/fastphylosig","c46a5834babd455b546bc65c6549c42ba51e6b47f3c9f222919b7118a5af3280","1bd40080f1ea537b3c73c838dc98ff84940f1064f4e1c4dbfb2dd5063d999bdb","benchmarks/stage5/documentation_fix_release_20261001/fastphylosig_0.3.0.tar.gz","909b7ad27485dcc2d96a7bb1fc70b65b54e93245d75761aca406b9c52f06cbff","2.5.2",0.000982046127319336,1.05160788069873,"ok",TRUE,,"",
"20261001T112848Z","lambda_strong_n0100_r10","reference","lambda","phytools::phylosig","strong",0.95,100,10,100,100,0,100,100,20361014,30270914,20361948,"reference",1,FALSE,FALSE,TRUE,"Sys.time",1,"59e3e98067b98c13a1751fa6d7237aa1e1bb9061ec663195cd157743a27929c9","fda4e96d4418699fb6d4e7c5dfa334cb060bcd31f1b265c11b76b021f4261039","819f3a06fd000386e13fb5161b624b49913fe7037bf0ebbe51bbb43d2fe2252c","9bb184c10996605dbbd1bcb529f0b65a7820d7640fd65b2e5d696b1445654d18","768e5a5b39e5cf6be095c112ae365bf9d5d43d1b3d3c8e360e8760634b4ae9a8","f6f374f8a1b3d97a3773faed46bf22b46b3905d99e369489c6b7b0e60b034118","0.3.0","isolated_release_library/fastphylosig","d951ecee19c06f3a144ad76c5039302078747585bb3bf829e6f12db15f54775d","isolated_release_library/fastphylosig/libs/<platform>/fastphylosig","c46a5834babd455b546bc65c6549c42ba51e6b47f3c9f222919b7118a5af3280","1bd40080f1ea537b3c73c838dc98ff84940f1064f4e1c4dbfb2dd5063d999bdb","benchmarks/stage5/documentation_fix_release_20261001/fastphylosig_0.3.0.tar.gz","909b7ad27485dcc2d96a7bb1fc70b65b54e93245d75761aca406b9c52f06cbff","2.5.2",0.106310129165649,0.993939135447813,"ok",TRUE,,"",
"20261001T112848Z","lambda_strong_n0100_r10","fastphylosig","lambda","phytools::phylosig","strong",0.95,100,10,100,100,0,,,20361014,30270914,20361948,"reference",2,FALSE,FALSE,TRUE,"Sys.time",1,"59e3e98067b98c13a1751fa6d7237aa1e1bb9061ec663195cd157743a27929c9","fda4e96d4418699fb6d4e7c5dfa334cb060bcd31f1b265c11b76b021f4261039","819f3a06fd000386e13fb5161b624b49913fe7037bf0ebbe51bbb43d2fe2252c","9bb184c10996605dbbd1bcb529f0b65a7820d7640fd65b2e5d696b1445654d18","768e5a5b39e5cf6be095c112ae365bf9d5d43d1b3d3c8e360e8760634b4ae9a8","f6f374f8a1b3d97a3773faed46bf22b46b3905d99e369489c6b7b0e60b034118","0.3.0","isolated_release_library/fastphylosig","d951ecee19c06f3a144ad76c5039302078747585bb3bf829e6f12db15f54775d","isolated_release_library/fastphylosig/libs/<platform>/fastphylosig","c46a5834babd455b546bc65c6549c42ba51e6b47f3c9f222919b7118a5af3280","1bd40080f1ea537b3c73c838dc98ff84940f1064f4e1c4dbfb2dd5063d999bdb","benchmarks/stage5/documentation_fix_release_20261001/fastphylosig_0.3.0.tar.gz","909b7ad27485dcc2d96a7bb1fc70b65b54e93245d75761aca406b9c52f06cbff","2.5.2",0.00521302223205566,0.9939510876744,"ok",TRUE,,"",
"20261001T112848Z","K_none_n0500_r01","reference","K","phytools::phylosig","none",0,500,1,500,500,0,500,500,20760924,70261914,20761026,"reference",1,FALSE,,TRUE,"Sys.time",1,"cd5ba994a63dbfc0dd6997b455aca1be978d2563d0ecf85825ee90e66b8cd1f2","c3b274310daa3bce3a22517ac3b8c43013d3b2ae3422586c82a95d01ac889fcf","d26e9ff65c4511dd875fd7e830e19708e42a314a90de8069e10e0aeb2d16fcec","d26e9ff65c4511dd875fd7e830e19708e42a314a90de8069e10e0aeb2d16fcec","a0cbc4eba9d218142f557a2f1a51f860b20a36f0377971edb3faaa8b64f275df","81af15e48ef817e5f66e1227ff3bae4607e314f20139a686d8902adf1c0ceef8","0.3.0","isolated_release_library/fastphylosig","d951ecee19c06f3a144ad76c5039302078747585bb3bf829e6f12db15f54775d","isolated_release_library/fastphylosig/libs/<platform>/fastphylosig","c46a5834babd455b546bc65c6549c42ba51e6b47f3c9f222919b7118a5af3280","1bd40080f1ea537b3c73c838dc98ff84940f1064f4e1c4dbfb2dd5063d999bdb","benchmarks/stage5/documentation_fix_release_20261001/fastphylosig_0.3.0.tar.gz","909b7ad27485dcc2d96a7bb1fc70b65b54e93245d75761aca406b9c52f06cbff","2.5.2",0.0515828132629395,0.141515616951859,"ok",TRUE,,"",
"20261001T112848Z","K_none_n0500_r01","fastphylosig","K","phytools::phylosig","none",0,500,1,500,500,0,,,20760924,70261914,20761026,"reference",2,FALSE,,TRUE,"Sys.time",1,"cd5ba994a63dbfc0dd6997b455aca1be978d2563d0ecf85825ee90e66b8cd1f2","c3b274310daa3bce3a22517ac3b8c43013d3b2ae3422586c82a95d01ac889fcf","d26e9ff65c4511dd875fd7e830e19708e42a314a90de8069e10e0aeb2d16fcec","d26e9ff65c4511dd875fd7e830e19708e42a314a90de8069e10e0aeb2d16fcec","a0cbc4eba9d218142f557a2f1a51f860b20a36f0377971edb3faaa8b64f275df","81af15e48ef817e5f66e1227ff3bae4607e314f20139a686d8902adf1c0ceef8","0.3.0","isolated_release_library/fastphylosig","d951ecee19c06f3a144ad76c5039302078747585bb3bf829e6f12db15f54775d","isolated_release_library/fastphylosig/libs/<platform>/fastphylosig","c46a5834babd455b546bc65c6549c42ba51e6b47f3c9f222919b7118a5af3280","1bd40080f1ea537b3c73c838dc98ff84940f1064f4e1c4dbfb2dd5063d999bdb","benchmarks/stage5/documentation_fix_release_20261001/fastphylosig_0.3.0.tar.gz","909b7ad27485dcc2d96a7bb1fc70b65b54e93245d75761aca406b9c52f06cbff","2.5.2",0.0082399845123291,0.141515616951861,"ok",TRUE,,"",
"20261001T112848Z","lambda_none_n0500_r01","fastphylosig","lambda","phytools::phylosig","none",0,500,1,500,500,0,,,20760924,70261914,20761028,"fastphylosig",1,FALSE,FALSE,TRUE,"Sys.time",1,"cd5ba994a63dbfc0dd6997b455aca1be978d2563d0ecf85825ee90e66b8cd1f2","c3b274310daa3bce3a22517ac3b8c43013d3b2ae3422586c82a95d01ac889fcf","d26e9ff65c4511dd875fd7e830e19708e42a314a90de8069e10e0aeb2d16fcec","d26e9ff65c4511dd875fd7e830e19708e42a314a90de8069e10e0aeb2d16fcec","a0cbc4eba9d218142f557a2f1a51f860b20a36f0377971edb3faaa8b64f275df","81af15e48ef817e5f66e1227ff3bae4607e314f20139a686d8902adf1c0ceef8","0.3.0","isolated_release_library/fastphylosig","d951ecee19c06f3a144ad76c5039302078747585bb3bf829e6f12db15f54775d","isolated_release_library/fastphylosig/libs/<platform>/fastphylosig","c46a5834babd455b546bc65c6549c42ba51e6b47f3c9f222919b7118a5af3280","1bd40080f1ea537b3c73c838dc98ff84940f1064f4e1c4dbfb2dd5063d999bdb","benchmarks/stage5/documentation_fix_release_20261001/fastphylosig_0.3.0.tar.gz","909b7ad27485dcc2d96a7bb1fc70b65b54e93245d75761aca406b9c52f06cbff","2.5.2",0.0107460021972656,6.6106961351896e-05,"ok",TRUE,,"",
"20261001T112848Z","lambda_none_n0500_r01","reference","lambda","phytools::phylosig","none",0,500,1,500,500,0,500,500,20760924,70261914,20761028,"fastphylosig",2,FALSE,FALSE,TRUE,"Sys.time",1,"cd5ba994a63dbfc0dd6997b455aca1be978d2563d0ecf85825ee90e66b8cd1f2","c3b274310daa3bce3a22517ac3b8c43013d3b2ae3422586c82a95d01ac889fcf","d26e9ff65c4511dd875fd7e830e19708e42a314a90de8069e10e0aeb2d16fcec","d26e9ff65c4511dd875fd7e830e19708e42a314a90de8069e10e0aeb2d16fcec","a0cbc4eba9d218142f557a2f1a51f860b20a36f0377971edb3faaa8b64f275df","81af15e48ef817e5f66e1227ff3bae4607e314f20139a686d8902adf1c0ceef8","0.3.0","isolated_release_library/fastphylosig","d951ecee19c06f3a144ad76c5039302078747585bb3bf829e6f12db15f54775d","isolated_release_library/fastphylosig/libs/<platform>/fastphylosig","c46a5834babd455b546bc65c6549c42ba51e6b47f3c9f222919b7118a5af3280","1bd40080f1ea537b3c73c838dc98ff84940f1064f4e1c4dbfb2dd5063d999bdb","benchmarks/stage5/documentation_fix_release_20261001/fastphylosig_0.3.0.tar.gz","909b7ad27485dcc2d96a7bb1fc70b65b54e93245d75761aca406b9c52f06cbff","2.5.2",10.9762489795685,7.33137435857406e-05,"ok",TRUE,,"",
"20261001T112848Z","K_moderate_n0500_r01","fastphylosig","K","phytools::phylosig","moderate",0.5,500,1,500,500,0,,,20760924,70261914,20761036,"fastphylosig",1,FALSE,,TRUE,"Sys.time",1,"cd5ba994a63dbfc0dd6997b455aca1be978d2563d0ecf85825ee90e66b8cd1f2","c3b274310daa3bce3a22517ac3b8c43013d3b2ae3422586c82a95d01ac889fcf","d26e9ff65c4511dd875fd7e830e19708e42a314a90de8069e10e0aeb2d16fcec","e404d050ae0a53b979bff1a9f86552eb19c670cc7579fb94d45b6ca3323783f6","379f2e1c5b8f2069ace3ce28beb54fe471738c4ca03d4b56904a5950f3d220eb","81af15e48ef817e5f66e1227ff3bae4607e314f20139a686d8902adf1c0ceef8","0.3.0","isolated_release_library/fastphylosig","d951ecee19c06f3a144ad76c5039302078747585bb3bf829e6f12db15f54775d","isolated_release_library/fastphylosig/libs/<platform>/fastphylosig","c46a5834babd455b546bc65c6549c42ba51e6b47f3c9f222919b7118a5af3280","1bd40080f1ea537b3c73c838dc98ff84940f1064f4e1c4dbfb2dd5063d999bdb","benchmarks/stage5/documentation_fix_release_20261001/fastphylosig_0.3.0.tar.gz","909b7ad27485dcc2d96a7bb1fc70b65b54e93245d75761aca406b9c52f06cbff","2.5.2",0.00792908668518066,0.34618611102809,"ok",TRUE,,"",
"20261001T112848Z","K_moderate_n0500_r01","reference","K","phytools::phylosig","moderate",0.5,500,1,500,500,0,500,500,20760924,70261914,20761036,"fastphylosig",2,FALSE,,TRUE,"Sys.time",1,"cd5ba994a63dbfc0dd6997b455aca1be978d2563d0ecf85825ee90e66b8cd1f2","c3b274310daa3bce3a22517ac3b8c43013d3b2ae3422586c82a95d01ac889fcf","d26e9ff65c4511dd875fd7e830e19708e42a314a90de8069e10e0aeb2d16fcec","e404d050ae0a53b979bff1a9f86552eb19c670cc7579fb94d45b6ca3323783f6","379f2e1c5b8f2069ace3ce28beb54fe471738c4ca03d4b56904a5950f3d220eb","81af15e48ef817e5f66e1227ff3bae4607e314f20139a686d8902adf1c0ceef8","0.3.0","isolated_release_library/fastphylosig","d951ecee19c06f3a144ad76c5039302078747585bb3bf829e6f12db15f54775d","isolated_release_library/fastphylosig/libs/<platform>/fastphylosig","c46a5834babd455b546bc65c6549c42ba51e6b47f3c9f222919b7118a5af3280","1bd40080f1ea537b3c73c838dc98ff84940f1064f4e1c4dbfb2dd5063d999bdb","benchmarks/stage5/documentation_fix_release_20261001/fastphylosig_0.3.0.tar.gz","909b7ad27485dcc2d96a7bb1fc70b65b54e93245d75761aca406b9c52f06cbff","2.5.2",0.0524089336395264,0.346186111028092,"ok",TRUE,,"",
"20261001T112848Z","lambda_moderate_n0500_r01","reference","lambda","phytools::phylosig","moderate",0.5,500,1,500,500,0,500,500,20760924,70261914,20761038,"reference",1,FALSE,FALSE,TRUE,"Sys.time",1,"cd5ba994a63dbfc0dd6997b455aca1be978d2563d0ecf85825ee90e66b8cd1f2","c3b274310daa3bce3a22517ac3b8c43013d3b2ae3422586c82a95d01ac889fcf","d26e9ff65c4511dd875fd7e830e19708e42a314a90de8069e10e0aeb2d16fcec","e404d050ae0a53b979bff1a9f86552eb19c670cc7579fb94d45b6ca3323783f6","379f2e1c5b8f2069ace3ce28beb54fe471738c4ca03d4b56904a5950f3d220eb","81af15e48ef817e5f66e1227ff3bae4607e314f20139a686d8902adf1c0ceef8","0.3.0","isolated_release_library/fastphylosig","d951ecee19c06f3a144ad76c5039302078747585bb3bf829e6f12db15f54775d","isolated_release_library/fastphylosig/libs/<platform>/fastphylosig","c46a5834babd455b546bc65c6549c42ba51e6b47f3c9f222919b7118a5af3280","1bd40080f1ea537b3c73c838dc98ff84940f1064f4e1c4dbfb2dd5063d999bdb","benchmarks/stage5/documentation_fix_release_20261001/fastphylosig_0.3.0.tar.gz","909b7ad27485dcc2d96a7bb1fc70b65b54e93245d75761aca406b9c52f06cbff","2.5.2",10.3111701011658,0.657446598113929,"ok",TRUE,,"",
"20261001T112848Z","lambda_moderate_n0500_r01","fastphylosig","lambda","phytools::phylosig","moderate",0.5,500,1,500,500,0,,,20760924,70261914,20761038,"reference",2,FALSE,FALSE,TRUE,"Sys.time",1,"cd5ba994a63dbfc0dd6997b455aca1be978d2563d0ecf85825ee90e66b8cd1f2","c3b274310daa3bce3a22517ac3b8c43013d3b2ae3422586c82a95d01ac889fcf","d26e9ff65c4511dd875fd7e830e19708e42a314a90de8069e10e0aeb2d16fcec","e404d050ae0a53b979bff1a9f86552eb19c670cc7579fb94d45b6ca3323783f6","379f2e1c5b8f2069ace3ce28beb54fe471738c4ca03d4b56904a5950f3d220eb","81af15e48ef817e5f66e1227ff3bae4607e314f20139a686d8902adf1c0ceef8","0.3.0","isolated_release_library/fastphylosig","d951ecee19c06f3a144ad76c5039302078747585bb3bf829e6f12db15f54775d","isolated_release_library/fastphylosig/libs/<platform>/fastphylosig","c46a5834babd455b546bc65c6549c42ba51e6b47f3c9f222919b7118a5af3280","1bd40080f1ea537b3c73c838dc98ff84940f1064f4e1c4dbfb2dd5063d999bdb","benchmarks/stage5/documentation_fix_release_20261001/fastphylosig_0.3.0.tar.gz","909b7ad27485dcc2d96a7bb1fc70b65b54e93245d75761aca406b9c52f06cbff","2.5.2",0.00939798355102539,0.657445644841177,"ok",TRUE,,"",
"20261001T112848Z","K_strong_n0500_r01","reference","K","phytools::phylosig","strong",0.95,500,1,500,500,0,500,500,20760924,70261914,20761046,"reference",1,FALSE,,TRUE,"Sys.time",1,"cd5ba994a63dbfc0dd6997b455aca1be978d2563d0ecf85825ee90e66b8cd1f2","c3b274310daa3bce3a22517ac3b8c43013d3b2ae3422586c82a95d01ac889fcf","d26e9ff65c4511dd875fd7e830e19708e42a314a90de8069e10e0aeb2d16fcec","88a1cd8d9d9e62b7fad349b4f78b31d63485d89cd0f1b559c947dd053edaddd1","b72bc3f7059461a62d7f6a776fce01884a1908098ea61b85874bb3538d0f0cb2","81af15e48ef817e5f66e1227ff3bae4607e314f20139a686d8902adf1c0ceef8","0.3.0","isolated_release_library/fastphylosig","d951ecee19c06f3a144ad76c5039302078747585bb3bf829e6f12db15f54775d","isolated_release_library/fastphylosig/libs/<platform>/fastphylosig","c46a5834babd455b546bc65c6549c42ba51e6b47f3c9f222919b7118a5af3280","1bd40080f1ea537b3c73c838dc98ff84940f1064f4e1c4dbfb2dd5063d999bdb","benchmarks/stage5/documentation_fix_release_20261001/fastphylosig_0.3.0.tar.gz","909b7ad27485dcc2d96a7bb1fc70b65b54e93245d75761aca406b9c52f06cbff","2.5.2",0.0524818897247314,0.932431206456978,"ok",TRUE,,"",
"20261001T112848Z","K_strong_n0500_r01","fastphylosig","K","phytools::phylosig","strong",0.95,500,1,500,500,0,,,20760924,70261914,20761046,"reference",2,FALSE,,TRUE,"Sys.time",1,"cd5ba994a63dbfc0dd6997b455aca1be978d2563d0ecf85825ee90e66b8cd1f2","c3b274310daa3bce3a22517ac3b8c43013d3b2ae3422586c82a95d01ac889fcf","d26e9ff65c4511dd875fd7e830e19708e42a314a90de8069e10e0aeb2d16fcec","88a1cd8d9d9e62b7fad349b4f78b31d63485d89cd0f1b559c947dd053edaddd1","b72bc3f7059461a62d7f6a776fce01884a1908098ea61b85874bb3538d0f0cb2","81af15e48ef817e5f66e1227ff3bae4607e314f20139a686d8902adf1c0ceef8","0.3.0","isolated_release_library/fastphylosig","d951ecee19c06f3a144ad76c5039302078747585bb3bf829e6f12db15f54775d","isolated_release_library/fastphylosig/libs/<platform>/fastphylosig","c46a5834babd455b546bc65c6549c42ba51e6b47f3c9f222919b7118a5af3280","1bd40080f1ea537b3c73c838dc98ff84940f1064f4e1c4dbfb2dd5063d999bdb","benchmarks/stage5/documentation_fix_release_20261001/fastphylosig_0.3.0.tar.gz","909b7ad27485dcc2d96a7bb1fc70b65b54e93245d75761aca406b9c52f06cbff","2.5.2",0.00777411460876465,0.932431206456935,"ok",TRUE,,"",
"20261001T112848Z","lambda_strong_n0500_r01","fastphylosig","lambda","phytools::phylosig","strong",0.95,500,1,500,500,0,,,20760924,70261914,20761048,"fastphylosig",1,FALSE,FALSE,TRUE,"Sys.time",1,"cd5ba994a63dbfc0dd6997b455aca1be978d2563d0ecf85825ee90e66b8cd1f2","c3b274310daa3bce3a22517ac3b8c43013d3b2ae3422586c82a95d01ac889fcf","d26e9ff65c4511dd875fd7e830e19708e42a314a90de8069e10e0aeb2d16fcec","88a1cd8d9d9e62b7fad349b4f78b31d63485d89cd0f1b559c947dd053edaddd1","b72bc3f7059461a62d7f6a776fce01884a1908098ea61b85874bb3538d0f0cb2","81af15e48ef817e5f66e1227ff3bae4607e314f20139a686d8902adf1c0ceef8","0.3.0","isolated_release_library/fastphylosig","d951ecee19c06f3a144ad76c5039302078747585bb3bf829e6f12db15f54775d","isolated_release_library/fastphylosig/libs/<platform>/fastphylosig","c46a5834babd455b546bc65c6549c42ba51e6b47f3c9f222919b7118a5af3280","1bd40080f1ea537b3c73c838dc98ff84940f1064f4e1c4dbfb2dd5063d999bdb","benchmarks/stage5/documentation_fix_release_20261001/fastphylosig_0.3.0.tar.gz","909b7ad27485dcc2d96a7bb1fc70b65b54e93245d75761aca406b9c52f06cbff","2.5.2",0.0101499557495117,0.98342864622376,"ok",TRUE,,"",
"20261001T112848Z","lambda_strong_n0500_r01","reference","lambda","phytools::phylosig","strong",0.95,500,1,500,500,0,500,500,20760924,70261914,20761048,"fastphylosig",2,FALSE,FALSE,TRUE,"Sys.time",1,"cd5ba994a63dbfc0dd6997b455aca1be978d2563d0ecf85825ee90e66b8cd1f2","c3b274310daa3bce3a22517ac3b8c43013d3b2ae3422586c82a95d01ac889fcf","d26e9ff65c4511dd875fd7e830e19708e42a314a90de8069e10e0aeb2d16fcec","88a1cd8d9d9e62b7fad349b4f78b31d63485d89cd0f1b559c947dd053edaddd1","b72bc3f7059461a62d7f6a776fce01884a1908098ea61b85874bb3538d0f0cb2","81af15e48ef817e5f66e1227ff3bae4607e314f20139a686d8902adf1c0ceef8","0.3.0","isolated_release_library/fastphylosig","d951ecee19c06f3a144ad76c5039302078747585bb3bf829e6f12db15f54775d","isolated_release_library/fastphylosig/libs/<platform>/fastphylosig","c46a5834babd455b546bc65c6549c42ba51e6b47f3c9f222919b7118a5af3280","1bd40080f1ea537b3c73c838dc98ff84940f1064f4e1c4dbfb2dd5063d999bdb","benchmarks/stage5/documentation_fix_release_20261001/fastphylosig_0.3.0.tar.gz","909b7ad27485dcc2d96a7bb1fc70b65b54e93245d75761aca406b9c52f06cbff","2.5.2",10.6555089950562,0.983435145536034,"ok",TRUE,,"",
"20261001T112848Z","K_none_n0500_r02","fastphylosig","K","phytools::phylosig","none",0,500,2,500,500,0,,,20760934,70262914,20761126,"fastphylosig",1,FALSE,,TRUE,"Sys.time",1,"0155b64063b84f0abb093b73320660d0f5426e14f7353d3fced91f9ca8c06c8d","7a68b0b4fc029118b95cf57a1ee21ec9aaffc9d03cd5f2370f99b03dbf36ab3a","ef43b1a2c6065fe68cd53bb0a2fe6b0758a5607e06fbceeb5a75ebb6719c1375","ef43b1a2c6065fe68cd53bb0a2fe6b0758a5607e06fbceeb5a75ebb6719c1375","3bc9a82044bac90391928ec766fee22379129cdd9f5ed334b789bcbc3b67fde6","a42ff51ac8fa5a848a2ecc51ec77f285fe94c2d2b3fd6319bcc87720754c1bd3","0.3.0","isolated_release_library/fastphylosig","d951ecee19c06f3a144ad76c5039302078747585bb3bf829e6f12db15f54775d","isolated_release_library/fastphylosig/libs/<platform>/fastphylosig","c46a5834babd455b546bc65c6549c42ba51e6b47f3c9f222919b7118a5af3280","1bd40080f1ea537b3c73c838dc98ff84940f1064f4e1c4dbfb2dd5063d999bdb","benchmarks/stage5/documentation_fix_release_20261001/fastphylosig_0.3.0.tar.gz","909b7ad27485dcc2d96a7bb1fc70b65b54e93245d75761aca406b9c52f06cbff","2.5.2",0.00822687149047852,0.113810226855798,"ok",TRUE,,"",
"20261001T112848Z","K_none_n0500_r02","reference","K","phytools::phylosig","none",0,500,2,500,500,0,500,500,20760934,70262914,20761126,"fastphylosig",2,FALSE,,TRUE,"Sys.time",1,"0155b64063b84f0abb093b73320660d0f5426e14f7353d3fced91f9ca8c06c8d","7a68b0b4fc029118b95cf57a1ee21ec9aaffc9d03cd5f2370f99b03dbf36ab3a","ef43b1a2c6065fe68cd53bb0a2fe6b0758a5607e06fbceeb5a75ebb6719c1375","ef43b1a2c6065fe68cd53bb0a2fe6b0758a5607e06fbceeb5a75ebb6719c1375","3bc9a82044bac90391928ec766fee22379129cdd9f5ed334b789bcbc3b67fde6","a42ff51ac8fa5a848a2ecc51ec77f285fe94c2d2b3fd6319bcc87720754c1bd3","0.3.0","isolated_release_library/fastphylosig","d951ecee19c06f3a144ad76c5039302078747585bb3bf829e6f12db15f54775d","isolated_release_library/fastphylosig/libs/<platform>/fastphylosig","c46a5834babd455b546bc65c6549c42ba51e6b47f3c9f222919b7118a5af3280","1bd40080f1ea537b3c73c838dc98ff84940f1064f4e1c4dbfb2dd5063d999bdb","benchmarks/stage5/documentation_fix_release_20261001/fastphylosig_0.3.0.tar.gz","909b7ad27485dcc2d96a7bb1fc70b65b54e93245d75761aca406b9c52f06cbff","2.5.2",0.0420258045196533,0.113810226855794,"ok",TRUE,,"",
"20261001T112848Z","lambda_none_n0500_r02","reference","lambda","phytools::phylosig","none",0,500,2,500,500,0,500,500,20760934,70262914,20761128,"reference",1,FALSE,FALSE,TRUE,"Sys.time",1,"0155b64063b84f0abb093b73320660d0f5426e14f7353d3fced91f9ca8c06c8d","7a68b0b4fc029118b95cf57a1ee21ec9aaffc9d03cd5f2370f99b03dbf36ab3a","ef43b1a2c6065fe68cd53bb0a2fe6b0758a5607e06fbceeb5a75ebb6719c1375","ef43b1a2c6065fe68cd53bb0a2fe6b0758a5607e06fbceeb5a75ebb6719c1375","3bc9a82044bac90391928ec766fee22379129cdd9f5ed334b789bcbc3b67fde6","a42ff51ac8fa5a848a2ecc51ec77f285fe94c2d2b3fd6319bcc87720754c1bd3","0.3.0","isolated_release_library/fastphylosig","d951ecee19c06f3a144ad76c5039302078747585bb3bf829e6f12db15f54775d","isolated_release_library/fastphylosig/libs/<platform>/fastphylosig","c46a5834babd455b546bc65c6549c42ba51e6b47f3c9f222919b7118a5af3280","1bd40080f1ea537b3c73c838dc98ff84940f1064f4e1c4dbfb2dd5063d999bdb","benchmarks/stage5/documentation_fix_release_20261001/fastphylosig_0.3.0.tar.gz","909b7ad27485dcc2d96a7bb1fc70b65b54e93245d75761aca406b9c52f06cbff","2.5.2",9.121258020401,7.33137435857406e-05,"ok",TRUE,,"",
"20261001T112848Z","lambda_none_n0500_r02","fastphylosig","lambda","phytools::phylosig","none",0,500,2,500,500,0,,,20760934,70262914,20761128,"reference",2,FALSE,FALSE,TRUE,"Sys.time",1,"0155b64063b84f0abb093b73320660d0f5426e14f7353d3fced91f9ca8c06c8d","7a68b0b4fc029118b95cf57a1ee21ec9aaffc9d03cd5f2370f99b03dbf36ab3a","ef43b1a2c6065fe68cd53bb0a2fe6b0758a5607e06fbceeb5a75ebb6719c1375","ef43b1a2c6065fe68cd53bb0a2fe6b0758a5607e06fbceeb5a75ebb6719c1375","3bc9a82044bac90391928ec766fee22379129cdd9f5ed334b789bcbc3b67fde6","a42ff51ac8fa5a848a2ecc51ec77f285fe94c2d2b3fd6319bcc87720754c1bd3","0.3.0","isolated_release_library/fastphylosig","d951ecee19c06f3a144ad76c5039302078747585bb3bf829e6f12db15f54775d","isolated_release_library/fastphylosig/libs/<platform>/fastphylosig","c46a5834babd455b546bc65c6549c42ba51e6b47f3c9f222919b7118a5af3280","1bd40080f1ea537b3c73c838dc98ff84940f1064f4e1c4dbfb2dd5063d999bdb","benchmarks/stage5/documentation_fix_release_20261001/fastphylosig_0.3.0.tar.gz","909b7ad27485dcc2d96a7bb1fc70b65b54e93245d75761aca406b9c52f06cbff","2.5.2",0.011023998260498,6.6106961351896e-05,"ok",TRUE,,"",
"20261001T112848Z","K_moderate_n0500_r02","reference","K","phytools::phylosig","moderate",0.5,500,2,500,500,0,500,500,20760934,70262914,20761136,"reference",1,FALSE,,TRUE,"Sys.time",1,"0155b64063b84f0abb093b73320660d0f5426e14f7353d3fced91f9ca8c06c8d","7a68b0b4fc029118b95cf57a1ee21ec9aaffc9d03cd5f2370f99b03dbf36ab3a","ef43b1a2c6065fe68cd53bb0a2fe6b0758a5607e06fbceeb5a75ebb6719c1375","2c6781acaa453cee42ef930c9d431ec2f81fea4d4ee692ee5f43479a9df7aa52","15d77ebf49e3921e5e1b510760d19e03ce634410172d8c144962db37d54413a4","a42ff51ac8fa5a848a2ecc51ec77f285fe94c2d2b3fd6319bcc87720754c1bd3","0.3.0","isolated_release_library/fastphylosig","d951ecee19c06f3a144ad76c5039302078747585bb3bf829e6f12db15f54775d","isolated_release_library/fastphylosig/libs/<platform>/fastphylosig","c46a5834babd455b546bc65c6549c42ba51e6b47f3c9f222919b7118a5af3280","1bd40080f1ea537b3c73c838dc98ff84940f1064f4e1c4dbfb2dd5063d999bdb","benchmarks/stage5/documentation_fix_release_20261001/fastphylosig_0.3.0.tar.gz","909b7ad27485dcc2d96a7bb1fc70b65b54e93245d75761aca406b9c52f06cbff","2.5.2",0.0427188873291016,0.20534811319309,"ok",TRUE,,"",
"20261001T112848Z","K_moderate_n0500_r02","fastphylosig","K","phytools::phylosig","moderate",0.5,500,2,500,500,0,,,20760934,70262914,20761136,"reference",2,FALSE,,TRUE,"Sys.time",1,"0155b64063b84f0abb093b73320660d0f5426e14f7353d3fced91f9ca8c06c8d","7a68b0b4fc029118b95cf57a1ee21ec9aaffc9d03cd5f2370f99b03dbf36ab3a","ef43b1a2c6065fe68cd53bb0a2fe6b0758a5607e06fbceeb5a75ebb6719c1375","2c6781acaa453cee42ef930c9d431ec2f81fea4d4ee692ee5f43479a9df7aa52","15d77ebf49e3921e5e1b510760d19e03ce634410172d8c144962db37d54413a4","a42ff51ac8fa5a848a2ecc51ec77f285fe94c2d2b3fd6319bcc87720754c1bd3","0.3.0","isolated_release_library/fastphylosig","d951ecee19c06f3a144ad76c5039302078747585bb3bf829e6f12db15f54775d","isolated_release_library/fastphylosig/libs/<platform>/fastphylosig","c46a5834babd455b546bc65c6549c42ba51e6b47f3c9f222919b7118a5af3280","1bd40080f1ea537b3c73c838dc98ff84940f1064f4e1c4dbfb2dd5063d999bdb","benchmarks/stage5/documentation_fix_release_20261001/fastphylosig_0.3.0.tar.gz","909b7ad27485dcc2d96a7bb1fc70b65b54e93245d75761aca406b9c52f06cbff","2.5.2",0.00774598121643066,0.205348113193082,"ok",TRUE,,"",
"20261001T112848Z","lambda_moderate_n0500_r02","fastphylosig","lambda","phytools::phylosig","moderate",0.5,500,2,500,500,0,,,20760934,70262914,20761138,"fastphylosig",1,FALSE,FALSE,TRUE,"Sys.time",1,"0155b64063b84f0abb093b73320660d0f5426e14f7353d3fced91f9ca8c06c8d","7a68b0b4fc029118b95cf57a1ee21ec9aaffc9d03cd5f2370f99b03dbf36ab3a","ef43b1a2c6065fe68cd53bb0a2fe6b0758a5607e06fbceeb5a75ebb6719c1375","2c6781acaa453cee42ef930c9d431ec2f81fea4d4ee692ee5f43479a9df7aa52","15d77ebf49e3921e5e1b510760d19e03ce634410172d8c144962db37d54413a4","a42ff51ac8fa5a848a2ecc51ec77f285fe94c2d2b3fd6319bcc87720754c1bd3","0.3.0","isolated_release_library/fastphylosig","d951ecee19c06f3a144ad76c5039302078747585bb3bf829e6f12db15f54775d","isolated_release_library/fastphylosig/libs/<platform>/fastphylosig","c46a5834babd455b546bc65c6549c42ba51e6b47f3c9f222919b7118a5af3280","1bd40080f1ea537b3c73c838dc98ff84940f1064f4e1c4dbfb2dd5063d999bdb","benchmarks/stage5/documentation_fix_release_20261001/fastphylosig_0.3.0.tar.gz","909b7ad27485dcc2d96a7bb1fc70b65b54e93245d75761aca406b9c52f06cbff","2.5.2",0.0091698169708252,0.487308811529715,"ok",TRUE,,"",
"20261001T112848Z","lambda_moderate_n0500_r02","reference","lambda","phytools::phylosig","moderate",0.5,500,2,500,500,0,500,500,20760934,70262914,20761138,"fastphylosig",2,FALSE,FALSE,TRUE,"Sys.time",1,"0155b64063b84f0abb093b73320660d0f5426e14f7353d3fced91f9ca8c06c8d","7a68b0b4fc029118b95cf57a1ee21ec9aaffc9d03cd5f2370f99b03dbf36ab3a","ef43b1a2c6065fe68cd53bb0a2fe6b0758a5607e06fbceeb5a75ebb6719c1375","2c6781acaa453cee42ef930c9d431ec2f81fea4d4ee692ee5f43479a9df7aa52","15d77ebf49e3921e5e1b510760d19e03ce634410172d8c144962db37d54413a4","a42ff51ac8fa5a848a2ecc51ec77f285fe94c2d2b3fd6319bcc87720754c1bd3","0.3.0","isolated_release_library/fastphylosig","d951ecee19c06f3a144ad76c5039302078747585bb3bf829e6f12db15f54775d","isolated_release_library/fastphylosig/libs/<platform>/fastphylosig","c46a5834babd455b546bc65c6549c42ba51e6b47f3c9f222919b7118a5af3280","1bd40080f1ea537b3c73c838dc98ff84940f1064f4e1c4dbfb2dd5063d999bdb","benchmarks/stage5/documentation_fix_release_20261001/fastphylosig_0.3.0.tar.gz","909b7ad27485dcc2d96a7bb1fc70b65b54e93245d75761aca406b9c52f06cbff","2.5.2",8.61825799942017,0.487315991547031,"ok",TRUE,,"",
"20261001T112848Z","K_strong_n0500_r02","fastphylosig","K","phytools::phylosig","strong",0.95,500,2,500,500,0,,,20760934,70262914,20761146,"fastphylosig",1,FALSE,,TRUE,"Sys.time",1,"0155b64063b84f0abb093b73320660d0f5426e14f7353d3fced91f9ca8c06c8d","7a68b0b4fc029118b95cf57a1ee21ec9aaffc9d03cd5f2370f99b03dbf36ab3a","ef43b1a2c6065fe68cd53bb0a2fe6b0758a5607e06fbceeb5a75ebb6719c1375","b5685314fd776df78a73ba60b6bbbf808840558c25c6d34bc4638dea75f48cd3","02c78d884f7272414c8bd898245360097282ea86159c4f046c5019889a3163e1","a42ff51ac8fa5a848a2ecc51ec77f285fe94c2d2b3fd6319bcc87720754c1bd3","0.3.0","isolated_release_library/fastphylosig","d951ecee19c06f3a144ad76c5039302078747585bb3bf829e6f12db15f54775d","isolated_release_library/fastphylosig/libs/<platform>/fastphylosig","c46a5834babd455b546bc65c6549c42ba51e6b47f3c9f222919b7118a5af3280","1bd40080f1ea537b3c73c838dc98ff84940f1064f4e1c4dbfb2dd5063d999bdb","benchmarks/stage5/documentation_fix_release_20261001/fastphylosig_0.3.0.tar.gz","909b7ad27485dcc2d96a7bb1fc70b65b54e93245d75761aca406b9c52f06cbff","2.5.2",0.0074470043182373,0.685000185163506,"ok",TRUE,,"",
"20261001T112848Z","K_strong_n0500_r02","reference","K","phytools::phylosig","strong",0.95,500,2,500,500,0,500,500,20760934,70262914,20761146,"fastphylosig",2,FALSE,,TRUE,"Sys.time",1,"0155b64063b84f0abb093b73320660d0f5426e14f7353d3fced91f9ca8c06c8d","7a68b0b4fc029118b95cf57a1ee21ec9aaffc9d03cd5f2370f99b03dbf36ab3a","ef43b1a2c6065fe68cd53bb0a2fe6b0758a5607e06fbceeb5a75ebb6719c1375","b5685314fd776df78a73ba60b6bbbf808840558c25c6d34bc4638dea75f48cd3","02c78d884f7272414c8bd898245360097282ea86159c4f046c5019889a3163e1","a42ff51ac8fa5a848a2ecc51ec77f285fe94c2d2b3fd6319bcc87720754c1bd3","0.3.0","isolated_release_library/fastphylosig","d951ecee19c06f3a144ad76c5039302078747585bb3bf829e6f12db15f54775d","isolated_release_library/fastphylosig/libs/<platform>/fastphylosig","c46a5834babd455b546bc65c6549c42ba51e6b47f3c9f222919b7118a5af3280","1bd40080f1ea537b3c73c838dc98ff84940f1064f4e1c4dbfb2dd5063d999bdb","benchmarks/stage5/documentation_fix_release_20261001/fastphylosig_0.3.0.tar.gz","909b7ad27485dcc2d96a7bb1fc70b65b54e93245d75761aca406b9c52f06cbff","2.5.2",0.0414340496063232,0.685000185163524,"ok",TRUE,,"",
"20261001T112848Z","lambda_strong_n0500_r02","reference","lambda","phytools::phylosig","strong",0.95,500,2,500,500,0,500,500,20760934,70262914,20761148,"reference",1,FALSE,FALSE,TRUE,"Sys.time",1,"0155b64063b84f0abb093b73320660d0f5426e14f7353d3fced91f9ca8c06c8d","7a68b0b4fc029118b95cf57a1ee21ec9aaffc9d03cd5f2370f99b03dbf36ab3a","ef43b1a2c6065fe68cd53bb0a2fe6b0758a5607e06fbceeb5a75ebb6719c1375","b5685314fd776df78a73ba60b6bbbf808840558c25c6d34bc4638dea75f48cd3","02c78d884f7272414c8bd898245360097282ea86159c4f046c5019889a3163e1","a42ff51ac8fa5a848a2ecc51ec77f285fe94c2d2b3fd6319bcc87720754c1bd3","0.3.0","isolated_release_library/fastphylosig","d951ecee19c06f3a144ad76c5039302078747585bb3bf829e6f12db15f54775d","isolated_release_library/fastphylosig/libs/<platform>/fastphylosig","c46a5834babd455b546bc65c6549c42ba51e6b47f3c9f222919b7118a5af3280","1bd40080f1ea537b3c73c838dc98ff84940f1064f4e1c4dbfb2dd5063d999bdb","benchmarks/stage5/documentation_fix_release_20261001/fastphylosig_0.3.0.tar.gz","909b7ad27485dcc2d96a7bb1fc70b65b54e93245d75761aca406b9c52f06cbff","2.5.2",8.74325799942017,0.956928597647301,"ok",TRUE,,"",
"20261001T112848Z","lambda_strong_n0500_r02","fastphylosig","lambda","phytools::phylosig","strong",0.95,500,2,500,500,0,,,20760934,70262914,20761148,"reference",2,FALSE,FALSE,TRUE,"Sys.time",1,"0155b64063b84f0abb093b73320660d0f5426e14f7353d3fced91f9ca8c06c8d","7a68b0b4fc029118b95cf57a1ee21ec9aaffc9d03cd5f2370f99b03dbf36ab3a","ef43b1a2c6065fe68cd53bb0a2fe6b0758a5607e06fbceeb5a75ebb6719c1375","b5685314fd776df78a73ba60b6bbbf808840558c25c6d34bc4638dea75f48cd3","02c78d884f7272414c8bd898245360097282ea86159c4f046c5019889a3163e1","a42ff51ac8fa5a848a2ecc51ec77f285fe94c2d2b3fd6319bcc87720754c1bd3","0.3.0","isolated_release_library/fastphylosig","d951ecee19c06f3a144ad76c5039302078747585bb3bf829e6f12db15f54775d","isolated_release_library/fastphylosig/libs/<platform>/fastphylosig","c46a5834babd455b546bc65c6549c42ba51e6b47f3c9f222919b7118a5af3280","1bd40080f1ea537b3c73c838dc98ff84940f1064f4e1c4dbfb2dd5063d999bdb","benchmarks/stage5/documentation_fix_release_20261001/fastphylosig_0.3.0.tar.gz","909b7ad27485dcc2d96a7bb1fc70b65b54e93245d75761aca406b9c52f06cbff","2.5.2",0.00926899909973145,0.956920898589739,"ok",TRUE,,"",
"20261001T112848Z","K_none_n0500_r03","reference","K","phytools::phylosig","none",0,500,3,500,500,0,500,500,20760944,70263914,20761226,"reference",1,FALSE,,TRUE,"Sys.time",1,"ef687cb29b1564c3c2834bb0c6031db5a46529d5831891e634d7f0597b26d06d","d874b132f09d9381d0666848b590c7abaf5bf09baeb577173eda4d18b7aad2cb","474bf9b1da215166ed8b021aeebefbfde4cc4dfcc692c65528501844ae445b96","474bf9b1da215166ed8b021aeebefbfde4cc4dfcc692c65528501844ae445b96","6d4face90dcc9da5699a9861ada201ce13d02c01a82b7ae0aee84917fb78e6a1","02a9dfe0a2df3a8c25086150b931daaecb0e6dcd89e0a2c27469a9123480c970","0.3.0","isolated_release_library/fastphylosig","d951ecee19c06f3a144ad76c5039302078747585bb3bf829e6f12db15f54775d","isolated_release_library/fastphylosig/libs/<platform>/fastphylosig","c46a5834babd455b546bc65c6549c42ba51e6b47f3c9f222919b7118a5af3280","1bd40080f1ea537b3c73c838dc98ff84940f1064f4e1c4dbfb2dd5063d999bdb","benchmarks/stage5/documentation_fix_release_20261001/fastphylosig_0.3.0.tar.gz","909b7ad27485dcc2d96a7bb1fc70b65b54e93245d75761aca406b9c52f06cbff","2.5.2",0.0537381172180176,0.125920031170346,"ok",TRUE,,"",
"20261001T112848Z","K_none_n0500_r03","fastphylosig","K","phytools::phylosig","none",0,500,3,500,500,0,,,20760944,70263914,20761226,"reference",2,FALSE,,TRUE,"Sys.time",1,"ef687cb29b1564c3c2834bb0c6031db5a46529d5831891e634d7f0597b26d06d","d874b132f09d9381d0666848b590c7abaf5bf09baeb577173eda4d18b7aad2cb","474bf9b1da215166ed8b021aeebefbfde4cc4dfcc692c65528501844ae445b96","474bf9b1da215166ed8b021aeebefbfde4cc4dfcc692c65528501844ae445b96","6d4face90dcc9da5699a9861ada201ce13d02c01a82b7ae0aee84917fb78e6a1","02a9dfe0a2df3a8c25086150b931daaecb0e6dcd89e0a2c27469a9123480c970","0.3.0","isolated_release_library/fastphylosig","d951ecee19c06f3a144ad76c5039302078747585bb3bf829e6f12db15f54775d","isolated_release_library/fastphylosig/libs/<platform>/fastphylosig","c46a5834babd455b546bc65c6549c42ba51e6b47f3c9f222919b7118a5af3280","1bd40080f1ea537b3c73c838dc98ff84940f1064f4e1c4dbfb2dd5063d999bdb","benchmarks/stage5/documentation_fix_release_20261001/fastphylosig_0.3.0.tar.gz","909b7ad27485dcc2d96a7bb1fc70b65b54e93245d75761aca406b9c52f06cbff","2.5.2",0.00773000717163086,0.125920031170346,"ok",TRUE,,"",
"20261001T112848Z","lambda_none_n0500_r03","fastphylosig","lambda","phytools::phylosig","none",0,500,3,500,500,0,,,20760944,70263914,20761228,"fastphylosig",1,FALSE,FALSE,TRUE,"Sys.time",1,"ef687cb29b1564c3c2834bb0c6031db5a46529d5831891e634d7f0597b26d06d","d874b132f09d9381d0666848b590c7abaf5bf09baeb577173eda4d18b7aad2cb","474bf9b1da215166ed8b021aeebefbfde4cc4dfcc692c65528501844ae445b96","474bf9b1da215166ed8b021aeebefbfde4cc4dfcc692c65528501844ae445b96","6d4face90dcc9da5699a9861ada201ce13d02c01a82b7ae0aee84917fb78e6a1","02a9dfe0a2df3a8c25086150b931daaecb0e6dcd89e0a2c27469a9123480c970","0.3.0","isolated_release_library/fastphylosig","d951ecee19c06f3a144ad76c5039302078747585bb3bf829e6f12db15f54775d","isolated_release_library/fastphylosig/libs/<platform>/fastphylosig","c46a5834babd455b546bc65c6549c42ba51e6b47f3c9f222919b7118a5af3280","1bd40080f1ea537b3c73c838dc98ff84940f1064f4e1c4dbfb2dd5063d999bdb","benchmarks/stage5/documentation_fix_release_20261001/fastphylosig_0.3.0.tar.gz","909b7ad27485dcc2d96a7bb1fc70b65b54e93245d75761aca406b9c52f06cbff","2.5.2",0.00972104072570801,0.00472088330283972,"ok",TRUE,,"",
"20261001T112848Z","lambda_none_n0500_r03","reference","lambda","phytools::phylosig","none",0,500,3,500,500,0,500,500,20760944,70263914,20761228,"fastphylosig",2,FALSE,FALSE,TRUE,"Sys.time",1,"ef687cb29b1564c3c2834bb0c6031db5a46529d5831891e634d7f0597b26d06d","d874b132f09d9381d0666848b590c7abaf5bf09baeb577173eda4d18b7aad2cb","474bf9b1da215166ed8b021aeebefbfde4cc4dfcc692c65528501844ae445b96","474bf9b1da215166ed8b021aeebefbfde4cc4dfcc692c65528501844ae445b96","6d4face90dcc9da5699a9861ada201ce13d02c01a82b7ae0aee84917fb78e6a1","02a9dfe0a2df3a8c25086150b931daaecb0e6dcd89e0a2c27469a9123480c970","0.3.0","isolated_release_library/fastphylosig","d951ecee19c06f3a144ad76c5039302078747585bb3bf829e6f12db15f54775d","isolated_release_library/fastphylosig/libs/<platform>/fastphylosig","c46a5834babd455b546bc65c6549c42ba51e6b47f3c9f222919b7118a5af3280","1bd40080f1ea537b3c73c838dc98ff84940f1064f4e1c4dbfb2dd5063d999bdb","benchmarks/stage5/documentation_fix_release_20261001/fastphylosig_0.3.0.tar.gz","909b7ad27485dcc2d96a7bb1fc70b65b54e93245d75761aca406b9c52f06cbff","2.5.2",10.850004196167,0.00470607297184185,"ok",TRUE,,"",
"20261001T112848Z","K_moderate_n0500_r03","fastphylosig","K","phytools::phylosig","moderate",0.5,500,3,500,500,0,,,20760944,70263914,20761236,"fastphylosig",1,FALSE,,TRUE,"Sys.time",1,"ef687cb29b1564c3c2834bb0c6031db5a46529d5831891e634d7f0597b26d06d","d874b132f09d9381d0666848b590c7abaf5bf09baeb577173eda4d18b7aad2cb","474bf9b1da215166ed8b021aeebefbfde4cc4dfcc692c65528501844ae445b96","2522725f3e0bffe57b8ef8702ab19825690b518ba76fc873a28df55ffc5889f5","e85a0847775b66e14691e3d1264d8663e05bf5ddf3f98b5408a8958e4d3f6d6c","02a9dfe0a2df3a8c25086150b931daaecb0e6dcd89e0a2c27469a9123480c970","0.3.0","isolated_release_library/fastphylosig","d951ecee19c06f3a144ad76c5039302078747585bb3bf829e6f12db15f54775d","isolated_release_library/fastphylosig/libs/<platform>/fastphylosig","c46a5834babd455b546bc65c6549c42ba51e6b47f3c9f222919b7118a5af3280","1bd40080f1ea537b3c73c838dc98ff84940f1064f4e1c4dbfb2dd5063d999bdb","benchmarks/stage5/documentation_fix_release_20261001/fastphylosig_0.3.0.tar.gz","909b7ad27485dcc2d96a7bb1fc70b65b54e93245d75761aca406b9c52f06cbff","2.5.2",0.0079491138458252,0.215970258992931,"ok",TRUE,,"",
"20261001T112848Z","K_moderate_n0500_r03","reference","K","phytools::phylosig","moderate",0.5,500,3,500,500,0,500,500,20760944,70263914,20761236,"fastphylosig",2,FALSE,,TRUE,"Sys.time",1,"ef687cb29b1564c3c2834bb0c6031db5a46529d5831891e634d7f0597b26d06d","d874b132f09d9381d0666848b590c7abaf5bf09baeb577173eda4d18b7aad2cb","474bf9b1da215166ed8b021aeebefbfde4cc4dfcc692c65528501844ae445b96","2522725f3e0bffe57b8ef8702ab19825690b518ba76fc873a28df55ffc5889f5","e85a0847775b66e14691e3d1264d8663e05bf5ddf3f98b5408a8958e4d3f6d6c","02a9dfe0a2df3a8c25086150b931daaecb0e6dcd89e0a2c27469a9123480c970","0.3.0","isolated_release_library/fastphylosig","d951ecee19c06f3a144ad76c5039302078747585bb3bf829e6f12db15f54775d","isolated_release_library/fastphylosig/libs/<platform>/fastphylosig","c46a5834babd455b546bc65c6549c42ba51e6b47f3c9f222919b7118a5af3280","1bd40080f1ea537b3c73c838dc98ff84940f1064f4e1c4dbfb2dd5063d999bdb","benchmarks/stage5/documentation_fix_release_20261001/fastphylosig_0.3.0.tar.gz","909b7ad27485dcc2d96a7bb1fc70b65b54e93245d75761aca406b9c52f06cbff","2.5.2",0.0543239116668701,0.215970258992931,"ok",TRUE,,"",
"20261001T112848Z","lambda_moderate_n0500_r03","reference","lambda","phytools::phylosig","moderate",0.5,500,3,500,500,0,500,500,20760944,70263914,20761238,"reference",1,FALSE,FALSE,TRUE,"Sys.time",1,"ef687cb29b1564c3c2834bb0c6031db5a46529d5831891e634d7f0597b26d06d","d874b132f09d9381d0666848b590c7abaf5bf09baeb577173eda4d18b7aad2cb","474bf9b1da215166ed8b021aeebefbfde4cc4dfcc692c65528501844ae445b96","2522725f3e0bffe57b8ef8702ab19825690b518ba76fc873a28df55ffc5889f5","e85a0847775b66e14691e3d1264d8663e05bf5ddf3f98b5408a8958e4d3f6d6c","02a9dfe0a2df3a8c25086150b931daaecb0e6dcd89e0a2c27469a9123480c970","0.3.0","isolated_release_library/fastphylosig","d951ecee19c06f3a144ad76c5039302078747585bb3bf829e6f12db15f54775d","isolated_release_library/fastphylosig/libs/<platform>/fastphylosig","c46a5834babd455b546bc65c6549c42ba51e6b47f3c9f222919b7118a5af3280","1bd40080f1ea537b3c73c838dc98ff84940f1064f4e1c4dbfb2dd5063d999bdb","benchmarks/stage5/documentation_fix_release_20261001/fastphylosig_0.3.0.tar.gz","909b7ad27485dcc2d96a7bb1fc70b65b54e93245d75761aca406b9c52f06cbff","2.5.2",10.8347549438477,0.597703581058657,"ok",TRUE,,"",
"20261001T112848Z","lambda_moderate_n0500_r03","fastphylosig","lambda","phytools::phylosig","moderate",0.5,500,3,500,500,0,,,20760944,70263914,20761238,"reference",2,FALSE,FALSE,TRUE,"Sys.time",1,"ef687cb29b1564c3c2834bb0c6031db5a46529d5831891e634d7f0597b26d06d","d874b132f09d9381d0666848b590c7abaf5bf09baeb577173eda4d18b7aad2cb","474bf9b1da215166ed8b021aeebefbfde4cc4dfcc692c65528501844ae445b96","2522725f3e0bffe57b8ef8702ab19825690b518ba76fc873a28df55ffc5889f5","e85a0847775b66e14691e3d1264d8663e05bf5ddf3f98b5408a8958e4d3f6d6c","02a9dfe0a2df3a8c25086150b931daaecb0e6dcd89e0a2c27469a9123480c970","0.3.0","isolated_release_library/fastphylosig","d951ecee19c06f3a144ad76c5039302078747585bb3bf829e6f12db15f54775d","isolated_release_library/fastphylosig/libs/<platform>/fastphylosig","c46a5834babd455b546bc65c6549c42ba51e6b47f3c9f222919b7118a5af3280","1bd40080f1ea537b3c73c838dc98ff84940f1064f4e1c4dbfb2dd5063d999bdb","benchmarks/stage5/documentation_fix_release_20261001/fastphylosig_0.3.0.tar.gz","909b7ad27485dcc2d96a7bb1fc70b65b54e93245d75761aca406b9c52f06cbff","2.5.2",0.00936603546142578,0.597708364881548,"ok",TRUE,,"",
"20261001T112848Z","K_strong_n0500_r03","reference","K","phytools::phylosig","strong",0.95,500,3,500,500,0,500,500,20760944,70263914,20761246,"reference",1,FALSE,,TRUE,"Sys.time",1,"ef687cb29b1564c3c2834bb0c6031db5a46529d5831891e634d7f0597b26d06d","d874b132f09d9381d0666848b590c7abaf5bf09baeb577173eda4d18b7aad2cb","474bf9b1da215166ed8b021aeebefbfde4cc4dfcc692c65528501844ae445b96","d5b8a5f4ffa1b57c882a7ca10b4bad74fdee5dc3a1e3081d5a3e099a614f8f16","b904daa57bcd12e954f628c08d9e071f0a555dfced2ccc1f7e959a227e50f243","02a9dfe0a2df3a8c25086150b931daaecb0e6dcd89e0a2c27469a9123480c970","0.3.0","isolated_release_library/fastphylosig","d951ecee19c06f3a144ad76c5039302078747585bb3bf829e6f12db15f54775d","isolated_release_library/fastphylosig/libs/<platform>/fastphylosig","c46a5834babd455b546bc65c6549c42ba51e6b47f3c9f222919b7118a5af3280","1bd40080f1ea537b3c73c838dc98ff84940f1064f4e1c4dbfb2dd5063d999bdb","benchmarks/stage5/documentation_fix_release_20261001/fastphylosig_0.3.0.tar.gz","909b7ad27485dcc2d96a7bb1fc70b65b54e93245d75761aca406b9c52f06cbff","2.5.2",0.0538380146026611,0.695651441813981,"ok",TRUE,,"",
"20261001T112848Z","K_strong_n0500_r03","fastphylosig","K","phytools::phylosig","strong",0.95,500,3,500,500,0,,,20760944,70263914,20761246,"reference",2,FALSE,,TRUE,"Sys.time",1,"ef687cb29b1564c3c2834bb0c6031db5a46529d5831891e634d7f0597b26d06d","d874b132f09d9381d0666848b590c7abaf5bf09baeb577173eda4d18b7aad2cb","474bf9b1da215166ed8b021aeebefbfde4cc4dfcc692c65528501844ae445b96","d5b8a5f4ffa1b57c882a7ca10b4bad74fdee5dc3a1e3081d5a3e099a614f8f16","b904daa57bcd12e954f628c08d9e071f0a555dfced2ccc1f7e959a227e50f243","02a9dfe0a2df3a8c25086150b931daaecb0e6dcd89e0a2c27469a9123480c970","0.3.0","isolated_release_library/fastphylosig","d951ecee19c06f3a144ad76c5039302078747585bb3bf829e6f12db15f54775d","isolated_release_library/fastphylosig/libs/<platform>/fastphylosig","c46a5834babd455b546bc65c6549c42ba51e6b47f3c9f222919b7118a5af3280","1bd40080f1ea537b3c73c838dc98ff84940f1064f4e1c4dbfb2dd5063d999bdb","benchmarks/stage5/documentation_fix_release_20261001/fastphylosig_0.3.0.tar.gz","909b7ad27485dcc2d96a7bb1fc70b65b54e93245d75761aca406b9c52f06cbff","2.5.2",0.00745987892150879,0.695651441813983,"ok",TRUE,,"",
"20261001T112848Z","lambda_strong_n0500_r03","fastphylosig","lambda","phytools::phylosig","strong",0.95,500,3,500,500,0,,,20760944,70263914,20761248,"fastphylosig",1,FALSE,FALSE,TRUE,"Sys.time",1,"ef687cb29b1564c3c2834bb0c6031db5a46529d5831891e634d7f0597b26d06d","d874b132f09d9381d0666848b590c7abaf5bf09baeb577173eda4d18b7aad2cb","474bf9b1da215166ed8b021aeebefbfde4cc4dfcc692c65528501844ae445b96","d5b8a5f4ffa1b57c882a7ca10b4bad74fdee5dc3a1e3081d5a3e099a614f8f16","b904daa57bcd12e954f628c08d9e071f0a555dfced2ccc1f7e959a227e50f243","02a9dfe0a2df3a8c25086150b931daaecb0e6dcd89e0a2c27469a9123480c970","0.3.0","isolated_release_library/fastphylosig","d951ecee19c06f3a144ad76c5039302078747585bb3bf829e6f12db15f54775d","isolated_release_library/fastphylosig/libs/<platform>/fastphylosig","c46a5834babd455b546bc65c6549c42ba51e6b47f3c9f222919b7118a5af3280","1bd40080f1ea537b3c73c838dc98ff84940f1064f4e1c4dbfb2dd5063d999bdb","benchmarks/stage5/documentation_fix_release_20261001/fastphylosig_0.3.0.tar.gz","909b7ad27485dcc2d96a7bb1fc70b65b54e93245d75761aca406b9c52f06cbff","2.5.2",0.009429931640625,0.967861528526303,"ok",TRUE,,"",
"20261001T112848Z","lambda_strong_n0500_r03","reference","lambda","phytools::phylosig","strong",0.95,500,3,500,500,0,500,500,20760944,70263914,20761248,"fastphylosig",2,FALSE,FALSE,TRUE,"Sys.time",1,"ef687cb29b1564c3c2834bb0c6031db5a46529d5831891e634d7f0597b26d06d","d874b132f09d9381d0666848b590c7abaf5bf09baeb577173eda4d18b7aad2cb","474bf9b1da215166ed8b021aeebefbfde4cc4dfcc692c65528501844ae445b96","d5b8a5f4ffa1b57c882a7ca10b4bad74fdee5dc3a1e3081d5a3e099a614f8f16","b904daa57bcd12e954f628c08d9e071f0a555dfced2ccc1f7e959a227e50f243","02a9dfe0a2df3a8c25086150b931daaecb0e6dcd89e0a2c27469a9123480c970","0.3.0","isolated_release_library/fastphylosig","d951ecee19c06f3a144ad76c5039302078747585bb3bf829e6f12db15f54775d","isolated_release_library/fastphylosig/libs/<platform>/fastphylosig","c46a5834babd455b546bc65c6549c42ba51e6b47f3c9f222919b7118a5af3280","1bd40080f1ea537b3c73c838dc98ff84940f1064f4e1c4dbfb2dd5063d999bdb","benchmarks/stage5/documentation_fix_release_20261001/fastphylosig_0.3.0.tar.gz","909b7ad27485dcc2d96a7bb1fc70b65b54e93245d75761aca406b9c52f06cbff","2.5.2",10.5772261619568,0.967857362080813,"ok",TRUE,,"",
"20261001T112848Z","K_none_n0500_r04","fastphylosig","K","phytools::phylosig","none",0,500,4,500,500,0,,,20760954,70264914,20761326,"fastphylosig",1,FALSE,,TRUE,"Sys.time",1,"5e9abd39a90772e82087f84706b4ece9ff9e105a346e1befed6b2f5754d760b0","56a41a9f32fe12690d21d082298db3cef9497dcfff3dc698373d6655a19ac13d","d2d37f873d96dd42f3d6dfbdc02dd4b434bf4d6bbc9b358d7d98d4faf3f5f761","d2d37f873d96dd42f3d6dfbdc02dd4b434bf4d6bbc9b358d7d98d4faf3f5f761","c8ecb86fbbc1fcca3a6952534484aa7984ad419be5e3320ffd64072ffa7e416a","9eff6780f9f91311e94986933c4d0229fe87f2d16a43090f8b6d2766e443a744","0.3.0","isolated_release_library/fastphylosig","d951ecee19c06f3a144ad76c5039302078747585bb3bf829e6f12db15f54775d","isolated_release_library/fastphylosig/libs/<platform>/fastphylosig","c46a5834babd455b546bc65c6549c42ba51e6b47f3c9f222919b7118a5af3280","1bd40080f1ea537b3c73c838dc98ff84940f1064f4e1c4dbfb2dd5063d999bdb","benchmarks/stage5/documentation_fix_release_20261001/fastphylosig_0.3.0.tar.gz","909b7ad27485dcc2d96a7bb1fc70b65b54e93245d75761aca406b9c52f06cbff","2.5.2",0.00839710235595703,0.164426773727276,"ok",TRUE,,"",
"20261001T112848Z","K_none_n0500_r04","reference","K","phytools::phylosig","none",0,500,4,500,500,0,500,500,20760954,70264914,20761326,"fastphylosig",2,FALSE,,TRUE,"Sys.time",1,"5e9abd39a90772e82087f84706b4ece9ff9e105a346e1befed6b2f5754d760b0","56a41a9f32fe12690d21d082298db3cef9497dcfff3dc698373d6655a19ac13d","d2d37f873d96dd42f3d6dfbdc02dd4b434bf4d6bbc9b358d7d98d4faf3f5f761","d2d37f873d96dd42f3d6dfbdc02dd4b434bf4d6bbc9b358d7d98d4faf3f5f761","c8ecb86fbbc1fcca3a6952534484aa7984ad419be5e3320ffd64072ffa7e416a","9eff6780f9f91311e94986933c4d0229fe87f2d16a43090f8b6d2766e443a744","0.3.0","isolated_release_library/fastphylosig","d951ecee19c06f3a144ad76c5039302078747585bb3bf829e6f12db15f54775d","isolated_release_library/fastphylosig/libs/<platform>/fastphylosig","c46a5834babd455b546bc65c6549c42ba51e6b47f3c9f222919b7118a5af3280","1bd40080f1ea537b3c73c838dc98ff84940f1064f4e1c4dbfb2dd5063d999bdb","benchmarks/stage5/documentation_fix_release_20261001/fastphylosig_0.3.0.tar.gz","909b7ad27485dcc2d96a7bb1fc70b65b54e93245d75761aca406b9c52f06cbff","2.5.2",0.0520999431610107,0.164426773727253,"ok",TRUE,,"",
"20261001T112848Z","lambda_none_n0500_r04","reference","lambda","phytools::phylosig","none",0,500,4,500,500,0,500,500,20760954,70264914,20761328,"reference",1,FALSE,FALSE,TRUE,"Sys.time",1,"5e9abd39a90772e82087f84706b4ece9ff9e105a346e1befed6b2f5754d760b0","56a41a9f32fe12690d21d082298db3cef9497dcfff3dc698373d6655a19ac13d","d2d37f873d96dd42f3d6dfbdc02dd4b434bf4d6bbc9b358d7d98d4faf3f5f761","d2d37f873d96dd42f3d6dfbdc02dd4b434bf4d6bbc9b358d7d98d4faf3f5f761","c8ecb86fbbc1fcca3a6952534484aa7984ad419be5e3320ffd64072ffa7e416a","9eff6780f9f91311e94986933c4d0229fe87f2d16a43090f8b6d2766e443a744","0.3.0","isolated_release_library/fastphylosig","d951ecee19c06f3a144ad76c5039302078747585bb3bf829e6f12db15f54775d","isolated_release_library/fastphylosig/libs/<platform>/fastphylosig","c46a5834babd455b546bc65c6549c42ba51e6b47f3c9f222919b7118a5af3280","1bd40080f1ea537b3c73c838dc98ff84940f1064f4e1c4dbfb2dd5063d999bdb","benchmarks/stage5/documentation_fix_release_20261001/fastphylosig_0.3.0.tar.gz","909b7ad27485dcc2d96a7bb1fc70b65b54e93245d75761aca406b9c52f06cbff","2.5.2",10.8112599849701,7.33137435857406e-05,"ok",TRUE,,"",
"20261001T112848Z","lambda_none_n0500_r04","fastphylosig","lambda","phytools::phylosig","none",0,500,4,500,500,0,,,20760954,70264914,20761328,"reference",2,FALSE,FALSE,TRUE,"Sys.time",1,"5e9abd39a90772e82087f84706b4ece9ff9e105a346e1befed6b2f5754d760b0","56a41a9f32fe12690d21d082298db3cef9497dcfff3dc698373d6655a19ac13d","d2d37f873d96dd42f3d6dfbdc02dd4b434bf4d6bbc9b358d7d98d4faf3f5f761","d2d37f873d96dd42f3d6dfbdc02dd4b434bf4d6bbc9b358d7d98d4faf3f5f761","c8ecb86fbbc1fcca3a6952534484aa7984ad419be5e3320ffd64072ffa7e416a","9eff6780f9f91311e94986933c4d0229fe87f2d16a43090f8b6d2766e443a744","0.3.0","isolated_release_library/fastphylosig","d951ecee19c06f3a144ad76c5039302078747585bb3bf829e6f12db15f54775d","isolated_release_library/fastphylosig/libs/<platform>/fastphylosig","c46a5834babd455b546bc65c6549c42ba51e6b47f3c9f222919b7118a5af3280","1bd40080f1ea537b3c73c838dc98ff84940f1064f4e1c4dbfb2dd5063d999bdb","benchmarks/stage5/documentation_fix_release_20261001/fastphylosig_0.3.0.tar.gz","909b7ad27485dcc2d96a7bb1fc70b65b54e93245d75761aca406b9c52f06cbff","2.5.2",0.0109341144561768,6.6106961351896e-05,"ok",TRUE,,"",
"20261001T112848Z","K_moderate_n0500_r04","reference","K","phytools::phylosig","moderate",0.5,500,4,500,500,0,500,500,20760954,70264914,20761336,"reference",1,FALSE,,TRUE,"Sys.time",1,"5e9abd39a90772e82087f84706b4ece9ff9e105a346e1befed6b2f5754d760b0","56a41a9f32fe12690d21d082298db3cef9497dcfff3dc698373d6655a19ac13d","d2d37f873d96dd42f3d6dfbdc02dd4b434bf4d6bbc9b358d7d98d4faf3f5f761","6623a11bfd616a165f0ffd0ab75a5fcb5d36cfa54a2ba4d87dbdedb6b2e5c279","9ee7701868cf2b856a2c29be7dcbf7dfa5ab334cf4f1a3a02e14b449b3744968","9eff6780f9f91311e94986933c4d0229fe87f2d16a43090f8b6d2766e443a744","0.3.0","isolated_release_library/fastphylosig","d951ecee19c06f3a144ad76c5039302078747585bb3bf829e6f12db15f54775d","isolated_release_library/fastphylosig/libs/<platform>/fastphylosig","c46a5834babd455b546bc65c6549c42ba51e6b47f3c9f222919b7118a5af3280","1bd40080f1ea537b3c73c838dc98ff84940f1064f4e1c4dbfb2dd5063d999bdb","benchmarks/stage5/documentation_fix_release_20261001/fastphylosig_0.3.0.tar.gz","909b7ad27485dcc2d96a7bb1fc70b65b54e93245d75761aca406b9c52f06cbff","2.5.2",0.053286075592041,0.246268589062566,"ok",TRUE,,"",
"20261001T112848Z","K_moderate_n0500_r04","fastphylosig","K","phytools::phylosig","moderate",0.5,500,4,500,500,0,,,20760954,70264914,20761336,"reference",2,FALSE,,TRUE,"Sys.time",1,"5e9abd39a90772e82087f84706b4ece9ff9e105a346e1befed6b2f5754d760b0","56a41a9f32fe12690d21d082298db3cef9497dcfff3dc698373d6655a19ac13d","d2d37f873d96dd42f3d6dfbdc02dd4b434bf4d6bbc9b358d7d98d4faf3f5f761","6623a11bfd616a165f0ffd0ab75a5fcb5d36cfa54a2ba4d87dbdedb6b2e5c279","9ee7701868cf2b856a2c29be7dcbf7dfa5ab334cf4f1a3a02e14b449b3744968","9eff6780f9f91311e94986933c4d0229fe87f2d16a43090f8b6d2766e443a744","0.3.0","isolated_release_library/fastphylosig","d951ecee19c06f3a144ad76c5039302078747585bb3bf829e6f12db15f54775d","isolated_release_library/fastphylosig/libs/<platform>/fastphylosig","c46a5834babd455b546bc65c6549c42ba51e6b47f3c9f222919b7118a5af3280","1bd40080f1ea537b3c73c838dc98ff84940f1064f4e1c4dbfb2dd5063d999bdb","benchmarks/stage5/documentation_fix_release_20261001/fastphylosig_0.3.0.tar.gz","909b7ad27485dcc2d96a7bb1fc70b65b54e93245d75761aca406b9c52f06cbff","2.5.2",0.00777387619018555,0.24626858906257,"ok",TRUE,,"",
"20261001T112848Z","lambda_moderate_n0500_r04","fastphylosig","lambda","phytools::phylosig","moderate",0.5,500,4,500,500,0,,,20760954,70264914,20761338,"fastphylosig",1,FALSE,FALSE,TRUE,"Sys.time",1,"5e9abd39a90772e82087f84706b4ece9ff9e105a346e1befed6b2f5754d760b0","56a41a9f32fe12690d21d082298db3cef9497dcfff3dc698373d6655a19ac13d","d2d37f873d96dd42f3d6dfbdc02dd4b434bf4d6bbc9b358d7d98d4faf3f5f761","6623a11bfd616a165f0ffd0ab75a5fcb5d36cfa54a2ba4d87dbdedb6b2e5c279","9ee7701868cf2b856a2c29be7dcbf7dfa5ab334cf4f1a3a02e14b449b3744968","9eff6780f9f91311e94986933c4d0229fe87f2d16a43090f8b6d2766e443a744","0.3.0","isolated_release_library/fastphylosig","d951ecee19c06f3a144ad76c5039302078747585bb3bf829e6f12db15f54775d","isolated_release_library/fastphylosig/libs/<platform>/fastphylosig","c46a5834babd455b546bc65c6549c42ba51e6b47f3c9f222919b7118a5af3280","1bd40080f1ea537b3c73c838dc98ff84940f1064f4e1c4dbfb2dd5063d999bdb","benchmarks/stage5/documentation_fix_release_20261001/fastphylosig_0.3.0.tar.gz","909b7ad27485dcc2d96a7bb1fc70b65b54e93245d75761aca406b9c52f06cbff","2.5.2",0.00947690010070801,0.59183095689199,"ok",TRUE,,"",
"20261001T112848Z","lambda_moderate_n0500_r04","reference","lambda","phytools::phylosig","moderate",0.5,500,4,500,500,0,500,500,20760954,70264914,20761338,"fastphylosig",2,FALSE,FALSE,TRUE,"Sys.time",1,"5e9abd39a90772e82087f84706b4ece9ff9e105a346e1befed6b2f5754d760b0","56a41a9f32fe12690d21d082298db3cef9497dcfff3dc698373d6655a19ac13d","d2d37f873d96dd42f3d6dfbdc02dd4b434bf4d6bbc9b358d7d98d4faf3f5f761","6623a11bfd616a165f0ffd0ab75a5fcb5d36cfa54a2ba4d87dbdedb6b2e5c279","9ee7701868cf2b856a2c29be7dcbf7dfa5ab334cf4f1a3a02e14b449b3744968","9eff6780f9f91311e94986933c4d0229fe87f2d16a43090f8b6d2766e443a744","0.3.0","isolated_release_library/fastphylosig","d951ecee19c06f3a144ad76c5039302078747585bb3bf829e6f12db15f54775d","isolated_release_library/fastphylosig/libs/<platform>/fastphylosig","c46a5834babd455b546bc65c6549c42ba51e6b47f3c9f222919b7118a5af3280","1bd40080f1ea537b3c73c838dc98ff84940f1064f4e1c4dbfb2dd5063d999bdb","benchmarks/stage5/documentation_fix_release_20261001/fastphylosig_0.3.0.tar.gz","909b7ad27485dcc2d96a7bb1fc70b65b54e93245d75761aca406b9c52f06cbff","2.5.2",10.4873728752136,0.59183159373653,"ok",TRUE,,"",
"20261001T112848Z","K_strong_n0500_r04","fastphylosig","K","phytools::phylosig","strong",0.95,500,4,500,500,0,,,20760954,70264914,20761346,"fastphylosig",1,FALSE,,TRUE,"Sys.time",1,"5e9abd39a90772e82087f84706b4ece9ff9e105a346e1befed6b2f5754d760b0","56a41a9f32fe12690d21d082298db3cef9497dcfff3dc698373d6655a19ac13d","d2d37f873d96dd42f3d6dfbdc02dd4b434bf4d6bbc9b358d7d98d4faf3f5f761","15b22a0d87381ec428a0bdd4d80bdc51d8ac7cbc5c7f4b0da8a9cb5505e356b0","1e808e001cc8e072af4081d84377f1b0ddad56824174a621c049056925975fed","9eff6780f9f91311e94986933c4d0229fe87f2d16a43090f8b6d2766e443a744","0.3.0","isolated_release_library/fastphylosig","d951ecee19c06f3a144ad76c5039302078747585bb3bf829e6f12db15f54775d","isolated_release_library/fastphylosig/libs/<platform>/fastphylosig","c46a5834babd455b546bc65c6549c42ba51e6b47f3c9f222919b7118a5af3280","1bd40080f1ea537b3c73c838dc98ff84940f1064f4e1c4dbfb2dd5063d999bdb","benchmarks/stage5/documentation_fix_release_20261001/fastphylosig_0.3.0.tar.gz","909b7ad27485dcc2d96a7bb1fc70b65b54e93245d75761aca406b9c52f06cbff","2.5.2",0.0078880786895752,0.842770082837407,"ok",TRUE,,"",
"20261001T112848Z","K_strong_n0500_r04","reference","K","phytools::phylosig","strong",0.95,500,4,500,500,0,500,500,20760954,70264914,20761346,"fastphylosig",2,FALSE,,TRUE,"Sys.time",1,"5e9abd39a90772e82087f84706b4ece9ff9e105a346e1befed6b2f5754d760b0","56a41a9f32fe12690d21d082298db3cef9497dcfff3dc698373d6655a19ac13d","d2d37f873d96dd42f3d6dfbdc02dd4b434bf4d6bbc9b358d7d98d4faf3f5f761","15b22a0d87381ec428a0bdd4d80bdc51d8ac7cbc5c7f4b0da8a9cb5505e356b0","1e808e001cc8e072af4081d84377f1b0ddad56824174a621c049056925975fed","9eff6780f9f91311e94986933c4d0229fe87f2d16a43090f8b6d2766e443a744","0.3.0","isolated_release_library/fastphylosig","d951ecee19c06f3a144ad76c5039302078747585bb3bf829e6f12db15f54775d","isolated_release_library/fastphylosig/libs/<platform>/fastphylosig","c46a5834babd455b546bc65c6549c42ba51e6b47f3c9f222919b7118a5af3280","1bd40080f1ea537b3c73c838dc98ff84940f1064f4e1c4dbfb2dd5063d999bdb","benchmarks/stage5/documentation_fix_release_20261001/fastphylosig_0.3.0.tar.gz","909b7ad27485dcc2d96a7bb1fc70b65b54e93245d75761aca406b9c52f06cbff","2.5.2",0.0521371364593506,0.842770082837429,"ok",TRUE,,"",
"20261001T112848Z","lambda_strong_n0500_r04","reference","lambda","phytools::phylosig","strong",0.95,500,4,500,500,0,500,500,20760954,70264914,20761348,"reference",1,FALSE,FALSE,TRUE,"Sys.time",1,"5e9abd39a90772e82087f84706b4ece9ff9e105a346e1befed6b2f5754d760b0","56a41a9f32fe12690d21d082298db3cef9497dcfff3dc698373d6655a19ac13d","d2d37f873d96dd42f3d6dfbdc02dd4b434bf4d6bbc9b358d7d98d4faf3f5f761","15b22a0d87381ec428a0bdd4d80bdc51d8ac7cbc5c7f4b0da8a9cb5505e356b0","1e808e001cc8e072af4081d84377f1b0ddad56824174a621c049056925975fed","9eff6780f9f91311e94986933c4d0229fe87f2d16a43090f8b6d2766e443a744","0.3.0","isolated_release_library/fastphylosig","d951ecee19c06f3a144ad76c5039302078747585bb3bf829e6f12db15f54775d","isolated_release_library/fastphylosig/libs/<platform>/fastphylosig","c46a5834babd455b546bc65c6549c42ba51e6b47f3c9f222919b7118a5af3280","1bd40080f1ea537b3c73c838dc98ff84940f1064f4e1c4dbfb2dd5063d999bdb","benchmarks/stage5/documentation_fix_release_20261001/fastphylosig_0.3.0.tar.gz","909b7ad27485dcc2d96a7bb1fc70b65b54e93245d75761aca406b9c52f06cbff","2.5.2",10.3637001514435,0.970766499794504,"ok",TRUE,,"",
"20261001T112848Z","lambda_strong_n0500_r04","fastphylosig","lambda","phytools::phylosig","strong",0.95,500,4,500,500,0,,,20760954,70264914,20761348,"reference",2,FALSE,FALSE,TRUE,"Sys.time",1,"5e9abd39a90772e82087f84706b4ece9ff9e105a346e1befed6b2f5754d760b0","56a41a9f32fe12690d21d082298db3cef9497dcfff3dc698373d6655a19ac13d","d2d37f873d96dd42f3d6dfbdc02dd4b434bf4d6bbc9b358d7d98d4faf3f5f761","15b22a0d87381ec428a0bdd4d80bdc51d8ac7cbc5c7f4b0da8a9cb5505e356b0","1e808e001cc8e072af4081d84377f1b0ddad56824174a621c049056925975fed","9eff6780f9f91311e94986933c4d0229fe87f2d16a43090f8b6d2766e443a744","0.3.0","isolated_release_library/fastphylosig","d951ecee19c06f3a144ad76c5039302078747585bb3bf829e6f12db15f54775d","isolated_release_library/fastphylosig/libs/<platform>/fastphylosig","c46a5834babd455b546bc65c6549c42ba51e6b47f3c9f222919b7118a5af3280","1bd40080f1ea537b3c73c838dc98ff84940f1064f4e1c4dbfb2dd5063d999bdb","benchmarks/stage5/documentation_fix_release_20261001/fastphylosig_0.3.0.tar.gz","909b7ad27485dcc2d96a7bb1fc70b65b54e93245d75761aca406b9c52f06cbff","2.5.2",0.00985193252563477,0.97078887187686,"ok",TRUE,,"",
"20261001T112848Z","K_none_n0500_r05","reference","K","phytools::phylosig","none",0,500,5,500,500,0,500,500,20760964,70265914,20761426,"reference",1,FALSE,,TRUE,"Sys.time",1,"d73a3cbda1048f0c7e99039df67da91dd249e03df15891a55643a4c339ed9881","807a278b01aaed58156822acd3e65e89a0426d29ee8c0b821979b07efe98ca3a","901e6b4967152b1d2631aaed1c168443d87cf03c017fd5f51809b3f6bc424d3d","901e6b4967152b1d2631aaed1c168443d87cf03c017fd5f51809b3f6bc424d3d","68cf7d706ee44ae1482c22076242c28c39b48b07da4c7939fa6b49d3a6a95ef0","3b880582ca60e45379494110cb7a3c5c2a38bf363e20b915aad49cbfdfd1b6b8","0.3.0","isolated_release_library/fastphylosig","d951ecee19c06f3a144ad76c5039302078747585bb3bf829e6f12db15f54775d","isolated_release_library/fastphylosig/libs/<platform>/fastphylosig","c46a5834babd455b546bc65c6549c42ba51e6b47f3c9f222919b7118a5af3280","1bd40080f1ea537b3c73c838dc98ff84940f1064f4e1c4dbfb2dd5063d999bdb","benchmarks/stage5/documentation_fix_release_20261001/fastphylosig_0.3.0.tar.gz","909b7ad27485dcc2d96a7bb1fc70b65b54e93245d75761aca406b9c52f06cbff","2.5.2",0.0556859970092773,0.122860116304208,"ok",TRUE,,"",
"20261001T112848Z","K_none_n0500_r05","fastphylosig","K","phytools::phylosig","none",0,500,5,500,500,0,,,20760964,70265914,20761426,"reference",2,FALSE,,TRUE,"Sys.time",1,"d73a3cbda1048f0c7e99039df67da91dd249e03df15891a55643a4c339ed9881","807a278b01aaed58156822acd3e65e89a0426d29ee8c0b821979b07efe98ca3a","901e6b4967152b1d2631aaed1c168443d87cf03c017fd5f51809b3f6bc424d3d","901e6b4967152b1d2631aaed1c168443d87cf03c017fd5f51809b3f6bc424d3d","68cf7d706ee44ae1482c22076242c28c39b48b07da4c7939fa6b49d3a6a95ef0","3b880582ca60e45379494110cb7a3c5c2a38bf363e20b915aad49cbfdfd1b6b8","0.3.0","isolated_release_library/fastphylosig","d951ecee19c06f3a144ad76c5039302078747585bb3bf829e6f12db15f54775d","isolated_release_library/fastphylosig/libs/<platform>/fastphylosig","c46a5834babd455b546bc65c6549c42ba51e6b47f3c9f222919b7118a5af3280","1bd40080f1ea537b3c73c838dc98ff84940f1064f4e1c4dbfb2dd5063d999bdb","benchmarks/stage5/documentation_fix_release_20261001/fastphylosig_0.3.0.tar.gz","909b7ad27485dcc2d96a7bb1fc70b65b54e93245d75761aca406b9c52f06cbff","2.5.2",0.00801682472229004,0.122860116304207,"ok",TRUE,,"",
"20261001T112848Z","lambda_none_n0500_r05","fastphylosig","lambda","phytools::phylosig","none",0,500,5,500,500,0,,,20760964,70265914,20761428,"fastphylosig",1,FALSE,FALSE,TRUE,"Sys.time",1,"d73a3cbda1048f0c7e99039df67da91dd249e03df15891a55643a4c339ed9881","807a278b01aaed58156822acd3e65e89a0426d29ee8c0b821979b07efe98ca3a","901e6b4967152b1d2631aaed1c168443d87cf03c017fd5f51809b3f6bc424d3d","901e6b4967152b1d2631aaed1c168443d87cf03c017fd5f51809b3f6bc424d3d","68cf7d706ee44ae1482c22076242c28c39b48b07da4c7939fa6b49d3a6a95ef0","3b880582ca60e45379494110cb7a3c5c2a38bf363e20b915aad49cbfdfd1b6b8","0.3.0","isolated_release_library/fastphylosig","d951ecee19c06f3a144ad76c5039302078747585bb3bf829e6f12db15f54775d","isolated_release_library/fastphylosig/libs/<platform>/fastphylosig","c46a5834babd455b546bc65c6549c42ba51e6b47f3c9f222919b7118a5af3280","1bd40080f1ea537b3c73c838dc98ff84940f1064f4e1c4dbfb2dd5063d999bdb","benchmarks/stage5/documentation_fix_release_20261001/fastphylosig_0.3.0.tar.gz","909b7ad27485dcc2d96a7bb1fc70b65b54e93245d75761aca406b9c52f06cbff","2.5.2",0.0102581977844238,6.6106961351896e-05,"ok",TRUE,,"",
"20261001T112848Z","lambda_none_n0500_r05","reference","lambda","phytools::phylosig","none",0,500,5,500,500,0,500,500,20760964,70265914,20761428,"fastphylosig",2,FALSE,FALSE,TRUE,"Sys.time",1,"d73a3cbda1048f0c7e99039df67da91dd249e03df15891a55643a4c339ed9881","807a278b01aaed58156822acd3e65e89a0426d29ee8c0b821979b07efe98ca3a","901e6b4967152b1d2631aaed1c168443d87cf03c017fd5f51809b3f6bc424d3d","901e6b4967152b1d2631aaed1c168443d87cf03c017fd5f51809b3f6bc424d3d","68cf7d706ee44ae1482c22076242c28c39b48b07da4c7939fa6b49d3a6a95ef0","3b880582ca60e45379494110cb7a3c5c2a38bf363e20b915aad49cbfdfd1b6b8","0.3.0","isolated_release_library/fastphylosig","d951ecee19c06f3a144ad76c5039302078747585bb3bf829e6f12db15f54775d","isolated_release_library/fastphylosig/libs/<platform>/fastphylosig","c46a5834babd455b546bc65c6549c42ba51e6b47f3c9f222919b7118a5af3280","1bd40080f1ea537b3c73c838dc98ff84940f1064f4e1c4dbfb2dd5063d999bdb","benchmarks/stage5/documentation_fix_release_20261001/fastphylosig_0.3.0.tar.gz","909b7ad27485dcc2d96a7bb1fc70b65b54e93245d75761aca406b9c52f06cbff","2.5.2",11.5485219955444,7.33137435857406e-05,"ok",TRUE,,"",
"20261001T112848Z","K_moderate_n0500_r05","fastphylosig","K","phytools::phylosig","moderate",0.5,500,5,500,500,0,,,20760964,70265914,20761436,"fastphylosig",1,FALSE,,TRUE,"Sys.time",1,"d73a3cbda1048f0c7e99039df67da91dd249e03df15891a55643a4c339ed9881","807a278b01aaed58156822acd3e65e89a0426d29ee8c0b821979b07efe98ca3a","901e6b4967152b1d2631aaed1c168443d87cf03c017fd5f51809b3f6bc424d3d","bf44e2fd6397f7c830c9ddaa0d333279e090103bed74f9314ec2f39ce9cf4d91","061469c01d3ca83ce8ade8b448dfc89ffb8295ebc1b47a48a400a45a5a6b126a","3b880582ca60e45379494110cb7a3c5c2a38bf363e20b915aad49cbfdfd1b6b8","0.3.0","isolated_release_library/fastphylosig","d951ecee19c06f3a144ad76c5039302078747585bb3bf829e6f12db15f54775d","isolated_release_library/fastphylosig/libs/<platform>/fastphylosig","c46a5834babd455b546bc65c6549c42ba51e6b47f3c9f222919b7118a5af3280","1bd40080f1ea537b3c73c838dc98ff84940f1064f4e1c4dbfb2dd5063d999bdb","benchmarks/stage5/documentation_fix_release_20261001/fastphylosig_0.3.0.tar.gz","909b7ad27485dcc2d96a7bb1fc70b65b54e93245d75761aca406b9c52f06cbff","2.5.2",0.00738787651062012,0.196132051080205,"ok",TRUE,,"",
"20261001T112848Z","K_moderate_n0500_r05","reference","K","phytools::phylosig","moderate",0.5,500,5,500,500,0,500,500,20760964,70265914,20761436,"fastphylosig",2,FALSE,,TRUE,"Sys.time",1,"d73a3cbda1048f0c7e99039df67da91dd249e03df15891a55643a4c339ed9881","807a278b01aaed58156822acd3e65e89a0426d29ee8c0b821979b07efe98ca3a","901e6b4967152b1d2631aaed1c168443d87cf03c017fd5f51809b3f6bc424d3d","bf44e2fd6397f7c830c9ddaa0d333279e090103bed74f9314ec2f39ce9cf4d91","061469c01d3ca83ce8ade8b448dfc89ffb8295ebc1b47a48a400a45a5a6b126a","3b880582ca60e45379494110cb7a3c5c2a38bf363e20b915aad49cbfdfd1b6b8","0.3.0","isolated_release_library/fastphylosig","d951ecee19c06f3a144ad76c5039302078747585bb3bf829e6f12db15f54775d","isolated_release_library/fastphylosig/libs/<platform>/fastphylosig","c46a5834babd455b546bc65c6549c42ba51e6b47f3c9f222919b7118a5af3280","1bd40080f1ea537b3c73c838dc98ff84940f1064f4e1c4dbfb2dd5063d999bdb","benchmarks/stage5/documentation_fix_release_20261001/fastphylosig_0.3.0.tar.gz","909b7ad27485dcc2d96a7bb1fc70b65b54e93245d75761aca406b9c52f06cbff","2.5.2",0.0575129985809326,0.196132051080206,"ok",TRUE,,"",
"20261001T112848Z","lambda_moderate_n0500_r05","reference","lambda","phytools::phylosig","moderate",0.5,500,5,500,500,0,500,500,20760964,70265914,20761438,"reference",1,FALSE,FALSE,TRUE,"Sys.time",1,"d73a3cbda1048f0c7e99039df67da91dd249e03df15891a55643a4c339ed9881","807a278b01aaed58156822acd3e65e89a0426d29ee8c0b821979b07efe98ca3a","901e6b4967152b1d2631aaed1c168443d87cf03c017fd5f51809b3f6bc424d3d","bf44e2fd6397f7c830c9ddaa0d333279e090103bed74f9314ec2f39ce9cf4d91","061469c01d3ca83ce8ade8b448dfc89ffb8295ebc1b47a48a400a45a5a6b126a","3b880582ca60e45379494110cb7a3c5c2a38bf363e20b915aad49cbfdfd1b6b8","0.3.0","isolated_release_library/fastphylosig","d951ecee19c06f3a144ad76c5039302078747585bb3bf829e6f12db15f54775d","isolated_release_library/fastphylosig/libs/<platform>/fastphylosig","c46a5834babd455b546bc65c6549c42ba51e6b47f3c9f222919b7118a5af3280","1bd40080f1ea537b3c73c838dc98ff84940f1064f4e1c4dbfb2dd5063d999bdb","benchmarks/stage5/documentation_fix_release_20261001/fastphylosig_0.3.0.tar.gz","909b7ad27485dcc2d96a7bb1fc70b65b54e93245d75761aca406b9c52f06cbff","2.5.2",11.060298204422,0.574126215278744,"ok",TRUE,,"",
"20261001T112848Z","lambda_moderate_n0500_r05","fastphylosig","lambda","phytools::phylosig","moderate",0.5,500,5,500,500,0,,,20760964,70265914,20761438,"reference",2,FALSE,FALSE,TRUE,"Sys.time",1,"d73a3cbda1048f0c7e99039df67da91dd249e03df15891a55643a4c339ed9881","807a278b01aaed58156822acd3e65e89a0426d29ee8c0b821979b07efe98ca3a","901e6b4967152b1d2631aaed1c168443d87cf03c017fd5f51809b3f6bc424d3d","bf44e2fd6397f7c830c9ddaa0d333279e090103bed74f9314ec2f39ce9cf4d91","061469c01d3ca83ce8ade8b448dfc89ffb8295ebc1b47a48a400a45a5a6b126a","3b880582ca60e45379494110cb7a3c5c2a38bf363e20b915aad49cbfdfd1b6b8","0.3.0","isolated_release_library/fastphylosig","d951ecee19c06f3a144ad76c5039302078747585bb3bf829e6f12db15f54775d","isolated_release_library/fastphylosig/libs/<platform>/fastphylosig","c46a5834babd455b546bc65c6549c42ba51e6b47f3c9f222919b7118a5af3280","1bd40080f1ea537b3c73c838dc98ff84940f1064f4e1c4dbfb2dd5063d999bdb","benchmarks/stage5/documentation_fix_release_20261001/fastphylosig_0.3.0.tar.gz","909b7ad27485dcc2d96a7bb1fc70b65b54e93245d75761aca406b9c52f06cbff","2.5.2",0.00994706153869629,0.574145916638094,"ok",TRUE,,"",
"20261001T112848Z","K_strong_n0500_r05","reference","K","phytools::phylosig","strong",0.95,500,5,500,500,0,500,500,20760964,70265914,20761446,"reference",1,FALSE,,TRUE,"Sys.time",1,"d73a3cbda1048f0c7e99039df67da91dd249e03df15891a55643a4c339ed9881","807a278b01aaed58156822acd3e65e89a0426d29ee8c0b821979b07efe98ca3a","901e6b4967152b1d2631aaed1c168443d87cf03c017fd5f51809b3f6bc424d3d","894b7f4cf31ca9d112c8415db1a5e8774387c2d80c53459bdb4f2af0cec575a2","f00c09516ef46d21f406d26b7711ac9af4d1ad856b734e776bb4d71a03f6859a","3b880582ca60e45379494110cb7a3c5c2a38bf363e20b915aad49cbfdfd1b6b8","0.3.0","isolated_release_library/fastphylosig","d951ecee19c06f3a144ad76c5039302078747585bb3bf829e6f12db15f54775d","isolated_release_library/fastphylosig/libs/<platform>/fastphylosig","c46a5834babd455b546bc65c6549c42ba51e6b47f3c9f222919b7118a5af3280","1bd40080f1ea537b3c73c838dc98ff84940f1064f4e1c4dbfb2dd5063d999bdb","benchmarks/stage5/documentation_fix_release_20261001/fastphylosig_0.3.0.tar.gz","909b7ad27485dcc2d96a7bb1fc70b65b54e93245d75761aca406b9c52f06cbff","2.5.2",0.0571868419647217,0.600056509865138,"ok",TRUE,,"",
"20261001T112848Z","K_strong_n0500_r05","fastphylosig","K","phytools::phylosig","strong",0.95,500,5,500,500,0,,,20760964,70265914,20761446,"reference",2,FALSE,,TRUE,"Sys.time",1,"d73a3cbda1048f0c7e99039df67da91dd249e03df15891a55643a4c339ed9881","807a278b01aaed58156822acd3e65e89a0426d29ee8c0b821979b07efe98ca3a","901e6b4967152b1d2631aaed1c168443d87cf03c017fd5f51809b3f6bc424d3d","894b7f4cf31ca9d112c8415db1a5e8774387c2d80c53459bdb4f2af0cec575a2","f00c09516ef46d21f406d26b7711ac9af4d1ad856b734e776bb4d71a03f6859a","3b880582ca60e45379494110cb7a3c5c2a38bf363e20b915aad49cbfdfd1b6b8","0.3.0","isolated_release_library/fastphylosig","d951ecee19c06f3a144ad76c5039302078747585bb3bf829e6f12db15f54775d","isolated_release_library/fastphylosig/libs/<platform>/fastphylosig","c46a5834babd455b546bc65c6549c42ba51e6b47f3c9f222919b7118a5af3280","1bd40080f1ea537b3c73c838dc98ff84940f1064f4e1c4dbfb2dd5063d999bdb","benchmarks/stage5/documentation_fix_release_20261001/fastphylosig_0.3.0.tar.gz","909b7ad27485dcc2d96a7bb1fc70b65b54e93245d75761aca406b9c52f06cbff","2.5.2",0.00774002075195312,0.600056509865137,"ok",TRUE,,"",
"20261001T112848Z","lambda_strong_n0500_r05","fastphylosig","lambda","phytools::phylosig","strong",0.95,500,5,500,500,0,,,20760964,70265914,20761448,"fastphylosig",1,FALSE,FALSE,TRUE,"Sys.time",1,"d73a3cbda1048f0c7e99039df67da91dd249e03df15891a55643a4c339ed9881","807a278b01aaed58156822acd3e65e89a0426d29ee8c0b821979b07efe98ca3a","901e6b4967152b1d2631aaed1c168443d87cf03c017fd5f51809b3f6bc424d3d","894b7f4cf31ca9d112c8415db1a5e8774387c2d80c53459bdb4f2af0cec575a2","f00c09516ef46d21f406d26b7711ac9af4d1ad856b734e776bb4d71a03f6859a","3b880582ca60e45379494110cb7a3c5c2a38bf363e20b915aad49cbfdfd1b6b8","0.3.0","isolated_release_library/fastphylosig","d951ecee19c06f3a144ad76c5039302078747585bb3bf829e6f12db15f54775d","isolated_release_library/fastphylosig/libs/<platform>/fastphylosig","c46a5834babd455b546bc65c6549c42ba51e6b47f3c9f222919b7118a5af3280","1bd40080f1ea537b3c73c838dc98ff84940f1064f4e1c4dbfb2dd5063d999bdb","benchmarks/stage5/documentation_fix_release_20261001/fastphylosig_0.3.0.tar.gz","909b7ad27485dcc2d96a7bb1fc70b65b54e93245d75761aca406b9c52f06cbff","2.5.2",0.00975418090820312,0.954420210698768,"ok",TRUE,,"",
"20261001T112848Z","lambda_strong_n0500_r05","reference","lambda","phytools::phylosig","strong",0.95,500,5,500,500,0,500,500,20760964,70265914,20761448,"fastphylosig",2,FALSE,FALSE,TRUE,"Sys.time",1,"d73a3cbda1048f0c7e99039df67da91dd249e03df15891a55643a4c339ed9881","807a278b01aaed58156822acd3e65e89a0426d29ee8c0b821979b07efe98ca3a","901e6b4967152b1d2631aaed1c168443d87cf03c017fd5f51809b3f6bc424d3d","894b7f4cf31ca9d112c8415db1a5e8774387c2d80c53459bdb4f2af0cec575a2","f00c09516ef46d21f406d26b7711ac9af4d1ad856b734e776bb4d71a03f6859a","3b880582ca60e45379494110cb7a3c5c2a38bf363e20b915aad49cbfdfd1b6b8","0.3.0","isolated_release_library/fastphylosig","d951ecee19c06f3a144ad76c5039302078747585bb3bf829e6f12db15f54775d","isolated_release_library/fastphylosig/libs/<platform>/fastphylosig","c46a5834babd455b546bc65c6549c42ba51e6b47f3c9f222919b7118a5af3280","1bd40080f1ea537b3c73c838dc98ff84940f1064f4e1c4dbfb2dd5063d999bdb","benchmarks/stage5/documentation_fix_release_20261001/fastphylosig_0.3.0.tar.gz","909b7ad27485dcc2d96a7bb1fc70b65b54e93245d75761aca406b9c52f06cbff","2.5.2",11.0958371162415,0.954424027859223,"ok",TRUE,,"",
"20261001T112848Z","K_none_n0500_r06","fastphylosig","K","phytools::phylosig","none",0,500,6,500,500,0,,,20760974,70266914,20761526,"fastphylosig",1,FALSE,,TRUE,"Sys.time",1,"c1bef769d09c97b30422413440853f80805b446a6a7abcdf599ed1781f03c49f","320c8c4348a3054fe9bb23f86195253dffb962d052fc8e5f28316a2f64d89cfc","f1a66bab6885d7839a101ff1c2a388b66da3a553160c3ae9323ab263d59eef11","f1a66bab6885d7839a101ff1c2a388b66da3a553160c3ae9323ab263d59eef11","3c8d77be485ce7d433043705b7e4a2b69faf6c9d4895ede84e0fb17ce37f8bf9","d78404e7961eb60e7ed73b23d9fbd194f6867f3790bcd9834b075af9e1c51978","0.3.0","isolated_release_library/fastphylosig","d951ecee19c06f3a144ad76c5039302078747585bb3bf829e6f12db15f54775d","isolated_release_library/fastphylosig/libs/<platform>/fastphylosig","c46a5834babd455b546bc65c6549c42ba51e6b47f3c9f222919b7118a5af3280","1bd40080f1ea537b3c73c838dc98ff84940f1064f4e1c4dbfb2dd5063d999bdb","benchmarks/stage5/documentation_fix_release_20261001/fastphylosig_0.3.0.tar.gz","909b7ad27485dcc2d96a7bb1fc70b65b54e93245d75761aca406b9c52f06cbff","2.5.2",0.00843000411987305,0.132323336186927,"ok",TRUE,,"",
"20261001T112848Z","K_none_n0500_r06","reference","K","phytools::phylosig","none",0,500,6,500,500,0,500,500,20760974,70266914,20761526,"fastphylosig",2,FALSE,,TRUE,"Sys.time",1,"c1bef769d09c97b30422413440853f80805b446a6a7abcdf599ed1781f03c49f","320c8c4348a3054fe9bb23f86195253dffb962d052fc8e5f28316a2f64d89cfc","f1a66bab6885d7839a101ff1c2a388b66da3a553160c3ae9323ab263d59eef11","f1a66bab6885d7839a101ff1c2a388b66da3a553160c3ae9323ab263d59eef11","3c8d77be485ce7d433043705b7e4a2b69faf6c9d4895ede84e0fb17ce37f8bf9","d78404e7961eb60e7ed73b23d9fbd194f6867f3790bcd9834b075af9e1c51978","0.3.0","isolated_release_library/fastphylosig","d951ecee19c06f3a144ad76c5039302078747585bb3bf829e6f12db15f54775d","isolated_release_library/fastphylosig/libs/<platform>/fastphylosig","c46a5834babd455b546bc65c6549c42ba51e6b47f3c9f222919b7118a5af3280","1bd40080f1ea537b3c73c838dc98ff84940f1064f4e1c4dbfb2dd5063d999bdb","benchmarks/stage5/documentation_fix_release_20261001/fastphylosig_0.3.0.tar.gz","909b7ad27485dcc2d96a7bb1fc70b65b54e93245d75761aca406b9c52f06cbff","2.5.2",0.0544300079345703,0.132323336186933,"ok",TRUE,,"",
"20261001T112848Z","lambda_none_n0500_r06","reference","lambda","phytools::phylosig","none",0,500,6,500,500,0,500,500,20760974,70266914,20761528,"reference",1,FALSE,FALSE,TRUE,"Sys.time",1,"c1bef769d09c97b30422413440853f80805b446a6a7abcdf599ed1781f03c49f","320c8c4348a3054fe9bb23f86195253dffb962d052fc8e5f28316a2f64d89cfc","f1a66bab6885d7839a101ff1c2a388b66da3a553160c3ae9323ab263d59eef11","f1a66bab6885d7839a101ff1c2a388b66da3a553160c3ae9323ab263d59eef11","3c8d77be485ce7d433043705b7e4a2b69faf6c9d4895ede84e0fb17ce37f8bf9","d78404e7961eb60e7ed73b23d9fbd194f6867f3790bcd9834b075af9e1c51978","0.3.0","isolated_release_library/fastphylosig","d951ecee19c06f3a144ad76c5039302078747585bb3bf829e6f12db15f54775d","isolated_release_library/fastphylosig/libs/<platform>/fastphylosig","c46a5834babd455b546bc65c6549c42ba51e6b47f3c9f222919b7118a5af3280","1bd40080f1ea537b3c73c838dc98ff84940f1064f4e1c4dbfb2dd5063d999bdb","benchmarks/stage5/documentation_fix_release_20261001/fastphylosig_0.3.0.tar.gz","909b7ad27485dcc2d96a7bb1fc70b65b54e93245d75761aca406b9c52f06cbff","2.5.2",11.1849949359894,7.33137435857406e-05,"ok",TRUE,,"",
"20261001T112848Z","lambda_none_n0500_r06","fastphylosig","lambda","phytools::phylosig","none",0,500,6,500,500,0,,,20760974,70266914,20761528,"reference",2,FALSE,FALSE,TRUE,"Sys.time",1,"c1bef769d09c97b30422413440853f80805b446a6a7abcdf599ed1781f03c49f","320c8c4348a3054fe9bb23f86195253dffb962d052fc8e5f28316a2f64d89cfc","f1a66bab6885d7839a101ff1c2a388b66da3a553160c3ae9323ab263d59eef11","f1a66bab6885d7839a101ff1c2a388b66da3a553160c3ae9323ab263d59eef11","3c8d77be485ce7d433043705b7e4a2b69faf6c9d4895ede84e0fb17ce37f8bf9","d78404e7961eb60e7ed73b23d9fbd194f6867f3790bcd9834b075af9e1c51978","0.3.0","isolated_release_library/fastphylosig","d951ecee19c06f3a144ad76c5039302078747585bb3bf829e6f12db15f54775d","isolated_release_library/fastphylosig/libs/<platform>/fastphylosig","c46a5834babd455b546bc65c6549c42ba51e6b47f3c9f222919b7118a5af3280","1bd40080f1ea537b3c73c838dc98ff84940f1064f4e1c4dbfb2dd5063d999bdb","benchmarks/stage5/documentation_fix_release_20261001/fastphylosig_0.3.0.tar.gz","909b7ad27485dcc2d96a7bb1fc70b65b54e93245d75761aca406b9c52f06cbff","2.5.2",0.0111441612243652,6.6106961351896e-05,"ok",TRUE,,"",
"20261001T112848Z","K_moderate_n0500_r06","reference","K","phytools::phylosig","moderate",0.5,500,6,500,500,0,500,500,20760974,70266914,20761536,"reference",1,FALSE,,TRUE,"Sys.time",1,"c1bef769d09c97b30422413440853f80805b446a6a7abcdf599ed1781f03c49f","320c8c4348a3054fe9bb23f86195253dffb962d052fc8e5f28316a2f64d89cfc","f1a66bab6885d7839a101ff1c2a388b66da3a553160c3ae9323ab263d59eef11","f48152950642ab719e78c51e7a4cd96430b944f1f419bcacc367421c1e9aec4d","cba2e15428de6a73f0b50f5c875b57a175c3496b348e99d097f1c75c6f4d8527","d78404e7961eb60e7ed73b23d9fbd194f6867f3790bcd9834b075af9e1c51978","0.3.0","isolated_release_library/fastphylosig","d951ecee19c06f3a144ad76c5039302078747585bb3bf829e6f12db15f54775d","isolated_release_library/fastphylosig/libs/<platform>/fastphylosig","c46a5834babd455b546bc65c6549c42ba51e6b47f3c9f222919b7118a5af3280","1bd40080f1ea537b3c73c838dc98ff84940f1064f4e1c4dbfb2dd5063d999bdb","benchmarks/stage5/documentation_fix_release_20261001/fastphylosig_0.3.0.tar.gz","909b7ad27485dcc2d96a7bb1fc70b65b54e93245d75761aca406b9c52f06cbff","2.5.2",0.0547101497650146,0.291087419975736,"ok",TRUE,,"",
"20261001T112848Z","K_moderate_n0500_r06","fastphylosig","K","phytools::phylosig","moderate",0.5,500,6,500,500,0,,,20760974,70266914,20761536,"reference",2,FALSE,,TRUE,"Sys.time",1,"c1bef769d09c97b30422413440853f80805b446a6a7abcdf599ed1781f03c49f","320c8c4348a3054fe9bb23f86195253dffb962d052fc8e5f28316a2f64d89cfc","f1a66bab6885d7839a101ff1c2a388b66da3a553160c3ae9323ab263d59eef11","f48152950642ab719e78c51e7a4cd96430b944f1f419bcacc367421c1e9aec4d","cba2e15428de6a73f0b50f5c875b57a175c3496b348e99d097f1c75c6f4d8527","d78404e7961eb60e7ed73b23d9fbd194f6867f3790bcd9834b075af9e1c51978","0.3.0","isolated_release_library/fastphylosig","d951ecee19c06f3a144ad76c5039302078747585bb3bf829e6f12db15f54775d","isolated_release_library/fastphylosig/libs/<platform>/fastphylosig","c46a5834babd455b546bc65c6549c42ba51e6b47f3c9f222919b7118a5af3280","1bd40080f1ea537b3c73c838dc98ff84940f1064f4e1c4dbfb2dd5063d999bdb","benchmarks/stage5/documentation_fix_release_20261001/fastphylosig_0.3.0.tar.gz","909b7ad27485dcc2d96a7bb1fc70b65b54e93245d75761aca406b9c52f06cbff","2.5.2",0.00717878341674805,0.291087419975729,"ok",TRUE,,"",
"20261001T112848Z","lambda_moderate_n0500_r06","fastphylosig","lambda","phytools::phylosig","moderate",0.5,500,6,500,500,0,,,20760974,70266914,20761538,"fastphylosig",1,FALSE,FALSE,TRUE,"Sys.time",1,"c1bef769d09c97b30422413440853f80805b446a6a7abcdf599ed1781f03c49f","320c8c4348a3054fe9bb23f86195253dffb962d052fc8e5f28316a2f64d89cfc","f1a66bab6885d7839a101ff1c2a388b66da3a553160c3ae9323ab263d59eef11","f48152950642ab719e78c51e7a4cd96430b944f1f419bcacc367421c1e9aec4d","cba2e15428de6a73f0b50f5c875b57a175c3496b348e99d097f1c75c6f4d8527","d78404e7961eb60e7ed73b23d9fbd194f6867f3790bcd9834b075af9e1c51978","0.3.0","isolated_release_library/fastphylosig","d951ecee19c06f3a144ad76c5039302078747585bb3bf829e6f12db15f54775d","isolated_release_library/fastphylosig/libs/<platform>/fastphylosig","c46a5834babd455b546bc65c6549c42ba51e6b47f3c9f222919b7118a5af3280","1bd40080f1ea537b3c73c838dc98ff84940f1064f4e1c4dbfb2dd5063d999bdb","benchmarks/stage5/documentation_fix_release_20261001/fastphylosig_0.3.0.tar.gz","909b7ad27485dcc2d96a7bb1fc70b65b54e93245d75761aca406b9c52f06cbff","2.5.2",0.00862002372741699,0.658086287680796,"ok",TRUE,,"",
"20261001T112848Z","lambda_moderate_n0500_r06","reference","lambda","phytools::phylosig","moderate",0.5,500,6,500,500,0,500,500,20760974,70266914,20761538,"fastphylosig",2,FALSE,FALSE,TRUE,"Sys.time",1,"c1bef769d09c97b30422413440853f80805b446a6a7abcdf599ed1781f03c49f","320c8c4348a3054fe9bb23f86195253dffb962d052fc8e5f28316a2f64d89cfc","f1a66bab6885d7839a101ff1c2a388b66da3a553160c3ae9323ab263d59eef11","f48152950642ab719e78c51e7a4cd96430b944f1f419bcacc367421c1e9aec4d","cba2e15428de6a73f0b50f5c875b57a175c3496b348e99d097f1c75c6f4d8527","d78404e7961eb60e7ed73b23d9fbd194f6867f3790bcd9834b075af9e1c51978","0.3.0","isolated_release_library/fastphylosig","d951ecee19c06f3a144ad76c5039302078747585bb3bf829e6f12db15f54775d","isolated_release_library/fastphylosig/libs/<platform>/fastphylosig","c46a5834babd455b546bc65c6549c42ba51e6b47f3c9f222919b7118a5af3280","1bd40080f1ea537b3c73c838dc98ff84940f1064f4e1c4dbfb2dd5063d999bdb","benchmarks/stage5/documentation_fix_release_20261001/fastphylosig_0.3.0.tar.gz","909b7ad27485dcc2d96a7bb1fc70b65b54e93245d75761aca406b9c52f06cbff","2.5.2",10.7455689907074,0.658087857151889,"ok",TRUE,,"",
"20261001T112848Z","K_strong_n0500_r06","fastphylosig","K","phytools::phylosig","strong",0.95,500,6,500,500,0,,,20760974,70266914,20761546,"fastphylosig",1,FALSE,,TRUE,"Sys.time",1,"c1bef769d09c97b30422413440853f80805b446a6a7abcdf599ed1781f03c49f","320c8c4348a3054fe9bb23f86195253dffb962d052fc8e5f28316a2f64d89cfc","f1a66bab6885d7839a101ff1c2a388b66da3a553160c3ae9323ab263d59eef11","9201307e1affae89d32d9b807f592c734d479fba110fdb92accdda00b51143c7","7c9aa1e54b185d5e971728560891764f9d12b66366a71f44ba0f6670c2a33fca","d78404e7961eb60e7ed73b23d9fbd194f6867f3790bcd9834b075af9e1c51978","0.3.0","isolated_release_library/fastphylosig","d951ecee19c06f3a144ad76c5039302078747585bb3bf829e6f12db15f54775d","isolated_release_library/fastphylosig/libs/<platform>/fastphylosig","c46a5834babd455b546bc65c6549c42ba51e6b47f3c9f222919b7118a5af3280","1bd40080f1ea537b3c73c838dc98ff84940f1064f4e1c4dbfb2dd5063d999bdb","benchmarks/stage5/documentation_fix_release_20261001/fastphylosig_0.3.0.tar.gz","909b7ad27485dcc2d96a7bb1fc70b65b54e93245d75761aca406b9c52f06cbff","2.5.2",0.00763607025146484,1.00228076679812,"ok",TRUE,,"",
"20261001T112848Z","K_strong_n0500_r06","reference","K","phytools::phylosig","strong",0.95,500,6,500,500,0,500,500,20760974,70266914,20761546,"fastphylosig",2,FALSE,,TRUE,"Sys.time",1,"c1bef769d09c97b30422413440853f80805b446a6a7abcdf599ed1781f03c49f","320c8c4348a3054fe9bb23f86195253dffb962d052fc8e5f28316a2f64d89cfc","f1a66bab6885d7839a101ff1c2a388b66da3a553160c3ae9323ab263d59eef11","9201307e1affae89d32d9b807f592c734d479fba110fdb92accdda00b51143c7","7c9aa1e54b185d5e971728560891764f9d12b66366a71f44ba0f6670c2a33fca","d78404e7961eb60e7ed73b23d9fbd194f6867f3790bcd9834b075af9e1c51978","0.3.0","isolated_release_library/fastphylosig","d951ecee19c06f3a144ad76c5039302078747585bb3bf829e6f12db15f54775d","isolated_release_library/fastphylosig/libs/<platform>/fastphylosig","c46a5834babd455b546bc65c6549c42ba51e6b47f3c9f222919b7118a5af3280","1bd40080f1ea537b3c73c838dc98ff84940f1064f4e1c4dbfb2dd5063d999bdb","benchmarks/stage5/documentation_fix_release_20261001/fastphylosig_0.3.0.tar.gz","909b7ad27485dcc2d96a7bb1fc70b65b54e93245d75761aca406b9c52f06cbff","2.5.2",0.0557479858398438,1.00228076679812,"ok",TRUE,,"",
"20261001T112848Z","lambda_strong_n0500_r06","reference","lambda","phytools::phylosig","strong",0.95,500,6,500,500,0,500,500,20760974,70266914,20761548,"reference",1,FALSE,FALSE,TRUE,"Sys.time",1,"c1bef769d09c97b30422413440853f80805b446a6a7abcdf599ed1781f03c49f","320c8c4348a3054fe9bb23f86195253dffb962d052fc8e5f28316a2f64d89cfc","f1a66bab6885d7839a101ff1c2a388b66da3a553160c3ae9323ab263d59eef11","9201307e1affae89d32d9b807f592c734d479fba110fdb92accdda00b51143c7","7c9aa1e54b185d5e971728560891764f9d12b66366a71f44ba0f6670c2a33fca","d78404e7961eb60e7ed73b23d9fbd194f6867f3790bcd9834b075af9e1c51978","0.3.0","isolated_release_library/fastphylosig","d951ecee19c06f3a144ad76c5039302078747585bb3bf829e6f12db15f54775d","isolated_release_library/fastphylosig/libs/<platform>/fastphylosig","c46a5834babd455b546bc65c6549c42ba51e6b47f3c9f222919b7118a5af3280","1bd40080f1ea537b3c73c838dc98ff84940f1064f4e1c4dbfb2dd5063d999bdb","benchmarks/stage5/documentation_fix_release_20261001/fastphylosig_0.3.0.tar.gz","909b7ad27485dcc2d96a7bb1fc70b65b54e93245d75761aca406b9c52f06cbff","2.5.2",10.8843729496002,0.974002895804068,"ok",TRUE,,"",
"20261001T112848Z","lambda_strong_n0500_r06","fastphylosig","lambda","phytools::phylosig","strong",0.95,500,6,500,500,0,,,20760974,70266914,20761548,"reference",2,FALSE,FALSE,TRUE,"Sys.time",1,"c1bef769d09c97b30422413440853f80805b446a6a7abcdf599ed1781f03c49f","320c8c4348a3054fe9bb23f86195253dffb962d052fc8e5f28316a2f64d89cfc","f1a66bab6885d7839a101ff1c2a388b66da3a553160c3ae9323ab263d59eef11","9201307e1affae89d32d9b807f592c734d479fba110fdb92accdda00b51143c7","7c9aa1e54b185d5e971728560891764f9d12b66366a71f44ba0f6670c2a33fca","d78404e7961eb60e7ed73b23d9fbd194f6867f3790bcd9834b075af9e1c51978","0.3.0","isolated_release_library/fastphylosig","d951ecee19c06f3a144ad76c5039302078747585bb3bf829e6f12db15f54775d","isolated_release_library/fastphylosig/libs/<platform>/fastphylosig","c46a5834babd455b546bc65c6549c42ba51e6b47f3c9f222919b7118a5af3280","1bd40080f1ea537b3c73c838dc98ff84940f1064f4e1c4dbfb2dd5063d999bdb","benchmarks/stage5/documentation_fix_release_20261001/fastphylosig_0.3.0.tar.gz","909b7ad27485dcc2d96a7bb1fc70b65b54e93245d75761aca406b9c52f06cbff","2.5.2",0.00945806503295898,0.974016293652607,"ok",TRUE,,"",
"20261001T112848Z","K_none_n0500_r07","reference","K","phytools::phylosig","none",0,500,7,500,500,0,500,500,20760984,70267914,20761626,"reference",1,FALSE,,TRUE,"Sys.time",1,"37d95dbecf7f65bbaecf484f9e1785b2358077c48f8b5ee4bfc47651c7ea4854","60ee28d3ad852e57df78b0b7361a347bbefb4c2a188341a0138d408c6c2639ca","6e5eb31ee5e5288443e5fdf9d02d041bd0e7d712a2f848537d3fd10af06047a0","6e5eb31ee5e5288443e5fdf9d02d041bd0e7d712a2f848537d3fd10af06047a0","a39960170535b2c675c1c3f52337f72cf75c97067dc7036a73bd83249067850f","d634ba8df4533e4a877924835601e2b66f664b4727b6dc1134fda4983bdc098f","0.3.0","isolated_release_library/fastphylosig","d951ecee19c06f3a144ad76c5039302078747585bb3bf829e6f12db15f54775d","isolated_release_library/fastphylosig/libs/<platform>/fastphylosig","c46a5834babd455b546bc65c6549c42ba51e6b47f3c9f222919b7118a5af3280","1bd40080f1ea537b3c73c838dc98ff84940f1064f4e1c4dbfb2dd5063d999bdb","benchmarks/stage5/documentation_fix_release_20261001/fastphylosig_0.3.0.tar.gz","909b7ad27485dcc2d96a7bb1fc70b65b54e93245d75761aca406b9c52f06cbff","2.5.2",0.0463778972625732,0.117506390849894,"ok",TRUE,,"",
"20261001T112848Z","K_none_n0500_r07","fastphylosig","K","phytools::phylosig","none",0,500,7,500,500,0,,,20760984,70267914,20761626,"reference",2,FALSE,,TRUE,"Sys.time",1,"37d95dbecf7f65bbaecf484f9e1785b2358077c48f8b5ee4bfc47651c7ea4854","60ee28d3ad852e57df78b0b7361a347bbefb4c2a188341a0138d408c6c2639ca","6e5eb31ee5e5288443e5fdf9d02d041bd0e7d712a2f848537d3fd10af06047a0","6e5eb31ee5e5288443e5fdf9d02d041bd0e7d712a2f848537d3fd10af06047a0","a39960170535b2c675c1c3f52337f72cf75c97067dc7036a73bd83249067850f","d634ba8df4533e4a877924835601e2b66f664b4727b6dc1134fda4983bdc098f","0.3.0","isolated_release_library/fastphylosig","d951ecee19c06f3a144ad76c5039302078747585bb3bf829e6f12db15f54775d","isolated_release_library/fastphylosig/libs/<platform>/fastphylosig","c46a5834babd455b546bc65c6549c42ba51e6b47f3c9f222919b7118a5af3280","1bd40080f1ea537b3c73c838dc98ff84940f1064f4e1c4dbfb2dd5063d999bdb","benchmarks/stage5/documentation_fix_release_20261001/fastphylosig_0.3.0.tar.gz","909b7ad27485dcc2d96a7bb1fc70b65b54e93245d75761aca406b9c52f06cbff","2.5.2",0.00761985778808594,0.117506390849889,"ok",TRUE,,"",
"20261001T112848Z","lambda_none_n0500_r07","fastphylosig","lambda","phytools::phylosig","none",0,500,7,500,500,0,,,20760984,70267914,20761628,"fastphylosig",1,FALSE,FALSE,TRUE,"Sys.time",1,"37d95dbecf7f65bbaecf484f9e1785b2358077c48f8b5ee4bfc47651c7ea4854","60ee28d3ad852e57df78b0b7361a347bbefb4c2a188341a0138d408c6c2639ca","6e5eb31ee5e5288443e5fdf9d02d041bd0e7d712a2f848537d3fd10af06047a0","6e5eb31ee5e5288443e5fdf9d02d041bd0e7d712a2f848537d3fd10af06047a0","a39960170535b2c675c1c3f52337f72cf75c97067dc7036a73bd83249067850f","d634ba8df4533e4a877924835601e2b66f664b4727b6dc1134fda4983bdc098f","0.3.0","isolated_release_library/fastphylosig","d951ecee19c06f3a144ad76c5039302078747585bb3bf829e6f12db15f54775d","isolated_release_library/fastphylosig/libs/<platform>/fastphylosig","c46a5834babd455b546bc65c6549c42ba51e6b47f3c9f222919b7118a5af3280","1bd40080f1ea537b3c73c838dc98ff84940f1064f4e1c4dbfb2dd5063d999bdb","benchmarks/stage5/documentation_fix_release_20261001/fastphylosig_0.3.0.tar.gz","909b7ad27485dcc2d96a7bb1fc70b65b54e93245d75761aca406b9c52f06cbff","2.5.2",0.00953912734985352,0.0122371805656258,"ok",TRUE,,"",
"20261001T112848Z","lambda_none_n0500_r07","reference","lambda","phytools::phylosig","none",0,500,7,500,500,0,500,500,20760984,70267914,20761628,"fastphylosig",2,FALSE,FALSE,TRUE,"Sys.time",1,"37d95dbecf7f65bbaecf484f9e1785b2358077c48f8b5ee4bfc47651c7ea4854","60ee28d3ad852e57df78b0b7361a347bbefb4c2a188341a0138d408c6c2639ca","6e5eb31ee5e5288443e5fdf9d02d041bd0e7d712a2f848537d3fd10af06047a0","6e5eb31ee5e5288443e5fdf9d02d041bd0e7d712a2f848537d3fd10af06047a0","a39960170535b2c675c1c3f52337f72cf75c97067dc7036a73bd83249067850f","d634ba8df4533e4a877924835601e2b66f664b4727b6dc1134fda4983bdc098f","0.3.0","isolated_release_library/fastphylosig","d951ecee19c06f3a144ad76c5039302078747585bb3bf829e6f12db15f54775d","isolated_release_library/fastphylosig/libs/<platform>/fastphylosig","c46a5834babd455b546bc65c6549c42ba51e6b47f3c9f222919b7118a5af3280","1bd40080f1ea537b3c73c838dc98ff84940f1064f4e1c4dbfb2dd5063d999bdb","benchmarks/stage5/documentation_fix_release_20261001/fastphylosig_0.3.0.tar.gz","909b7ad27485dcc2d96a7bb1fc70b65b54e93245d75761aca406b9c52f06cbff","2.5.2",9.54684996604919,0.0122337191859498,"ok",TRUE,,"",
"20261001T112848Z","K_moderate_n0500_r07","fastphylosig","K","phytools::phylosig","moderate",0.5,500,7,500,500,0,,,20760984,70267914,20761636,"fastphylosig",1,FALSE,,TRUE,"Sys.time",1,"37d95dbecf7f65bbaecf484f9e1785b2358077c48f8b5ee4bfc47651c7ea4854","60ee28d3ad852e57df78b0b7361a347bbefb4c2a188341a0138d408c6c2639ca","6e5eb31ee5e5288443e5fdf9d02d041bd0e7d712a2f848537d3fd10af06047a0","dbe13ad752faaf6f10e0fb51b472e713f92449387a24ce9d5e70340dfd379567","1242eec6ed8b9224f65b432a630a98fd9ee9bd63e4d2e0e32681e58db6282cb4","d634ba8df4533e4a877924835601e2b66f664b4727b6dc1134fda4983bdc098f","0.3.0","isolated_release_library/fastphylosig","d951ecee19c06f3a144ad76c5039302078747585bb3bf829e6f12db15f54775d","isolated_release_library/fastphylosig/libs/<platform>/fastphylosig","c46a5834babd455b546bc65c6549c42ba51e6b47f3c9f222919b7118a5af3280","1bd40080f1ea537b3c73c838dc98ff84940f1064f4e1c4dbfb2dd5063d999bdb","benchmarks/stage5/documentation_fix_release_20261001/fastphylosig_0.3.0.tar.gz","909b7ad27485dcc2d96a7bb1fc70b65b54e93245d75761aca406b9c52f06cbff","2.5.2",0.00779604911804199,0.175587350988019,"ok",TRUE,,"",
"20261001T112848Z","K_moderate_n0500_r07","reference","K","phytools::phylosig","moderate",0.5,500,7,500,500,0,500,500,20760984,70267914,20761636,"fastphylosig",2,FALSE,,TRUE,"Sys.time",1,"37d95dbecf7f65bbaecf484f9e1785b2358077c48f8b5ee4bfc47651c7ea4854","60ee28d3ad852e57df78b0b7361a347bbefb4c2a188341a0138d408c6c2639ca","6e5eb31ee5e5288443e5fdf9d02d041bd0e7d712a2f848537d3fd10af06047a0","dbe13ad752faaf6f10e0fb51b472e713f92449387a24ce9d5e70340dfd379567","1242eec6ed8b9224f65b432a630a98fd9ee9bd63e4d2e0e32681e58db6282cb4","d634ba8df4533e4a877924835601e2b66f664b4727b6dc1134fda4983bdc098f","0.3.0","isolated_release_library/fastphylosig","d951ecee19c06f3a144ad76c5039302078747585bb3bf829e6f12db15f54775d","isolated_release_library/fastphylosig/libs/<platform>/fastphylosig","c46a5834babd455b546bc65c6549c42ba51e6b47f3c9f222919b7118a5af3280","1bd40080f1ea537b3c73c838dc98ff84940f1064f4e1c4dbfb2dd5063d999bdb","benchmarks/stage5/documentation_fix_release_20261001/fastphylosig_0.3.0.tar.gz","909b7ad27485dcc2d96a7bb1fc70b65b54e93245d75761aca406b9c52f06cbff","2.5.2",0.0458929538726807,0.17558735098802,"ok",TRUE,,"",
"20261001T112848Z","lambda_moderate_n0500_r07","reference","lambda","phytools::phylosig","moderate",0.5,500,7,500,500,0,500,500,20760984,70267914,20761638,"reference",1,FALSE,FALSE,TRUE,"Sys.time",1,"37d95dbecf7f65bbaecf484f9e1785b2358077c48f8b5ee4bfc47651c7ea4854","60ee28d3ad852e57df78b0b7361a347bbefb4c2a188341a0138d408c6c2639ca","6e5eb31ee5e5288443e5fdf9d02d041bd0e7d712a2f848537d3fd10af06047a0","dbe13ad752faaf6f10e0fb51b472e713f92449387a24ce9d5e70340dfd379567","1242eec6ed8b9224f65b432a630a98fd9ee9bd63e4d2e0e32681e58db6282cb4","d634ba8df4533e4a877924835601e2b66f664b4727b6dc1134fda4983bdc098f","0.3.0","isolated_release_library/fastphylosig","d951ecee19c06f3a144ad76c5039302078747585bb3bf829e6f12db15f54775d","isolated_release_library/fastphylosig/libs/<platform>/fastphylosig","c46a5834babd455b546bc65c6549c42ba51e6b47f3c9f222919b7118a5af3280","1bd40080f1ea537b3c73c838dc98ff84940f1064f4e1c4dbfb2dd5063d999bdb","benchmarks/stage5/documentation_fix_release_20261001/fastphylosig_0.3.0.tar.gz","909b7ad27485dcc2d96a7bb1fc70b65b54e93245d75761aca406b9c52f06cbff","2.5.2",9.41527199745178,0.620383249795757,"ok",TRUE,,"",
"20261001T112848Z","lambda_moderate_n0500_r07","fastphylosig","lambda","phytools::phylosig","moderate",0.5,500,7,500,500,0,,,20760984,70267914,20761638,"reference",2,FALSE,FALSE,TRUE,"Sys.time",1,"37d95dbecf7f65bbaecf484f9e1785b2358077c48f8b5ee4bfc47651c7ea4854","60ee28d3ad852e57df78b0b7361a347bbefb4c2a188341a0138d408c6c2639ca","6e5eb31ee5e5288443e5fdf9d02d041bd0e7d712a2f848537d3fd10af06047a0","dbe13ad752faaf6f10e0fb51b472e713f92449387a24ce9d5e70340dfd379567","1242eec6ed8b9224f65b432a630a98fd9ee9bd63e4d2e0e32681e58db6282cb4","d634ba8df4533e4a877924835601e2b66f664b4727b6dc1134fda4983bdc098f","0.3.0","isolated_release_library/fastphylosig","d951ecee19c06f3a144ad76c5039302078747585bb3bf829e6f12db15f54775d","isolated_release_library/fastphylosig/libs/<platform>/fastphylosig","c46a5834babd455b546bc65c6549c42ba51e6b47f3c9f222919b7118a5af3280","1bd40080f1ea537b3c73c838dc98ff84940f1064f4e1c4dbfb2dd5063d999bdb","benchmarks/stage5/documentation_fix_release_20261001/fastphylosig_0.3.0.tar.gz","909b7ad27485dcc2d96a7bb1fc70b65b54e93245d75761aca406b9c52f06cbff","2.5.2",0.00926113128662109,0.620379030589741,"ok",TRUE,,"",
"20261001T112848Z","K_strong_n0500_r07","reference","K","phytools::phylosig","strong",0.95,500,7,500,500,0,500,500,20760984,70267914,20761646,"reference",1,FALSE,,TRUE,"Sys.time",1,"37d95dbecf7f65bbaecf484f9e1785b2358077c48f8b5ee4bfc47651c7ea4854","60ee28d3ad852e57df78b0b7361a347bbefb4c2a188341a0138d408c6c2639ca","6e5eb31ee5e5288443e5fdf9d02d041bd0e7d712a2f848537d3fd10af06047a0","4ebe674ff7fa0a5f73bd5e3891df009cc72d8719e9425c46aaced869105380f2","ac1a406d9c858da37b2659d5a1ecbf3712c5566081e3a280976af40765ce893e","d634ba8df4533e4a877924835601e2b66f664b4727b6dc1134fda4983bdc098f","0.3.0","isolated_release_library/fastphylosig","d951ecee19c06f3a144ad76c5039302078747585bb3bf829e6f12db15f54775d","isolated_release_library/fastphylosig/libs/<platform>/fastphylosig","c46a5834babd455b546bc65c6549c42ba51e6b47f3c9f222919b7118a5af3280","1bd40080f1ea537b3c73c838dc98ff84940f1064f4e1c4dbfb2dd5063d999bdb","benchmarks/stage5/documentation_fix_release_20261001/fastphylosig_0.3.0.tar.gz","909b7ad27485dcc2d96a7bb1fc70b65b54e93245d75761aca406b9c52f06cbff","2.5.2",0.0456380844116211,0.43925479380375,"ok",TRUE,,"",
"20261001T112848Z","K_strong_n0500_r07","fastphylosig","K","phytools::phylosig","strong",0.95,500,7,500,500,0,,,20760984,70267914,20761646,"reference",2,FALSE,,TRUE,"Sys.time",1,"37d95dbecf7f65bbaecf484f9e1785b2358077c48f8b5ee4bfc47651c7ea4854","60ee28d3ad852e57df78b0b7361a347bbefb4c2a188341a0138d408c6c2639ca","6e5eb31ee5e5288443e5fdf9d02d041bd0e7d712a2f848537d3fd10af06047a0","4ebe674ff7fa0a5f73bd5e3891df009cc72d8719e9425c46aaced869105380f2","ac1a406d9c858da37b2659d5a1ecbf3712c5566081e3a280976af40765ce893e","d634ba8df4533e4a877924835601e2b66f664b4727b6dc1134fda4983bdc098f","0.3.0","isolated_release_library/fastphylosig","d951ecee19c06f3a144ad76c5039302078747585bb3bf829e6f12db15f54775d","isolated_release_library/fastphylosig/libs/<platform>/fastphylosig","c46a5834babd455b546bc65c6549c42ba51e6b47f3c9f222919b7118a5af3280","1bd40080f1ea537b3c73c838dc98ff84940f1064f4e1c4dbfb2dd5063d999bdb","benchmarks/stage5/documentation_fix_release_20261001/fastphylosig_0.3.0.tar.gz","909b7ad27485dcc2d96a7bb1fc70b65b54e93245d75761aca406b9c52f06cbff","2.5.2",0.00719094276428223,0.439254793803749,"ok",TRUE,,"",
"20261001T112848Z","lambda_strong_n0500_r07","fastphylosig","lambda","phytools::phylosig","strong",0.95,500,7,500,500,0,,,20760984,70267914,20761648,"fastphylosig",1,FALSE,FALSE,TRUE,"Sys.time",1,"37d95dbecf7f65bbaecf484f9e1785b2358077c48f8b5ee4bfc47651c7ea4854","60ee28d3ad852e57df78b0b7361a347bbefb4c2a188341a0138d408c6c2639ca","6e5eb31ee5e5288443e5fdf9d02d041bd0e7d712a2f848537d3fd10af06047a0","4ebe674ff7fa0a5f73bd5e3891df009cc72d8719e9425c46aaced869105380f2","ac1a406d9c858da37b2659d5a1ecbf3712c5566081e3a280976af40765ce893e","d634ba8df4533e4a877924835601e2b66f664b4727b6dc1134fda4983bdc098f","0.3.0","isolated_release_library/fastphylosig","d951ecee19c06f3a144ad76c5039302078747585bb3bf829e6f12db15f54775d","isolated_release_library/fastphylosig/libs/<platform>/fastphylosig","c46a5834babd455b546bc65c6549c42ba51e6b47f3c9f222919b7118a5af3280","1bd40080f1ea537b3c73c838dc98ff84940f1064f4e1c4dbfb2dd5063d999bdb","benchmarks/stage5/documentation_fix_release_20261001/fastphylosig_0.3.0.tar.gz","909b7ad27485dcc2d96a7bb1fc70b65b54e93245d75761aca406b9c52f06cbff","2.5.2",0.00972390174865723,0.973089353827584,"ok",TRUE,,"",
"20261001T112848Z","lambda_strong_n0500_r07","reference","lambda","phytools::phylosig","strong",0.95,500,7,500,500,0,500,500,20760984,70267914,20761648,"fastphylosig",2,FALSE,FALSE,TRUE,"Sys.time",1,"37d95dbecf7f65bbaecf484f9e1785b2358077c48f8b5ee4bfc47651c7ea4854","60ee28d3ad852e57df78b0b7361a347bbefb4c2a188341a0138d408c6c2639ca","6e5eb31ee5e5288443e5fdf9d02d041bd0e7d712a2f848537d3fd10af06047a0","4ebe674ff7fa0a5f73bd5e3891df009cc72d8719e9425c46aaced869105380f2","ac1a406d9c858da37b2659d5a1ecbf3712c5566081e3a280976af40765ce893e","d634ba8df4533e4a877924835601e2b66f664b4727b6dc1134fda4983bdc098f","0.3.0","isolated_release_library/fastphylosig","d951ecee19c06f3a144ad76c5039302078747585bb3bf829e6f12db15f54775d","isolated_release_library/fastphylosig/libs/<platform>/fastphylosig","c46a5834babd455b546bc65c6549c42ba51e6b47f3c9f222919b7118a5af3280","1bd40080f1ea537b3c73c838dc98ff84940f1064f4e1c4dbfb2dd5063d999bdb","benchmarks/stage5/documentation_fix_release_20261001/fastphylosig_0.3.0.tar.gz","909b7ad27485dcc2d96a7bb1fc70b65b54e93245d75761aca406b9c52f06cbff","2.5.2",9.5547411441803,0.973068071723738,"ok",TRUE,,"",
"20261001T112848Z","K_none_n0500_r08","fastphylosig","K","phytools::phylosig","none",0,500,8,500,500,0,,,20760994,70268914,20761726,"fastphylosig",1,FALSE,,TRUE,"Sys.time",1,"be10b671b6e83f42f9afc00f89c1435d65dd6481b7efb3a0194f81d9e9be548c","4dd00a00d900be70831ca6f86365faf0f80c2fd1fba5f09b0ddda90cb1286628","00e18b09b6d336c446d431673ecc1f286ea0a6971f2df37afb91434d61b581f7","00e18b09b6d336c446d431673ecc1f286ea0a6971f2df37afb91434d61b581f7","6195bd72922f82a5d371a60c83bc2682a487260f39e2b1672d55e7a6ae76e2cf","8aaa3efd2e98827e81c6f281ef625d32c280505b2b2ce496f66b5cf1e41e0430","0.3.0","isolated_release_library/fastphylosig","d951ecee19c06f3a144ad76c5039302078747585bb3bf829e6f12db15f54775d","isolated_release_library/fastphylosig/libs/<platform>/fastphylosig","c46a5834babd455b546bc65c6549c42ba51e6b47f3c9f222919b7118a5af3280","1bd40080f1ea537b3c73c838dc98ff84940f1064f4e1c4dbfb2dd5063d999bdb","benchmarks/stage5/documentation_fix_release_20261001/fastphylosig_0.3.0.tar.gz","909b7ad27485dcc2d96a7bb1fc70b65b54e93245d75761aca406b9c52f06cbff","2.5.2",0.00775408744812012,0.104776293143307,"ok",TRUE,,"",
"20261001T112848Z","K_none_n0500_r08","reference","K","phytools::phylosig","none",0,500,8,500,500,0,500,500,20760994,70268914,20761726,"fastphylosig",2,FALSE,,TRUE,"Sys.time",1,"be10b671b6e83f42f9afc00f89c1435d65dd6481b7efb3a0194f81d9e9be548c","4dd00a00d900be70831ca6f86365faf0f80c2fd1fba5f09b0ddda90cb1286628","00e18b09b6d336c446d431673ecc1f286ea0a6971f2df37afb91434d61b581f7","00e18b09b6d336c446d431673ecc1f286ea0a6971f2df37afb91434d61b581f7","6195bd72922f82a5d371a60c83bc2682a487260f39e2b1672d55e7a6ae76e2cf","8aaa3efd2e98827e81c6f281ef625d32c280505b2b2ce496f66b5cf1e41e0430","0.3.0","isolated_release_library/fastphylosig","d951ecee19c06f3a144ad76c5039302078747585bb3bf829e6f12db15f54775d","isolated_release_library/fastphylosig/libs/<platform>/fastphylosig","c46a5834babd455b546bc65c6549c42ba51e6b47f3c9f222919b7118a5af3280","1bd40080f1ea537b3c73c838dc98ff84940f1064f4e1c4dbfb2dd5063d999bdb","benchmarks/stage5/documentation_fix_release_20261001/fastphylosig_0.3.0.tar.gz","909b7ad27485dcc2d96a7bb1fc70b65b54e93245d75761aca406b9c52f06cbff","2.5.2",0.0387299060821533,0.104776293143307,"ok",TRUE,,"",
"20261001T112848Z","lambda_none_n0500_r08","reference","lambda","phytools::phylosig","none",0,500,8,500,500,0,500,500,20760994,70268914,20761728,"reference",1,FALSE,FALSE,TRUE,"Sys.time",1,"be10b671b6e83f42f9afc00f89c1435d65dd6481b7efb3a0194f81d9e9be548c","4dd00a00d900be70831ca6f86365faf0f80c2fd1fba5f09b0ddda90cb1286628","00e18b09b6d336c446d431673ecc1f286ea0a6971f2df37afb91434d61b581f7","00e18b09b6d336c446d431673ecc1f286ea0a6971f2df37afb91434d61b581f7","6195bd72922f82a5d371a60c83bc2682a487260f39e2b1672d55e7a6ae76e2cf","8aaa3efd2e98827e81c6f281ef625d32c280505b2b2ce496f66b5cf1e41e0430","0.3.0","isolated_release_library/fastphylosig","d951ecee19c06f3a144ad76c5039302078747585bb3bf829e6f12db15f54775d","isolated_release_library/fastphylosig/libs/<platform>/fastphylosig","c46a5834babd455b546bc65c6549c42ba51e6b47f3c9f222919b7118a5af3280","1bd40080f1ea537b3c73c838dc98ff84940f1064f4e1c4dbfb2dd5063d999bdb","benchmarks/stage5/documentation_fix_release_20261001/fastphylosig_0.3.0.tar.gz","909b7ad27485dcc2d96a7bb1fc70b65b54e93245d75761aca406b9c52f06cbff","2.5.2",8.73417592048645,7.33137435857406e-05,"ok",TRUE,,"",
"20261001T112848Z","lambda_none_n0500_r08","fastphylosig","lambda","phytools::phylosig","none",0,500,8,500,500,0,,,20760994,70268914,20761728,"reference",2,FALSE,FALSE,TRUE,"Sys.time",1,"be10b671b6e83f42f9afc00f89c1435d65dd6481b7efb3a0194f81d9e9be548c","4dd00a00d900be70831ca6f86365faf0f80c2fd1fba5f09b0ddda90cb1286628","00e18b09b6d336c446d431673ecc1f286ea0a6971f2df37afb91434d61b581f7","00e18b09b6d336c446d431673ecc1f286ea0a6971f2df37afb91434d61b581f7","6195bd72922f82a5d371a60c83bc2682a487260f39e2b1672d55e7a6ae76e2cf","8aaa3efd2e98827e81c6f281ef625d32c280505b2b2ce496f66b5cf1e41e0430","0.3.0","isolated_release_library/fastphylosig","d951ecee19c06f3a144ad76c5039302078747585bb3bf829e6f12db15f54775d","isolated_release_library/fastphylosig/libs/<platform>/fastphylosig","c46a5834babd455b546bc65c6549c42ba51e6b47f3c9f222919b7118a5af3280","1bd40080f1ea537b3c73c838dc98ff84940f1064f4e1c4dbfb2dd5063d999bdb","benchmarks/stage5/documentation_fix_release_20261001/fastphylosig_0.3.0.tar.gz","909b7ad27485dcc2d96a7bb1fc70b65b54e93245d75761aca406b9c52f06cbff","2.5.2",0.0107700824737549,6.6106961351896e-05,"ok",TRUE,,"",
"20261001T112848Z","K_moderate_n0500_r08","reference","K","phytools::phylosig","moderate",0.5,500,8,500,500,0,500,500,20760994,70268914,20761736,"reference",1,FALSE,,TRUE,"Sys.time",1,"be10b671b6e83f42f9afc00f89c1435d65dd6481b7efb3a0194f81d9e9be548c","4dd00a00d900be70831ca6f86365faf0f80c2fd1fba5f09b0ddda90cb1286628","00e18b09b6d336c446d431673ecc1f286ea0a6971f2df37afb91434d61b581f7","734d2388d7b607f981ac351523a9d7b33a64817fd59a71fb0ab18982080ebce6","0780eb87873f4022336b6b699c637e9068db362d200e4096a9e107755f826764","8aaa3efd2e98827e81c6f281ef625d32c280505b2b2ce496f66b5cf1e41e0430","0.3.0","isolated_release_library/fastphylosig","d951ecee19c06f3a144ad76c5039302078747585bb3bf829e6f12db15f54775d","isolated_release_library/fastphylosig/libs/<platform>/fastphylosig","c46a5834babd455b546bc65c6549c42ba51e6b47f3c9f222919b7118a5af3280","1bd40080f1ea537b3c73c838dc98ff84940f1064f4e1c4dbfb2dd5063d999bdb","benchmarks/stage5/documentation_fix_release_20261001/fastphylosig_0.3.0.tar.gz","909b7ad27485dcc2d96a7bb1fc70b65b54e93245d75761aca406b9c52f06cbff","2.5.2",0.0386378765106201,0.19803057850321,"ok",TRUE,,"",
"20261001T112848Z","K_moderate_n0500_r08","fastphylosig","K","phytools::phylosig","moderate",0.5,500,8,500,500,0,,,20760994,70268914,20761736,"reference",2,FALSE,,TRUE,"Sys.time",1,"be10b671b6e83f42f9afc00f89c1435d65dd6481b7efb3a0194f81d9e9be548c","4dd00a00d900be70831ca6f86365faf0f80c2fd1fba5f09b0ddda90cb1286628","00e18b09b6d336c446d431673ecc1f286ea0a6971f2df37afb91434d61b581f7","734d2388d7b607f981ac351523a9d7b33a64817fd59a71fb0ab18982080ebce6","0780eb87873f4022336b6b699c637e9068db362d200e4096a9e107755f826764","8aaa3efd2e98827e81c6f281ef625d32c280505b2b2ce496f66b5cf1e41e0430","0.3.0","isolated_release_library/fastphylosig","d951ecee19c06f3a144ad76c5039302078747585bb3bf829e6f12db15f54775d","isolated_release_library/fastphylosig/libs/<platform>/fastphylosig","c46a5834babd455b546bc65c6549c42ba51e6b47f3c9f222919b7118a5af3280","1bd40080f1ea537b3c73c838dc98ff84940f1064f4e1c4dbfb2dd5063d999bdb","benchmarks/stage5/documentation_fix_release_20261001/fastphylosig_0.3.0.tar.gz","909b7ad27485dcc2d96a7bb1fc70b65b54e93245d75761aca406b9c52f06cbff","2.5.2",0.00719690322875977,0.198030578503208,"ok",TRUE,,"",
"20261001T112848Z","lambda_moderate_n0500_r08","fastphylosig","lambda","phytools::phylosig","moderate",0.5,500,8,500,500,0,,,20760994,70268914,20761738,"fastphylosig",1,FALSE,FALSE,TRUE,"Sys.time",1,"be10b671b6e83f42f9afc00f89c1435d65dd6481b7efb3a0194f81d9e9be548c","4dd00a00d900be70831ca6f86365faf0f80c2fd1fba5f09b0ddda90cb1286628","00e18b09b6d336c446d431673ecc1f286ea0a6971f2df37afb91434d61b581f7","734d2388d7b607f981ac351523a9d7b33a64817fd59a71fb0ab18982080ebce6","0780eb87873f4022336b6b699c637e9068db362d200e4096a9e107755f826764","8aaa3efd2e98827e81c6f281ef625d32c280505b2b2ce496f66b5cf1e41e0430","0.3.0","isolated_release_library/fastphylosig","d951ecee19c06f3a144ad76c5039302078747585bb3bf829e6f12db15f54775d","isolated_release_library/fastphylosig/libs/<platform>/fastphylosig","c46a5834babd455b546bc65c6549c42ba51e6b47f3c9f222919b7118a5af3280","1bd40080f1ea537b3c73c838dc98ff84940f1064f4e1c4dbfb2dd5063d999bdb","benchmarks/stage5/documentation_fix_release_20261001/fastphylosig_0.3.0.tar.gz","909b7ad27485dcc2d96a7bb1fc70b65b54e93245d75761aca406b9c52f06cbff","2.5.2",0.00853800773620605,0.458554510883857,"ok",TRUE,,"",
"20261001T112848Z","lambda_moderate_n0500_r08","reference","lambda","phytools::phylosig","moderate",0.5,500,8,500,500,0,500,500,20760994,70268914,20761738,"fastphylosig",2,FALSE,FALSE,TRUE,"Sys.time",1,"be10b671b6e83f42f9afc00f89c1435d65dd6481b7efb3a0194f81d9e9be548c","4dd00a00d900be70831ca6f86365faf0f80c2fd1fba5f09b0ddda90cb1286628","00e18b09b6d336c446d431673ecc1f286ea0a6971f2df37afb91434d61b581f7","734d2388d7b607f981ac351523a9d7b33a64817fd59a71fb0ab18982080ebce6","0780eb87873f4022336b6b699c637e9068db362d200e4096a9e107755f826764","8aaa3efd2e98827e81c6f281ef625d32c280505b2b2ce496f66b5cf1e41e0430","0.3.0","isolated_release_library/fastphylosig","d951ecee19c06f3a144ad76c5039302078747585bb3bf829e6f12db15f54775d","isolated_release_library/fastphylosig/libs/<platform>/fastphylosig","c46a5834babd455b546bc65c6549c42ba51e6b47f3c9f222919b7118a5af3280","1bd40080f1ea537b3c73c838dc98ff84940f1064f4e1c4dbfb2dd5063d999bdb","benchmarks/stage5/documentation_fix_release_20261001/fastphylosig_0.3.0.tar.gz","909b7ad27485dcc2d96a7bb1fc70b65b54e93245d75761aca406b9c52f06cbff","2.5.2",8.05737400054932,0.4585420821936,"ok",TRUE,,"",
"20261001T112848Z","K_strong_n0500_r08","fastphylosig","K","phytools::phylosig","strong",0.95,500,8,500,500,0,,,20760994,70268914,20761746,"fastphylosig",1,FALSE,,TRUE,"Sys.time",1,"be10b671b6e83f42f9afc00f89c1435d65dd6481b7efb3a0194f81d9e9be548c","4dd00a00d900be70831ca6f86365faf0f80c2fd1fba5f09b0ddda90cb1286628","00e18b09b6d336c446d431673ecc1f286ea0a6971f2df37afb91434d61b581f7","19d146e65dcd4ce058d8ef34a8cd8927b5b9dc2a64080a2d4cac7eb0cba2dc5f","5d0180c080e68acdf61ac699b7ce22aeaaea43408dc482bd6a4860f1e2954411","8aaa3efd2e98827e81c6f281ef625d32c280505b2b2ce496f66b5cf1e41e0430","0.3.0","isolated_release_library/fastphylosig","d951ecee19c06f3a144ad76c5039302078747585bb3bf829e6f12db15f54775d","isolated_release_library/fastphylosig/libs/<platform>/fastphylosig","c46a5834babd455b546bc65c6549c42ba51e6b47f3c9f222919b7118a5af3280","1bd40080f1ea537b3c73c838dc98ff84940f1064f4e1c4dbfb2dd5063d999bdb","benchmarks/stage5/documentation_fix_release_20261001/fastphylosig_0.3.0.tar.gz","909b7ad27485dcc2d96a7bb1fc70b65b54e93245d75761aca406b9c52f06cbff","2.5.2",0.00773096084594727,0.856205596496596,"ok",TRUE,,"",
"20261001T112848Z","K_strong_n0500_r08","reference","K","phytools::phylosig","strong",0.95,500,8,500,500,0,500,500,20760994,70268914,20761746,"fastphylosig",2,FALSE,,TRUE,"Sys.time",1,"be10b671b6e83f42f9afc00f89c1435d65dd6481b7efb3a0194f81d9e9be548c","4dd00a00d900be70831ca6f86365faf0f80c2fd1fba5f09b0ddda90cb1286628","00e18b09b6d336c446d431673ecc1f286ea0a6971f2df37afb91434d61b581f7","19d146e65dcd4ce058d8ef34a8cd8927b5b9dc2a64080a2d4cac7eb0cba2dc5f","5d0180c080e68acdf61ac699b7ce22aeaaea43408dc482bd6a4860f1e2954411","8aaa3efd2e98827e81c6f281ef625d32c280505b2b2ce496f66b5cf1e41e0430","0.3.0","isolated_release_library/fastphylosig","d951ecee19c06f3a144ad76c5039302078747585bb3bf829e6f12db15f54775d","isolated_release_library/fastphylosig/libs/<platform>/fastphylosig","c46a5834babd455b546bc65c6549c42ba51e6b47f3c9f222919b7118a5af3280","1bd40080f1ea537b3c73c838dc98ff84940f1064f4e1c4dbfb2dd5063d999bdb","benchmarks/stage5/documentation_fix_release_20261001/fastphylosig_0.3.0.tar.gz","909b7ad27485dcc2d96a7bb1fc70b65b54e93245d75761aca406b9c52f06cbff","2.5.2",0.0386550426483154,0.856205596496599,"ok",TRUE,,"",
"20261001T112848Z","lambda_strong_n0500_r08","reference","lambda","phytools::phylosig","strong",0.95,500,8,500,500,0,500,500,20760994,70268914,20761748,"reference",1,FALSE,FALSE,TRUE,"Sys.time",1,"be10b671b6e83f42f9afc00f89c1435d65dd6481b7efb3a0194f81d9e9be548c","4dd00a00d900be70831ca6f86365faf0f80c2fd1fba5f09b0ddda90cb1286628","00e18b09b6d336c446d431673ecc1f286ea0a6971f2df37afb91434d61b581f7","19d146e65dcd4ce058d8ef34a8cd8927b5b9dc2a64080a2d4cac7eb0cba2dc5f","5d0180c080e68acdf61ac699b7ce22aeaaea43408dc482bd6a4860f1e2954411","8aaa3efd2e98827e81c6f281ef625d32c280505b2b2ce496f66b5cf1e41e0430","0.3.0","isolated_release_library/fastphylosig","d951ecee19c06f3a144ad76c5039302078747585bb3bf829e6f12db15f54775d","isolated_release_library/fastphylosig/libs/<platform>/fastphylosig","c46a5834babd455b546bc65c6549c42ba51e6b47f3c9f222919b7118a5af3280","1bd40080f1ea537b3c73c838dc98ff84940f1064f4e1c4dbfb2dd5063d999bdb","benchmarks/stage5/documentation_fix_release_20261001/fastphylosig_0.3.0.tar.gz","909b7ad27485dcc2d96a7bb1fc70b65b54e93245d75761aca406b9c52f06cbff","2.5.2",8.21853590011597,0.93217981140257,"ok",TRUE,,"",
"20261001T112848Z","lambda_strong_n0500_r08","fastphylosig","lambda","phytools::phylosig","strong",0.95,500,8,500,500,0,,,20760994,70268914,20761748,"reference",2,FALSE,FALSE,TRUE,"Sys.time",1,"be10b671b6e83f42f9afc00f89c1435d65dd6481b7efb3a0194f81d9e9be548c","4dd00a00d900be70831ca6f86365faf0f80c2fd1fba5f09b0ddda90cb1286628","00e18b09b6d336c446d431673ecc1f286ea0a6971f2df37afb91434d61b581f7","19d146e65dcd4ce058d8ef34a8cd8927b5b9dc2a64080a2d4cac7eb0cba2dc5f","5d0180c080e68acdf61ac699b7ce22aeaaea43408dc482bd6a4860f1e2954411","8aaa3efd2e98827e81c6f281ef625d32c280505b2b2ce496f66b5cf1e41e0430","0.3.0","isolated_release_library/fastphylosig","d951ecee19c06f3a144ad76c5039302078747585bb3bf829e6f12db15f54775d","isolated_release_library/fastphylosig/libs/<platform>/fastphylosig","c46a5834babd455b546bc65c6549c42ba51e6b47f3c9f222919b7118a5af3280","1bd40080f1ea537b3c73c838dc98ff84940f1064f4e1c4dbfb2dd5063d999bdb","benchmarks/stage5/documentation_fix_release_20261001/fastphylosig_0.3.0.tar.gz","909b7ad27485dcc2d96a7bb1fc70b65b54e93245d75761aca406b9c52f06cbff","2.5.2",0.0102169513702393,0.932204674249962,"ok",TRUE,,"",
"20261001T112848Z","K_none_n0500_r09","reference","K","phytools::phylosig","none",0,500,9,500,500,0,500,500,20761004,70269914,20761826,"reference",1,FALSE,,TRUE,"Sys.time",1,"e349c21e04eee0f92d1d80425835897eeace17a2ccb587e8db991b0d0e8d3a29","7cc1448968d6ca9b65395149e56e88701cb7814085b170b3ceb4d82a3633fcf3","38b60aeff3feea1f34e74db5471364040b9a49570c7d59bd5f3ab8ae2595527b","38b60aeff3feea1f34e74db5471364040b9a49570c7d59bd5f3ab8ae2595527b","5a57dc83b5a2c84e0ed01abb20a5e4d305af0c05fbdee5f3c2f39977955e1fd8","71ac45ab9eb4a8968e8e942cb2d8c58d27d30c839262802966eb60ac4e6991f4","0.3.0","isolated_release_library/fastphylosig","d951ecee19c06f3a144ad76c5039302078747585bb3bf829e6f12db15f54775d","isolated_release_library/fastphylosig/libs/<platform>/fastphylosig","c46a5834babd455b546bc65c6549c42ba51e6b47f3c9f222919b7118a5af3280","1bd40080f1ea537b3c73c838dc98ff84940f1064f4e1c4dbfb2dd5063d999bdb","benchmarks/stage5/documentation_fix_release_20261001/fastphylosig_0.3.0.tar.gz","909b7ad27485dcc2d96a7bb1fc70b65b54e93245d75761aca406b9c52f06cbff","2.5.2",0.042618989944458,0.103141211867789,"ok",TRUE,,"",
"20261001T112848Z","K_none_n0500_r09","fastphylosig","K","phytools::phylosig","none",0,500,9,500,500,0,,,20761004,70269914,20761826,"reference",2,FALSE,,TRUE,"Sys.time",1,"e349c21e04eee0f92d1d80425835897eeace17a2ccb587e8db991b0d0e8d3a29","7cc1448968d6ca9b65395149e56e88701cb7814085b170b3ceb4d82a3633fcf3","38b60aeff3feea1f34e74db5471364040b9a49570c7d59bd5f3ab8ae2595527b","38b60aeff3feea1f34e74db5471364040b9a49570c7d59bd5f3ab8ae2595527b","5a57dc83b5a2c84e0ed01abb20a5e4d305af0c05fbdee5f3c2f39977955e1fd8","71ac45ab9eb4a8968e8e942cb2d8c58d27d30c839262802966eb60ac4e6991f4","0.3.0","isolated_release_library/fastphylosig","d951ecee19c06f3a144ad76c5039302078747585bb3bf829e6f12db15f54775d","isolated_release_library/fastphylosig/libs/<platform>/fastphylosig","c46a5834babd455b546bc65c6549c42ba51e6b47f3c9f222919b7118a5af3280","1bd40080f1ea537b3c73c838dc98ff84940f1064f4e1c4dbfb2dd5063d999bdb","benchmarks/stage5/documentation_fix_release_20261001/fastphylosig_0.3.0.tar.gz","909b7ad27485dcc2d96a7bb1fc70b65b54e93245d75761aca406b9c52f06cbff","2.5.2",0.00797605514526367,0.10314121186779,"ok",TRUE,,"",
"20261001T112848Z","lambda_none_n0500_r09","fastphylosig","lambda","phytools::phylosig","none",0,500,9,500,500,0,,,20761004,70269914,20761828,"fastphylosig",1,FALSE,FALSE,TRUE,"Sys.time",1,"e349c21e04eee0f92d1d80425835897eeace17a2ccb587e8db991b0d0e8d3a29","7cc1448968d6ca9b65395149e56e88701cb7814085b170b3ceb4d82a3633fcf3","38b60aeff3feea1f34e74db5471364040b9a49570c7d59bd5f3ab8ae2595527b","38b60aeff3feea1f34e74db5471364040b9a49570c7d59bd5f3ab8ae2595527b","5a57dc83b5a2c84e0ed01abb20a5e4d305af0c05fbdee5f3c2f39977955e1fd8","71ac45ab9eb4a8968e8e942cb2d8c58d27d30c839262802966eb60ac4e6991f4","0.3.0","isolated_release_library/fastphylosig","d951ecee19c06f3a144ad76c5039302078747585bb3bf829e6f12db15f54775d","isolated_release_library/fastphylosig/libs/<platform>/fastphylosig","c46a5834babd455b546bc65c6549c42ba51e6b47f3c9f222919b7118a5af3280","1bd40080f1ea537b3c73c838dc98ff84940f1064f4e1c4dbfb2dd5063d999bdb","benchmarks/stage5/documentation_fix_release_20261001/fastphylosig_0.3.0.tar.gz","909b7ad27485dcc2d96a7bb1fc70b65b54e93245d75761aca406b9c52f06cbff","2.5.2",0.0107910633087158,6.6106961351896e-05,"ok",TRUE,,"",
"20261001T112848Z","lambda_none_n0500_r09","reference","lambda","phytools::phylosig","none",0,500,9,500,500,0,500,500,20761004,70269914,20761828,"fastphylosig",2,FALSE,FALSE,TRUE,"Sys.time",1,"e349c21e04eee0f92d1d80425835897eeace17a2ccb587e8db991b0d0e8d3a29","7cc1448968d6ca9b65395149e56e88701cb7814085b170b3ceb4d82a3633fcf3","38b60aeff3feea1f34e74db5471364040b9a49570c7d59bd5f3ab8ae2595527b","38b60aeff3feea1f34e74db5471364040b9a49570c7d59bd5f3ab8ae2595527b","5a57dc83b5a2c84e0ed01abb20a5e4d305af0c05fbdee5f3c2f39977955e1fd8","71ac45ab9eb4a8968e8e942cb2d8c58d27d30c839262802966eb60ac4e6991f4","0.3.0","isolated_release_library/fastphylosig","d951ecee19c06f3a144ad76c5039302078747585bb3bf829e6f12db15f54775d","isolated_release_library/fastphylosig/libs/<platform>/fastphylosig","c46a5834babd455b546bc65c6549c42ba51e6b47f3c9f222919b7118a5af3280","1bd40080f1ea537b3c73c838dc98ff84940f1064f4e1c4dbfb2dd5063d999bdb","benchmarks/stage5/documentation_fix_release_20261001/fastphylosig_0.3.0.tar.gz","909b7ad27485dcc2d96a7bb1fc70b65b54e93245d75761aca406b9c52f06cbff","2.5.2",8.99417996406555,7.33137435857406e-05,"ok",TRUE,,"",
"20261001T112848Z","K_moderate_n0500_r09","fastphylosig","K","phytools::phylosig","moderate",0.5,500,9,500,500,0,,,20761004,70269914,20761836,"fastphylosig",1,FALSE,,TRUE,"Sys.time",1,"e349c21e04eee0f92d1d80425835897eeace17a2ccb587e8db991b0d0e8d3a29","7cc1448968d6ca9b65395149e56e88701cb7814085b170b3ceb4d82a3633fcf3","38b60aeff3feea1f34e74db5471364040b9a49570c7d59bd5f3ab8ae2595527b","d83495cc4387ca45b6934bf62274eec4bd7fa711eb834ae9f2c7d93d4ed2e01a","31962eea05e9100a52b69332f251e97cf47e4a971c29f2e84ac2bc1ac95c2117","71ac45ab9eb4a8968e8e942cb2d8c58d27d30c839262802966eb60ac4e6991f4","0.3.0","isolated_release_library/fastphylosig","d951ecee19c06f3a144ad76c5039302078747585bb3bf829e6f12db15f54775d","isolated_release_library/fastphylosig/libs/<platform>/fastphylosig","c46a5834babd455b546bc65c6549c42ba51e6b47f3c9f222919b7118a5af3280","1bd40080f1ea537b3c73c838dc98ff84940f1064f4e1c4dbfb2dd5063d999bdb","benchmarks/stage5/documentation_fix_release_20261001/fastphylosig_0.3.0.tar.gz","909b7ad27485dcc2d96a7bb1fc70b65b54e93245d75761aca406b9c52f06cbff","2.5.2",0.00774908065795898,0.188078002478377,"ok",TRUE,,"",
"20261001T112848Z","K_moderate_n0500_r09","reference","K","phytools::phylosig","moderate",0.5,500,9,500,500,0,500,500,20761004,70269914,20761836,"fastphylosig",2,FALSE,,TRUE,"Sys.time",1,"e349c21e04eee0f92d1d80425835897eeace17a2ccb587e8db991b0d0e8d3a29","7cc1448968d6ca9b65395149e56e88701cb7814085b170b3ceb4d82a3633fcf3","38b60aeff3feea1f34e74db5471364040b9a49570c7d59bd5f3ab8ae2595527b","d83495cc4387ca45b6934bf62274eec4bd7fa711eb834ae9f2c7d93d4ed2e01a","31962eea05e9100a52b69332f251e97cf47e4a971c29f2e84ac2bc1ac95c2117","71ac45ab9eb4a8968e8e942cb2d8c58d27d30c839262802966eb60ac4e6991f4","0.3.0","isolated_release_library/fastphylosig","d951ecee19c06f3a144ad76c5039302078747585bb3bf829e6f12db15f54775d","isolated_release_library/fastphylosig/libs/<platform>/fastphylosig","c46a5834babd455b546bc65c6549c42ba51e6b47f3c9f222919b7118a5af3280","1bd40080f1ea537b3c73c838dc98ff84940f1064f4e1c4dbfb2dd5063d999bdb","benchmarks/stage5/documentation_fix_release_20261001/fastphylosig_0.3.0.tar.gz","909b7ad27485dcc2d96a7bb1fc70b65b54e93245d75761aca406b9c52f06cbff","2.5.2",0.0405259132385254,0.188078002478377,"ok",TRUE,,"",
"20261001T112848Z","lambda_moderate_n0500_r09","reference","lambda","phytools::phylosig","moderate",0.5,500,9,500,500,0,500,500,20761004,70269914,20761838,"reference",1,FALSE,FALSE,TRUE,"Sys.time",1,"e349c21e04eee0f92d1d80425835897eeace17a2ccb587e8db991b0d0e8d3a29","7cc1448968d6ca9b65395149e56e88701cb7814085b170b3ceb4d82a3633fcf3","38b60aeff3feea1f34e74db5471364040b9a49570c7d59bd5f3ab8ae2595527b","d83495cc4387ca45b6934bf62274eec4bd7fa711eb834ae9f2c7d93d4ed2e01a","31962eea05e9100a52b69332f251e97cf47e4a971c29f2e84ac2bc1ac95c2117","71ac45ab9eb4a8968e8e942cb2d8c58d27d30c839262802966eb60ac4e6991f4","0.3.0","isolated_release_library/fastphylosig","d951ecee19c06f3a144ad76c5039302078747585bb3bf829e6f12db15f54775d","isolated_release_library/fastphylosig/libs/<platform>/fastphylosig","c46a5834babd455b546bc65c6549c42ba51e6b47f3c9f222919b7118a5af3280","1bd40080f1ea537b3c73c838dc98ff84940f1064f4e1c4dbfb2dd5063d999bdb","benchmarks/stage5/documentation_fix_release_20261001/fastphylosig_0.3.0.tar.gz","909b7ad27485dcc2d96a7bb1fc70b65b54e93245d75761aca406b9c52f06cbff","2.5.2",8.55467414855957,0.523095747512091,"ok",TRUE,,"",
"20261001T112848Z","lambda_moderate_n0500_r09","fastphylosig","lambda","phytools::phylosig","moderate",0.5,500,9,500,500,0,,,20761004,70269914,20761838,"reference",2,FALSE,FALSE,TRUE,"Sys.time",1,"e349c21e04eee0f92d1d80425835897eeace17a2ccb587e8db991b0d0e8d3a29","7cc1448968d6ca9b65395149e56e88701cb7814085b170b3ceb4d82a3633fcf3","38b60aeff3feea1f34e74db5471364040b9a49570c7d59bd5f3ab8ae2595527b","d83495cc4387ca45b6934bf62274eec4bd7fa711eb834ae9f2c7d93d4ed2e01a","31962eea05e9100a52b69332f251e97cf47e4a971c29f2e84ac2bc1ac95c2117","71ac45ab9eb4a8968e8e942cb2d8c58d27d30c839262802966eb60ac4e6991f4","0.3.0","isolated_release_library/fastphylosig","d951ecee19c06f3a144ad76c5039302078747585bb3bf829e6f12db15f54775d","isolated_release_library/fastphylosig/libs/<platform>/fastphylosig","c46a5834babd455b546bc65c6549c42ba51e6b47f3c9f222919b7118a5af3280","1bd40080f1ea537b3c73c838dc98ff84940f1064f4e1c4dbfb2dd5063d999bdb","benchmarks/stage5/documentation_fix_release_20261001/fastphylosig_0.3.0.tar.gz","909b7ad27485dcc2d96a7bb1fc70b65b54e93245d75761aca406b9c52f06cbff","2.5.2",0.00907802581787109,0.523094979931399,"ok",TRUE,,"",
"20261001T112848Z","K_strong_n0500_r09","reference","K","phytools::phylosig","strong",0.95,500,9,500,500,0,500,500,20761004,70269914,20761846,"reference",1,FALSE,,TRUE,"Sys.time",1,"e349c21e04eee0f92d1d80425835897eeace17a2ccb587e8db991b0d0e8d3a29","7cc1448968d6ca9b65395149e56e88701cb7814085b170b3ceb4d82a3633fcf3","38b60aeff3feea1f34e74db5471364040b9a49570c7d59bd5f3ab8ae2595527b","1c4465a46910b58688c08805a9a539ec34b28d7907fff22116324a56a85c396f","dbd6561b2dba13978552898e500aec7b865b08bdde1af70dfb0fbf8c9b693be5","71ac45ab9eb4a8968e8e942cb2d8c58d27d30c839262802966eb60ac4e6991f4","0.3.0","isolated_release_library/fastphylosig","d951ecee19c06f3a144ad76c5039302078747585bb3bf829e6f12db15f54775d","isolated_release_library/fastphylosig/libs/<platform>/fastphylosig","c46a5834babd455b546bc65c6549c42ba51e6b47f3c9f222919b7118a5af3280","1bd40080f1ea537b3c73c838dc98ff84940f1064f4e1c4dbfb2dd5063d999bdb","benchmarks/stage5/documentation_fix_release_20261001/fastphylosig_0.3.0.tar.gz","909b7ad27485dcc2d96a7bb1fc70b65b54e93245d75761aca406b9c52f06cbff","2.5.2",0.0411150455474854,0.692646309315501,"ok",TRUE,,"",
"20261001T112848Z","K_strong_n0500_r09","fastphylosig","K","phytools::phylosig","strong",0.95,500,9,500,500,0,,,20761004,70269914,20761846,"reference",2,FALSE,,TRUE,"Sys.time",1,"e349c21e04eee0f92d1d80425835897eeace17a2ccb587e8db991b0d0e8d3a29","7cc1448968d6ca9b65395149e56e88701cb7814085b170b3ceb4d82a3633fcf3","38b60aeff3feea1f34e74db5471364040b9a49570c7d59bd5f3ab8ae2595527b","1c4465a46910b58688c08805a9a539ec34b28d7907fff22116324a56a85c396f","dbd6561b2dba13978552898e500aec7b865b08bdde1af70dfb0fbf8c9b693be5","71ac45ab9eb4a8968e8e942cb2d8c58d27d30c839262802966eb60ac4e6991f4","0.3.0","isolated_release_library/fastphylosig","d951ecee19c06f3a144ad76c5039302078747585bb3bf829e6f12db15f54775d","isolated_release_library/fastphylosig/libs/<platform>/fastphylosig","c46a5834babd455b546bc65c6549c42ba51e6b47f3c9f222919b7118a5af3280","1bd40080f1ea537b3c73c838dc98ff84940f1064f4e1c4dbfb2dd5063d999bdb","benchmarks/stage5/documentation_fix_release_20261001/fastphylosig_0.3.0.tar.gz","909b7ad27485dcc2d96a7bb1fc70b65b54e93245d75761aca406b9c52f06cbff","2.5.2",0.00825405120849609,0.692646309315501,"ok",TRUE,,"",
"20261001T112848Z","lambda_strong_n0500_r09","fastphylosig","lambda","phytools::phylosig","strong",0.95,500,9,500,500,0,,,20761004,70269914,20761848,"fastphylosig",1,FALSE,FALSE,TRUE,"Sys.time",1,"e349c21e04eee0f92d1d80425835897eeace17a2ccb587e8db991b0d0e8d3a29","7cc1448968d6ca9b65395149e56e88701cb7814085b170b3ceb4d82a3633fcf3","38b60aeff3feea1f34e74db5471364040b9a49570c7d59bd5f3ab8ae2595527b","1c4465a46910b58688c08805a9a539ec34b28d7907fff22116324a56a85c396f","dbd6561b2dba13978552898e500aec7b865b08bdde1af70dfb0fbf8c9b693be5","71ac45ab9eb4a8968e8e942cb2d8c58d27d30c839262802966eb60ac4e6991f4","0.3.0","isolated_release_library/fastphylosig","d951ecee19c06f3a144ad76c5039302078747585bb3bf829e6f12db15f54775d","isolated_release_library/fastphylosig/libs/<platform>/fastphylosig","c46a5834babd455b546bc65c6549c42ba51e6b47f3c9f222919b7118a5af3280","1bd40080f1ea537b3c73c838dc98ff84940f1064f4e1c4dbfb2dd5063d999bdb","benchmarks/stage5/documentation_fix_release_20261001/fastphylosig_0.3.0.tar.gz","909b7ad27485dcc2d96a7bb1fc70b65b54e93245d75761aca406b9c52f06cbff","2.5.2",0.0103709697723389,0.981647018105325,"ok",TRUE,,"",
"20261001T112848Z","lambda_strong_n0500_r09","reference","lambda","phytools::phylosig","strong",0.95,500,9,500,500,0,500,500,20761004,70269914,20761848,"fastphylosig",2,FALSE,FALSE,TRUE,"Sys.time",1,"e349c21e04eee0f92d1d80425835897eeace17a2ccb587e8db991b0d0e8d3a29","7cc1448968d6ca9b65395149e56e88701cb7814085b170b3ceb4d82a3633fcf3","38b60aeff3feea1f34e74db5471364040b9a49570c7d59bd5f3ab8ae2595527b","1c4465a46910b58688c08805a9a539ec34b28d7907fff22116324a56a85c396f","dbd6561b2dba13978552898e500aec7b865b08bdde1af70dfb0fbf8c9b693be5","71ac45ab9eb4a8968e8e942cb2d8c58d27d30c839262802966eb60ac4e6991f4","0.3.0","isolated_release_library/fastphylosig","d951ecee19c06f3a144ad76c5039302078747585bb3bf829e6f12db15f54775d","isolated_release_library/fastphylosig/libs/<platform>/fastphylosig","c46a5834babd455b546bc65c6549c42ba51e6b47f3c9f222919b7118a5af3280","1bd40080f1ea537b3c73c838dc98ff84940f1064f4e1c4dbfb2dd5063d999bdb","benchmarks/stage5/documentation_fix_release_20261001/fastphylosig_0.3.0.tar.gz","909b7ad27485dcc2d96a7bb1fc70b65b54e93245d75761aca406b9c52f06cbff","2.5.2",8.66941809654236,0.981673602126961,"ok",TRUE,,"",
"20261001T112848Z","K_none_n0500_r10","fastphylosig","K","phytools::phylosig","none",0,500,10,500,500,0,,,20761014,70270914,20761926,"fastphylosig",1,FALSE,,TRUE,"Sys.time",1,"599f0502a6aa2a62eb84f8fd611550481bbf440ee93c7040d48b2f1a2a10ed22","cb09dd98c04a03663cf52e60764fa4205dcee11e520c392383b7d4265c2a6fa0","957d3ed81c7ad0d9dfede9ecf77f13831a6d5e82ebb07606a879b0cd33a67bad","957d3ed81c7ad0d9dfede9ecf77f13831a6d5e82ebb07606a879b0cd33a67bad","6b4bb383911989b22ab254bb5316307010f244999966933f5bd5fc86131a0e00","ab425b0d1268699214fdceecaecbc8fa25cd9e8460d261b91dd4fe102dd78ff0","0.3.0","isolated_release_library/fastphylosig","d951ecee19c06f3a144ad76c5039302078747585bb3bf829e6f12db15f54775d","isolated_release_library/fastphylosig/libs/<platform>/fastphylosig","c46a5834babd455b546bc65c6549c42ba51e6b47f3c9f222919b7118a5af3280","1bd40080f1ea537b3c73c838dc98ff84940f1064f4e1c4dbfb2dd5063d999bdb","benchmarks/stage5/documentation_fix_release_20261001/fastphylosig_0.3.0.tar.gz","909b7ad27485dcc2d96a7bb1fc70b65b54e93245d75761aca406b9c52f06cbff","2.5.2",0.00816202163696289,0.0985817309548073,"ok",TRUE,,"",
"20261001T112848Z","K_none_n0500_r10","reference","K","phytools::phylosig","none",0,500,10,500,500,0,500,500,20761014,70270914,20761926,"fastphylosig",2,FALSE,,TRUE,"Sys.time",1,"599f0502a6aa2a62eb84f8fd611550481bbf440ee93c7040d48b2f1a2a10ed22","cb09dd98c04a03663cf52e60764fa4205dcee11e520c392383b7d4265c2a6fa0","957d3ed81c7ad0d9dfede9ecf77f13831a6d5e82ebb07606a879b0cd33a67bad","957d3ed81c7ad0d9dfede9ecf77f13831a6d5e82ebb07606a879b0cd33a67bad","6b4bb383911989b22ab254bb5316307010f244999966933f5bd5fc86131a0e00","ab425b0d1268699214fdceecaecbc8fa25cd9e8460d261b91dd4fe102dd78ff0","0.3.0","isolated_release_library/fastphylosig","d951ecee19c06f3a144ad76c5039302078747585bb3bf829e6f12db15f54775d","isolated_release_library/fastphylosig/libs/<platform>/fastphylosig","c46a5834babd455b546bc65c6549c42ba51e6b47f3c9f222919b7118a5af3280","1bd40080f1ea537b3c73c838dc98ff84940f1064f4e1c4dbfb2dd5063d999bdb","benchmarks/stage5/documentation_fix_release_20261001/fastphylosig_0.3.0.tar.gz","909b7ad27485dcc2d96a7bb1fc70b65b54e93245d75761aca406b9c52f06cbff","2.5.2",0.052990198135376,0.0985817309548072,"ok",TRUE,,"",
"20261001T112848Z","lambda_none_n0500_r10","reference","lambda","phytools::phylosig","none",0,500,10,500,500,0,500,500,20761014,70270914,20761928,"reference",1,FALSE,FALSE,TRUE,"Sys.time",1,"599f0502a6aa2a62eb84f8fd611550481bbf440ee93c7040d48b2f1a2a10ed22","cb09dd98c04a03663cf52e60764fa4205dcee11e520c392383b7d4265c2a6fa0","957d3ed81c7ad0d9dfede9ecf77f13831a6d5e82ebb07606a879b0cd33a67bad","957d3ed81c7ad0d9dfede9ecf77f13831a6d5e82ebb07606a879b0cd33a67bad","6b4bb383911989b22ab254bb5316307010f244999966933f5bd5fc86131a0e00","ab425b0d1268699214fdceecaecbc8fa25cd9e8460d261b91dd4fe102dd78ff0","0.3.0","isolated_release_library/fastphylosig","d951ecee19c06f3a144ad76c5039302078747585bb3bf829e6f12db15f54775d","isolated_release_library/fastphylosig/libs/<platform>/fastphylosig","c46a5834babd455b546bc65c6549c42ba51e6b47f3c9f222919b7118a5af3280","1bd40080f1ea537b3c73c838dc98ff84940f1064f4e1c4dbfb2dd5063d999bdb","benchmarks/stage5/documentation_fix_release_20261001/fastphylosig_0.3.0.tar.gz","909b7ad27485dcc2d96a7bb1fc70b65b54e93245d75761aca406b9c52f06cbff","2.5.2",10.7964041233063,7.33137435857406e-05,"ok",TRUE,,"",
"20261001T112848Z","lambda_none_n0500_r10","fastphylosig","lambda","phytools::phylosig","none",0,500,10,500,500,0,,,20761014,70270914,20761928,"reference",2,FALSE,FALSE,TRUE,"Sys.time",1,"599f0502a6aa2a62eb84f8fd611550481bbf440ee93c7040d48b2f1a2a10ed22","cb09dd98c04a03663cf52e60764fa4205dcee11e520c392383b7d4265c2a6fa0","957d3ed81c7ad0d9dfede9ecf77f13831a6d5e82ebb07606a879b0cd33a67bad","957d3ed81c7ad0d9dfede9ecf77f13831a6d5e82ebb07606a879b0cd33a67bad","6b4bb383911989b22ab254bb5316307010f244999966933f5bd5fc86131a0e00","ab425b0d1268699214fdceecaecbc8fa25cd9e8460d261b91dd4fe102dd78ff0","0.3.0","isolated_release_library/fastphylosig","d951ecee19c06f3a144ad76c5039302078747585bb3bf829e6f12db15f54775d","isolated_release_library/fastphylosig/libs/<platform>/fastphylosig","c46a5834babd455b546bc65c6549c42ba51e6b47f3c9f222919b7118a5af3280","1bd40080f1ea537b3c73c838dc98ff84940f1064f4e1c4dbfb2dd5063d999bdb","benchmarks/stage5/documentation_fix_release_20261001/fastphylosig_0.3.0.tar.gz","909b7ad27485dcc2d96a7bb1fc70b65b54e93245d75761aca406b9c52f06cbff","2.5.2",0.0106351375579834,6.6106961351896e-05,"ok",TRUE,,"",
"20261001T112848Z","K_moderate_n0500_r10","reference","K","phytools::phylosig","moderate",0.5,500,10,500,500,0,500,500,20761014,70270914,20761936,"reference",1,FALSE,,TRUE,"Sys.time",1,"599f0502a6aa2a62eb84f8fd611550481bbf440ee93c7040d48b2f1a2a10ed22","cb09dd98c04a03663cf52e60764fa4205dcee11e520c392383b7d4265c2a6fa0","957d3ed81c7ad0d9dfede9ecf77f13831a6d5e82ebb07606a879b0cd33a67bad","30c31cf12506bd8ef46ab66eee09a73ea1dad914b777b547305801724384ae41","9d0e57af1c088d47db1e58d9a90a4ba7d9bd068fcfd4859a69046b7cce965806","ab425b0d1268699214fdceecaecbc8fa25cd9e8460d261b91dd4fe102dd78ff0","0.3.0","isolated_release_library/fastphylosig","d951ecee19c06f3a144ad76c5039302078747585bb3bf829e6f12db15f54775d","isolated_release_library/fastphylosig/libs/<platform>/fastphylosig","c46a5834babd455b546bc65c6549c42ba51e6b47f3c9f222919b7118a5af3280","1bd40080f1ea537b3c73c838dc98ff84940f1064f4e1c4dbfb2dd5063d999bdb","benchmarks/stage5/documentation_fix_release_20261001/fastphylosig_0.3.0.tar.gz","909b7ad27485dcc2d96a7bb1fc70b65b54e93245d75761aca406b9c52f06cbff","2.5.2",0.0509850978851318,0.253905000090957,"ok",TRUE,,"",
"20261001T112848Z","K_moderate_n0500_r10","fastphylosig","K","phytools::phylosig","moderate",0.5,500,10,500,500,0,,,20761014,70270914,20761936,"reference",2,FALSE,,TRUE,"Sys.time",1,"599f0502a6aa2a62eb84f8fd611550481bbf440ee93c7040d48b2f1a2a10ed22","cb09dd98c04a03663cf52e60764fa4205dcee11e520c392383b7d4265c2a6fa0","957d3ed81c7ad0d9dfede9ecf77f13831a6d5e82ebb07606a879b0cd33a67bad","30c31cf12506bd8ef46ab66eee09a73ea1dad914b777b547305801724384ae41","9d0e57af1c088d47db1e58d9a90a4ba7d9bd068fcfd4859a69046b7cce965806","ab425b0d1268699214fdceecaecbc8fa25cd9e8460d261b91dd4fe102dd78ff0","0.3.0","isolated_release_library/fastphylosig","d951ecee19c06f3a144ad76c5039302078747585bb3bf829e6f12db15f54775d","isolated_release_library/fastphylosig/libs/<platform>/fastphylosig","c46a5834babd455b546bc65c6549c42ba51e6b47f3c9f222919b7118a5af3280","1bd40080f1ea537b3c73c838dc98ff84940f1064f4e1c4dbfb2dd5063d999bdb","benchmarks/stage5/documentation_fix_release_20261001/fastphylosig_0.3.0.tar.gz","909b7ad27485dcc2d96a7bb1fc70b65b54e93245d75761aca406b9c52f06cbff","2.5.2",0.00729608535766602,0.253905000090959,"ok",TRUE,,"",
"20261001T112848Z","lambda_moderate_n0500_r10","fastphylosig","lambda","phytools::phylosig","moderate",0.5,500,10,500,500,0,,,20761014,70270914,20761938,"fastphylosig",1,FALSE,FALSE,TRUE,"Sys.time",1,"599f0502a6aa2a62eb84f8fd611550481bbf440ee93c7040d48b2f1a2a10ed22","cb09dd98c04a03663cf52e60764fa4205dcee11e520c392383b7d4265c2a6fa0","957d3ed81c7ad0d9dfede9ecf77f13831a6d5e82ebb07606a879b0cd33a67bad","30c31cf12506bd8ef46ab66eee09a73ea1dad914b777b547305801724384ae41","9d0e57af1c088d47db1e58d9a90a4ba7d9bd068fcfd4859a69046b7cce965806","ab425b0d1268699214fdceecaecbc8fa25cd9e8460d261b91dd4fe102dd78ff0","0.3.0","isolated_release_library/fastphylosig","d951ecee19c06f3a144ad76c5039302078747585bb3bf829e6f12db15f54775d","isolated_release_library/fastphylosig/libs/<platform>/fastphylosig","c46a5834babd455b546bc65c6549c42ba51e6b47f3c9f222919b7118a5af3280","1bd40080f1ea537b3c73c838dc98ff84940f1064f4e1c4dbfb2dd5063d999bdb","benchmarks/stage5/documentation_fix_release_20261001/fastphylosig_0.3.0.tar.gz","909b7ad27485dcc2d96a7bb1fc70b65b54e93245d75761aca406b9c52f06cbff","2.5.2",0.00870990753173828,0.481595410415387,"ok",TRUE,,"",
"20261001T112848Z","lambda_moderate_n0500_r10","reference","lambda","phytools::phylosig","moderate",0.5,500,10,500,500,0,500,500,20761014,70270914,20761938,"fastphylosig",2,FALSE,FALSE,TRUE,"Sys.time",1,"599f0502a6aa2a62eb84f8fd611550481bbf440ee93c7040d48b2f1a2a10ed22","cb09dd98c04a03663cf52e60764fa4205dcee11e520c392383b7d4265c2a6fa0","957d3ed81c7ad0d9dfede9ecf77f13831a6d5e82ebb07606a879b0cd33a67bad","30c31cf12506bd8ef46ab66eee09a73ea1dad914b777b547305801724384ae41","9d0e57af1c088d47db1e58d9a90a4ba7d9bd068fcfd4859a69046b7cce965806","ab425b0d1268699214fdceecaecbc8fa25cd9e8460d261b91dd4fe102dd78ff0","0.3.0","isolated_release_library/fastphylosig","d951ecee19c06f3a144ad76c5039302078747585bb3bf829e6f12db15f54775d","isolated_release_library/fastphylosig/libs/<platform>/fastphylosig","c46a5834babd455b546bc65c6549c42ba51e6b47f3c9f222919b7118a5af3280","1bd40080f1ea537b3c73c838dc98ff84940f1064f4e1c4dbfb2dd5063d999bdb","benchmarks/stage5/documentation_fix_release_20261001/fastphylosig_0.3.0.tar.gz","909b7ad27485dcc2d96a7bb1fc70b65b54e93245d75761aca406b9c52f06cbff","2.5.2",10.2368650436401,0.48160490756759,"ok",TRUE,,"",
"20261001T112848Z","K_strong_n0500_r10","fastphylosig","K","phytools::phylosig","strong",0.95,500,10,500,500,0,,,20761014,70270914,20761946,"fastphylosig",1,FALSE,,TRUE,"Sys.time",1,"599f0502a6aa2a62eb84f8fd611550481bbf440ee93c7040d48b2f1a2a10ed22","cb09dd98c04a03663cf52e60764fa4205dcee11e520c392383b7d4265c2a6fa0","957d3ed81c7ad0d9dfede9ecf77f13831a6d5e82ebb07606a879b0cd33a67bad","426fcb0fa7282cc7c006bac6eaca99bee1d118827e2e487c113c435d9973022e","296d9361fb6e509830c56e750df4ce004b1f9548e73aadfa3497953dae4f220c","ab425b0d1268699214fdceecaecbc8fa25cd9e8460d261b91dd4fe102dd78ff0","0.3.0","isolated_release_library/fastphylosig","d951ecee19c06f3a144ad76c5039302078747585bb3bf829e6f12db15f54775d","isolated_release_library/fastphylosig/libs/<platform>/fastphylosig","c46a5834babd455b546bc65c6549c42ba51e6b47f3c9f222919b7118a5af3280","1bd40080f1ea537b3c73c838dc98ff84940f1064f4e1c4dbfb2dd5063d999bdb","benchmarks/stage5/documentation_fix_release_20261001/fastphylosig_0.3.0.tar.gz","909b7ad27485dcc2d96a7bb1fc70b65b54e93245d75761aca406b9c52f06cbff","2.5.2",0.00731205940246582,1.46838676043826,"ok",TRUE,,"",
"20261001T112848Z","K_strong_n0500_r10","reference","K","phytools::phylosig","strong",0.95,500,10,500,500,0,500,500,20761014,70270914,20761946,"fastphylosig",2,FALSE,,TRUE,"Sys.time",1,"599f0502a6aa2a62eb84f8fd611550481bbf440ee93c7040d48b2f1a2a10ed22","cb09dd98c04a03663cf52e60764fa4205dcee11e520c392383b7d4265c2a6fa0","957d3ed81c7ad0d9dfede9ecf77f13831a6d5e82ebb07606a879b0cd33a67bad","426fcb0fa7282cc7c006bac6eaca99bee1d118827e2e487c113c435d9973022e","296d9361fb6e509830c56e750df4ce004b1f9548e73aadfa3497953dae4f220c","ab425b0d1268699214fdceecaecbc8fa25cd9e8460d261b91dd4fe102dd78ff0","0.3.0","isolated_release_library/fastphylosig","d951ecee19c06f3a144ad76c5039302078747585bb3bf829e6f12db15f54775d","isolated_release_library/fastphylosig/libs/<platform>/fastphylosig","c46a5834babd455b546bc65c6549c42ba51e6b47f3c9f222919b7118a5af3280","1bd40080f1ea537b3c73c838dc98ff84940f1064f4e1c4dbfb2dd5063d999bdb","benchmarks/stage5/documentation_fix_release_20261001/fastphylosig_0.3.0.tar.gz","909b7ad27485dcc2d96a7bb1fc70b65b54e93245d75761aca406b9c52f06cbff","2.5.2",0.0503549575805664,1.46838676043825,"ok",TRUE,,"",
"20261001T112848Z","lambda_strong_n0500_r10","reference","lambda","phytools::phylosig","strong",0.95,500,10,500,500,0,500,500,20761014,70270914,20761948,"reference",1,FALSE,FALSE,TRUE,"Sys.time",1,"599f0502a6aa2a62eb84f8fd611550481bbf440ee93c7040d48b2f1a2a10ed22","cb09dd98c04a03663cf52e60764fa4205dcee11e520c392383b7d4265c2a6fa0","957d3ed81c7ad0d9dfede9ecf77f13831a6d5e82ebb07606a879b0cd33a67bad","426fcb0fa7282cc7c006bac6eaca99bee1d118827e2e487c113c435d9973022e","296d9361fb6e509830c56e750df4ce004b1f9548e73aadfa3497953dae4f220c","ab425b0d1268699214fdceecaecbc8fa25cd9e8460d261b91dd4fe102dd78ff0","0.3.0","isolated_release_library/fastphylosig","d951ecee19c06f3a144ad76c5039302078747585bb3bf829e6f12db15f54775d","isolated_release_library/fastphylosig/libs/<platform>/fastphylosig","c46a5834babd455b546bc65c6549c42ba51e6b47f3c9f222919b7118a5af3280","1bd40080f1ea537b3c73c838dc98ff84940f1064f4e1c4dbfb2dd5063d999bdb","benchmarks/stage5/documentation_fix_release_20261001/fastphylosig_0.3.0.tar.gz","909b7ad27485dcc2d96a7bb1fc70b65b54e93245d75761aca406b9c52f06cbff","2.5.2",10.1520519256592,0.936223620400036,"ok",TRUE,,"",
"20261001T112848Z","lambda_strong_n0500_r10","fastphylosig","lambda","phytools::phylosig","strong",0.95,500,10,500,500,0,,,20761014,70270914,20761948,"reference",2,FALSE,FALSE,TRUE,"Sys.time",1,"599f0502a6aa2a62eb84f8fd611550481bbf440ee93c7040d48b2f1a2a10ed22","cb09dd98c04a03663cf52e60764fa4205dcee11e520c392383b7d4265c2a6fa0","957d3ed81c7ad0d9dfede9ecf77f13831a6d5e82ebb07606a879b0cd33a67bad","426fcb0fa7282cc7c006bac6eaca99bee1d118827e2e487c113c435d9973022e","296d9361fb6e509830c56e750df4ce004b1f9548e73aadfa3497953dae4f220c","ab425b0d1268699214fdceecaecbc8fa25cd9e8460d261b91dd4fe102dd78ff0","0.3.0","isolated_release_library/fastphylosig","d951ecee19c06f3a144ad76c5039302078747585bb3bf829e6f12db15f54775d","isolated_release_library/fastphylosig/libs/<platform>/fastphylosig","c46a5834babd455b546bc65c6549c42ba51e6b47f3c9f222919b7118a5af3280","1bd40080f1ea537b3c73c838dc98ff84940f1064f4e1c4dbfb2dd5063d999bdb","benchmarks/stage5/documentation_fix_release_20261001/fastphylosig_0.3.0.tar.gz","909b7ad27485dcc2d96a7bb1fc70b65b54e93245d75761aca406b9c52f06cbff","2.5.2",0.0100240707397461,0.936242351185081,"ok",TRUE,,"",
"20261001T112848Z","K_none_n2000_r01","reference","K","phytools::phylosig","none",0,2000,1,2000,2000,0,2000,2000,22260924,220261914,22261026,"reference",1,FALSE,,TRUE,"Sys.time",1,"da17cdfefce8d75ad68fa393df4de9727c65fa6e60c5b388cf72bfcaf1cf31ed","32f0535d1f5632dca92c290f0807fedcc8d0f9f5e979695219f24d98c5032bfc","5151ee177ffae5b69713c2c80d1ab1cdab7a739201bdc1ffa84426c6f2866d3c","5151ee177ffae5b69713c2c80d1ab1cdab7a739201bdc1ffa84426c6f2866d3c","749c8585ef7f7022ca0b59ae15a0e0d757ceb8b91afab489c020b37a2ddc59fd","7584bf4876eb80b56ba99304f6658c4c3320695b96fea9d9c84a2326b7fcf43d","0.3.0","isolated_release_library/fastphylosig","d951ecee19c06f3a144ad76c5039302078747585bb3bf829e6f12db15f54775d","isolated_release_library/fastphylosig/libs/<platform>/fastphylosig","c46a5834babd455b546bc65c6549c42ba51e6b47f3c9f222919b7118a5af3280","1bd40080f1ea537b3c73c838dc98ff84940f1064f4e1c4dbfb2dd5063d999bdb","benchmarks/stage5/documentation_fix_release_20261001/fastphylosig_0.3.0.tar.gz","909b7ad27485dcc2d96a7bb1fc70b65b54e93245d75761aca406b9c52f06cbff","2.5.2",3.34961795806885,0.106648586068836,"ok",TRUE,,"",
"20261001T112848Z","K_none_n2000_r01","fastphylosig","K","phytools::phylosig","none",0,2000,1,2000,2000,0,,,22260924,220261914,22261026,"reference",2,FALSE,,TRUE,"Sys.time",1,"da17cdfefce8d75ad68fa393df4de9727c65fa6e60c5b388cf72bfcaf1cf31ed","32f0535d1f5632dca92c290f0807fedcc8d0f9f5e979695219f24d98c5032bfc","5151ee177ffae5b69713c2c80d1ab1cdab7a739201bdc1ffa84426c6f2866d3c","5151ee177ffae5b69713c2c80d1ab1cdab7a739201bdc1ffa84426c6f2866d3c","749c8585ef7f7022ca0b59ae15a0e0d757ceb8b91afab489c020b37a2ddc59fd","7584bf4876eb80b56ba99304f6658c4c3320695b96fea9d9c84a2326b7fcf43d","0.3.0","isolated_release_library/fastphylosig","d951ecee19c06f3a144ad76c5039302078747585bb3bf829e6f12db15f54775d","isolated_release_library/fastphylosig/libs/<platform>/fastphylosig","c46a5834babd455b546bc65c6549c42ba51e6b47f3c9f222919b7118a5af3280","1bd40080f1ea537b3c73c838dc98ff84940f1064f4e1c4dbfb2dd5063d999bdb","benchmarks/stage5/documentation_fix_release_20261001/fastphylosig_0.3.0.tar.gz","909b7ad27485dcc2d96a7bb1fc70b65b54e93245d75761aca406b9c52f06cbff","2.5.2",0.0246450901031494,0.106648586068836,"ok",TRUE,,"",
"20261001T112848Z","lambda_none_n2000_r01","fastphylosig","lambda","phytools::phylosig","none",0,2000,1,2000,2000,0,,,22260924,220261914,22261028,"fastphylosig",1,FALSE,FALSE,TRUE,"Sys.time",1,"da17cdfefce8d75ad68fa393df4de9727c65fa6e60c5b388cf72bfcaf1cf31ed","32f0535d1f5632dca92c290f0807fedcc8d0f9f5e979695219f24d98c5032bfc","5151ee177ffae5b69713c2c80d1ab1cdab7a739201bdc1ffa84426c6f2866d3c","5151ee177ffae5b69713c2c80d1ab1cdab7a739201bdc1ffa84426c6f2866d3c","749c8585ef7f7022ca0b59ae15a0e0d757ceb8b91afab489c020b37a2ddc59fd","7584bf4876eb80b56ba99304f6658c4c3320695b96fea9d9c84a2326b7fcf43d","0.3.0","isolated_release_library/fastphylosig","d951ecee19c06f3a144ad76c5039302078747585bb3bf829e6f12db15f54775d","isolated_release_library/fastphylosig/libs/<platform>/fastphylosig","c46a5834babd455b546bc65c6549c42ba51e6b47f3c9f222919b7118a5af3280","1bd40080f1ea537b3c73c838dc98ff84940f1064f4e1c4dbfb2dd5063d999bdb","benchmarks/stage5/documentation_fix_release_20261001/fastphylosig_0.3.0.tar.gz","909b7ad27485dcc2d96a7bb1fc70b65b54e93245d75761aca406b9c52f06cbff","2.5.2",0.0313689708709717,6.6106961351896e-05,"ok",TRUE,,"",
"20261001T112848Z","lambda_none_n2000_r01","reference","lambda","phytools::phylosig","none",0,2000,1,2000,2000,0,2000,2000,22260924,220261914,22261028,"fastphylosig",2,FALSE,FALSE,TRUE,"Sys.time",1,"da17cdfefce8d75ad68fa393df4de9727c65fa6e60c5b388cf72bfcaf1cf31ed","32f0535d1f5632dca92c290f0807fedcc8d0f9f5e979695219f24d98c5032bfc","5151ee177ffae5b69713c2c80d1ab1cdab7a739201bdc1ffa84426c6f2866d3c","5151ee177ffae5b69713c2c80d1ab1cdab7a739201bdc1ffa84426c6f2866d3c","749c8585ef7f7022ca0b59ae15a0e0d757ceb8b91afab489c020b37a2ddc59fd","7584bf4876eb80b56ba99304f6658c4c3320695b96fea9d9c84a2326b7fcf43d","0.3.0","isolated_release_library/fastphylosig","d951ecee19c06f3a144ad76c5039302078747585bb3bf829e6f12db15f54775d","isolated_release_library/fastphylosig/libs/<platform>/fastphylosig","c46a5834babd455b546bc65c6549c42ba51e6b47f3c9f222919b7118a5af3280","1bd40080f1ea537b3c73c838dc98ff84940f1064f4e1c4dbfb2dd5063d999bdb","benchmarks/stage5/documentation_fix_release_20261001/fastphylosig_0.3.0.tar.gz","909b7ad27485dcc2d96a7bb1fc70b65b54e93245d75761aca406b9c52f06cbff","2.5.2",701.828909873962,7.33137435857406e-05,"ok",TRUE,,"",
"20261001T112848Z","K_moderate_n2000_r01","fastphylosig","K","phytools::phylosig","moderate",0.5,2000,1,2000,2000,0,,,22260924,220261914,22261036,"fastphylosig",1,FALSE,,TRUE,"Sys.time",1,"da17cdfefce8d75ad68fa393df4de9727c65fa6e60c5b388cf72bfcaf1cf31ed","32f0535d1f5632dca92c290f0807fedcc8d0f9f5e979695219f24d98c5032bfc","5151ee177ffae5b69713c2c80d1ab1cdab7a739201bdc1ffa84426c6f2866d3c","886c92095e7b3c5d3c579734ea07ad85a7c856843cfd3be87b5d4e7864078840","1440dea433d8ac53af84c7710cfb08bafe85a3c6b51669a75c7deecb953aedad","7584bf4876eb80b56ba99304f6658c4c3320695b96fea9d9c84a2326b7fcf43d","0.3.0","isolated_release_library/fastphylosig","d951ecee19c06f3a144ad76c5039302078747585bb3bf829e6f12db15f54775d","isolated_release_library/fastphylosig/libs/<platform>/fastphylosig","c46a5834babd455b546bc65c6549c42ba51e6b47f3c9f222919b7118a5af3280","1bd40080f1ea537b3c73c838dc98ff84940f1064f4e1c4dbfb2dd5063d999bdb","benchmarks/stage5/documentation_fix_release_20261001/fastphylosig_0.3.0.tar.gz","909b7ad27485dcc2d96a7bb1fc70b65b54e93245d75761aca406b9c52f06cbff","2.5.2",0.0208859443664551,0.194716227948671,"ok",TRUE,,"",
"20261001T112848Z","K_moderate_n2000_r01","reference","K","phytools::phylosig","moderate",0.5,2000,1,2000,2000,0,2000,2000,22260924,220261914,22261036,"fastphylosig",2,FALSE,,TRUE,"Sys.time",1,"da17cdfefce8d75ad68fa393df4de9727c65fa6e60c5b388cf72bfcaf1cf31ed","32f0535d1f5632dca92c290f0807fedcc8d0f9f5e979695219f24d98c5032bfc","5151ee177ffae5b69713c2c80d1ab1cdab7a739201bdc1ffa84426c6f2866d3c","886c92095e7b3c5d3c579734ea07ad85a7c856843cfd3be87b5d4e7864078840","1440dea433d8ac53af84c7710cfb08bafe85a3c6b51669a75c7deecb953aedad","7584bf4876eb80b56ba99304f6658c4c3320695b96fea9d9c84a2326b7fcf43d","0.3.0","isolated_release_library/fastphylosig","d951ecee19c06f3a144ad76c5039302078747585bb3bf829e6f12db15f54775d","isolated_release_library/fastphylosig/libs/<platform>/fastphylosig","c46a5834babd455b546bc65c6549c42ba51e6b47f3c9f222919b7118a5af3280","1bd40080f1ea537b3c73c838dc98ff84940f1064f4e1c4dbfb2dd5063d999bdb","benchmarks/stage5/documentation_fix_release_20261001/fastphylosig_0.3.0.tar.gz","909b7ad27485dcc2d96a7bb1fc70b65b54e93245d75761aca406b9c52f06cbff","2.5.2",3.476637840271,0.194716227948642,"ok",TRUE,,"",
"20261001T112848Z","lambda_moderate_n2000_r01","reference","lambda","phytools::phylosig","moderate",0.5,2000,1,2000,2000,0,2000,2000,22260924,220261914,22261038,"reference",1,FALSE,FALSE,TRUE,"Sys.time",1,"da17cdfefce8d75ad68fa393df4de9727c65fa6e60c5b388cf72bfcaf1cf31ed","32f0535d1f5632dca92c290f0807fedcc8d0f9f5e979695219f24d98c5032bfc","5151ee177ffae5b69713c2c80d1ab1cdab7a739201bdc1ffa84426c6f2866d3c","886c92095e7b3c5d3c579734ea07ad85a7c856843cfd3be87b5d4e7864078840","1440dea433d8ac53af84c7710cfb08bafe85a3c6b51669a75c7deecb953aedad","7584bf4876eb80b56ba99304f6658c4c3320695b96fea9d9c84a2326b7fcf43d","0.3.0","isolated_release_library/fastphylosig","d951ecee19c06f3a144ad76c5039302078747585bb3bf829e6f12db15f54775d","isolated_release_library/fastphylosig/libs/<platform>/fastphylosig","c46a5834babd455b546bc65c6549c42ba51e6b47f3c9f222919b7118a5af3280","1bd40080f1ea537b3c73c838dc98ff84940f1064f4e1c4dbfb2dd5063d999bdb","benchmarks/stage5/documentation_fix_release_20261001/fastphylosig_0.3.0.tar.gz","909b7ad27485dcc2d96a7bb1fc70b65b54e93245d75761aca406b9c52f06cbff","2.5.2",660.104920864105,0.544303189840505,"ok",TRUE,,"",
"20261001T112848Z","lambda_moderate_n2000_r01","fastphylosig","lambda","phytools::phylosig","moderate",0.5,2000,1,2000,2000,0,,,22260924,220261914,22261038,"reference",2,FALSE,FALSE,TRUE,"Sys.time",1,"da17cdfefce8d75ad68fa393df4de9727c65fa6e60c5b388cf72bfcaf1cf31ed","32f0535d1f5632dca92c290f0807fedcc8d0f9f5e979695219f24d98c5032bfc","5151ee177ffae5b69713c2c80d1ab1cdab7a739201bdc1ffa84426c6f2866d3c","886c92095e7b3c5d3c579734ea07ad85a7c856843cfd3be87b5d4e7864078840","1440dea433d8ac53af84c7710cfb08bafe85a3c6b51669a75c7deecb953aedad","7584bf4876eb80b56ba99304f6658c4c3320695b96fea9d9c84a2326b7fcf43d","0.3.0","isolated_release_library/fastphylosig","d951ecee19c06f3a144ad76c5039302078747585bb3bf829e6f12db15f54775d","isolated_release_library/fastphylosig/libs/<platform>/fastphylosig","c46a5834babd455b546bc65c6549c42ba51e6b47f3c9f222919b7118a5af3280","1bd40080f1ea537b3c73c838dc98ff84940f1064f4e1c4dbfb2dd5063d999bdb","benchmarks/stage5/documentation_fix_release_20261001/fastphylosig_0.3.0.tar.gz","909b7ad27485dcc2d96a7bb1fc70b65b54e93245d75761aca406b9c52f06cbff","2.5.2",0.0275299549102783,0.54429066622359,"ok",TRUE,,"",
"20261001T112848Z","K_strong_n2000_r01","reference","K","phytools::phylosig","strong",0.95,2000,1,2000,2000,0,2000,2000,22260924,220261914,22261046,"reference",1,FALSE,,TRUE,"Sys.time",1,"da17cdfefce8d75ad68fa393df4de9727c65fa6e60c5b388cf72bfcaf1cf31ed","32f0535d1f5632dca92c290f0807fedcc8d0f9f5e979695219f24d98c5032bfc","5151ee177ffae5b69713c2c80d1ab1cdab7a739201bdc1ffa84426c6f2866d3c","61a5018301f0b566bae7f7e48987d7f2694d4ef18214c1e2ab741b931357ebd9","7d8d721cd6e5ff2d89ebe3b52f706d7bdff395da6b0f97eb9aa1df4669cd03bc","7584bf4876eb80b56ba99304f6658c4c3320695b96fea9d9c84a2326b7fcf43d","0.3.0","isolated_release_library/fastphylosig","d951ecee19c06f3a144ad76c5039302078747585bb3bf829e6f12db15f54775d","isolated_release_library/fastphylosig/libs/<platform>/fastphylosig","c46a5834babd455b546bc65c6549c42ba51e6b47f3c9f222919b7118a5af3280","1bd40080f1ea537b3c73c838dc98ff84940f1064f4e1c4dbfb2dd5063d999bdb","benchmarks/stage5/documentation_fix_release_20261001/fastphylosig_0.3.0.tar.gz","909b7ad27485dcc2d96a7bb1fc70b65b54e93245d75761aca406b9c52f06cbff","2.5.2",3.42365598678589,0.65403814428456,"ok",TRUE,,"",
"20261001T112848Z","K_strong_n2000_r01","fastphylosig","K","phytools::phylosig","strong",0.95,2000,1,2000,2000,0,,,22260924,220261914,22261046,"reference",2,FALSE,,TRUE,"Sys.time",1,"da17cdfefce8d75ad68fa393df4de9727c65fa6e60c5b388cf72bfcaf1cf31ed","32f0535d1f5632dca92c290f0807fedcc8d0f9f5e979695219f24d98c5032bfc","5151ee177ffae5b69713c2c80d1ab1cdab7a739201bdc1ffa84426c6f2866d3c","61a5018301f0b566bae7f7e48987d7f2694d4ef18214c1e2ab741b931357ebd9","7d8d721cd6e5ff2d89ebe3b52f706d7bdff395da6b0f97eb9aa1df4669cd03bc","7584bf4876eb80b56ba99304f6658c4c3320695b96fea9d9c84a2326b7fcf43d","0.3.0","isolated_release_library/fastphylosig","d951ecee19c06f3a144ad76c5039302078747585bb3bf829e6f12db15f54775d","isolated_release_library/fastphylosig/libs/<platform>/fastphylosig","c46a5834babd455b546bc65c6549c42ba51e6b47f3c9f222919b7118a5af3280","1bd40080f1ea537b3c73c838dc98ff84940f1064f4e1c4dbfb2dd5063d999bdb","benchmarks/stage5/documentation_fix_release_20261001/fastphylosig_0.3.0.tar.gz","909b7ad27485dcc2d96a7bb1fc70b65b54e93245d75761aca406b9c52f06cbff","2.5.2",0.0213429927825928,0.654038144284544,"ok",TRUE,,"",
"20261001T112848Z","lambda_strong_n2000_r01","fastphylosig","lambda","phytools::phylosig","strong",0.95,2000,1,2000,2000,0,,,22260924,220261914,22261048,"fastphylosig",1,FALSE,FALSE,TRUE,"Sys.time",1,"da17cdfefce8d75ad68fa393df4de9727c65fa6e60c5b388cf72bfcaf1cf31ed","32f0535d1f5632dca92c290f0807fedcc8d0f9f5e979695219f24d98c5032bfc","5151ee177ffae5b69713c2c80d1ab1cdab7a739201bdc1ffa84426c6f2866d3c","61a5018301f0b566bae7f7e48987d7f2694d4ef18214c1e2ab741b931357ebd9","7d8d721cd6e5ff2d89ebe3b52f706d7bdff395da6b0f97eb9aa1df4669cd03bc","7584bf4876eb80b56ba99304f6658c4c3320695b96fea9d9c84a2326b7fcf43d","0.3.0","isolated_release_library/fastphylosig","d951ecee19c06f3a144ad76c5039302078747585bb3bf829e6f12db15f54775d","isolated_release_library/fastphylosig/libs/<platform>/fastphylosig","c46a5834babd455b546bc65c6549c42ba51e6b47f3c9f222919b7118a5af3280","1bd40080f1ea537b3c73c838dc98ff84940f1064f4e1c4dbfb2dd5063d999bdb","benchmarks/stage5/documentation_fix_release_20261001/fastphylosig_0.3.0.tar.gz","909b7ad27485dcc2d96a7bb1fc70b65b54e93245d75761aca406b9c52f06cbff","2.5.2",0.0294921398162842,0.967316621229588,"ok",TRUE,,"",
"20261001T112848Z","lambda_strong_n2000_r01","reference","lambda","phytools::phylosig","strong",0.95,2000,1,2000,2000,0,2000,2000,22260924,220261914,22261048,"fastphylosig",2,FALSE,FALSE,TRUE,"Sys.time",1,"da17cdfefce8d75ad68fa393df4de9727c65fa6e60c5b388cf72bfcaf1cf31ed","32f0535d1f5632dca92c290f0807fedcc8d0f9f5e979695219f24d98c5032bfc","5151ee177ffae5b69713c2c80d1ab1cdab7a739201bdc1ffa84426c6f2866d3c","61a5018301f0b566bae7f7e48987d7f2694d4ef18214c1e2ab741b931357ebd9","7d8d721cd6e5ff2d89ebe3b52f706d7bdff395da6b0f97eb9aa1df4669cd03bc","7584bf4876eb80b56ba99304f6658c4c3320695b96fea9d9c84a2326b7fcf43d","0.3.0","isolated_release_library/fastphylosig","d951ecee19c06f3a144ad76c5039302078747585bb3bf829e6f12db15f54775d","isolated_release_library/fastphylosig/libs/<platform>/fastphylosig","c46a5834babd455b546bc65c6549c42ba51e6b47f3c9f222919b7118a5af3280","1bd40080f1ea537b3c73c838dc98ff84940f1064f4e1c4dbfb2dd5063d999bdb","benchmarks/stage5/documentation_fix_release_20261001/fastphylosig_0.3.0.tar.gz","909b7ad27485dcc2d96a7bb1fc70b65b54e93245d75761aca406b9c52f06cbff","2.5.2",671.82423210144,0.967316274603728,"ok",TRUE,,"",
"20261001T112848Z","K_none_n2000_r02","fastphylosig","K","phytools::phylosig","none",0,2000,2,2000,2000,0,,,22260934,220262914,22261126,"fastphylosig",1,FALSE,,TRUE,"Sys.time",1,"477cc06800ff02de01520338df0907b576916da5d91316e76a258b7efbcd6d04","8ba6e57bd1a8dedeb6e8e50fe27ef10098c0424e496228a3636f38801ded7fef","eb10fa05a2d32c6c7b96132925a4810b1a928425d931a2d3bd791573edf5a502","eb10fa05a2d32c6c7b96132925a4810b1a928425d931a2d3bd791573edf5a502","ed4ae839bbb8d6d59fb1751104331cbc8d5d15cecb9e9e8f709031fa9782445a","329dda519ae06d94720bf2d76515d8a9e702b89a41c1b78f30cf78f04fb70d69","0.3.0","isolated_release_library/fastphylosig","d951ecee19c06f3a144ad76c5039302078747585bb3bf829e6f12db15f54775d","isolated_release_library/fastphylosig/libs/<platform>/fastphylosig","c46a5834babd455b546bc65c6549c42ba51e6b47f3c9f222919b7118a5af3280","1bd40080f1ea537b3c73c838dc98ff84940f1064f4e1c4dbfb2dd5063d999bdb","benchmarks/stage5/documentation_fix_release_20261001/fastphylosig_0.3.0.tar.gz","909b7ad27485dcc2d96a7bb1fc70b65b54e93245d75761aca406b9c52f06cbff","2.5.2",0.0249550342559814,0.0982990049134862,"ok",TRUE,,"",
"20261001T112848Z","K_none_n2000_r02","reference","K","phytools::phylosig","none",0,2000,2,2000,2000,0,2000,2000,22260934,220262914,22261126,"fastphylosig",2,FALSE,,TRUE,"Sys.time",1,"477cc06800ff02de01520338df0907b576916da5d91316e76a258b7efbcd6d04","8ba6e57bd1a8dedeb6e8e50fe27ef10098c0424e496228a3636f38801ded7fef","eb10fa05a2d32c6c7b96132925a4810b1a928425d931a2d3bd791573edf5a502","eb10fa05a2d32c6c7b96132925a4810b1a928425d931a2d3bd791573edf5a502","ed4ae839bbb8d6d59fb1751104331cbc8d5d15cecb9e9e8f709031fa9782445a","329dda519ae06d94720bf2d76515d8a9e702b89a41c1b78f30cf78f04fb70d69","0.3.0","isolated_release_library/fastphylosig","d951ecee19c06f3a144ad76c5039302078747585bb3bf829e6f12db15f54775d","isolated_release_library/fastphylosig/libs/<platform>/fastphylosig","c46a5834babd455b546bc65c6549c42ba51e6b47f3c9f222919b7118a5af3280","1bd40080f1ea537b3c73c838dc98ff84940f1064f4e1c4dbfb2dd5063d999bdb","benchmarks/stage5/documentation_fix_release_20261001/fastphylosig_0.3.0.tar.gz","909b7ad27485dcc2d96a7bb1fc70b65b54e93245d75761aca406b9c52f06cbff","2.5.2",3.32544898986816,0.0982990049134844,"ok",TRUE,,"",
"20261001T112848Z","lambda_none_n2000_r02","reference","lambda","phytools::phylosig","none",0,2000,2,2000,2000,0,2000,2000,22260934,220262914,22261128,"reference",1,FALSE,FALSE,TRUE,"Sys.time",1,"477cc06800ff02de01520338df0907b576916da5d91316e76a258b7efbcd6d04","8ba6e57bd1a8dedeb6e8e50fe27ef10098c0424e496228a3636f38801ded7fef","eb10fa05a2d32c6c7b96132925a4810b1a928425d931a2d3bd791573edf5a502","eb10fa05a2d32c6c7b96132925a4810b1a928425d931a2d3bd791573edf5a502","ed4ae839bbb8d6d59fb1751104331cbc8d5d15cecb9e9e8f709031fa9782445a","329dda519ae06d94720bf2d76515d8a9e702b89a41c1b78f30cf78f04fb70d69","0.3.0","isolated_release_library/fastphylosig","d951ecee19c06f3a144ad76c5039302078747585bb3bf829e6f12db15f54775d","isolated_release_library/fastphylosig/libs/<platform>/fastphylosig","c46a5834babd455b546bc65c6549c42ba51e6b47f3c9f222919b7118a5af3280","1bd40080f1ea537b3c73c838dc98ff84940f1064f4e1c4dbfb2dd5063d999bdb","benchmarks/stage5/documentation_fix_release_20261001/fastphylosig_0.3.0.tar.gz","909b7ad27485dcc2d96a7bb1fc70b65b54e93245d75761aca406b9c52f06cbff","2.5.2",674.579397916794,7.33137435857406e-05,"ok",TRUE,,"",
"20261001T112848Z","lambda_none_n2000_r02","fastphylosig","lambda","phytools::phylosig","none",0,2000,2,2000,2000,0,,,22260934,220262914,22261128,"reference",2,FALSE,FALSE,TRUE,"Sys.time",1,"477cc06800ff02de01520338df0907b576916da5d91316e76a258b7efbcd6d04","8ba6e57bd1a8dedeb6e8e50fe27ef10098c0424e496228a3636f38801ded7fef","eb10fa05a2d32c6c7b96132925a4810b1a928425d931a2d3bd791573edf5a502","eb10fa05a2d32c6c7b96132925a4810b1a928425d931a2d3bd791573edf5a502","ed4ae839bbb8d6d59fb1751104331cbc8d5d15cecb9e9e8f709031fa9782445a","329dda519ae06d94720bf2d76515d8a9e702b89a41c1b78f30cf78f04fb70d69","0.3.0","isolated_release_library/fastphylosig","d951ecee19c06f3a144ad76c5039302078747585bb3bf829e6f12db15f54775d","isolated_release_library/fastphylosig/libs/<platform>/fastphylosig","c46a5834babd455b546bc65c6549c42ba51e6b47f3c9f222919b7118a5af3280","1bd40080f1ea537b3c73c838dc98ff84940f1064f4e1c4dbfb2dd5063d999bdb","benchmarks/stage5/documentation_fix_release_20261001/fastphylosig_0.3.0.tar.gz","909b7ad27485dcc2d96a7bb1fc70b65b54e93245d75761aca406b9c52f06cbff","2.5.2",0.0341169834136963,6.6106961351896e-05,"ok",TRUE,,"",
"20261001T112848Z","K_moderate_n2000_r02","reference","K","phytools::phylosig","moderate",0.5,2000,2,2000,2000,0,2000,2000,22260934,220262914,22261136,"reference",1,FALSE,,TRUE,"Sys.time",1,"477cc06800ff02de01520338df0907b576916da5d91316e76a258b7efbcd6d04","8ba6e57bd1a8dedeb6e8e50fe27ef10098c0424e496228a3636f38801ded7fef","eb10fa05a2d32c6c7b96132925a4810b1a928425d931a2d3bd791573edf5a502","787d64006ebfc08d6b55a60c3f67fb05feea2f96b48c9c64bdaff43906720631","aab7ff191903a68fb9e36b35ca3f828945f5fd31a6ea9953231e86ac8c9b0762","329dda519ae06d94720bf2d76515d8a9e702b89a41c1b78f30cf78f04fb70d69","0.3.0","isolated_release_library/fastphylosig","d951ecee19c06f3a144ad76c5039302078747585bb3bf829e6f12db15f54775d","isolated_release_library/fastphylosig/libs/<platform>/fastphylosig","c46a5834babd455b546bc65c6549c42ba51e6b47f3c9f222919b7118a5af3280","1bd40080f1ea537b3c73c838dc98ff84940f1064f4e1c4dbfb2dd5063d999bdb","benchmarks/stage5/documentation_fix_release_20261001/fastphylosig_0.3.0.tar.gz","909b7ad27485dcc2d96a7bb1fc70b65b54e93245d75761aca406b9c52f06cbff","2.5.2",3.61208486557007,0.197240560536794,"ok",TRUE,,"",
"20261001T112848Z","K_moderate_n2000_r02","fastphylosig","K","phytools::phylosig","moderate",0.5,2000,2,2000,2000,0,,,22260934,220262914,22261136,"reference",2,FALSE,,TRUE,"Sys.time",1,"477cc06800ff02de01520338df0907b576916da5d91316e76a258b7efbcd6d04","8ba6e57bd1a8dedeb6e8e50fe27ef10098c0424e496228a3636f38801ded7fef","eb10fa05a2d32c6c7b96132925a4810b1a928425d931a2d3bd791573edf5a502","787d64006ebfc08d6b55a60c3f67fb05feea2f96b48c9c64bdaff43906720631","aab7ff191903a68fb9e36b35ca3f828945f5fd31a6ea9953231e86ac8c9b0762","329dda519ae06d94720bf2d76515d8a9e702b89a41c1b78f30cf78f04fb70d69","0.3.0","isolated_release_library/fastphylosig","d951ecee19c06f3a144ad76c5039302078747585bb3bf829e6f12db15f54775d","isolated_release_library/fastphylosig/libs/<platform>/fastphylosig","c46a5834babd455b546bc65c6549c42ba51e6b47f3c9f222919b7118a5af3280","1bd40080f1ea537b3c73c838dc98ff84940f1064f4e1c4dbfb2dd5063d999bdb","benchmarks/stage5/documentation_fix_release_20261001/fastphylosig_0.3.0.tar.gz","909b7ad27485dcc2d96a7bb1fc70b65b54e93245d75761aca406b9c52f06cbff","2.5.2",0.021291971206665,0.197240560536802,"ok",TRUE,,"",
"20261001T112848Z","lambda_moderate_n2000_r02","fastphylosig","lambda","phytools::phylosig","moderate",0.5,2000,2,2000,2000,0,,,22260934,220262914,22261138,"fastphylosig",1,FALSE,FALSE,TRUE,"Sys.time",1,"477cc06800ff02de01520338df0907b576916da5d91316e76a258b7efbcd6d04","8ba6e57bd1a8dedeb6e8e50fe27ef10098c0424e496228a3636f38801ded7fef","eb10fa05a2d32c6c7b96132925a4810b1a928425d931a2d3bd791573edf5a502","787d64006ebfc08d6b55a60c3f67fb05feea2f96b48c9c64bdaff43906720631","aab7ff191903a68fb9e36b35ca3f828945f5fd31a6ea9953231e86ac8c9b0762","329dda519ae06d94720bf2d76515d8a9e702b89a41c1b78f30cf78f04fb70d69","0.3.0","isolated_release_library/fastphylosig","d951ecee19c06f3a144ad76c5039302078747585bb3bf829e6f12db15f54775d","isolated_release_library/fastphylosig/libs/<platform>/fastphylosig","c46a5834babd455b546bc65c6549c42ba51e6b47f3c9f222919b7118a5af3280","1bd40080f1ea537b3c73c838dc98ff84940f1064f4e1c4dbfb2dd5063d999bdb","benchmarks/stage5/documentation_fix_release_20261001/fastphylosig_0.3.0.tar.gz","909b7ad27485dcc2d96a7bb1fc70b65b54e93245d75761aca406b9c52f06cbff","2.5.2",0.0258429050445557,0.483087263492716,"ok",TRUE,,"",
"20261001T112848Z","lambda_moderate_n2000_r02","reference","lambda","phytools::phylosig","moderate",0.5,2000,2,2000,2000,0,2000,2000,22260934,220262914,22261138,"fastphylosig",2,FALSE,FALSE,TRUE,"Sys.time",1,"477cc06800ff02de01520338df0907b576916da5d91316e76a258b7efbcd6d04","8ba6e57bd1a8dedeb6e8e50fe27ef10098c0424e496228a3636f38801ded7fef","eb10fa05a2d32c6c7b96132925a4810b1a928425d931a2d3bd791573edf5a502","787d64006ebfc08d6b55a60c3f67fb05feea2f96b48c9c64bdaff43906720631","aab7ff191903a68fb9e36b35ca3f828945f5fd31a6ea9953231e86ac8c9b0762","329dda519ae06d94720bf2d76515d8a9e702b89a41c1b78f30cf78f04fb70d69","0.3.0","isolated_release_library/fastphylosig","d951ecee19c06f3a144ad76c5039302078747585bb3bf829e6f12db15f54775d","isolated_release_library/fastphylosig/libs/<platform>/fastphylosig","c46a5834babd455b546bc65c6549c42ba51e6b47f3c9f222919b7118a5af3280","1bd40080f1ea537b3c73c838dc98ff84940f1064f4e1c4dbfb2dd5063d999bdb","benchmarks/stage5/documentation_fix_release_20261001/fastphylosig_0.3.0.tar.gz","909b7ad27485dcc2d96a7bb1fc70b65b54e93245d75761aca406b9c52f06cbff","2.5.2",672.037724971771,0.48311087835233,"ok",TRUE,,"",
"20261001T112848Z","K_strong_n2000_r02","fastphylosig","K","phytools::phylosig","strong",0.95,2000,2,2000,2000,0,,,22260934,220262914,22261146,"fastphylosig",1,FALSE,,TRUE,"Sys.time",1,"477cc06800ff02de01520338df0907b576916da5d91316e76a258b7efbcd6d04","8ba6e57bd1a8dedeb6e8e50fe27ef10098c0424e496228a3636f38801ded7fef","eb10fa05a2d32c6c7b96132925a4810b1a928425d931a2d3bd791573edf5a502","f831a7bb283ecffa44df9679b3b0e58b8f55f5008686b081360cad588cc9792d","99956566a31aef54eb4aff45dab11cfc6d6112a6f191c49602c62183ce007be2","329dda519ae06d94720bf2d76515d8a9e702b89a41c1b78f30cf78f04fb70d69","0.3.0","isolated_release_library/fastphylosig","d951ecee19c06f3a144ad76c5039302078747585bb3bf829e6f12db15f54775d","isolated_release_library/fastphylosig/libs/<platform>/fastphylosig","c46a5834babd455b546bc65c6549c42ba51e6b47f3c9f222919b7118a5af3280","1bd40080f1ea537b3c73c838dc98ff84940f1064f4e1c4dbfb2dd5063d999bdb","benchmarks/stage5/documentation_fix_release_20261001/fastphylosig_0.3.0.tar.gz","909b7ad27485dcc2d96a7bb1fc70b65b54e93245d75761aca406b9c52f06cbff","2.5.2",0.0205869674682617,0.815254645212311,"ok",TRUE,,"",
"20261001T112848Z","K_strong_n2000_r02","reference","K","phytools::phylosig","strong",0.95,2000,2,2000,2000,0,2000,2000,22260934,220262914,22261146,"fastphylosig",2,FALSE,,TRUE,"Sys.time",1,"477cc06800ff02de01520338df0907b576916da5d91316e76a258b7efbcd6d04","8ba6e57bd1a8dedeb6e8e50fe27ef10098c0424e496228a3636f38801ded7fef","eb10fa05a2d32c6c7b96132925a4810b1a928425d931a2d3bd791573edf5a502","f831a7bb283ecffa44df9679b3b0e58b8f55f5008686b081360cad588cc9792d","99956566a31aef54eb4aff45dab11cfc6d6112a6f191c49602c62183ce007be2","329dda519ae06d94720bf2d76515d8a9e702b89a41c1b78f30cf78f04fb70d69","0.3.0","isolated_release_library/fastphylosig","d951ecee19c06f3a144ad76c5039302078747585bb3bf829e6f12db15f54775d","isolated_release_library/fastphylosig/libs/<platform>/fastphylosig","c46a5834babd455b546bc65c6549c42ba51e6b47f3c9f222919b7118a5af3280","1bd40080f1ea537b3c73c838dc98ff84940f1064f4e1c4dbfb2dd5063d999bdb","benchmarks/stage5/documentation_fix_release_20261001/fastphylosig_0.3.0.tar.gz","909b7ad27485dcc2d96a7bb1fc70b65b54e93245d75761aca406b9c52f06cbff","2.5.2",4.34709095954895,0.815254645212314,"ok",TRUE,,"",
"20261001T112848Z","lambda_strong_n2000_r02","reference","lambda","phytools::phylosig","strong",0.95,2000,2,2000,2000,0,2000,2000,22260934,220262914,22261148,"reference",1,FALSE,FALSE,TRUE,"Sys.time",1,"477cc06800ff02de01520338df0907b576916da5d91316e76a258b7efbcd6d04","8ba6e57bd1a8dedeb6e8e50fe27ef10098c0424e496228a3636f38801ded7fef","eb10fa05a2d32c6c7b96132925a4810b1a928425d931a2d3bd791573edf5a502","f831a7bb283ecffa44df9679b3b0e58b8f55f5008686b081360cad588cc9792d","99956566a31aef54eb4aff45dab11cfc6d6112a6f191c49602c62183ce007be2","329dda519ae06d94720bf2d76515d8a9e702b89a41c1b78f30cf78f04fb70d69","0.3.0","isolated_release_library/fastphylosig","d951ecee19c06f3a144ad76c5039302078747585bb3bf829e6f12db15f54775d","isolated_release_library/fastphylosig/libs/<platform>/fastphylosig","c46a5834babd455b546bc65c6549c42ba51e6b47f3c9f222919b7118a5af3280","1bd40080f1ea537b3c73c838dc98ff84940f1064f4e1c4dbfb2dd5063d999bdb","benchmarks/stage5/documentation_fix_release_20261001/fastphylosig_0.3.0.tar.gz","909b7ad27485dcc2d96a7bb1fc70b65b54e93245d75761aca406b9c52f06cbff","2.5.2",621.679809093475,0.943523969309923,"ok",TRUE,,"",
"20261001T112848Z","lambda_strong_n2000_r02","fastphylosig","lambda","phytools::phylosig","strong",0.95,2000,2,2000,2000,0,,,22260934,220262914,22261148,"reference",2,FALSE,FALSE,TRUE,"Sys.time",1,"477cc06800ff02de01520338df0907b576916da5d91316e76a258b7efbcd6d04","8ba6e57bd1a8dedeb6e8e50fe27ef10098c0424e496228a3636f38801ded7fef","eb10fa05a2d32c6c7b96132925a4810b1a928425d931a2d3bd791573edf5a502","f831a7bb283ecffa44df9679b3b0e58b8f55f5008686b081360cad588cc9792d","99956566a31aef54eb4aff45dab11cfc6d6112a6f191c49602c62183ce007be2","329dda519ae06d94720bf2d76515d8a9e702b89a41c1b78f30cf78f04fb70d69","0.3.0","isolated_release_library/fastphylosig","d951ecee19c06f3a144ad76c5039302078747585bb3bf829e6f12db15f54775d","isolated_release_library/fastphylosig/libs/<platform>/fastphylosig","c46a5834babd455b546bc65c6549c42ba51e6b47f3c9f222919b7118a5af3280","1bd40080f1ea537b3c73c838dc98ff84940f1064f4e1c4dbfb2dd5063d999bdb","benchmarks/stage5/documentation_fix_release_20261001/fastphylosig_0.3.0.tar.gz","909b7ad27485dcc2d96a7bb1fc70b65b54e93245d75761aca406b9c52f06cbff","2.5.2",0.0291931629180908,0.943528754772531,"ok",TRUE,,"",
"20261001T112848Z","K_none_n2000_r03","reference","K","phytools::phylosig","none",0,2000,3,2000,2000,0,2000,2000,22260944,220263914,22261226,"reference",1,FALSE,,TRUE,"Sys.time",1,"6caabad7c7c907c5c500225e0bf23ab53313c0a6786e72ec38eed829bdc24f6c","888e457d37acf4e1fb9dbd6227655295a6650ab493aec8abc486f1efb8e48bb9","e2110c828a7d2ec180380b79c74edcbaf58cfded0979cea12993aef5e903c95b","e2110c828a7d2ec180380b79c74edcbaf58cfded0979cea12993aef5e903c95b","9395d885cd6be56eb8cf01faa682321082f4ca6129d90e1fefa3fcd0c5e2f212","32ec15e8d29b7ea146a232250a7936101b3afe17bfd01e385572477b4931d98f","0.3.0","isolated_release_library/fastphylosig","d951ecee19c06f3a144ad76c5039302078747585bb3bf829e6f12db15f54775d","isolated_release_library/fastphylosig/libs/<platform>/fastphylosig","c46a5834babd455b546bc65c6549c42ba51e6b47f3c9f222919b7118a5af3280","1bd40080f1ea537b3c73c838dc98ff84940f1064f4e1c4dbfb2dd5063d999bdb","benchmarks/stage5/documentation_fix_release_20261001/fastphylosig_0.3.0.tar.gz","909b7ad27485dcc2d96a7bb1fc70b65b54e93245d75761aca406b9c52f06cbff","2.5.2",2.31623291969299,0.104733797688122,"ok",TRUE,,"",
"20261001T112848Z","K_none_n2000_r03","fastphylosig","K","phytools::phylosig","none",0,2000,3,2000,2000,0,,,22260944,220263914,22261226,"reference",2,FALSE,,TRUE,"Sys.time",1,"6caabad7c7c907c5c500225e0bf23ab53313c0a6786e72ec38eed829bdc24f6c","888e457d37acf4e1fb9dbd6227655295a6650ab493aec8abc486f1efb8e48bb9","e2110c828a7d2ec180380b79c74edcbaf58cfded0979cea12993aef5e903c95b","e2110c828a7d2ec180380b79c74edcbaf58cfded0979cea12993aef5e903c95b","9395d885cd6be56eb8cf01faa682321082f4ca6129d90e1fefa3fcd0c5e2f212","32ec15e8d29b7ea146a232250a7936101b3afe17bfd01e385572477b4931d98f","0.3.0","isolated_release_library/fastphylosig","d951ecee19c06f3a144ad76c5039302078747585bb3bf829e6f12db15f54775d","isolated_release_library/fastphylosig/libs/<platform>/fastphylosig","c46a5834babd455b546bc65c6549c42ba51e6b47f3c9f222919b7118a5af3280","1bd40080f1ea537b3c73c838dc98ff84940f1064f4e1c4dbfb2dd5063d999bdb","benchmarks/stage5/documentation_fix_release_20261001/fastphylosig_0.3.0.tar.gz","909b7ad27485dcc2d96a7bb1fc70b65b54e93245d75761aca406b9c52f06cbff","2.5.2",0.02406907081604,0.104733797688121,"ok",TRUE,,"",
"20261001T112848Z","lambda_none_n2000_r03","fastphylosig","lambda","phytools::phylosig","none",0,2000,3,2000,2000,0,,,22260944,220263914,22261228,"fastphylosig",1,FALSE,FALSE,TRUE,"Sys.time",1,"6caabad7c7c907c5c500225e0bf23ab53313c0a6786e72ec38eed829bdc24f6c","888e457d37acf4e1fb9dbd6227655295a6650ab493aec8abc486f1efb8e48bb9","e2110c828a7d2ec180380b79c74edcbaf58cfded0979cea12993aef5e903c95b","e2110c828a7d2ec180380b79c74edcbaf58cfded0979cea12993aef5e903c95b","9395d885cd6be56eb8cf01faa682321082f4ca6129d90e1fefa3fcd0c5e2f212","32ec15e8d29b7ea146a232250a7936101b3afe17bfd01e385572477b4931d98f","0.3.0","isolated_release_library/fastphylosig","d951ecee19c06f3a144ad76c5039302078747585bb3bf829e6f12db15f54775d","isolated_release_library/fastphylosig/libs/<platform>/fastphylosig","c46a5834babd455b546bc65c6549c42ba51e6b47f3c9f222919b7118a5af3280","1bd40080f1ea537b3c73c838dc98ff84940f1064f4e1c4dbfb2dd5063d999bdb","benchmarks/stage5/documentation_fix_release_20261001/fastphylosig_0.3.0.tar.gz","909b7ad27485dcc2d96a7bb1fc70b65b54e93245d75761aca406b9c52f06cbff","2.5.2",0.0305120944976807,6.6106961351896e-05,"ok",TRUE,,"",
"20261001T112848Z","lambda_none_n2000_r03","reference","lambda","phytools::phylosig","none",0,2000,3,2000,2000,0,2000,2000,22260944,220263914,22261228,"fastphylosig",2,FALSE,FALSE,TRUE,"Sys.time",1,"6caabad7c7c907c5c500225e0bf23ab53313c0a6786e72ec38eed829bdc24f6c","888e457d37acf4e1fb9dbd6227655295a6650ab493aec8abc486f1efb8e48bb9","e2110c828a7d2ec180380b79c74edcbaf58cfded0979cea12993aef5e903c95b","e2110c828a7d2ec180380b79c74edcbaf58cfded0979cea12993aef5e903c95b","9395d885cd6be56eb8cf01faa682321082f4ca6129d90e1fefa3fcd0c5e2f212","32ec15e8d29b7ea146a232250a7936101b3afe17bfd01e385572477b4931d98f","0.3.0","isolated_release_library/fastphylosig","d951ecee19c06f3a144ad76c5039302078747585bb3bf829e6f12db15f54775d","isolated_release_library/fastphylosig/libs/<platform>/fastphylosig","c46a5834babd455b546bc65c6549c42ba51e6b47f3c9f222919b7118a5af3280","1bd40080f1ea537b3c73c838dc98ff84940f1064f4e1c4dbfb2dd5063d999bdb","benchmarks/stage5/documentation_fix_release_20261001/fastphylosig_0.3.0.tar.gz","909b7ad27485dcc2d96a7bb1fc70b65b54e93245d75761aca406b9c52f06cbff","2.5.2",511.152998209,7.33137435857406e-05,"ok",TRUE,,"",
"20261001T112848Z","K_moderate_n2000_r03","fastphylosig","K","phytools::phylosig","moderate",0.5,2000,3,2000,2000,0,,,22260944,220263914,22261236,"fastphylosig",1,FALSE,,TRUE,"Sys.time",1,"6caabad7c7c907c5c500225e0bf23ab53313c0a6786e72ec38eed829bdc24f6c","888e457d37acf4e1fb9dbd6227655295a6650ab493aec8abc486f1efb8e48bb9","e2110c828a7d2ec180380b79c74edcbaf58cfded0979cea12993aef5e903c95b","5f2f49375f0f22ff432f91fb92a06ee99803b14b03431d4bb494fe7dc887df40","12d9110451d3b4f9643cd5a40f6b1d0c7834bd3f63c72fcdc0771ff470b2ccb6","32ec15e8d29b7ea146a232250a7936101b3afe17bfd01e385572477b4931d98f","0.3.0","isolated_release_library/fastphylosig","d951ecee19c06f3a144ad76c5039302078747585bb3bf829e6f12db15f54775d","isolated_release_library/fastphylosig/libs/<platform>/fastphylosig","c46a5834babd455b546bc65c6549c42ba51e6b47f3c9f222919b7118a5af3280","1bd40080f1ea537b3c73c838dc98ff84940f1064f4e1c4dbfb2dd5063d999bdb","benchmarks/stage5/documentation_fix_release_20261001/fastphylosig_0.3.0.tar.gz","909b7ad27485dcc2d96a7bb1fc70b65b54e93245d75761aca406b9c52f06cbff","2.5.2",0.0204010009765625,0.193906330951017,"ok",TRUE,,"",
"20261001T112848Z","K_moderate_n2000_r03","reference","K","phytools::phylosig","moderate",0.5,2000,3,2000,2000,0,2000,2000,22260944,220263914,22261236,"fastphylosig",2,FALSE,,TRUE,"Sys.time",1,"6caabad7c7c907c5c500225e0bf23ab53313c0a6786e72ec38eed829bdc24f6c","888e457d37acf4e1fb9dbd6227655295a6650ab493aec8abc486f1efb8e48bb9","e2110c828a7d2ec180380b79c74edcbaf58cfded0979cea12993aef5e903c95b","5f2f49375f0f22ff432f91fb92a06ee99803b14b03431d4bb494fe7dc887df40","12d9110451d3b4f9643cd5a40f6b1d0c7834bd3f63c72fcdc0771ff470b2ccb6","32ec15e8d29b7ea146a232250a7936101b3afe17bfd01e385572477b4931d98f","0.3.0","isolated_release_library/fastphylosig","d951ecee19c06f3a144ad76c5039302078747585bb3bf829e6f12db15f54775d","isolated_release_library/fastphylosig/libs/<platform>/fastphylosig","c46a5834babd455b546bc65c6549c42ba51e6b47f3c9f222919b7118a5af3280","1bd40080f1ea537b3c73c838dc98ff84940f1064f4e1c4dbfb2dd5063d999bdb","benchmarks/stage5/documentation_fix_release_20261001/fastphylosig_0.3.0.tar.gz","909b7ad27485dcc2d96a7bb1fc70b65b54e93245d75761aca406b9c52f06cbff","2.5.2",2.32307386398315,0.193906330951016,"ok",TRUE,,"",
"20261001T112848Z","lambda_moderate_n2000_r03","reference","lambda","phytools::phylosig","moderate",0.5,2000,3,2000,2000,0,2000,2000,22260944,220263914,22261238,"reference",1,FALSE,FALSE,TRUE,"Sys.time",1,"6caabad7c7c907c5c500225e0bf23ab53313c0a6786e72ec38eed829bdc24f6c","888e457d37acf4e1fb9dbd6227655295a6650ab493aec8abc486f1efb8e48bb9","e2110c828a7d2ec180380b79c74edcbaf58cfded0979cea12993aef5e903c95b","5f2f49375f0f22ff432f91fb92a06ee99803b14b03431d4bb494fe7dc887df40","12d9110451d3b4f9643cd5a40f6b1d0c7834bd3f63c72fcdc0771ff470b2ccb6","32ec15e8d29b7ea146a232250a7936101b3afe17bfd01e385572477b4931d98f","0.3.0","isolated_release_library/fastphylosig","d951ecee19c06f3a144ad76c5039302078747585bb3bf829e6f12db15f54775d","isolated_release_library/fastphylosig/libs/<platform>/fastphylosig","c46a5834babd455b546bc65c6549c42ba51e6b47f3c9f222919b7118a5af3280","1bd40080f1ea537b3c73c838dc98ff84940f1064f4e1c4dbfb2dd5063d999bdb","benchmarks/stage5/documentation_fix_release_20261001/fastphylosig_0.3.0.tar.gz","909b7ad27485dcc2d96a7bb1fc70b65b54e93245d75761aca406b9c52f06cbff","2.5.2",486.075260162354,0.5237821421195,"ok",TRUE,,"",
"20261001T112848Z","lambda_moderate_n2000_r03","fastphylosig","lambda","phytools::phylosig","moderate",0.5,2000,3,2000,2000,0,,,22260944,220263914,22261238,"reference",2,FALSE,FALSE,TRUE,"Sys.time",1,"6caabad7c7c907c5c500225e0bf23ab53313c0a6786e72ec38eed829bdc24f6c","888e457d37acf4e1fb9dbd6227655295a6650ab493aec8abc486f1efb8e48bb9","e2110c828a7d2ec180380b79c74edcbaf58cfded0979cea12993aef5e903c95b","5f2f49375f0f22ff432f91fb92a06ee99803b14b03431d4bb494fe7dc887df40","12d9110451d3b4f9643cd5a40f6b1d0c7834bd3f63c72fcdc0771ff470b2ccb6","32ec15e8d29b7ea146a232250a7936101b3afe17bfd01e385572477b4931d98f","0.3.0","isolated_release_library/fastphylosig","d951ecee19c06f3a144ad76c5039302078747585bb3bf829e6f12db15f54775d","isolated_release_library/fastphylosig/libs/<platform>/fastphylosig","c46a5834babd455b546bc65c6549c42ba51e6b47f3c9f222919b7118a5af3280","1bd40080f1ea537b3c73c838dc98ff84940f1064f4e1c4dbfb2dd5063d999bdb","benchmarks/stage5/documentation_fix_release_20261001/fastphylosig_0.3.0.tar.gz","909b7ad27485dcc2d96a7bb1fc70b65b54e93245d75761aca406b9c52f06cbff","2.5.2",0.0266339778900146,0.523783120192812,"ok",TRUE,,"",
"20261001T112848Z","K_strong_n2000_r03","reference","K","phytools::phylosig","strong",0.95,2000,3,2000,2000,0,2000,2000,22260944,220263914,22261246,"reference",1,FALSE,,TRUE,"Sys.time",1,"6caabad7c7c907c5c500225e0bf23ab53313c0a6786e72ec38eed829bdc24f6c","888e457d37acf4e1fb9dbd6227655295a6650ab493aec8abc486f1efb8e48bb9","e2110c828a7d2ec180380b79c74edcbaf58cfded0979cea12993aef5e903c95b","66fab6539969701e7fcfd74630990d3e37957744e3ba98908e4b6e74b9390109","3f4c97c89ca903007ae0fbaeda2563c8d3a928faf08159f8232742e6906ab7d9","32ec15e8d29b7ea146a232250a7936101b3afe17bfd01e385572477b4931d98f","0.3.0","isolated_release_library/fastphylosig","d951ecee19c06f3a144ad76c5039302078747585bb3bf829e6f12db15f54775d","isolated_release_library/fastphylosig/libs/<platform>/fastphylosig","c46a5834babd455b546bc65c6549c42ba51e6b47f3c9f222919b7118a5af3280","1bd40080f1ea537b3c73c838dc98ff84940f1064f4e1c4dbfb2dd5063d999bdb","benchmarks/stage5/documentation_fix_release_20261001/fastphylosig_0.3.0.tar.gz","909b7ad27485dcc2d96a7bb1fc70b65b54e93245d75761aca406b9c52f06cbff","2.5.2",2.29403114318848,0.702689925542332,"ok",TRUE,,"",
"20261001T112848Z","K_strong_n2000_r03","fastphylosig","K","phytools::phylosig","strong",0.95,2000,3,2000,2000,0,,,22260944,220263914,22261246,"reference",2,FALSE,,TRUE,"Sys.time",1,"6caabad7c7c907c5c500225e0bf23ab53313c0a6786e72ec38eed829bdc24f6c","888e457d37acf4e1fb9dbd6227655295a6650ab493aec8abc486f1efb8e48bb9","e2110c828a7d2ec180380b79c74edcbaf58cfded0979cea12993aef5e903c95b","66fab6539969701e7fcfd74630990d3e37957744e3ba98908e4b6e74b9390109","3f4c97c89ca903007ae0fbaeda2563c8d3a928faf08159f8232742e6906ab7d9","32ec15e8d29b7ea146a232250a7936101b3afe17bfd01e385572477b4931d98f","0.3.0","isolated_release_library/fastphylosig","d951ecee19c06f3a144ad76c5039302078747585bb3bf829e6f12db15f54775d","isolated_release_library/fastphylosig/libs/<platform>/fastphylosig","c46a5834babd455b546bc65c6549c42ba51e6b47f3c9f222919b7118a5af3280","1bd40080f1ea537b3c73c838dc98ff84940f1064f4e1c4dbfb2dd5063d999bdb","benchmarks/stage5/documentation_fix_release_20261001/fastphylosig_0.3.0.tar.gz","909b7ad27485dcc2d96a7bb1fc70b65b54e93245d75761aca406b9c52f06cbff","2.5.2",0.0208239555358887,0.702689925542334,"ok",TRUE,,"",
"20261001T112848Z","lambda_strong_n2000_r03","fastphylosig","lambda","phytools::phylosig","strong",0.95,2000,3,2000,2000,0,,,22260944,220263914,22261248,"fastphylosig",1,FALSE,FALSE,TRUE,"Sys.time",1,"6caabad7c7c907c5c500225e0bf23ab53313c0a6786e72ec38eed829bdc24f6c","888e457d37acf4e1fb9dbd6227655295a6650ab493aec8abc486f1efb8e48bb9","e2110c828a7d2ec180380b79c74edcbaf58cfded0979cea12993aef5e903c95b","66fab6539969701e7fcfd74630990d3e37957744e3ba98908e4b6e74b9390109","3f4c97c89ca903007ae0fbaeda2563c8d3a928faf08159f8232742e6906ab7d9","32ec15e8d29b7ea146a232250a7936101b3afe17bfd01e385572477b4931d98f","0.3.0","isolated_release_library/fastphylosig","d951ecee19c06f3a144ad76c5039302078747585bb3bf829e6f12db15f54775d","isolated_release_library/fastphylosig/libs/<platform>/fastphylosig","c46a5834babd455b546bc65c6549c42ba51e6b47f3c9f222919b7118a5af3280","1bd40080f1ea537b3c73c838dc98ff84940f1064f4e1c4dbfb2dd5063d999bdb","benchmarks/stage5/documentation_fix_release_20261001/fastphylosig_0.3.0.tar.gz","909b7ad27485dcc2d96a7bb1fc70b65b54e93245d75761aca406b9c52f06cbff","2.5.2",0.029076099395752,0.951799870338715,"ok",TRUE,,"",
"20261001T112848Z","lambda_strong_n2000_r03","reference","lambda","phytools::phylosig","strong",0.95,2000,3,2000,2000,0,2000,2000,22260944,220263914,22261248,"fastphylosig",2,FALSE,FALSE,TRUE,"Sys.time",1,"6caabad7c7c907c5c500225e0bf23ab53313c0a6786e72ec38eed829bdc24f6c","888e457d37acf4e1fb9dbd6227655295a6650ab493aec8abc486f1efb8e48bb9","e2110c828a7d2ec180380b79c74edcbaf58cfded0979cea12993aef5e903c95b","66fab6539969701e7fcfd74630990d3e37957744e3ba98908e4b6e74b9390109","3f4c97c89ca903007ae0fbaeda2563c8d3a928faf08159f8232742e6906ab7d9","32ec15e8d29b7ea146a232250a7936101b3afe17bfd01e385572477b4931d98f","0.3.0","isolated_release_library/fastphylosig","d951ecee19c06f3a144ad76c5039302078747585bb3bf829e6f12db15f54775d","isolated_release_library/fastphylosig/libs/<platform>/fastphylosig","c46a5834babd455b546bc65c6549c42ba51e6b47f3c9f222919b7118a5af3280","1bd40080f1ea537b3c73c838dc98ff84940f1064f4e1c4dbfb2dd5063d999bdb","benchmarks/stage5/documentation_fix_release_20261001/fastphylosig_0.3.0.tar.gz","909b7ad27485dcc2d96a7bb1fc70b65b54e93245d75761aca406b9c52f06cbff","2.5.2",493.216729879379,0.951816418898054,"ok",TRUE,,"",
"20261001T112848Z","K_none_n2000_r04","fastphylosig","K","phytools::phylosig","none",0,2000,4,2000,2000,0,,,22260954,220264914,22261326,"fastphylosig",1,FALSE,,TRUE,"Sys.time",1,"acd37491c5405e5df820cc5f3e28cf9fd8bf2167b57af5ce24a1a123a947b5bb","3310d449d2a6094a14fb37b93a8b5624750299b1e78d6cc9bb60c0fe8927028a","66b591f8b63d8b3750eca307fc881129a06f22a40aed59d9825043d7456f8c64","66b591f8b63d8b3750eca307fc881129a06f22a40aed59d9825043d7456f8c64","6254c17b539a6ba5a64d5d31de56be15c068f27673a682c3942dd4b9deed8f43","07ee20fd4da4fa08409e96ae54f73fc6152bdab2f43f3451ef6261b95afb43e1","0.3.0","isolated_release_library/fastphylosig","d951ecee19c06f3a144ad76c5039302078747585bb3bf829e6f12db15f54775d","isolated_release_library/fastphylosig/libs/<platform>/fastphylosig","c46a5834babd455b546bc65c6549c42ba51e6b47f3c9f222919b7118a5af3280","1bd40080f1ea537b3c73c838dc98ff84940f1064f4e1c4dbfb2dd5063d999bdb","benchmarks/stage5/documentation_fix_release_20261001/fastphylosig_0.3.0.tar.gz","909b7ad27485dcc2d96a7bb1fc70b65b54e93245d75761aca406b9c52f06cbff","2.5.2",0.0227890014648438,0.0996985388216909,"ok",TRUE,,"",
"20261001T112848Z","K_none_n2000_r04","reference","K","phytools::phylosig","none",0,2000,4,2000,2000,0,2000,2000,22260954,220264914,22261326,"fastphylosig",2,FALSE,,TRUE,"Sys.time",1,"acd37491c5405e5df820cc5f3e28cf9fd8bf2167b57af5ce24a1a123a947b5bb","3310d449d2a6094a14fb37b93a8b5624750299b1e78d6cc9bb60c0fe8927028a","66b591f8b63d8b3750eca307fc881129a06f22a40aed59d9825043d7456f8c64","66b591f8b63d8b3750eca307fc881129a06f22a40aed59d9825043d7456f8c64","6254c17b539a6ba5a64d5d31de56be15c068f27673a682c3942dd4b9deed8f43","07ee20fd4da4fa08409e96ae54f73fc6152bdab2f43f3451ef6261b95afb43e1","0.3.0","isolated_release_library/fastphylosig","d951ecee19c06f3a144ad76c5039302078747585bb3bf829e6f12db15f54775d","isolated_release_library/fastphylosig/libs/<platform>/fastphylosig","c46a5834babd455b546bc65c6549c42ba51e6b47f3c9f222919b7118a5af3280","1bd40080f1ea537b3c73c838dc98ff84940f1064f4e1c4dbfb2dd5063d999bdb","benchmarks/stage5/documentation_fix_release_20261001/fastphylosig_0.3.0.tar.gz","909b7ad27485dcc2d96a7bb1fc70b65b54e93245d75761aca406b9c52f06cbff","2.5.2",2.718101978302,0.0996985388216923,"ok",TRUE,,"",
"20261001T112848Z","lambda_none_n2000_r04","reference","lambda","phytools::phylosig","none",0,2000,4,2000,2000,0,2000,2000,22260954,220264914,22261328,"reference",1,FALSE,FALSE,TRUE,"Sys.time",1,"acd37491c5405e5df820cc5f3e28cf9fd8bf2167b57af5ce24a1a123a947b5bb","3310d449d2a6094a14fb37b93a8b5624750299b1e78d6cc9bb60c0fe8927028a","66b591f8b63d8b3750eca307fc881129a06f22a40aed59d9825043d7456f8c64","66b591f8b63d8b3750eca307fc881129a06f22a40aed59d9825043d7456f8c64","6254c17b539a6ba5a64d5d31de56be15c068f27673a682c3942dd4b9deed8f43","07ee20fd4da4fa08409e96ae54f73fc6152bdab2f43f3451ef6261b95afb43e1","0.3.0","isolated_release_library/fastphylosig","d951ecee19c06f3a144ad76c5039302078747585bb3bf829e6f12db15f54775d","isolated_release_library/fastphylosig/libs/<platform>/fastphylosig","c46a5834babd455b546bc65c6549c42ba51e6b47f3c9f222919b7118a5af3280","1bd40080f1ea537b3c73c838dc98ff84940f1064f4e1c4dbfb2dd5063d999bdb","benchmarks/stage5/documentation_fix_release_20261001/fastphylosig_0.3.0.tar.gz","909b7ad27485dcc2d96a7bb1fc70b65b54e93245d75761aca406b9c52f06cbff","2.5.2",607.957906007767,7.33137435857406e-05,"ok",TRUE,,"",
"20261001T112848Z","lambda_none_n2000_r04","fastphylosig","lambda","phytools::phylosig","none",0,2000,4,2000,2000,0,,,22260954,220264914,22261328,"reference",2,FALSE,FALSE,TRUE,"Sys.time",1,"acd37491c5405e5df820cc5f3e28cf9fd8bf2167b57af5ce24a1a123a947b5bb","3310d449d2a6094a14fb37b93a8b5624750299b1e78d6cc9bb60c0fe8927028a","66b591f8b63d8b3750eca307fc881129a06f22a40aed59d9825043d7456f8c64","66b591f8b63d8b3750eca307fc881129a06f22a40aed59d9825043d7456f8c64","6254c17b539a6ba5a64d5d31de56be15c068f27673a682c3942dd4b9deed8f43","07ee20fd4da4fa08409e96ae54f73fc6152bdab2f43f3451ef6261b95afb43e1","0.3.0","isolated_release_library/fastphylosig","d951ecee19c06f3a144ad76c5039302078747585bb3bf829e6f12db15f54775d","isolated_release_library/fastphylosig/libs/<platform>/fastphylosig","c46a5834babd455b546bc65c6549c42ba51e6b47f3c9f222919b7118a5af3280","1bd40080f1ea537b3c73c838dc98ff84940f1064f4e1c4dbfb2dd5063d999bdb","benchmarks/stage5/documentation_fix_release_20261001/fastphylosig_0.3.0.tar.gz","909b7ad27485dcc2d96a7bb1fc70b65b54e93245d75761aca406b9c52f06cbff","2.5.2",0.0326559543609619,6.6106961351896e-05,"ok",TRUE,,"",
"20261001T112848Z","K_moderate_n2000_r04","reference","K","phytools::phylosig","moderate",0.5,2000,4,2000,2000,0,2000,2000,22260954,220264914,22261336,"reference",1,FALSE,,TRUE,"Sys.time",1,"acd37491c5405e5df820cc5f3e28cf9fd8bf2167b57af5ce24a1a123a947b5bb","3310d449d2a6094a14fb37b93a8b5624750299b1e78d6cc9bb60c0fe8927028a","66b591f8b63d8b3750eca307fc881129a06f22a40aed59d9825043d7456f8c64","bb026fb5f15d67826ffb34b0841d101514830ec5982918c35868469b85d1c144","f9092eb8ca702e308d32f4f53f896acccfc16aea3c92429093da8b3ac3b40a27","07ee20fd4da4fa08409e96ae54f73fc6152bdab2f43f3451ef6261b95afb43e1","0.3.0","isolated_release_library/fastphylosig","d951ecee19c06f3a144ad76c5039302078747585bb3bf829e6f12db15f54775d","isolated_release_library/fastphylosig/libs/<platform>/fastphylosig","c46a5834babd455b546bc65c6549c42ba51e6b47f3c9f222919b7118a5af3280","1bd40080f1ea537b3c73c838dc98ff84940f1064f4e1c4dbfb2dd5063d999bdb","benchmarks/stage5/documentation_fix_release_20261001/fastphylosig_0.3.0.tar.gz","909b7ad27485dcc2d96a7bb1fc70b65b54e93245d75761aca406b9c52f06cbff","2.5.2",2.81102299690247,0.180888387618904,"ok",TRUE,,"",
"20261001T112848Z","K_moderate_n2000_r04","fastphylosig","K","phytools::phylosig","moderate",0.5,2000,4,2000,2000,0,,,22260954,220264914,22261336,"reference",2,FALSE,,TRUE,"Sys.time",1,"acd37491c5405e5df820cc5f3e28cf9fd8bf2167b57af5ce24a1a123a947b5bb","3310d449d2a6094a14fb37b93a8b5624750299b1e78d6cc9bb60c0fe8927028a","66b591f8b63d8b3750eca307fc881129a06f22a40aed59d9825043d7456f8c64","bb026fb5f15d67826ffb34b0841d101514830ec5982918c35868469b85d1c144","f9092eb8ca702e308d32f4f53f896acccfc16aea3c92429093da8b3ac3b40a27","07ee20fd4da4fa08409e96ae54f73fc6152bdab2f43f3451ef6261b95afb43e1","0.3.0","isolated_release_library/fastphylosig","d951ecee19c06f3a144ad76c5039302078747585bb3bf829e6f12db15f54775d","isolated_release_library/fastphylosig/libs/<platform>/fastphylosig","c46a5834babd455b546bc65c6549c42ba51e6b47f3c9f222919b7118a5af3280","1bd40080f1ea537b3c73c838dc98ff84940f1064f4e1c4dbfb2dd5063d999bdb","benchmarks/stage5/documentation_fix_release_20261001/fastphylosig_0.3.0.tar.gz","909b7ad27485dcc2d96a7bb1fc70b65b54e93245d75761aca406b9c52f06cbff","2.5.2",0.0212299823760986,0.180888387618891,"ok",TRUE,,"",
"20261001T112848Z","lambda_moderate_n2000_r04","fastphylosig","lambda","phytools::phylosig","moderate",0.5,2000,4,2000,2000,0,,,22260954,220264914,22261338,"fastphylosig",1,FALSE,FALSE,TRUE,"Sys.time",1,"acd37491c5405e5df820cc5f3e28cf9fd8bf2167b57af5ce24a1a123a947b5bb","3310d449d2a6094a14fb37b93a8b5624750299b1e78d6cc9bb60c0fe8927028a","66b591f8b63d8b3750eca307fc881129a06f22a40aed59d9825043d7456f8c64","bb026fb5f15d67826ffb34b0841d101514830ec5982918c35868469b85d1c144","f9092eb8ca702e308d32f4f53f896acccfc16aea3c92429093da8b3ac3b40a27","07ee20fd4da4fa08409e96ae54f73fc6152bdab2f43f3451ef6261b95afb43e1","0.3.0","isolated_release_library/fastphylosig","d951ecee19c06f3a144ad76c5039302078747585bb3bf829e6f12db15f54775d","isolated_release_library/fastphylosig/libs/<platform>/fastphylosig","c46a5834babd455b546bc65c6549c42ba51e6b47f3c9f222919b7118a5af3280","1bd40080f1ea537b3c73c838dc98ff84940f1064f4e1c4dbfb2dd5063d999bdb","benchmarks/stage5/documentation_fix_release_20261001/fastphylosig_0.3.0.tar.gz","909b7ad27485dcc2d96a7bb1fc70b65b54e93245d75761aca406b9c52f06cbff","2.5.2",0.0252318382263184,0.445121220509144,"ok",TRUE,,"",
"20261001T112848Z","lambda_moderate_n2000_r04","reference","lambda","phytools::phylosig","moderate",0.5,2000,4,2000,2000,0,2000,2000,22260954,220264914,22261338,"fastphylosig",2,FALSE,FALSE,TRUE,"Sys.time",1,"acd37491c5405e5df820cc5f3e28cf9fd8bf2167b57af5ce24a1a123a947b5bb","3310d449d2a6094a14fb37b93a8b5624750299b1e78d6cc9bb60c0fe8927028a","66b591f8b63d8b3750eca307fc881129a06f22a40aed59d9825043d7456f8c64","bb026fb5f15d67826ffb34b0841d101514830ec5982918c35868469b85d1c144","f9092eb8ca702e308d32f4f53f896acccfc16aea3c92429093da8b3ac3b40a27","07ee20fd4da4fa08409e96ae54f73fc6152bdab2f43f3451ef6261b95afb43e1","0.3.0","isolated_release_library/fastphylosig","d951ecee19c06f3a144ad76c5039302078747585bb3bf829e6f12db15f54775d","isolated_release_library/fastphylosig/libs/<platform>/fastphylosig","c46a5834babd455b546bc65c6549c42ba51e6b47f3c9f222919b7118a5af3280","1bd40080f1ea537b3c73c838dc98ff84940f1064f4e1c4dbfb2dd5063d999bdb","benchmarks/stage5/documentation_fix_release_20261001/fastphylosig_0.3.0.tar.gz","909b7ad27485dcc2d96a7bb1fc70b65b54e93245d75761aca406b9c52f06cbff","2.5.2",566.459095001221,0.445117637303413,"ok",TRUE,,"",
"20261001T112848Z","K_strong_n2000_r04","fastphylosig","K","phytools::phylosig","strong",0.95,2000,4,2000,2000,0,,,22260954,220264914,22261346,"fastphylosig",1,FALSE,,TRUE,"Sys.time",1,"acd37491c5405e5df820cc5f3e28cf9fd8bf2167b57af5ce24a1a123a947b5bb","3310d449d2a6094a14fb37b93a8b5624750299b1e78d6cc9bb60c0fe8927028a","66b591f8b63d8b3750eca307fc881129a06f22a40aed59d9825043d7456f8c64","356d7c60f7b48668526b3f99b72a016234bfcb441a94d20fc4362f29a583d4b0","0426169ff79548bc80ad0c0111208e3260ecefd1e5bb8ef91c3d17c35702c435","07ee20fd4da4fa08409e96ae54f73fc6152bdab2f43f3451ef6261b95afb43e1","0.3.0","isolated_release_library/fastphylosig","d951ecee19c06f3a144ad76c5039302078747585bb3bf829e6f12db15f54775d","isolated_release_library/fastphylosig/libs/<platform>/fastphylosig","c46a5834babd455b546bc65c6549c42ba51e6b47f3c9f222919b7118a5af3280","1bd40080f1ea537b3c73c838dc98ff84940f1064f4e1c4dbfb2dd5063d999bdb","benchmarks/stage5/documentation_fix_release_20261001/fastphylosig_0.3.0.tar.gz","909b7ad27485dcc2d96a7bb1fc70b65b54e93245d75761aca406b9c52f06cbff","2.5.2",0.0218009948730469,0.85101191943917,"ok",TRUE,,"",
"20261001T112848Z","K_strong_n2000_r04","reference","K","phytools::phylosig","strong",0.95,2000,4,2000,2000,0,2000,2000,22260954,220264914,22261346,"fastphylosig",2,FALSE,,TRUE,"Sys.time",1,"acd37491c5405e5df820cc5f3e28cf9fd8bf2167b57af5ce24a1a123a947b5bb","3310d449d2a6094a14fb37b93a8b5624750299b1e78d6cc9bb60c0fe8927028a","66b591f8b63d8b3750eca307fc881129a06f22a40aed59d9825043d7456f8c64","356d7c60f7b48668526b3f99b72a016234bfcb441a94d20fc4362f29a583d4b0","0426169ff79548bc80ad0c0111208e3260ecefd1e5bb8ef91c3d17c35702c435","07ee20fd4da4fa08409e96ae54f73fc6152bdab2f43f3451ef6261b95afb43e1","0.3.0","isolated_release_library/fastphylosig","d951ecee19c06f3a144ad76c5039302078747585bb3bf829e6f12db15f54775d","isolated_release_library/fastphylosig/libs/<platform>/fastphylosig","c46a5834babd455b546bc65c6549c42ba51e6b47f3c9f222919b7118a5af3280","1bd40080f1ea537b3c73c838dc98ff84940f1064f4e1c4dbfb2dd5063d999bdb","benchmarks/stage5/documentation_fix_release_20261001/fastphylosig_0.3.0.tar.gz","909b7ad27485dcc2d96a7bb1fc70b65b54e93245d75761aca406b9c52f06cbff","2.5.2",2.90580606460571,0.851011919439703,"ok",TRUE,,"",
"20261001T112848Z","lambda_strong_n2000_r04","reference","lambda","phytools::phylosig","strong",0.95,2000,4,2000,2000,0,2000,2000,22260954,220264914,22261348,"reference",1,FALSE,FALSE,TRUE,"Sys.time",1,"acd37491c5405e5df820cc5f3e28cf9fd8bf2167b57af5ce24a1a123a947b5bb","3310d449d2a6094a14fb37b93a8b5624750299b1e78d6cc9bb60c0fe8927028a","66b591f8b63d8b3750eca307fc881129a06f22a40aed59d9825043d7456f8c64","356d7c60f7b48668526b3f99b72a016234bfcb441a94d20fc4362f29a583d4b0","0426169ff79548bc80ad0c0111208e3260ecefd1e5bb8ef91c3d17c35702c435","07ee20fd4da4fa08409e96ae54f73fc6152bdab2f43f3451ef6261b95afb43e1","0.3.0","isolated_release_library/fastphylosig","d951ecee19c06f3a144ad76c5039302078747585bb3bf829e6f12db15f54775d","isolated_release_library/fastphylosig/libs/<platform>/fastphylosig","c46a5834babd455b546bc65c6549c42ba51e6b47f3c9f222919b7118a5af3280","1bd40080f1ea537b3c73c838dc98ff84940f1064f4e1c4dbfb2dd5063d999bdb","benchmarks/stage5/documentation_fix_release_20261001/fastphylosig_0.3.0.tar.gz","909b7ad27485dcc2d96a7bb1fc70b65b54e93245d75761aca406b9c52f06cbff","2.5.2",570.467111110687,0.930420961547642,"ok",TRUE,,"",
"20261001T112848Z","lambda_strong_n2000_r04","fastphylosig","lambda","phytools::phylosig","strong",0.95,2000,4,2000,2000,0,,,22260954,220264914,22261348,"reference",2,FALSE,FALSE,TRUE,"Sys.time",1,"acd37491c5405e5df820cc5f3e28cf9fd8bf2167b57af5ce24a1a123a947b5bb","3310d449d2a6094a14fb37b93a8b5624750299b1e78d6cc9bb60c0fe8927028a","66b591f8b63d8b3750eca307fc881129a06f22a40aed59d9825043d7456f8c64","356d7c60f7b48668526b3f99b72a016234bfcb441a94d20fc4362f29a583d4b0","0426169ff79548bc80ad0c0111208e3260ecefd1e5bb8ef91c3d17c35702c435","07ee20fd4da4fa08409e96ae54f73fc6152bdab2f43f3451ef6261b95afb43e1","0.3.0","isolated_release_library/fastphylosig","d951ecee19c06f3a144ad76c5039302078747585bb3bf829e6f12db15f54775d","isolated_release_library/fastphylosig/libs/<platform>/fastphylosig","c46a5834babd455b546bc65c6549c42ba51e6b47f3c9f222919b7118a5af3280","1bd40080f1ea537b3c73c838dc98ff84940f1064f4e1c4dbfb2dd5063d999bdb","benchmarks/stage5/documentation_fix_release_20261001/fastphylosig_0.3.0.tar.gz","909b7ad27485dcc2d96a7bb1fc70b65b54e93245d75761aca406b9c52f06cbff","2.5.2",0.0283768177032471,0.930407565484114,"ok",TRUE,,"",
"20261001T112848Z","K_none_n2000_r05","reference","K","phytools::phylosig","none",0,2000,5,2000,2000,0,2000,2000,22260964,220265914,22261426,"reference",1,FALSE,,TRUE,"Sys.time",1,"ff931e94d084252edec33d56536ccadc634d7ccbd0648b24f20fe527abee577b","29d7682060c604ca9eeb2b85abee93648622feb608494488500b173787797ac0","d67639a1f2fd33e760596d03ae82e490b54934858879877659925f58117578ff","d67639a1f2fd33e760596d03ae82e490b54934858879877659925f58117578ff","fc2c2c145c83650ab34c5db30f486bc9b9f27fa54933aa7777173b70dcdb12e8","49481f0479f5eadb5df1a81ad8fe649ea8412e1af8f8cc51f4164438e3330d9c","0.3.0","isolated_release_library/fastphylosig","d951ecee19c06f3a144ad76c5039302078747585bb3bf829e6f12db15f54775d","isolated_release_library/fastphylosig/libs/<platform>/fastphylosig","c46a5834babd455b546bc65c6549c42ba51e6b47f3c9f222919b7118a5af3280","1bd40080f1ea537b3c73c838dc98ff84940f1064f4e1c4dbfb2dd5063d999bdb","benchmarks/stage5/documentation_fix_release_20261001/fastphylosig_0.3.0.tar.gz","909b7ad27485dcc2d96a7bb1fc70b65b54e93245d75761aca406b9c52f06cbff","2.5.2",3.60788893699646,0.0904588386521088,"ok",TRUE,,"",
"20261001T112848Z","K_none_n2000_r05","fastphylosig","K","phytools::phylosig","none",0,2000,5,2000,2000,0,,,22260964,220265914,22261426,"reference",2,FALSE,,TRUE,"Sys.time",1,"ff931e94d084252edec33d56536ccadc634d7ccbd0648b24f20fe527abee577b","29d7682060c604ca9eeb2b85abee93648622feb608494488500b173787797ac0","d67639a1f2fd33e760596d03ae82e490b54934858879877659925f58117578ff","d67639a1f2fd33e760596d03ae82e490b54934858879877659925f58117578ff","fc2c2c145c83650ab34c5db30f486bc9b9f27fa54933aa7777173b70dcdb12e8","49481f0479f5eadb5df1a81ad8fe649ea8412e1af8f8cc51f4164438e3330d9c","0.3.0","isolated_release_library/fastphylosig","d951ecee19c06f3a144ad76c5039302078747585bb3bf829e6f12db15f54775d","isolated_release_library/fastphylosig/libs/<platform>/fastphylosig","c46a5834babd455b546bc65c6549c42ba51e6b47f3c9f222919b7118a5af3280","1bd40080f1ea537b3c73c838dc98ff84940f1064f4e1c4dbfb2dd5063d999bdb","benchmarks/stage5/documentation_fix_release_20261001/fastphylosig_0.3.0.tar.gz","909b7ad27485dcc2d96a7bb1fc70b65b54e93245d75761aca406b9c52f06cbff","2.5.2",0.0249300003051758,0.0904588386521104,"ok",TRUE,,"",
"20261001T112848Z","lambda_none_n2000_r05","fastphylosig","lambda","phytools::phylosig","none",0,2000,5,2000,2000,0,,,22260964,220265914,22261428,"fastphylosig",1,FALSE,FALSE,TRUE,"Sys.time",1,"ff931e94d084252edec33d56536ccadc634d7ccbd0648b24f20fe527abee577b","29d7682060c604ca9eeb2b85abee93648622feb608494488500b173787797ac0","d67639a1f2fd33e760596d03ae82e490b54934858879877659925f58117578ff","d67639a1f2fd33e760596d03ae82e490b54934858879877659925f58117578ff","fc2c2c145c83650ab34c5db30f486bc9b9f27fa54933aa7777173b70dcdb12e8","49481f0479f5eadb5df1a81ad8fe649ea8412e1af8f8cc51f4164438e3330d9c","0.3.0","isolated_release_library/fastphylosig","d951ecee19c06f3a144ad76c5039302078747585bb3bf829e6f12db15f54775d","isolated_release_library/fastphylosig/libs/<platform>/fastphylosig","c46a5834babd455b546bc65c6549c42ba51e6b47f3c9f222919b7118a5af3280","1bd40080f1ea537b3c73c838dc98ff84940f1064f4e1c4dbfb2dd5063d999bdb","benchmarks/stage5/documentation_fix_release_20261001/fastphylosig_0.3.0.tar.gz","909b7ad27485dcc2d96a7bb1fc70b65b54e93245d75761aca406b9c52f06cbff","2.5.2",0.0296840667724609,0.00715473121403462,"ok",TRUE,,"",
"20261001T112848Z","lambda_none_n2000_r05","reference","lambda","phytools::phylosig","none",0,2000,5,2000,2000,0,2000,2000,22260964,220265914,22261428,"fastphylosig",2,FALSE,FALSE,TRUE,"Sys.time",1,"ff931e94d084252edec33d56536ccadc634d7ccbd0648b24f20fe527abee577b","29d7682060c604ca9eeb2b85abee93648622feb608494488500b173787797ac0","d67639a1f2fd33e760596d03ae82e490b54934858879877659925f58117578ff","d67639a1f2fd33e760596d03ae82e490b54934858879877659925f58117578ff","fc2c2c145c83650ab34c5db30f486bc9b9f27fa54933aa7777173b70dcdb12e8","49481f0479f5eadb5df1a81ad8fe649ea8412e1af8f8cc51f4164438e3330d9c","0.3.0","isolated_release_library/fastphylosig","d951ecee19c06f3a144ad76c5039302078747585bb3bf829e6f12db15f54775d","isolated_release_library/fastphylosig/libs/<platform>/fastphylosig","c46a5834babd455b546bc65c6549c42ba51e6b47f3c9f222919b7118a5af3280","1bd40080f1ea537b3c73c838dc98ff84940f1064f4e1c4dbfb2dd5063d999bdb","benchmarks/stage5/documentation_fix_release_20261001/fastphylosig_0.3.0.tar.gz","909b7ad27485dcc2d96a7bb1fc70b65b54e93245d75761aca406b9c52f06cbff","2.5.2",745.251251935959,0.00715941933988832,"ok",TRUE,,"",
"20261001T112848Z","K_moderate_n2000_r05","fastphylosig","K","phytools::phylosig","moderate",0.5,2000,5,2000,2000,0,,,22260964,220265914,22261436,"fastphylosig",1,FALSE,,TRUE,"Sys.time",1,"ff931e94d084252edec33d56536ccadc634d7ccbd0648b24f20fe527abee577b","29d7682060c604ca9eeb2b85abee93648622feb608494488500b173787797ac0","d67639a1f2fd33e760596d03ae82e490b54934858879877659925f58117578ff","f844c24aec8660b245ac9856c19129e2d846a1c8014b7512474625ad0697040f","b37a0a94b283ed0818d90cf478940e71da9ef66400a7154756f8e6431734bd2a","49481f0479f5eadb5df1a81ad8fe649ea8412e1af8f8cc51f4164438e3330d9c","0.3.0","isolated_release_library/fastphylosig","d951ecee19c06f3a144ad76c5039302078747585bb3bf829e6f12db15f54775d","isolated_release_library/fastphylosig/libs/<platform>/fastphylosig","c46a5834babd455b546bc65c6549c42ba51e6b47f3c9f222919b7118a5af3280","1bd40080f1ea537b3c73c838dc98ff84940f1064f4e1c4dbfb2dd5063d999bdb","benchmarks/stage5/documentation_fix_release_20261001/fastphylosig_0.3.0.tar.gz","909b7ad27485dcc2d96a7bb1fc70b65b54e93245d75761aca406b9c52f06cbff","2.5.2",0.0229988098144531,0.194924656409289,"ok",TRUE,,"",
"20261001T112848Z","K_moderate_n2000_r05","reference","K","phytools::phylosig","moderate",0.5,2000,5,2000,2000,0,2000,2000,22260964,220265914,22261436,"fastphylosig",2,FALSE,,TRUE,"Sys.time",1,"ff931e94d084252edec33d56536ccadc634d7ccbd0648b24f20fe527abee577b","29d7682060c604ca9eeb2b85abee93648622feb608494488500b173787797ac0","d67639a1f2fd33e760596d03ae82e490b54934858879877659925f58117578ff","f844c24aec8660b245ac9856c19129e2d846a1c8014b7512474625ad0697040f","b37a0a94b283ed0818d90cf478940e71da9ef66400a7154756f8e6431734bd2a","49481f0479f5eadb5df1a81ad8fe649ea8412e1af8f8cc51f4164438e3330d9c","0.3.0","isolated_release_library/fastphylosig","d951ecee19c06f3a144ad76c5039302078747585bb3bf829e6f12db15f54775d","isolated_release_library/fastphylosig/libs/<platform>/fastphylosig","c46a5834babd455b546bc65c6549c42ba51e6b47f3c9f222919b7118a5af3280","1bd40080f1ea537b3c73c838dc98ff84940f1064f4e1c4dbfb2dd5063d999bdb","benchmarks/stage5/documentation_fix_release_20261001/fastphylosig_0.3.0.tar.gz","909b7ad27485dcc2d96a7bb1fc70b65b54e93245d75761aca406b9c52f06cbff","2.5.2",3.91330885887146,0.194924656409325,"ok",TRUE,,"",
"20261001T112848Z","lambda_moderate_n2000_r05","reference","lambda","phytools::phylosig","moderate",0.5,2000,5,2000,2000,0,2000,2000,22260964,220265914,22261438,"reference",1,FALSE,FALSE,TRUE,"Sys.time",1,"ff931e94d084252edec33d56536ccadc634d7ccbd0648b24f20fe527abee577b","29d7682060c604ca9eeb2b85abee93648622feb608494488500b173787797ac0","d67639a1f2fd33e760596d03ae82e490b54934858879877659925f58117578ff","f844c24aec8660b245ac9856c19129e2d846a1c8014b7512474625ad0697040f","b37a0a94b283ed0818d90cf478940e71da9ef66400a7154756f8e6431734bd2a","49481f0479f5eadb5df1a81ad8fe649ea8412e1af8f8cc51f4164438e3330d9c","0.3.0","isolated_release_library/fastphylosig","d951ecee19c06f3a144ad76c5039302078747585bb3bf829e6f12db15f54775d","isolated_release_library/fastphylosig/libs/<platform>/fastphylosig","c46a5834babd455b546bc65c6549c42ba51e6b47f3c9f222919b7118a5af3280","1bd40080f1ea537b3c73c838dc98ff84940f1064f4e1c4dbfb2dd5063d999bdb","benchmarks/stage5/documentation_fix_release_20261001/fastphylosig_0.3.0.tar.gz","909b7ad27485dcc2d96a7bb1fc70b65b54e93245d75761aca406b9c52f06cbff","2.5.2",727.884676933289,0.53964023784219,"ok",TRUE,,"",
"20261001T112848Z","lambda_moderate_n2000_r05","fastphylosig","lambda","phytools::phylosig","moderate",0.5,2000,5,2000,2000,0,,,22260964,220265914,22261438,"reference",2,FALSE,FALSE,TRUE,"Sys.time",1,"ff931e94d084252edec33d56536ccadc634d7ccbd0648b24f20fe527abee577b","29d7682060c604ca9eeb2b85abee93648622feb608494488500b173787797ac0","d67639a1f2fd33e760596d03ae82e490b54934858879877659925f58117578ff","f844c24aec8660b245ac9856c19129e2d846a1c8014b7512474625ad0697040f","b37a0a94b283ed0818d90cf478940e71da9ef66400a7154756f8e6431734bd2a","49481f0479f5eadb5df1a81ad8fe649ea8412e1af8f8cc51f4164438e3330d9c","0.3.0","isolated_release_library/fastphylosig","d951ecee19c06f3a144ad76c5039302078747585bb3bf829e6f12db15f54775d","isolated_release_library/fastphylosig/libs/<platform>/fastphylosig","c46a5834babd455b546bc65c6549c42ba51e6b47f3c9f222919b7118a5af3280","1bd40080f1ea537b3c73c838dc98ff84940f1064f4e1c4dbfb2dd5063d999bdb","benchmarks/stage5/documentation_fix_release_20261001/fastphylosig_0.3.0.tar.gz","909b7ad27485dcc2d96a7bb1fc70b65b54e93245d75761aca406b9c52f06cbff","2.5.2",0.0441188812255859,0.539642148678983,"ok",TRUE,,"",
"20261001T112848Z","K_strong_n2000_r05","reference","K","phytools::phylosig","strong",0.95,2000,5,2000,2000,0,2000,2000,22260964,220265914,22261446,"reference",1,FALSE,,TRUE,"Sys.time",1,"ff931e94d084252edec33d56536ccadc634d7ccbd0648b24f20fe527abee577b","29d7682060c604ca9eeb2b85abee93648622feb608494488500b173787797ac0","d67639a1f2fd33e760596d03ae82e490b54934858879877659925f58117578ff","4a9be2fa3c2c763482ff02d1ef4c0b97932ab9af7ecfeaeb7f554d2d5ba1adc1","dcf6db485f3641f3c89fc01bba3ec1ef2d26fdaea9f751a61655711e5ef336fd","49481f0479f5eadb5df1a81ad8fe649ea8412e1af8f8cc51f4164438e3330d9c","0.3.0","isolated_release_library/fastphylosig","d951ecee19c06f3a144ad76c5039302078747585bb3bf829e6f12db15f54775d","isolated_release_library/fastphylosig/libs/<platform>/fastphylosig","c46a5834babd455b546bc65c6549c42ba51e6b47f3c9f222919b7118a5af3280","1bd40080f1ea537b3c73c838dc98ff84940f1064f4e1c4dbfb2dd5063d999bdb","benchmarks/stage5/documentation_fix_release_20261001/fastphylosig_0.3.0.tar.gz","909b7ad27485dcc2d96a7bb1fc70b65b54e93245d75761aca406b9c52f06cbff","2.5.2",3.62925004959106,0.825741099010138,"ok",TRUE,,"",
"20261001T112848Z","K_strong_n2000_r05","fastphylosig","K","phytools::phylosig","strong",0.95,2000,5,2000,2000,0,,,22260964,220265914,22261446,"reference",2,FALSE,,TRUE,"Sys.time",1,"ff931e94d084252edec33d56536ccadc634d7ccbd0648b24f20fe527abee577b","29d7682060c604ca9eeb2b85abee93648622feb608494488500b173787797ac0","d67639a1f2fd33e760596d03ae82e490b54934858879877659925f58117578ff","4a9be2fa3c2c763482ff02d1ef4c0b97932ab9af7ecfeaeb7f554d2d5ba1adc1","dcf6db485f3641f3c89fc01bba3ec1ef2d26fdaea9f751a61655711e5ef336fd","49481f0479f5eadb5df1a81ad8fe649ea8412e1af8f8cc51f4164438e3330d9c","0.3.0","isolated_release_library/fastphylosig","d951ecee19c06f3a144ad76c5039302078747585bb3bf829e6f12db15f54775d","isolated_release_library/fastphylosig/libs/<platform>/fastphylosig","c46a5834babd455b546bc65c6549c42ba51e6b47f3c9f222919b7118a5af3280","1bd40080f1ea537b3c73c838dc98ff84940f1064f4e1c4dbfb2dd5063d999bdb","benchmarks/stage5/documentation_fix_release_20261001/fastphylosig_0.3.0.tar.gz","909b7ad27485dcc2d96a7bb1fc70b65b54e93245d75761aca406b9c52f06cbff","2.5.2",0.0214128494262695,0.825741099009863,"ok",TRUE,,"",
"20261001T112848Z","lambda_strong_n2000_r05","fastphylosig","lambda","phytools::phylosig","strong",0.95,2000,5,2000,2000,0,,,22260964,220265914,22261448,"fastphylosig",1,FALSE,FALSE,TRUE,"Sys.time",1,"ff931e94d084252edec33d56536ccadc634d7ccbd0648b24f20fe527abee577b","29d7682060c604ca9eeb2b85abee93648622feb608494488500b173787797ac0","d67639a1f2fd33e760596d03ae82e490b54934858879877659925f58117578ff","4a9be2fa3c2c763482ff02d1ef4c0b97932ab9af7ecfeaeb7f554d2d5ba1adc1","dcf6db485f3641f3c89fc01bba3ec1ef2d26fdaea9f751a61655711e5ef336fd","49481f0479f5eadb5df1a81ad8fe649ea8412e1af8f8cc51f4164438e3330d9c","0.3.0","isolated_release_library/fastphylosig","d951ecee19c06f3a144ad76c5039302078747585bb3bf829e6f12db15f54775d","isolated_release_library/fastphylosig/libs/<platform>/fastphylosig","c46a5834babd455b546bc65c6549c42ba51e6b47f3c9f222919b7118a5af3280","1bd40080f1ea537b3c73c838dc98ff84940f1064f4e1c4dbfb2dd5063d999bdb","benchmarks/stage5/documentation_fix_release_20261001/fastphylosig_0.3.0.tar.gz","909b7ad27485dcc2d96a7bb1fc70b65b54e93245d75761aca406b9c52f06cbff","2.5.2",0.0277969837188721,0.966003659082803,"ok",TRUE,,"",
"20261001T112848Z","lambda_strong_n2000_r05","reference","lambda","phytools::phylosig","strong",0.95,2000,5,2000,2000,0,2000,2000,22260964,220265914,22261448,"fastphylosig",2,FALSE,FALSE,TRUE,"Sys.time",1,"ff931e94d084252edec33d56536ccadc634d7ccbd0648b24f20fe527abee577b","29d7682060c604ca9eeb2b85abee93648622feb608494488500b173787797ac0","d67639a1f2fd33e760596d03ae82e490b54934858879877659925f58117578ff","4a9be2fa3c2c763482ff02d1ef4c0b97932ab9af7ecfeaeb7f554d2d5ba1adc1","dcf6db485f3641f3c89fc01bba3ec1ef2d26fdaea9f751a61655711e5ef336fd","49481f0479f5eadb5df1a81ad8fe649ea8412e1af8f8cc51f4164438e3330d9c","0.3.0","isolated_release_library/fastphylosig","d951ecee19c06f3a144ad76c5039302078747585bb3bf829e6f12db15f54775d","isolated_release_library/fastphylosig/libs/<platform>/fastphylosig","c46a5834babd455b546bc65c6549c42ba51e6b47f3c9f222919b7118a5af3280","1bd40080f1ea537b3c73c838dc98ff84940f1064f4e1c4dbfb2dd5063d999bdb","benchmarks/stage5/documentation_fix_release_20261001/fastphylosig_0.3.0.tar.gz","909b7ad27485dcc2d96a7bb1fc70b65b54e93245d75761aca406b9c52f06cbff","2.5.2",698.678722143173,0.965996529103239,"ok",TRUE,,"",
"20261001T112848Z","K_none_n2000_r06","fastphylosig","K","phytools::phylosig","none",0,2000,6,2000,2000,0,,,22260974,220266914,22261526,"fastphylosig",1,FALSE,,TRUE,"Sys.time",1,"59f245ede3efa55d3e5b6a2f1b5845e2dd4e744039e8dedf7b07dc243c1f31e6","5902e5abf666f1ac9eda13181ee71628b473d5f1acd2bfa9235e52de88f665fd","e8db239cc0c416b9730ca9725f6d25b47d1bfd6a36746a3970837d9d95f002b3","e8db239cc0c416b9730ca9725f6d25b47d1bfd6a36746a3970837d9d95f002b3","fb5aa4ddf6470cd6f224d6cca33bb465b6a3042d70830bd9fd86859209195781","49d78044428573b53939ae245473b94f7699ffee5147b5968448a370c3de66ee","0.3.0","isolated_release_library/fastphylosig","d951ecee19c06f3a144ad76c5039302078747585bb3bf829e6f12db15f54775d","isolated_release_library/fastphylosig/libs/<platform>/fastphylosig","c46a5834babd455b546bc65c6549c42ba51e6b47f3c9f222919b7118a5af3280","1bd40080f1ea537b3c73c838dc98ff84940f1064f4e1c4dbfb2dd5063d999bdb","benchmarks/stage5/documentation_fix_release_20261001/fastphylosig_0.3.0.tar.gz","909b7ad27485dcc2d96a7bb1fc70b65b54e93245d75761aca406b9c52f06cbff","2.5.2",0.0230240821838379,0.0968353894608297,"ok",TRUE,,"",
"20261001T112848Z","K_none_n2000_r06","reference","K","phytools::phylosig","none",0,2000,6,2000,2000,0,2000,2000,22260974,220266914,22261526,"fastphylosig",2,FALSE,,TRUE,"Sys.time",1,"59f245ede3efa55d3e5b6a2f1b5845e2dd4e744039e8dedf7b07dc243c1f31e6","5902e5abf666f1ac9eda13181ee71628b473d5f1acd2bfa9235e52de88f665fd","e8db239cc0c416b9730ca9725f6d25b47d1bfd6a36746a3970837d9d95f002b3","e8db239cc0c416b9730ca9725f6d25b47d1bfd6a36746a3970837d9d95f002b3","fb5aa4ddf6470cd6f224d6cca33bb465b6a3042d70830bd9fd86859209195781","49d78044428573b53939ae245473b94f7699ffee5147b5968448a370c3de66ee","0.3.0","isolated_release_library/fastphylosig","d951ecee19c06f3a144ad76c5039302078747585bb3bf829e6f12db15f54775d","isolated_release_library/fastphylosig/libs/<platform>/fastphylosig","c46a5834babd455b546bc65c6549c42ba51e6b47f3c9f222919b7118a5af3280","1bd40080f1ea537b3c73c838dc98ff84940f1064f4e1c4dbfb2dd5063d999bdb","benchmarks/stage5/documentation_fix_release_20261001/fastphylosig_0.3.0.tar.gz","909b7ad27485dcc2d96a7bb1fc70b65b54e93245d75761aca406b9c52f06cbff","2.5.2",3.42109608650208,0.0968353894608306,"ok",TRUE,,"",
"20261001T112848Z","lambda_none_n2000_r06","reference","lambda","phytools::phylosig","none",0,2000,6,2000,2000,0,2000,2000,22260974,220266914,22261528,"reference",1,FALSE,FALSE,TRUE,"Sys.time",1,"59f245ede3efa55d3e5b6a2f1b5845e2dd4e744039e8dedf7b07dc243c1f31e6","5902e5abf666f1ac9eda13181ee71628b473d5f1acd2bfa9235e52de88f665fd","e8db239cc0c416b9730ca9725f6d25b47d1bfd6a36746a3970837d9d95f002b3","e8db239cc0c416b9730ca9725f6d25b47d1bfd6a36746a3970837d9d95f002b3","fb5aa4ddf6470cd6f224d6cca33bb465b6a3042d70830bd9fd86859209195781","49d78044428573b53939ae245473b94f7699ffee5147b5968448a370c3de66ee","0.3.0","isolated_release_library/fastphylosig","d951ecee19c06f3a144ad76c5039302078747585bb3bf829e6f12db15f54775d","isolated_release_library/fastphylosig/libs/<platform>/fastphylosig","c46a5834babd455b546bc65c6549c42ba51e6b47f3c9f222919b7118a5af3280","1bd40080f1ea537b3c73c838dc98ff84940f1064f4e1c4dbfb2dd5063d999bdb","benchmarks/stage5/documentation_fix_release_20261001/fastphylosig_0.3.0.tar.gz","909b7ad27485dcc2d96a7bb1fc70b65b54e93245d75761aca406b9c52f06cbff","2.5.2",675.557110786438,7.33137435857406e-05,"ok",TRUE,,"",
"20261001T112848Z","lambda_none_n2000_r06","fastphylosig","lambda","phytools::phylosig","none",0,2000,6,2000,2000,0,,,22260974,220266914,22261528,"reference",2,FALSE,FALSE,TRUE,"Sys.time",1,"59f245ede3efa55d3e5b6a2f1b5845e2dd4e744039e8dedf7b07dc243c1f31e6","5902e5abf666f1ac9eda13181ee71628b473d5f1acd2bfa9235e52de88f665fd","e8db239cc0c416b9730ca9725f6d25b47d1bfd6a36746a3970837d9d95f002b3","e8db239cc0c416b9730ca9725f6d25b47d1bfd6a36746a3970837d9d95f002b3","fb5aa4ddf6470cd6f224d6cca33bb465b6a3042d70830bd9fd86859209195781","49d78044428573b53939ae245473b94f7699ffee5147b5968448a370c3de66ee","0.3.0","isolated_release_library/fastphylosig","d951ecee19c06f3a144ad76c5039302078747585bb3bf829e6f12db15f54775d","isolated_release_library/fastphylosig/libs/<platform>/fastphylosig","c46a5834babd455b546bc65c6549c42ba51e6b47f3c9f222919b7118a5af3280","1bd40080f1ea537b3c73c838dc98ff84940f1064f4e1c4dbfb2dd5063d999bdb","benchmarks/stage5/documentation_fix_release_20261001/fastphylosig_0.3.0.tar.gz","909b7ad27485dcc2d96a7bb1fc70b65b54e93245d75761aca406b9c52f06cbff","2.5.2",0.0318710803985596,6.6106961351896e-05,"ok",TRUE,,"",
"20261001T112848Z","K_moderate_n2000_r06","reference","K","phytools::phylosig","moderate",0.5,2000,6,2000,2000,0,2000,2000,22260974,220266914,22261536,"reference",1,FALSE,,TRUE,"Sys.time",1,"59f245ede3efa55d3e5b6a2f1b5845e2dd4e744039e8dedf7b07dc243c1f31e6","5902e5abf666f1ac9eda13181ee71628b473d5f1acd2bfa9235e52de88f665fd","e8db239cc0c416b9730ca9725f6d25b47d1bfd6a36746a3970837d9d95f002b3","6760db9933dfe257c8d4646e54d606daf1c76ecaabd7b090f150941746da995c","1cc41c9e18dabd2443f7c6e99616344c7fac432bdf6dd8278d46ab683c35cc2e","49d78044428573b53939ae245473b94f7699ffee5147b5968448a370c3de66ee","0.3.0","isolated_release_library/fastphylosig","d951ecee19c06f3a144ad76c5039302078747585bb3bf829e6f12db15f54775d","isolated_release_library/fastphylosig/libs/<platform>/fastphylosig","c46a5834babd455b546bc65c6549c42ba51e6b47f3c9f222919b7118a5af3280","1bd40080f1ea537b3c73c838dc98ff84940f1064f4e1c4dbfb2dd5063d999bdb","benchmarks/stage5/documentation_fix_release_20261001/fastphylosig_0.3.0.tar.gz","909b7ad27485dcc2d96a7bb1fc70b65b54e93245d75761aca406b9c52f06cbff","2.5.2",3.21391797065735,0.178489358413336,"ok",TRUE,,"",
"20261001T112848Z","K_moderate_n2000_r06","fastphylosig","K","phytools::phylosig","moderate",0.5,2000,6,2000,2000,0,,,22260974,220266914,22261536,"reference",2,FALSE,,TRUE,"Sys.time",1,"59f245ede3efa55d3e5b6a2f1b5845e2dd4e744039e8dedf7b07dc243c1f31e6","5902e5abf666f1ac9eda13181ee71628b473d5f1acd2bfa9235e52de88f665fd","e8db239cc0c416b9730ca9725f6d25b47d1bfd6a36746a3970837d9d95f002b3","6760db9933dfe257c8d4646e54d606daf1c76ecaabd7b090f150941746da995c","1cc41c9e18dabd2443f7c6e99616344c7fac432bdf6dd8278d46ab683c35cc2e","49d78044428573b53939ae245473b94f7699ffee5147b5968448a370c3de66ee","0.3.0","isolated_release_library/fastphylosig","d951ecee19c06f3a144ad76c5039302078747585bb3bf829e6f12db15f54775d","isolated_release_library/fastphylosig/libs/<platform>/fastphylosig","c46a5834babd455b546bc65c6549c42ba51e6b47f3c9f222919b7118a5af3280","1bd40080f1ea537b3c73c838dc98ff84940f1064f4e1c4dbfb2dd5063d999bdb","benchmarks/stage5/documentation_fix_release_20261001/fastphylosig_0.3.0.tar.gz","909b7ad27485dcc2d96a7bb1fc70b65b54e93245d75761aca406b9c52f06cbff","2.5.2",0.0205390453338623,0.178489358413338,"ok",TRUE,,"",
"20261001T112848Z","lambda_moderate_n2000_r06","fastphylosig","lambda","phytools::phylosig","moderate",0.5,2000,6,2000,2000,0,,,22260974,220266914,22261538,"fastphylosig",1,FALSE,FALSE,TRUE,"Sys.time",1,"59f245ede3efa55d3e5b6a2f1b5845e2dd4e744039e8dedf7b07dc243c1f31e6","5902e5abf666f1ac9eda13181ee71628b473d5f1acd2bfa9235e52de88f665fd","e8db239cc0c416b9730ca9725f6d25b47d1bfd6a36746a3970837d9d95f002b3","6760db9933dfe257c8d4646e54d606daf1c76ecaabd7b090f150941746da995c","1cc41c9e18dabd2443f7c6e99616344c7fac432bdf6dd8278d46ab683c35cc2e","49d78044428573b53939ae245473b94f7699ffee5147b5968448a370c3de66ee","0.3.0","isolated_release_library/fastphylosig","d951ecee19c06f3a144ad76c5039302078747585bb3bf829e6f12db15f54775d","isolated_release_library/fastphylosig/libs/<platform>/fastphylosig","c46a5834babd455b546bc65c6549c42ba51e6b47f3c9f222919b7118a5af3280","1bd40080f1ea537b3c73c838dc98ff84940f1064f4e1c4dbfb2dd5063d999bdb","benchmarks/stage5/documentation_fix_release_20261001/fastphylosig_0.3.0.tar.gz","909b7ad27485dcc2d96a7bb1fc70b65b54e93245d75761aca406b9c52f06cbff","2.5.2",0.0243470668792725,0.490476126973654,"ok",TRUE,,"",
"20261001T112848Z","lambda_moderate_n2000_r06","reference","lambda","phytools::phylosig","moderate",0.5,2000,6,2000,2000,0,2000,2000,22260974,220266914,22261538,"fastphylosig",2,FALSE,FALSE,TRUE,"Sys.time",1,"59f245ede3efa55d3e5b6a2f1b5845e2dd4e744039e8dedf7b07dc243c1f31e6","5902e5abf666f1ac9eda13181ee71628b473d5f1acd2bfa9235e52de88f665fd","e8db239cc0c416b9730ca9725f6d25b47d1bfd6a36746a3970837d9d95f002b3","6760db9933dfe257c8d4646e54d606daf1c76ecaabd7b090f150941746da995c","1cc41c9e18dabd2443f7c6e99616344c7fac432bdf6dd8278d46ab683c35cc2e","49d78044428573b53939ae245473b94f7699ffee5147b5968448a370c3de66ee","0.3.0","isolated_release_library/fastphylosig","d951ecee19c06f3a144ad76c5039302078747585bb3bf829e6f12db15f54775d","isolated_release_library/fastphylosig/libs/<platform>/fastphylosig","c46a5834babd455b546bc65c6549c42ba51e6b47f3c9f222919b7118a5af3280","1bd40080f1ea537b3c73c838dc98ff84940f1064f4e1c4dbfb2dd5063d999bdb","benchmarks/stage5/documentation_fix_release_20261001/fastphylosig_0.3.0.tar.gz","909b7ad27485dcc2d96a7bb1fc70b65b54e93245d75761aca406b9c52f06cbff","2.5.2",638.812299966812,0.490485835324132,"ok",TRUE,,"",
"20261001T112848Z","K_strong_n2000_r06","fastphylosig","K","phytools::phylosig","strong",0.95,2000,6,2000,2000,0,,,22260974,220266914,22261546,"fastphylosig",1,FALSE,,TRUE,"Sys.time",1,"59f245ede3efa55d3e5b6a2f1b5845e2dd4e744039e8dedf7b07dc243c1f31e6","5902e5abf666f1ac9eda13181ee71628b473d5f1acd2bfa9235e52de88f665fd","e8db239cc0c416b9730ca9725f6d25b47d1bfd6a36746a3970837d9d95f002b3","3217a9984d673de5974f366e723bfb719b50016c0a5f34ee9d49dfcaef55d46e","8644127282fe74007e7555ced845a8e1a19ec835be87b9cfc5e39c219d2fdbc1","49d78044428573b53939ae245473b94f7699ffee5147b5968448a370c3de66ee","0.3.0","isolated_release_library/fastphylosig","d951ecee19c06f3a144ad76c5039302078747585bb3bf829e6f12db15f54775d","isolated_release_library/fastphylosig/libs/<platform>/fastphylosig","c46a5834babd455b546bc65c6549c42ba51e6b47f3c9f222919b7118a5af3280","1bd40080f1ea537b3c73c838dc98ff84940f1064f4e1c4dbfb2dd5063d999bdb","benchmarks/stage5/documentation_fix_release_20261001/fastphylosig_0.3.0.tar.gz","909b7ad27485dcc2d96a7bb1fc70b65b54e93245d75761aca406b9c52f06cbff","2.5.2",0.0211031436920166,0.677842626795149,"ok",TRUE,,"",
"20261001T112848Z","K_strong_n2000_r06","reference","K","phytools::phylosig","strong",0.95,2000,6,2000,2000,0,2000,2000,22260974,220266914,22261546,"fastphylosig",2,FALSE,,TRUE,"Sys.time",1,"59f245ede3efa55d3e5b6a2f1b5845e2dd4e744039e8dedf7b07dc243c1f31e6","5902e5abf666f1ac9eda13181ee71628b473d5f1acd2bfa9235e52de88f665fd","e8db239cc0c416b9730ca9725f6d25b47d1bfd6a36746a3970837d9d95f002b3","3217a9984d673de5974f366e723bfb719b50016c0a5f34ee9d49dfcaef55d46e","8644127282fe74007e7555ced845a8e1a19ec835be87b9cfc5e39c219d2fdbc1","49d78044428573b53939ae245473b94f7699ffee5147b5968448a370c3de66ee","0.3.0","isolated_release_library/fastphylosig","d951ecee19c06f3a144ad76c5039302078747585bb3bf829e6f12db15f54775d","isolated_release_library/fastphylosig/libs/<platform>/fastphylosig","c46a5834babd455b546bc65c6549c42ba51e6b47f3c9f222919b7118a5af3280","1bd40080f1ea537b3c73c838dc98ff84940f1064f4e1c4dbfb2dd5063d999bdb","benchmarks/stage5/documentation_fix_release_20261001/fastphylosig_0.3.0.tar.gz","909b7ad27485dcc2d96a7bb1fc70b65b54e93245d75761aca406b9c52f06cbff","2.5.2",3.1985490322113,0.677842626795145,"ok",TRUE,,"",
"20261001T112848Z","lambda_strong_n2000_r06","reference","lambda","phytools::phylosig","strong",0.95,2000,6,2000,2000,0,2000,2000,22260974,220266914,22261548,"reference",1,FALSE,FALSE,TRUE,"Sys.time",1,"59f245ede3efa55d3e5b6a2f1b5845e2dd4e744039e8dedf7b07dc243c1f31e6","5902e5abf666f1ac9eda13181ee71628b473d5f1acd2bfa9235e52de88f665fd","e8db239cc0c416b9730ca9725f6d25b47d1bfd6a36746a3970837d9d95f002b3","3217a9984d673de5974f366e723bfb719b50016c0a5f34ee9d49dfcaef55d46e","8644127282fe74007e7555ced845a8e1a19ec835be87b9cfc5e39c219d2fdbc1","49d78044428573b53939ae245473b94f7699ffee5147b5968448a370c3de66ee","0.3.0","isolated_release_library/fastphylosig","d951ecee19c06f3a144ad76c5039302078747585bb3bf829e6f12db15f54775d","isolated_release_library/fastphylosig/libs/<platform>/fastphylosig","c46a5834babd455b546bc65c6549c42ba51e6b47f3c9f222919b7118a5af3280","1bd40080f1ea537b3c73c838dc98ff84940f1064f4e1c4dbfb2dd5063d999bdb","benchmarks/stage5/documentation_fix_release_20261001/fastphylosig_0.3.0.tar.gz","909b7ad27485dcc2d96a7bb1fc70b65b54e93245d75761aca406b9c52f06cbff","2.5.2",707.612711906433,0.955558163790849,"ok",TRUE,,"",
"20261001T112848Z","lambda_strong_n2000_r06","fastphylosig","lambda","phytools::phylosig","strong",0.95,2000,6,2000,2000,0,,,22260974,220266914,22261548,"reference",2,FALSE,FALSE,TRUE,"Sys.time",1,"59f245ede3efa55d3e5b6a2f1b5845e2dd4e744039e8dedf7b07dc243c1f31e6","5902e5abf666f1ac9eda13181ee71628b473d5f1acd2bfa9235e52de88f665fd","e8db239cc0c416b9730ca9725f6d25b47d1bfd6a36746a3970837d9d95f002b3","3217a9984d673de5974f366e723bfb719b50016c0a5f34ee9d49dfcaef55d46e","8644127282fe74007e7555ced845a8e1a19ec835be87b9cfc5e39c219d2fdbc1","49d78044428573b53939ae245473b94f7699ffee5147b5968448a370c3de66ee","0.3.0","isolated_release_library/fastphylosig","d951ecee19c06f3a144ad76c5039302078747585bb3bf829e6f12db15f54775d","isolated_release_library/fastphylosig/libs/<platform>/fastphylosig","c46a5834babd455b546bc65c6549c42ba51e6b47f3c9f222919b7118a5af3280","1bd40080f1ea537b3c73c838dc98ff84940f1064f4e1c4dbfb2dd5063d999bdb","benchmarks/stage5/documentation_fix_release_20261001/fastphylosig_0.3.0.tar.gz","909b7ad27485dcc2d96a7bb1fc70b65b54e93245d75761aca406b9c52f06cbff","2.5.2",0.0439658164978027,0.955549873191215,"ok",TRUE,,"",
"20261001T112848Z","K_none_n2000_r07","reference","K","phytools::phylosig","none",0,2000,7,2000,2000,0,2000,2000,22260984,220267914,22261626,"reference",1,FALSE,,TRUE,"Sys.time",1,"849c6dfbc10e1c15dc06bea0df04a012abceb171c75b2197b592c304baa6a05e","740af1b92b2cf0eabcfb10ce8cbca0d0531771b29f8281468e6f1aba5c621066","23e7245e1bb479e1f188baad925e165b587ea0f9e70f9c58e840bba855796ba0","23e7245e1bb479e1f188baad925e165b587ea0f9e70f9c58e840bba855796ba0","13e75e654131943d750dad2db1ff582617f9525425a5c42a30fd0ab5b3bc9eeb","907206d50699866fdde089f1cdaf34d2b80320375d36e8e54e1956737a855acb","0.3.0","isolated_release_library/fastphylosig","d951ecee19c06f3a144ad76c5039302078747585bb3bf829e6f12db15f54775d","isolated_release_library/fastphylosig/libs/<platform>/fastphylosig","c46a5834babd455b546bc65c6549c42ba51e6b47f3c9f222919b7118a5af3280","1bd40080f1ea537b3c73c838dc98ff84940f1064f4e1c4dbfb2dd5063d999bdb","benchmarks/stage5/documentation_fix_release_20261001/fastphylosig_0.3.0.tar.gz","909b7ad27485dcc2d96a7bb1fc70b65b54e93245d75761aca406b9c52f06cbff","2.5.2",2.83795809745789,0.100610522548651,"ok",TRUE,,"",
"20261001T112848Z","K_none_n2000_r07","fastphylosig","K","phytools::phylosig","none",0,2000,7,2000,2000,0,,,22260984,220267914,22261626,"reference",2,FALSE,,TRUE,"Sys.time",1,"849c6dfbc10e1c15dc06bea0df04a012abceb171c75b2197b592c304baa6a05e","740af1b92b2cf0eabcfb10ce8cbca0d0531771b29f8281468e6f1aba5c621066","23e7245e1bb479e1f188baad925e165b587ea0f9e70f9c58e840bba855796ba0","23e7245e1bb479e1f188baad925e165b587ea0f9e70f9c58e840bba855796ba0","13e75e654131943d750dad2db1ff582617f9525425a5c42a30fd0ab5b3bc9eeb","907206d50699866fdde089f1cdaf34d2b80320375d36e8e54e1956737a855acb","0.3.0","isolated_release_library/fastphylosig","d951ecee19c06f3a144ad76c5039302078747585bb3bf829e6f12db15f54775d","isolated_release_library/fastphylosig/libs/<platform>/fastphylosig","c46a5834babd455b546bc65c6549c42ba51e6b47f3c9f222919b7118a5af3280","1bd40080f1ea537b3c73c838dc98ff84940f1064f4e1c4dbfb2dd5063d999bdb","benchmarks/stage5/documentation_fix_release_20261001/fastphylosig_0.3.0.tar.gz","909b7ad27485dcc2d96a7bb1fc70b65b54e93245d75761aca406b9c52f06cbff","2.5.2",0.024724006652832,0.100610522548651,"ok",TRUE,,"",
"20261001T112848Z","lambda_none_n2000_r07","fastphylosig","lambda","phytools::phylosig","none",0,2000,7,2000,2000,0,,,22260984,220267914,22261628,"fastphylosig",1,FALSE,FALSE,TRUE,"Sys.time",1,"849c6dfbc10e1c15dc06bea0df04a012abceb171c75b2197b592c304baa6a05e","740af1b92b2cf0eabcfb10ce8cbca0d0531771b29f8281468e6f1aba5c621066","23e7245e1bb479e1f188baad925e165b587ea0f9e70f9c58e840bba855796ba0","23e7245e1bb479e1f188baad925e165b587ea0f9e70f9c58e840bba855796ba0","13e75e654131943d750dad2db1ff582617f9525425a5c42a30fd0ab5b3bc9eeb","907206d50699866fdde089f1cdaf34d2b80320375d36e8e54e1956737a855acb","0.3.0","isolated_release_library/fastphylosig","d951ecee19c06f3a144ad76c5039302078747585bb3bf829e6f12db15f54775d","isolated_release_library/fastphylosig/libs/<platform>/fastphylosig","c46a5834babd455b546bc65c6549c42ba51e6b47f3c9f222919b7118a5af3280","1bd40080f1ea537b3c73c838dc98ff84940f1064f4e1c4dbfb2dd5063d999bdb","benchmarks/stage5/documentation_fix_release_20261001/fastphylosig_0.3.0.tar.gz","909b7ad27485dcc2d96a7bb1fc70b65b54e93245d75761aca406b9c52f06cbff","2.5.2",0.0303781032562256,0.00137236197691972,"ok",TRUE,,"",
"20261001T112848Z","lambda_none_n2000_r07","reference","lambda","phytools::phylosig","none",0,2000,7,2000,2000,0,2000,2000,22260984,220267914,22261628,"fastphylosig",2,FALSE,FALSE,TRUE,"Sys.time",1,"849c6dfbc10e1c15dc06bea0df04a012abceb171c75b2197b592c304baa6a05e","740af1b92b2cf0eabcfb10ce8cbca0d0531771b29f8281468e6f1aba5c621066","23e7245e1bb479e1f188baad925e165b587ea0f9e70f9c58e840bba855796ba0","23e7245e1bb479e1f188baad925e165b587ea0f9e70f9c58e840bba855796ba0","13e75e654131943d750dad2db1ff582617f9525425a5c42a30fd0ab5b3bc9eeb","907206d50699866fdde089f1cdaf34d2b80320375d36e8e54e1956737a855acb","0.3.0","isolated_release_library/fastphylosig","d951ecee19c06f3a144ad76c5039302078747585bb3bf829e6f12db15f54775d","isolated_release_library/fastphylosig/libs/<platform>/fastphylosig","c46a5834babd455b546bc65c6549c42ba51e6b47f3c9f222919b7118a5af3280","1bd40080f1ea537b3c73c838dc98ff84940f1064f4e1c4dbfb2dd5063d999bdb","benchmarks/stage5/documentation_fix_release_20261001/fastphylosig_0.3.0.tar.gz","909b7ad27485dcc2d96a7bb1fc70b65b54e93245d75761aca406b9c52f06cbff","2.5.2",605.3251080513,0.00139218236863214,"ok",TRUE,,"",
"20261001T112848Z","K_moderate_n2000_r07","fastphylosig","K","phytools::phylosig","moderate",0.5,2000,7,2000,2000,0,,,22260984,220267914,22261636,"fastphylosig",1,FALSE,,TRUE,"Sys.time",1,"849c6dfbc10e1c15dc06bea0df04a012abceb171c75b2197b592c304baa6a05e","740af1b92b2cf0eabcfb10ce8cbca0d0531771b29f8281468e6f1aba5c621066","23e7245e1bb479e1f188baad925e165b587ea0f9e70f9c58e840bba855796ba0","19a541c954f824906f32ca2d84085294061cc2c285be5ad1d3f5e6865979a9c6","13a3404eaab28d751361f20a24d401bc9dfb57f8ff90533378ae883f12504b57","907206d50699866fdde089f1cdaf34d2b80320375d36e8e54e1956737a855acb","0.3.0","isolated_release_library/fastphylosig","d951ecee19c06f3a144ad76c5039302078747585bb3bf829e6f12db15f54775d","isolated_release_library/fastphylosig/libs/<platform>/fastphylosig","c46a5834babd455b546bc65c6549c42ba51e6b47f3c9f222919b7118a5af3280","1bd40080f1ea537b3c73c838dc98ff84940f1064f4e1c4dbfb2dd5063d999bdb","benchmarks/stage5/documentation_fix_release_20261001/fastphylosig_0.3.0.tar.gz","909b7ad27485dcc2d96a7bb1fc70b65b54e93245d75761aca406b9c52f06cbff","2.5.2",0.0242090225219727,0.176138172091676,"ok",TRUE,,"",
"20261001T112848Z","K_moderate_n2000_r07","reference","K","phytools::phylosig","moderate",0.5,2000,7,2000,2000,0,2000,2000,22260984,220267914,22261636,"fastphylosig",2,FALSE,,TRUE,"Sys.time",1,"849c6dfbc10e1c15dc06bea0df04a012abceb171c75b2197b592c304baa6a05e","740af1b92b2cf0eabcfb10ce8cbca0d0531771b29f8281468e6f1aba5c621066","23e7245e1bb479e1f188baad925e165b587ea0f9e70f9c58e840bba855796ba0","19a541c954f824906f32ca2d84085294061cc2c285be5ad1d3f5e6865979a9c6","13a3404eaab28d751361f20a24d401bc9dfb57f8ff90533378ae883f12504b57","907206d50699866fdde089f1cdaf34d2b80320375d36e8e54e1956737a855acb","0.3.0","isolated_release_library/fastphylosig","d951ecee19c06f3a144ad76c5039302078747585bb3bf829e6f12db15f54775d","isolated_release_library/fastphylosig/libs/<platform>/fastphylosig","c46a5834babd455b546bc65c6549c42ba51e6b47f3c9f222919b7118a5af3280","1bd40080f1ea537b3c73c838dc98ff84940f1064f4e1c4dbfb2dd5063d999bdb","benchmarks/stage5/documentation_fix_release_20261001/fastphylosig_0.3.0.tar.gz","909b7ad27485dcc2d96a7bb1fc70b65b54e93245d75761aca406b9c52f06cbff","2.5.2",2.5912549495697,0.176138172091675,"ok",TRUE,,"",
"20261001T112848Z","lambda_moderate_n2000_r07","reference","lambda","phytools::phylosig","moderate",0.5,2000,7,2000,2000,0,2000,2000,22260984,220267914,22261638,"reference",1,FALSE,FALSE,TRUE,"Sys.time",1,"849c6dfbc10e1c15dc06bea0df04a012abceb171c75b2197b592c304baa6a05e","740af1b92b2cf0eabcfb10ce8cbca0d0531771b29f8281468e6f1aba5c621066","23e7245e1bb479e1f188baad925e165b587ea0f9e70f9c58e840bba855796ba0","19a541c954f824906f32ca2d84085294061cc2c285be5ad1d3f5e6865979a9c6","13a3404eaab28d751361f20a24d401bc9dfb57f8ff90533378ae883f12504b57","907206d50699866fdde089f1cdaf34d2b80320375d36e8e54e1956737a855acb","0.3.0","isolated_release_library/fastphylosig","d951ecee19c06f3a144ad76c5039302078747585bb3bf829e6f12db15f54775d","isolated_release_library/fastphylosig/libs/<platform>/fastphylosig","c46a5834babd455b546bc65c6549c42ba51e6b47f3c9f222919b7118a5af3280","1bd40080f1ea537b3c73c838dc98ff84940f1064f4e1c4dbfb2dd5063d999bdb","benchmarks/stage5/documentation_fix_release_20261001/fastphylosig_0.3.0.tar.gz","909b7ad27485dcc2d96a7bb1fc70b65b54e93245d75761aca406b9c52f06cbff","2.5.2",567.797429084778,0.575428155425264,"ok",TRUE,,"",
"20261001T112848Z","lambda_moderate_n2000_r07","fastphylosig","lambda","phytools::phylosig","moderate",0.5,2000,7,2000,2000,0,,,22260984,220267914,22261638,"reference",2,FALSE,FALSE,TRUE,"Sys.time",1,"849c6dfbc10e1c15dc06bea0df04a012abceb171c75b2197b592c304baa6a05e","740af1b92b2cf0eabcfb10ce8cbca0d0531771b29f8281468e6f1aba5c621066","23e7245e1bb479e1f188baad925e165b587ea0f9e70f9c58e840bba855796ba0","19a541c954f824906f32ca2d84085294061cc2c285be5ad1d3f5e6865979a9c6","13a3404eaab28d751361f20a24d401bc9dfb57f8ff90533378ae883f12504b57","907206d50699866fdde089f1cdaf34d2b80320375d36e8e54e1956737a855acb","0.3.0","isolated_release_library/fastphylosig","d951ecee19c06f3a144ad76c5039302078747585bb3bf829e6f12db15f54775d","isolated_release_library/fastphylosig/libs/<platform>/fastphylosig","c46a5834babd455b546bc65c6549c42ba51e6b47f3c9f222919b7118a5af3280","1bd40080f1ea537b3c73c838dc98ff84940f1064f4e1c4dbfb2dd5063d999bdb","benchmarks/stage5/documentation_fix_release_20261001/fastphylosig_0.3.0.tar.gz","909b7ad27485dcc2d96a7bb1fc70b65b54e93245d75761aca406b9c52f06cbff","2.5.2",0.031876802444458,0.575441035123717,"ok",TRUE,,"",
"20261001T112848Z","K_strong_n2000_r07","reference","K","phytools::phylosig","strong",0.95,2000,7,2000,2000,0,2000,2000,22260984,220267914,22261646,"reference",1,FALSE,,TRUE,"Sys.time",1,"849c6dfbc10e1c15dc06bea0df04a012abceb171c75b2197b592c304baa6a05e","740af1b92b2cf0eabcfb10ce8cbca0d0531771b29f8281468e6f1aba5c621066","23e7245e1bb479e1f188baad925e165b587ea0f9e70f9c58e840bba855796ba0","daf3cb8c95d5c33e43819ddb1913829fb48f7124f7520dbf0a8274b4b1867971","c459a3186d01512530c5a87b2b20b839a2c425fe952d40f8da3a5f2beed913ac","907206d50699866fdde089f1cdaf34d2b80320375d36e8e54e1956737a855acb","0.3.0","isolated_release_library/fastphylosig","d951ecee19c06f3a144ad76c5039302078747585bb3bf829e6f12db15f54775d","isolated_release_library/fastphylosig/libs/<platform>/fastphylosig","c46a5834babd455b546bc65c6549c42ba51e6b47f3c9f222919b7118a5af3280","1bd40080f1ea537b3c73c838dc98ff84940f1064f4e1c4dbfb2dd5063d999bdb","benchmarks/stage5/documentation_fix_release_20261001/fastphylosig_0.3.0.tar.gz","909b7ad27485dcc2d96a7bb1fc70b65b54e93245d75761aca406b9c52f06cbff","2.5.2",2.70946288108826,0.634127766749422,"ok",TRUE,,"",
"20261001T112848Z","K_strong_n2000_r07","fastphylosig","K","phytools::phylosig","strong",0.95,2000,7,2000,2000,0,,,22260984,220267914,22261646,"reference",2,FALSE,,TRUE,"Sys.time",1,"849c6dfbc10e1c15dc06bea0df04a012abceb171c75b2197b592c304baa6a05e","740af1b92b2cf0eabcfb10ce8cbca0d0531771b29f8281468e6f1aba5c621066","23e7245e1bb479e1f188baad925e165b587ea0f9e70f9c58e840bba855796ba0","daf3cb8c95d5c33e43819ddb1913829fb48f7124f7520dbf0a8274b4b1867971","c459a3186d01512530c5a87b2b20b839a2c425fe952d40f8da3a5f2beed913ac","907206d50699866fdde089f1cdaf34d2b80320375d36e8e54e1956737a855acb","0.3.0","isolated_release_library/fastphylosig","d951ecee19c06f3a144ad76c5039302078747585bb3bf829e6f12db15f54775d","isolated_release_library/fastphylosig/libs/<platform>/fastphylosig","c46a5834babd455b546bc65c6549c42ba51e6b47f3c9f222919b7118a5af3280","1bd40080f1ea537b3c73c838dc98ff84940f1064f4e1c4dbfb2dd5063d999bdb","benchmarks/stage5/documentation_fix_release_20261001/fastphylosig_0.3.0.tar.gz","909b7ad27485dcc2d96a7bb1fc70b65b54e93245d75761aca406b9c52f06cbff","2.5.2",0.028217077255249,0.634127766749421,"ok",TRUE,,"",
"20261001T112848Z","lambda_strong_n2000_r07","fastphylosig","lambda","phytools::phylosig","strong",0.95,2000,7,2000,2000,0,,,22260984,220267914,22261648,"fastphylosig",1,FALSE,FALSE,TRUE,"Sys.time",1,"849c6dfbc10e1c15dc06bea0df04a012abceb171c75b2197b592c304baa6a05e","740af1b92b2cf0eabcfb10ce8cbca0d0531771b29f8281468e6f1aba5c621066","23e7245e1bb479e1f188baad925e165b587ea0f9e70f9c58e840bba855796ba0","daf3cb8c95d5c33e43819ddb1913829fb48f7124f7520dbf0a8274b4b1867971","c459a3186d01512530c5a87b2b20b839a2c425fe952d40f8da3a5f2beed913ac","907206d50699866fdde089f1cdaf34d2b80320375d36e8e54e1956737a855acb","0.3.0","isolated_release_library/fastphylosig","d951ecee19c06f3a144ad76c5039302078747585bb3bf829e6f12db15f54775d","isolated_release_library/fastphylosig/libs/<platform>/fastphylosig","c46a5834babd455b546bc65c6549c42ba51e6b47f3c9f222919b7118a5af3280","1bd40080f1ea537b3c73c838dc98ff84940f1064f4e1c4dbfb2dd5063d999bdb","benchmarks/stage5/documentation_fix_release_20261001/fastphylosig_0.3.0.tar.gz","909b7ad27485dcc2d96a7bb1fc70b65b54e93245d75761aca406b9c52f06cbff","2.5.2",0.0300819873809814,0.971758736377976,"ok",TRUE,,"",
"20261001T112848Z","lambda_strong_n2000_r07","reference","lambda","phytools::phylosig","strong",0.95,2000,7,2000,2000,0,2000,2000,22260984,220267914,22261648,"fastphylosig",2,FALSE,FALSE,TRUE,"Sys.time",1,"849c6dfbc10e1c15dc06bea0df04a012abceb171c75b2197b592c304baa6a05e","740af1b92b2cf0eabcfb10ce8cbca0d0531771b29f8281468e6f1aba5c621066","23e7245e1bb479e1f188baad925e165b587ea0f9e70f9c58e840bba855796ba0","daf3cb8c95d5c33e43819ddb1913829fb48f7124f7520dbf0a8274b4b1867971","c459a3186d01512530c5a87b2b20b839a2c425fe952d40f8da3a5f2beed913ac","907206d50699866fdde089f1cdaf34d2b80320375d36e8e54e1956737a855acb","0.3.0","isolated_release_library/fastphylosig","d951ecee19c06f3a144ad76c5039302078747585bb3bf829e6f12db15f54775d","isolated_release_library/fastphylosig/libs/<platform>/fastphylosig","c46a5834babd455b546bc65c6549c42ba51e6b47f3c9f222919b7118a5af3280","1bd40080f1ea537b3c73c838dc98ff84940f1064f4e1c4dbfb2dd5063d999bdb","benchmarks/stage5/documentation_fix_release_20261001/fastphylosig_0.3.0.tar.gz","909b7ad27485dcc2d96a7bb1fc70b65b54e93245d75761aca406b9c52f06cbff","2.5.2",540.75169301033,0.971773432657694,"ok",TRUE,,"",
"20261001T112848Z","K_none_n2000_r08","fastphylosig","K","phytools::phylosig","none",0,2000,8,2000,2000,0,,,22260994,220268914,22261726,"fastphylosig",1,FALSE,,TRUE,"Sys.time",1,"d185164d78dfc107c4cd04760e1959ef8f5fab0509deb3d00bcccb62ca1212d3","5d4bb758a4949617e2570e6f8dc20e83a0ccb2bc7abb07abdc382c1fb8a89378","bf3715ebe78cac3adc45406e9b2f45804954eb82f377f2ce6080c652d089dc2b","bf3715ebe78cac3adc45406e9b2f45804954eb82f377f2ce6080c652d089dc2b","b61acffbccd5fab95bd289f4c8bc65391c6977a6e44d7978b0c4ce1d789e17f3","4ce4cf9548e2688e37cf52bbef81ef0dbbd857cd1601cd962ff902e6efd21c97","0.3.0","isolated_release_library/fastphylosig","d951ecee19c06f3a144ad76c5039302078747585bb3bf829e6f12db15f54775d","isolated_release_library/fastphylosig/libs/<platform>/fastphylosig","c46a5834babd455b546bc65c6549c42ba51e6b47f3c9f222919b7118a5af3280","1bd40080f1ea537b3c73c838dc98ff84940f1064f4e1c4dbfb2dd5063d999bdb","benchmarks/stage5/documentation_fix_release_20261001/fastphylosig_0.3.0.tar.gz","909b7ad27485dcc2d96a7bb1fc70b65b54e93245d75761aca406b9c52f06cbff","2.5.2",0.0242998600006104,0.0964395524771154,"ok",TRUE,,"",
"20261001T112848Z","K_none_n2000_r08","reference","K","phytools::phylosig","none",0,2000,8,2000,2000,0,2000,2000,22260994,220268914,22261726,"fastphylosig",2,FALSE,,TRUE,"Sys.time",1,"d185164d78dfc107c4cd04760e1959ef8f5fab0509deb3d00bcccb62ca1212d3","5d4bb758a4949617e2570e6f8dc20e83a0ccb2bc7abb07abdc382c1fb8a89378","bf3715ebe78cac3adc45406e9b2f45804954eb82f377f2ce6080c652d089dc2b","bf3715ebe78cac3adc45406e9b2f45804954eb82f377f2ce6080c652d089dc2b","b61acffbccd5fab95bd289f4c8bc65391c6977a6e44d7978b0c4ce1d789e17f3","4ce4cf9548e2688e37cf52bbef81ef0dbbd857cd1601cd962ff902e6efd21c97","0.3.0","isolated_release_library/fastphylosig","d951ecee19c06f3a144ad76c5039302078747585bb3bf829e6f12db15f54775d","isolated_release_library/fastphylosig/libs/<platform>/fastphylosig","c46a5834babd455b546bc65c6549c42ba51e6b47f3c9f222919b7118a5af3280","1bd40080f1ea537b3c73c838dc98ff84940f1064f4e1c4dbfb2dd5063d999bdb","benchmarks/stage5/documentation_fix_release_20261001/fastphylosig_0.3.0.tar.gz","909b7ad27485dcc2d96a7bb1fc70b65b54e93245d75761aca406b9c52f06cbff","2.5.2",3.57289290428162,0.0964395524771141,"ok",TRUE,,"",
"20261001T112848Z","lambda_none_n2000_r08","reference","lambda","phytools::phylosig","none",0,2000,8,2000,2000,0,2000,2000,22260994,220268914,22261728,"reference",1,FALSE,FALSE,TRUE,"Sys.time",1,"d185164d78dfc107c4cd04760e1959ef8f5fab0509deb3d00bcccb62ca1212d3","5d4bb758a4949617e2570e6f8dc20e83a0ccb2bc7abb07abdc382c1fb8a89378","bf3715ebe78cac3adc45406e9b2f45804954eb82f377f2ce6080c652d089dc2b","bf3715ebe78cac3adc45406e9b2f45804954eb82f377f2ce6080c652d089dc2b","b61acffbccd5fab95bd289f4c8bc65391c6977a6e44d7978b0c4ce1d789e17f3","4ce4cf9548e2688e37cf52bbef81ef0dbbd857cd1601cd962ff902e6efd21c97","0.3.0","isolated_release_library/fastphylosig","d951ecee19c06f3a144ad76c5039302078747585bb3bf829e6f12db15f54775d","isolated_release_library/fastphylosig/libs/<platform>/fastphylosig","c46a5834babd455b546bc65c6549c42ba51e6b47f3c9f222919b7118a5af3280","1bd40080f1ea537b3c73c838dc98ff84940f1064f4e1c4dbfb2dd5063d999bdb","benchmarks/stage5/documentation_fix_release_20261001/fastphylosig_0.3.0.tar.gz","909b7ad27485dcc2d96a7bb1fc70b65b54e93245d75761aca406b9c52f06cbff","2.5.2",722.690990924835,7.33137435857406e-05,"ok",TRUE,,"",
"20261001T112848Z","lambda_none_n2000_r08","fastphylosig","lambda","phytools::phylosig","none",0,2000,8,2000,2000,0,,,22260994,220268914,22261728,"reference",2,FALSE,FALSE,TRUE,"Sys.time",1,"d185164d78dfc107c4cd04760e1959ef8f5fab0509deb3d00bcccb62ca1212d3","5d4bb758a4949617e2570e6f8dc20e83a0ccb2bc7abb07abdc382c1fb8a89378","bf3715ebe78cac3adc45406e9b2f45804954eb82f377f2ce6080c652d089dc2b","bf3715ebe78cac3adc45406e9b2f45804954eb82f377f2ce6080c652d089dc2b","b61acffbccd5fab95bd289f4c8bc65391c6977a6e44d7978b0c4ce1d789e17f3","4ce4cf9548e2688e37cf52bbef81ef0dbbd857cd1601cd962ff902e6efd21c97","0.3.0","isolated_release_library/fastphylosig","d951ecee19c06f3a144ad76c5039302078747585bb3bf829e6f12db15f54775d","isolated_release_library/fastphylosig/libs/<platform>/fastphylosig","c46a5834babd455b546bc65c6549c42ba51e6b47f3c9f222919b7118a5af3280","1bd40080f1ea537b3c73c838dc98ff84940f1064f4e1c4dbfb2dd5063d999bdb","benchmarks/stage5/documentation_fix_release_20261001/fastphylosig_0.3.0.tar.gz","909b7ad27485dcc2d96a7bb1fc70b65b54e93245d75761aca406b9c52f06cbff","2.5.2",0.0343649387359619,6.6106961351896e-05,"ok",TRUE,,"",
"20261001T112848Z","K_moderate_n2000_r08","reference","K","phytools::phylosig","moderate",0.5,2000,8,2000,2000,0,2000,2000,22260994,220268914,22261736,"reference",1,FALSE,,TRUE,"Sys.time",1,"d185164d78dfc107c4cd04760e1959ef8f5fab0509deb3d00bcccb62ca1212d3","5d4bb758a4949617e2570e6f8dc20e83a0ccb2bc7abb07abdc382c1fb8a89378","bf3715ebe78cac3adc45406e9b2f45804954eb82f377f2ce6080c652d089dc2b","b89e3c6046de9cfeb931ae91d74edf3140c04048b799c054f507ec24a79f7c6b","cf383b02a9cf4b6e8ca401a12db3a59888711acc39e2e23155cf765fd1189660","4ce4cf9548e2688e37cf52bbef81ef0dbbd857cd1601cd962ff902e6efd21c97","0.3.0","isolated_release_library/fastphylosig","d951ecee19c06f3a144ad76c5039302078747585bb3bf829e6f12db15f54775d","isolated_release_library/fastphylosig/libs/<platform>/fastphylosig","c46a5834babd455b546bc65c6549c42ba51e6b47f3c9f222919b7118a5af3280","1bd40080f1ea537b3c73c838dc98ff84940f1064f4e1c4dbfb2dd5063d999bdb","benchmarks/stage5/documentation_fix_release_20261001/fastphylosig_0.3.0.tar.gz","909b7ad27485dcc2d96a7bb1fc70b65b54e93245d75761aca406b9c52f06cbff","2.5.2",3.58436322212219,0.179682553222261,"ok",TRUE,,"",
"20261001T112848Z","K_moderate_n2000_r08","fastphylosig","K","phytools::phylosig","moderate",0.5,2000,8,2000,2000,0,,,22260994,220268914,22261736,"reference",2,FALSE,,TRUE,"Sys.time",1,"d185164d78dfc107c4cd04760e1959ef8f5fab0509deb3d00bcccb62ca1212d3","5d4bb758a4949617e2570e6f8dc20e83a0ccb2bc7abb07abdc382c1fb8a89378","bf3715ebe78cac3adc45406e9b2f45804954eb82f377f2ce6080c652d089dc2b","b89e3c6046de9cfeb931ae91d74edf3140c04048b799c054f507ec24a79f7c6b","cf383b02a9cf4b6e8ca401a12db3a59888711acc39e2e23155cf765fd1189660","4ce4cf9548e2688e37cf52bbef81ef0dbbd857cd1601cd962ff902e6efd21c97","0.3.0","isolated_release_library/fastphylosig","d951ecee19c06f3a144ad76c5039302078747585bb3bf829e6f12db15f54775d","isolated_release_library/fastphylosig/libs/<platform>/fastphylosig","c46a5834babd455b546bc65c6549c42ba51e6b47f3c9f222919b7118a5af3280","1bd40080f1ea537b3c73c838dc98ff84940f1064f4e1c4dbfb2dd5063d999bdb","benchmarks/stage5/documentation_fix_release_20261001/fastphylosig_0.3.0.tar.gz","909b7ad27485dcc2d96a7bb1fc70b65b54e93245d75761aca406b9c52f06cbff","2.5.2",0.0219171047210693,0.179682553222262,"ok",TRUE,,"",
"20261001T112848Z","lambda_moderate_n2000_r08","fastphylosig","lambda","phytools::phylosig","moderate",0.5,2000,8,2000,2000,0,,,22260994,220268914,22261738,"fastphylosig",1,FALSE,FALSE,TRUE,"Sys.time",1,"d185164d78dfc107c4cd04760e1959ef8f5fab0509deb3d00bcccb62ca1212d3","5d4bb758a4949617e2570e6f8dc20e83a0ccb2bc7abb07abdc382c1fb8a89378","bf3715ebe78cac3adc45406e9b2f45804954eb82f377f2ce6080c652d089dc2b","b89e3c6046de9cfeb931ae91d74edf3140c04048b799c054f507ec24a79f7c6b","cf383b02a9cf4b6e8ca401a12db3a59888711acc39e2e23155cf765fd1189660","4ce4cf9548e2688e37cf52bbef81ef0dbbd857cd1601cd962ff902e6efd21c97","0.3.0","isolated_release_library/fastphylosig","d951ecee19c06f3a144ad76c5039302078747585bb3bf829e6f12db15f54775d","isolated_release_library/fastphylosig/libs/<platform>/fastphylosig","c46a5834babd455b546bc65c6549c42ba51e6b47f3c9f222919b7118a5af3280","1bd40080f1ea537b3c73c838dc98ff84940f1064f4e1c4dbfb2dd5063d999bdb","benchmarks/stage5/documentation_fix_release_20261001/fastphylosig_0.3.0.tar.gz","909b7ad27485dcc2d96a7bb1fc70b65b54e93245d75761aca406b9c52f06cbff","2.5.2",0.0264949798583984,0.551278515856131,"ok",TRUE,,"",
"20261001T112848Z","lambda_moderate_n2000_r08","reference","lambda","phytools::phylosig","moderate",0.5,2000,8,2000,2000,0,2000,2000,22260994,220268914,22261738,"fastphylosig",2,FALSE,FALSE,TRUE,"Sys.time",1,"d185164d78dfc107c4cd04760e1959ef8f5fab0509deb3d00bcccb62ca1212d3","5d4bb758a4949617e2570e6f8dc20e83a0ccb2bc7abb07abdc382c1fb8a89378","bf3715ebe78cac3adc45406e9b2f45804954eb82f377f2ce6080c652d089dc2b","b89e3c6046de9cfeb931ae91d74edf3140c04048b799c054f507ec24a79f7c6b","cf383b02a9cf4b6e8ca401a12db3a59888711acc39e2e23155cf765fd1189660","4ce4cf9548e2688e37cf52bbef81ef0dbbd857cd1601cd962ff902e6efd21c97","0.3.0","isolated_release_library/fastphylosig","d951ecee19c06f3a144ad76c5039302078747585bb3bf829e6f12db15f54775d","isolated_release_library/fastphylosig/libs/<platform>/fastphylosig","c46a5834babd455b546bc65c6549c42ba51e6b47f3c9f222919b7118a5af3280","1bd40080f1ea537b3c73c838dc98ff84940f1064f4e1c4dbfb2dd5063d999bdb","benchmarks/stage5/documentation_fix_release_20261001/fastphylosig_0.3.0.tar.gz","909b7ad27485dcc2d96a7bb1fc70b65b54e93245d75761aca406b9c52f06cbff","2.5.2",649.932461977005,0.551258703465569,"ok",TRUE,,"",
"20261001T112848Z","K_strong_n2000_r08","fastphylosig","K","phytools::phylosig","strong",0.95,2000,8,2000,2000,0,,,22260994,220268914,22261746,"fastphylosig",1,FALSE,,TRUE,"Sys.time",1,"d185164d78dfc107c4cd04760e1959ef8f5fab0509deb3d00bcccb62ca1212d3","5d4bb758a4949617e2570e6f8dc20e83a0ccb2bc7abb07abdc382c1fb8a89378","bf3715ebe78cac3adc45406e9b2f45804954eb82f377f2ce6080c652d089dc2b","14e60e629ab6687daaf2bf754124a128f3800744d979081cfa65367202cd8d6f","60e5b34fc5a83bdaf08a3d6d518d041fbf54189de91c736a48be62bf275fb0bb","4ce4cf9548e2688e37cf52bbef81ef0dbbd857cd1601cd962ff902e6efd21c97","0.3.0","isolated_release_library/fastphylosig","d951ecee19c06f3a144ad76c5039302078747585bb3bf829e6f12db15f54775d","isolated_release_library/fastphylosig/libs/<platform>/fastphylosig","c46a5834babd455b546bc65c6549c42ba51e6b47f3c9f222919b7118a5af3280","1bd40080f1ea537b3c73c838dc98ff84940f1064f4e1c4dbfb2dd5063d999bdb","benchmarks/stage5/documentation_fix_release_20261001/fastphylosig_0.3.0.tar.gz","909b7ad27485dcc2d96a7bb1fc70b65b54e93245d75761aca406b9c52f06cbff","2.5.2",0.0206990242004395,0.669562865040743,"ok",TRUE,,"",
"20261001T112848Z","K_strong_n2000_r08","reference","K","phytools::phylosig","strong",0.95,2000,8,2000,2000,0,2000,2000,22260994,220268914,22261746,"fastphylosig",2,FALSE,,TRUE,"Sys.time",1,"d185164d78dfc107c4cd04760e1959ef8f5fab0509deb3d00bcccb62ca1212d3","5d4bb758a4949617e2570e6f8dc20e83a0ccb2bc7abb07abdc382c1fb8a89378","bf3715ebe78cac3adc45406e9b2f45804954eb82f377f2ce6080c652d089dc2b","14e60e629ab6687daaf2bf754124a128f3800744d979081cfa65367202cd8d6f","60e5b34fc5a83bdaf08a3d6d518d041fbf54189de91c736a48be62bf275fb0bb","4ce4cf9548e2688e37cf52bbef81ef0dbbd857cd1601cd962ff902e6efd21c97","0.3.0","isolated_release_library/fastphylosig","d951ecee19c06f3a144ad76c5039302078747585bb3bf829e6f12db15f54775d","isolated_release_library/fastphylosig/libs/<platform>/fastphylosig","c46a5834babd455b546bc65c6549c42ba51e6b47f3c9f222919b7118a5af3280","1bd40080f1ea537b3c73c838dc98ff84940f1064f4e1c4dbfb2dd5063d999bdb","benchmarks/stage5/documentation_fix_release_20261001/fastphylosig_0.3.0.tar.gz","909b7ad27485dcc2d96a7bb1fc70b65b54e93245d75761aca406b9c52f06cbff","2.5.2",3.32904005050659,0.669562865040763,"ok",TRUE,,"",
"20261001T112848Z","lambda_strong_n2000_r08","reference","lambda","phytools::phylosig","strong",0.95,2000,8,2000,2000,0,2000,2000,22260994,220268914,22261748,"reference",1,FALSE,FALSE,TRUE,"Sys.time",1,"d185164d78dfc107c4cd04760e1959ef8f5fab0509deb3d00bcccb62ca1212d3","5d4bb758a4949617e2570e6f8dc20e83a0ccb2bc7abb07abdc382c1fb8a89378","bf3715ebe78cac3adc45406e9b2f45804954eb82f377f2ce6080c652d089dc2b","14e60e629ab6687daaf2bf754124a128f3800744d979081cfa65367202cd8d6f","60e5b34fc5a83bdaf08a3d6d518d041fbf54189de91c736a48be62bf275fb0bb","4ce4cf9548e2688e37cf52bbef81ef0dbbd857cd1601cd962ff902e6efd21c97","0.3.0","isolated_release_library/fastphylosig","d951ecee19c06f3a144ad76c5039302078747585bb3bf829e6f12db15f54775d","isolated_release_library/fastphylosig/libs/<platform>/fastphylosig","c46a5834babd455b546bc65c6549c42ba51e6b47f3c9f222919b7118a5af3280","1bd40080f1ea537b3c73c838dc98ff84940f1064f4e1c4dbfb2dd5063d999bdb","benchmarks/stage5/documentation_fix_release_20261001/fastphylosig_0.3.0.tar.gz","909b7ad27485dcc2d96a7bb1fc70b65b54e93245d75761aca406b9c52f06cbff","2.5.2",659.937550067902,0.966695381363195,"ok",TRUE,,"",
"20261001T112848Z","lambda_strong_n2000_r08","fastphylosig","lambda","phytools::phylosig","strong",0.95,2000,8,2000,2000,0,,,22260994,220268914,22261748,"reference",2,FALSE,FALSE,TRUE,"Sys.time",1,"d185164d78dfc107c4cd04760e1959ef8f5fab0509deb3d00bcccb62ca1212d3","5d4bb758a4949617e2570e6f8dc20e83a0ccb2bc7abb07abdc382c1fb8a89378","bf3715ebe78cac3adc45406e9b2f45804954eb82f377f2ce6080c652d089dc2b","14e60e629ab6687daaf2bf754124a128f3800744d979081cfa65367202cd8d6f","60e5b34fc5a83bdaf08a3d6d518d041fbf54189de91c736a48be62bf275fb0bb","4ce4cf9548e2688e37cf52bbef81ef0dbbd857cd1601cd962ff902e6efd21c97","0.3.0","isolated_release_library/fastphylosig","d951ecee19c06f3a144ad76c5039302078747585bb3bf829e6f12db15f54775d","isolated_release_library/fastphylosig/libs/<platform>/fastphylosig","c46a5834babd455b546bc65c6549c42ba51e6b47f3c9f222919b7118a5af3280","1bd40080f1ea537b3c73c838dc98ff84940f1064f4e1c4dbfb2dd5063d999bdb","benchmarks/stage5/documentation_fix_release_20261001/fastphylosig_0.3.0.tar.gz","909b7ad27485dcc2d96a7bb1fc70b65b54e93245d75761aca406b9c52f06cbff","2.5.2",0.0302550792694092,0.966710083065812,"ok",TRUE,,"",
"20261001T112848Z","K_none_n2000_r09","reference","K","phytools::phylosig","none",0,2000,9,2000,2000,0,2000,2000,22261004,220269914,22261826,"reference",1,FALSE,,TRUE,"Sys.time",1,"32aa0ded5e55cfde8e0633470fbacf83f89e41e9717766ecf306ccc233237c81","bf411030abc286b8e37424d589c6fe490df806db6e718fa5e4781354584bef82","acc29c2bc4ccb1288b9be7fdc8daf82fb6952438b7083862cab580cad113a8b8","acc29c2bc4ccb1288b9be7fdc8daf82fb6952438b7083862cab580cad113a8b8","1e7bbc67d717d394a10260f73786767ebe1b084031feb77c23041fd09bcf4c0f","16347cc16c1bb7895b329758f7399be0233ef8ad699a4b45145f4e0cbb4844ad","0.3.0","isolated_release_library/fastphylosig","d951ecee19c06f3a144ad76c5039302078747585bb3bf829e6f12db15f54775d","isolated_release_library/fastphylosig/libs/<platform>/fastphylosig","c46a5834babd455b546bc65c6549c42ba51e6b47f3c9f222919b7118a5af3280","1bd40080f1ea537b3c73c838dc98ff84940f1064f4e1c4dbfb2dd5063d999bdb","benchmarks/stage5/documentation_fix_release_20261001/fastphylosig_0.3.0.tar.gz","909b7ad27485dcc2d96a7bb1fc70b65b54e93245d75761aca406b9c52f06cbff","2.5.2",3.27790689468384,0.0853775534687746,"ok",TRUE,,"",
"20261001T112848Z","K_none_n2000_r09","fastphylosig","K","phytools::phylosig","none",0,2000,9,2000,2000,0,,,22261004,220269914,22261826,"reference",2,FALSE,,TRUE,"Sys.time",1,"32aa0ded5e55cfde8e0633470fbacf83f89e41e9717766ecf306ccc233237c81","bf411030abc286b8e37424d589c6fe490df806db6e718fa5e4781354584bef82","acc29c2bc4ccb1288b9be7fdc8daf82fb6952438b7083862cab580cad113a8b8","acc29c2bc4ccb1288b9be7fdc8daf82fb6952438b7083862cab580cad113a8b8","1e7bbc67d717d394a10260f73786767ebe1b084031feb77c23041fd09bcf4c0f","16347cc16c1bb7895b329758f7399be0233ef8ad699a4b45145f4e0cbb4844ad","0.3.0","isolated_release_library/fastphylosig","d951ecee19c06f3a144ad76c5039302078747585bb3bf829e6f12db15f54775d","isolated_release_library/fastphylosig/libs/<platform>/fastphylosig","c46a5834babd455b546bc65c6549c42ba51e6b47f3c9f222919b7118a5af3280","1bd40080f1ea537b3c73c838dc98ff84940f1064f4e1c4dbfb2dd5063d999bdb","benchmarks/stage5/documentation_fix_release_20261001/fastphylosig_0.3.0.tar.gz","909b7ad27485dcc2d96a7bb1fc70b65b54e93245d75761aca406b9c52f06cbff","2.5.2",0.0258631706237793,0.0853775534687749,"ok",TRUE,,"",
"20261001T112848Z","lambda_none_n2000_r09","fastphylosig","lambda","phytools::phylosig","none",0,2000,9,2000,2000,0,,,22261004,220269914,22261828,"fastphylosig",1,FALSE,FALSE,TRUE,"Sys.time",1,"32aa0ded5e55cfde8e0633470fbacf83f89e41e9717766ecf306ccc233237c81","bf411030abc286b8e37424d589c6fe490df806db6e718fa5e4781354584bef82","acc29c2bc4ccb1288b9be7fdc8daf82fb6952438b7083862cab580cad113a8b8","acc29c2bc4ccb1288b9be7fdc8daf82fb6952438b7083862cab580cad113a8b8","1e7bbc67d717d394a10260f73786767ebe1b084031feb77c23041fd09bcf4c0f","16347cc16c1bb7895b329758f7399be0233ef8ad699a4b45145f4e0cbb4844ad","0.3.0","isolated_release_library/fastphylosig","d951ecee19c06f3a144ad76c5039302078747585bb3bf829e6f12db15f54775d","isolated_release_library/fastphylosig/libs/<platform>/fastphylosig","c46a5834babd455b546bc65c6549c42ba51e6b47f3c9f222919b7118a5af3280","1bd40080f1ea537b3c73c838dc98ff84940f1064f4e1c4dbfb2dd5063d999bdb","benchmarks/stage5/documentation_fix_release_20261001/fastphylosig_0.3.0.tar.gz","909b7ad27485dcc2d96a7bb1fc70b65b54e93245d75761aca406b9c52f06cbff","2.5.2",0.0533437728881836,6.6106961351896e-05,"ok",TRUE,,"",
"20261001T112848Z","lambda_none_n2000_r09","reference","lambda","phytools::phylosig","none",0,2000,9,2000,2000,0,2000,2000,22261004,220269914,22261828,"fastphylosig",2,FALSE,FALSE,TRUE,"Sys.time",1,"32aa0ded5e55cfde8e0633470fbacf83f89e41e9717766ecf306ccc233237c81","bf411030abc286b8e37424d589c6fe490df806db6e718fa5e4781354584bef82","acc29c2bc4ccb1288b9be7fdc8daf82fb6952438b7083862cab580cad113a8b8","acc29c2bc4ccb1288b9be7fdc8daf82fb6952438b7083862cab580cad113a8b8","1e7bbc67d717d394a10260f73786767ebe1b084031feb77c23041fd09bcf4c0f","16347cc16c1bb7895b329758f7399be0233ef8ad699a4b45145f4e0cbb4844ad","0.3.0","isolated_release_library/fastphylosig","d951ecee19c06f3a144ad76c5039302078747585bb3bf829e6f12db15f54775d","isolated_release_library/fastphylosig/libs/<platform>/fastphylosig","c46a5834babd455b546bc65c6549c42ba51e6b47f3c9f222919b7118a5af3280","1bd40080f1ea537b3c73c838dc98ff84940f1064f4e1c4dbfb2dd5063d999bdb","benchmarks/stage5/documentation_fix_release_20261001/fastphylosig_0.3.0.tar.gz","909b7ad27485dcc2d96a7bb1fc70b65b54e93245d75761aca406b9c52f06cbff","2.5.2",650.703500986099,7.33137435857406e-05,"ok",TRUE,,"",
"20261001T112848Z","K_moderate_n2000_r09","fastphylosig","K","phytools::phylosig","moderate",0.5,2000,9,2000,2000,0,,,22261004,220269914,22261836,"fastphylosig",1,FALSE,,TRUE,"Sys.time",1,"32aa0ded5e55cfde8e0633470fbacf83f89e41e9717766ecf306ccc233237c81","bf411030abc286b8e37424d589c6fe490df806db6e718fa5e4781354584bef82","acc29c2bc4ccb1288b9be7fdc8daf82fb6952438b7083862cab580cad113a8b8","8085aaa1a6b0e6a3df2a112264206878181feaba26ef2ea8a3eaa4579a7cf4a8","ce39eddc38fc2bba2c7f474ef071f5e895072e9c988183e7da98a29b3c4ec389","16347cc16c1bb7895b329758f7399be0233ef8ad699a4b45145f4e0cbb4844ad","0.3.0","isolated_release_library/fastphylosig","d951ecee19c06f3a144ad76c5039302078747585bb3bf829e6f12db15f54775d","isolated_release_library/fastphylosig/libs/<platform>/fastphylosig","c46a5834babd455b546bc65c6549c42ba51e6b47f3c9f222919b7118a5af3280","1bd40080f1ea537b3c73c838dc98ff84940f1064f4e1c4dbfb2dd5063d999bdb","benchmarks/stage5/documentation_fix_release_20261001/fastphylosig_0.3.0.tar.gz","909b7ad27485dcc2d96a7bb1fc70b65b54e93245d75761aca406b9c52f06cbff","2.5.2",0.0205471515655518,0.152645035934656,"ok",TRUE,,"",
"20261001T112848Z","K_moderate_n2000_r09","reference","K","phytools::phylosig","moderate",0.5,2000,9,2000,2000,0,2000,2000,22261004,220269914,22261836,"fastphylosig",2,FALSE,,TRUE,"Sys.time",1,"32aa0ded5e55cfde8e0633470fbacf83f89e41e9717766ecf306ccc233237c81","bf411030abc286b8e37424d589c6fe490df806db6e718fa5e4781354584bef82","acc29c2bc4ccb1288b9be7fdc8daf82fb6952438b7083862cab580cad113a8b8","8085aaa1a6b0e6a3df2a112264206878181feaba26ef2ea8a3eaa4579a7cf4a8","ce39eddc38fc2bba2c7f474ef071f5e895072e9c988183e7da98a29b3c4ec389","16347cc16c1bb7895b329758f7399be0233ef8ad699a4b45145f4e0cbb4844ad","0.3.0","isolated_release_library/fastphylosig","d951ecee19c06f3a144ad76c5039302078747585bb3bf829e6f12db15f54775d","isolated_release_library/fastphylosig/libs/<platform>/fastphylosig","c46a5834babd455b546bc65c6549c42ba51e6b47f3c9f222919b7118a5af3280","1bd40080f1ea537b3c73c838dc98ff84940f1064f4e1c4dbfb2dd5063d999bdb","benchmarks/stage5/documentation_fix_release_20261001/fastphylosig_0.3.0.tar.gz","909b7ad27485dcc2d96a7bb1fc70b65b54e93245d75761aca406b9c52f06cbff","2.5.2",3.16229891777039,0.152645035934658,"ok",TRUE,,"",
"20261001T112848Z","lambda_moderate_n2000_r09","reference","lambda","phytools::phylosig","moderate",0.5,2000,9,2000,2000,0,2000,2000,22261004,220269914,22261838,"reference",1,FALSE,FALSE,TRUE,"Sys.time",1,"32aa0ded5e55cfde8e0633470fbacf83f89e41e9717766ecf306ccc233237c81","bf411030abc286b8e37424d589c6fe490df806db6e718fa5e4781354584bef82","acc29c2bc4ccb1288b9be7fdc8daf82fb6952438b7083862cab580cad113a8b8","8085aaa1a6b0e6a3df2a112264206878181feaba26ef2ea8a3eaa4579a7cf4a8","ce39eddc38fc2bba2c7f474ef071f5e895072e9c988183e7da98a29b3c4ec389","16347cc16c1bb7895b329758f7399be0233ef8ad699a4b45145f4e0cbb4844ad","0.3.0","isolated_release_library/fastphylosig","d951ecee19c06f3a144ad76c5039302078747585bb3bf829e6f12db15f54775d","isolated_release_library/fastphylosig/libs/<platform>/fastphylosig","c46a5834babd455b546bc65c6549c42ba51e6b47f3c9f222919b7118a5af3280","1bd40080f1ea537b3c73c838dc98ff84940f1064f4e1c4dbfb2dd5063d999bdb","benchmarks/stage5/documentation_fix_release_20261001/fastphylosig_0.3.0.tar.gz","909b7ad27485dcc2d96a7bb1fc70b65b54e93245d75761aca406b9c52f06cbff","2.5.2",614.576551914215,0.56353635649857,"ok",TRUE,,"",
"20261001T112848Z","lambda_moderate_n2000_r09","fastphylosig","lambda","phytools::phylosig","moderate",0.5,2000,9,2000,2000,0,,,22261004,220269914,22261838,"reference",2,FALSE,FALSE,TRUE,"Sys.time",1,"32aa0ded5e55cfde8e0633470fbacf83f89e41e9717766ecf306ccc233237c81","bf411030abc286b8e37424d589c6fe490df806db6e718fa5e4781354584bef82","acc29c2bc4ccb1288b9be7fdc8daf82fb6952438b7083862cab580cad113a8b8","8085aaa1a6b0e6a3df2a112264206878181feaba26ef2ea8a3eaa4579a7cf4a8","ce39eddc38fc2bba2c7f474ef071f5e895072e9c988183e7da98a29b3c4ec389","16347cc16c1bb7895b329758f7399be0233ef8ad699a4b45145f4e0cbb4844ad","0.3.0","isolated_release_library/fastphylosig","d951ecee19c06f3a144ad76c5039302078747585bb3bf829e6f12db15f54775d","isolated_release_library/fastphylosig/libs/<platform>/fastphylosig","c46a5834babd455b546bc65c6549c42ba51e6b47f3c9f222919b7118a5af3280","1bd40080f1ea537b3c73c838dc98ff84940f1064f4e1c4dbfb2dd5063d999bdb","benchmarks/stage5/documentation_fix_release_20261001/fastphylosig_0.3.0.tar.gz","909b7ad27485dcc2d96a7bb1fc70b65b54e93245d75761aca406b9c52f06cbff","2.5.2",0.0273489952087402,0.563550933177844,"ok",TRUE,,"",
"20261001T112848Z","K_strong_n2000_r09","reference","K","phytools::phylosig","strong",0.95,2000,9,2000,2000,0,2000,2000,22261004,220269914,22261846,"reference",1,FALSE,,TRUE,"Sys.time",1,"32aa0ded5e55cfde8e0633470fbacf83f89e41e9717766ecf306ccc233237c81","bf411030abc286b8e37424d589c6fe490df806db6e718fa5e4781354584bef82","acc29c2bc4ccb1288b9be7fdc8daf82fb6952438b7083862cab580cad113a8b8","de52c2bfcb7774a0ed2510d7b7e04c4efdd0c2f0ab7faa395be1d55a3fe7a62f","fc0f4054aeb7db01ff1883f295ae95ebf6b97f92204051910e1a9f4a5598ed26","16347cc16c1bb7895b329758f7399be0233ef8ad699a4b45145f4e0cbb4844ad","0.3.0","isolated_release_library/fastphylosig","d951ecee19c06f3a144ad76c5039302078747585bb3bf829e6f12db15f54775d","isolated_release_library/fastphylosig/libs/<platform>/fastphylosig","c46a5834babd455b546bc65c6549c42ba51e6b47f3c9f222919b7118a5af3280","1bd40080f1ea537b3c73c838dc98ff84940f1064f4e1c4dbfb2dd5063d999bdb","benchmarks/stage5/documentation_fix_release_20261001/fastphylosig_0.3.0.tar.gz","909b7ad27485dcc2d96a7bb1fc70b65b54e93245d75761aca406b9c52f06cbff","2.5.2",3.16699600219727,0.543405175714076,"ok",TRUE,,"",
"20261001T112848Z","K_strong_n2000_r09","fastphylosig","K","phytools::phylosig","strong",0.95,2000,9,2000,2000,0,,,22261004,220269914,22261846,"reference",2,FALSE,,TRUE,"Sys.time",1,"32aa0ded5e55cfde8e0633470fbacf83f89e41e9717766ecf306ccc233237c81","bf411030abc286b8e37424d589c6fe490df806db6e718fa5e4781354584bef82","acc29c2bc4ccb1288b9be7fdc8daf82fb6952438b7083862cab580cad113a8b8","de52c2bfcb7774a0ed2510d7b7e04c4efdd0c2f0ab7faa395be1d55a3fe7a62f","fc0f4054aeb7db01ff1883f295ae95ebf6b97f92204051910e1a9f4a5598ed26","16347cc16c1bb7895b329758f7399be0233ef8ad699a4b45145f4e0cbb4844ad","0.3.0","isolated_release_library/fastphylosig","d951ecee19c06f3a144ad76c5039302078747585bb3bf829e6f12db15f54775d","isolated_release_library/fastphylosig/libs/<platform>/fastphylosig","c46a5834babd455b546bc65c6549c42ba51e6b47f3c9f222919b7118a5af3280","1bd40080f1ea537b3c73c838dc98ff84940f1064f4e1c4dbfb2dd5063d999bdb","benchmarks/stage5/documentation_fix_release_20261001/fastphylosig_0.3.0.tar.gz","909b7ad27485dcc2d96a7bb1fc70b65b54e93245d75761aca406b9c52f06cbff","2.5.2",0.021388053894043,0.543405175714063,"ok",TRUE,,"",
"20261001T112848Z","lambda_strong_n2000_r09","fastphylosig","lambda","phytools::phylosig","strong",0.95,2000,9,2000,2000,0,,,22261004,220269914,22261848,"fastphylosig",1,FALSE,FALSE,TRUE,"Sys.time",1,"32aa0ded5e55cfde8e0633470fbacf83f89e41e9717766ecf306ccc233237c81","bf411030abc286b8e37424d589c6fe490df806db6e718fa5e4781354584bef82","acc29c2bc4ccb1288b9be7fdc8daf82fb6952438b7083862cab580cad113a8b8","de52c2bfcb7774a0ed2510d7b7e04c4efdd0c2f0ab7faa395be1d55a3fe7a62f","fc0f4054aeb7db01ff1883f295ae95ebf6b97f92204051910e1a9f4a5598ed26","16347cc16c1bb7895b329758f7399be0233ef8ad699a4b45145f4e0cbb4844ad","0.3.0","isolated_release_library/fastphylosig","d951ecee19c06f3a144ad76c5039302078747585bb3bf829e6f12db15f54775d","isolated_release_library/fastphylosig/libs/<platform>/fastphylosig","c46a5834babd455b546bc65c6549c42ba51e6b47f3c9f222919b7118a5af3280","1bd40080f1ea537b3c73c838dc98ff84940f1064f4e1c4dbfb2dd5063d999bdb","benchmarks/stage5/documentation_fix_release_20261001/fastphylosig_0.3.0.tar.gz","909b7ad27485dcc2d96a7bb1fc70b65b54e93245d75761aca406b9c52f06cbff","2.5.2",0.0293588638305664,0.968918331707246,"ok",TRUE,,"",
"20261001T112848Z","lambda_strong_n2000_r09","reference","lambda","phytools::phylosig","strong",0.95,2000,9,2000,2000,0,2000,2000,22261004,220269914,22261848,"fastphylosig",2,FALSE,FALSE,TRUE,"Sys.time",1,"32aa0ded5e55cfde8e0633470fbacf83f89e41e9717766ecf306ccc233237c81","bf411030abc286b8e37424d589c6fe490df806db6e718fa5e4781354584bef82","acc29c2bc4ccb1288b9be7fdc8daf82fb6952438b7083862cab580cad113a8b8","de52c2bfcb7774a0ed2510d7b7e04c4efdd0c2f0ab7faa395be1d55a3fe7a62f","fc0f4054aeb7db01ff1883f295ae95ebf6b97f92204051910e1a9f4a5598ed26","16347cc16c1bb7895b329758f7399be0233ef8ad699a4b45145f4e0cbb4844ad","0.3.0","isolated_release_library/fastphylosig","d951ecee19c06f3a144ad76c5039302078747585bb3bf829e6f12db15f54775d","isolated_release_library/fastphylosig/libs/<platform>/fastphylosig","c46a5834babd455b546bc65c6549c42ba51e6b47f3c9f222919b7118a5af3280","1bd40080f1ea537b3c73c838dc98ff84940f1064f4e1c4dbfb2dd5063d999bdb","benchmarks/stage5/documentation_fix_release_20261001/fastphylosig_0.3.0.tar.gz","909b7ad27485dcc2d96a7bb1fc70b65b54e93245d75761aca406b9c52f06cbff","2.5.2",629.540885925293,0.968937217628449,"ok",TRUE,,"",
"20261001T112848Z","K_none_n2000_r10","fastphylosig","K","phytools::phylosig","none",0,2000,10,2000,2000,0,,,22261014,220270914,22261926,"fastphylosig",1,FALSE,,TRUE,"Sys.time",1,"1abb4ce6ac72b8f667314e14d4dc6a0b1340a7e3a28f5fe28157e83b4a726388","954d51fa5941a0ac40606085d89a8071ea142d9121cfca66eb40029e53e32466","40d55a2fe2dc0d3aced0b63d74f2be6e7bc73439f609f961a977d3a5c577a702","40d55a2fe2dc0d3aced0b63d74f2be6e7bc73439f609f961a977d3a5c577a702","5cdf58d8fe103032f537ff652dd3251db1078ad5ff3def9161d4900d4163770e","b6a848b969aba784dba21a54a6f82678126af766f5da8a2c51f8cb7057b44004","0.3.0","isolated_release_library/fastphylosig","d951ecee19c06f3a144ad76c5039302078747585bb3bf829e6f12db15f54775d","isolated_release_library/fastphylosig/libs/<platform>/fastphylosig","c46a5834babd455b546bc65c6549c42ba51e6b47f3c9f222919b7118a5af3280","1bd40080f1ea537b3c73c838dc98ff84940f1064f4e1c4dbfb2dd5063d999bdb","benchmarks/stage5/documentation_fix_release_20261001/fastphylosig_0.3.0.tar.gz","909b7ad27485dcc2d96a7bb1fc70b65b54e93245d75761aca406b9c52f06cbff","2.5.2",0.0235068798065186,0.088961035264038,"ok",TRUE,,"",
"20261001T112848Z","K_none_n2000_r10","reference","K","phytools::phylosig","none",0,2000,10,2000,2000,0,2000,2000,22261014,220270914,22261926,"fastphylosig",2,FALSE,,TRUE,"Sys.time",1,"1abb4ce6ac72b8f667314e14d4dc6a0b1340a7e3a28f5fe28157e83b4a726388","954d51fa5941a0ac40606085d89a8071ea142d9121cfca66eb40029e53e32466","40d55a2fe2dc0d3aced0b63d74f2be6e7bc73439f609f961a977d3a5c577a702","40d55a2fe2dc0d3aced0b63d74f2be6e7bc73439f609f961a977d3a5c577a702","5cdf58d8fe103032f537ff652dd3251db1078ad5ff3def9161d4900d4163770e","b6a848b969aba784dba21a54a6f82678126af766f5da8a2c51f8cb7057b44004","0.3.0","isolated_release_library/fastphylosig","d951ecee19c06f3a144ad76c5039302078747585bb3bf829e6f12db15f54775d","isolated_release_library/fastphylosig/libs/<platform>/fastphylosig","c46a5834babd455b546bc65c6549c42ba51e6b47f3c9f222919b7118a5af3280","1bd40080f1ea537b3c73c838dc98ff84940f1064f4e1c4dbfb2dd5063d999bdb","benchmarks/stage5/documentation_fix_release_20261001/fastphylosig_0.3.0.tar.gz","909b7ad27485dcc2d96a7bb1fc70b65b54e93245d75761aca406b9c52f06cbff","2.5.2",2.9856870174408,0.0889610352640842,"ok",TRUE,,"",
"20261001T112848Z","lambda_none_n2000_r10","reference","lambda","phytools::phylosig","none",0,2000,10,2000,2000,0,2000,2000,22261014,220270914,22261928,"reference",1,FALSE,FALSE,TRUE,"Sys.time",1,"1abb4ce6ac72b8f667314e14d4dc6a0b1340a7e3a28f5fe28157e83b4a726388","954d51fa5941a0ac40606085d89a8071ea142d9121cfca66eb40029e53e32466","40d55a2fe2dc0d3aced0b63d74f2be6e7bc73439f609f961a977d3a5c577a702","40d55a2fe2dc0d3aced0b63d74f2be6e7bc73439f609f961a977d3a5c577a702","5cdf58d8fe103032f537ff652dd3251db1078ad5ff3def9161d4900d4163770e","b6a848b969aba784dba21a54a6f82678126af766f5da8a2c51f8cb7057b44004","0.3.0","isolated_release_library/fastphylosig","d951ecee19c06f3a144ad76c5039302078747585bb3bf829e6f12db15f54775d","isolated_release_library/fastphylosig/libs/<platform>/fastphylosig","c46a5834babd455b546bc65c6549c42ba51e6b47f3c9f222919b7118a5af3280","1bd40080f1ea537b3c73c838dc98ff84940f1064f4e1c4dbfb2dd5063d999bdb","benchmarks/stage5/documentation_fix_release_20261001/fastphylosig_0.3.0.tar.gz","909b7ad27485dcc2d96a7bb1fc70b65b54e93245d75761aca406b9c52f06cbff","2.5.2",609.780480861664,7.33137435857406e-05,"ok",TRUE,,"",
"20261001T112848Z","lambda_none_n2000_r10","fastphylosig","lambda","phytools::phylosig","none",0,2000,10,2000,2000,0,,,22261014,220270914,22261928,"reference",2,FALSE,FALSE,TRUE,"Sys.time",1,"1abb4ce6ac72b8f667314e14d4dc6a0b1340a7e3a28f5fe28157e83b4a726388","954d51fa5941a0ac40606085d89a8071ea142d9121cfca66eb40029e53e32466","40d55a2fe2dc0d3aced0b63d74f2be6e7bc73439f609f961a977d3a5c577a702","40d55a2fe2dc0d3aced0b63d74f2be6e7bc73439f609f961a977d3a5c577a702","5cdf58d8fe103032f537ff652dd3251db1078ad5ff3def9161d4900d4163770e","b6a848b969aba784dba21a54a6f82678126af766f5da8a2c51f8cb7057b44004","0.3.0","isolated_release_library/fastphylosig","d951ecee19c06f3a144ad76c5039302078747585bb3bf829e6f12db15f54775d","isolated_release_library/fastphylosig/libs/<platform>/fastphylosig","c46a5834babd455b546bc65c6549c42ba51e6b47f3c9f222919b7118a5af3280","1bd40080f1ea537b3c73c838dc98ff84940f1064f4e1c4dbfb2dd5063d999bdb","benchmarks/stage5/documentation_fix_release_20261001/fastphylosig_0.3.0.tar.gz","909b7ad27485dcc2d96a7bb1fc70b65b54e93245d75761aca406b9c52f06cbff","2.5.2",0.0321600437164307,6.6106961351896e-05,"ok",TRUE,,"",
"20261001T112848Z","K_moderate_n2000_r10","reference","K","phytools::phylosig","moderate",0.5,2000,10,2000,2000,0,2000,2000,22261014,220270914,22261936,"reference",1,FALSE,,TRUE,"Sys.time",1,"1abb4ce6ac72b8f667314e14d4dc6a0b1340a7e3a28f5fe28157e83b4a726388","954d51fa5941a0ac40606085d89a8071ea142d9121cfca66eb40029e53e32466","40d55a2fe2dc0d3aced0b63d74f2be6e7bc73439f609f961a977d3a5c577a702","c2f2d7dec4296949ed0a3b1870d5b7ba3591320ee99b200ba781658cdbb99911","371271da05c12ffd3a09844470b577fb37982a65a6c4e39caf06a0ca12160b6c","b6a848b969aba784dba21a54a6f82678126af766f5da8a2c51f8cb7057b44004","0.3.0","isolated_release_library/fastphylosig","d951ecee19c06f3a144ad76c5039302078747585bb3bf829e6f12db15f54775d","isolated_release_library/fastphylosig/libs/<platform>/fastphylosig","c46a5834babd455b546bc65c6549c42ba51e6b47f3c9f222919b7118a5af3280","1bd40080f1ea537b3c73c838dc98ff84940f1064f4e1c4dbfb2dd5063d999bdb","benchmarks/stage5/documentation_fix_release_20261001/fastphylosig_0.3.0.tar.gz","909b7ad27485dcc2d96a7bb1fc70b65b54e93245d75761aca406b9c52f06cbff","2.5.2",2.74010515213013,0.194456997470802,"ok",TRUE,,"",
"20261001T112848Z","K_moderate_n2000_r10","fastphylosig","K","phytools::phylosig","moderate",0.5,2000,10,2000,2000,0,,,22261014,220270914,22261936,"reference",2,FALSE,,TRUE,"Sys.time",1,"1abb4ce6ac72b8f667314e14d4dc6a0b1340a7e3a28f5fe28157e83b4a726388","954d51fa5941a0ac40606085d89a8071ea142d9121cfca66eb40029e53e32466","40d55a2fe2dc0d3aced0b63d74f2be6e7bc73439f609f961a977d3a5c577a702","c2f2d7dec4296949ed0a3b1870d5b7ba3591320ee99b200ba781658cdbb99911","371271da05c12ffd3a09844470b577fb37982a65a6c4e39caf06a0ca12160b6c","b6a848b969aba784dba21a54a6f82678126af766f5da8a2c51f8cb7057b44004","0.3.0","isolated_release_library/fastphylosig","d951ecee19c06f3a144ad76c5039302078747585bb3bf829e6f12db15f54775d","isolated_release_library/fastphylosig/libs/<platform>/fastphylosig","c46a5834babd455b546bc65c6549c42ba51e6b47f3c9f222919b7118a5af3280","1bd40080f1ea537b3c73c838dc98ff84940f1064f4e1c4dbfb2dd5063d999bdb","benchmarks/stage5/documentation_fix_release_20261001/fastphylosig_0.3.0.tar.gz","909b7ad27485dcc2d96a7bb1fc70b65b54e93245d75761aca406b9c52f06cbff","2.5.2",0.0202810764312744,0.194456997471365,"ok",TRUE,,"",
"20261001T112848Z","lambda_moderate_n2000_r10","fastphylosig","lambda","phytools::phylosig","moderate",0.5,2000,10,2000,2000,0,,,22261014,220270914,22261938,"fastphylosig",1,FALSE,FALSE,TRUE,"Sys.time",1,"1abb4ce6ac72b8f667314e14d4dc6a0b1340a7e3a28f5fe28157e83b4a726388","954d51fa5941a0ac40606085d89a8071ea142d9121cfca66eb40029e53e32466","40d55a2fe2dc0d3aced0b63d74f2be6e7bc73439f609f961a977d3a5c577a702","c2f2d7dec4296949ed0a3b1870d5b7ba3591320ee99b200ba781658cdbb99911","371271da05c12ffd3a09844470b577fb37982a65a6c4e39caf06a0ca12160b6c","b6a848b969aba784dba21a54a6f82678126af766f5da8a2c51f8cb7057b44004","0.3.0","isolated_release_library/fastphylosig","d951ecee19c06f3a144ad76c5039302078747585bb3bf829e6f12db15f54775d","isolated_release_library/fastphylosig/libs/<platform>/fastphylosig","c46a5834babd455b546bc65c6549c42ba51e6b47f3c9f222919b7118a5af3280","1bd40080f1ea537b3c73c838dc98ff84940f1064f4e1c4dbfb2dd5063d999bdb","benchmarks/stage5/documentation_fix_release_20261001/fastphylosig_0.3.0.tar.gz","909b7ad27485dcc2d96a7bb1fc70b65b54e93245d75761aca406b9c52f06cbff","2.5.2",0.0250399112701416,0.551636058170533,"ok",TRUE,,"",
"20261001T112848Z","lambda_moderate_n2000_r10","reference","lambda","phytools::phylosig","moderate",0.5,2000,10,2000,2000,0,2000,2000,22261014,220270914,22261938,"fastphylosig",2,FALSE,FALSE,TRUE,"Sys.time",1,"1abb4ce6ac72b8f667314e14d4dc6a0b1340a7e3a28f5fe28157e83b4a726388","954d51fa5941a0ac40606085d89a8071ea142d9121cfca66eb40029e53e32466","40d55a2fe2dc0d3aced0b63d74f2be6e7bc73439f609f961a977d3a5c577a702","c2f2d7dec4296949ed0a3b1870d5b7ba3591320ee99b200ba781658cdbb99911","371271da05c12ffd3a09844470b577fb37982a65a6c4e39caf06a0ca12160b6c","b6a848b969aba784dba21a54a6f82678126af766f5da8a2c51f8cb7057b44004","0.3.0","isolated_release_library/fastphylosig","d951ecee19c06f3a144ad76c5039302078747585bb3bf829e6f12db15f54775d","isolated_release_library/fastphylosig/libs/<platform>/fastphylosig","c46a5834babd455b546bc65c6549c42ba51e6b47f3c9f222919b7118a5af3280","1bd40080f1ea537b3c73c838dc98ff84940f1064f4e1c4dbfb2dd5063d999bdb","benchmarks/stage5/documentation_fix_release_20261001/fastphylosig_0.3.0.tar.gz","909b7ad27485dcc2d96a7bb1fc70b65b54e93245d75761aca406b9c52f06cbff","2.5.2",575.736149072647,0.55164381206949,"ok",TRUE,,"",
"20261001T112848Z","K_strong_n2000_r10","fastphylosig","K","phytools::phylosig","strong",0.95,2000,10,2000,2000,0,,,22261014,220270914,22261946,"fastphylosig",1,FALSE,,TRUE,"Sys.time",1,"1abb4ce6ac72b8f667314e14d4dc6a0b1340a7e3a28f5fe28157e83b4a726388","954d51fa5941a0ac40606085d89a8071ea142d9121cfca66eb40029e53e32466","40d55a2fe2dc0d3aced0b63d74f2be6e7bc73439f609f961a977d3a5c577a702","1fc6118ad953c16be32ccbcd65398dac8ef59e2e719acbeb3491e464351b3d49","dc5440119dfb927e85eb6efc83ab8dbfe4f5d3a4e4621a7513840220a203c2d5","b6a848b969aba784dba21a54a6f82678126af766f5da8a2c51f8cb7057b44004","0.3.0","isolated_release_library/fastphylosig","d951ecee19c06f3a144ad76c5039302078747585bb3bf829e6f12db15f54775d","isolated_release_library/fastphylosig/libs/<platform>/fastphylosig","c46a5834babd455b546bc65c6549c42ba51e6b47f3c9f222919b7118a5af3280","1bd40080f1ea537b3c73c838dc98ff84940f1064f4e1c4dbfb2dd5063d999bdb","benchmarks/stage5/documentation_fix_release_20261001/fastphylosig_0.3.0.tar.gz","909b7ad27485dcc2d96a7bb1fc70b65b54e93245d75761aca406b9c52f06cbff","2.5.2",0.0205638408660889,0.789550292212643,"ok",TRUE,,"",
"20261001T112848Z","K_strong_n2000_r10","reference","K","phytools::phylosig","strong",0.95,2000,10,2000,2000,0,2000,2000,22261014,220270914,22261946,"fastphylosig",2,FALSE,,TRUE,"Sys.time",1,"1abb4ce6ac72b8f667314e14d4dc6a0b1340a7e3a28f5fe28157e83b4a726388","954d51fa5941a0ac40606085d89a8071ea142d9121cfca66eb40029e53e32466","40d55a2fe2dc0d3aced0b63d74f2be6e7bc73439f609f961a977d3a5c577a702","1fc6118ad953c16be32ccbcd65398dac8ef59e2e719acbeb3491e464351b3d49","dc5440119dfb927e85eb6efc83ab8dbfe4f5d3a4e4621a7513840220a203c2d5","b6a848b969aba784dba21a54a6f82678126af766f5da8a2c51f8cb7057b44004","0.3.0","isolated_release_library/fastphylosig","d951ecee19c06f3a144ad76c5039302078747585bb3bf829e6f12db15f54775d","isolated_release_library/fastphylosig/libs/<platform>/fastphylosig","c46a5834babd455b546bc65c6549c42ba51e6b47f3c9f222919b7118a5af3280","1bd40080f1ea537b3c73c838dc98ff84940f1064f4e1c4dbfb2dd5063d999bdb","benchmarks/stage5/documentation_fix_release_20261001/fastphylosig_0.3.0.tar.gz","909b7ad27485dcc2d96a7bb1fc70b65b54e93245d75761aca406b9c52f06cbff","2.5.2",2.74519896507263,0.789550292210111,"ok",TRUE,,"",
"20261001T112848Z","lambda_strong_n2000_r10","reference","lambda","phytools::phylosig","strong",0.95,2000,10,2000,2000,0,2000,2000,22261014,220270914,22261948,"reference",1,FALSE,FALSE,TRUE,"Sys.time",1,"1abb4ce6ac72b8f667314e14d4dc6a0b1340a7e3a28f5fe28157e83b4a726388","954d51fa5941a0ac40606085d89a8071ea142d9121cfca66eb40029e53e32466","40d55a2fe2dc0d3aced0b63d74f2be6e7bc73439f609f961a977d3a5c577a702","1fc6118ad953c16be32ccbcd65398dac8ef59e2e719acbeb3491e464351b3d49","dc5440119dfb927e85eb6efc83ab8dbfe4f5d3a4e4621a7513840220a203c2d5","b6a848b969aba784dba21a54a6f82678126af766f5da8a2c51f8cb7057b44004","0.3.0","isolated_release_library/fastphylosig","d951ecee19c06f3a144ad76c5039302078747585bb3bf829e6f12db15f54775d","isolated_release_library/fastphylosig/libs/<platform>/fastphylosig","c46a5834babd455b546bc65c6549c42ba51e6b47f3c9f222919b7118a5af3280","1bd40080f1ea537b3c73c838dc98ff84940f1064f4e1c4dbfb2dd5063d999bdb","benchmarks/stage5/documentation_fix_release_20261001/fastphylosig_0.3.0.tar.gz","909b7ad27485dcc2d96a7bb1fc70b65b54e93245d75761aca406b9c52f06cbff","2.5.2",568.258940935135,0.957317168074362,"ok",TRUE,,"",
"20261001T112848Z","lambda_strong_n2000_r10","fastphylosig","lambda","phytools::phylosig","strong",0.95,2000,10,2000,2000,0,,,22261014,220270914,22261948,"reference",2,FALSE,FALSE,TRUE,"Sys.time",1,"1abb4ce6ac72b8f667314e14d4dc6a0b1340a7e3a28f5fe28157e83b4a726388","954d51fa5941a0ac40606085d89a8071ea142d9121cfca66eb40029e53e32466","40d55a2fe2dc0d3aced0b63d74f2be6e7bc73439f609f961a977d3a5c577a702","1fc6118ad953c16be32ccbcd65398dac8ef59e2e719acbeb3491e464351b3d49","dc5440119dfb927e85eb6efc83ab8dbfe4f5d3a4e4621a7513840220a203c2d5","b6a848b969aba784dba21a54a6f82678126af766f5da8a2c51f8cb7057b44004","0.3.0","isolated_release_library/fastphylosig","d951ecee19c06f3a144ad76c5039302078747585bb3bf829e6f12db15f54775d","isolated_release_library/fastphylosig/libs/<platform>/fastphylosig","c46a5834babd455b546bc65c6549c42ba51e6b47f3c9f222919b7118a5af3280","1bd40080f1ea537b3c73c838dc98ff84940f1064f4e1c4dbfb2dd5063d999bdb","benchmarks/stage5/documentation_fix_release_20261001/fastphylosig_0.3.0.tar.gz","909b7ad27485dcc2d96a7bb1fc70b65b54e93245d75761aca406b9c52f06cbff","2.5.2",0.0280709266662598,0.957322714765268,"ok",TRUE,,"",
