"version","shape","n","route","pair","position","repeats_for_n","elapsed_ms","inner_iterations","statistic","status","error_message","error_class"
"candidate1","balanced",500,"canonicalization",1,1,10,69.9999999999999,3,NA,"ok","",""
"v2","balanced",500,"canonicalization",1,2,10,33.3333333333334,3,NA,"ok","",""
"v2","balanced",500,"canonicalization",2,1,10,26.6666666666667,3,NA,"ok","",""
"candidate1","balanced",500,"canonicalization",2,2,10,63.3333333333335,3,NA,"ok","",""
"candidate1","balanced",500,"canonicalization",3,1,10,63.3333333333333,3,NA,"ok","",""
"v2","balanced",500,"canonicalization",3,2,10,26.6666666666667,3,NA,"ok","",""
"v2","balanced",500,"canonicalization",4,1,10,23.3333333333333,3,NA,"ok","",""
"candidate1","balanced",500,"canonicalization",4,2,10,60.0000000000001,3,NA,"ok","",""
"candidate1","balanced",500,"canonicalization",5,1,10,63.3333333333333,3,NA,"ok","",""
"v2","balanced",500,"canonicalization",5,2,10,33.3333333333332,3,NA,"ok","",""
"v2","balanced",500,"canonicalization",6,1,10,33.3333333333334,3,NA,"ok","",""
"candidate1","balanced",500,"canonicalization",6,2,10,63.3333333333332,3,NA,"ok","",""
"candidate1","balanced",500,"canonicalization",7,1,10,56.6666666666669,3,NA,"ok","",""
"v2","balanced",500,"canonicalization",7,2,10,30,3,NA,"ok","",""
"v2","balanced",500,"canonicalization",8,1,10,30,3,NA,"ok","",""
"candidate1","balanced",500,"canonicalization",8,2,10,70,3,NA,"ok","",""
"candidate1","balanced",500,"canonicalization",9,1,10,63.3333333333335,3,NA,"ok","",""
"v2","balanced",500,"canonicalization",9,2,10,26.6666666666667,3,NA,"ok","",""
"v2","balanced",500,"canonicalization",10,1,10,26.6666666666667,3,NA,"ok","",""
"candidate1","balanced",500,"canonicalization",10,2,10,63.3333333333335,3,NA,"ok","",""
"candidate1","balanced",500,"prepare_tree",1,1,10,73.3333333333332,3,NA,"ok","",""
"v2","balanced",500,"prepare_tree",1,2,10,36.6666666666668,3,NA,"ok","",""
"v2","balanced",500,"prepare_tree",2,1,10,36.6666666666668,3,NA,"ok","",""
"candidate1","balanced",500,"prepare_tree",2,2,10,73.3333333333335,3,NA,"ok","",""
"candidate1","balanced",500,"prepare_tree",3,1,10,73.3333333333335,3,NA,"ok","",""
"v2","balanced",500,"prepare_tree",3,2,10,36.6666666666671,3,NA,"ok","",""
"v2","balanced",500,"prepare_tree",4,1,10,43.3333333333336,3,NA,"ok","",""
"candidate1","balanced",500,"prepare_tree",4,2,10,73.3333333333335,3,NA,"ok","",""
"candidate1","balanced",500,"prepare_tree",5,1,10,66.6666666666664,3,NA,"ok","",""
"v2","balanced",500,"prepare_tree",5,2,10,36.6666666666665,3,NA,"ok","",""
"v2","balanced",500,"prepare_tree",6,1,10,43.3333333333336,3,NA,"ok","",""
"candidate1","balanced",500,"prepare_tree",6,2,10,73.3333333333335,3,NA,"ok","",""
"candidate1","balanced",500,"prepare_tree",7,1,10,69.9999999999997,3,NA,"ok","",""
"v2","balanced",500,"prepare_tree",7,2,10,43.3333333333336,3,NA,"ok","",""
"v2","balanced",500,"prepare_tree",8,1,10,40.0000000000003,3,NA,"ok","",""
"candidate1","balanced",500,"prepare_tree",8,2,10,73.3333333333335,3,NA,"ok","",""
"candidate1","balanced",500,"prepare_tree",9,1,10,73.3333333333335,3,NA,"ok","",""
"v2","balanced",500,"prepare_tree",9,2,10,40.0000000000003,3,NA,"ok","",""
"v2","balanced",500,"prepare_tree",10,1,10,36.6666666666665,3,NA,"ok","",""
"candidate1","balanced",500,"prepare_tree",10,2,10,73.3333333333335,3,NA,"ok","",""
"candidate1","balanced",500,"raw_fast_k",1,1,10,80.0000000000001,3,0.749169050366467,"ok","",""
"v2","balanced",500,"raw_fast_k",1,2,10,40.0000000000003,3,0.749169050366467,"ok","",""
"v2","balanced",500,"raw_fast_k",2,1,10,43.333333333333,3,0.749169050366467,"ok","",""
"candidate1","balanced",500,"raw_fast_k",2,2,10,76.6666666666668,3,0.749169050366467,"ok","",""
"candidate1","balanced",500,"raw_fast_k",3,1,10,73.3333333333335,3,0.749169050366467,"ok","",""
"v2","balanced",500,"raw_fast_k",3,2,10,39.9999999999997,3,0.749169050366467,"ok","",""
"v2","balanced",500,"raw_fast_k",4,1,10,43.3333333333336,3,0.749169050366467,"ok","",""
"candidate1","balanced",500,"raw_fast_k",4,2,10,79.9999999999995,3,0.749169050366467,"ok","",""
"candidate1","balanced",500,"raw_fast_k",5,1,10,73.333333333333,3,0.749169050366467,"ok","",""
"v2","balanced",500,"raw_fast_k",5,2,10,43.333333333333,3,0.749169050366467,"ok","",""
"v2","balanced",500,"raw_fast_k",6,1,10,40.0000000000003,3,0.749169050366467,"ok","",""
"candidate1","balanced",500,"raw_fast_k",6,2,10,73.333333333333,3,0.749169050366467,"ok","",""
"candidate1","balanced",500,"raw_fast_k",7,1,10,73.3333333333341,3,0.749169050366467,"ok","",""
"v2","balanced",500,"raw_fast_k",7,2,10,40.0000000000003,3,0.749169050366467,"ok","",""
"v2","balanced",500,"raw_fast_k",8,1,10,40.0000000000003,3,0.749169050366467,"ok","",""
"candidate1","balanced",500,"raw_fast_k",8,2,10,73.3333333333341,3,0.749169050366467,"ok","",""
"candidate1","balanced",500,"raw_fast_k",9,1,10,73.333333333333,3,0.749169050366467,"ok","",""
"v2","balanced",500,"raw_fast_k",9,2,10,40.0000000000003,3,0.749169050366467,"ok","",""
"v2","balanced",500,"raw_fast_k",10,1,10,43.333333333333,3,0.749169050366467,"ok","",""
"candidate1","balanced",500,"raw_fast_k",10,2,10,73.333333333333,3,0.749169050366467,"ok","",""
"candidate1","balanced",500,"prepared_fast_k",1,1,10,5.99999999999987,10,0.749169050366467,"ok","",""
"v2","balanced",500,"prepared_fast_k",1,2,10,8.00000000000018,10,0.749169050366467,"ok","",""
"v2","balanced",500,"prepared_fast_k",2,1,10,8.00000000000018,10,0.749169050366467,"ok","",""
"candidate1","balanced",500,"prepared_fast_k",2,2,10,7.00000000000003,10,0.749169050366467,"ok","",""
"candidate1","balanced",500,"prepared_fast_k",3,1,10,5.99999999999987,10,0.749169050366467,"ok","",""
"v2","balanced",500,"prepared_fast_k",3,2,10,8.00000000000018,10,0.749169050366467,"ok","",""
"v2","balanced",500,"prepared_fast_k",4,1,10,7.00000000000003,10,0.749169050366467,"ok","",""
"candidate1","balanced",500,"prepared_fast_k",4,2,10,5.99999999999987,10,0.749169050366467,"ok","",""
"candidate1","balanced",500,"prepared_fast_k",5,1,10,7.99999999999983,10,0.749169050366467,"ok","",""
"v2","balanced",500,"prepared_fast_k",5,2,10,8.99999999999999,10,0.749169050366467,"ok","",""
"v2","balanced",500,"prepared_fast_k",6,1,10,8.99999999999999,10,0.749169050366467,"ok","",""
"candidate1","balanced",500,"prepared_fast_k",6,2,10,7.99999999999983,10,0.749169050366467,"ok","",""
"candidate1","balanced",500,"prepared_fast_k",7,1,10,7.00000000000003,10,0.749169050366467,"ok","",""
"v2","balanced",500,"prepared_fast_k",7,2,10,7.00000000000003,10,0.749169050366467,"ok","",""
"v2","balanced",500,"prepared_fast_k",8,1,10,8.99999999999999,10,0.749169050366467,"ok","",""
"candidate1","balanced",500,"prepared_fast_k",8,2,10,7.99999999999983,10,0.749169050366467,"ok","",""
"candidate1","balanced",500,"prepared_fast_k",9,1,10,8.00000000000018,10,0.749169050366467,"ok","",""
"v2","balanced",500,"prepared_fast_k",9,2,10,8.99999999999999,10,0.749169050366467,"ok","",""
"v2","balanced",500,"prepared_fast_k",10,1,10,7.99999999999983,10,0.749169050366467,"ok","",""
"candidate1","balanced",500,"prepared_fast_k",10,2,10,7.00000000000003,10,0.749169050366467,"ok","",""
"candidate1","balanced",500,"fingerprint",1,1,10,2.99999999999976,10,NA,"ok","",""
"v2","balanced",500,"fingerprint",1,2,10,2.99999999999976,10,0,"ok","",""
"v2","balanced",500,"fingerprint",2,1,10,3.00000000000011,10,0,"ok","",""
"candidate1","balanced",500,"fingerprint",2,2,10,5.00000000000007,10,NA,"ok","",""
"candidate1","balanced",500,"fingerprint",3,1,10,3.99999999999991,10,NA,"ok","",""
"v2","balanced",500,"fingerprint",3,2,10,3.00000000000011,10,0,"ok","",""
"v2","balanced",500,"fingerprint",4,1,10,2.99999999999976,10,0,"ok","",""
"candidate1","balanced",500,"fingerprint",4,2,10,5.00000000000007,10,NA,"ok","",""
"candidate1","balanced",500,"fingerprint",5,1,10,4.99999999999972,10,NA,"ok","",""
"v2","balanced",500,"fingerprint",5,2,10,3.00000000000011,10,0,"ok","",""
"v2","balanced",500,"fingerprint",6,1,10,3.00000000000011,10,0,"ok","",""
"candidate1","balanced",500,"fingerprint",6,2,10,5.00000000000007,10,NA,"ok","",""
"candidate1","balanced",500,"fingerprint",7,1,10,3.00000000000011,10,NA,"ok","",""
"v2","balanced",500,"fingerprint",7,2,10,2.99999999999976,10,0,"ok","",""
"v2","balanced",500,"fingerprint",8,1,10,3.00000000000011,10,0,"ok","",""
"candidate1","balanced",500,"fingerprint",8,2,10,3.00000000000011,10,NA,"ok","",""
"candidate1","balanced",500,"fingerprint",9,1,10,3.99999999999991,10,NA,"ok","",""
"v2","balanced",500,"fingerprint",9,2,10,3.00000000000011,10,0,"ok","",""
"v2","balanced",500,"fingerprint",10,1,10,2.99999999999976,10,0,"ok","",""
"candidate1","balanced",500,"fingerprint",10,2,10,5.00000000000007,10,NA,"ok","",""
"candidate1","balanced",500,"context_validation",1,1,10,3.00000000000011,10,NA,"ok","",""
"v2","balanced",500,"context_validation",1,2,10,5.00000000000007,10,NA,"ok","",""
"v2","balanced",500,"context_validation",2,1,10,3.99999999999991,10,NA,"ok","",""
"candidate1","balanced",500,"context_validation",2,2,10,3.99999999999991,10,NA,"ok","",""
"candidate1","balanced",500,"context_validation",3,1,10,3.00000000000011,10,NA,"ok","",""
"v2","balanced",500,"context_validation",3,2,10,5.00000000000007,10,NA,"ok","",""
"v2","balanced",500,"context_validation",4,1,10,4.99999999999972,10,NA,"ok","",""
"candidate1","balanced",500,"context_validation",4,2,10,5.00000000000007,10,NA,"ok","",""
"candidate1","balanced",500,"context_validation",5,1,10,5.00000000000007,10,NA,"ok","",""
"v2","balanced",500,"context_validation",5,2,10,5.00000000000007,10,NA,"ok","",""
"v2","balanced",500,"context_validation",6,1,10,5.00000000000007,10,NA,"ok","",""
"candidate1","balanced",500,"context_validation",6,2,10,3.99999999999991,10,NA,"ok","",""
"candidate1","balanced",500,"context_validation",7,1,10,4.99999999999972,10,NA,"ok","",""
"v2","balanced",500,"context_validation",7,2,10,4.99999999999972,10,NA,"ok","",""
"v2","balanced",500,"context_validation",8,1,10,3.99999999999991,10,NA,"ok","",""
"candidate1","balanced",500,"context_validation",8,2,10,5.00000000000007,10,NA,"ok","",""
"candidate1","balanced",500,"context_validation",9,1,10,4.00000000000027,10,NA,"ok","",""
"v2","balanced",500,"context_validation",9,2,10,6.00000000000023,10,NA,"ok","",""
"v2","balanced",500,"context_validation",10,1,10,5.00000000000007,10,NA,"ok","",""
"candidate1","balanced",500,"context_validation",10,2,10,5.00000000000007,10,NA,"ok","",""
"candidate1","balanced",1000,"canonicalization",1,1,10,146.666666666668,3,NA,"ok","",""
"v2","balanced",1000,"canonicalization",1,2,10,56.6666666666672,3,NA,"ok","",""
"v2","balanced",1000,"canonicalization",2,1,10,56.6666666666649,3,NA,"ok","",""
"candidate1","balanced",1000,"canonicalization",2,2,10,143.333333333333,3,NA,"ok","",""
"candidate1","balanced",1000,"canonicalization",3,1,10,146.666666666666,3,NA,"ok","",""
"v2","balanced",1000,"canonicalization",3,2,10,56.6666666666672,3,NA,"ok","",""
"v2","balanced",1000,"canonicalization",4,1,10,56.6666666666649,3,NA,"ok","",""
"candidate1","balanced",1000,"canonicalization",4,2,10,146.666666666666,3,NA,"ok","",""
"candidate1","balanced",1000,"canonicalization",5,1,10,146.666666666668,3,NA,"ok","",""
"v2","balanced",1000,"canonicalization",5,2,10,59.9999999999999,3,NA,"ok","",""
"v2","balanced",1000,"canonicalization",6,1,10,56.6666666666672,3,NA,"ok","",""
"candidate1","balanced",1000,"canonicalization",6,2,10,143.333333333333,3,NA,"ok","",""
"candidate1","balanced",1000,"canonicalization",7,1,10,146.666666666666,3,NA,"ok","",""
"v2","balanced",1000,"canonicalization",7,2,10,63.3333333333326,3,NA,"ok","",""
"v2","balanced",1000,"canonicalization",8,1,10,56.6666666666672,3,NA,"ok","",""
"candidate1","balanced",1000,"canonicalization",8,2,10,146.666666666666,3,NA,"ok","",""
"candidate1","balanced",1000,"canonicalization",9,1,10,140.000000000001,3,NA,"ok","",""
"v2","balanced",1000,"canonicalization",9,2,10,56.6666666666672,3,NA,"ok","",""
"v2","balanced",1000,"canonicalization",10,1,10,56.6666666666649,3,NA,"ok","",""
"candidate1","balanced",1000,"canonicalization",10,2,10,146.666666666668,3,NA,"ok","",""
"candidate1","balanced",1000,"prepare_tree",1,1,10,159.999999999999,3,NA,"ok","",""
"v2","balanced",1000,"prepare_tree",1,2,10,90.000000000001,3,NA,"ok","",""
"v2","balanced",1000,"prepare_tree",2,1,10,76.6666666666656,3,NA,"ok","",""
"candidate1","balanced",1000,"prepare_tree",2,2,10,166.666666666667,3,NA,"ok","",""
"candidate1","balanced",1000,"prepare_tree",3,1,10,166.666666666667,3,NA,"ok","",""
"v2","balanced",1000,"prepare_tree",3,2,10,73.333333333333,3,NA,"ok","",""
"v2","balanced",1000,"prepare_tree",4,1,10,80.0000000000007,3,NA,"ok","",""
"candidate1","balanced",1000,"prepare_tree",4,2,10,166.666666666667,3,NA,"ok","",""
"candidate1","balanced",1000,"prepare_tree",5,1,10,159.999999999999,3,NA,"ok","",""
"v2","balanced",1000,"prepare_tree",5,2,10,76.666666666668,3,NA,"ok","",""
"v2","balanced",1000,"prepare_tree",6,1,10,80.0000000000007,3,NA,"ok","",""
"candidate1","balanced",1000,"prepare_tree",6,2,10,166.666666666667,3,NA,"ok","",""
"candidate1","balanced",1000,"prepare_tree",7,1,10,163.333333333334,3,NA,"ok","",""
"v2","balanced",1000,"prepare_tree",7,2,10,76.666666666668,3,NA,"ok","",""
"v2","balanced",1000,"prepare_tree",8,1,10,76.6666666666656,3,NA,"ok","",""
"candidate1","balanced",1000,"prepare_tree",8,2,10,166.666666666667,3,NA,"ok","",""
"candidate1","balanced",1000,"prepare_tree",9,1,10,166.666666666667,3,NA,"ok","",""
"v2","balanced",1000,"prepare_tree",9,2,10,83.3333333333333,3,NA,"ok","",""
"v2","balanced",1000,"prepare_tree",10,1,10,76.666666666668,3,NA,"ok","",""
"candidate1","balanced",1000,"prepare_tree",10,2,10,163.333333333334,3,NA,"ok","",""
"candidate1","balanced",1000,"raw_fast_k",1,1,10,183.333333333332,3,0.689026467847598,"ok","",""
"v2","balanced",1000,"raw_fast_k",1,2,10,83.3333333333333,3,0.689026467847598,"ok","",""
"v2","balanced",1000,"raw_fast_k",2,1,10,80.0000000000007,3,0.689026467847598,"ok","",""
"candidate1","balanced",1000,"raw_fast_k",2,2,10,166.666666666667,3,0.689026467847598,"ok","",""
"candidate1","balanced",1000,"raw_fast_k",3,1,10,169.999999999999,3,0.689026467847598,"ok","",""
"v2","balanced",1000,"raw_fast_k",3,2,10,83.3333333333333,3,0.689026467847598,"ok","",""
"v2","balanced",1000,"raw_fast_k",4,1,10,80.0000000000007,3,0.689026467847598,"ok","",""
"candidate1","balanced",1000,"raw_fast_k",4,2,10,169.999999999999,3,0.689026467847598,"ok","",""
"candidate1","balanced",1000,"raw_fast_k",5,1,10,166.666666666667,3,0.689026467847598,"ok","",""
"v2","balanced",1000,"raw_fast_k",5,2,10,76.6666666666656,3,0.689026467847598,"ok","",""
"v2","balanced",1000,"raw_fast_k",6,1,10,93.3333333333313,3,0.689026467847598,"ok","",""
"candidate1","balanced",1000,"raw_fast_k",6,2,10,166.666666666667,3,0.689026467847598,"ok","",""
"candidate1","balanced",1000,"raw_fast_k",7,1,10,173.333333333332,3,0.689026467847598,"ok","",""
"v2","balanced",1000,"raw_fast_k",7,2,10,83.3333333333333,3,0.689026467847598,"ok","",""
"v2","balanced",1000,"raw_fast_k",8,1,10,80.0000000000007,3,0.689026467847598,"ok","",""
"candidate1","balanced",1000,"raw_fast_k",8,2,10,166.666666666667,3,0.689026467847598,"ok","",""
"candidate1","balanced",1000,"raw_fast_k",9,1,10,170.000000000002,3,0.689026467847598,"ok","",""
"v2","balanced",1000,"raw_fast_k",9,2,10,76.666666666668,3,0.689026467847598,"ok","",""
"v2","balanced",1000,"raw_fast_k",10,1,10,83.3333333333333,3,0.689026467847598,"ok","",""
"candidate1","balanced",1000,"raw_fast_k",10,2,10,170.000000000002,3,0.689026467847598,"ok","",""
"candidate1","balanced",1000,"prepared_fast_k",1,1,10,11.999999999999,10,0.689026467847598,"ok","",""
"v2","balanced",1000,"prepared_fast_k",1,2,10,14.0000000000001,10,0.689026467847598,"ok","",""
"v2","balanced",1000,"prepared_fast_k",2,1,10,14.0000000000001,10,0.689026467847598,"ok","",""
"candidate1","balanced",1000,"prepared_fast_k",2,2,10,12.0000000000005,10,0.689026467847598,"ok","",""
"candidate1","balanced",1000,"prepared_fast_k",3,1,10,10.9999999999999,10,0.689026467847598,"ok","",""
"v2","balanced",1000,"prepared_fast_k",3,2,10,12.0000000000005,10,0.689026467847598,"ok","",""
"v2","balanced",1000,"prepared_fast_k",4,1,10,14.0000000000001,10,0.689026467847598,"ok","",""
"candidate1","balanced",1000,"prepared_fast_k",4,2,10,12.0000000000005,10,0.689026467847598,"ok","",""
"candidate1","balanced",1000,"prepared_fast_k",5,1,10,10.9999999999999,10,0.689026467847598,"ok","",""
"v2","balanced",1000,"prepared_fast_k",5,2,10,12.0000000000005,10,0.689026467847598,"ok","",""
"v2","balanced",1000,"prepared_fast_k",6,1,10,12.9999999999995,10,0.689026467847598,"ok","",""
"candidate1","balanced",1000,"prepared_fast_k",6,2,10,13.000000000001,10,0.689026467847598,"ok","",""
"candidate1","balanced",1000,"prepared_fast_k",7,1,10,10.9999999999999,10,0.689026467847598,"ok","",""
"v2","balanced",1000,"prepared_fast_k",7,2,10,13.000000000001,10,0.689026467847598,"ok","",""
"v2","balanced",1000,"prepared_fast_k",8,1,10,12.9999999999995,10,0.689026467847598,"ok","",""
"candidate1","balanced",1000,"prepared_fast_k",8,2,10,12.9999999999995,10,0.689026467847598,"ok","",""
"candidate1","balanced",1000,"prepared_fast_k",9,1,10,12.0000000000005,10,0.689026467847598,"ok","",""
"v2","balanced",1000,"prepared_fast_k",9,2,10,12.0000000000005,10,0.689026467847598,"ok","",""
"v2","balanced",1000,"prepared_fast_k",10,1,10,13.000000000001,10,0.689026467847598,"ok","",""
"candidate1","balanced",1000,"prepared_fast_k",10,2,10,12.0000000000005,10,0.689026467847598,"ok","",""
"candidate1","balanced",1000,"fingerprint",1,1,10,6.99999999999932,10,NA,"ok","",""
"v2","balanced",1000,"fingerprint",1,2,10,4.99999999999972,10,0,"ok","",""
"v2","balanced",1000,"fingerprint",2,1,10,6.00000000000023,10,0,"ok","",""
"candidate1","balanced",1000,"fingerprint",2,2,10,10.0000000000009,10,NA,"ok","",""
"candidate1","balanced",1000,"fingerprint",3,1,10,9.00000000000034,10,NA,"ok","",""
"v2","balanced",1000,"fingerprint",3,2,10,6.00000000000023,10,0,"ok","",""
"v2","balanced",1000,"fingerprint",4,1,10,4.99999999999972,10,0,"ok","",""
"candidate1","balanced",1000,"fingerprint",4,2,10,7.99999999999983,10,NA,"ok","",""
"candidate1","balanced",1000,"fingerprint",5,1,10,9.99999999999943,10,NA,"ok","",""
"v2","balanced",1000,"fingerprint",5,2,10,4.99999999999972,10,0,"ok","",""
"v2","balanced",1000,"fingerprint",6,1,10,6.00000000000023,10,0,"ok","",""
"candidate1","balanced",1000,"fingerprint",6,2,10,9.00000000000034,10,NA,"ok","",""
"candidate1","balanced",1000,"fingerprint",7,1,10,9.00000000000034,10,NA,"ok","",""
"v2","balanced",1000,"fingerprint",7,2,10,4.00000000000063,10,0,"ok","",""
"v2","balanced",1000,"fingerprint",8,1,10,7.00000000000074,10,0,"ok","",""
"candidate1","balanced",1000,"fingerprint",8,2,10,8.99999999999892,10,NA,"ok","",""
"candidate1","balanced",1000,"fingerprint",9,1,10,10.0000000000009,10,NA,"ok","",""
"v2","balanced",1000,"fingerprint",9,2,10,6.00000000000023,10,0,"ok","",""
"v2","balanced",1000,"fingerprint",10,1,10,7.00000000000074,10,0,"ok","",""
"candidate1","balanced",1000,"fingerprint",10,2,10,6.99999999999932,10,NA,"ok","",""
"candidate1","balanced",1000,"context_validation",1,1,10,7.99999999999983,10,NA,"ok","",""
"v2","balanced",1000,"context_validation",1,2,10,10.0000000000009,10,NA,"ok","",""
"v2","balanced",1000,"context_validation",2,1,10,11.0000000000014,10,NA,"ok","",""
"candidate1","balanced",1000,"context_validation",2,2,10,8.00000000000125,10,NA,"ok","",""
"candidate1","balanced",1000,"context_validation",3,1,10,9.99999999999943,10,NA,"ok","",""
"v2","balanced",1000,"context_validation",3,2,10,9.00000000000034,10,NA,"ok","",""
"v2","balanced",1000,"context_validation",4,1,10,9.00000000000034,10,NA,"ok","",""
"candidate1","balanced",1000,"context_validation",4,2,10,6.99999999999932,10,NA,"ok","",""
"candidate1","balanced",1000,"context_validation",5,1,10,10.0000000000009,10,NA,"ok","",""
"v2","balanced",1000,"context_validation",5,2,10,9.99999999999943,10,NA,"ok","",""
"v2","balanced",1000,"context_validation",6,1,10,9.99999999999943,10,NA,"ok","",""
"candidate1","balanced",1000,"context_validation",6,2,10,10.9999999999999,10,NA,"ok","",""
"candidate1","balanced",1000,"context_validation",7,1,10,9.00000000000034,10,NA,"ok","",""
"v2","balanced",1000,"context_validation",7,2,10,10.9999999999999,10,NA,"ok","",""
"v2","balanced",1000,"context_validation",8,1,10,9.00000000000034,10,NA,"ok","",""
"candidate1","balanced",1000,"context_validation",8,2,10,8.00000000000125,10,NA,"ok","",""
"candidate1","balanced",1000,"context_validation",9,1,10,9.00000000000034,10,NA,"ok","",""
"v2","balanced",1000,"context_validation",9,2,10,8.99999999999892,10,NA,"ok","",""
"v2","balanced",1000,"context_validation",10,1,10,9.00000000000034,10,NA,"ok","",""
"candidate1","balanced",1000,"context_validation",10,2,10,9.00000000000034,10,NA,"ok","",""
"candidate1","balanced",2000,"canonicalization",1,1,10,359.999999999999,1,NA,"ok","",""
"v2","balanced",2000,"canonicalization",1,2,10,120.000000000005,1,NA,"ok","",""
"v2","balanced",2000,"canonicalization",2,1,10,109.999999999999,1,NA,"ok","",""
"candidate1","balanced",2000,"canonicalization",2,2,10,400.000000000006,1,NA,"ok","",""
"candidate1","balanced",2000,"canonicalization",3,1,10,359.999999999999,1,NA,"ok","",""
"v2","balanced",2000,"canonicalization",3,2,10,129.999999999995,1,NA,"ok","",""
"v2","balanced",2000,"canonicalization",4,1,10,110.000000000014,1,NA,"ok","",""
"candidate1","balanced",2000,"canonicalization",4,2,10,359.999999999999,1,NA,"ok","",""
"candidate1","balanced",2000,"canonicalization",5,1,10,379.999999999995,1,NA,"ok","",""
"v2","balanced",2000,"canonicalization",5,2,10,120.000000000005,1,NA,"ok","",""
"v2","balanced",2000,"canonicalization",6,1,10,119.99999999999,1,NA,"ok","",""
"candidate1","balanced",2000,"canonicalization",6,2,10,359.999999999999,1,NA,"ok","",""
"candidate1","balanced",2000,"canonicalization",7,1,10,359.999999999999,1,NA,"ok","",""
"v2","balanced",2000,"canonicalization",7,2,10,129.999999999995,1,NA,"ok","",""
"v2","balanced",2000,"canonicalization",8,1,10,110.000000000014,1,NA,"ok","",""
"candidate1","balanced",2000,"canonicalization",8,2,10,359.999999999999,1,NA,"ok","",""
"candidate1","balanced",2000,"canonicalization",9,1,10,359.999999999999,1,NA,"ok","",""
"v2","balanced",2000,"canonicalization",9,2,10,120.000000000005,1,NA,"ok","",""
"v2","balanced",2000,"canonicalization",10,1,10,109.999999999999,1,NA,"ok","",""
"candidate1","balanced",2000,"canonicalization",10,2,10,359.999999999999,1,NA,"ok","",""
"candidate1","balanced",2000,"prepare_tree",1,1,10,429.999999999993,1,NA,"ok","",""
"v2","balanced",2000,"prepare_tree",1,2,10,149.999999999991,1,NA,"ok","",""
"v2","balanced",2000,"prepare_tree",2,1,10,159.999999999997,1,NA,"ok","",""
"candidate1","balanced",2000,"prepare_tree",2,2,10,410.000000000011,1,NA,"ok","",""
"candidate1","balanced",2000,"prepare_tree",3,1,10,399.999999999991,1,NA,"ok","",""
"v2","balanced",2000,"prepare_tree",3,2,10,149.999999999991,1,NA,"ok","",""
"v2","balanced",2000,"prepare_tree",4,1,10,159.999999999997,1,NA,"ok","",""
"candidate1","balanced",2000,"prepare_tree",4,2,10,410.000000000011,1,NA,"ok","",""
"candidate1","balanced",2000,"prepare_tree",5,1,10,399.999999999991,1,NA,"ok","",""
"v2","balanced",2000,"prepare_tree",5,2,10,149.999999999991,1,NA,"ok","",""
"v2","balanced",2000,"prepare_tree",6,1,10,159.999999999997,1,NA,"ok","",""
"candidate1","balanced",2000,"prepare_tree",6,2,10,390.000000000001,1,NA,"ok","",""
"candidate1","balanced",2000,"prepare_tree",7,1,10,390.000000000001,1,NA,"ok","",""
"v2","balanced",2000,"prepare_tree",7,2,10,149.999999999991,1,NA,"ok","",""
"v2","balanced",2000,"prepare_tree",8,1,10,149.999999999991,1,NA,"ok","",""
"candidate1","balanced",2000,"prepare_tree",8,2,10,409.999999999997,1,NA,"ok","",""
"candidate1","balanced",2000,"prepare_tree",9,1,10,410.000000000011,1,NA,"ok","",""
"v2","balanced",2000,"prepare_tree",9,2,10,159.999999999997,1,NA,"ok","",""
"v2","balanced",2000,"prepare_tree",10,1,10,149.999999999991,1,NA,"ok","",""
"candidate1","balanced",2000,"prepare_tree",10,2,10,390.000000000001,1,NA,"ok","",""
"candidate1","balanced",2000,"raw_fast_k",1,1,10,430.000000000007,1,0.63255851355179,"ok","",""
"v2","balanced",2000,"raw_fast_k",1,2,10,159.999999999997,1,0.63255851355179,"ok","",""
"v2","balanced",2000,"raw_fast_k",2,1,10,150.000000000006,1,0.63255851355179,"ok","",""
"candidate1","balanced",2000,"raw_fast_k",2,2,10,389.999999999986,1,0.63255851355179,"ok","",""
"candidate1","balanced",2000,"raw_fast_k",3,1,10,410.000000000011,1,0.63255851355179,"ok","",""
"v2","balanced",2000,"raw_fast_k",3,2,10,159.999999999997,1,0.63255851355179,"ok","",""
"v2","balanced",2000,"raw_fast_k",4,1,10,159.999999999997,1,0.63255851355179,"ok","",""
"candidate1","balanced",2000,"raw_fast_k",4,2,10,390.000000000001,1,0.63255851355179,"ok","",""
"candidate1","balanced",2000,"raw_fast_k",5,1,10,410.000000000011,1,0.63255851355179,"ok","",""
"v2","balanced",2000,"raw_fast_k",5,2,10,210.000000000008,1,0.63255851355179,"ok","",""
"v2","balanced",2000,"raw_fast_k",6,1,10,150.000000000006,1,0.63255851355179,"ok","",""
"candidate1","balanced",2000,"raw_fast_k",6,2,10,399.999999999991,1,0.63255851355179,"ok","",""
"candidate1","balanced",2000,"raw_fast_k",7,1,10,409.999999999997,1,0.63255851355179,"ok","",""
"v2","balanced",2000,"raw_fast_k",7,2,10,149.999999999991,1,0.63255851355179,"ok","",""
"v2","balanced",2000,"raw_fast_k",8,1,10,149.999999999991,1,0.63255851355179,"ok","",""
"candidate1","balanced",2000,"raw_fast_k",8,2,10,410.000000000011,1,0.63255851355179,"ok","",""
"candidate1","balanced",2000,"raw_fast_k",9,1,10,420.000000000002,1,0.63255851355179,"ok","",""
"v2","balanced",2000,"raw_fast_k",9,2,10,160.000000000011,1,0.63255851355179,"ok","",""
"v2","balanced",2000,"raw_fast_k",10,1,10,160.000000000011,1,0.63255851355179,"ok","",""
"candidate1","balanced",2000,"raw_fast_k",10,2,10,409.999999999997,1,0.63255851355179,"ok","",""
"candidate1","balanced",2000,"prepared_fast_k",1,1,10,23.3333333333311,3,0.63255851355179,"ok","",""
"v2","balanced",2000,"prepared_fast_k",1,2,10,26.6666666666614,3,0.63255851355179,"ok","",""
"v2","balanced",2000,"prepared_fast_k",2,1,10,20.0000000000008,3,0.63255851355179,"ok","",""
"candidate1","balanced",2000,"prepared_fast_k",2,2,10,26.6666666666614,3,0.63255851355179,"ok","",""
"candidate1","balanced",2000,"prepared_fast_k",3,1,10,20.0000000000008,3,0.63255851355179,"ok","",""
"v2","balanced",2000,"prepared_fast_k",3,2,10,26.6666666666614,3,0.63255851355179,"ok","",""
"v2","balanced",2000,"prepared_fast_k",4,1,10,20.0000000000008,3,0.63255851355179,"ok","",""
"candidate1","balanced",2000,"prepared_fast_k",4,2,10,26.6666666666614,3,0.63255851355179,"ok","",""
"candidate1","balanced",2000,"prepared_fast_k",5,1,10,20.0000000000008,3,0.63255851355179,"ok","",""
"v2","balanced",2000,"prepared_fast_k",5,2,10,26.6666666666708,3,0.63255851355179,"ok","",""
"v2","balanced",2000,"prepared_fast_k",6,1,10,20.0000000000008,3,0.63255851355179,"ok","",""
"candidate1","balanced",2000,"prepared_fast_k",6,2,10,20.0000000000008,3,0.63255851355179,"ok","",""
"candidate1","balanced",2000,"prepared_fast_k",7,1,10,23.3333333333311,3,0.63255851355179,"ok","",""
"v2","balanced",2000,"prepared_fast_k",7,2,10,20.0000000000008,3,0.63255851355179,"ok","",""
"v2","balanced",2000,"prepared_fast_k",8,1,10,20.0000000000008,3,0.63255851355179,"ok","",""
"candidate1","balanced",2000,"prepared_fast_k",8,2,10,20.0000000000008,3,0.63255851355179,"ok","",""
"candidate1","balanced",2000,"prepared_fast_k",9,1,10,23.3333333333311,3,0.63255851355179,"ok","",""
"v2","balanced",2000,"prepared_fast_k",9,2,10,26.6666666666708,3,0.63255851355179,"ok","",""
"v2","balanced",2000,"prepared_fast_k",10,1,10,20.0000000000008,3,0.63255851355179,"ok","",""
"candidate1","balanced",2000,"prepared_fast_k",10,2,10,20.0000000000008,3,0.63255851355179,"ok","",""
"candidate1","balanced",2000,"fingerprint",1,1,10,13.3333333333307,3,NA,"ok","",""
"v2","balanced",2000,"fingerprint",1,2,10,10.0000000000004,3,0,"ok","",""
"v2","balanced",2000,"fingerprint",2,1,10,10.0000000000004,3,0,"ok","",""
"candidate1","balanced",2000,"fingerprint",2,2,10,20.0000000000008,3,NA,"ok","",""
"candidate1","balanced",2000,"fingerprint",3,1,10,20.0000000000008,3,NA,"ok","",""
"v2","balanced",2000,"fingerprint",3,2,10,13.3333333333402,3,0,"ok","",""
"v2","balanced",2000,"fingerprint",4,1,10,10.0000000000004,3,0,"ok","",""
"candidate1","balanced",2000,"fingerprint",4,2,10,20.0000000000008,3,NA,"ok","",""
"candidate1","balanced",2000,"fingerprint",5,1,10,16.6666666666705,3,NA,"ok","",""
"v2","balanced",2000,"fingerprint",5,2,10,16.666666666661,3,0,"ok","",""
"v2","balanced",2000,"fingerprint",6,1,10,10.0000000000004,3,0,"ok","",""
"candidate1","balanced",2000,"fingerprint",6,2,10,16.6666666666705,3,NA,"ok","",""
"candidate1","balanced",2000,"fingerprint",7,1,10,16.6666666666705,3,NA,"ok","",""
"v2","balanced",2000,"fingerprint",7,2,10,10.0000000000004,3,0,"ok","",""
"v2","balanced",2000,"fingerprint",8,1,10,10.0000000000004,3,0,"ok","",""
"candidate1","balanced",2000,"fingerprint",8,2,10,20.0000000000008,3,NA,"ok","",""
"candidate1","balanced",2000,"fingerprint",9,1,10,16.6666666666705,3,NA,"ok","",""
"v2","balanced",2000,"fingerprint",9,2,10,10.0000000000004,3,0,"ok","",""
"v2","balanced",2000,"fingerprint",10,1,10,10.0000000000004,3,0,"ok","",""
"candidate1","balanced",2000,"fingerprint",10,2,10,20.0000000000008,3,NA,"ok","",""
"candidate1","balanced",2000,"context_validation",1,1,10,16.666666666661,3,NA,"ok","",""
"v2","balanced",2000,"context_validation",1,2,10,23.3333333333311,3,NA,"ok","",""
"v2","balanced",2000,"context_validation",2,1,10,13.3333333333402,3,NA,"ok","",""
"candidate1","balanced",2000,"context_validation",2,2,10,20.0000000000008,3,NA,"ok","",""
"candidate1","balanced",2000,"context_validation",3,1,10,13.3333333333402,3,NA,"ok","",""
"v2","balanced",2000,"context_validation",3,2,10,20.0000000000008,3,NA,"ok","",""
"v2","balanced",2000,"context_validation",4,1,10,23.3333333333311,3,NA,"ok","",""
"candidate1","balanced",2000,"context_validation",4,2,10,13.3333333333307,3,NA,"ok","",""
"candidate1","balanced",2000,"context_validation",5,1,10,20.0000000000008,3,NA,"ok","",""
"v2","balanced",2000,"context_validation",5,2,10,20.0000000000008,3,NA,"ok","",""
"v2","balanced",2000,"context_validation",6,1,10,16.6666666666705,3,NA,"ok","",""
"candidate1","balanced",2000,"context_validation",6,2,10,16.666666666661,3,NA,"ok","",""
"candidate1","balanced",2000,"context_validation",7,1,10,16.6666666666705,3,NA,"ok","",""
"v2","balanced",2000,"context_validation",7,2,10,16.666666666661,3,NA,"ok","",""
"v2","balanced",2000,"context_validation",8,1,10,20.0000000000008,3,NA,"ok","",""
"candidate1","balanced",2000,"context_validation",8,2,10,20.0000000000008,3,NA,"ok","",""
"candidate1","balanced",2000,"context_validation",9,1,10,23.3333333333311,3,NA,"ok","",""
"v2","balanced",2000,"context_validation",9,2,10,16.666666666661,3,NA,"ok","",""
"v2","balanced",2000,"context_validation",10,1,10,13.3333333333402,3,NA,"ok","",""
"candidate1","balanced",2000,"context_validation",10,2,10,16.666666666661,3,NA,"ok","",""
"candidate1","balanced",5000,"canonicalization",1,1,10,1459.99999999998,1,NA,"ok","",""
"v2","balanced",5000,"canonicalization",1,2,10,360.000000000014,1,NA,"ok","",""
"v2","balanced",5000,"canonicalization",2,1,10,329.999999999984,1,NA,"ok","",""
"candidate1","balanced",5000,"canonicalization",2,2,10,1449.99999999999,1,NA,"ok","",""
"candidate1","balanced",5000,"canonicalization",3,1,10,1489.99999999998,1,NA,"ok","",""
"v2","balanced",5000,"canonicalization",3,2,10,310.000000000002,1,NA,"ok","",""
"v2","balanced",5000,"canonicalization",4,1,10,319.999999999993,1,NA,"ok","",""
"candidate1","balanced",5000,"canonicalization",4,2,10,1440,1,NA,"ok","",""
"candidate1","balanced",5000,"canonicalization",5,1,10,1449.99999999999,1,NA,"ok","",""
"v2","balanced",5000,"canonicalization",5,2,10,300.000000000011,1,NA,"ok","",""
"v2","balanced",5000,"canonicalization",6,1,10,310.000000000002,1,NA,"ok","",""
"candidate1","balanced",5000,"canonicalization",6,2,10,1450.00000000002,1,NA,"ok","",""
"candidate1","balanced",5000,"canonicalization",7,1,10,1460.00000000001,1,NA,"ok","",""
"v2","balanced",5000,"canonicalization",7,2,10,319.999999999993,1,NA,"ok","",""
"v2","balanced",5000,"canonicalization",8,1,10,310.000000000002,1,NA,"ok","",""
"candidate1","balanced",5000,"canonicalization",8,2,10,1459.99999999998,1,NA,"ok","",""
"candidate1","balanced",5000,"canonicalization",9,1,10,1459.99999999998,1,NA,"ok","",""
"v2","balanced",5000,"canonicalization",9,2,10,310.000000000002,1,NA,"ok","",""
"v2","balanced",5000,"canonicalization",10,1,10,319.999999999993,1,NA,"ok","",""
"candidate1","balanced",5000,"canonicalization",10,2,10,1449.99999999999,1,NA,"ok","",""
"candidate1","balanced",5000,"prepare_tree",1,1,10,1549.99999999998,1,NA,"ok","",""
"v2","balanced",5000,"prepare_tree",1,2,10,419.999999999987,1,NA,"ok","",""
"v2","balanced",5000,"prepare_tree",2,1,10,400.000000000006,1,NA,"ok","",""
"candidate1","balanced",5000,"prepare_tree",2,2,10,1549.99999999998,1,NA,"ok","",""
"candidate1","balanced",5000,"prepare_tree",3,1,10,1530,1,NA,"ok","",""
"v2","balanced",5000,"prepare_tree",3,2,10,429.999999999978,1,NA,"ok","",""
"v2","balanced",5000,"prepare_tree",4,1,10,419.999999999987,1,NA,"ok","",""
"candidate1","balanced",5000,"prepare_tree",4,2,10,1550.00000000001,1,NA,"ok","",""
"candidate1","balanced",5000,"prepare_tree",5,1,10,1590,1,NA,"ok","",""
"v2","balanced",5000,"prepare_tree",5,2,10,439.999999999998,1,NA,"ok","",""
"v2","balanced",5000,"prepare_tree",6,1,10,409.999999999997,1,NA,"ok","",""
"candidate1","balanced",5000,"prepare_tree",6,2,10,1550.00000000001,1,NA,"ok","",""
"candidate1","balanced",5000,"prepare_tree",7,1,10,1580.00000000001,1,NA,"ok","",""
"v2","balanced",5000,"prepare_tree",7,2,10,429.999999999978,1,NA,"ok","",""
"v2","balanced",5000,"prepare_tree",8,1,10,419.999999999987,1,NA,"ok","",""
"candidate1","balanced",5000,"prepare_tree",8,2,10,1579.99999999998,1,NA,"ok","",""
"candidate1","balanced",5000,"prepare_tree",9,1,10,1560,1,NA,"ok","",""
"v2","balanced",5000,"prepare_tree",9,2,10,419.999999999987,1,NA,"ok","",""
"v2","balanced",5000,"prepare_tree",10,1,10,420.000000000016,1,NA,"ok","",""
"candidate1","balanced",5000,"prepare_tree",10,2,10,1540.00000000002,1,NA,"ok","",""
"candidate1","balanced",5000,"raw_fast_k",1,1,10,1569.99999999999,1,0.56101335570093,"ok","",""
"v2","balanced",5000,"raw_fast_k",1,2,10,419.999999999987,1,0.56101335570093,"ok","",""
"v2","balanced",5000,"raw_fast_k",2,1,10,409.999999999997,1,0.56101335570093,"ok","",""
"candidate1","balanced",5000,"raw_fast_k",2,2,10,1580.00000000001,1,0.56101335570093,"ok","",""
"candidate1","balanced",5000,"raw_fast_k",3,1,10,1610.00000000001,1,0.56101335570093,"ok","",""
"v2","balanced",5000,"raw_fast_k",3,2,10,410.000000000025,1,0.56101335570093,"ok","",""
"v2","balanced",5000,"raw_fast_k",4,1,10,420.000000000016,1,0.56101335570093,"ok","",""
"candidate1","balanced",5000,"raw_fast_k",4,2,10,1550.00000000001,1,0.56101335570093,"ok","",""
"candidate1","balanced",5000,"raw_fast_k",5,1,10,1529.99999999997,1,0.56101335570093,"ok","",""
"v2","balanced",5000,"raw_fast_k",5,2,10,430.000000000007,1,0.56101335570093,"ok","",""
"v2","balanced",5000,"raw_fast_k",6,1,10,420.000000000016,1,0.56101335570093,"ok","",""
"candidate1","balanced",5000,"raw_fast_k",6,2,10,1569.99999999999,1,0.56101335570093,"ok","",""
"candidate1","balanced",5000,"raw_fast_k",7,1,10,1549.99999999995,1,0.56101335570093,"ok","",""
"v2","balanced",5000,"raw_fast_k",7,2,10,459.99999999998,1,0.56101335570093,"ok","",""
"v2","balanced",5000,"raw_fast_k",8,1,10,420.000000000016,1,0.56101335570093,"ok","",""
"candidate1","balanced",5000,"raw_fast_k",8,2,10,1569.99999999999,1,0.56101335570093,"ok","",""
"candidate1","balanced",5000,"raw_fast_k",9,1,10,1569.99999999999,1,0.56101335570093,"ok","",""
"v2","balanced",5000,"raw_fast_k",9,2,10,420.000000000016,1,0.56101335570093,"ok","",""
"v2","balanced",5000,"raw_fast_k",10,1,10,420.000000000016,1,0.56101335570093,"ok","",""
"candidate1","balanced",5000,"raw_fast_k",10,2,10,1599.99999999997,1,0.56101335570093,"ok","",""
"candidate1","balanced",5000,"prepared_fast_k",1,1,10,53.3333333333417,3,0.56101335570093,"ok","",""
"v2","balanced",5000,"prepared_fast_k",1,2,10,53.3333333333417,3,0.56101335570093,"ok","",""
"v2","balanced",5000,"prepared_fast_k",2,1,10,53.3333333333417,3,0.56101335570093,"ok","",""
"candidate1","balanced",5000,"prepared_fast_k",2,2,10,46.6666666666621,3,0.56101335570093,"ok","",""
"candidate1","balanced",5000,"prepared_fast_k",3,1,10,50.0000000000114,3,0.56101335570093,"ok","",""
"v2","balanced",5000,"prepared_fast_k",3,2,10,50.0000000000114,3,0.56101335570093,"ok","",""
"v2","balanced",5000,"prepared_fast_k",4,1,10,53.3333333333417,3,0.56101335570093,"ok","",""
"candidate1","balanced",5000,"prepared_fast_k",4,2,10,46.6666666666811,3,0.56101335570093,"ok","",""
"candidate1","balanced",5000,"prepared_fast_k",5,1,10,46.6666666666621,3,0.56101335570093,"ok","",""
"v2","balanced",5000,"prepared_fast_k",5,2,10,50.0000000000114,3,0.56101335570093,"ok","",""
"v2","balanced",5000,"prepared_fast_k",6,1,10,53.3333333333227,3,0.56101335570093,"ok","",""
"candidate1","balanced",5000,"prepared_fast_k",6,2,10,53.3333333333417,3,0.56101335570093,"ok","",""
"candidate1","balanced",5000,"prepared_fast_k",7,1,10,46.6666666666621,3,0.56101335570093,"ok","",""
"v2","balanced",5000,"prepared_fast_k",7,2,10,46.6666666666811,3,0.56101335570093,"ok","",""
"v2","balanced",5000,"prepared_fast_k",8,1,10,49.9999999999924,3,0.56101335570093,"ok","",""
"candidate1","balanced",5000,"prepared_fast_k",8,2,10,46.6666666666621,3,0.56101335570093,"ok","",""
"candidate1","balanced",5000,"prepared_fast_k",9,1,10,46.6666666666621,3,0.56101335570093,"ok","",""
"v2","balanced",5000,"prepared_fast_k",9,2,10,53.3333333333417,3,0.56101335570093,"ok","",""
"v2","balanced",5000,"prepared_fast_k",10,1,10,53.3333333333227,3,0.56101335570093,"ok","",""
"candidate1","balanced",5000,"prepared_fast_k",10,2,10,53.3333333333417,3,0.56101335570093,"ok","",""
"candidate1","balanced",5000,"fingerprint",1,1,10,43.3333333333318,3,NA,"ok","",""
"v2","balanced",5000,"fingerprint",1,2,10,30.0000000000106,3,0,"ok","",""
"v2","balanced",5000,"fingerprint",2,1,10,26.6666666666803,3,0,"ok","",""
"candidate1","balanced",5000,"fingerprint",2,2,10,43.3333333333318,3,NA,"ok","",""
"candidate1","balanced",5000,"fingerprint",3,1,10,43.3333333333318,3,NA,"ok","",""
"v2","balanced",5000,"fingerprint",3,2,10,33.3333333333409,3,0,"ok","",""
"v2","balanced",5000,"fingerprint",4,1,10,26.6666666666614,3,0,"ok","",""
"candidate1","balanced",5000,"fingerprint",4,2,10,40.0000000000015,3,NA,"ok","",""
"candidate1","balanced",5000,"fingerprint",5,1,10,40.0000000000015,3,NA,"ok","",""
"v2","balanced",5000,"fingerprint",5,2,10,29.9999999999917,3,0,"ok","",""
"v2","balanced",5000,"fingerprint",6,1,10,26.6666666666614,3,0,"ok","",""
"candidate1","balanced",5000,"fingerprint",6,2,10,40.0000000000015,3,NA,"ok","",""
"candidate1","balanced",5000,"fingerprint",7,1,10,40.0000000000015,3,NA,"ok","",""
"v2","balanced",5000,"fingerprint",7,2,10,26.6666666666614,3,0,"ok","",""
"v2","balanced",5000,"fingerprint",8,1,10,36.6666666666523,3,0,"ok","",""
"candidate1","balanced",5000,"fingerprint",8,2,10,43.3333333333318,3,NA,"ok","",""
"candidate1","balanced",5000,"fingerprint",9,1,10,43.3333333333318,3,NA,"ok","",""
"v2","balanced",5000,"fingerprint",9,2,10,26.6666666666614,3,0,"ok","",""
"v2","balanced",5000,"fingerprint",10,1,10,30.0000000000106,3,0,"ok","",""
"candidate1","balanced",5000,"fingerprint",10,2,10,46.6666666666811,3,NA,"ok","",""
"candidate1","balanced",5000,"context_validation",1,1,10,40.0000000000015,3,NA,"ok","",""
"v2","balanced",5000,"context_validation",1,2,10,46.6666666666621,3,NA,"ok","",""
"v2","balanced",5000,"context_validation",2,1,10,46.6666666666621,3,NA,"ok","",""
"candidate1","balanced",5000,"context_validation",2,2,10,43.3333333333318,3,NA,"ok","",""
"candidate1","balanced",5000,"context_validation",3,1,10,43.3333333333318,3,NA,"ok","",""
"v2","balanced",5000,"context_validation",3,2,10,46.6666666666621,3,NA,"ok","",""
"v2","balanced",5000,"context_validation",4,1,10,43.3333333333318,3,NA,"ok","",""
"candidate1","balanced",5000,"context_validation",4,2,10,43.3333333333318,3,NA,"ok","",""
"candidate1","balanced",5000,"context_validation",5,1,10,40.0000000000015,3,NA,"ok","",""
"v2","balanced",5000,"context_validation",5,2,10,46.6666666666621,3,NA,"ok","",""
"v2","balanced",5000,"context_validation",6,1,10,46.6666666666621,3,NA,"ok","",""
"candidate1","balanced",5000,"context_validation",6,2,10,40.0000000000015,3,NA,"ok","",""
"candidate1","balanced",5000,"context_validation",7,1,10,36.6666666666712,3,NA,"ok","",""
"v2","balanced",5000,"context_validation",7,2,10,46.6666666666621,3,NA,"ok","",""
"v2","balanced",5000,"context_validation",8,1,10,46.6666666666811,3,NA,"ok","",""
"candidate1","balanced",5000,"context_validation",8,2,10,43.3333333333318,3,NA,"ok","",""
"candidate1","balanced",5000,"context_validation",9,1,10,40.0000000000015,3,NA,"ok","",""
"v2","balanced",5000,"context_validation",9,2,10,46.6666666666621,3,NA,"ok","",""
"v2","balanced",5000,"context_validation",10,1,10,40.0000000000015,3,NA,"ok","",""
"candidate1","balanced",5000,"context_validation",10,2,10,40.0000000000015,3,NA,"ok","",""
"candidate1","balanced",10000,"canonicalization",1,1,5,4810,1,NA,"ok","",""
"v2","balanced",10000,"canonicalization",1,2,5,670.000000000016,1,NA,"ok","",""
"v2","balanced",10000,"canonicalization",2,1,5,709.99999999998,1,NA,"ok","",""
"candidate1","balanced",10000,"canonicalization",2,2,5,4810,1,NA,"ok","",""
"candidate1","balanced",10000,"canonicalization",3,1,5,4779.99999999997,1,NA,"ok","",""
"v2","balanced",10000,"canonicalization",3,2,5,669.999999999959,1,NA,"ok","",""
"v2","balanced",10000,"canonicalization",4,1,5,670.000000000016,1,NA,"ok","",""
"candidate1","balanced",10000,"canonicalization",4,2,5,4810,1,NA,"ok","",""
"candidate1","balanced",10000,"canonicalization",5,1,5,4829.99999999998,1,NA,"ok","",""
"v2","balanced",10000,"canonicalization",5,2,5,669.999999999959,1,NA,"ok","",""
"candidate1","balanced",10000,"prepare_tree",1,1,5,5060,1,NA,"ok","",""
"v2","balanced",10000,"prepare_tree",1,2,5,889.999999999986,1,NA,"ok","",""
"v2","balanced",10000,"prepare_tree",2,1,5,910.000000000025,1,NA,"ok","",""
"candidate1","balanced",10000,"prepare_tree",2,2,5,5029.99999999997,1,NA,"ok","",""
"candidate1","balanced",10000,"prepare_tree",3,1,5,5029.99999999997,1,NA,"ok","",""
"v2","balanced",10000,"prepare_tree",3,2,5,879.999999999995,1,NA,"ok","",""
"v2","balanced",10000,"prepare_tree",4,1,5,890.000000000043,1,NA,"ok","",""
"candidate1","balanced",10000,"prepare_tree",4,2,5,5100.00000000002,1,NA,"ok","",""
"candidate1","balanced",10000,"prepare_tree",5,1,5,5029.99999999997,1,NA,"ok","",""
"v2","balanced",10000,"prepare_tree",5,2,5,950.000000000045,1,NA,"ok","",""
"candidate1","balanced",10000,"raw_fast_k",1,1,5,5029.99999999997,1,0.523495626111404,"ok","",""
"v2","balanced",10000,"raw_fast_k",1,2,5,909.999999999968,1,0.523495626111404,"ok","",""
"v2","balanced",10000,"raw_fast_k",2,1,5,899.999999999977,1,0.523495626111404,"ok","",""
"candidate1","balanced",10000,"raw_fast_k",2,2,5,5160.00000000008,1,0.523495626111404,"ok","",""
"candidate1","balanced",10000,"raw_fast_k",3,1,5,5069.99999999994,1,0.523495626111404,"ok","",""
"v2","balanced",10000,"raw_fast_k",3,2,5,960.000000000036,1,0.523495626111404,"ok","",""
"v2","balanced",10000,"raw_fast_k",4,1,5,919.999999999959,1,0.523495626111404,"ok","",""
"candidate1","balanced",10000,"raw_fast_k",4,2,5,5130,1,0.523495626111404,"ok","",""
"candidate1","balanced",10000,"raw_fast_k",5,1,5,5079.99999999993,1,0.523495626111404,"ok","",""
"v2","balanced",10000,"raw_fast_k",5,2,5,889.999999999986,1,0.523495626111404,"ok","",""
"candidate1","balanced",10000,"prepared_fast_k",1,1,5,110.000000000014,1,0.523495626111404,"ok","",""
"v2","balanced",10000,"prepared_fast_k",1,2,5,89.9999999999181,1,0.523495626111404,"ok","",""
"v2","balanced",10000,"prepared_fast_k",2,1,5,89.9999999999181,1,0.523495626111404,"ok","",""
"candidate1","balanced",10000,"prepared_fast_k",2,2,5,109.9999999999,1,0.523495626111404,"ok","",""
"candidate1","balanced",10000,"prepared_fast_k",3,1,5,90.0000000000318,1,0.523495626111404,"ok","",""
"v2","balanced",10000,"prepared_fast_k",3,2,5,109.9999999999,1,0.523495626111404,"ok","",""
"v2","balanced",10000,"prepared_fast_k",4,1,5,90.0000000000318,1,0.523495626111404,"ok","",""
"candidate1","balanced",10000,"prepared_fast_k",4,2,5,90.0000000000318,1,0.523495626111404,"ok","",""
"candidate1","balanced",10000,"prepared_fast_k",5,1,5,110.000000000014,1,0.523495626111404,"ok","",""
"v2","balanced",10000,"prepared_fast_k",5,2,5,110.000000000014,1,0.523495626111404,"ok","",""
"candidate1","balanced",10000,"fingerprint",1,1,5,100.000000000023,1,NA,"ok","",""
"v2","balanced",10000,"fingerprint",1,2,5,60.0000000000591,1,0,"ok","",""
"v2","balanced",10000,"fingerprint",2,1,5,39.9999999999636,1,0,"ok","",""
"candidate1","balanced",10000,"fingerprint",2,2,5,79.9999999999272,1,NA,"ok","",""
"candidate1","balanced",10000,"fingerprint",3,1,5,99.9999999999091,1,NA,"ok","",""
"v2","balanced",10000,"fingerprint",3,2,5,110.000000000014,1,0,"ok","",""
"v2","balanced",10000,"fingerprint",4,1,5,60.0000000000591,1,0,"ok","",""
"candidate1","balanced",10000,"fingerprint",4,2,5,90.0000000000318,1,NA,"ok","",""
"candidate1","balanced",10000,"fingerprint",5,1,5,90.0000000000318,1,NA,"ok","",""
"v2","balanced",10000,"fingerprint",5,2,5,39.9999999999636,1,0,"ok","",""
"candidate1","balanced",10000,"context_validation",1,1,5,99.9999999999091,1,NA,"ok","",""
"v2","balanced",10000,"context_validation",1,2,5,99.9999999999091,1,NA,"ok","",""
"v2","balanced",10000,"context_validation",2,1,5,90.0000000000318,1,NA,"ok","",""
"candidate1","balanced",10000,"context_validation",2,2,5,90.0000000000318,1,NA,"ok","",""
"candidate1","balanced",10000,"context_validation",3,1,5,89.9999999999181,1,NA,"ok","",""
"v2","balanced",10000,"context_validation",3,2,5,100.000000000023,1,NA,"ok","",""
"v2","balanced",10000,"context_validation",4,1,5,99.9999999999091,1,NA,"ok","",""
"candidate1","balanced",10000,"context_validation",4,2,5,90.0000000000318,1,NA,"ok","",""
"candidate1","balanced",10000,"context_validation",5,1,5,90.0000000000318,1,NA,"ok","",""
"v2","balanced",10000,"context_validation",5,2,5,90.0000000000318,1,NA,"ok","",""
"candidate1","balanced",20000,"canonicalization",1,1,5,17250,1,NA,"ok","",""
"v2","balanced",20000,"canonicalization",1,2,5,1329.99999999993,1,NA,"ok","",""
"v2","balanced",20000,"canonicalization",2,1,5,1380,1,NA,"ok","",""
"candidate1","balanced",20000,"canonicalization",2,2,5,17270,1,NA,"ok","",""
"candidate1","balanced",20000,"canonicalization",3,1,5,17260,1,NA,"ok","",""
"v2","balanced",20000,"canonicalization",3,2,5,1329.99999999993,1,NA,"ok","",""
"v2","balanced",20000,"canonicalization",4,1,5,1380,1,NA,"ok","",""
"candidate1","balanced",20000,"canonicalization",4,2,5,17140,1,NA,"ok","",""
"candidate1","balanced",20000,"canonicalization",5,1,5,17210,1,NA,"ok","",""
"v2","balanced",20000,"canonicalization",5,2,5,1360.00000000001,1,NA,"ok","",""
"candidate1","balanced",20000,"prepare_tree",1,1,5,17680.0000000001,1,NA,"ok","",""
"v2","balanced",20000,"prepare_tree",1,2,5,2009.99999999999,1,NA,"ok","",""
"v2","balanced",20000,"prepare_tree",2,1,5,1960.00000000004,1,NA,"ok","",""
"candidate1","balanced",20000,"prepare_tree",2,2,5,17809.9999999999,1,NA,"ok","",""
"candidate1","balanced",20000,"prepare_tree",3,1,5,17920.0000000001,1,NA,"ok","",""
"v2","balanced",20000,"prepare_tree",3,2,5,1970.00000000003,1,NA,"ok","",""
"v2","balanced",20000,"prepare_tree",4,1,5,1970.00000000003,1,NA,"ok","",""
"candidate1","balanced",20000,"prepare_tree",4,2,5,18140.0000000001,1,NA,"ok","",""
"candidate1","balanced",20000,"prepare_tree",5,1,5,17890.0000000001,1,NA,"ok","",""
"v2","balanced",20000,"prepare_tree",5,2,5,2020.00000000021,1,NA,"ok","",""
"candidate1","balanced",20000,"raw_fast_k",1,1,5,17920.0000000001,1,0.49186299652832,"ok","",""
"v2","balanced",20000,"raw_fast_k",1,2,5,2029.99999999997,1,0.49186299652832,"ok","",""
"v2","balanced",20000,"raw_fast_k",2,1,5,2049.99999999995,1,0.49186299652832,"ok","",""
"candidate1","balanced",20000,"raw_fast_k",2,2,5,17869.9999999999,1,0.49186299652832,"ok","",""
"candidate1","balanced",20000,"raw_fast_k",3,1,5,18000,1,0.49186299652832,"ok","",""
"v2","balanced",20000,"raw_fast_k",3,2,5,2039.99999999996,1,0.49186299652832,"ok","",""
"v2","balanced",20000,"raw_fast_k",4,1,5,2019.99999999998,1,0.49186299652832,"ok","",""
"candidate1","balanced",20000,"raw_fast_k",4,2,5,17859.9999999999,1,0.49186299652832,"ok","",""
"candidate1","balanced",20000,"raw_fast_k",5,1,5,17859.9999999999,1,0.49186299652832,"ok","",""
"v2","balanced",20000,"raw_fast_k",5,2,5,2009.99999999999,1,0.49186299652832,"ok","",""
"candidate1","balanced",20000,"prepared_fast_k",1,1,5,189.999999999827,1,0.49186299652832,"ok","",""
"v2","balanced",20000,"prepared_fast_k",1,2,5,269.999999999982,1,0.49186299652832,"ok","",""
"v2","balanced",20000,"prepared_fast_k",2,1,5,199.999999999818,1,0.49186299652832,"ok","",""
"candidate1","balanced",20000,"prepared_fast_k",2,2,5,210.000000000036,1,0.49186299652832,"ok","",""
"candidate1","balanced",20000,"prepared_fast_k",3,1,5,190.000000000055,1,0.49186299652832,"ok","",""
"v2","balanced",20000,"prepared_fast_k",3,2,5,210.000000000036,1,0.49186299652832,"ok","",""
"v2","balanced",20000,"prepared_fast_k",4,1,5,200.000000000045,1,0.49186299652832,"ok","",""
"candidate1","balanced",20000,"prepared_fast_k",4,2,5,190.000000000055,1,0.49186299652832,"ok","",""
"candidate1","balanced",20000,"prepared_fast_k",5,1,5,190.000000000055,1,0.49186299652832,"ok","",""
"v2","balanced",20000,"prepared_fast_k",5,2,5,210.000000000036,1,0.49186299652832,"ok","",""
"candidate1","balanced",20000,"fingerprint",1,1,5,170.000000000073,1,NA,"ok","",""
"v2","balanced",20000,"fingerprint",1,2,5,110.000000000127,1,0,"ok","",""
"v2","balanced",20000,"fingerprint",2,1,5,109.9999999999,1,0,"ok","",""
"candidate1","balanced",20000,"fingerprint",2,2,5,180.000000000064,1,NA,"ok","",""
"candidate1","balanced",20000,"fingerprint",3,1,5,159.999999999854,1,NA,"ok","",""
"v2","balanced",20000,"fingerprint",3,2,5,109.9999999999,1,0,"ok","",""
"v2","balanced",20000,"fingerprint",4,1,5,110.000000000127,1,0,"ok","",""
"candidate1","balanced",20000,"fingerprint",4,2,5,170.000000000073,1,NA,"ok","",""
"candidate1","balanced",20000,"fingerprint",5,1,5,180.000000000064,1,NA,"ok","",""
"v2","balanced",20000,"fingerprint",5,2,5,109.9999999999,1,0,"ok","",""
"candidate1","balanced",20000,"context_validation",1,1,5,180.000000000064,1,NA,"ok","",""
"v2","balanced",20000,"context_validation",1,2,5,179.999999999836,1,NA,"ok","",""
"v2","balanced",20000,"context_validation",2,1,5,190.000000000055,1,NA,"ok","",""
"candidate1","balanced",20000,"context_validation",2,2,5,169.999999999845,1,NA,"ok","",""
"candidate1","balanced",20000,"context_validation",3,1,5,159.999999999854,1,NA,"ok","",""
"v2","balanced",20000,"context_validation",3,2,5,190.000000000055,1,NA,"ok","",""
"v2","balanced",20000,"context_validation",4,1,5,180.000000000064,1,NA,"ok","",""
"candidate1","balanced",20000,"context_validation",4,2,5,170.000000000073,1,NA,"ok","",""
"candidate1","balanced",20000,"context_validation",5,1,5,210.000000000036,1,NA,"ok","",""
"v2","balanced",20000,"context_validation",5,2,5,189.999999999827,1,NA,"ok","",""
"candidate1","random",500,"canonicalization",1,1,10,66.666666666606,3,NA,"ok","",""
"v2","random",500,"canonicalization",1,2,10,43.3333333333697,3,NA,"ok","",""
"v2","random",500,"canonicalization",2,1,10,46.6666666667,3,NA,"ok","",""
"candidate1","random",500,"canonicalization",2,2,10,76.6666666666727,3,NA,"ok","",""
"candidate1","random",500,"canonicalization",3,1,10,93.3333333333242,3,NA,"ok","",""
"v2","random",500,"canonicalization",3,2,10,43.3333333333697,3,NA,"ok","",""
"v2","random",500,"canonicalization",4,1,10,40.0000000000394,3,NA,"ok","",""
"candidate1","random",500,"canonicalization",4,2,10,93.3333333333242,3,NA,"ok","",""
"candidate1","random",500,"canonicalization",5,1,10,93.3333333333242,3,NA,"ok","",""
"v2","random",500,"canonicalization",5,2,10,46.6666666667,3,NA,"ok","",""
"v2","random",500,"canonicalization",6,1,10,43.3333333333697,3,NA,"ok","",""
"candidate1","random",500,"canonicalization",6,2,10,93.3333333333242,3,NA,"ok","",""
"candidate1","random",500,"canonicalization",7,1,10,89.9999999999939,3,NA,"ok","",""
"v2","random",500,"canonicalization",7,2,10,33.3333333333788,3,NA,"ok","",""
"v2","random",500,"canonicalization",8,1,10,36.6666666667091,3,NA,"ok","",""
"candidate1","random",500,"canonicalization",8,2,10,93.3333333333242,3,NA,"ok","",""
"candidate1","random",500,"canonicalization",9,1,10,76.6666666666727,3,NA,"ok","",""
"v2","random",500,"canonicalization",9,2,10,43.3333333332939,3,NA,"ok","",""
"v2","random",500,"canonicalization",10,1,10,36.6666666667091,3,NA,"ok","",""
"candidate1","random",500,"canonicalization",10,2,10,93.3333333333242,3,NA,"ok","",""
"candidate1","random",500,"prepare_tree",1,1,10,113.333333333306,3,NA,"ok","",""
"v2","random",500,"prepare_tree",1,2,10,66.6666666666818,3,NA,"ok","",""
"v2","random",500,"prepare_tree",2,1,10,63.3333333333515,3,NA,"ok","",""
"candidate1","random",500,"prepare_tree",2,2,10,100.000000000061,3,NA,"ok","",""
"candidate1","random",500,"prepare_tree",3,1,10,96.6666666666545,3,NA,"ok","",""
"v2","random",500,"prepare_tree",3,2,10,43.3333333332939,3,NA,"ok","",""
"v2","random",500,"prepare_tree",4,1,10,63.3333333332757,3,NA,"ok","",""
"candidate1","random",500,"prepare_tree",4,2,10,106.666666666645,3,NA,"ok","",""
"candidate1","random",500,"prepare_tree",5,1,10,113.333333333306,3,NA,"ok","",""
"v2","random",500,"prepare_tree",5,2,10,69.9999999999363,3,NA,"ok","",""
"v2","random",500,"prepare_tree",6,1,10,56.6666666666909,3,NA,"ok","",""
"candidate1","random",500,"prepare_tree",6,2,10,110.000000000052,3,NA,"ok","",""
"candidate1","random",500,"prepare_tree",7,1,10,113.333333333306,3,NA,"ok","",""
"v2","random",500,"prepare_tree",7,2,10,63.3333333333515,3,NA,"ok","",""
"v2","random",500,"prepare_tree",8,1,10,46.6666666667,3,NA,"ok","",""
"candidate1","random",500,"prepare_tree",8,2,10,110.000000000052,3,NA,"ok","",""
"candidate1","random",500,"prepare_tree",9,1,10,120.000000000042,3,NA,"ok","",""
"v2","random",500,"prepare_tree",9,2,10,63.3333333333515,3,NA,"ok","",""
"v2","random",500,"prepare_tree",10,1,10,40.0000000000394,3,NA,"ok","",""
"candidate1","random",500,"prepare_tree",10,2,10,93.3333333333242,3,NA,"ok","",""
"candidate1","random",500,"raw_fast_k",1,1,10,113.333333333306,3,0.316924095012011,"ok","",""
"v2","random",500,"raw_fast_k",1,2,10,63.3333333333515,3,0.316924095012011,"ok","",""
"v2","random",500,"raw_fast_k",2,1,10,63.3333333333515,3,0.316924095012011,"ok","",""
"candidate1","random",500,"raw_fast_k",2,2,10,120.000000000042,3,0.316924095012011,"ok","",""
"candidate1","random",500,"raw_fast_k",3,1,10,113.333333333382,3,0.316924095012011,"ok","",""
"v2","random",500,"raw_fast_k",3,2,10,46.6666666666242,3,0.316924095012011,"ok","",""
"v2","random",500,"raw_fast_k",4,1,10,39.9999999999636,3,0.316924095012011,"ok","",""
"candidate1","random",500,"raw_fast_k",4,2,10,93.3333333333242,3,0.316924095012011,"ok","",""
"candidate1","random",500,"raw_fast_k",5,1,10,83.3333333333333,3,0.316924095012011,"ok","",""
"v2","random",500,"raw_fast_k",5,2,10,46.6666666666242,3,0.316924095012011,"ok","",""
"v2","random",500,"raw_fast_k",6,1,10,56.6666666666151,3,0.316924095012011,"ok","",""
"candidate1","random",500,"raw_fast_k",6,2,10,103.333333333315,3,0.316924095012011,"ok","",""
"candidate1","random",500,"raw_fast_k",7,1,10,113.333333333306,3,0.316924095012011,"ok","",""
"v2","random",500,"raw_fast_k",7,2,10,63.3333333333515,3,0.316924095012011,"ok","",""
"v2","random",500,"raw_fast_k",8,1,10,63.3333333333515,3,0.316924095012011,"ok","",""
"candidate1","random",500,"raw_fast_k",8,2,10,106.666666666645,3,0.316924095012011,"ok","",""
"candidate1","random",500,"raw_fast_k",9,1,10,110.000000000052,3,0.316924095012011,"ok","",""
"v2","random",500,"raw_fast_k",9,2,10,63.3333333332757,3,0.316924095012011,"ok","",""
"v2","random",500,"raw_fast_k",10,1,10,63.3333333333515,3,0.316924095012011,"ok","",""
"candidate1","random",500,"raw_fast_k",10,2,10,73.3333333333424,3,0.316924095012011,"ok","",""
"candidate1","random",500,"prepared_fast_k",1,1,10,5.99999999999454,10,0.316924095012011,"ok","",""
"v2","random",500,"prepared_fast_k",1,2,10,10.99999999999,10,0.316924095012011,"ok","",""
"v2","random",500,"prepared_fast_k",2,1,10,8.99999999999181,10,0.316924095012011,"ok","",""
"candidate1","random",500,"prepared_fast_k",2,2,10,9.99999999999091,10,0.316924095012011,"ok","",""
"candidate1","random",500,"prepared_fast_k",3,1,10,8.99999999999181,10,0.316924095012011,"ok","",""
"v2","random",500,"prepared_fast_k",3,2,10,13.0000000000109,10,0.316924095012011,"ok","",""
"v2","random",500,"prepared_fast_k",4,1,10,13.9999999999873,10,0.316924095012011,"ok","",""
"candidate1","random",500,"prepared_fast_k",4,2,10,8.99999999999181,10,0.316924095012011,"ok","",""
"candidate1","random",500,"prepared_fast_k",5,1,10,7.99999999999272,10,0.316924095012011,"ok","",""
"v2","random",500,"prepared_fast_k",5,2,10,12.0000000000118,10,0.316924095012011,"ok","",""
"v2","random",500,"prepared_fast_k",6,1,10,11.9999999999891,10,0.316924095012011,"ok","",""
"candidate1","random",500,"prepared_fast_k",6,2,10,6.99999999999363,10,0.316924095012011,"ok","",""
"candidate1","random",500,"prepared_fast_k",7,1,10,7.99999999999272,10,0.316924095012011,"ok","",""
"v2","random",500,"prepared_fast_k",7,2,10,13.0000000000109,10,0.316924095012011,"ok","",""
"v2","random",500,"prepared_fast_k",8,1,10,8.99999999999181,10,0.316924095012011,"ok","",""
"candidate1","random",500,"prepared_fast_k",8,2,10,9.00000000001455,10,0.316924095012011,"ok","",""
"candidate1","random",500,"prepared_fast_k",9,1,10,5.99999999999454,10,0.316924095012011,"ok","",""
"v2","random",500,"prepared_fast_k",9,2,10,8.99999999999181,10,0.316924095012011,"ok","",""
"v2","random",500,"prepared_fast_k",10,1,10,11.9999999999891,10,0.316924095012011,"ok","",""
"candidate1","random",500,"prepared_fast_k",10,2,10,7.99999999999272,10,0.316924095012011,"ok","",""
"candidate1","random",500,"fingerprint",1,1,10,5.00000000001819,10,NA,"ok","",""
"v2","random",500,"fingerprint",1,2,10,3.99999999999636,10,0,"ok","",""
"v2","random",500,"fingerprint",2,1,10,4.99999999999545,10,0,"ok","",""
"candidate1","random",500,"fingerprint",2,2,10,5.99999999999454,10,NA,"ok","",""
"candidate1","random",500,"fingerprint",3,1,10,4.99999999999545,10,NA,"ok","",""
"v2","random",500,"fingerprint",3,2,10,4.99999999999545,10,0,"ok","",""
"v2","random",500,"fingerprint",4,1,10,4.99999999999545,10,0,"ok","",""
"candidate1","random",500,"fingerprint",4,2,10,3.99999999999636,10,NA,"ok","",""
"candidate1","random",500,"fingerprint",5,1,10,3.99999999999636,10,NA,"ok","",""
"v2","random",500,"fingerprint",5,2,10,3.99999999999636,10,0,"ok","",""
"v2","random",500,"fingerprint",6,1,10,5.00000000001819,10,0,"ok","",""
"candidate1","random",500,"fingerprint",6,2,10,4.99999999999545,10,NA,"ok","",""
"candidate1","random",500,"fingerprint",7,1,10,4.99999999999545,10,NA,"ok","",""
"v2","random",500,"fingerprint",7,2,10,5.00000000001819,10,0,"ok","",""
"v2","random",500,"fingerprint",8,1,10,3.99999999999636,10,0,"ok","",""
"candidate1","random",500,"fingerprint",8,2,10,4.99999999999545,10,NA,"ok","",""
"candidate1","random",500,"fingerprint",9,1,10,2.99999999999727,10,NA,"ok","",""
"v2","random",500,"fingerprint",9,2,10,2.99999999999727,10,0,"ok","",""
"v2","random",500,"fingerprint",10,1,10,2.99999999999727,10,0,"ok","",""
"candidate1","random",500,"fingerprint",10,2,10,4.0000000000191,10,NA,"ok","",""
"candidate1","random",500,"context_validation",1,1,10,4.99999999999545,10,NA,"ok","",""
"v2","random",500,"context_validation",1,2,10,6.99999999999363,10,NA,"ok","",""
"v2","random",500,"context_validation",2,1,10,7.00000000001637,10,NA,"ok","",""
"candidate1","random",500,"context_validation",2,2,10,3.99999999999636,10,NA,"ok","",""
"candidate1","random",500,"context_validation",3,1,10,4.99999999999545,10,NA,"ok","",""
"v2","random",500,"context_validation",3,2,10,8.00000000001546,10,NA,"ok","",""
"v2","random",500,"context_validation",4,1,10,8.00000000001546,10,NA,"ok","",""
"candidate1","random",500,"context_validation",4,2,10,4.99999999999545,10,NA,"ok","",""
"candidate1","random",500,"context_validation",5,1,10,3.99999999999636,10,NA,"ok","",""
"v2","random",500,"context_validation",5,2,10,8.00000000001546,10,NA,"ok","",""
"v2","random",500,"context_validation",6,1,10,8.00000000001546,10,NA,"ok","",""
"candidate1","random",500,"context_validation",6,2,10,3.99999999999636,10,NA,"ok","",""
"candidate1","random",500,"context_validation",7,1,10,3.99999999999636,10,NA,"ok","",""
"v2","random",500,"context_validation",7,2,10,8.00000000001546,10,NA,"ok","",""
"v2","random",500,"context_validation",8,1,10,8.00000000001546,10,NA,"ok","",""
"candidate1","random",500,"context_validation",8,2,10,4.99999999999545,10,NA,"ok","",""
"candidate1","random",500,"context_validation",9,1,10,4.99999999999545,10,NA,"ok","",""
"v2","random",500,"context_validation",9,2,10,8.00000000001546,10,NA,"ok","",""
"v2","random",500,"context_validation",10,1,10,4.99999999999545,10,NA,"ok","",""
"candidate1","random",500,"context_validation",10,2,10,2.99999999999727,10,NA,"ok","",""
"candidate1","random",1000,"canonicalization",1,1,10,223.333333333282,3,NA,"ok","",""
"v2","random",1000,"canonicalization",1,2,10,89.9999999999939,3,NA,"ok","",""
"v2","random",1000,"canonicalization",2,1,10,83.3333333333333,3,NA,"ok","",""
"candidate1","random",1000,"canonicalization",2,2,10,223.333333333358,3,NA,"ok","",""
"candidate1","random",1000,"canonicalization",3,1,10,220.000000000027,3,NA,"ok","",""
"v2","random",1000,"canonicalization",3,2,10,86.6666666666636,3,NA,"ok","",""
"v2","random",1000,"canonicalization",4,1,10,83.3333333333333,3,NA,"ok","",""
"candidate1","random",1000,"canonicalization",4,2,10,226.666666666688,3,NA,"ok","",""
"candidate1","random",1000,"canonicalization",5,1,10,223.333333333358,3,NA,"ok","",""
"v2","random",1000,"canonicalization",5,2,10,86.6666666666636,3,NA,"ok","",""
"v2","random",1000,"canonicalization",6,1,10,83.3333333333333,3,NA,"ok","",""
"candidate1","random",1000,"canonicalization",6,2,10,223.333333333358,3,NA,"ok","",""
"candidate1","random",1000,"canonicalization",7,1,10,223.333333333282,3,NA,"ok","",""
"v2","random",1000,"canonicalization",7,2,10,56.6666666666909,3,NA,"ok","",""
"v2","random",1000,"canonicalization",8,1,10,63.3333333332757,3,NA,"ok","",""
"candidate1","random",1000,"canonicalization",8,2,10,226.666666666688,3,NA,"ok","",""
"candidate1","random",1000,"canonicalization",9,1,10,226.666666666688,3,NA,"ok","",""
"v2","random",1000,"canonicalization",9,2,10,86.6666666666636,3,NA,"ok","",""
"v2","random",1000,"canonicalization",10,1,10,89.9999999999939,3,NA,"ok","",""
"candidate1","random",1000,"canonicalization",10,2,10,243.333333333339,3,NA,"ok","",""
"candidate1","random",1000,"prepare_tree",1,1,10,176.666666666658,3,NA,"ok","",""
"v2","random",1000,"prepare_tree",1,2,10,120.000000000042,3,NA,"ok","",""
"v2","random",1000,"prepare_tree",2,1,10,113.333333333306,3,NA,"ok","",""
"candidate1","random",1000,"prepare_tree",2,2,10,279.999999999973,3,NA,"ok","",""
"candidate1","random",1000,"prepare_tree",3,1,10,259.999999999991,3,NA,"ok","",""
"v2","random",1000,"prepare_tree",3,2,10,123.333333333373,3,NA,"ok","",""
"v2","random",1000,"prepare_tree",4,1,10,83.3333333333333,3,NA,"ok","",""
"candidate1","random",1000,"prepare_tree",4,2,10,250,3,NA,"ok","",""
"candidate1","random",1000,"prepare_tree",5,1,10,259.999999999991,3,NA,"ok","",""
"v2","random",1000,"prepare_tree",5,2,10,83.3333333333333,3,NA,"ok","",""
"v2","random",1000,"prepare_tree",6,1,10,73.3333333333424,3,NA,"ok","",""
"candidate1","random",1000,"prepare_tree",6,2,10,166.666666666667,3,NA,"ok","",""
"candidate1","random",1000,"prepare_tree",7,1,10,176.666666666658,3,NA,"ok","",""
"v2","random",1000,"prepare_tree",7,2,10,83.3333333333333,3,NA,"ok","",""
"v2","random",1000,"prepare_tree",8,1,10,69.9999999999363,3,NA,"ok","",""
"candidate1","random",1000,"prepare_tree",8,2,10,166.666666666667,3,NA,"ok","",""
"candidate1","random",1000,"prepare_tree",9,1,10,203.333333333376,3,NA,"ok","",""
"v2","random",1000,"prepare_tree",9,2,10,143.333333333355,3,NA,"ok","",""
"v2","random",1000,"prepare_tree",10,1,10,100.000000000061,3,NA,"ok","",""
"candidate1","random",1000,"prepare_tree",10,2,10,246.66666666667,3,NA,"ok","",""
"candidate1","random",1000,"raw_fast_k",1,1,10,183.333333333318,3,0.286305028562683,"ok","",""
"v2","random",1000,"raw_fast_k",1,2,10,129.999999999958,3,0.286305028562683,"ok","",""
"v2","random",1000,"raw_fast_k",2,1,10,113.333333333382,3,0.286305028562683,"ok","",""
"candidate1","random",1000,"raw_fast_k",2,2,10,250,3,0.286305028562683,"ok","",""
"candidate1","random",1000,"raw_fast_k",3,1,10,230.000000000018,3,0.286305028562683,"ok","",""
"v2","random",1000,"raw_fast_k",3,2,10,130.000000000033,3,0.286305028562683,"ok","",""
"v2","random",1000,"raw_fast_k",4,1,10,80.000000000003,3,0.286305028562683,"ok","",""
"candidate1","random",1000,"raw_fast_k",4,2,10,259.999999999991,3,0.286305028562683,"ok","",""
"candidate1","random",1000,"raw_fast_k",5,1,10,203.333333333376,3,0.286305028562683,"ok","",""
"v2","random",1000,"raw_fast_k",5,2,10,130.000000000033,3,0.286305028562683,"ok","",""
"v2","random",1000,"raw_fast_k",6,1,10,119.999999999967,3,0.286305028562683,"ok","",""
"candidate1","random",1000,"raw_fast_k",6,2,10,263.333333333321,3,0.286305028562683,"ok","",""
"candidate1","random",1000,"raw_fast_k",7,1,10,179.999999999988,3,0.286305028562683,"ok","",""
"v2","random",1000,"raw_fast_k",7,2,10,119.999999999967,3,0.286305028562683,"ok","",""
"v2","random",1000,"raw_fast_k",8,1,10,86.6666666666636,3,0.286305028562683,"ok","",""
"candidate1","random",1000,"raw_fast_k",8,2,10,203.3333333333,3,0.286305028562683,"ok","",""
"candidate1","random",1000,"raw_fast_k",9,1,10,250,3,0.286305028562683,"ok","",""
"v2","random",1000,"raw_fast_k",9,2,10,86.6666666666636,3,0.286305028562683,"ok","",""
"v2","random",1000,"raw_fast_k",10,1,10,83.3333333333333,3,0.286305028562683,"ok","",""
"candidate1","random",1000,"raw_fast_k",10,2,10,173.333333333327,3,0.286305028562683,"ok","",""
"candidate1","random",1000,"prepared_fast_k",1,1,10,14.00000000001,10,0.286305028562683,"ok","",""
"v2","random",1000,"prepared_fast_k",1,2,10,13.9999999999873,10,0.286305028562683,"ok","",""
"v2","random",1000,"prepared_fast_k",2,1,10,14.00000000001,10,0.286305028562683,"ok","",""
"candidate1","random",1000,"prepared_fast_k",2,2,10,13.0000000000109,10,0.286305028562683,"ok","",""
"candidate1","random",1000,"prepared_fast_k",3,1,10,13.0000000000109,10,0.286305028562683,"ok","",""
"v2","random",1000,"prepared_fast_k",3,2,10,13.9999999999873,10,0.286305028562683,"ok","",""
"v2","random",1000,"prepared_fast_k",4,1,10,13.9999999999873,10,0.286305028562683,"ok","",""
"candidate1","random",1000,"prepared_fast_k",4,2,10,16.0000000000082,10,0.286305028562683,"ok","",""
"candidate1","random",1000,"prepared_fast_k",5,1,10,13.9999999999873,10,0.286305028562683,"ok","",""
"v2","random",1000,"prepared_fast_k",5,2,10,20.0000000000045,10,0.286305028562683,"ok","",""
"v2","random",1000,"prepared_fast_k",6,1,10,20.0000000000045,10,0.286305028562683,"ok","",""
"candidate1","random",1000,"prepared_fast_k",6,2,10,14.00000000001,10,0.286305028562683,"ok","",""
"candidate1","random",1000,"prepared_fast_k",7,1,10,11.9999999999891,10,0.286305028562683,"ok","",""
"v2","random",1000,"prepared_fast_k",7,2,10,14.9999999999864,10,0.286305028562683,"ok","",""
"v2","random",1000,"prepared_fast_k",8,1,10,13.9999999999873,10,0.286305028562683,"ok","",""
"candidate1","random",1000,"prepared_fast_k",8,2,10,12.0000000000118,10,0.286305028562683,"ok","",""
"candidate1","random",1000,"prepared_fast_k",9,1,10,13.9999999999873,10,0.286305028562683,"ok","",""
"v2","random",1000,"prepared_fast_k",9,2,10,19.0000000000055,10,0.286305028562683,"ok","",""
"v2","random",1000,"prepared_fast_k",10,1,10,20.9999999999809,10,0.286305028562683,"ok","",""
"candidate1","random",1000,"prepared_fast_k",10,2,10,15.9999999999854,10,0.286305028562683,"ok","",""
"candidate1","random",1000,"fingerprint",1,1,10,10.0000000000136,10,NA,"ok","",""
"v2","random",1000,"fingerprint",1,2,10,9.99999999999091,10,0,"ok","",""
"v2","random",1000,"fingerprint",2,1,10,8.99999999999181,10,0,"ok","",""
"candidate1","random",1000,"fingerprint",2,2,10,7.99999999999272,10,NA,"ok","",""
"candidate1","random",1000,"fingerprint",3,1,10,7.99999999999272,10,NA,"ok","",""
"v2","random",1000,"fingerprint",3,2,10,5.99999999999454,10,0,"ok","",""
"v2","random",1000,"fingerprint",4,1,10,6.99999999999363,10,0,"ok","",""
"candidate1","random",1000,"fingerprint",4,2,10,9.99999999999091,10,NA,"ok","",""
"candidate1","random",1000,"fingerprint",5,1,10,7.99999999999272,10,NA,"ok","",""
"v2","random",1000,"fingerprint",5,2,10,9.99999999999091,10,0,"ok","",""
"v2","random",1000,"fingerprint",6,1,10,9.99999999999091,10,0,"ok","",""
"candidate1","random",1000,"fingerprint",6,2,10,9.00000000001455,10,NA,"ok","",""
"candidate1","random",1000,"fingerprint",7,1,10,8.99999999999181,10,NA,"ok","",""
"v2","random",1000,"fingerprint",7,2,10,9.00000000001455,10,0,"ok","",""
"v2","random",1000,"fingerprint",8,1,10,9.00000000001455,10,0,"ok","",""
"candidate1","random",1000,"fingerprint",8,2,10,10.99999999999,10,NA,"ok","",""
"candidate1","random",1000,"fingerprint",9,1,10,8.99999999999181,10,NA,"ok","",""
"v2","random",1000,"fingerprint",9,2,10,9.00000000001455,10,0,"ok","",""
"v2","random",1000,"fingerprint",10,1,10,8.00000000001546,10,0,"ok","",""
"candidate1","random",1000,"fingerprint",10,2,10,10.99999999999,10,NA,"ok","",""
"candidate1","random",1000,"context_validation",1,1,10,8.00000000001546,10,NA,"ok","",""
"v2","random",1000,"context_validation",1,2,10,10.99999999999,10,NA,"ok","",""
"v2","random",1000,"context_validation",2,1,10,14.00000000001,10,NA,"ok","",""
"candidate1","random",1000,"context_validation",2,2,10,8.99999999999181,10,NA,"ok","",""
"candidate1","random",1000,"context_validation",3,1,10,9.00000000001455,10,NA,"ok","",""
"v2","random",1000,"context_validation",3,2,10,14.00000000001,10,NA,"ok","",""
"v2","random",1000,"context_validation",4,1,10,14.00000000001,10,NA,"ok","",""
"candidate1","random",1000,"context_validation",4,2,10,9.00000000001455,10,NA,"ok","",""
"candidate1","random",1000,"context_validation",5,1,10,8.99999999999181,10,NA,"ok","",""
"v2","random",1000,"context_validation",5,2,10,13.9999999999873,10,NA,"ok","",""
"v2","random",1000,"context_validation",6,1,10,15.0000000000091,10,NA,"ok","",""
"candidate1","random",1000,"context_validation",6,2,10,8.99999999999181,10,NA,"ok","",""
"candidate1","random",1000,"context_validation",7,1,10,8.99999999999181,10,NA,"ok","",""
"v2","random",1000,"context_validation",7,2,10,9.00000000001455,10,NA,"ok","",""
"v2","random",1000,"context_validation",8,1,10,9.00000000001455,10,NA,"ok","",""
"candidate1","random",1000,"context_validation",8,2,10,8.00000000001546,10,NA,"ok","",""
"candidate1","random",1000,"context_validation",9,1,10,8.99999999999181,10,NA,"ok","",""
"v2","random",1000,"context_validation",9,2,10,13.9999999999873,10,NA,"ok","",""
"v2","random",1000,"context_validation",10,1,10,15.0000000000091,10,NA,"ok","",""
"candidate1","random",1000,"context_validation",10,2,10,8.99999999999181,10,NA,"ok","",""
"candidate1","random",2000,"canonicalization",1,1,10,589.999999999918,1,NA,"ok","",""
"v2","random",2000,"canonicalization",1,2,10,119.999999999891,1,NA,"ok","",""
"v2","random",2000,"canonicalization",2,1,10,180.000000000064,1,NA,"ok","",""
"candidate1","random",2000,"canonicalization",2,2,10,519.999999999982,1,NA,"ok","",""
"candidate1","random",2000,"canonicalization",3,1,10,589.999999999918,1,NA,"ok","",""
"v2","random",2000,"canonicalization",3,2,10,190.000000000055,1,NA,"ok","",""
"v2","random",2000,"canonicalization",4,1,10,160.000000000082,1,NA,"ok","",""
"candidate1","random",2000,"canonicalization",4,2,10,539.999999999964,1,NA,"ok","",""
"candidate1","random",2000,"canonicalization",5,1,10,479.999999999791,1,NA,"ok","",""
"v2","random",2000,"canonicalization",5,2,10,170.000000000073,1,NA,"ok","",""
"v2","random",2000,"canonicalization",6,1,10,179.999999999836,1,NA,"ok","",""
"candidate1","random",2000,"canonicalization",6,2,10,569.999999999936,1,NA,"ok","",""
"candidate1","random",2000,"canonicalization",7,1,10,569.999999999936,1,NA,"ok","",""
"v2","random",2000,"canonicalization",7,2,10,140.0000000001,1,NA,"ok","",""
"v2","random",2000,"canonicalization",8,1,10,109.9999999999,1,NA,"ok","",""
"candidate1","random",2000,"canonicalization",8,2,10,369.999999999891,1,NA,"ok","",""
"candidate1","random",2000,"canonicalization",9,1,10,579.999999999927,1,NA,"ok","",""
"v2","random",2000,"canonicalization",9,2,10,190.000000000055,1,NA,"ok","",""
"v2","random",2000,"canonicalization",10,1,10,170.000000000073,1,NA,"ok","",""
"candidate1","random",2000,"canonicalization",10,2,10,610.000000000127,1,NA,"ok","",""
"candidate1","random",2000,"prepare_tree",1,1,10,589.999999999918,1,NA,"ok","",""
"v2","random",2000,"prepare_tree",1,2,10,220.000000000027,1,NA,"ok","",""
"v2","random",2000,"prepare_tree",2,1,10,220.000000000027,1,NA,"ok","",""
"candidate1","random",2000,"prepare_tree",2,2,10,639.999999999873,1,NA,"ok","",""
"candidate1","random",2000,"prepare_tree",3,1,10,440.000000000055,1,NA,"ok","",""
"v2","random",2000,"prepare_tree",3,2,10,180.000000000064,1,NA,"ok","",""
"v2","random",2000,"prepare_tree",4,1,10,160.000000000082,1,NA,"ok","",""
"candidate1","random",2000,"prepare_tree",4,2,10,619.999999999891,1,NA,"ok","",""
"candidate1","random",2000,"prepare_tree",5,1,10,609.9999999999,1,NA,"ok","",""
"v2","random",2000,"prepare_tree",5,2,10,150.000000000091,1,NA,"ok","",""
"v2","random",2000,"prepare_tree",6,1,10,250,1,NA,"ok","",""
"candidate1","random",2000,"prepare_tree",6,2,10,520.000000000209,1,NA,"ok","",""
"candidate1","random",2000,"prepare_tree",7,1,10,410.000000000082,1,NA,"ok","",""
"v2","random",2000,"prepare_tree",7,2,10,230.000000000018,1,NA,"ok","",""
"v2","random",2000,"prepare_tree",8,1,10,250,1,NA,"ok","",""
"candidate1","random",2000,"prepare_tree",8,2,10,640.0000000001,1,NA,"ok","",""
"candidate1","random",2000,"prepare_tree",9,1,10,650.000000000091,1,NA,"ok","",""
"v2","random",2000,"prepare_tree",9,2,10,160.000000000082,1,NA,"ok","",""
"v2","random",2000,"prepare_tree",10,1,10,149.999999999864,1,NA,"ok","",""
"candidate1","random",2000,"prepare_tree",10,2,10,600.000000000136,1,NA,"ok","",""
"candidate1","random",2000,"raw_fast_k",1,1,10,650.000000000091,1,0.237178254920809,"ok","",""
"v2","random",2000,"raw_fast_k",1,2,10,190.000000000055,1,0.237178254920809,"ok","",""
"v2","random",2000,"raw_fast_k",2,1,10,170.000000000073,1,0.237178254920809,"ok","",""
"candidate1","random",2000,"raw_fast_k",2,2,10,500,1,0.237178254920809,"ok","",""
"candidate1","random",2000,"raw_fast_k",3,1,10,660.000000000082,1,0.237178254920809,"ok","",""
"v2","random",2000,"raw_fast_k",3,2,10,240.000000000009,1,0.237178254920809,"ok","",""
"v2","random",2000,"raw_fast_k",4,1,10,220.000000000027,1,0.237178254920809,"ok","",""
"candidate1","random",2000,"raw_fast_k",4,2,10,500,1,0.237178254920809,"ok","",""
"candidate1","random",2000,"raw_fast_k",5,1,10,670.000000000073,1,0.237178254920809,"ok","",""
"v2","random",2000,"raw_fast_k",5,2,10,190.000000000055,1,0.237178254920809,"ok","",""
"v2","random",2000,"raw_fast_k",6,1,10,230.000000000018,1,0.237178254920809,"ok","",""
"candidate1","random",2000,"raw_fast_k",6,2,10,630.000000000109,1,0.237178254920809,"ok","",""
"candidate1","random",2000,"raw_fast_k",7,1,10,669.999999999845,1,0.237178254920809,"ok","",""
"v2","random",2000,"raw_fast_k",7,2,10,180.000000000064,1,0.237178254920809,"ok","",""
"v2","random",2000,"raw_fast_k",8,1,10,169.999999999845,1,0.237178254920809,"ok","",""
"candidate1","random",2000,"raw_fast_k",8,2,10,640.0000000001,1,0.237178254920809,"ok","",""
"candidate1","random",2000,"raw_fast_k",9,1,10,440.000000000055,1,0.237178254920809,"ok","",""
"v2","random",2000,"raw_fast_k",9,2,10,180.000000000064,1,0.237178254920809,"ok","",""
"v2","random",2000,"raw_fast_k",10,1,10,169.999999999845,1,0.237178254920809,"ok","",""
"candidate1","random",2000,"raw_fast_k",10,2,10,410.000000000082,1,0.237178254920809,"ok","",""
"candidate1","random",2000,"prepared_fast_k",1,1,10,20.0000000000576,3,0.237178254920809,"ok","",""
"v2","random",2000,"prepared_fast_k",1,2,10,19.9999999999818,3,0.237178254920809,"ok","",""
"v2","random",2000,"prepared_fast_k",2,1,10,23.3333333333879,3,0.237178254920809,"ok","",""
"candidate1","random",2000,"prepared_fast_k",2,2,10,20.0000000000576,3,0.237178254920809,"ok","",""
"candidate1","random",2000,"prepared_fast_k",3,1,10,19.9999999999818,3,0.237178254920809,"ok","",""
"v2","random",2000,"prepared_fast_k",3,2,10,23.3333333333879,3,0.237178254920809,"ok","",""
"v2","random",2000,"prepared_fast_k",4,1,10,19.9999999999818,3,0.237178254920809,"ok","",""
"candidate1","random",2000,"prepared_fast_k",4,2,10,20.0000000000576,3,0.237178254920809,"ok","",""
"candidate1","random",2000,"prepared_fast_k",5,1,10,26.6666666666424,3,0.237178254920809,"ok","",""
"v2","random",2000,"prepared_fast_k",5,2,10,26.6666666667182,3,0.237178254920809,"ok","",""
"v2","random",2000,"prepared_fast_k",6,1,10,36.6666666667091,3,0.237178254920809,"ok","",""
"candidate1","random",2000,"prepared_fast_k",6,2,10,16.6666666667273,3,0.237178254920809,"ok","",""
"candidate1","random",2000,"prepared_fast_k",7,1,10,19.9999999999818,3,0.237178254920809,"ok","",""
"v2","random",2000,"prepared_fast_k",7,2,10,33.333333333303,3,0.237178254920809,"ok","",""
"v2","random",2000,"prepared_fast_k",8,1,10,26.6666666666424,3,0.237178254920809,"ok","",""
"candidate1","random",2000,"prepared_fast_k",8,2,10,19.9999999999818,3,0.237178254920809,"ok","",""
"candidate1","random",2000,"prepared_fast_k",9,1,10,23.3333333333121,3,0.237178254920809,"ok","",""
"v2","random",2000,"prepared_fast_k",9,2,10,19.9999999999818,3,0.237178254920809,"ok","",""
"v2","random",2000,"prepared_fast_k",10,1,10,26.6666666667182,3,0.237178254920809,"ok","",""
"candidate1","random",2000,"prepared_fast_k",10,2,10,23.3333333333879,3,0.237178254920809,"ok","",""
"candidate1","random",2000,"fingerprint",1,1,10,13.3333333333212,3,NA,"ok","",""
"v2","random",2000,"fingerprint",1,2,10,13.3333333333212,3,0,"ok","",""
"v2","random",2000,"fingerprint",2,1,10,13.3333333333212,3,0,"ok","",""
"candidate1","random",2000,"fingerprint",2,2,10,13.3333333333212,3,NA,"ok","",""
"candidate1","random",2000,"fingerprint",3,1,10,23.3333333333121,3,NA,"ok","",""
"v2","random",2000,"fingerprint",3,2,10,9.99999999999091,3,0,"ok","",""
"v2","random",2000,"fingerprint",4,1,10,9.99999999999091,3,0,"ok","",""
"candidate1","random",2000,"fingerprint",4,2,10,9.99999999999091,3,NA,"ok","",""
"candidate1","random",2000,"fingerprint",5,1,10,13.3333333333212,3,NA,"ok","",""
"v2","random",2000,"fingerprint",5,2,10,9.99999999999091,3,0,"ok","",""
"v2","random",2000,"fingerprint",6,1,10,9.99999999999091,3,0,"ok","",""
"candidate1","random",2000,"fingerprint",6,2,10,16.6666666666515,3,NA,"ok","",""
"candidate1","random",2000,"fingerprint",7,1,10,16.6666666667273,3,NA,"ok","",""
"v2","random",2000,"fingerprint",7,2,10,16.6666666666515,3,0,"ok","",""
"v2","random",2000,"fingerprint",8,1,10,16.6666666666515,3,0,"ok","",""
"candidate1","random",2000,"fingerprint",8,2,10,13.3333333333212,3,NA,"ok","",""
"candidate1","random",2000,"fingerprint",9,1,10,13.3333333333212,3,NA,"ok","",""
"v2","random",2000,"fingerprint",9,2,10,9.99999999999091,3,0,"ok","",""
"v2","random",2000,"fingerprint",10,1,10,9.99999999999091,3,0,"ok","",""
"candidate1","random",2000,"fingerprint",10,2,10,13.3333333333212,3,NA,"ok","",""
"candidate1","random",2000,"context_validation",1,1,10,16.6666666667273,3,NA,"ok","",""
"v2","random",2000,"context_validation",1,2,10,13.3333333333212,3,NA,"ok","",""
"v2","random",2000,"context_validation",2,1,10,13.3333333333212,3,NA,"ok","",""
"candidate1","random",2000,"context_validation",2,2,10,19.9999999999818,3,NA,"ok","",""
"candidate1","random",2000,"context_validation",3,1,10,16.6666666666515,3,NA,"ok","",""
"v2","random",2000,"context_validation",3,2,10,16.6666666667273,3,NA,"ok","",""
"v2","random",2000,"context_validation",4,1,10,26.6666666666424,3,NA,"ok","",""
"candidate1","random",2000,"context_validation",4,2,10,16.6666666666515,3,NA,"ok","",""
"candidate1","random",2000,"context_validation",5,1,10,16.6666666666515,3,NA,"ok","",""
"v2","random",2000,"context_validation",5,2,10,23.3333333333879,3,NA,"ok","",""
"v2","random",2000,"context_validation",6,1,10,16.6666666666515,3,NA,"ok","",""
"candidate1","random",2000,"context_validation",6,2,10,16.6666666666515,3,NA,"ok","",""
"candidate1","random",2000,"context_validation",7,1,10,16.6666666667273,3,NA,"ok","",""
"v2","random",2000,"context_validation",7,2,10,19.9999999999818,3,NA,"ok","",""
"v2","random",2000,"context_validation",8,1,10,16.6666666666515,3,NA,"ok","",""
"candidate1","random",2000,"context_validation",8,2,10,13.3333333333212,3,NA,"ok","",""
"candidate1","random",2000,"context_validation",9,1,10,16.6666666666515,3,NA,"ok","",""
"v2","random",2000,"context_validation",9,2,10,19.9999999999818,3,NA,"ok","",""
"v2","random",2000,"context_validation",10,1,10,26.6666666666424,3,NA,"ok","",""
"candidate1","random",2000,"context_validation",10,2,10,19.9999999999818,3,NA,"ok","",""
"candidate1","random",5000,"canonicalization",1,1,10,2419.99999999985,1,NA,"ok","",""
"v2","random",5000,"canonicalization",1,2,10,289.999999999964,1,NA,"ok","",""
"v2","random",5000,"canonicalization",2,1,10,319.999999999936,1,NA,"ok","",""
"candidate1","random",5000,"canonicalization",2,2,10,1470.00000000003,1,NA,"ok","",""
"candidate1","random",5000,"canonicalization",3,1,10,1500,1,NA,"ok","",""
"v2","random",5000,"canonicalization",3,2,10,470.000000000027,1,NA,"ok","",""
"v2","random",5000,"canonicalization",4,1,10,339.999999999918,1,NA,"ok","",""
"candidate1","random",5000,"canonicalization",4,2,10,1490.00000000001,1,NA,"ok","",""
"candidate1","random",5000,"canonicalization",5,1,10,2539.99999999996,1,NA,"ok","",""
"v2","random",5000,"canonicalization",5,2,10,319.999999999936,1,NA,"ok","",""
"v2","random",5000,"canonicalization",6,1,10,309.999999999945,1,NA,"ok","",""
"candidate1","random",5000,"canonicalization",6,2,10,2419.99999999985,1,NA,"ok","",""
"candidate1","random",5000,"canonicalization",7,1,10,1420.00000000007,1,NA,"ok","",""
"v2","random",5000,"canonicalization",7,2,10,319.999999999936,1,NA,"ok","",""
"v2","random",5000,"canonicalization",8,1,10,360.000000000127,1,NA,"ok","",""
"candidate1","random",5000,"canonicalization",8,2,10,1480.00000000002,1,NA,"ok","",""
"candidate1","random",5000,"canonicalization",9,1,10,2220.00000000003,1,NA,"ok","",""
"v2","random",5000,"canonicalization",9,2,10,460.000000000036,1,NA,"ok","",""
"v2","random",5000,"canonicalization",10,1,10,470.000000000027,1,NA,"ok","",""
"candidate1","random",5000,"canonicalization",10,2,10,2419.99999999985,1,NA,"ok","",""
"candidate1","random",5000,"prepare_tree",1,1,10,2699.99999999982,1,NA,"ok","",""
"v2","random",5000,"prepare_tree",1,2,10,490.000000000236,1,NA,"ok","",""
"v2","random",5000,"prepare_tree",2,1,10,469.9999999998,1,NA,"ok","",""
"candidate1","random",5000,"prepare_tree",2,2,10,2050.00000000018,1,NA,"ok","",""
"candidate1","random",5000,"prepare_tree",3,1,10,2449.99999999982,1,NA,"ok","",""
"v2","random",5000,"prepare_tree",3,2,10,429.999999999836,1,NA,"ok","",""
"v2","random",5000,"prepare_tree",4,1,10,590.000000000146,1,NA,"ok","",""
"candidate1","random",5000,"prepare_tree",4,2,10,1950.00000000027,1,NA,"ok","",""
"candidate1","random",5000,"prepare_tree",5,1,10,2309.99999999995,1,NA,"ok","",""
"v2","random",5000,"prepare_tree",5,2,10,530.0000000002,1,NA,"ok","",""
"v2","random",5000,"prepare_tree",6,1,10,620.000000000346,1,NA,"ok","",""
"candidate1","random",5000,"prepare_tree",6,2,10,2250,1,NA,"ok","",""
"candidate1","random",5000,"prepare_tree",7,1,10,2269.99999999998,1,NA,"ok","",""
"v2","random",5000,"prepare_tree",7,2,10,610.000000000127,1,NA,"ok","",""
"v2","random",5000,"prepare_tree",8,1,10,639.999999999873,1,NA,"ok","",""
"candidate1","random",5000,"prepare_tree",8,2,10,2610.00000000013,1,NA,"ok","",""
"candidate1","random",5000,"prepare_tree",9,1,10,2210.00000000004,1,NA,"ok","",""
"v2","random",5000,"prepare_tree",9,2,10,659.999999999854,1,NA,"ok","",""
"v2","random",5000,"prepare_tree",10,1,10,469.9999999998,1,NA,"ok","",""
"candidate1","random",5000,"prepare_tree",10,2,10,2390.00000000033,1,NA,"ok","",""
"candidate1","random",5000,"raw_fast_k",1,1,10,2599.99999999991,1,0.211392429725038,"ok","",""
"v2","random",5000,"raw_fast_k",1,2,10,529.999999999745,1,0.211392429725038,"ok","",""
"v2","random",5000,"raw_fast_k",2,1,10,420.000000000073,1,0.211392429725038,"ok","",""
"candidate1","random",5000,"raw_fast_k",2,2,10,2400.00000000009,1,0.211392429725038,"ok","",""
"candidate1","random",5000,"raw_fast_k",3,1,10,2369.99999999989,1,0.211392429725038,"ok","",""
"v2","random",5000,"raw_fast_k",3,2,10,550.000000000182,1,0.211392429725038,"ok","",""
"v2","random",5000,"raw_fast_k",4,1,10,609.999999999673,1,0.211392429725038,"ok","",""
"candidate1","random",5000,"raw_fast_k",4,2,10,1889.99999999987,1,0.211392429725038,"ok","",""
"candidate1","random",5000,"raw_fast_k",5,1,10,2250,1,0.211392429725038,"ok","",""
"v2","random",5000,"raw_fast_k",5,2,10,579.999999999927,1,0.211392429725038,"ok","",""
"v2","random",5000,"raw_fast_k",6,1,10,670.000000000073,1,0.211392429725038,"ok","",""
"candidate1","random",5000,"raw_fast_k",6,2,10,1869.99999999989,1,0.211392429725038,"ok","",""
"candidate1","random",5000,"raw_fast_k",7,1,10,1650.00000000009,1,0.211392429725038,"ok","",""
"v2","random",5000,"raw_fast_k",7,2,10,640.000000000327,1,0.211392429725038,"ok","",""
"v2","random",5000,"raw_fast_k",8,1,10,650.000000000091,1,0.211392429725038,"ok","",""
"candidate1","random",5000,"raw_fast_k",8,2,10,2699.99999999982,1,0.211392429725038,"ok","",""
"candidate1","random",5000,"raw_fast_k",9,1,10,2389.99999999987,1,0.211392429725038,"ok","",""
"v2","random",5000,"raw_fast_k",9,2,10,489.999999999782,1,0.211392429725038,"ok","",""
"v2","random",5000,"raw_fast_k",10,1,10,420.000000000073,1,0.211392429725038,"ok","",""
"candidate1","random",5000,"raw_fast_k",10,2,10,2699.99999999982,1,0.211392429725038,"ok","",""
"candidate1","random",5000,"prepared_fast_k",1,1,10,46.6666666666242,3,0.211392429725038,"ok","",""
"v2","random",5000,"prepared_fast_k",1,2,10,56.6666666666909,3,0.211392429725038,"ok","",""
"v2","random",5000,"prepared_fast_k",2,1,10,66.6666666667576,3,0.211392429725038,"ok","",""
"candidate1","random",5000,"prepared_fast_k",2,2,10,63.3333333333515,3,0.211392429725038,"ok","",""
"candidate1","random",5000,"prepared_fast_k",3,1,10,56.6666666666909,3,0.211392429725038,"ok","",""
"v2","random",5000,"prepared_fast_k",3,2,10,50.0000000000303,3,0.211392429725038,"ok","",""
"v2","random",5000,"prepared_fast_k",4,1,10,56.6666666666909,3,0.211392429725038,"ok","",""
"candidate1","random",5000,"prepared_fast_k",4,2,10,53.3333333332848,3,0.211392429725038,"ok","",""
"candidate1","random",5000,"prepared_fast_k",5,1,10,46.6666666666242,3,0.211392429725038,"ok","",""
"v2","random",5000,"prepared_fast_k",5,2,10,83.3333333333333,3,0.211392429725038,"ok","",""
"v2","random",5000,"prepared_fast_k",6,1,10,50.0000000000303,3,0.211392429725038,"ok","",""
"candidate1","random",5000,"prepared_fast_k",6,2,10,56.6666666666909,3,0.211392429725038,"ok","",""
"candidate1","random",5000,"prepared_fast_k",7,1,10,56.6666666666909,3,0.211392429725038,"ok","",""
"v2","random",5000,"prepared_fast_k",7,2,10,56.6666666666909,3,0.211392429725038,"ok","",""
"v2","random",5000,"prepared_fast_k",8,1,10,63.3333333333515,3,0.211392429725038,"ok","",""
"candidate1","random",5000,"prepared_fast_k",8,2,10,63.3333333333515,3,0.211392429725038,"ok","",""
"candidate1","random",5000,"prepared_fast_k",9,1,10,63.3333333333515,3,0.211392429725038,"ok","",""
"v2","random",5000,"prepared_fast_k",9,2,10,50.0000000000303,3,0.211392429725038,"ok","",""
"v2","random",5000,"prepared_fast_k",10,1,10,76.6666666666727,3,0.211392429725038,"ok","",""
"candidate1","random",5000,"prepared_fast_k",10,2,10,63.3333333333515,3,0.211392429725038,"ok","",""
"candidate1","random",5000,"fingerprint",1,1,10,43.3333333332181,3,NA,"ok","",""
"v2","random",5000,"fingerprint",1,2,10,30.0000000000485,3,0,"ok","",""
"v2","random",5000,"fingerprint",2,1,10,30.0000000000485,3,0,"ok","",""
"candidate1","random",5000,"fingerprint",2,2,10,36.6666666667091,3,NA,"ok","",""
"candidate1","random",5000,"fingerprint",3,1,10,36.6666666667091,3,NA,"ok","",""
"v2","random",5000,"fingerprint",3,2,10,30.0000000000485,3,0,"ok","",""
"v2","random",5000,"fingerprint",4,1,10,33.333333333303,3,0,"ok","",""
"candidate1","random",5000,"fingerprint",4,2,10,36.6666666665575,3,NA,"ok","",""
"candidate1","random",5000,"fingerprint",5,1,10,36.6666666667091,3,NA,"ok","",""
"v2","random",5000,"fingerprint",5,2,10,33.333333333303,3,0,"ok","",""
"v2","random",5000,"fingerprint",6,1,10,30.0000000000485,3,0,"ok","",""
"candidate1","random",5000,"fingerprint",6,2,10,39.9999999999636,3,NA,"ok","",""
"candidate1","random",5000,"fingerprint",7,1,10,33.333333333303,3,NA,"ok","",""
"v2","random",5000,"fingerprint",7,2,10,26.6666666666424,3,0,"ok","",""
"v2","random",5000,"fingerprint",8,1,10,26.6666666666424,3,0,"ok","",""
"candidate1","random",5000,"fingerprint",8,2,10,36.6666666667091,3,NA,"ok","",""
"candidate1","random",5000,"fingerprint",9,1,10,53.3333333332848,3,NA,"ok","",""
"v2","random",5000,"fingerprint",9,2,10,26.6666666666424,3,0,"ok","",""
"v2","random",5000,"fingerprint",10,1,10,43.3333333333697,3,0,"ok","",""
"candidate1","random",5000,"fingerprint",10,2,10,36.6666666667091,3,NA,"ok","",""
"candidate1","random",5000,"context_validation",1,1,10,43.3333333333697,3,NA,"ok","",""
"v2","random",5000,"context_validation",1,2,10,46.6666666667758,3,NA,"ok","",""
"v2","random",5000,"context_validation",2,1,10,43.3333333333697,3,NA,"ok","",""
"candidate1","random",5000,"context_validation",2,2,10,53.3333333332848,3,NA,"ok","",""
"candidate1","random",5000,"context_validation",3,1,10,53.3333333332848,3,NA,"ok","",""
"v2","random",5000,"context_validation",3,2,10,46.6666666667758,3,NA,"ok","",""
"v2","random",5000,"context_validation",4,1,10,73.3333333334182,3,NA,"ok","",""
"candidate1","random",5000,"context_validation",4,2,10,36.6666666667091,3,NA,"ok","",""
"candidate1","random",5000,"context_validation",5,1,10,46.6666666666242,3,NA,"ok","",""
"v2","random",5000,"context_validation",5,2,10,43.3333333333697,3,NA,"ok","",""
"v2","random",5000,"context_validation",6,1,10,46.6666666666242,3,NA,"ok","",""
"candidate1","random",5000,"context_validation",6,2,10,36.6666666667091,3,NA,"ok","",""
"candidate1","random",5000,"context_validation",7,1,10,46.6666666666242,3,NA,"ok","",""
"v2","random",5000,"context_validation",7,2,10,43.3333333332181,3,NA,"ok","",""
"v2","random",5000,"context_validation",8,1,10,40.0000000001152,3,NA,"ok","",""
"candidate1","random",5000,"context_validation",8,2,10,36.6666666665575,3,NA,"ok","",""
"candidate1","random",5000,"context_validation",9,1,10,36.6666666667091,3,NA,"ok","",""
"v2","random",5000,"context_validation",9,2,10,46.6666666666242,3,NA,"ok","",""
"v2","random",5000,"context_validation",10,1,10,39.9999999999636,3,NA,"ok","",""
"candidate1","random",5000,"context_validation",10,2,10,43.3333333333697,3,NA,"ok","",""
"candidate1","random",10000,"canonicalization",1,1,5,5840.00000000015,1,NA,"ok","",""
"v2","random",10000,"canonicalization",1,2,5,1029.99999999975,1,NA,"ok","",""
"v2","random",10000,"canonicalization",2,1,5,1000,1,NA,"ok","",""
"candidate1","random",10000,"canonicalization",2,2,5,7530.0000000002,1,NA,"ok","",""
"candidate1","random",10000,"canonicalization",3,1,5,6619.99999999989,1,NA,"ok","",""
"v2","random",10000,"canonicalization",3,2,5,620.000000000346,1,NA,"ok","",""
"v2","random",10000,"canonicalization",4,1,5,639.999999999873,1,NA,"ok","",""
"candidate1","random",10000,"canonicalization",4,2,5,6140.00000000033,1,NA,"ok","",""
"candidate1","random",10000,"canonicalization",5,1,5,7250,1,NA,"ok","",""
"v2","random",10000,"canonicalization",5,2,5,1000,1,NA,"ok","",""
"candidate1","random",10000,"prepare_tree",1,1,5,6390.00000000033,1,NA,"ok","",""
"v2","random",10000,"prepare_tree",1,2,5,920.000000000073,1,NA,"ok","",""
"v2","random",10000,"prepare_tree",2,1,5,1490.00000000024,1,NA,"ok","",""
"candidate1","random",10000,"prepare_tree",2,2,5,6610.00000000013,1,NA,"ok","",""
"candidate1","random",10000,"prepare_tree",3,1,5,6000,1,NA,"ok","",""
"v2","random",10000,"prepare_tree",3,2,5,1079.99999999993,1,NA,"ok","",""
"v2","random",10000,"prepare_tree",4,1,5,940.000000000055,1,NA,"ok","",""
"candidate1","random",10000,"prepare_tree",4,2,5,8610.00000000013,1,NA,"ok","",""
"candidate1","random",10000,"prepare_tree",5,1,5,5949.99999999982,1,NA,"ok","",""
"v2","random",10000,"prepare_tree",5,2,5,1010.00000000022,1,NA,"ok","",""
"candidate1","random",10000,"raw_fast_k",1,1,5,7230.00000000002,1,0.206903236748449,"ok","",""
"v2","random",10000,"raw_fast_k",1,2,5,1349.99999999991,1,0.206903236748449,"ok","",""
"v2","random",10000,"raw_fast_k",2,1,5,1319.99999999971,1,0.206903236748449,"ok","",""
"candidate1","random",10000,"raw_fast_k",2,2,5,8390.00000000033,1,0.206903236748449,"ok","",""
"candidate1","random",10000,"raw_fast_k",3,1,5,8309.99999999995,1,0.206903236748449,"ok","",""
"v2","random",10000,"raw_fast_k",3,2,5,1309.99999999995,1,0.206903236748449,"ok","",""
"v2","random",10000,"raw_fast_k",4,1,5,1349.99999999991,1,0.206903236748449,"ok","",""
"candidate1","random",10000,"raw_fast_k",4,2,5,7330.00000000038,1,0.206903236748449,"ok","",""
"candidate1","random",10000,"raw_fast_k",5,1,5,7589.99999999969,1,0.206903236748449,"ok","",""
"v2","random",10000,"raw_fast_k",5,2,5,869.999999999891,1,0.206903236748449,"ok","",""
"candidate1","random",10000,"prepared_fast_k",1,1,5,130.000000000109,1,0.206903236748449,"ok","",""
"v2","random",10000,"prepared_fast_k",1,2,5,149.999999999636,1,0.206903236748449,"ok","",""
"v2","random",10000,"prepared_fast_k",2,1,5,139.999999999873,1,0.206903236748449,"ok","",""
"candidate1","random",10000,"prepared_fast_k",2,2,5,110.000000000127,1,0.206903236748449,"ok","",""
"candidate1","random",10000,"prepared_fast_k",3,1,5,119.999999999891,1,0.206903236748449,"ok","",""
"v2","random",10000,"prepared_fast_k",3,2,5,90.0000000001455,1,0.206903236748449,"ok","",""
"v2","random",10000,"prepared_fast_k",4,1,5,159.999999999854,1,0.206903236748449,"ok","",""
"candidate1","random",10000,"prepared_fast_k",4,2,5,90.0000000001455,1,0.206903236748449,"ok","",""
"candidate1","random",10000,"prepared_fast_k",5,1,5,110.000000000127,1,0.206903236748449,"ok","",""
"v2","random",10000,"prepared_fast_k",5,2,5,110.000000000127,1,0.206903236748449,"ok","",""
"candidate1","random",10000,"fingerprint",1,1,5,90.0000000001455,1,NA,"ok","",""
"v2","random",10000,"fingerprint",1,2,5,50.0000000001819,1,0,"ok","",""
"v2","random",10000,"fingerprint",2,1,5,50.0000000001819,1,0,"ok","",""
"candidate1","random",10000,"fingerprint",2,2,5,99.9999999999091,1,NA,"ok","",""
"candidate1","random",10000,"fingerprint",3,1,5,90.0000000001455,1,NA,"ok","",""
"v2","random",10000,"fingerprint",3,2,5,69.999999999709,1,0,"ok","",""
"v2","random",10000,"fingerprint",4,1,5,80.000000000382,1,0,"ok","",""
"candidate1","random",10000,"fingerprint",4,2,5,79.9999999999272,1,NA,"ok","",""
"candidate1","random",10000,"fingerprint",5,1,5,89.9999999996908,1,NA,"ok","",""
"v2","random",10000,"fingerprint",5,2,5,89.9999999996908,1,0,"ok","",""
"candidate1","random",10000,"context_validation",1,1,5,110.000000000127,1,NA,"ok","",""
"v2","random",10000,"context_validation",1,2,5,139.999999999873,1,NA,"ok","",""
"v2","random",10000,"context_validation",2,1,5,139.999999999873,1,NA,"ok","",""
"candidate1","random",10000,"context_validation",2,2,5,79.9999999999272,1,NA,"ok","",""
"candidate1","random",10000,"context_validation",3,1,5,79.9999999999272,1,NA,"ok","",""
"v2","random",10000,"context_validation",3,2,5,130.000000000109,1,NA,"ok","",""
"v2","random",10000,"context_validation",4,1,5,139.999999999873,1,NA,"ok","",""
"candidate1","random",10000,"context_validation",4,2,5,90.0000000001455,1,NA,"ok","",""
"candidate1","random",10000,"context_validation",5,1,5,89.9999999996908,1,NA,"ok","",""
"v2","random",10000,"context_validation",5,2,5,90.0000000001455,1,NA,"ok","",""
"candidate1","random",20000,"canonicalization",1,1,5,25139.9999999999,1,NA,"ok","",""
"v2","random",20000,"canonicalization",1,2,5,1980.00000000002,1,NA,"ok","",""
"v2","random",20000,"canonicalization",2,1,5,1720.00000000025,1,NA,"ok","",""
"candidate1","random",20000,"canonicalization",2,2,5,28900.0000000001,1,NA,"ok","",""
"candidate1","random",20000,"canonicalization",3,1,5,17730,1,NA,"ok","",""
"v2","random",20000,"canonicalization",3,2,5,1320.00000000016,1,NA,"ok","",""
"v2","random",20000,"canonicalization",4,1,5,1349.99999999991,1,NA,"ok","",""
"candidate1","random",20000,"canonicalization",4,2,5,26530.0000000002,1,NA,"ok","",""
"candidate1","random",20000,"canonicalization",5,1,5,24130.0000000001,1,NA,"ok","",""
"v2","random",20000,"canonicalization",5,2,5,2029.99999999975,1,NA,"ok","",""
"candidate1","random",20000,"prepare_tree",1,1,5,25670.0000000001,1,NA,"ok","",""
"v2","random",20000,"prepare_tree",1,2,5,3139.99999999987,1,NA,"ok","",""
"v2","random",20000,"prepare_tree",2,1,5,3019.99999999998,1,NA,"ok","",""
"candidate1","random",20000,"prepare_tree",2,2,5,26040,1,NA,"ok","",""
"candidate1","random",20000,"prepare_tree",3,1,5,25960,1,NA,"ok","",""
"v2","random",20000,"prepare_tree",3,2,5,2700.00000000027,1,NA,"ok","",""
"v2","random",20000,"prepare_tree",4,1,5,2639.99999999987,1,NA,"ok","",""
"candidate1","random",20000,"prepare_tree",4,2,5,27030.0000000002,1,NA,"ok","",""
"candidate1","random",20000,"prepare_tree",5,1,5,27059.9999999999,1,NA,"ok","",""
"v2","random",20000,"prepare_tree",5,2,5,2900.00000000009,1,NA,"ok","",""
"candidate1","random",20000,"raw_fast_k",1,1,5,18650.0000000001,1,0.165275110494079,"ok","",""
"v2","random",20000,"raw_fast_k",1,2,5,2009.99999999976,1,0.165275110494079,"ok","",""
"v2","random",20000,"raw_fast_k",2,1,5,2019.99999999998,1,0.165275110494079,"ok","",""
"candidate1","random",20000,"raw_fast_k",2,2,5,18430.0000000003,1,0.165275110494079,"ok","",""
"candidate1","random",20000,"raw_fast_k",3,1,5,18360.0000000001,1,0.165275110494079,"ok","",""
"v2","random",20000,"raw_fast_k",3,2,5,1989.99999999978,1,0.165275110494079,"ok","",""
"v2","random",20000,"raw_fast_k",4,1,5,2070.00000000016,1,0.165275110494079,"ok","",""
"candidate1","random",20000,"raw_fast_k",4,2,5,18320.0000000002,1,0.165275110494079,"ok","",""
"candidate1","random",20000,"raw_fast_k",5,1,5,18320.0000000002,1,0.165275110494079,"ok","",""
"v2","random",20000,"raw_fast_k",5,2,5,2030.0000000002,1,0.165275110494079,"ok","",""
"candidate1","random",20000,"prepared_fast_k",1,1,5,179.999999999836,1,0.165275110494079,"ok","",""
"v2","random",20000,"prepared_fast_k",1,2,5,179.999999999836,1,0.165275110494079,"ok","",""
"v2","random",20000,"prepared_fast_k",2,1,5,199.999999999818,1,0.165275110494079,"ok","",""
"candidate1","random",20000,"prepared_fast_k",2,2,5,250,1,0.165275110494079,"ok","",""
"candidate1","random",20000,"prepared_fast_k",3,1,5,210.000000000036,1,0.165275110494079,"ok","",""
"v2","random",20000,"prepared_fast_k",3,2,5,309.999999999945,1,0.165275110494079,"ok","",""
"v2","random",20000,"prepared_fast_k",4,1,5,309.999999999945,1,0.165275110494079,"ok","",""
"candidate1","random",20000,"prepared_fast_k",4,2,5,190.000000000055,1,0.165275110494079,"ok","",""
"candidate1","random",20000,"prepared_fast_k",5,1,5,239.999999999782,1,0.165275110494079,"ok","",""
"v2","random",20000,"prepared_fast_k",5,2,5,319.999999999709,1,0.165275110494079,"ok","",""
"candidate1","random",20000,"fingerprint",1,1,5,159.999999999854,1,NA,"ok","",""
"v2","random",20000,"fingerprint",1,2,5,109.999999999673,1,0,"ok","",""
"v2","random",20000,"fingerprint",2,1,5,110.000000000127,1,0,"ok","",""
"candidate1","random",20000,"fingerprint",2,2,5,200.000000000273,1,NA,"ok","",""
"candidate1","random",20000,"fingerprint",3,1,5,160.000000000309,1,NA,"ok","",""
"v2","random",20000,"fingerprint",3,2,5,110.000000000127,1,0,"ok","",""
"v2","random",20000,"fingerprint",4,1,5,129.999999999654,1,0,"ok","",""
"candidate1","random",20000,"fingerprint",4,2,5,159.999999999854,1,NA,"ok","",""
"candidate1","random",20000,"fingerprint",5,1,5,169.999999999163,1,NA,"ok","",""
"v2","random",20000,"fingerprint",5,2,5,170.000000000073,1,0,"ok","",""
"candidate1","random",20000,"context_validation",1,1,5,170.000000000073,1,NA,"ok","",""
"v2","random",20000,"context_validation",1,2,5,179.999999999382,1,NA,"ok","",""
"v2","random",20000,"context_validation",2,1,5,289.999999999964,1,NA,"ok","",""
"candidate1","random",20000,"context_validation",2,2,5,189.9999999996,1,NA,"ok","",""
"candidate1","random",20000,"context_validation",3,1,5,190.000000000509,1,NA,"ok","",""
"v2","random",20000,"context_validation",3,2,5,279.999999999745,1,NA,"ok","",""
"v2","random",20000,"context_validation",4,1,5,170.000000000073,1,NA,"ok","",""
"candidate1","random",20000,"context_validation",4,2,5,159.999999999854,1,NA,"ok","",""
"candidate1","random",20000,"context_validation",5,1,5,150.000000000546,1,NA,"ok","",""
"v2","random",20000,"context_validation",5,2,5,180.000000000291,1,NA,"ok","",""
"candidate1","pectinate",500,"canonicalization",1,1,10,73.3333333334182,3,NA,"ok","",""
"v2","pectinate",500,"canonicalization",1,2,10,26.6666666666424,3,NA,"ok","",""
"v2","pectinate",500,"canonicalization",2,1,10,23.3333333332363,3,NA,"ok","",""
"candidate1","pectinate",500,"canonicalization",2,2,10,79.9999999999272,3,NA,"ok","",""
"candidate1","pectinate",500,"canonicalization",3,1,10,76.6666666668243,3,NA,"ok","",""
"v2","pectinate",500,"canonicalization",3,2,10,23.3333333332363,3,NA,"ok","",""
"v2","pectinate",500,"canonicalization",4,1,10,39.9999999999636,3,NA,"ok","",""
"candidate1","pectinate",500,"canonicalization",4,2,10,109.999999999976,3,NA,"ok","",""
"candidate1","pectinate",500,"canonicalization",5,1,10,76.6666666665212,3,NA,"ok","",""
"v2","pectinate",500,"canonicalization",5,2,10,26.6666666666424,3,NA,"ok","",""
"v2","pectinate",500,"canonicalization",6,1,10,26.6666666669456,3,NA,"ok","",""
"candidate1","pectinate",500,"canonicalization",6,2,10,76.6666666665212,3,NA,"ok","",""
"candidate1","pectinate",500,"canonicalization",7,1,10,73.3333333334182,3,NA,"ok","",""
"v2","pectinate",500,"canonicalization",7,2,10,26.6666666666424,3,NA,"ok","",""
"v2","pectinate",500,"canonicalization",8,1,10,33.3333333334546,3,NA,"ok","",""
"candidate1","pectinate",500,"canonicalization",8,2,10,76.6666666665212,3,NA,"ok","",""
"candidate1","pectinate",500,"canonicalization",9,1,10,79.9999999999272,3,NA,"ok","",""
"v2","pectinate",500,"canonicalization",9,2,10,29.9999999997453,3,NA,"ok","",""
"v2","pectinate",500,"canonicalization",10,1,10,26.6666666666424,3,NA,"ok","",""
"candidate1","pectinate",500,"canonicalization",10,2,10,76.6666666665212,3,NA,"ok","",""
"candidate1","pectinate",500,"prepare_tree",1,1,10,103.333333333164,3,NA,"ok","",""
"v2","pectinate",500,"prepare_tree",1,2,10,36.6666666665575,3,NA,"ok","",""
"v2","pectinate",500,"prepare_tree",2,1,10,39.9999999999636,3,NA,"ok","",""
"candidate1","pectinate",500,"prepare_tree",2,2,10,89.9999999998424,3,NA,"ok","",""
"candidate1","pectinate",500,"prepare_tree",3,1,10,86.6666666667394,3,NA,"ok","",""
"v2","pectinate",500,"prepare_tree",3,2,10,39.9999999999636,3,NA,"ok","",""
"v2","pectinate",500,"prepare_tree",4,1,10,43.3333333333697,3,NA,"ok","",""
"candidate1","pectinate",500,"prepare_tree",4,2,10,89.9999999998424,3,NA,"ok","",""
"candidate1","pectinate",500,"prepare_tree",5,1,10,90.0000000001455,3,NA,"ok","",""
"v2","pectinate",500,"prepare_tree",5,2,10,36.6666666665575,3,NA,"ok","",""
"v2","pectinate",500,"prepare_tree",6,1,10,33.3333333334546,3,NA,"ok","",""
"candidate1","pectinate",500,"prepare_tree",6,2,10,89.9999999998424,3,NA,"ok","",""
"candidate1","pectinate",500,"prepare_tree",7,1,10,90.0000000001455,3,NA,"ok","",""
"v2","pectinate",500,"prepare_tree",7,2,10,36.6666666665575,3,NA,"ok","",""
"v2","pectinate",500,"prepare_tree",8,1,10,39.9999999999636,3,NA,"ok","",""
"candidate1","pectinate",500,"prepare_tree",8,2,10,89.9999999998424,3,NA,"ok","",""
"candidate1","pectinate",500,"prepare_tree",9,1,10,83.3333333333333,3,NA,"ok","",""
"v2","pectinate",500,"prepare_tree",9,2,10,43.3333333333697,3,NA,"ok","",""
"v2","pectinate",500,"prepare_tree",10,1,10,36.6666666665575,3,NA,"ok","",""
"candidate1","pectinate",500,"prepare_tree",10,2,10,86.6666666667394,3,NA,"ok","",""
"candidate1","pectinate",500,"raw_fast_k",1,1,10,89.9999999998424,3,0.0656518377599478,"ok","",""
"v2","pectinate",500,"raw_fast_k",1,2,10,43.3333333333697,3,0.0656518377599478,"ok","",""
"v2","pectinate",500,"raw_fast_k",2,1,10,43.3333333333697,3,0.0656518377599478,"ok","",""
"candidate1","pectinate",500,"raw_fast_k",2,2,10,86.6666666664363,3,0.0656518377599478,"ok","",""
"candidate1","pectinate",500,"raw_fast_k",3,1,10,90.0000000001455,3,0.0656518377599478,"ok","",""
"v2","pectinate",500,"raw_fast_k",3,2,10,39.9999999999636,3,0.0656518377599478,"ok","",""
"v2","pectinate",500,"raw_fast_k",4,1,10,43.3333333333697,3,0.0656518377599478,"ok","",""
"candidate1","pectinate",500,"raw_fast_k",4,2,10,83.3333333333333,3,0.0656518377599478,"ok","",""
"candidate1","pectinate",500,"raw_fast_k",5,1,10,86.6666666667394,3,0.0656518377599478,"ok","",""
"v2","pectinate",500,"raw_fast_k",5,2,10,43.3333333333697,3,0.0656518377599478,"ok","",""
"v2","pectinate",500,"raw_fast_k",6,1,10,36.6666666665575,3,0.0656518377599478,"ok","",""
"candidate1","pectinate",500,"raw_fast_k",6,2,10,86.6666666664363,3,0.0656518377599478,"ok","",""
"candidate1","pectinate",500,"raw_fast_k",7,1,10,90.0000000001455,3,0.0656518377599478,"ok","",""
"v2","pectinate",500,"raw_fast_k",7,2,10,39.9999999999636,3,0.0656518377599478,"ok","",""
"v2","pectinate",500,"raw_fast_k",8,1,10,39.9999999999636,3,0.0656518377599478,"ok","",""
"candidate1","pectinate",500,"raw_fast_k",8,2,10,86.6666666664363,3,0.0656518377599478,"ok","",""
"candidate1","pectinate",500,"raw_fast_k",9,1,10,89.9999999998424,3,0.0656518377599478,"ok","",""
"v2","pectinate",500,"raw_fast_k",9,2,10,40.0000000002668,3,0.0656518377599478,"ok","",""
"v2","pectinate",500,"raw_fast_k",10,1,10,40.0000000002668,3,0.0656518377599478,"ok","",""
"candidate1","pectinate",500,"raw_fast_k",10,2,10,116.666666666485,3,0.0656518377599478,"ok","",""
"candidate1","pectinate",500,"prepared_fast_k",1,1,10,7.99999999999272,10,0.0656518377599478,"ok","",""
"v2","pectinate",500,"prepared_fast_k",1,2,10,8.00000000008367,10,0.0656518377599478,"ok","",""
"v2","pectinate",500,"prepared_fast_k",2,1,10,7.99999999999272,10,0.0656518377599478,"ok","",""
"candidate1","pectinate",500,"prepared_fast_k",2,2,10,7.99999999999272,10,0.0656518377599478,"ok","",""
"candidate1","pectinate",500,"prepared_fast_k",3,1,10,5.99999999994907,10,0.0656518377599478,"ok","",""
"v2","pectinate",500,"prepared_fast_k",3,2,10,7.99999999999272,10,0.0656518377599478,"ok","",""
"v2","pectinate",500,"prepared_fast_k",4,1,10,10.0000000000364,10,0.0656518377599478,"ok","",""
"candidate1","pectinate",500,"prepared_fast_k",4,2,10,6.00000000004002,10,0.0656518377599478,"ok","",""
"candidate1","pectinate",500,"prepared_fast_k",5,1,10,6.00000000004002,10,0.0656518377599478,"ok","",""
"v2","pectinate",500,"prepared_fast_k",5,2,10,7.00000000006185,10,0.0656518377599478,"ok","",""
"v2","pectinate",500,"prepared_fast_k",6,1,10,8.00000000008367,10,0.0656518377599478,"ok","",""
"candidate1","pectinate",500,"prepared_fast_k",6,2,10,6.00000000004002,10,0.0656518377599478,"ok","",""
"candidate1","pectinate",500,"prepared_fast_k",7,1,10,6.9999999999709,10,0.0656518377599478,"ok","",""
"v2","pectinate",500,"prepared_fast_k",7,2,10,7.99999999999272,10,0.0656518377599478,"ok","",""
"v2","pectinate",500,"prepared_fast_k",8,1,10,6.9999999999709,10,0.0656518377599478,"ok","",""
"candidate1","pectinate",500,"prepared_fast_k",8,2,10,5.99999999994907,10,0.0656518377599478,"ok","",""
"candidate1","pectinate",500,"prepared_fast_k",9,1,10,5.99999999994907,10,0.0656518377599478,"ok","",""
"v2","pectinate",500,"prepared_fast_k",9,2,10,7.99999999999272,10,0.0656518377599478,"ok","",""
"v2","pectinate",500,"prepared_fast_k",10,1,10,7.99999999999272,10,0.0656518377599478,"ok","",""
"candidate1","pectinate",500,"prepared_fast_k",10,2,10,6.00000000004002,10,0.0656518377599478,"ok","",""
"candidate1","pectinate",500,"fingerprint",1,1,10,2.99999999997453,10,NA,"ok","",""
"v2","pectinate",500,"fingerprint",1,2,10,2.99999999997453,10,0,"ok","",""
"v2","pectinate",500,"fingerprint",2,1,10,2.99999999997453,10,0,"ok","",""
"candidate1","pectinate",500,"fingerprint",2,2,10,3.00000000006548,10,NA,"ok","",""
"candidate1","pectinate",500,"fingerprint",3,1,10,3.00000000006548,10,NA,"ok","",""
"v2","pectinate",500,"fingerprint",3,2,10,3.99999999999636,10,0,"ok","",""
"v2","pectinate",500,"fingerprint",4,1,10,1.99999999995271,10,0,"ok","",""
"candidate1","pectinate",500,"fingerprint",4,2,10,2.99999999997453,10,NA,"ok","",""
"candidate1","pectinate",500,"fingerprint",5,1,10,3.00000000006548,10,NA,"ok","",""
"v2","pectinate",500,"fingerprint",5,2,10,2.99999999997453,10,0,"ok","",""
"v2","pectinate",500,"fingerprint",6,1,10,3.00000000006548,10,0,"ok","",""
"candidate1","pectinate",500,"fingerprint",6,2,10,5.00000000001819,10,NA,"ok","",""
"candidate1","pectinate",500,"fingerprint",7,1,10,5.00000000001819,10,NA,"ok","",""
"v2","pectinate",500,"fingerprint",7,2,10,2.99999999997453,10,0,"ok","",""
"v2","pectinate",500,"fingerprint",8,1,10,2.99999999997453,10,0,"ok","",""
"candidate1","pectinate",500,"fingerprint",8,2,10,5.00000000001819,10,NA,"ok","",""
"candidate1","pectinate",500,"fingerprint",9,1,10,2.99999999997453,10,NA,"ok","",""
"v2","pectinate",500,"fingerprint",9,2,10,2.99999999997453,10,0,"ok","",""
"v2","pectinate",500,"fingerprint",10,1,10,2.99999999997453,10,0,"ok","",""
"candidate1","pectinate",500,"fingerprint",10,2,10,5.00000000001819,10,NA,"ok","",""
"candidate1","pectinate",500,"context_validation",1,1,10,2.99999999997453,10,NA,"ok","",""
"v2","pectinate",500,"context_validation",1,2,10,5.00000000001819,10,NA,"ok","",""
"v2","pectinate",500,"context_validation",2,1,10,5.00000000001819,10,NA,"ok","",""
"candidate1","pectinate",500,"context_validation",2,2,10,2.99999999997453,10,NA,"ok","",""
"candidate1","pectinate",500,"context_validation",3,1,10,5.00000000001819,10,NA,"ok","",""
"v2","pectinate",500,"context_validation",3,2,10,5.99999999994907,10,NA,"ok","",""
"v2","pectinate",500,"context_validation",4,1,10,5.00000000001819,10,NA,"ok","",""
"candidate1","pectinate",500,"context_validation",4,2,10,3.00000000006548,10,NA,"ok","",""
"candidate1","pectinate",500,"context_validation",5,1,10,3.99999999999636,10,NA,"ok","",""
"v2","pectinate",500,"context_validation",5,2,10,4.99999999992724,10,NA,"ok","",""
"v2","pectinate",500,"context_validation",6,1,10,3.99999999999636,10,NA,"ok","",""
"candidate1","pectinate",500,"context_validation",6,2,10,2.99999999997453,10,NA,"ok","",""
"candidate1","pectinate",500,"context_validation",7,1,10,2.99999999997453,10,NA,"ok","",""
"v2","pectinate",500,"context_validation",7,2,10,5.00000000001819,10,NA,"ok","",""
"v2","pectinate",500,"context_validation",8,1,10,5.00000000001819,10,NA,"ok","",""
"candidate1","pectinate",500,"context_validation",8,2,10,5.00000000001819,10,NA,"ok","",""
"candidate1","pectinate",500,"context_validation",9,1,10,4.99999999992724,10,NA,"ok","",""
"v2","pectinate",500,"context_validation",9,2,10,5.00000000001819,10,NA,"ok","",""
"v2","pectinate",500,"context_validation",10,1,10,6.00000000004002,10,NA,"ok","",""
"candidate1","pectinate",500,"context_validation",10,2,10,2.99999999997453,10,NA,"ok","",""
"candidate1","pectinate",1000,"canonicalization",1,1,10,233.333333333273,3,NA,"ok","",""
"v2","pectinate",1000,"canonicalization",1,2,10,100.000000000061,3,NA,"ok","",""
"v2","pectinate",1000,"canonicalization",2,1,10,79.9999999999272,3,NA,"ok","",""
"candidate1","pectinate",1000,"canonicalization",2,2,10,229.999999999867,3,NA,"ok","",""
"candidate1","pectinate",1000,"canonicalization",3,1,10,219.999999999951,3,NA,"ok","",""
"v2","pectinate",1000,"canonicalization",3,2,10,66.666666666606,3,NA,"ok","",""
"v2","pectinate",1000,"canonicalization",4,1,10,70.0000000000121,3,NA,"ok","",""
"candidate1","pectinate",1000,"canonicalization",4,2,10,223.333333333358,3,NA,"ok","",""
"candidate1","pectinate",1000,"canonicalization",5,1,10,213.333333333139,3,NA,"ok","",""
"v2","pectinate",1000,"canonicalization",5,2,10,66.6666666669092,3,NA,"ok","",""
"v2","pectinate",1000,"canonicalization",6,1,10,63.3333333331999,3,NA,"ok","",""
"candidate1","pectinate",1000,"canonicalization",6,2,10,216.666666666545,3,NA,"ok","",""
"candidate1","pectinate",1000,"canonicalization",7,1,10,216.666666666545,3,NA,"ok","",""
"v2","pectinate",1000,"canonicalization",7,2,10,73.3333333334182,3,NA,"ok","",""
"v2","pectinate",1000,"canonicalization",8,1,10,66.666666666606,3,NA,"ok","",""
"candidate1","pectinate",1000,"canonicalization",8,2,10,246.666666666897,3,NA,"ok","",""
"candidate1","pectinate",1000,"canonicalization",9,1,10,216.666666666545,3,NA,"ok","",""
"v2","pectinate",1000,"canonicalization",9,2,10,70.0000000000121,3,NA,"ok","",""
"v2","pectinate",1000,"canonicalization",10,1,10,66.666666666606,3,NA,"ok","",""
"candidate1","pectinate",1000,"canonicalization",10,2,10,213.333333333442,3,NA,"ok","",""
"candidate1","pectinate",1000,"prepare_tree",1,1,10,239.999999999782,3,NA,"ok","",""
"v2","pectinate",1000,"prepare_tree",1,2,10,93.3333333332484,3,NA,"ok","",""
"v2","pectinate",1000,"prepare_tree",2,1,10,103.333333333467,3,NA,"ok","",""
"candidate1","pectinate",1000,"prepare_tree",2,2,10,239.999999999782,3,NA,"ok","",""
"candidate1","pectinate",1000,"prepare_tree",3,1,10,240.000000000085,3,NA,"ok","",""
"v2","pectinate",1000,"prepare_tree",3,2,10,89.9999999998424,3,NA,"ok","",""
"v2","pectinate",1000,"prepare_tree",4,1,10,90.0000000001455,3,NA,"ok","",""
"candidate1","pectinate",1000,"prepare_tree",4,2,10,233.333333333273,3,NA,"ok","",""
"candidate1","pectinate",1000,"prepare_tree",5,1,10,233.333333333273,3,NA,"ok","",""
"v2","pectinate",1000,"prepare_tree",5,2,10,86.6666666664363,3,NA,"ok","",""
"v2","pectinate",1000,"prepare_tree",6,1,10,86.6666666667394,3,NA,"ok","",""
"candidate1","pectinate",1000,"prepare_tree",6,2,10,233.333333333273,3,NA,"ok","",""
"candidate1","pectinate",1000,"prepare_tree",7,1,10,243.333333333491,3,NA,"ok","",""
"v2","pectinate",1000,"prepare_tree",7,2,10,86.6666666667394,3,NA,"ok","",""
"v2","pectinate",1000,"prepare_tree",8,1,10,89.9999999998424,3,NA,"ok","",""
"candidate1","pectinate",1000,"prepare_tree",8,2,10,260.000000000218,3,NA,"ok","",""
"candidate1","pectinate",1000,"prepare_tree",9,1,10,250,3,NA,"ok","",""
"v2","pectinate",1000,"prepare_tree",9,2,10,90.0000000001455,3,NA,"ok","",""
"v2","pectinate",1000,"prepare_tree",10,1,10,86.6666666664363,3,NA,"ok","",""
"candidate1","pectinate",1000,"prepare_tree",10,2,10,240.000000000085,3,NA,"ok","",""
"candidate1","pectinate",1000,"raw_fast_k",1,1,10,243.333333333188,3,0.033420064101317,"ok","",""
"v2","pectinate",1000,"raw_fast_k",1,2,10,93.3333333332484,3,0.033420064101317,"ok","",""
"v2","pectinate",1000,"raw_fast_k",2,1,10,86.6666666667394,3,0.033420064101317,"ok","",""
"candidate1","pectinate",1000,"raw_fast_k",2,2,10,239.999999999782,3,0.033420064101317,"ok","",""
"candidate1","pectinate",1000,"raw_fast_k",3,1,10,243.333333333188,3,0.033420064101317,"ok","",""
"v2","pectinate",1000,"raw_fast_k",3,2,10,86.6666666667394,3,0.033420064101317,"ok","",""
"v2","pectinate",1000,"raw_fast_k",4,1,10,96.6666666666545,3,0.033420064101317,"ok","",""
"candidate1","pectinate",1000,"raw_fast_k",4,2,10,236.666666666679,3,0.033420064101317,"ok","",""
"candidate1","pectinate",1000,"raw_fast_k",5,1,10,276.666666666642,3,0.033420064101317,"ok","",""
"v2","pectinate",1000,"raw_fast_k",5,2,10,93.3333333335516,3,0.033420064101317,"ok","",""
"v2","pectinate",1000,"raw_fast_k",6,1,10,93.3333333335516,3,0.033420064101317,"ok","",""
"candidate1","pectinate",1000,"raw_fast_k",6,2,10,239.999999999782,3,0.033420064101317,"ok","",""
"candidate1","pectinate",1000,"raw_fast_k",7,1,10,240.000000000085,3,0.033420064101317,"ok","",""
"v2","pectinate",1000,"raw_fast_k",7,2,10,89.9999999998424,3,0.033420064101317,"ok","",""
"v2","pectinate",1000,"raw_fast_k",8,1,10,93.3333333332484,3,0.033420064101317,"ok","",""
"candidate1","pectinate",1000,"raw_fast_k",8,2,10,246.666666666897,3,0.033420064101317,"ok","",""
"candidate1","pectinate",1000,"raw_fast_k",9,1,10,246.666666666897,3,0.033420064101317,"ok","",""
"v2","pectinate",1000,"raw_fast_k",9,2,10,90.0000000001455,3,0.033420064101317,"ok","",""
"v2","pectinate",1000,"raw_fast_k",10,1,10,93.3333333332484,3,0.033420064101317,"ok","",""
"candidate1","pectinate",1000,"raw_fast_k",10,2,10,243.333333333491,3,0.033420064101317,"ok","",""
"candidate1","pectinate",1000,"prepared_fast_k",1,1,10,12.00000000008,10,0.033420064101317,"ok","",""
"v2","pectinate",1000,"prepared_fast_k",1,2,10,15.9999999999854,10,0.033420064101317,"ok","",""
"v2","pectinate",1000,"prepared_fast_k",2,1,10,13.0000000000109,10,0.033420064101317,"ok","",""
"candidate1","pectinate",1000,"prepared_fast_k",2,2,10,12.99999999992,10,0.033420064101317,"ok","",""
"candidate1","pectinate",1000,"prepared_fast_k",3,1,10,13.0000000000109,10,0.033420064101317,"ok","",""
"v2","pectinate",1000,"prepared_fast_k",3,2,10,14.0000000000327,10,0.033420064101317,"ok","",""
"v2","pectinate",1000,"prepared_fast_k",4,1,10,14.0000000000327,10,0.033420064101317,"ok","",""
"candidate1","pectinate",1000,"prepared_fast_k",4,2,10,10.9999999999673,10,0.033420064101317,"ok","",""
"candidate1","pectinate",1000,"prepared_fast_k",5,1,10,11.9999999999891,10,0.033420064101317,"ok","",""
"v2","pectinate",1000,"prepared_fast_k",5,2,10,13.9999999999418,10,0.033420064101317,"ok","",""
"v2","pectinate",1000,"prepared_fast_k",6,1,10,11.9999999999891,10,0.033420064101317,"ok","",""
"candidate1","pectinate",1000,"prepared_fast_k",6,2,10,11.9999999999891,10,0.033420064101317,"ok","",""
"candidate1","pectinate",1000,"prepared_fast_k",7,1,10,13.0000000000109,10,0.033420064101317,"ok","",""
"v2","pectinate",1000,"prepared_fast_k",7,2,10,11.9999999999891,10,0.033420064101317,"ok","",""
"v2","pectinate",1000,"prepared_fast_k",8,1,10,13.9999999999418,10,0.033420064101317,"ok","",""
"candidate1","pectinate",1000,"prepared_fast_k",8,2,10,10.9999999999673,10,0.033420064101317,"ok","",""
"candidate1","pectinate",1000,"prepared_fast_k",9,1,10,13.0000000000109,10,0.033420064101317,"ok","",""
"v2","pectinate",1000,"prepared_fast_k",9,2,10,13.0000000000109,10,0.033420064101317,"ok","",""
"v2","pectinate",1000,"prepared_fast_k",10,1,10,13.9999999999418,10,0.033420064101317,"ok","",""
"candidate1","pectinate",1000,"prepared_fast_k",10,2,10,10.9999999999673,10,0.033420064101317,"ok","",""
"candidate1","pectinate",1000,"fingerprint",1,1,10,7.99999999999272,10,NA,"ok","",""
"v2","pectinate",1000,"fingerprint",1,2,10,6.00000000004002,10,0,"ok","",""
"v2","pectinate",1000,"fingerprint",2,1,10,6.00000000004002,10,0,"ok","",""
"candidate1","pectinate",1000,"fingerprint",2,2,10,7.99999999999272,10,NA,"ok","",""
"candidate1","pectinate",1000,"fingerprint",3,1,10,10.0000000000364,10,NA,"ok","",""
"v2","pectinate",1000,"fingerprint",3,2,10,6.00000000004002,10,0,"ok","",""
"v2","pectinate",1000,"fingerprint",4,1,10,6.00000000004002,10,0,"ok","",""
"candidate1","pectinate",1000,"fingerprint",4,2,10,6.9999999999709,10,NA,"ok","",""
"candidate1","pectinate",1000,"fingerprint",5,1,10,6.9999999999709,10,NA,"ok","",""
"v2","pectinate",1000,"fingerprint",5,2,10,6.9999999999709,10,0,"ok","",""
"v2","pectinate",1000,"fingerprint",6,1,10,6.9999999999709,10,0,"ok","",""
"candidate1","pectinate",1000,"fingerprint",6,2,10,8.00000000008367,10,NA,"ok","",""
"candidate1","pectinate",1000,"fingerprint",7,1,10,6.9999999999709,10,NA,"ok","",""
"v2","pectinate",1000,"fingerprint",7,2,10,6.9999999999709,10,0,"ok","",""
"v2","pectinate",1000,"fingerprint",8,1,10,6.9999999999709,10,0,"ok","",""
"candidate1","pectinate",1000,"fingerprint",8,2,10,8.00000000008367,10,NA,"ok","",""
"candidate1","pectinate",1000,"fingerprint",9,1,10,7.99999999999272,10,NA,"ok","",""
"v2","pectinate",1000,"fingerprint",9,2,10,5.00000000001819,10,0,"ok","",""
"v2","pectinate",1000,"fingerprint",10,1,10,6.00000000004002,10,0,"ok","",""
"candidate1","pectinate",1000,"fingerprint",10,2,10,7.99999999999272,10,NA,"ok","",""
"candidate1","pectinate",1000,"context_validation",1,1,10,7.99999999999272,10,NA,"ok","",""
"v2","pectinate",1000,"context_validation",1,2,10,8.9999999999236,10,NA,"ok","",""
"v2","pectinate",1000,"context_validation",2,1,10,11.0000000000582,10,NA,"ok","",""
"candidate1","pectinate",1000,"context_validation",2,2,10,7.99999999999272,10,NA,"ok","",""
"candidate1","pectinate",1000,"context_validation",3,1,10,7.99999999999272,10,NA,"ok","",""
"v2","pectinate",1000,"context_validation",3,2,10,9.00000000001455,10,NA,"ok","",""
"v2","pectinate",1000,"context_validation",4,1,10,8.9999999999236,10,NA,"ok","",""
"candidate1","pectinate",1000,"context_validation",4,2,10,6.9999999999709,10,NA,"ok","",""
"candidate1","pectinate",1000,"context_validation",5,1,10,7.99999999999272,10,NA,"ok","",""
"v2","pectinate",1000,"context_validation",5,2,10,10.9999999999673,10,NA,"ok","",""
"v2","pectinate",1000,"context_validation",6,1,10,9.00000000001455,10,NA,"ok","",""
"candidate1","pectinate",1000,"context_validation",6,2,10,6.9999999999709,10,NA,"ok","",""
"candidate1","pectinate",1000,"context_validation",7,1,10,7.99999999999272,10,NA,"ok","",""
"v2","pectinate",1000,"context_validation",7,2,10,9.00000000001455,10,NA,"ok","",""
"v2","pectinate",1000,"context_validation",8,1,10,10.0000000000364,10,NA,"ok","",""
"candidate1","pectinate",1000,"context_validation",8,2,10,6.9999999999709,10,NA,"ok","",""
"candidate1","pectinate",1000,"context_validation",9,1,10,7.99999999999272,10,NA,"ok","",""
"v2","pectinate",1000,"context_validation",9,2,10,10.9999999999673,10,NA,"ok","",""
"v2","pectinate",1000,"context_validation",10,1,10,10.0000000000364,10,NA,"ok","",""
"candidate1","pectinate",1000,"context_validation",10,2,10,9.00000000001455,10,NA,"ok","",""
"candidate1","pectinate",2000,"canonicalization",1,1,10,1170.00000000007,1,NA,"ok","",""
"v2","pectinate",2000,"canonicalization",1,2,10,189.9999999996,1,NA,"ok","",""
"v2","pectinate",2000,"canonicalization",2,1,10,180.000000000291,1,NA,"ok","",""
"candidate1","pectinate",2000,"canonicalization",2,2,10,840.000000000146,1,NA,"ok","",""
"candidate1","pectinate",2000,"canonicalization",3,1,10,670.000000000073,1,NA,"ok","",""
"v2","pectinate",2000,"canonicalization",3,2,10,120.0000000008,1,NA,"ok","",""
"v2","pectinate",2000,"canonicalization",4,1,10,119.999999999891,1,NA,"ok","",""
"candidate1","pectinate",2000,"canonicalization",4,2,10,649.999999999636,1,NA,"ok","",""
"candidate1","pectinate",2000,"canonicalization",5,1,10,800.000000000182,1,NA,"ok","",""
"v2","pectinate",2000,"canonicalization",5,2,10,139.999999999418,1,NA,"ok","",""
"v2","pectinate",2000,"canonicalization",6,1,10,129.9999999992,1,NA,"ok","",""
"candidate1","pectinate",2000,"canonicalization",6,2,10,770.000000000437,1,NA,"ok","",""
"candidate1","pectinate",2000,"canonicalization",7,1,10,1199.99999999982,1,NA,"ok","",""
"v2","pectinate",2000,"canonicalization",7,2,10,149.999999999636,1,NA,"ok","",""
"v2","pectinate",2000,"canonicalization",8,1,10,119.999999999891,1,NA,"ok","",""
"candidate1","pectinate",2000,"canonicalization",8,2,10,689.9999999996,1,NA,"ok","",""
"candidate1","pectinate",2000,"canonicalization",9,1,10,1120.0000000008,1,NA,"ok","",""
"v2","pectinate",2000,"canonicalization",9,2,10,200.000000000728,1,NA,"ok","",""
"v2","pectinate",2000,"canonicalization",10,1,10,199.999999999818,1,NA,"ok","",""
"candidate1","pectinate",2000,"canonicalization",10,2,10,720.000000000255,1,NA,"ok","",""
"candidate1","pectinate",2000,"prepare_tree",1,1,10,720.000000000255,1,NA,"ok","",""
"v2","pectinate",2000,"prepare_tree",1,2,10,170.000000000073,1,NA,"ok","",""
"v2","pectinate",2000,"prepare_tree",2,1,10,170.000000000073,1,NA,"ok","",""
"candidate1","pectinate",2000,"prepare_tree",2,2,10,1190.00000000051,1,NA,"ok","",""
"candidate1","pectinate",2000,"prepare_tree",3,1,10,699.999999999818,1,NA,"ok","",""
"v2","pectinate",2000,"prepare_tree",3,2,10,180.000000000291,1,NA,"ok","",""
"v2","pectinate",2000,"prepare_tree",4,1,10,170.000000000073,1,NA,"ok","",""
"candidate1","pectinate",2000,"prepare_tree",4,2,10,859.999999999673,1,NA,"ok","",""
"candidate1","pectinate",2000,"prepare_tree",5,1,10,699.999999999818,1,NA,"ok","",""
"v2","pectinate",2000,"prepare_tree",5,2,10,160.000000000764,1,NA,"ok","",""
"v2","pectinate",2000,"prepare_tree",6,1,10,170.000000000073,1,NA,"ok","",""
"candidate1","pectinate",2000,"prepare_tree",6,2,10,680.000000000291,1,NA,"ok","",""
"candidate1","pectinate",2000,"prepare_tree",7,1,10,689.9999999996,1,NA,"ok","",""
"v2","pectinate",2000,"prepare_tree",7,2,10,150.000000000546,1,NA,"ok","",""
"v2","pectinate",2000,"prepare_tree",8,1,10,170.000000000073,1,NA,"ok","",""
"candidate1","pectinate",2000,"prepare_tree",8,2,10,750,1,NA,"ok","",""
"candidate1","pectinate",2000,"prepare_tree",9,1,10,1170.00000000007,1,NA,"ok","",""
"v2","pectinate",2000,"prepare_tree",9,2,10,239.999999999782,1,NA,"ok","",""
"v2","pectinate",2000,"prepare_tree",10,1,10,239.999999999782,1,NA,"ok","",""
"candidate1","pectinate",2000,"prepare_tree",10,2,10,829.999999999927,1,NA,"ok","",""
"candidate1","pectinate",2000,"raw_fast_k",1,1,10,789.999999999964,1,0.0166186114073584,"ok","",""
"v2","pectinate",2000,"raw_fast_k",1,2,10,250,1,0.0166186114073584,"ok","",""
"v2","pectinate",2000,"raw_fast_k",2,1,10,240.000000000691,1,0.0166186114073584,"ok","",""
"candidate1","pectinate",2000,"raw_fast_k",2,2,10,699.999999999818,1,0.0166186114073584,"ok","",""
"candidate1","pectinate",2000,"raw_fast_k",3,1,10,689.9999999996,1,0.0166186114073584,"ok","",""
"v2","pectinate",2000,"raw_fast_k",3,2,10,180.000000000291,1,0.0166186114073584,"ok","",""
"v2","pectinate",2000,"raw_fast_k",4,1,10,170.000000000073,1,0.0166186114073584,"ok","",""
"candidate1","pectinate",2000,"raw_fast_k",4,2,10,690.000000000509,1,0.0166186114073584,"ok","",""
"candidate1","pectinate",2000,"raw_fast_k",5,1,10,690.000000000509,1,0.0166186114073584,"ok","",""
"v2","pectinate",2000,"raw_fast_k",5,2,10,149.999999999636,1,0.0166186114073584,"ok","",""
"v2","pectinate",2000,"raw_fast_k",6,1,10,159.999999999854,1,0.0166186114073584,"ok","",""
"candidate1","pectinate",2000,"raw_fast_k",6,2,10,700.000000000728,1,0.0166186114073584,"ok","",""
"candidate1","pectinate",2000,"raw_fast_k",7,1,10,699.999999999818,1,0.0166186114073584,"ok","",""
"v2","pectinate",2000,"raw_fast_k",7,2,10,159.999999999854,1,0.0166186114073584,"ok","",""
"v2","pectinate",2000,"raw_fast_k",8,1,10,159.999999999854,1,0.0166186114073584,"ok","",""
"candidate1","pectinate",2000,"raw_fast_k",8,2,10,810.0000000004,1,0.0166186114073584,"ok","",""
"candidate1","pectinate",2000,"raw_fast_k",9,1,10,670.000000000073,1,0.0166186114073584,"ok","",""
"v2","pectinate",2000,"raw_fast_k",9,2,10,210.000000000036,1,0.0166186114073584,"ok","",""
"v2","pectinate",2000,"raw_fast_k",10,1,10,170.000000000073,1,0.0166186114073584,"ok","",""
"candidate1","pectinate",2000,"raw_fast_k",10,2,10,719.999999999345,1,0.0166186114073584,"ok","",""
"candidate1","pectinate",2000,"prepared_fast_k",1,1,10,16.6666666667273,3,0.0166186114073584,"ok","",""
"v2","pectinate",2000,"prepared_fast_k",1,2,10,33.3333333331514,3,0.0166186114073584,"ok","",""
"v2","pectinate",2000,"prepared_fast_k",2,1,10,33.3333333334546,3,0.0166186114073584,"ok","",""
"candidate1","pectinate",2000,"prepared_fast_k",2,2,10,20.0000000001334,3,0.0166186114073584,"ok","",""
"candidate1","pectinate",2000,"prepared_fast_k",3,1,10,23.3333333332363,3,0.0166186114073584,"ok","",""
"v2","pectinate",2000,"prepared_fast_k",3,2,10,33.3333333334546,3,0.0166186114073584,"ok","",""
"v2","pectinate",2000,"prepared_fast_k",4,1,10,26.6666666666424,3,0.0166186114073584,"ok","",""
"candidate1","pectinate",2000,"prepared_fast_k",4,2,10,19.9999999998302,3,0.0166186114073584,"ok","",""
"candidate1","pectinate",2000,"prepared_fast_k",5,1,10,20.0000000001334,3,0.0166186114073584,"ok","",""
"v2","pectinate",2000,"prepared_fast_k",5,2,10,26.6666666669456,3,0.0166186114073584,"ok","",""
"v2","pectinate",2000,"prepared_fast_k",6,1,10,33.3333333334546,3,0.0166186114073584,"ok","",""
"candidate1","pectinate",2000,"prepared_fast_k",6,2,10,19.9999999998302,3,0.0166186114073584,"ok","",""
"candidate1","pectinate",2000,"prepared_fast_k",7,1,10,20.0000000001334,3,0.0166186114073584,"ok","",""
"v2","pectinate",2000,"prepared_fast_k",7,2,10,26.6666666666424,3,0.0166186114073584,"ok","",""
"v2","pectinate",2000,"prepared_fast_k",8,1,10,23.3333333335395,3,0.0166186114073584,"ok","",""
"candidate1","pectinate",2000,"prepared_fast_k",8,2,10,16.6666666667273,3,0.0166186114073584,"ok","",""
"candidate1","pectinate",2000,"prepared_fast_k",9,1,10,23.3333333332363,3,0.0166186114073584,"ok","",""
"v2","pectinate",2000,"prepared_fast_k",9,2,10,26.6666666666424,3,0.0166186114073584,"ok","",""
"v2","pectinate",2000,"prepared_fast_k",10,1,10,26.6666666666424,3,0.0166186114073584,"ok","",""
"candidate1","pectinate",2000,"prepared_fast_k",10,2,10,26.6666666666424,3,0.0166186114073584,"ok","",""
"candidate1","pectinate",2000,"fingerprint",1,1,10,13.3333333333212,3,NA,"ok","",""
"v2","pectinate",2000,"fingerprint",1,2,10,16.6666666667273,3,0,"ok","",""
"v2","pectinate",2000,"fingerprint",2,1,10,19.9999999998302,3,0,"ok","",""
"candidate1","pectinate",2000,"fingerprint",2,2,10,19.9999999998302,3,NA,"ok","",""
"candidate1","pectinate",2000,"fingerprint",3,1,10,16.6666666664241,3,NA,"ok","",""
"v2","pectinate",2000,"fingerprint",3,2,10,16.6666666667273,3,0,"ok","",""
"v2","pectinate",2000,"fingerprint",4,1,10,13.3333333333212,3,0,"ok","",""
"candidate1","pectinate",2000,"fingerprint",4,2,10,16.6666666667273,3,NA,"ok","",""
"candidate1","pectinate",2000,"fingerprint",5,1,10,13.3333333333212,3,NA,"ok","",""
"v2","pectinate",2000,"fingerprint",5,2,10,16.6666666667273,3,0,"ok","",""
"v2","pectinate",2000,"fingerprint",6,1,10,10.0000000002183,3,0,"ok","",""
"candidate1","pectinate",2000,"fingerprint",6,2,10,16.6666666667273,3,NA,"ok","",""
"candidate1","pectinate",2000,"fingerprint",7,1,10,16.6666666667273,3,NA,"ok","",""
"v2","pectinate",2000,"fingerprint",7,2,10,9.99999999991511,3,0,"ok","",""
"v2","pectinate",2000,"fingerprint",8,1,10,13.3333333333212,3,0,"ok","",""
"candidate1","pectinate",2000,"fingerprint",8,2,10,16.6666666664241,3,NA,"ok","",""
"candidate1","pectinate",2000,"fingerprint",9,1,10,13.3333333333212,3,NA,"ok","",""
"v2","pectinate",2000,"fingerprint",9,2,10,13.3333333333212,3,0,"ok","",""
"v2","pectinate",2000,"fingerprint",10,1,10,16.6666666664241,3,0,"ok","",""
"candidate1","pectinate",2000,"fingerprint",10,2,10,16.6666666667273,3,NA,"ok","",""
"candidate1","pectinate",2000,"context_validation",1,1,10,20.0000000001334,3,NA,"ok","",""
"v2","pectinate",2000,"context_validation",1,2,10,20.0000000001334,3,NA,"ok","",""
"v2","pectinate",2000,"context_validation",2,1,10,19.9999999998302,3,NA,"ok","",""
"candidate1","pectinate",2000,"context_validation",2,2,10,16.6666666664241,3,NA,"ok","",""
"candidate1","pectinate",2000,"context_validation",3,1,10,16.6666666667273,3,NA,"ok","",""
"v2","pectinate",2000,"context_validation",3,2,10,26.6666666666424,3,NA,"ok","",""
"v2","pectinate",2000,"context_validation",4,1,10,20.0000000001334,3,NA,"ok","",""
"candidate1","pectinate",2000,"context_validation",4,2,10,9.99999999991511,3,NA,"ok","",""
"candidate1","pectinate",2000,"context_validation",5,1,10,16.6666666667273,3,NA,"ok","",""
"v2","pectinate",2000,"context_validation",5,2,10,30.0000000000485,3,NA,"ok","",""
"v2","pectinate",2000,"context_validation",6,1,10,23.3333333335395,3,NA,"ok","",""
"candidate1","pectinate",2000,"context_validation",6,2,10,16.6666666667273,3,NA,"ok","",""
"candidate1","pectinate",2000,"context_validation",7,1,10,13.3333333333212,3,NA,"ok","",""
"v2","pectinate",2000,"context_validation",7,2,10,26.6666666666424,3,NA,"ok","",""
"v2","pectinate",2000,"context_validation",8,1,10,16.6666666664241,3,NA,"ok","",""
"candidate1","pectinate",2000,"context_validation",8,2,10,13.3333333333212,3,NA,"ok","",""
"candidate1","pectinate",2000,"context_validation",9,1,10,16.6666666667273,3,NA,"ok","",""
"v2","pectinate",2000,"context_validation",9,2,10,16.6666666664241,3,NA,"ok","",""
"v2","pectinate",2000,"context_validation",10,1,10,13.3333333333212,3,NA,"ok","",""
"candidate1","pectinate",2000,"context_validation",10,2,10,13.3333333333212,3,NA,"ok","",""
"candidate1","pectinate",5000,"canonicalization",1,1,10,3739.99999999978,1,NA,"ok","",""
"v2","pectinate",5000,"canonicalization",1,2,10,289.999999999964,1,NA,"ok","",""
"v2","pectinate",5000,"canonicalization",2,1,10,300.000000000182,1,NA,"ok","",""
"candidate1","pectinate",5000,"canonicalization",2,2,10,3859.99999999967,1,NA,"ok","",""
"candidate1","pectinate",5000,"canonicalization",3,1,10,3769.99999999953,1,NA,"ok","",""
"v2","pectinate",5000,"canonicalization",3,2,10,309.999999999491,1,NA,"ok","",""
"v2","pectinate",5000,"canonicalization",4,1,10,300.000000000182,1,NA,"ok","",""
"candidate1","pectinate",5000,"canonicalization",4,2,10,3950.00000000073,1,NA,"ok","",""
"candidate1","pectinate",5000,"canonicalization",5,1,10,3579.99999999993,1,NA,"ok","",""
"v2","pectinate",5000,"canonicalization",5,2,10,420.000000000073,1,NA,"ok","",""
"v2","pectinate",5000,"canonicalization",6,1,10,329.999999999927,1,NA,"ok","",""
"candidate1","pectinate",5000,"canonicalization",6,2,10,4139.99999999942,1,NA,"ok","",""
"candidate1","pectinate",5000,"canonicalization",7,1,10,3920.00000000007,1,NA,"ok","",""
"v2","pectinate",5000,"canonicalization",7,2,10,310.0000000004,1,NA,"ok","",""
"v2","pectinate",5000,"canonicalization",8,1,10,329.999999999927,1,NA,"ok","",""
"candidate1","pectinate",5000,"canonicalization",8,2,10,3890.00000000033,1,NA,"ok","",""
"candidate1","pectinate",5000,"canonicalization",9,1,10,4019.99999999953,1,NA,"ok","",""
"v2","pectinate",5000,"canonicalization",9,2,10,309.999999999491,1,NA,"ok","",""
"v2","pectinate",5000,"canonicalization",10,1,10,309.999999999491,1,NA,"ok","",""
"candidate1","pectinate",5000,"canonicalization",10,2,10,4270.00000000044,1,NA,"ok","",""
"candidate1","pectinate",5000,"prepare_tree",1,1,10,4369.99999999989,1,NA,"ok","",""
"v2","pectinate",5000,"prepare_tree",1,2,10,440.000000000509,1,NA,"ok","",""
"v2","pectinate",5000,"prepare_tree",2,1,10,470.000000000255,1,NA,"ok","",""
"candidate1","pectinate",5000,"prepare_tree",2,2,10,3949.99999999982,1,NA,"ok","",""
"candidate1","pectinate",5000,"prepare_tree",3,1,10,4060.0000000004,1,NA,"ok","",""
"v2","pectinate",5000,"prepare_tree",3,2,10,630.000000000109,1,NA,"ok","",""
"v2","pectinate",5000,"prepare_tree",4,1,10,579.999999999927,1,NA,"ok","",""
"candidate1","pectinate",5000,"prepare_tree",4,2,10,3670.00000000007,1,NA,"ok","",""
"candidate1","pectinate",5000,"prepare_tree",5,1,10,4399.99999999964,1,NA,"ok","",""
"v2","pectinate",5000,"prepare_tree",5,2,10,460.000000000036,1,NA,"ok","",""
"v2","pectinate",5000,"prepare_tree",6,1,10,439.9999999996,1,NA,"ok","",""
"candidate1","pectinate",5000,"prepare_tree",6,2,10,4670.00000000007,1,NA,"ok","",""
"candidate1","pectinate",5000,"prepare_tree",7,1,10,4109.99999999967,1,NA,"ok","",""
"v2","pectinate",5000,"prepare_tree",7,2,10,440.000000000509,1,NA,"ok","",""
"v2","pectinate",5000,"prepare_tree",8,1,10,460.000000000036,1,NA,"ok","",""
"candidate1","pectinate",5000,"prepare_tree",8,2,10,3500,1,NA,"ok","",""
"candidate1","pectinate",5000,"prepare_tree",9,1,10,4569.99999999971,1,NA,"ok","",""
"v2","pectinate",5000,"prepare_tree",9,2,10,430.000000000291,1,NA,"ok","",""
"v2","pectinate",5000,"prepare_tree",10,1,10,539.999999999964,1,NA,"ok","",""
"candidate1","pectinate",5000,"prepare_tree",10,2,10,3910.00000000076,1,NA,"ok","",""
"candidate1","pectinate",5000,"raw_fast_k",1,1,10,4029.99999999975,1,0.00666324086610697,"ok","",""
"v2","pectinate",5000,"raw_fast_k",1,2,10,579.999999999927,1,0.00666324086610697,"ok","",""
"v2","pectinate",5000,"raw_fast_k",2,1,10,469.999999999345,1,0.00666324086610697,"ok","",""
"candidate1","pectinate",5000,"raw_fast_k",2,2,10,3800.00000000018,1,0.00666324086610697,"ok","",""
"candidate1","pectinate",5000,"raw_fast_k",3,1,10,4609.99999999967,1,0.00666324086610697,"ok","",""
"v2","pectinate",5000,"raw_fast_k",3,2,10,689.9999999996,1,0.00666324086610697,"ok","",""
"v2","pectinate",5000,"raw_fast_k",4,1,10,739.999999999782,1,0.00666324086610697,"ok","",""
"candidate1","pectinate",5000,"raw_fast_k",4,2,10,5309.99999999949,1,0.00666324086610697,"ok","",""
"candidate1","pectinate",5000,"raw_fast_k",5,1,10,3750,1,0.00666324086610697,"ok","",""
"v2","pectinate",5000,"raw_fast_k",5,2,10,529.999999999745,1,0.00666324086610697,"ok","",""
"v2","pectinate",5000,"raw_fast_k",6,1,10,569.999999999709,1,0.00666324086610697,"ok","",""
"candidate1","pectinate",5000,"raw_fast_k",6,2,10,4350.00000000036,1,0.00666324086610697,"ok","",""
"candidate1","pectinate",5000,"raw_fast_k",7,1,10,3869.99999999989,1,0.00666324086610697,"ok","",""
"v2","pectinate",5000,"raw_fast_k",7,2,10,720.000000000255,1,0.00666324086610697,"ok","",""
"v2","pectinate",5000,"raw_fast_k",8,1,10,480.000000000473,1,0.00666324086610697,"ok","",""
"candidate1","pectinate",5000,"raw_fast_k",8,2,10,5010.00000000022,1,0.00666324086610697,"ok","",""
"candidate1","pectinate",5000,"raw_fast_k",9,1,10,4889.99999999942,1,0.00666324086610697,"ok","",""
"v2","pectinate",5000,"raw_fast_k",9,2,10,449.999999999818,1,0.00666324086610697,"ok","",""
"v2","pectinate",5000,"raw_fast_k",10,1,10,619.999999999891,1,0.00666324086610697,"ok","",""
"candidate1","pectinate",5000,"raw_fast_k",10,2,10,4329.99999999993,1,0.00666324086610697,"ok","",""
"candidate1","pectinate",5000,"prepared_fast_k",1,1,10,63.3333333335031,3,0.00666324086610697,"ok","",""
"v2","pectinate",5000,"prepared_fast_k",1,2,10,93.3333333332484,3,0.00666324086610697,"ok","",""
"v2","pectinate",5000,"prepared_fast_k",2,1,10,93.3333333332484,3,0.00666324086610697,"ok","",""
"candidate1","pectinate",5000,"prepared_fast_k",2,2,10,53.3333333332848,3,0.00666324086610697,"ok","",""
"candidate1","pectinate",5000,"prepared_fast_k",3,1,10,46.6666666667758,3,0.00666324086610697,"ok","",""
"v2","pectinate",5000,"prepared_fast_k",3,2,10,49.9999999998787,3,0.00666324086610697,"ok","",""
"v2","pectinate",5000,"prepared_fast_k",4,1,10,56.6666666666909,3,0.00666324086610697,"ok","",""
"candidate1","pectinate",5000,"prepared_fast_k",4,2,10,46.6666666667758,3,0.00666324086610697,"ok","",""
"candidate1","pectinate",5000,"prepared_fast_k",5,1,10,46.6666666667758,3,0.00666324086610697,"ok","",""
"v2","pectinate",5000,"prepared_fast_k",5,2,10,53.3333333332848,3,0.00666324086610697,"ok","",""
"v2","pectinate",5000,"prepared_fast_k",6,1,10,53.3333333332848,3,0.00666324086610697,"ok","",""
"candidate1","pectinate",5000,"prepared_fast_k",6,2,10,46.6666666667758,3,0.00666324086610697,"ok","",""
"candidate1","pectinate",5000,"prepared_fast_k",7,1,10,49.9999999998787,3,0.00666324086610697,"ok","",""
"v2","pectinate",5000,"prepared_fast_k",7,2,10,49.9999999998787,3,0.00666324086610697,"ok","",""
"v2","pectinate",5000,"prepared_fast_k",8,1,10,53.333333333588,3,0.00666324086610697,"ok","",""
"candidate1","pectinate",5000,"prepared_fast_k",8,2,10,46.6666666667758,3,0.00666324086610697,"ok","",""
"candidate1","pectinate",5000,"prepared_fast_k",9,1,10,46.6666666667758,3,0.00666324086610697,"ok","",""
"v2","pectinate",5000,"prepared_fast_k",9,2,10,46.6666666664726,3,0.00666324086610697,"ok","",""
"v2","pectinate",5000,"prepared_fast_k",10,1,10,53.3333333332848,3,0.00666324086610697,"ok","",""
"candidate1","pectinate",5000,"prepared_fast_k",10,2,10,49.9999999998787,3,0.00666324086610697,"ok","",""
"candidate1","pectinate",5000,"fingerprint",1,1,10,36.6666666665575,3,NA,"ok","",""
"v2","pectinate",5000,"fingerprint",1,2,10,23.3333333332363,3,0,"ok","",""
"v2","pectinate",5000,"fingerprint",2,1,10,23.3333333332363,3,0,"ok","",""
"candidate1","pectinate",5000,"fingerprint",2,2,10,39.9999999999636,3,NA,"ok","",""
"candidate1","pectinate",5000,"fingerprint",3,1,10,36.6666666665575,3,NA,"ok","",""
"v2","pectinate",5000,"fingerprint",3,2,10,26.6666666666424,3,0,"ok","",""
"v2","pectinate",5000,"fingerprint",4,1,10,30.0000000000485,3,0,"ok","",""
"candidate1","pectinate",5000,"fingerprint",4,2,10,39.9999999999636,3,NA,"ok","",""
"candidate1","pectinate",5000,"fingerprint",5,1,10,36.6666666665575,3,NA,"ok","",""
"v2","pectinate",5000,"fingerprint",5,2,10,26.6666666666424,3,0,"ok","",""
"v2","pectinate",5000,"fingerprint",6,1,10,23.3333333332363,3,0,"ok","",""
"candidate1","pectinate",5000,"fingerprint",6,2,10,36.6666666665575,3,NA,"ok","",""
"candidate1","pectinate",5000,"fingerprint",7,1,10,43.3333333333697,3,NA,"ok","",""
"v2","pectinate",5000,"fingerprint",7,2,10,26.6666666666424,3,0,"ok","",""
"v2","pectinate",5000,"fingerprint",8,1,10,26.6666666666424,3,0,"ok","",""
"candidate1","pectinate",5000,"fingerprint",8,2,10,36.6666666665575,3,NA,"ok","",""
"candidate1","pectinate",5000,"fingerprint",9,1,10,43.3333333333697,3,NA,"ok","",""
"v2","pectinate",5000,"fingerprint",9,2,10,33.3333333334546,3,0,"ok","",""
"v2","pectinate",5000,"fingerprint",10,1,10,30.0000000000485,3,0,"ok","",""
"candidate1","pectinate",5000,"fingerprint",10,2,10,43.3333333333697,3,NA,"ok","",""
"candidate1","pectinate",5000,"context_validation",1,1,10,36.6666666665575,3,NA,"ok","",""
"v2","pectinate",5000,"context_validation",1,2,10,46.6666666667758,3,NA,"ok","",""
"v2","pectinate",5000,"context_validation",2,1,10,43.3333333333697,3,NA,"ok","",""
"candidate1","pectinate",5000,"context_validation",2,2,10,43.3333333333697,3,NA,"ok","",""
"candidate1","pectinate",5000,"context_validation",3,1,10,39.9999999999636,3,NA,"ok","",""
"v2","pectinate",5000,"context_validation",3,2,10,43.3333333333697,3,NA,"ok","",""
"v2","pectinate",5000,"context_validation",4,1,10,43.3333333333697,3,NA,"ok","",""
"candidate1","pectinate",5000,"context_validation",4,2,10,39.9999999999636,3,NA,"ok","",""
"candidate1","pectinate",5000,"context_validation",5,1,10,36.6666666668607,3,NA,"ok","",""
"v2","pectinate",5000,"context_validation",5,2,10,39.9999999999636,3,NA,"ok","",""
"v2","pectinate",5000,"context_validation",6,1,10,39.9999999999636,3,NA,"ok","",""
"candidate1","pectinate",5000,"context_validation",6,2,10,36.6666666665575,3,NA,"ok","",""
"candidate1","pectinate",5000,"context_validation",7,1,10,36.6666666665575,3,NA,"ok","",""
"v2","pectinate",5000,"context_validation",7,2,10,40.0000000002668,3,NA,"ok","",""
"v2","pectinate",5000,"context_validation",8,1,10,56.6666666666909,3,NA,"ok","",""
"candidate1","pectinate",5000,"context_validation",8,2,10,36.6666666668607,3,NA,"ok","",""
"candidate1","pectinate",5000,"context_validation",9,1,10,36.6666666665575,3,NA,"ok","",""
"v2","pectinate",5000,"context_validation",9,2,10,46.6666666667758,3,NA,"ok","",""
"v2","pectinate",5000,"context_validation",10,1,10,43.3333333333697,3,NA,"ok","",""
"candidate1","pectinate",5000,"context_validation",10,2,10,36.6666666668607,3,NA,"ok","",""
"candidate1","pectinate",10000,"canonicalization",1,1,5,13500,1,NA,"ok","",""
"v2","pectinate",10000,"canonicalization",1,2,5,750,1,NA,"ok","",""
"v2","pectinate",10000,"canonicalization",2,1,5,739.999999999782,1,NA,"ok","",""
"candidate1","pectinate",10000,"canonicalization",2,2,5,13640.0000000003,1,NA,"ok","",""
"candidate1","pectinate",10000,"canonicalization",3,1,5,13590.0000000001,1,NA,"ok","",""
"v2","pectinate",10000,"canonicalization",3,2,5,729.999999999563,1,NA,"ok","",""
"v2","pectinate",10000,"canonicalization",4,1,5,780.000000000655,1,NA,"ok","",""
"candidate1","pectinate",10000,"canonicalization",4,2,5,13630.0000000001,1,NA,"ok","",""
"candidate1","pectinate",10000,"canonicalization",5,1,5,13520.0000000004,1,NA,"ok","",""
"v2","pectinate",10000,"canonicalization",5,2,5,789.999999999964,1,NA,"ok","",""
"candidate1","pectinate",10000,"prepare_tree",1,1,5,14349.9999999995,1,NA,"ok","",""
"v2","pectinate",10000,"prepare_tree",1,2,5,1140.00000000033,1,NA,"ok","",""
"v2","pectinate",10000,"prepare_tree",2,1,5,1129.9999999992,1,NA,"ok","",""
"candidate1","pectinate",10000,"prepare_tree",2,2,5,16760.0000000002,1,NA,"ok","",""
"candidate1","pectinate",10000,"prepare_tree",3,1,5,15559.9999999995,1,NA,"ok","",""
"v2","pectinate",10000,"prepare_tree",3,2,5,1340.00000000015,1,NA,"ok","",""
"v2","pectinate",10000,"prepare_tree",4,1,5,1149.99999999964,1,NA,"ok","",""
"candidate1","pectinate",10000,"prepare_tree",4,2,5,21489.9999999998,1,NA,"ok","",""
"candidate1","pectinate",10000,"prepare_tree",5,1,5,16090.0000000001,1,NA,"ok","",""
"v2","pectinate",10000,"prepare_tree",5,2,5,1550.00000000018,1,NA,"ok","",""
"candidate1","pectinate",10000,"raw_fast_k",1,1,5,18179.9999999994,1,0.00332492312646965,"ok","",""
"v2","pectinate",10000,"raw_fast_k",1,2,5,1130.00000000011,1,0.00332492312646965,"ok","",""
"v2","pectinate",10000,"raw_fast_k",2,1,5,1140.00000000033,1,0.00332492312646965,"ok","",""
"candidate1","pectinate",10000,"raw_fast_k",2,2,5,14609.9999999997,1,0.00332492312646965,"ok","",""
"candidate1","pectinate",10000,"raw_fast_k",3,1,5,19399.9999999996,1,0.00332492312646965,"ok","",""
"v2","pectinate",10000,"raw_fast_k",3,2,5,1109.99999999967,1,0.00332492312646965,"ok","",""
"v2","pectinate",10000,"raw_fast_k",4,1,5,1279.99999999975,1,0.00332492312646965,"ok","",""
"candidate1","pectinate",10000,"raw_fast_k",4,2,5,16880.0000000001,1,0.00332492312646965,"ok","",""
"candidate1","pectinate",10000,"raw_fast_k",5,1,5,19680.0000000003,1,0.00332492312646965,"ok","",""
"v2","pectinate",10000,"raw_fast_k",5,2,5,1110.00000000058,1,0.00332492312646965,"ok","",""
"candidate1","pectinate",10000,"prepared_fast_k",1,1,5,90.0000000001455,1,0.00332492312646965,"ok","",""
"v2","pectinate",10000,"prepared_fast_k",1,2,5,149.999999999636,1,0.00332492312646965,"ok","",""
"v2","pectinate",10000,"prepared_fast_k",2,1,5,100.000000000364,1,0.00332492312646965,"ok","",""
"candidate1","pectinate",10000,"prepared_fast_k",2,2,5,100.000000000364,1,0.00332492312646965,"ok","",""
"candidate1","pectinate",10000,"prepared_fast_k",3,1,5,110.000000000582,1,0.00332492312646965,"ok","",""
"v2","pectinate",10000,"prepared_fast_k",3,2,5,140.000000000327,1,0.00332492312646965,"ok","",""
"v2","pectinate",10000,"prepared_fast_k",4,1,5,159.999999999854,1,0.00332492312646965,"ok","",""
"candidate1","pectinate",10000,"prepared_fast_k",4,2,5,109.999999999673,1,0.00332492312646965,"ok","",""
"candidate1","pectinate",10000,"prepared_fast_k",5,1,5,109.999999999673,1,0.00332492312646965,"ok","",""
"v2","pectinate",10000,"prepared_fast_k",5,2,5,130.000000000109,1,0.00332492312646965,"ok","",""
"candidate1","pectinate",10000,"fingerprint",1,1,5,89.999999999236,1,NA,"ok","",""
"v2","pectinate",10000,"fingerprint",1,2,5,90.0000000001455,1,0,"ok","",""
"v2","pectinate",10000,"fingerprint",2,1,5,90.0000000001455,1,0,"ok","",""
"candidate1","pectinate",10000,"fingerprint",2,2,5,109.999999999673,1,NA,"ok","",""
"candidate1","pectinate",10000,"fingerprint",3,1,5,90.0000000001455,1,NA,"ok","",""
"v2","pectinate",10000,"fingerprint",3,2,5,90.0000000001455,1,0,"ok","",""
"v2","pectinate",10000,"fingerprint",4,1,5,60.0000000004002,1,0,"ok","",""
"candidate1","pectinate",10000,"fingerprint",4,2,5,79.9999999999272,1,NA,"ok","",""
"candidate1","pectinate",10000,"fingerprint",5,1,5,90.0000000001455,1,NA,"ok","",""
"v2","pectinate",10000,"fingerprint",5,2,5,79.9999999999272,1,0,"ok","",""
"candidate1","pectinate",10000,"context_validation",1,1,5,69.999999999709,1,NA,"ok","",""
"v2","pectinate",10000,"context_validation",1,2,5,90.0000000001455,1,NA,"ok","",""
"v2","pectinate",10000,"context_validation",2,1,5,89.999999999236,1,NA,"ok","",""
"candidate1","pectinate",10000,"context_validation",2,2,5,100.000000000364,1,NA,"ok","",""
"candidate1","pectinate",10000,"context_validation",3,1,5,70.0000000006185,1,NA,"ok","",""
"v2","pectinate",10000,"context_validation",3,2,5,69.999999999709,1,NA,"ok","",""
"v2","pectinate",10000,"context_validation",4,1,5,79.9999999999272,1,NA,"ok","",""
"candidate1","pectinate",10000,"context_validation",4,2,5,90.0000000001455,1,NA,"ok","",""
"candidate1","pectinate",10000,"context_validation",5,1,5,90.0000000001455,1,NA,"ok","",""
"v2","pectinate",10000,"context_validation",5,2,5,99.9999999994543,1,NA,"ok","",""
"candidate1","pectinate",20000,"canonicalization",1,1,5,NA,1,NA,"not_run_after_warmup_error","reached elapsed time limit","simpleError/error/condition"
"v2","pectinate",20000,"canonicalization",1,2,5,1430.00000000029,1,NA,"ok","",""
"v2","pectinate",20000,"canonicalization",2,1,5,1500,1,NA,"ok","",""
"candidate1","pectinate",20000,"canonicalization",2,2,5,NA,1,NA,"not_run_after_warmup_error","reached elapsed time limit","simpleError/error/condition"
"candidate1","pectinate",20000,"canonicalization",3,1,5,NA,1,NA,"not_run_after_warmup_error","reached elapsed time limit","simpleError/error/condition"
"v2","pectinate",20000,"canonicalization",3,2,5,1470.00000000025,1,NA,"ok","",""
"v2","pectinate",20000,"canonicalization",4,1,5,1659.99999999985,1,NA,"ok","",""
"candidate1","pectinate",20000,"canonicalization",4,2,5,NA,1,NA,"not_run_after_warmup_error","reached elapsed time limit","simpleError/error/condition"
"candidate1","pectinate",20000,"canonicalization",5,1,5,NA,1,NA,"not_run_after_warmup_error","reached elapsed time limit","simpleError/error/condition"
"v2","pectinate",20000,"canonicalization",5,2,5,1450.00000000073,1,NA,"ok","",""
"candidate1","pectinate",20000,"prepare_tree",1,1,5,31530.0000000007,1,NA,"ok","",""
"v2","pectinate",20000,"prepare_tree",1,2,5,2840.00000000015,1,NA,"ok","",""
"v2","pectinate",20000,"prepare_tree",2,1,5,3100.00000000036,1,NA,"ok","",""
"candidate1","pectinate",20000,"prepare_tree",2,2,5,30889.9999999994,1,NA,"ok","",""
"candidate1","pectinate",20000,"prepare_tree",3,1,5,31329.9999999999,1,NA,"ok","",""
"v2","pectinate",20000,"prepare_tree",3,2,5,2920.00000000007,1,NA,"ok","",""
"v2","pectinate",20000,"prepare_tree",4,1,5,2479.99999999956,1,NA,"ok","",""
"candidate1","pectinate",20000,"prepare_tree",4,2,5,30870.0000000008,1,NA,"ok","",""
"candidate1","pectinate",20000,"prepare_tree",5,1,5,31170.0000000001,1,NA,"ok","",""
"v2","pectinate",20000,"prepare_tree",5,2,5,3619.99999999989,1,NA,"ok","",""
"candidate1","pectinate",20000,"raw_fast_k",1,1,5,NA,1,NA,"not_run_after_warmup_error","reached elapsed time limit","simpleError/error/condition"
"v2","pectinate",20000,"raw_fast_k",1,2,5,3560.0000000004,1,0.00166400714754874,"ok","",""
"v2","pectinate",20000,"raw_fast_k",2,1,5,3659.99999999985,1,0.00166400714754874,"ok","",""
"candidate1","pectinate",20000,"raw_fast_k",2,2,5,NA,1,NA,"not_run_after_warmup_error","reached elapsed time limit","simpleError/error/condition"
"candidate1","pectinate",20000,"raw_fast_k",3,1,5,NA,1,NA,"not_run_after_warmup_error","reached elapsed time limit","simpleError/error/condition"
"v2","pectinate",20000,"raw_fast_k",3,2,5,2720.00000000025,1,0.00166400714754874,"ok","",""
"v2","pectinate",20000,"raw_fast_k",4,1,5,3079.99999999993,1,0.00166400714754874,"ok","",""
"candidate1","pectinate",20000,"raw_fast_k",4,2,5,NA,1,NA,"not_run_after_warmup_error","reached elapsed time limit","simpleError/error/condition"
"candidate1","pectinate",20000,"raw_fast_k",5,1,5,NA,1,NA,"not_run_after_warmup_error","reached elapsed time limit","simpleError/error/condition"
"v2","pectinate",20000,"raw_fast_k",5,2,5,3079.99999999993,1,0.00166400714754874,"ok","",""
"candidate1","pectinate",20000,"prepared_fast_k",1,1,5,189.9999999996,1,0.00166400714754874,"ok","",""
"v2","pectinate",20000,"prepared_fast_k",1,2,5,230.000000000473,1,0.00166400714754874,"ok","",""
"v2","pectinate",20000,"prepared_fast_k",2,1,5,289.999999999964,1,0.00166400714754874,"ok","",""
"candidate1","pectinate",20000,"prepared_fast_k",2,2,5,190.000000000509,1,0.00166400714754874,"ok","",""
"candidate1","pectinate",20000,"prepared_fast_k",3,1,5,189.9999999996,1,0.00166400714754874,"ok","",""
"v2","pectinate",20000,"prepared_fast_k",3,2,5,210.000000000036,1,0.00166400714754874,"ok","",""
"v2","pectinate",20000,"prepared_fast_k",4,1,5,319.999999999709,1,0.00166400714754874,"ok","",""
"candidate1","pectinate",20000,"prepared_fast_k",4,2,5,230.000000000473,1,0.00166400714754874,"ok","",""
"candidate1","pectinate",20000,"prepared_fast_k",5,1,5,240.000000000691,1,0.00166400714754874,"ok","",""
"v2","pectinate",20000,"prepared_fast_k",5,2,5,299.999999999272,1,0.00166400714754874,"ok","",""
"candidate1","pectinate",20000,"fingerprint",1,1,5,229.999999999563,1,NA,"ok","",""
"v2","pectinate",20000,"fingerprint",1,2,5,190.000000000509,1,0,"ok","",""
"v2","pectinate",20000,"fingerprint",2,1,5,179.999999999382,1,0,"ok","",""
"candidate1","pectinate",20000,"fingerprint",2,2,5,159.999999999854,1,NA,"ok","",""
"candidate1","pectinate",20000,"fingerprint",3,1,5,170.000000000073,1,NA,"ok","",""
"v2","pectinate",20000,"fingerprint",3,2,5,109.999999999673,1,0,"ok","",""
"v2","pectinate",20000,"fingerprint",4,1,5,170.000000000073,1,0,"ok","",""
"candidate1","pectinate",20000,"fingerprint",4,2,5,219.999999999345,1,NA,"ok","",""
"candidate1","pectinate",20000,"fingerprint",5,1,5,149.999999999636,1,NA,"ok","",""
"v2","pectinate",20000,"fingerprint",5,2,5,170.000000000073,1,0,"ok","",""
"candidate1","pectinate",20000,"context_validation",1,1,5,190.000000000509,1,NA,"ok","",""
"v2","pectinate",20000,"context_validation",1,2,5,200.000000000728,1,NA,"ok","",""
"v2","pectinate",20000,"context_validation",2,1,5,280.000000000655,1,NA,"ok","",""
"candidate1","pectinate",20000,"context_validation",2,2,5,170.000000000073,1,NA,"ok","",""
"candidate1","pectinate",20000,"context_validation",3,1,5,200.000000000728,1,NA,"ok","",""
"v2","pectinate",20000,"context_validation",3,2,5,270.000000000437,1,NA,"ok","",""
"v2","pectinate",20000,"context_validation",4,1,5,180.000000000291,1,NA,"ok","",""
"candidate1","pectinate",20000,"context_validation",4,2,5,209.999999999127,1,NA,"ok","",""
"candidate1","pectinate",20000,"context_validation",5,1,5,199.999999998909,1,NA,"ok","",""
"v2","pectinate",20000,"context_validation",5,2,5,170.000000000073,1,NA,"ok","",""
