"check","mode","candidate","shape","n","nsim","seed","ncores","simulation_chunk","pass","old_status","new_status","old_warning","new_warning","detail"
"controlled_permutation_exact","controlled","A/B/C","balanced",50,1,NA,1,1,TRUE,"ok","ok","","","exact result/status/warning parity"
"controlled_thread_replay","controlled","A/B/C","balanced",50,1,NA,2,1,TRUE,"ok","ok","","","exact result/status/warning parity"
"controlled_permutation_exact","controlled","A/B/C","balanced",50,2,NA,1,1,TRUE,"ok","ok","","","exact result/status/warning parity"
"controlled_thread_replay","controlled","A/B/C","balanced",50,2,NA,2,1,TRUE,"ok","ok","","","exact result/status/warning parity"
"controlled_permutation_exact","controlled","A/B/C","balanced",50,199,NA,1,1,TRUE,"ok","ok","","","exact result/status/warning parity"
"controlled_thread_replay","controlled","A/B/C","balanced",50,199,NA,2,1,TRUE,"ok","ok","","","exact result/status/warning parity"
"controlled_permutation_exact","controlled","A/B/C","balanced",50,999,NA,1,1,TRUE,"ok","ok","","","exact result/status/warning parity"
"controlled_thread_replay","controlled","A/B/C","balanced",50,999,NA,2,1,TRUE,"ok","ok","","","exact result/status/warning parity"
"controlled_permutation_exact","controlled","A/B/C","balanced",500,1,NA,1,1,TRUE,"ok","ok","","","exact result/status/warning parity"
"controlled_thread_replay","controlled","A/B/C","balanced",500,1,NA,2,1,TRUE,"ok","ok","","","exact result/status/warning parity"
"controlled_permutation_exact","controlled","A/B/C","balanced",500,2,NA,1,1,TRUE,"ok","ok","","","exact result/status/warning parity"
"controlled_thread_replay","controlled","A/B/C","balanced",500,2,NA,2,1,TRUE,"ok","ok","","","exact result/status/warning parity"
"controlled_permutation_exact","controlled","A/B/C","balanced",500,199,NA,1,1,TRUE,"ok","ok","","","exact result/status/warning parity"
"controlled_thread_replay","controlled","A/B/C","balanced",500,199,NA,2,1,TRUE,"ok","ok","","","exact result/status/warning parity"
"controlled_permutation_exact","controlled","A/B/C","balanced",500,999,NA,1,1,TRUE,"ok","ok","","","exact result/status/warning parity"
"controlled_thread_replay","controlled","A/B/C","balanced",500,999,NA,2,1,TRUE,"ok","ok","","","exact result/status/warning parity"
"controlled_permutation_exact","controlled","A/B/C","balanced",2000,1,NA,1,1,TRUE,"ok","ok","","","exact result/status/warning parity"
"controlled_thread_replay","controlled","A/B/C","balanced",2000,1,NA,2,1,TRUE,"ok","ok","","","exact result/status/warning parity"
"controlled_permutation_exact","controlled","A/B/C","balanced",2000,2,NA,1,1,TRUE,"ok","ok","","","exact result/status/warning parity"
"controlled_thread_replay","controlled","A/B/C","balanced",2000,2,NA,2,1,TRUE,"ok","ok","","","exact result/status/warning parity"
"controlled_permutation_exact","controlled","A/B/C","balanced",2000,199,NA,1,1,TRUE,"ok","ok","","","exact result/status/warning parity"
"controlled_thread_replay","controlled","A/B/C","balanced",2000,199,NA,2,1,TRUE,"ok","ok","","","exact result/status/warning parity"
"controlled_permutation_exact","controlled","A/B/C","balanced",2000,999,NA,1,1,TRUE,"ok","ok","","","exact result/status/warning parity"
"controlled_thread_replay","controlled","A/B/C","balanced",2000,999,NA,2,1,TRUE,"ok","ok","","","exact result/status/warning parity"
"controlled_permutation_exact","controlled","A/B/C","balanced",5000,1,NA,1,1,TRUE,"ok","ok","","","exact result/status/warning parity"
"controlled_thread_replay","controlled","A/B/C","balanced",5000,1,NA,2,1,TRUE,"ok","ok","","","exact result/status/warning parity"
"controlled_permutation_exact","controlled","A/B/C","balanced",5000,2,NA,1,1,TRUE,"ok","ok","","","exact result/status/warning parity"
"controlled_thread_replay","controlled","A/B/C","balanced",5000,2,NA,2,1,TRUE,"ok","ok","","","exact result/status/warning parity"
"controlled_permutation_exact","controlled","A/B/C","balanced",5000,199,NA,1,1,TRUE,"ok","ok","","","exact result/status/warning parity"
"controlled_thread_replay","controlled","A/B/C","balanced",5000,199,NA,2,1,TRUE,"ok","ok","","","exact result/status/warning parity"
"controlled_permutation_exact","controlled","A/B/C","balanced",5000,999,NA,1,1,TRUE,"ok","ok","","","exact result/status/warning parity"
"controlled_thread_replay","controlled","A/B/C","balanced",5000,999,NA,2,1,TRUE,"ok","ok","","","exact result/status/warning parity"
"same_seed_same_ncores_replay","rng","A/B","balanced",50,1,1,1,1,TRUE,"ok","ok","","","exact result/status/warning parity"
"same_seed_same_ncores_replay","rng","A/B","balanced",50,1,1,1,2,TRUE,"ok","ok","","","exact result/status/warning parity"
"same_seed_same_ncores_replay","rng","A/B","balanced",50,1,1,1,127,TRUE,"ok","ok","","","exact result/status/warning parity"
"same_seed_same_ncores_replay","rng","A/B","balanced",50,1,1,1,128,TRUE,"ok","ok","","","exact result/status/warning parity"
"same_seed_same_ncores_replay","rng","A/B","balanced",50,1,1,1,129,TRUE,"ok","ok","","","exact result/status/warning parity"
"same_seed_same_ncores_replay","rng","A/B","balanced",50,1,1,1,255,TRUE,"ok","ok","","","exact result/status/warning parity"
"same_seed_same_ncores_replay","rng","A/B","balanced",50,1,1,1,256,TRUE,"ok","ok","","","exact result/status/warning parity"
"same_seed_same_ncores_replay","rng","A/B","balanced",50,1,1,1,257,TRUE,"ok","ok","","","exact result/status/warning parity"
"same_seed_same_ncores_replay","rng","A/B","balanced",50,1,1,2,1,TRUE,"ok","ok","","","exact result/status/warning parity"
"same_seed_same_ncores_replay","rng","A/B","balanced",50,1,1,2,2,TRUE,"ok","ok","","","exact result/status/warning parity"
"same_seed_same_ncores_replay","rng","A/B","balanced",50,1,1,2,127,TRUE,"ok","ok","","","exact result/status/warning parity"
"same_seed_same_ncores_replay","rng","A/B","balanced",50,1,1,2,128,TRUE,"ok","ok","","","exact result/status/warning parity"
"same_seed_same_ncores_replay","rng","A/B","balanced",50,1,1,2,129,TRUE,"ok","ok","","","exact result/status/warning parity"
"same_seed_same_ncores_replay","rng","A/B","balanced",50,1,1,2,255,TRUE,"ok","ok","","","exact result/status/warning parity"
"same_seed_same_ncores_replay","rng","A/B","balanced",50,1,1,2,256,TRUE,"ok","ok","","","exact result/status/warning parity"
"same_seed_same_ncores_replay","rng","A/B","balanced",50,1,1,2,257,TRUE,"ok","ok","","","exact result/status/warning parity"
"same_seed_same_ncores_replay","rng","A/B","balanced",50,1,20260901,1,1,TRUE,"ok","ok","","","exact result/status/warning parity"
"same_seed_same_ncores_replay","rng","A/B","balanced",50,1,20260901,1,2,TRUE,"ok","ok","","","exact result/status/warning parity"
"same_seed_same_ncores_replay","rng","A/B","balanced",50,1,20260901,1,127,TRUE,"ok","ok","","","exact result/status/warning parity"
"same_seed_same_ncores_replay","rng","A/B","balanced",50,1,20260901,1,128,TRUE,"ok","ok","","","exact result/status/warning parity"
"same_seed_same_ncores_replay","rng","A/B","balanced",50,1,20260901,1,129,TRUE,"ok","ok","","","exact result/status/warning parity"
"same_seed_same_ncores_replay","rng","A/B","balanced",50,1,20260901,1,255,TRUE,"ok","ok","","","exact result/status/warning parity"
"same_seed_same_ncores_replay","rng","A/B","balanced",50,1,20260901,1,256,TRUE,"ok","ok","","","exact result/status/warning parity"
"same_seed_same_ncores_replay","rng","A/B","balanced",50,1,20260901,1,257,TRUE,"ok","ok","","","exact result/status/warning parity"
"same_seed_same_ncores_replay","rng","A/B","balanced",50,1,20260901,2,1,TRUE,"ok","ok","","","exact result/status/warning parity"
"same_seed_same_ncores_replay","rng","A/B","balanced",50,1,20260901,2,2,TRUE,"ok","ok","","","exact result/status/warning parity"
"same_seed_same_ncores_replay","rng","A/B","balanced",50,1,20260901,2,127,TRUE,"ok","ok","","","exact result/status/warning parity"
"same_seed_same_ncores_replay","rng","A/B","balanced",50,1,20260901,2,128,TRUE,"ok","ok","","","exact result/status/warning parity"
"same_seed_same_ncores_replay","rng","A/B","balanced",50,1,20260901,2,129,TRUE,"ok","ok","","","exact result/status/warning parity"
"same_seed_same_ncores_replay","rng","A/B","balanced",50,1,20260901,2,255,TRUE,"ok","ok","","","exact result/status/warning parity"
"same_seed_same_ncores_replay","rng","A/B","balanced",50,1,20260901,2,256,TRUE,"ok","ok","","","exact result/status/warning parity"
"same_seed_same_ncores_replay","rng","A/B","balanced",50,1,20260901,2,257,TRUE,"ok","ok","","","exact result/status/warning parity"
"same_seed_same_ncores_replay","rng","A/B","balanced",50,1,99173,1,1,TRUE,"ok","ok","","","exact result/status/warning parity"
"same_seed_same_ncores_replay","rng","A/B","balanced",50,1,99173,1,2,TRUE,"ok","ok","","","exact result/status/warning parity"
"same_seed_same_ncores_replay","rng","A/B","balanced",50,1,99173,1,127,TRUE,"ok","ok","","","exact result/status/warning parity"
"same_seed_same_ncores_replay","rng","A/B","balanced",50,1,99173,1,128,TRUE,"ok","ok","","","exact result/status/warning parity"
"same_seed_same_ncores_replay","rng","A/B","balanced",50,1,99173,1,129,TRUE,"ok","ok","","","exact result/status/warning parity"
"same_seed_same_ncores_replay","rng","A/B","balanced",50,1,99173,1,255,TRUE,"ok","ok","","","exact result/status/warning parity"
"same_seed_same_ncores_replay","rng","A/B","balanced",50,1,99173,1,256,TRUE,"ok","ok","","","exact result/status/warning parity"
"same_seed_same_ncores_replay","rng","A/B","balanced",50,1,99173,1,257,TRUE,"ok","ok","","","exact result/status/warning parity"
"same_seed_same_ncores_replay","rng","A/B","balanced",50,1,99173,2,1,TRUE,"ok","ok","","","exact result/status/warning parity"
"same_seed_same_ncores_replay","rng","A/B","balanced",50,1,99173,2,2,TRUE,"ok","ok","","","exact result/status/warning parity"
"same_seed_same_ncores_replay","rng","A/B","balanced",50,1,99173,2,127,TRUE,"ok","ok","","","exact result/status/warning parity"
"same_seed_same_ncores_replay","rng","A/B","balanced",50,1,99173,2,128,TRUE,"ok","ok","","","exact result/status/warning parity"
"same_seed_same_ncores_replay","rng","A/B","balanced",50,1,99173,2,129,TRUE,"ok","ok","","","exact result/status/warning parity"
"same_seed_same_ncores_replay","rng","A/B","balanced",50,1,99173,2,255,TRUE,"ok","ok","","","exact result/status/warning parity"
"same_seed_same_ncores_replay","rng","A/B","balanced",50,1,99173,2,256,TRUE,"ok","ok","","","exact result/status/warning parity"
"same_seed_same_ncores_replay","rng","A/B","balanced",50,1,99173,2,257,TRUE,"ok","ok","","","exact result/status/warning parity"
"same_seed_same_ncores_replay","rng","A/B","balanced",50,2,1,1,1,TRUE,"ok","ok","","","exact result/status/warning parity"
"same_seed_same_ncores_replay","rng","A/B","balanced",50,2,1,1,2,TRUE,"ok","ok","","","exact result/status/warning parity"
"same_seed_same_ncores_replay","rng","A/B","balanced",50,2,1,1,127,TRUE,"ok","ok","","","exact result/status/warning parity"
"same_seed_same_ncores_replay","rng","A/B","balanced",50,2,1,1,128,TRUE,"ok","ok","","","exact result/status/warning parity"
"same_seed_same_ncores_replay","rng","A/B","balanced",50,2,1,1,129,TRUE,"ok","ok","","","exact result/status/warning parity"
"same_seed_same_ncores_replay","rng","A/B","balanced",50,2,1,1,255,TRUE,"ok","ok","","","exact result/status/warning parity"
"same_seed_same_ncores_replay","rng","A/B","balanced",50,2,1,1,256,TRUE,"ok","ok","","","exact result/status/warning parity"
"same_seed_same_ncores_replay","rng","A/B","balanced",50,2,1,1,257,TRUE,"ok","ok","","","exact result/status/warning parity"
"same_seed_same_ncores_replay","rng","A/B","balanced",50,2,1,1,3,TRUE,"ok","ok","","","exact result/status/warning parity"
"same_seed_same_ncores_replay","rng","A/B","balanced",50,2,1,2,1,TRUE,"ok","ok","","","exact result/status/warning parity"
"same_seed_same_ncores_replay","rng","A/B","balanced",50,2,1,2,2,TRUE,"ok","ok","","","exact result/status/warning parity"
"same_seed_same_ncores_replay","rng","A/B","balanced",50,2,1,2,127,TRUE,"ok","ok","","","exact result/status/warning parity"
"same_seed_same_ncores_replay","rng","A/B","balanced",50,2,1,2,128,TRUE,"ok","ok","","","exact result/status/warning parity"
"same_seed_same_ncores_replay","rng","A/B","balanced",50,2,1,2,129,TRUE,"ok","ok","","","exact result/status/warning parity"
"same_seed_same_ncores_replay","rng","A/B","balanced",50,2,1,2,255,TRUE,"ok","ok","","","exact result/status/warning parity"
"same_seed_same_ncores_replay","rng","A/B","balanced",50,2,1,2,256,TRUE,"ok","ok","","","exact result/status/warning parity"
"same_seed_same_ncores_replay","rng","A/B","balanced",50,2,1,2,257,TRUE,"ok","ok","","","exact result/status/warning parity"
"same_seed_same_ncores_replay","rng","A/B","balanced",50,2,1,2,3,TRUE,"ok","ok","","","exact result/status/warning parity"
"same_seed_same_ncores_replay","rng","A/B","balanced",50,2,20260901,1,1,TRUE,"ok","ok","","","exact result/status/warning parity"
"same_seed_same_ncores_replay","rng","A/B","balanced",50,2,20260901,1,2,TRUE,"ok","ok","","","exact result/status/warning parity"
"same_seed_same_ncores_replay","rng","A/B","balanced",50,2,20260901,1,127,TRUE,"ok","ok","","","exact result/status/warning parity"
"same_seed_same_ncores_replay","rng","A/B","balanced",50,2,20260901,1,128,TRUE,"ok","ok","","","exact result/status/warning parity"
"same_seed_same_ncores_replay","rng","A/B","balanced",50,2,20260901,1,129,TRUE,"ok","ok","","","exact result/status/warning parity"
"same_seed_same_ncores_replay","rng","A/B","balanced",50,2,20260901,1,255,TRUE,"ok","ok","","","exact result/status/warning parity"
"same_seed_same_ncores_replay","rng","A/B","balanced",50,2,20260901,1,256,TRUE,"ok","ok","","","exact result/status/warning parity"
"same_seed_same_ncores_replay","rng","A/B","balanced",50,2,20260901,1,257,TRUE,"ok","ok","","","exact result/status/warning parity"
"same_seed_same_ncores_replay","rng","A/B","balanced",50,2,20260901,1,3,TRUE,"ok","ok","","","exact result/status/warning parity"
"same_seed_same_ncores_replay","rng","A/B","balanced",50,2,20260901,2,1,TRUE,"ok","ok","","","exact result/status/warning parity"
"same_seed_same_ncores_replay","rng","A/B","balanced",50,2,20260901,2,2,TRUE,"ok","ok","","","exact result/status/warning parity"
"same_seed_same_ncores_replay","rng","A/B","balanced",50,2,20260901,2,127,TRUE,"ok","ok","","","exact result/status/warning parity"
"same_seed_same_ncores_replay","rng","A/B","balanced",50,2,20260901,2,128,TRUE,"ok","ok","","","exact result/status/warning parity"
"same_seed_same_ncores_replay","rng","A/B","balanced",50,2,20260901,2,129,TRUE,"ok","ok","","","exact result/status/warning parity"
"same_seed_same_ncores_replay","rng","A/B","balanced",50,2,20260901,2,255,TRUE,"ok","ok","","","exact result/status/warning parity"
"same_seed_same_ncores_replay","rng","A/B","balanced",50,2,20260901,2,256,TRUE,"ok","ok","","","exact result/status/warning parity"
"same_seed_same_ncores_replay","rng","A/B","balanced",50,2,20260901,2,257,TRUE,"ok","ok","","","exact result/status/warning parity"
"same_seed_same_ncores_replay","rng","A/B","balanced",50,2,20260901,2,3,TRUE,"ok","ok","","","exact result/status/warning parity"
"same_seed_same_ncores_replay","rng","A/B","balanced",50,2,99173,1,1,TRUE,"ok","ok","","","exact result/status/warning parity"
"same_seed_same_ncores_replay","rng","A/B","balanced",50,2,99173,1,2,TRUE,"ok","ok","","","exact result/status/warning parity"
"same_seed_same_ncores_replay","rng","A/B","balanced",50,2,99173,1,127,TRUE,"ok","ok","","","exact result/status/warning parity"
"same_seed_same_ncores_replay","rng","A/B","balanced",50,2,99173,1,128,TRUE,"ok","ok","","","exact result/status/warning parity"
"same_seed_same_ncores_replay","rng","A/B","balanced",50,2,99173,1,129,TRUE,"ok","ok","","","exact result/status/warning parity"
"same_seed_same_ncores_replay","rng","A/B","balanced",50,2,99173,1,255,TRUE,"ok","ok","","","exact result/status/warning parity"
"same_seed_same_ncores_replay","rng","A/B","balanced",50,2,99173,1,256,TRUE,"ok","ok","","","exact result/status/warning parity"
"same_seed_same_ncores_replay","rng","A/B","balanced",50,2,99173,1,257,TRUE,"ok","ok","","","exact result/status/warning parity"
"same_seed_same_ncores_replay","rng","A/B","balanced",50,2,99173,1,3,TRUE,"ok","ok","","","exact result/status/warning parity"
"same_seed_same_ncores_replay","rng","A/B","balanced",50,2,99173,2,1,TRUE,"ok","ok","","","exact result/status/warning parity"
"same_seed_same_ncores_replay","rng","A/B","balanced",50,2,99173,2,2,TRUE,"ok","ok","","","exact result/status/warning parity"
"same_seed_same_ncores_replay","rng","A/B","balanced",50,2,99173,2,127,TRUE,"ok","ok","","","exact result/status/warning parity"
"same_seed_same_ncores_replay","rng","A/B","balanced",50,2,99173,2,128,TRUE,"ok","ok","","","exact result/status/warning parity"
"same_seed_same_ncores_replay","rng","A/B","balanced",50,2,99173,2,129,TRUE,"ok","ok","","","exact result/status/warning parity"
"same_seed_same_ncores_replay","rng","A/B","balanced",50,2,99173,2,255,TRUE,"ok","ok","","","exact result/status/warning parity"
"same_seed_same_ncores_replay","rng","A/B","balanced",50,2,99173,2,256,TRUE,"ok","ok","","","exact result/status/warning parity"
"same_seed_same_ncores_replay","rng","A/B","balanced",50,2,99173,2,257,TRUE,"ok","ok","","","exact result/status/warning parity"
"same_seed_same_ncores_replay","rng","A/B","balanced",50,2,99173,2,3,TRUE,"ok","ok","","","exact result/status/warning parity"
"same_seed_same_ncores_replay","rng","A/B","balanced",50,199,1,1,1,TRUE,"ok","ok","","","exact result/status/warning parity"
"same_seed_same_ncores_replay","rng","A/B","balanced",50,199,1,1,2,TRUE,"ok","ok","","","exact result/status/warning parity"
"same_seed_same_ncores_replay","rng","A/B","balanced",50,199,1,1,127,TRUE,"ok","ok","","","exact result/status/warning parity"
"same_seed_same_ncores_replay","rng","A/B","balanced",50,199,1,1,128,TRUE,"ok","ok","","","exact result/status/warning parity"
"same_seed_same_ncores_replay","rng","A/B","balanced",50,199,1,1,129,TRUE,"ok","ok","","","exact result/status/warning parity"
"same_seed_same_ncores_replay","rng","A/B","balanced",50,199,1,1,255,TRUE,"ok","ok","","","exact result/status/warning parity"
"same_seed_same_ncores_replay","rng","A/B","balanced",50,199,1,1,256,TRUE,"ok","ok","","","exact result/status/warning parity"
"same_seed_same_ncores_replay","rng","A/B","balanced",50,199,1,1,257,TRUE,"ok","ok","","","exact result/status/warning parity"
"same_seed_same_ncores_replay","rng","A/B","balanced",50,199,1,1,198,TRUE,"ok","ok","","","exact result/status/warning parity"
"same_seed_same_ncores_replay","rng","A/B","balanced",50,199,1,1,199,TRUE,"ok","ok","","","exact result/status/warning parity"
"same_seed_same_ncores_replay","rng","A/B","balanced",50,199,1,1,200,TRUE,"ok","ok","","","exact result/status/warning parity"
"same_seed_same_ncores_replay","rng","A/B","balanced",50,199,1,2,1,TRUE,"ok","ok","","","exact result/status/warning parity"
"same_seed_same_ncores_replay","rng","A/B","balanced",50,199,1,2,2,TRUE,"ok","ok","","","exact result/status/warning parity"
"same_seed_same_ncores_replay","rng","A/B","balanced",50,199,1,2,127,TRUE,"ok","ok","","","exact result/status/warning parity"
"same_seed_same_ncores_replay","rng","A/B","balanced",50,199,1,2,128,TRUE,"ok","ok","","","exact result/status/warning parity"
"same_seed_same_ncores_replay","rng","A/B","balanced",50,199,1,2,129,TRUE,"ok","ok","","","exact result/status/warning parity"
"same_seed_same_ncores_replay","rng","A/B","balanced",50,199,1,2,255,TRUE,"ok","ok","","","exact result/status/warning parity"
"same_seed_same_ncores_replay","rng","A/B","balanced",50,199,1,2,256,TRUE,"ok","ok","","","exact result/status/warning parity"
"same_seed_same_ncores_replay","rng","A/B","balanced",50,199,1,2,257,TRUE,"ok","ok","","","exact result/status/warning parity"
"same_seed_same_ncores_replay","rng","A/B","balanced",50,199,1,2,198,TRUE,"ok","ok","","","exact result/status/warning parity"
"same_seed_same_ncores_replay","rng","A/B","balanced",50,199,1,2,199,TRUE,"ok","ok","","","exact result/status/warning parity"
"same_seed_same_ncores_replay","rng","A/B","balanced",50,199,1,2,200,TRUE,"ok","ok","","","exact result/status/warning parity"
"same_seed_same_ncores_replay","rng","A/B","balanced",50,199,20260901,1,1,TRUE,"ok","ok","","","exact result/status/warning parity"
"same_seed_same_ncores_replay","rng","A/B","balanced",50,199,20260901,1,2,TRUE,"ok","ok","","","exact result/status/warning parity"
"same_seed_same_ncores_replay","rng","A/B","balanced",50,199,20260901,1,127,TRUE,"ok","ok","","","exact result/status/warning parity"
"same_seed_same_ncores_replay","rng","A/B","balanced",50,199,20260901,1,128,TRUE,"ok","ok","","","exact result/status/warning parity"
"same_seed_same_ncores_replay","rng","A/B","balanced",50,199,20260901,1,129,TRUE,"ok","ok","","","exact result/status/warning parity"
"same_seed_same_ncores_replay","rng","A/B","balanced",50,199,20260901,1,255,TRUE,"ok","ok","","","exact result/status/warning parity"
"same_seed_same_ncores_replay","rng","A/B","balanced",50,199,20260901,1,256,TRUE,"ok","ok","","","exact result/status/warning parity"
"same_seed_same_ncores_replay","rng","A/B","balanced",50,199,20260901,1,257,TRUE,"ok","ok","","","exact result/status/warning parity"
"same_seed_same_ncores_replay","rng","A/B","balanced",50,199,20260901,1,198,TRUE,"ok","ok","","","exact result/status/warning parity"
"same_seed_same_ncores_replay","rng","A/B","balanced",50,199,20260901,1,199,TRUE,"ok","ok","","","exact result/status/warning parity"
"same_seed_same_ncores_replay","rng","A/B","balanced",50,199,20260901,1,200,TRUE,"ok","ok","","","exact result/status/warning parity"
"same_seed_same_ncores_replay","rng","A/B","balanced",50,199,20260901,2,1,TRUE,"ok","ok","","","exact result/status/warning parity"
"same_seed_same_ncores_replay","rng","A/B","balanced",50,199,20260901,2,2,TRUE,"ok","ok","","","exact result/status/warning parity"
"same_seed_same_ncores_replay","rng","A/B","balanced",50,199,20260901,2,127,TRUE,"ok","ok","","","exact result/status/warning parity"
"same_seed_same_ncores_replay","rng","A/B","balanced",50,199,20260901,2,128,TRUE,"ok","ok","","","exact result/status/warning parity"
"same_seed_same_ncores_replay","rng","A/B","balanced",50,199,20260901,2,129,TRUE,"ok","ok","","","exact result/status/warning parity"
"same_seed_same_ncores_replay","rng","A/B","balanced",50,199,20260901,2,255,TRUE,"ok","ok","","","exact result/status/warning parity"
"same_seed_same_ncores_replay","rng","A/B","balanced",50,199,20260901,2,256,TRUE,"ok","ok","","","exact result/status/warning parity"
"same_seed_same_ncores_replay","rng","A/B","balanced",50,199,20260901,2,257,TRUE,"ok","ok","","","exact result/status/warning parity"
"same_seed_same_ncores_replay","rng","A/B","balanced",50,199,20260901,2,198,TRUE,"ok","ok","","","exact result/status/warning parity"
"same_seed_same_ncores_replay","rng","A/B","balanced",50,199,20260901,2,199,TRUE,"ok","ok","","","exact result/status/warning parity"
"same_seed_same_ncores_replay","rng","A/B","balanced",50,199,20260901,2,200,TRUE,"ok","ok","","","exact result/status/warning parity"
"same_seed_same_ncores_replay","rng","A/B","balanced",50,199,99173,1,1,TRUE,"ok","ok","","","exact result/status/warning parity"
"same_seed_same_ncores_replay","rng","A/B","balanced",50,199,99173,1,2,TRUE,"ok","ok","","","exact result/status/warning parity"
"same_seed_same_ncores_replay","rng","A/B","balanced",50,199,99173,1,127,TRUE,"ok","ok","","","exact result/status/warning parity"
"same_seed_same_ncores_replay","rng","A/B","balanced",50,199,99173,1,128,TRUE,"ok","ok","","","exact result/status/warning parity"
"same_seed_same_ncores_replay","rng","A/B","balanced",50,199,99173,1,129,TRUE,"ok","ok","","","exact result/status/warning parity"
"same_seed_same_ncores_replay","rng","A/B","balanced",50,199,99173,1,255,TRUE,"ok","ok","","","exact result/status/warning parity"
"same_seed_same_ncores_replay","rng","A/B","balanced",50,199,99173,1,256,TRUE,"ok","ok","","","exact result/status/warning parity"
"same_seed_same_ncores_replay","rng","A/B","balanced",50,199,99173,1,257,TRUE,"ok","ok","","","exact result/status/warning parity"
"same_seed_same_ncores_replay","rng","A/B","balanced",50,199,99173,1,198,TRUE,"ok","ok","","","exact result/status/warning parity"
"same_seed_same_ncores_replay","rng","A/B","balanced",50,199,99173,1,199,TRUE,"ok","ok","","","exact result/status/warning parity"
"same_seed_same_ncores_replay","rng","A/B","balanced",50,199,99173,1,200,TRUE,"ok","ok","","","exact result/status/warning parity"
"same_seed_same_ncores_replay","rng","A/B","balanced",50,199,99173,2,1,TRUE,"ok","ok","","","exact result/status/warning parity"
"same_seed_same_ncores_replay","rng","A/B","balanced",50,199,99173,2,2,TRUE,"ok","ok","","","exact result/status/warning parity"
"same_seed_same_ncores_replay","rng","A/B","balanced",50,199,99173,2,127,TRUE,"ok","ok","","","exact result/status/warning parity"
"same_seed_same_ncores_replay","rng","A/B","balanced",50,199,99173,2,128,TRUE,"ok","ok","","","exact result/status/warning parity"
"same_seed_same_ncores_replay","rng","A/B","balanced",50,199,99173,2,129,TRUE,"ok","ok","","","exact result/status/warning parity"
"same_seed_same_ncores_replay","rng","A/B","balanced",50,199,99173,2,255,TRUE,"ok","ok","","","exact result/status/warning parity"
"same_seed_same_ncores_replay","rng","A/B","balanced",50,199,99173,2,256,TRUE,"ok","ok","","","exact result/status/warning parity"
"same_seed_same_ncores_replay","rng","A/B","balanced",50,199,99173,2,257,TRUE,"ok","ok","","","exact result/status/warning parity"
"same_seed_same_ncores_replay","rng","A/B","balanced",50,199,99173,2,198,TRUE,"ok","ok","","","exact result/status/warning parity"
"same_seed_same_ncores_replay","rng","A/B","balanced",50,199,99173,2,199,TRUE,"ok","ok","","","exact result/status/warning parity"
"same_seed_same_ncores_replay","rng","A/B","balanced",50,199,99173,2,200,TRUE,"ok","ok","","","exact result/status/warning parity"
"same_seed_same_ncores_replay","rng","A/B","balanced",50,999,1,1,1,TRUE,"ok","ok","","","exact result/status/warning parity"
"same_seed_same_ncores_replay","rng","A/B","balanced",50,999,1,1,2,TRUE,"ok","ok","","","exact result/status/warning parity"
"same_seed_same_ncores_replay","rng","A/B","balanced",50,999,1,1,127,TRUE,"ok","ok","","","exact result/status/warning parity"
"same_seed_same_ncores_replay","rng","A/B","balanced",50,999,1,1,128,TRUE,"ok","ok","","","exact result/status/warning parity"
"same_seed_same_ncores_replay","rng","A/B","balanced",50,999,1,1,129,TRUE,"ok","ok","","","exact result/status/warning parity"
"same_seed_same_ncores_replay","rng","A/B","balanced",50,999,1,1,255,TRUE,"ok","ok","","","exact result/status/warning parity"
"same_seed_same_ncores_replay","rng","A/B","balanced",50,999,1,1,256,TRUE,"ok","ok","","","exact result/status/warning parity"
"same_seed_same_ncores_replay","rng","A/B","balanced",50,999,1,1,257,TRUE,"ok","ok","","","exact result/status/warning parity"
"same_seed_same_ncores_replay","rng","A/B","balanced",50,999,1,1,998,TRUE,"ok","ok","","","exact result/status/warning parity"
"same_seed_same_ncores_replay","rng","A/B","balanced",50,999,1,1,999,TRUE,"ok","ok","","","exact result/status/warning parity"
"same_seed_same_ncores_replay","rng","A/B","balanced",50,999,1,1,1000,TRUE,"ok","ok","","","exact result/status/warning parity"
"same_seed_same_ncores_replay","rng","A/B","balanced",50,999,1,2,1,TRUE,"ok","ok","","","exact result/status/warning parity"
"same_seed_same_ncores_replay","rng","A/B","balanced",50,999,1,2,2,TRUE,"ok","ok","","","exact result/status/warning parity"
"same_seed_same_ncores_replay","rng","A/B","balanced",50,999,1,2,127,TRUE,"ok","ok","","","exact result/status/warning parity"
"same_seed_same_ncores_replay","rng","A/B","balanced",50,999,1,2,128,TRUE,"ok","ok","","","exact result/status/warning parity"
"same_seed_same_ncores_replay","rng","A/B","balanced",50,999,1,2,129,TRUE,"ok","ok","","","exact result/status/warning parity"
"same_seed_same_ncores_replay","rng","A/B","balanced",50,999,1,2,255,TRUE,"ok","ok","","","exact result/status/warning parity"
"same_seed_same_ncores_replay","rng","A/B","balanced",50,999,1,2,256,TRUE,"ok","ok","","","exact result/status/warning parity"
"same_seed_same_ncores_replay","rng","A/B","balanced",50,999,1,2,257,TRUE,"ok","ok","","","exact result/status/warning parity"
"same_seed_same_ncores_replay","rng","A/B","balanced",50,999,1,2,998,TRUE,"ok","ok","","","exact result/status/warning parity"
"same_seed_same_ncores_replay","rng","A/B","balanced",50,999,1,2,999,TRUE,"ok","ok","","","exact result/status/warning parity"
"same_seed_same_ncores_replay","rng","A/B","balanced",50,999,1,2,1000,TRUE,"ok","ok","","","exact result/status/warning parity"
"same_seed_same_ncores_replay","rng","A/B","balanced",50,999,20260901,1,1,TRUE,"ok","ok","","","exact result/status/warning parity"
"same_seed_same_ncores_replay","rng","A/B","balanced",50,999,20260901,1,2,TRUE,"ok","ok","","","exact result/status/warning parity"
"same_seed_same_ncores_replay","rng","A/B","balanced",50,999,20260901,1,127,TRUE,"ok","ok","","","exact result/status/warning parity"
"same_seed_same_ncores_replay","rng","A/B","balanced",50,999,20260901,1,128,TRUE,"ok","ok","","","exact result/status/warning parity"
"same_seed_same_ncores_replay","rng","A/B","balanced",50,999,20260901,1,129,TRUE,"ok","ok","","","exact result/status/warning parity"
"same_seed_same_ncores_replay","rng","A/B","balanced",50,999,20260901,1,255,TRUE,"ok","ok","","","exact result/status/warning parity"
"same_seed_same_ncores_replay","rng","A/B","balanced",50,999,20260901,1,256,TRUE,"ok","ok","","","exact result/status/warning parity"
"same_seed_same_ncores_replay","rng","A/B","balanced",50,999,20260901,1,257,TRUE,"ok","ok","","","exact result/status/warning parity"
"same_seed_same_ncores_replay","rng","A/B","balanced",50,999,20260901,1,998,TRUE,"ok","ok","","","exact result/status/warning parity"
"same_seed_same_ncores_replay","rng","A/B","balanced",50,999,20260901,1,999,TRUE,"ok","ok","","","exact result/status/warning parity"
"same_seed_same_ncores_replay","rng","A/B","balanced",50,999,20260901,1,1000,TRUE,"ok","ok","","","exact result/status/warning parity"
"same_seed_same_ncores_replay","rng","A/B","balanced",50,999,20260901,2,1,TRUE,"ok","ok","","","exact result/status/warning parity"
"same_seed_same_ncores_replay","rng","A/B","balanced",50,999,20260901,2,2,TRUE,"ok","ok","","","exact result/status/warning parity"
"same_seed_same_ncores_replay","rng","A/B","balanced",50,999,20260901,2,127,TRUE,"ok","ok","","","exact result/status/warning parity"
"same_seed_same_ncores_replay","rng","A/B","balanced",50,999,20260901,2,128,TRUE,"ok","ok","","","exact result/status/warning parity"
"same_seed_same_ncores_replay","rng","A/B","balanced",50,999,20260901,2,129,TRUE,"ok","ok","","","exact result/status/warning parity"
"same_seed_same_ncores_replay","rng","A/B","balanced",50,999,20260901,2,255,TRUE,"ok","ok","","","exact result/status/warning parity"
"same_seed_same_ncores_replay","rng","A/B","balanced",50,999,20260901,2,256,TRUE,"ok","ok","","","exact result/status/warning parity"
"same_seed_same_ncores_replay","rng","A/B","balanced",50,999,20260901,2,257,TRUE,"ok","ok","","","exact result/status/warning parity"
"same_seed_same_ncores_replay","rng","A/B","balanced",50,999,20260901,2,998,TRUE,"ok","ok","","","exact result/status/warning parity"
"same_seed_same_ncores_replay","rng","A/B","balanced",50,999,20260901,2,999,TRUE,"ok","ok","","","exact result/status/warning parity"
"same_seed_same_ncores_replay","rng","A/B","balanced",50,999,20260901,2,1000,TRUE,"ok","ok","","","exact result/status/warning parity"
"same_seed_same_ncores_replay","rng","A/B","balanced",50,999,99173,1,1,TRUE,"ok","ok","","","exact result/status/warning parity"
"same_seed_same_ncores_replay","rng","A/B","balanced",50,999,99173,1,2,TRUE,"ok","ok","","","exact result/status/warning parity"
"same_seed_same_ncores_replay","rng","A/B","balanced",50,999,99173,1,127,TRUE,"ok","ok","","","exact result/status/warning parity"
"same_seed_same_ncores_replay","rng","A/B","balanced",50,999,99173,1,128,TRUE,"ok","ok","","","exact result/status/warning parity"
"same_seed_same_ncores_replay","rng","A/B","balanced",50,999,99173,1,129,TRUE,"ok","ok","","","exact result/status/warning parity"
"same_seed_same_ncores_replay","rng","A/B","balanced",50,999,99173,1,255,TRUE,"ok","ok","","","exact result/status/warning parity"
"same_seed_same_ncores_replay","rng","A/B","balanced",50,999,99173,1,256,TRUE,"ok","ok","","","exact result/status/warning parity"
"same_seed_same_ncores_replay","rng","A/B","balanced",50,999,99173,1,257,TRUE,"ok","ok","","","exact result/status/warning parity"
"same_seed_same_ncores_replay","rng","A/B","balanced",50,999,99173,1,998,TRUE,"ok","ok","","","exact result/status/warning parity"
"same_seed_same_ncores_replay","rng","A/B","balanced",50,999,99173,1,999,TRUE,"ok","ok","","","exact result/status/warning parity"
"same_seed_same_ncores_replay","rng","A/B","balanced",50,999,99173,1,1000,TRUE,"ok","ok","","","exact result/status/warning parity"
"same_seed_same_ncores_replay","rng","A/B","balanced",50,999,99173,2,1,TRUE,"ok","ok","","","exact result/status/warning parity"
"same_seed_same_ncores_replay","rng","A/B","balanced",50,999,99173,2,2,TRUE,"ok","ok","","","exact result/status/warning parity"
"same_seed_same_ncores_replay","rng","A/B","balanced",50,999,99173,2,127,TRUE,"ok","ok","","","exact result/status/warning parity"
"same_seed_same_ncores_replay","rng","A/B","balanced",50,999,99173,2,128,TRUE,"ok","ok","","","exact result/status/warning parity"
"same_seed_same_ncores_replay","rng","A/B","balanced",50,999,99173,2,129,TRUE,"ok","ok","","","exact result/status/warning parity"
"same_seed_same_ncores_replay","rng","A/B","balanced",50,999,99173,2,255,TRUE,"ok","ok","","","exact result/status/warning parity"
"same_seed_same_ncores_replay","rng","A/B","balanced",50,999,99173,2,256,TRUE,"ok","ok","","","exact result/status/warning parity"
"same_seed_same_ncores_replay","rng","A/B","balanced",50,999,99173,2,257,TRUE,"ok","ok","","","exact result/status/warning parity"
"same_seed_same_ncores_replay","rng","A/B","balanced",50,999,99173,2,998,TRUE,"ok","ok","","","exact result/status/warning parity"
"same_seed_same_ncores_replay","rng","A/B","balanced",50,999,99173,2,999,TRUE,"ok","ok","","","exact result/status/warning parity"
"same_seed_same_ncores_replay","rng","A/B","balanced",50,999,99173,2,1000,TRUE,"ok","ok","","","exact result/status/warning parity"
"same_seed_same_ncores_replay","rng","A/B","balanced",500,1,1,1,1,TRUE,"ok","ok","","","exact result/status/warning parity"
"same_seed_same_ncores_replay","rng","A/B","balanced",500,1,1,1,2,TRUE,"ok","ok","","","exact result/status/warning parity"
"same_seed_same_ncores_replay","rng","A/B","balanced",500,1,1,1,127,TRUE,"ok","ok","","","exact result/status/warning parity"
"same_seed_same_ncores_replay","rng","A/B","balanced",500,1,1,1,128,TRUE,"ok","ok","","","exact result/status/warning parity"
"same_seed_same_ncores_replay","rng","A/B","balanced",500,1,1,1,129,TRUE,"ok","ok","","","exact result/status/warning parity"
"same_seed_same_ncores_replay","rng","A/B","balanced",500,1,1,1,255,TRUE,"ok","ok","","","exact result/status/warning parity"
"same_seed_same_ncores_replay","rng","A/B","balanced",500,1,1,1,256,TRUE,"ok","ok","","","exact result/status/warning parity"
"same_seed_same_ncores_replay","rng","A/B","balanced",500,1,1,1,257,TRUE,"ok","ok","","","exact result/status/warning parity"
"same_seed_same_ncores_replay","rng","A/B","balanced",500,1,1,2,1,TRUE,"ok","ok","","","exact result/status/warning parity"
"same_seed_same_ncores_replay","rng","A/B","balanced",500,1,1,2,2,TRUE,"ok","ok","","","exact result/status/warning parity"
"same_seed_same_ncores_replay","rng","A/B","balanced",500,1,1,2,127,TRUE,"ok","ok","","","exact result/status/warning parity"
"same_seed_same_ncores_replay","rng","A/B","balanced",500,1,1,2,128,TRUE,"ok","ok","","","exact result/status/warning parity"
"same_seed_same_ncores_replay","rng","A/B","balanced",500,1,1,2,129,TRUE,"ok","ok","","","exact result/status/warning parity"
"same_seed_same_ncores_replay","rng","A/B","balanced",500,1,1,2,255,TRUE,"ok","ok","","","exact result/status/warning parity"
"same_seed_same_ncores_replay","rng","A/B","balanced",500,1,1,2,256,TRUE,"ok","ok","","","exact result/status/warning parity"
"same_seed_same_ncores_replay","rng","A/B","balanced",500,1,1,2,257,TRUE,"ok","ok","","","exact result/status/warning parity"
"same_seed_same_ncores_replay","rng","A/B","balanced",500,1,20260901,1,1,TRUE,"ok","ok","","","exact result/status/warning parity"
"same_seed_same_ncores_replay","rng","A/B","balanced",500,1,20260901,1,2,TRUE,"ok","ok","","","exact result/status/warning parity"
"same_seed_same_ncores_replay","rng","A/B","balanced",500,1,20260901,1,127,TRUE,"ok","ok","","","exact result/status/warning parity"
"same_seed_same_ncores_replay","rng","A/B","balanced",500,1,20260901,1,128,TRUE,"ok","ok","","","exact result/status/warning parity"
"same_seed_same_ncores_replay","rng","A/B","balanced",500,1,20260901,1,129,TRUE,"ok","ok","","","exact result/status/warning parity"
"same_seed_same_ncores_replay","rng","A/B","balanced",500,1,20260901,1,255,TRUE,"ok","ok","","","exact result/status/warning parity"
"same_seed_same_ncores_replay","rng","A/B","balanced",500,1,20260901,1,256,TRUE,"ok","ok","","","exact result/status/warning parity"
"same_seed_same_ncores_replay","rng","A/B","balanced",500,1,20260901,1,257,TRUE,"ok","ok","","","exact result/status/warning parity"
"same_seed_same_ncores_replay","rng","A/B","balanced",500,1,20260901,2,1,TRUE,"ok","ok","","","exact result/status/warning parity"
"same_seed_same_ncores_replay","rng","A/B","balanced",500,1,20260901,2,2,TRUE,"ok","ok","","","exact result/status/warning parity"
"same_seed_same_ncores_replay","rng","A/B","balanced",500,1,20260901,2,127,TRUE,"ok","ok","","","exact result/status/warning parity"
"same_seed_same_ncores_replay","rng","A/B","balanced",500,1,20260901,2,128,TRUE,"ok","ok","","","exact result/status/warning parity"
"same_seed_same_ncores_replay","rng","A/B","balanced",500,1,20260901,2,129,TRUE,"ok","ok","","","exact result/status/warning parity"
"same_seed_same_ncores_replay","rng","A/B","balanced",500,1,20260901,2,255,TRUE,"ok","ok","","","exact result/status/warning parity"
"same_seed_same_ncores_replay","rng","A/B","balanced",500,1,20260901,2,256,TRUE,"ok","ok","","","exact result/status/warning parity"
"same_seed_same_ncores_replay","rng","A/B","balanced",500,1,20260901,2,257,TRUE,"ok","ok","","","exact result/status/warning parity"
"same_seed_same_ncores_replay","rng","A/B","balanced",500,1,99173,1,1,TRUE,"ok","ok","","","exact result/status/warning parity"
"same_seed_same_ncores_replay","rng","A/B","balanced",500,1,99173,1,2,TRUE,"ok","ok","","","exact result/status/warning parity"
"same_seed_same_ncores_replay","rng","A/B","balanced",500,1,99173,1,127,TRUE,"ok","ok","","","exact result/status/warning parity"
"same_seed_same_ncores_replay","rng","A/B","balanced",500,1,99173,1,128,TRUE,"ok","ok","","","exact result/status/warning parity"
"same_seed_same_ncores_replay","rng","A/B","balanced",500,1,99173,1,129,TRUE,"ok","ok","","","exact result/status/warning parity"
"same_seed_same_ncores_replay","rng","A/B","balanced",500,1,99173,1,255,TRUE,"ok","ok","","","exact result/status/warning parity"
"same_seed_same_ncores_replay","rng","A/B","balanced",500,1,99173,1,256,TRUE,"ok","ok","","","exact result/status/warning parity"
"same_seed_same_ncores_replay","rng","A/B","balanced",500,1,99173,1,257,TRUE,"ok","ok","","","exact result/status/warning parity"
"same_seed_same_ncores_replay","rng","A/B","balanced",500,1,99173,2,1,TRUE,"ok","ok","","","exact result/status/warning parity"
"same_seed_same_ncores_replay","rng","A/B","balanced",500,1,99173,2,2,TRUE,"ok","ok","","","exact result/status/warning parity"
"same_seed_same_ncores_replay","rng","A/B","balanced",500,1,99173,2,127,TRUE,"ok","ok","","","exact result/status/warning parity"
"same_seed_same_ncores_replay","rng","A/B","balanced",500,1,99173,2,128,TRUE,"ok","ok","","","exact result/status/warning parity"
"same_seed_same_ncores_replay","rng","A/B","balanced",500,1,99173,2,129,TRUE,"ok","ok","","","exact result/status/warning parity"
"same_seed_same_ncores_replay","rng","A/B","balanced",500,1,99173,2,255,TRUE,"ok","ok","","","exact result/status/warning parity"
"same_seed_same_ncores_replay","rng","A/B","balanced",500,1,99173,2,256,TRUE,"ok","ok","","","exact result/status/warning parity"
"same_seed_same_ncores_replay","rng","A/B","balanced",500,1,99173,2,257,TRUE,"ok","ok","","","exact result/status/warning parity"
"same_seed_same_ncores_replay","rng","A/B","balanced",500,2,1,1,1,TRUE,"ok","ok","","","exact result/status/warning parity"
"same_seed_same_ncores_replay","rng","A/B","balanced",500,2,1,1,2,TRUE,"ok","ok","","","exact result/status/warning parity"
"same_seed_same_ncores_replay","rng","A/B","balanced",500,2,1,1,127,TRUE,"ok","ok","","","exact result/status/warning parity"
"same_seed_same_ncores_replay","rng","A/B","balanced",500,2,1,1,128,TRUE,"ok","ok","","","exact result/status/warning parity"
"same_seed_same_ncores_replay","rng","A/B","balanced",500,2,1,1,129,TRUE,"ok","ok","","","exact result/status/warning parity"
"same_seed_same_ncores_replay","rng","A/B","balanced",500,2,1,1,255,TRUE,"ok","ok","","","exact result/status/warning parity"
"same_seed_same_ncores_replay","rng","A/B","balanced",500,2,1,1,256,TRUE,"ok","ok","","","exact result/status/warning parity"
"same_seed_same_ncores_replay","rng","A/B","balanced",500,2,1,1,257,TRUE,"ok","ok","","","exact result/status/warning parity"
"same_seed_same_ncores_replay","rng","A/B","balanced",500,2,1,1,3,TRUE,"ok","ok","","","exact result/status/warning parity"
"same_seed_same_ncores_replay","rng","A/B","balanced",500,2,1,2,1,TRUE,"ok","ok","","","exact result/status/warning parity"
"same_seed_same_ncores_replay","rng","A/B","balanced",500,2,1,2,2,TRUE,"ok","ok","","","exact result/status/warning parity"
"same_seed_same_ncores_replay","rng","A/B","balanced",500,2,1,2,127,TRUE,"ok","ok","","","exact result/status/warning parity"
"same_seed_same_ncores_replay","rng","A/B","balanced",500,2,1,2,128,TRUE,"ok","ok","","","exact result/status/warning parity"
"same_seed_same_ncores_replay","rng","A/B","balanced",500,2,1,2,129,TRUE,"ok","ok","","","exact result/status/warning parity"
"same_seed_same_ncores_replay","rng","A/B","balanced",500,2,1,2,255,TRUE,"ok","ok","","","exact result/status/warning parity"
"same_seed_same_ncores_replay","rng","A/B","balanced",500,2,1,2,256,TRUE,"ok","ok","","","exact result/status/warning parity"
"same_seed_same_ncores_replay","rng","A/B","balanced",500,2,1,2,257,TRUE,"ok","ok","","","exact result/status/warning parity"
"same_seed_same_ncores_replay","rng","A/B","balanced",500,2,1,2,3,TRUE,"ok","ok","","","exact result/status/warning parity"
"same_seed_same_ncores_replay","rng","A/B","balanced",500,2,20260901,1,1,TRUE,"ok","ok","","","exact result/status/warning parity"
"same_seed_same_ncores_replay","rng","A/B","balanced",500,2,20260901,1,2,TRUE,"ok","ok","","","exact result/status/warning parity"
"same_seed_same_ncores_replay","rng","A/B","balanced",500,2,20260901,1,127,TRUE,"ok","ok","","","exact result/status/warning parity"
"same_seed_same_ncores_replay","rng","A/B","balanced",500,2,20260901,1,128,TRUE,"ok","ok","","","exact result/status/warning parity"
"same_seed_same_ncores_replay","rng","A/B","balanced",500,2,20260901,1,129,TRUE,"ok","ok","","","exact result/status/warning parity"
"same_seed_same_ncores_replay","rng","A/B","balanced",500,2,20260901,1,255,TRUE,"ok","ok","","","exact result/status/warning parity"
"same_seed_same_ncores_replay","rng","A/B","balanced",500,2,20260901,1,256,TRUE,"ok","ok","","","exact result/status/warning parity"
"same_seed_same_ncores_replay","rng","A/B","balanced",500,2,20260901,1,257,TRUE,"ok","ok","","","exact result/status/warning parity"
"same_seed_same_ncores_replay","rng","A/B","balanced",500,2,20260901,1,3,TRUE,"ok","ok","","","exact result/status/warning parity"
"same_seed_same_ncores_replay","rng","A/B","balanced",500,2,20260901,2,1,TRUE,"ok","ok","","","exact result/status/warning parity"
"same_seed_same_ncores_replay","rng","A/B","balanced",500,2,20260901,2,2,TRUE,"ok","ok","","","exact result/status/warning parity"
"same_seed_same_ncores_replay","rng","A/B","balanced",500,2,20260901,2,127,TRUE,"ok","ok","","","exact result/status/warning parity"
"same_seed_same_ncores_replay","rng","A/B","balanced",500,2,20260901,2,128,TRUE,"ok","ok","","","exact result/status/warning parity"
"same_seed_same_ncores_replay","rng","A/B","balanced",500,2,20260901,2,129,TRUE,"ok","ok","","","exact result/status/warning parity"
"same_seed_same_ncores_replay","rng","A/B","balanced",500,2,20260901,2,255,TRUE,"ok","ok","","","exact result/status/warning parity"
"same_seed_same_ncores_replay","rng","A/B","balanced",500,2,20260901,2,256,TRUE,"ok","ok","","","exact result/status/warning parity"
"same_seed_same_ncores_replay","rng","A/B","balanced",500,2,20260901,2,257,TRUE,"ok","ok","","","exact result/status/warning parity"
"same_seed_same_ncores_replay","rng","A/B","balanced",500,2,20260901,2,3,TRUE,"ok","ok","","","exact result/status/warning parity"
"same_seed_same_ncores_replay","rng","A/B","balanced",500,2,99173,1,1,TRUE,"ok","ok","","","exact result/status/warning parity"
"same_seed_same_ncores_replay","rng","A/B","balanced",500,2,99173,1,2,TRUE,"ok","ok","","","exact result/status/warning parity"
"same_seed_same_ncores_replay","rng","A/B","balanced",500,2,99173,1,127,TRUE,"ok","ok","","","exact result/status/warning parity"
"same_seed_same_ncores_replay","rng","A/B","balanced",500,2,99173,1,128,TRUE,"ok","ok","","","exact result/status/warning parity"
"same_seed_same_ncores_replay","rng","A/B","balanced",500,2,99173,1,129,TRUE,"ok","ok","","","exact result/status/warning parity"
"same_seed_same_ncores_replay","rng","A/B","balanced",500,2,99173,1,255,TRUE,"ok","ok","","","exact result/status/warning parity"
"same_seed_same_ncores_replay","rng","A/B","balanced",500,2,99173,1,256,TRUE,"ok","ok","","","exact result/status/warning parity"
"same_seed_same_ncores_replay","rng","A/B","balanced",500,2,99173,1,257,TRUE,"ok","ok","","","exact result/status/warning parity"
"same_seed_same_ncores_replay","rng","A/B","balanced",500,2,99173,1,3,TRUE,"ok","ok","","","exact result/status/warning parity"
"same_seed_same_ncores_replay","rng","A/B","balanced",500,2,99173,2,1,TRUE,"ok","ok","","","exact result/status/warning parity"
"same_seed_same_ncores_replay","rng","A/B","balanced",500,2,99173,2,2,TRUE,"ok","ok","","","exact result/status/warning parity"
"same_seed_same_ncores_replay","rng","A/B","balanced",500,2,99173,2,127,TRUE,"ok","ok","","","exact result/status/warning parity"
"same_seed_same_ncores_replay","rng","A/B","balanced",500,2,99173,2,128,TRUE,"ok","ok","","","exact result/status/warning parity"
"same_seed_same_ncores_replay","rng","A/B","balanced",500,2,99173,2,129,TRUE,"ok","ok","","","exact result/status/warning parity"
"same_seed_same_ncores_replay","rng","A/B","balanced",500,2,99173,2,255,TRUE,"ok","ok","","","exact result/status/warning parity"
"same_seed_same_ncores_replay","rng","A/B","balanced",500,2,99173,2,256,TRUE,"ok","ok","","","exact result/status/warning parity"
"same_seed_same_ncores_replay","rng","A/B","balanced",500,2,99173,2,257,TRUE,"ok","ok","","","exact result/status/warning parity"
"same_seed_same_ncores_replay","rng","A/B","balanced",500,2,99173,2,3,TRUE,"ok","ok","","","exact result/status/warning parity"
"same_seed_same_ncores_replay","rng","A/B","balanced",500,199,1,1,1,TRUE,"ok","ok","","","exact result/status/warning parity"
"same_seed_same_ncores_replay","rng","A/B","balanced",500,199,1,1,2,TRUE,"ok","ok","","","exact result/status/warning parity"
"same_seed_same_ncores_replay","rng","A/B","balanced",500,199,1,1,127,TRUE,"ok","ok","","","exact result/status/warning parity"
"same_seed_same_ncores_replay","rng","A/B","balanced",500,199,1,1,128,TRUE,"ok","ok","","","exact result/status/warning parity"
"same_seed_same_ncores_replay","rng","A/B","balanced",500,199,1,1,129,TRUE,"ok","ok","","","exact result/status/warning parity"
"same_seed_same_ncores_replay","rng","A/B","balanced",500,199,1,1,255,TRUE,"ok","ok","","","exact result/status/warning parity"
"same_seed_same_ncores_replay","rng","A/B","balanced",500,199,1,1,256,TRUE,"ok","ok","","","exact result/status/warning parity"
"same_seed_same_ncores_replay","rng","A/B","balanced",500,199,1,1,257,TRUE,"ok","ok","","","exact result/status/warning parity"
"same_seed_same_ncores_replay","rng","A/B","balanced",500,199,1,1,198,TRUE,"ok","ok","","","exact result/status/warning parity"
"same_seed_same_ncores_replay","rng","A/B","balanced",500,199,1,1,199,TRUE,"ok","ok","","","exact result/status/warning parity"
"same_seed_same_ncores_replay","rng","A/B","balanced",500,199,1,1,200,TRUE,"ok","ok","","","exact result/status/warning parity"
"same_seed_same_ncores_replay","rng","A/B","balanced",500,199,1,2,1,TRUE,"ok","ok","","","exact result/status/warning parity"
"same_seed_same_ncores_replay","rng","A/B","balanced",500,199,1,2,2,TRUE,"ok","ok","","","exact result/status/warning parity"
"same_seed_same_ncores_replay","rng","A/B","balanced",500,199,1,2,127,TRUE,"ok","ok","","","exact result/status/warning parity"
"same_seed_same_ncores_replay","rng","A/B","balanced",500,199,1,2,128,TRUE,"ok","ok","","","exact result/status/warning parity"
"same_seed_same_ncores_replay","rng","A/B","balanced",500,199,1,2,129,TRUE,"ok","ok","","","exact result/status/warning parity"
"same_seed_same_ncores_replay","rng","A/B","balanced",500,199,1,2,255,TRUE,"ok","ok","","","exact result/status/warning parity"
"same_seed_same_ncores_replay","rng","A/B","balanced",500,199,1,2,256,TRUE,"ok","ok","","","exact result/status/warning parity"
"same_seed_same_ncores_replay","rng","A/B","balanced",500,199,1,2,257,TRUE,"ok","ok","","","exact result/status/warning parity"
"same_seed_same_ncores_replay","rng","A/B","balanced",500,199,1,2,198,TRUE,"ok","ok","","","exact result/status/warning parity"
"same_seed_same_ncores_replay","rng","A/B","balanced",500,199,1,2,199,TRUE,"ok","ok","","","exact result/status/warning parity"
"same_seed_same_ncores_replay","rng","A/B","balanced",500,199,1,2,200,TRUE,"ok","ok","","","exact result/status/warning parity"
"same_seed_same_ncores_replay","rng","A/B","balanced",500,199,20260901,1,1,TRUE,"ok","ok","","","exact result/status/warning parity"
"same_seed_same_ncores_replay","rng","A/B","balanced",500,199,20260901,1,2,TRUE,"ok","ok","","","exact result/status/warning parity"
"same_seed_same_ncores_replay","rng","A/B","balanced",500,199,20260901,1,127,TRUE,"ok","ok","","","exact result/status/warning parity"
"same_seed_same_ncores_replay","rng","A/B","balanced",500,199,20260901,1,128,TRUE,"ok","ok","","","exact result/status/warning parity"
"same_seed_same_ncores_replay","rng","A/B","balanced",500,199,20260901,1,129,TRUE,"ok","ok","","","exact result/status/warning parity"
"same_seed_same_ncores_replay","rng","A/B","balanced",500,199,20260901,1,255,TRUE,"ok","ok","","","exact result/status/warning parity"
"same_seed_same_ncores_replay","rng","A/B","balanced",500,199,20260901,1,256,TRUE,"ok","ok","","","exact result/status/warning parity"
"same_seed_same_ncores_replay","rng","A/B","balanced",500,199,20260901,1,257,TRUE,"ok","ok","","","exact result/status/warning parity"
"same_seed_same_ncores_replay","rng","A/B","balanced",500,199,20260901,1,198,TRUE,"ok","ok","","","exact result/status/warning parity"
"same_seed_same_ncores_replay","rng","A/B","balanced",500,199,20260901,1,199,TRUE,"ok","ok","","","exact result/status/warning parity"
"same_seed_same_ncores_replay","rng","A/B","balanced",500,199,20260901,1,200,TRUE,"ok","ok","","","exact result/status/warning parity"
"same_seed_same_ncores_replay","rng","A/B","balanced",500,199,20260901,2,1,TRUE,"ok","ok","","","exact result/status/warning parity"
"same_seed_same_ncores_replay","rng","A/B","balanced",500,199,20260901,2,2,TRUE,"ok","ok","","","exact result/status/warning parity"
"same_seed_same_ncores_replay","rng","A/B","balanced",500,199,20260901,2,127,TRUE,"ok","ok","","","exact result/status/warning parity"
"same_seed_same_ncores_replay","rng","A/B","balanced",500,199,20260901,2,128,TRUE,"ok","ok","","","exact result/status/warning parity"
"same_seed_same_ncores_replay","rng","A/B","balanced",500,199,20260901,2,129,TRUE,"ok","ok","","","exact result/status/warning parity"
"same_seed_same_ncores_replay","rng","A/B","balanced",500,199,20260901,2,255,TRUE,"ok","ok","","","exact result/status/warning parity"
"same_seed_same_ncores_replay","rng","A/B","balanced",500,199,20260901,2,256,TRUE,"ok","ok","","","exact result/status/warning parity"
"same_seed_same_ncores_replay","rng","A/B","balanced",500,199,20260901,2,257,TRUE,"ok","ok","","","exact result/status/warning parity"
"same_seed_same_ncores_replay","rng","A/B","balanced",500,199,20260901,2,198,TRUE,"ok","ok","","","exact result/status/warning parity"
"same_seed_same_ncores_replay","rng","A/B","balanced",500,199,20260901,2,199,TRUE,"ok","ok","","","exact result/status/warning parity"
"same_seed_same_ncores_replay","rng","A/B","balanced",500,199,20260901,2,200,TRUE,"ok","ok","","","exact result/status/warning parity"
"same_seed_same_ncores_replay","rng","A/B","balanced",500,199,99173,1,1,TRUE,"ok","ok","","","exact result/status/warning parity"
"same_seed_same_ncores_replay","rng","A/B","balanced",500,199,99173,1,2,TRUE,"ok","ok","","","exact result/status/warning parity"
"same_seed_same_ncores_replay","rng","A/B","balanced",500,199,99173,1,127,TRUE,"ok","ok","","","exact result/status/warning parity"
"same_seed_same_ncores_replay","rng","A/B","balanced",500,199,99173,1,128,TRUE,"ok","ok","","","exact result/status/warning parity"
"same_seed_same_ncores_replay","rng","A/B","balanced",500,199,99173,1,129,TRUE,"ok","ok","","","exact result/status/warning parity"
"same_seed_same_ncores_replay","rng","A/B","balanced",500,199,99173,1,255,TRUE,"ok","ok","","","exact result/status/warning parity"
"same_seed_same_ncores_replay","rng","A/B","balanced",500,199,99173,1,256,TRUE,"ok","ok","","","exact result/status/warning parity"
"same_seed_same_ncores_replay","rng","A/B","balanced",500,199,99173,1,257,TRUE,"ok","ok","","","exact result/status/warning parity"
"same_seed_same_ncores_replay","rng","A/B","balanced",500,199,99173,1,198,TRUE,"ok","ok","","","exact result/status/warning parity"
"same_seed_same_ncores_replay","rng","A/B","balanced",500,199,99173,1,199,TRUE,"ok","ok","","","exact result/status/warning parity"
"same_seed_same_ncores_replay","rng","A/B","balanced",500,199,99173,1,200,TRUE,"ok","ok","","","exact result/status/warning parity"
"same_seed_same_ncores_replay","rng","A/B","balanced",500,199,99173,2,1,TRUE,"ok","ok","","","exact result/status/warning parity"
"same_seed_same_ncores_replay","rng","A/B","balanced",500,199,99173,2,2,TRUE,"ok","ok","","","exact result/status/warning parity"
"same_seed_same_ncores_replay","rng","A/B","balanced",500,199,99173,2,127,TRUE,"ok","ok","","","exact result/status/warning parity"
"same_seed_same_ncores_replay","rng","A/B","balanced",500,199,99173,2,128,TRUE,"ok","ok","","","exact result/status/warning parity"
"same_seed_same_ncores_replay","rng","A/B","balanced",500,199,99173,2,129,TRUE,"ok","ok","","","exact result/status/warning parity"
"same_seed_same_ncores_replay","rng","A/B","balanced",500,199,99173,2,255,TRUE,"ok","ok","","","exact result/status/warning parity"
"same_seed_same_ncores_replay","rng","A/B","balanced",500,199,99173,2,256,TRUE,"ok","ok","","","exact result/status/warning parity"
"same_seed_same_ncores_replay","rng","A/B","balanced",500,199,99173,2,257,TRUE,"ok","ok","","","exact result/status/warning parity"
"same_seed_same_ncores_replay","rng","A/B","balanced",500,199,99173,2,198,TRUE,"ok","ok","","","exact result/status/warning parity"
"same_seed_same_ncores_replay","rng","A/B","balanced",500,199,99173,2,199,TRUE,"ok","ok","","","exact result/status/warning parity"
"same_seed_same_ncores_replay","rng","A/B","balanced",500,199,99173,2,200,TRUE,"ok","ok","","","exact result/status/warning parity"
"same_seed_same_ncores_replay","rng","A/B","balanced",500,999,1,1,1,TRUE,"ok","ok","","","exact result/status/warning parity"
"same_seed_same_ncores_replay","rng","A/B","balanced",500,999,1,1,2,TRUE,"ok","ok","","","exact result/status/warning parity"
"same_seed_same_ncores_replay","rng","A/B","balanced",500,999,1,1,127,TRUE,"ok","ok","","","exact result/status/warning parity"
"same_seed_same_ncores_replay","rng","A/B","balanced",500,999,1,1,128,TRUE,"ok","ok","","","exact result/status/warning parity"
"same_seed_same_ncores_replay","rng","A/B","balanced",500,999,1,1,129,TRUE,"ok","ok","","","exact result/status/warning parity"
"same_seed_same_ncores_replay","rng","A/B","balanced",500,999,1,1,255,TRUE,"ok","ok","","","exact result/status/warning parity"
"same_seed_same_ncores_replay","rng","A/B","balanced",500,999,1,1,256,TRUE,"ok","ok","","","exact result/status/warning parity"
"same_seed_same_ncores_replay","rng","A/B","balanced",500,999,1,1,257,TRUE,"ok","ok","","","exact result/status/warning parity"
"same_seed_same_ncores_replay","rng","A/B","balanced",500,999,1,1,998,TRUE,"ok","ok","","","exact result/status/warning parity"
"same_seed_same_ncores_replay","rng","A/B","balanced",500,999,1,1,999,TRUE,"ok","ok","","","exact result/status/warning parity"
"same_seed_same_ncores_replay","rng","A/B","balanced",500,999,1,1,1000,TRUE,"ok","ok","","","exact result/status/warning parity"
"same_seed_same_ncores_replay","rng","A/B","balanced",500,999,1,2,1,TRUE,"ok","ok","","","exact result/status/warning parity"
"same_seed_same_ncores_replay","rng","A/B","balanced",500,999,1,2,2,TRUE,"ok","ok","","","exact result/status/warning parity"
"same_seed_same_ncores_replay","rng","A/B","balanced",500,999,1,2,127,TRUE,"ok","ok","","","exact result/status/warning parity"
"same_seed_same_ncores_replay","rng","A/B","balanced",500,999,1,2,128,TRUE,"ok","ok","","","exact result/status/warning parity"
"same_seed_same_ncores_replay","rng","A/B","balanced",500,999,1,2,129,TRUE,"ok","ok","","","exact result/status/warning parity"
"same_seed_same_ncores_replay","rng","A/B","balanced",500,999,1,2,255,TRUE,"ok","ok","","","exact result/status/warning parity"
"same_seed_same_ncores_replay","rng","A/B","balanced",500,999,1,2,256,TRUE,"ok","ok","","","exact result/status/warning parity"
"same_seed_same_ncores_replay","rng","A/B","balanced",500,999,1,2,257,TRUE,"ok","ok","","","exact result/status/warning parity"
"same_seed_same_ncores_replay","rng","A/B","balanced",500,999,1,2,998,TRUE,"ok","ok","","","exact result/status/warning parity"
"same_seed_same_ncores_replay","rng","A/B","balanced",500,999,1,2,999,TRUE,"ok","ok","","","exact result/status/warning parity"
"same_seed_same_ncores_replay","rng","A/B","balanced",500,999,1,2,1000,TRUE,"ok","ok","","","exact result/status/warning parity"
"same_seed_same_ncores_replay","rng","A/B","balanced",500,999,20260901,1,1,TRUE,"ok","ok","","","exact result/status/warning parity"
"same_seed_same_ncores_replay","rng","A/B","balanced",500,999,20260901,1,2,TRUE,"ok","ok","","","exact result/status/warning parity"
"same_seed_same_ncores_replay","rng","A/B","balanced",500,999,20260901,1,127,TRUE,"ok","ok","","","exact result/status/warning parity"
"same_seed_same_ncores_replay","rng","A/B","balanced",500,999,20260901,1,128,TRUE,"ok","ok","","","exact result/status/warning parity"
"same_seed_same_ncores_replay","rng","A/B","balanced",500,999,20260901,1,129,TRUE,"ok","ok","","","exact result/status/warning parity"
"same_seed_same_ncores_replay","rng","A/B","balanced",500,999,20260901,1,255,TRUE,"ok","ok","","","exact result/status/warning parity"
"same_seed_same_ncores_replay","rng","A/B","balanced",500,999,20260901,1,256,TRUE,"ok","ok","","","exact result/status/warning parity"
"same_seed_same_ncores_replay","rng","A/B","balanced",500,999,20260901,1,257,TRUE,"ok","ok","","","exact result/status/warning parity"
"same_seed_same_ncores_replay","rng","A/B","balanced",500,999,20260901,1,998,TRUE,"ok","ok","","","exact result/status/warning parity"
"same_seed_same_ncores_replay","rng","A/B","balanced",500,999,20260901,1,999,TRUE,"ok","ok","","","exact result/status/warning parity"
"same_seed_same_ncores_replay","rng","A/B","balanced",500,999,20260901,1,1000,TRUE,"ok","ok","","","exact result/status/warning parity"
"same_seed_same_ncores_replay","rng","A/B","balanced",500,999,20260901,2,1,TRUE,"ok","ok","","","exact result/status/warning parity"
"same_seed_same_ncores_replay","rng","A/B","balanced",500,999,20260901,2,2,TRUE,"ok","ok","","","exact result/status/warning parity"
"same_seed_same_ncores_replay","rng","A/B","balanced",500,999,20260901,2,127,TRUE,"ok","ok","","","exact result/status/warning parity"
"same_seed_same_ncores_replay","rng","A/B","balanced",500,999,20260901,2,128,TRUE,"ok","ok","","","exact result/status/warning parity"
"same_seed_same_ncores_replay","rng","A/B","balanced",500,999,20260901,2,129,TRUE,"ok","ok","","","exact result/status/warning parity"
"same_seed_same_ncores_replay","rng","A/B","balanced",500,999,20260901,2,255,TRUE,"ok","ok","","","exact result/status/warning parity"
"same_seed_same_ncores_replay","rng","A/B","balanced",500,999,20260901,2,256,TRUE,"ok","ok","","","exact result/status/warning parity"
"same_seed_same_ncores_replay","rng","A/B","balanced",500,999,20260901,2,257,TRUE,"ok","ok","","","exact result/status/warning parity"
"same_seed_same_ncores_replay","rng","A/B","balanced",500,999,20260901,2,998,TRUE,"ok","ok","","","exact result/status/warning parity"
"same_seed_same_ncores_replay","rng","A/B","balanced",500,999,20260901,2,999,TRUE,"ok","ok","","","exact result/status/warning parity"
"same_seed_same_ncores_replay","rng","A/B","balanced",500,999,20260901,2,1000,TRUE,"ok","ok","","","exact result/status/warning parity"
"same_seed_same_ncores_replay","rng","A/B","balanced",500,999,99173,1,1,TRUE,"ok","ok","","","exact result/status/warning parity"
"same_seed_same_ncores_replay","rng","A/B","balanced",500,999,99173,1,2,TRUE,"ok","ok","","","exact result/status/warning parity"
"same_seed_same_ncores_replay","rng","A/B","balanced",500,999,99173,1,127,TRUE,"ok","ok","","","exact result/status/warning parity"
"same_seed_same_ncores_replay","rng","A/B","balanced",500,999,99173,1,128,TRUE,"ok","ok","","","exact result/status/warning parity"
"same_seed_same_ncores_replay","rng","A/B","balanced",500,999,99173,1,129,TRUE,"ok","ok","","","exact result/status/warning parity"
"same_seed_same_ncores_replay","rng","A/B","balanced",500,999,99173,1,255,TRUE,"ok","ok","","","exact result/status/warning parity"
"same_seed_same_ncores_replay","rng","A/B","balanced",500,999,99173,1,256,TRUE,"ok","ok","","","exact result/status/warning parity"
"same_seed_same_ncores_replay","rng","A/B","balanced",500,999,99173,1,257,TRUE,"ok","ok","","","exact result/status/warning parity"
"same_seed_same_ncores_replay","rng","A/B","balanced",500,999,99173,1,998,TRUE,"ok","ok","","","exact result/status/warning parity"
"same_seed_same_ncores_replay","rng","A/B","balanced",500,999,99173,1,999,TRUE,"ok","ok","","","exact result/status/warning parity"
"same_seed_same_ncores_replay","rng","A/B","balanced",500,999,99173,1,1000,TRUE,"ok","ok","","","exact result/status/warning parity"
"same_seed_same_ncores_replay","rng","A/B","balanced",500,999,99173,2,1,TRUE,"ok","ok","","","exact result/status/warning parity"
"same_seed_same_ncores_replay","rng","A/B","balanced",500,999,99173,2,2,TRUE,"ok","ok","","","exact result/status/warning parity"
"same_seed_same_ncores_replay","rng","A/B","balanced",500,999,99173,2,127,TRUE,"ok","ok","","","exact result/status/warning parity"
"same_seed_same_ncores_replay","rng","A/B","balanced",500,999,99173,2,128,TRUE,"ok","ok","","","exact result/status/warning parity"
"same_seed_same_ncores_replay","rng","A/B","balanced",500,999,99173,2,129,TRUE,"ok","ok","","","exact result/status/warning parity"
"same_seed_same_ncores_replay","rng","A/B","balanced",500,999,99173,2,255,TRUE,"ok","ok","","","exact result/status/warning parity"
"same_seed_same_ncores_replay","rng","A/B","balanced",500,999,99173,2,256,TRUE,"ok","ok","","","exact result/status/warning parity"
"same_seed_same_ncores_replay","rng","A/B","balanced",500,999,99173,2,257,TRUE,"ok","ok","","","exact result/status/warning parity"
"same_seed_same_ncores_replay","rng","A/B","balanced",500,999,99173,2,998,TRUE,"ok","ok","","","exact result/status/warning parity"
"same_seed_same_ncores_replay","rng","A/B","balanced",500,999,99173,2,999,TRUE,"ok","ok","","","exact result/status/warning parity"
"same_seed_same_ncores_replay","rng","A/B","balanced",500,999,99173,2,1000,TRUE,"ok","ok","","","exact result/status/warning parity"
"same_seed_same_ncores_replay","rng","A/B","balanced",2000,1,1,1,1,TRUE,"ok","ok","","","exact result/status/warning parity"
"same_seed_same_ncores_replay","rng","A/B","balanced",2000,1,1,1,2,TRUE,"ok","ok","","","exact result/status/warning parity"
"same_seed_same_ncores_replay","rng","A/B","balanced",2000,1,1,1,127,TRUE,"ok","ok","","","exact result/status/warning parity"
"same_seed_same_ncores_replay","rng","A/B","balanced",2000,1,1,1,128,TRUE,"ok","ok","","","exact result/status/warning parity"
"same_seed_same_ncores_replay","rng","A/B","balanced",2000,1,1,1,129,TRUE,"ok","ok","","","exact result/status/warning parity"
"same_seed_same_ncores_replay","rng","A/B","balanced",2000,1,1,1,255,TRUE,"ok","ok","","","exact result/status/warning parity"
"same_seed_same_ncores_replay","rng","A/B","balanced",2000,1,1,1,256,TRUE,"ok","ok","","","exact result/status/warning parity"
"same_seed_same_ncores_replay","rng","A/B","balanced",2000,1,1,1,257,TRUE,"ok","ok","","","exact result/status/warning parity"
"same_seed_same_ncores_replay","rng","A/B","balanced",2000,1,1,2,1,TRUE,"ok","ok","","","exact result/status/warning parity"
"same_seed_same_ncores_replay","rng","A/B","balanced",2000,1,1,2,2,TRUE,"ok","ok","","","exact result/status/warning parity"
"same_seed_same_ncores_replay","rng","A/B","balanced",2000,1,1,2,127,TRUE,"ok","ok","","","exact result/status/warning parity"
"same_seed_same_ncores_replay","rng","A/B","balanced",2000,1,1,2,128,TRUE,"ok","ok","","","exact result/status/warning parity"
"same_seed_same_ncores_replay","rng","A/B","balanced",2000,1,1,2,129,TRUE,"ok","ok","","","exact result/status/warning parity"
"same_seed_same_ncores_replay","rng","A/B","balanced",2000,1,1,2,255,TRUE,"ok","ok","","","exact result/status/warning parity"
"same_seed_same_ncores_replay","rng","A/B","balanced",2000,1,1,2,256,TRUE,"ok","ok","","","exact result/status/warning parity"
"same_seed_same_ncores_replay","rng","A/B","balanced",2000,1,1,2,257,TRUE,"ok","ok","","","exact result/status/warning parity"
"same_seed_same_ncores_replay","rng","A/B","balanced",2000,1,20260901,1,1,TRUE,"ok","ok","","","exact result/status/warning parity"
"same_seed_same_ncores_replay","rng","A/B","balanced",2000,1,20260901,1,2,TRUE,"ok","ok","","","exact result/status/warning parity"
"same_seed_same_ncores_replay","rng","A/B","balanced",2000,1,20260901,1,127,TRUE,"ok","ok","","","exact result/status/warning parity"
"same_seed_same_ncores_replay","rng","A/B","balanced",2000,1,20260901,1,128,TRUE,"ok","ok","","","exact result/status/warning parity"
"same_seed_same_ncores_replay","rng","A/B","balanced",2000,1,20260901,1,129,TRUE,"ok","ok","","","exact result/status/warning parity"
"same_seed_same_ncores_replay","rng","A/B","balanced",2000,1,20260901,1,255,TRUE,"ok","ok","","","exact result/status/warning parity"
"same_seed_same_ncores_replay","rng","A/B","balanced",2000,1,20260901,1,256,TRUE,"ok","ok","","","exact result/status/warning parity"
"same_seed_same_ncores_replay","rng","A/B","balanced",2000,1,20260901,1,257,TRUE,"ok","ok","","","exact result/status/warning parity"
"same_seed_same_ncores_replay","rng","A/B","balanced",2000,1,20260901,2,1,TRUE,"ok","ok","","","exact result/status/warning parity"
"same_seed_same_ncores_replay","rng","A/B","balanced",2000,1,20260901,2,2,TRUE,"ok","ok","","","exact result/status/warning parity"
"same_seed_same_ncores_replay","rng","A/B","balanced",2000,1,20260901,2,127,TRUE,"ok","ok","","","exact result/status/warning parity"
"same_seed_same_ncores_replay","rng","A/B","balanced",2000,1,20260901,2,128,TRUE,"ok","ok","","","exact result/status/warning parity"
"same_seed_same_ncores_replay","rng","A/B","balanced",2000,1,20260901,2,129,TRUE,"ok","ok","","","exact result/status/warning parity"
"same_seed_same_ncores_replay","rng","A/B","balanced",2000,1,20260901,2,255,TRUE,"ok","ok","","","exact result/status/warning parity"
"same_seed_same_ncores_replay","rng","A/B","balanced",2000,1,20260901,2,256,TRUE,"ok","ok","","","exact result/status/warning parity"
"same_seed_same_ncores_replay","rng","A/B","balanced",2000,1,20260901,2,257,TRUE,"ok","ok","","","exact result/status/warning parity"
"same_seed_same_ncores_replay","rng","A/B","balanced",2000,1,99173,1,1,TRUE,"ok","ok","","","exact result/status/warning parity"
"same_seed_same_ncores_replay","rng","A/B","balanced",2000,1,99173,1,2,TRUE,"ok","ok","","","exact result/status/warning parity"
"same_seed_same_ncores_replay","rng","A/B","balanced",2000,1,99173,1,127,TRUE,"ok","ok","","","exact result/status/warning parity"
"same_seed_same_ncores_replay","rng","A/B","balanced",2000,1,99173,1,128,TRUE,"ok","ok","","","exact result/status/warning parity"
"same_seed_same_ncores_replay","rng","A/B","balanced",2000,1,99173,1,129,TRUE,"ok","ok","","","exact result/status/warning parity"
"same_seed_same_ncores_replay","rng","A/B","balanced",2000,1,99173,1,255,TRUE,"ok","ok","","","exact result/status/warning parity"
"same_seed_same_ncores_replay","rng","A/B","balanced",2000,1,99173,1,256,TRUE,"ok","ok","","","exact result/status/warning parity"
"same_seed_same_ncores_replay","rng","A/B","balanced",2000,1,99173,1,257,TRUE,"ok","ok","","","exact result/status/warning parity"
"same_seed_same_ncores_replay","rng","A/B","balanced",2000,1,99173,2,1,TRUE,"ok","ok","","","exact result/status/warning parity"
"same_seed_same_ncores_replay","rng","A/B","balanced",2000,1,99173,2,2,TRUE,"ok","ok","","","exact result/status/warning parity"
"same_seed_same_ncores_replay","rng","A/B","balanced",2000,1,99173,2,127,TRUE,"ok","ok","","","exact result/status/warning parity"
"same_seed_same_ncores_replay","rng","A/B","balanced",2000,1,99173,2,128,TRUE,"ok","ok","","","exact result/status/warning parity"
"same_seed_same_ncores_replay","rng","A/B","balanced",2000,1,99173,2,129,TRUE,"ok","ok","","","exact result/status/warning parity"
"same_seed_same_ncores_replay","rng","A/B","balanced",2000,1,99173,2,255,TRUE,"ok","ok","","","exact result/status/warning parity"
"same_seed_same_ncores_replay","rng","A/B","balanced",2000,1,99173,2,256,TRUE,"ok","ok","","","exact result/status/warning parity"
"same_seed_same_ncores_replay","rng","A/B","balanced",2000,1,99173,2,257,TRUE,"ok","ok","","","exact result/status/warning parity"
"same_seed_same_ncores_replay","rng","A/B","balanced",2000,2,1,1,1,TRUE,"ok","ok","","","exact result/status/warning parity"
"same_seed_same_ncores_replay","rng","A/B","balanced",2000,2,1,1,2,TRUE,"ok","ok","","","exact result/status/warning parity"
"same_seed_same_ncores_replay","rng","A/B","balanced",2000,2,1,1,127,TRUE,"ok","ok","","","exact result/status/warning parity"
"same_seed_same_ncores_replay","rng","A/B","balanced",2000,2,1,1,128,TRUE,"ok","ok","","","exact result/status/warning parity"
"same_seed_same_ncores_replay","rng","A/B","balanced",2000,2,1,1,129,TRUE,"ok","ok","","","exact result/status/warning parity"
"same_seed_same_ncores_replay","rng","A/B","balanced",2000,2,1,1,255,TRUE,"ok","ok","","","exact result/status/warning parity"
"same_seed_same_ncores_replay","rng","A/B","balanced",2000,2,1,1,256,TRUE,"ok","ok","","","exact result/status/warning parity"
"same_seed_same_ncores_replay","rng","A/B","balanced",2000,2,1,1,257,TRUE,"ok","ok","","","exact result/status/warning parity"
"same_seed_same_ncores_replay","rng","A/B","balanced",2000,2,1,1,3,TRUE,"ok","ok","","","exact result/status/warning parity"
"same_seed_same_ncores_replay","rng","A/B","balanced",2000,2,1,2,1,TRUE,"ok","ok","","","exact result/status/warning parity"
"same_seed_same_ncores_replay","rng","A/B","balanced",2000,2,1,2,2,TRUE,"ok","ok","","","exact result/status/warning parity"
"same_seed_same_ncores_replay","rng","A/B","balanced",2000,2,1,2,127,TRUE,"ok","ok","","","exact result/status/warning parity"
"same_seed_same_ncores_replay","rng","A/B","balanced",2000,2,1,2,128,TRUE,"ok","ok","","","exact result/status/warning parity"
"same_seed_same_ncores_replay","rng","A/B","balanced",2000,2,1,2,129,TRUE,"ok","ok","","","exact result/status/warning parity"
"same_seed_same_ncores_replay","rng","A/B","balanced",2000,2,1,2,255,TRUE,"ok","ok","","","exact result/status/warning parity"
"same_seed_same_ncores_replay","rng","A/B","balanced",2000,2,1,2,256,TRUE,"ok","ok","","","exact result/status/warning parity"
"same_seed_same_ncores_replay","rng","A/B","balanced",2000,2,1,2,257,TRUE,"ok","ok","","","exact result/status/warning parity"
"same_seed_same_ncores_replay","rng","A/B","balanced",2000,2,1,2,3,TRUE,"ok","ok","","","exact result/status/warning parity"
"same_seed_same_ncores_replay","rng","A/B","balanced",2000,2,20260901,1,1,TRUE,"ok","ok","","","exact result/status/warning parity"
"same_seed_same_ncores_replay","rng","A/B","balanced",2000,2,20260901,1,2,TRUE,"ok","ok","","","exact result/status/warning parity"
"same_seed_same_ncores_replay","rng","A/B","balanced",2000,2,20260901,1,127,TRUE,"ok","ok","","","exact result/status/warning parity"
"same_seed_same_ncores_replay","rng","A/B","balanced",2000,2,20260901,1,128,TRUE,"ok","ok","","","exact result/status/warning parity"
"same_seed_same_ncores_replay","rng","A/B","balanced",2000,2,20260901,1,129,TRUE,"ok","ok","","","exact result/status/warning parity"
"same_seed_same_ncores_replay","rng","A/B","balanced",2000,2,20260901,1,255,TRUE,"ok","ok","","","exact result/status/warning parity"
"same_seed_same_ncores_replay","rng","A/B","balanced",2000,2,20260901,1,256,TRUE,"ok","ok","","","exact result/status/warning parity"
"same_seed_same_ncores_replay","rng","A/B","balanced",2000,2,20260901,1,257,TRUE,"ok","ok","","","exact result/status/warning parity"
"same_seed_same_ncores_replay","rng","A/B","balanced",2000,2,20260901,1,3,TRUE,"ok","ok","","","exact result/status/warning parity"
"same_seed_same_ncores_replay","rng","A/B","balanced",2000,2,20260901,2,1,TRUE,"ok","ok","","","exact result/status/warning parity"
"same_seed_same_ncores_replay","rng","A/B","balanced",2000,2,20260901,2,2,TRUE,"ok","ok","","","exact result/status/warning parity"
"same_seed_same_ncores_replay","rng","A/B","balanced",2000,2,20260901,2,127,TRUE,"ok","ok","","","exact result/status/warning parity"
"same_seed_same_ncores_replay","rng","A/B","balanced",2000,2,20260901,2,128,TRUE,"ok","ok","","","exact result/status/warning parity"
"same_seed_same_ncores_replay","rng","A/B","balanced",2000,2,20260901,2,129,TRUE,"ok","ok","","","exact result/status/warning parity"
"same_seed_same_ncores_replay","rng","A/B","balanced",2000,2,20260901,2,255,TRUE,"ok","ok","","","exact result/status/warning parity"
"same_seed_same_ncores_replay","rng","A/B","balanced",2000,2,20260901,2,256,TRUE,"ok","ok","","","exact result/status/warning parity"
"same_seed_same_ncores_replay","rng","A/B","balanced",2000,2,20260901,2,257,TRUE,"ok","ok","","","exact result/status/warning parity"
"same_seed_same_ncores_replay","rng","A/B","balanced",2000,2,20260901,2,3,TRUE,"ok","ok","","","exact result/status/warning parity"
"same_seed_same_ncores_replay","rng","A/B","balanced",2000,2,99173,1,1,TRUE,"ok","ok","","","exact result/status/warning parity"
"same_seed_same_ncores_replay","rng","A/B","balanced",2000,2,99173,1,2,TRUE,"ok","ok","","","exact result/status/warning parity"
"same_seed_same_ncores_replay","rng","A/B","balanced",2000,2,99173,1,127,TRUE,"ok","ok","","","exact result/status/warning parity"
"same_seed_same_ncores_replay","rng","A/B","balanced",2000,2,99173,1,128,TRUE,"ok","ok","","","exact result/status/warning parity"
"same_seed_same_ncores_replay","rng","A/B","balanced",2000,2,99173,1,129,TRUE,"ok","ok","","","exact result/status/warning parity"
"same_seed_same_ncores_replay","rng","A/B","balanced",2000,2,99173,1,255,TRUE,"ok","ok","","","exact result/status/warning parity"
"same_seed_same_ncores_replay","rng","A/B","balanced",2000,2,99173,1,256,TRUE,"ok","ok","","","exact result/status/warning parity"
"same_seed_same_ncores_replay","rng","A/B","balanced",2000,2,99173,1,257,TRUE,"ok","ok","","","exact result/status/warning parity"
"same_seed_same_ncores_replay","rng","A/B","balanced",2000,2,99173,1,3,TRUE,"ok","ok","","","exact result/status/warning parity"
"same_seed_same_ncores_replay","rng","A/B","balanced",2000,2,99173,2,1,TRUE,"ok","ok","","","exact result/status/warning parity"
"same_seed_same_ncores_replay","rng","A/B","balanced",2000,2,99173,2,2,TRUE,"ok","ok","","","exact result/status/warning parity"
"same_seed_same_ncores_replay","rng","A/B","balanced",2000,2,99173,2,127,TRUE,"ok","ok","","","exact result/status/warning parity"
"same_seed_same_ncores_replay","rng","A/B","balanced",2000,2,99173,2,128,TRUE,"ok","ok","","","exact result/status/warning parity"
"same_seed_same_ncores_replay","rng","A/B","balanced",2000,2,99173,2,129,TRUE,"ok","ok","","","exact result/status/warning parity"
"same_seed_same_ncores_replay","rng","A/B","balanced",2000,2,99173,2,255,TRUE,"ok","ok","","","exact result/status/warning parity"
"same_seed_same_ncores_replay","rng","A/B","balanced",2000,2,99173,2,256,TRUE,"ok","ok","","","exact result/status/warning parity"
"same_seed_same_ncores_replay","rng","A/B","balanced",2000,2,99173,2,257,TRUE,"ok","ok","","","exact result/status/warning parity"
"same_seed_same_ncores_replay","rng","A/B","balanced",2000,2,99173,2,3,TRUE,"ok","ok","","","exact result/status/warning parity"
"same_seed_same_ncores_replay","rng","A/B","balanced",2000,199,1,1,1,TRUE,"ok","ok","","","exact result/status/warning parity"
"same_seed_same_ncores_replay","rng","A/B","balanced",2000,199,1,1,2,TRUE,"ok","ok","","","exact result/status/warning parity"
"same_seed_same_ncores_replay","rng","A/B","balanced",2000,199,1,1,127,TRUE,"ok","ok","","","exact result/status/warning parity"
"same_seed_same_ncores_replay","rng","A/B","balanced",2000,199,1,1,128,TRUE,"ok","ok","","","exact result/status/warning parity"
"same_seed_same_ncores_replay","rng","A/B","balanced",2000,199,1,1,129,TRUE,"ok","ok","","","exact result/status/warning parity"
"same_seed_same_ncores_replay","rng","A/B","balanced",2000,199,1,1,255,TRUE,"ok","ok","","","exact result/status/warning parity"
"same_seed_same_ncores_replay","rng","A/B","balanced",2000,199,1,1,256,TRUE,"ok","ok","","","exact result/status/warning parity"
"same_seed_same_ncores_replay","rng","A/B","balanced",2000,199,1,1,257,TRUE,"ok","ok","","","exact result/status/warning parity"
"same_seed_same_ncores_replay","rng","A/B","balanced",2000,199,1,1,198,TRUE,"ok","ok","","","exact result/status/warning parity"
"same_seed_same_ncores_replay","rng","A/B","balanced",2000,199,1,1,199,TRUE,"ok","ok","","","exact result/status/warning parity"
"same_seed_same_ncores_replay","rng","A/B","balanced",2000,199,1,1,200,TRUE,"ok","ok","","","exact result/status/warning parity"
"same_seed_same_ncores_replay","rng","A/B","balanced",2000,199,1,2,1,TRUE,"ok","ok","","","exact result/status/warning parity"
"same_seed_same_ncores_replay","rng","A/B","balanced",2000,199,1,2,2,TRUE,"ok","ok","","","exact result/status/warning parity"
"same_seed_same_ncores_replay","rng","A/B","balanced",2000,199,1,2,127,TRUE,"ok","ok","","","exact result/status/warning parity"
"same_seed_same_ncores_replay","rng","A/B","balanced",2000,199,1,2,128,TRUE,"ok","ok","","","exact result/status/warning parity"
"same_seed_same_ncores_replay","rng","A/B","balanced",2000,199,1,2,129,TRUE,"ok","ok","","","exact result/status/warning parity"
"same_seed_same_ncores_replay","rng","A/B","balanced",2000,199,1,2,255,TRUE,"ok","ok","","","exact result/status/warning parity"
"same_seed_same_ncores_replay","rng","A/B","balanced",2000,199,1,2,256,TRUE,"ok","ok","","","exact result/status/warning parity"
"same_seed_same_ncores_replay","rng","A/B","balanced",2000,199,1,2,257,TRUE,"ok","ok","","","exact result/status/warning parity"
"same_seed_same_ncores_replay","rng","A/B","balanced",2000,199,1,2,198,TRUE,"ok","ok","","","exact result/status/warning parity"
"same_seed_same_ncores_replay","rng","A/B","balanced",2000,199,1,2,199,TRUE,"ok","ok","","","exact result/status/warning parity"
"same_seed_same_ncores_replay","rng","A/B","balanced",2000,199,1,2,200,TRUE,"ok","ok","","","exact result/status/warning parity"
"same_seed_same_ncores_replay","rng","A/B","balanced",2000,199,20260901,1,1,TRUE,"ok","ok","","","exact result/status/warning parity"
"same_seed_same_ncores_replay","rng","A/B","balanced",2000,199,20260901,1,2,TRUE,"ok","ok","","","exact result/status/warning parity"
"same_seed_same_ncores_replay","rng","A/B","balanced",2000,199,20260901,1,127,TRUE,"ok","ok","","","exact result/status/warning parity"
"same_seed_same_ncores_replay","rng","A/B","balanced",2000,199,20260901,1,128,TRUE,"ok","ok","","","exact result/status/warning parity"
"same_seed_same_ncores_replay","rng","A/B","balanced",2000,199,20260901,1,129,TRUE,"ok","ok","","","exact result/status/warning parity"
"same_seed_same_ncores_replay","rng","A/B","balanced",2000,199,20260901,1,255,TRUE,"ok","ok","","","exact result/status/warning parity"
"same_seed_same_ncores_replay","rng","A/B","balanced",2000,199,20260901,1,256,TRUE,"ok","ok","","","exact result/status/warning parity"
"same_seed_same_ncores_replay","rng","A/B","balanced",2000,199,20260901,1,257,TRUE,"ok","ok","","","exact result/status/warning parity"
"same_seed_same_ncores_replay","rng","A/B","balanced",2000,199,20260901,1,198,TRUE,"ok","ok","","","exact result/status/warning parity"
"same_seed_same_ncores_replay","rng","A/B","balanced",2000,199,20260901,1,199,TRUE,"ok","ok","","","exact result/status/warning parity"
"same_seed_same_ncores_replay","rng","A/B","balanced",2000,199,20260901,1,200,TRUE,"ok","ok","","","exact result/status/warning parity"
"same_seed_same_ncores_replay","rng","A/B","balanced",2000,199,20260901,2,1,TRUE,"ok","ok","","","exact result/status/warning parity"
"same_seed_same_ncores_replay","rng","A/B","balanced",2000,199,20260901,2,2,TRUE,"ok","ok","","","exact result/status/warning parity"
"same_seed_same_ncores_replay","rng","A/B","balanced",2000,199,20260901,2,127,TRUE,"ok","ok","","","exact result/status/warning parity"
"same_seed_same_ncores_replay","rng","A/B","balanced",2000,199,20260901,2,128,TRUE,"ok","ok","","","exact result/status/warning parity"
"same_seed_same_ncores_replay","rng","A/B","balanced",2000,199,20260901,2,129,TRUE,"ok","ok","","","exact result/status/warning parity"
"same_seed_same_ncores_replay","rng","A/B","balanced",2000,199,20260901,2,255,TRUE,"ok","ok","","","exact result/status/warning parity"
"same_seed_same_ncores_replay","rng","A/B","balanced",2000,199,20260901,2,256,TRUE,"ok","ok","","","exact result/status/warning parity"
"same_seed_same_ncores_replay","rng","A/B","balanced",2000,199,20260901,2,257,TRUE,"ok","ok","","","exact result/status/warning parity"
"same_seed_same_ncores_replay","rng","A/B","balanced",2000,199,20260901,2,198,TRUE,"ok","ok","","","exact result/status/warning parity"
"same_seed_same_ncores_replay","rng","A/B","balanced",2000,199,20260901,2,199,TRUE,"ok","ok","","","exact result/status/warning parity"
"same_seed_same_ncores_replay","rng","A/B","balanced",2000,199,20260901,2,200,TRUE,"ok","ok","","","exact result/status/warning parity"
"same_seed_same_ncores_replay","rng","A/B","balanced",2000,199,99173,1,1,TRUE,"ok","ok","","","exact result/status/warning parity"
"same_seed_same_ncores_replay","rng","A/B","balanced",2000,199,99173,1,2,TRUE,"ok","ok","","","exact result/status/warning parity"
"same_seed_same_ncores_replay","rng","A/B","balanced",2000,199,99173,1,127,TRUE,"ok","ok","","","exact result/status/warning parity"
"same_seed_same_ncores_replay","rng","A/B","balanced",2000,199,99173,1,128,TRUE,"ok","ok","","","exact result/status/warning parity"
"same_seed_same_ncores_replay","rng","A/B","balanced",2000,199,99173,1,129,TRUE,"ok","ok","","","exact result/status/warning parity"
"same_seed_same_ncores_replay","rng","A/B","balanced",2000,199,99173,1,255,TRUE,"ok","ok","","","exact result/status/warning parity"
"same_seed_same_ncores_replay","rng","A/B","balanced",2000,199,99173,1,256,TRUE,"ok","ok","","","exact result/status/warning parity"
"same_seed_same_ncores_replay","rng","A/B","balanced",2000,199,99173,1,257,TRUE,"ok","ok","","","exact result/status/warning parity"
"same_seed_same_ncores_replay","rng","A/B","balanced",2000,199,99173,1,198,TRUE,"ok","ok","","","exact result/status/warning parity"
"same_seed_same_ncores_replay","rng","A/B","balanced",2000,199,99173,1,199,TRUE,"ok","ok","","","exact result/status/warning parity"
"same_seed_same_ncores_replay","rng","A/B","balanced",2000,199,99173,1,200,TRUE,"ok","ok","","","exact result/status/warning parity"
"same_seed_same_ncores_replay","rng","A/B","balanced",2000,199,99173,2,1,TRUE,"ok","ok","","","exact result/status/warning parity"
"same_seed_same_ncores_replay","rng","A/B","balanced",2000,199,99173,2,2,TRUE,"ok","ok","","","exact result/status/warning parity"
"same_seed_same_ncores_replay","rng","A/B","balanced",2000,199,99173,2,127,TRUE,"ok","ok","","","exact result/status/warning parity"
"same_seed_same_ncores_replay","rng","A/B","balanced",2000,199,99173,2,128,TRUE,"ok","ok","","","exact result/status/warning parity"
"same_seed_same_ncores_replay","rng","A/B","balanced",2000,199,99173,2,129,TRUE,"ok","ok","","","exact result/status/warning parity"
"same_seed_same_ncores_replay","rng","A/B","balanced",2000,199,99173,2,255,TRUE,"ok","ok","","","exact result/status/warning parity"
"same_seed_same_ncores_replay","rng","A/B","balanced",2000,199,99173,2,256,TRUE,"ok","ok","","","exact result/status/warning parity"
"same_seed_same_ncores_replay","rng","A/B","balanced",2000,199,99173,2,257,TRUE,"ok","ok","","","exact result/status/warning parity"
"same_seed_same_ncores_replay","rng","A/B","balanced",2000,199,99173,2,198,TRUE,"ok","ok","","","exact result/status/warning parity"
"same_seed_same_ncores_replay","rng","A/B","balanced",2000,199,99173,2,199,TRUE,"ok","ok","","","exact result/status/warning parity"
"same_seed_same_ncores_replay","rng","A/B","balanced",2000,199,99173,2,200,TRUE,"ok","ok","","","exact result/status/warning parity"
"same_seed_same_ncores_replay","rng","A/B","balanced",2000,999,1,1,1,TRUE,"ok","ok","","","exact result/status/warning parity"
"same_seed_same_ncores_replay","rng","A/B","balanced",2000,999,1,1,2,TRUE,"ok","ok","","","exact result/status/warning parity"
"same_seed_same_ncores_replay","rng","A/B","balanced",2000,999,1,1,127,TRUE,"ok","ok","","","exact result/status/warning parity"
"same_seed_same_ncores_replay","rng","A/B","balanced",2000,999,1,1,128,TRUE,"ok","ok","","","exact result/status/warning parity"
"same_seed_same_ncores_replay","rng","A/B","balanced",2000,999,1,1,129,TRUE,"ok","ok","","","exact result/status/warning parity"
"same_seed_same_ncores_replay","rng","A/B","balanced",2000,999,1,1,255,TRUE,"ok","ok","","","exact result/status/warning parity"
"same_seed_same_ncores_replay","rng","A/B","balanced",2000,999,1,1,256,TRUE,"ok","ok","","","exact result/status/warning parity"
"same_seed_same_ncores_replay","rng","A/B","balanced",2000,999,1,1,257,TRUE,"ok","ok","","","exact result/status/warning parity"
"same_seed_same_ncores_replay","rng","A/B","balanced",2000,999,1,1,998,TRUE,"ok","ok","","","exact result/status/warning parity"
"same_seed_same_ncores_replay","rng","A/B","balanced",2000,999,1,1,999,TRUE,"ok","ok","","","exact result/status/warning parity"
"same_seed_same_ncores_replay","rng","A/B","balanced",2000,999,1,1,1000,TRUE,"ok","ok","","","exact result/status/warning parity"
"same_seed_same_ncores_replay","rng","A/B","balanced",2000,999,1,2,1,TRUE,"ok","ok","","","exact result/status/warning parity"
"same_seed_same_ncores_replay","rng","A/B","balanced",2000,999,1,2,2,TRUE,"ok","ok","","","exact result/status/warning parity"
"same_seed_same_ncores_replay","rng","A/B","balanced",2000,999,1,2,127,TRUE,"ok","ok","","","exact result/status/warning parity"
"same_seed_same_ncores_replay","rng","A/B","balanced",2000,999,1,2,128,TRUE,"ok","ok","","","exact result/status/warning parity"
"same_seed_same_ncores_replay","rng","A/B","balanced",2000,999,1,2,129,TRUE,"ok","ok","","","exact result/status/warning parity"
"same_seed_same_ncores_replay","rng","A/B","balanced",2000,999,1,2,255,TRUE,"ok","ok","","","exact result/status/warning parity"
"same_seed_same_ncores_replay","rng","A/B","balanced",2000,999,1,2,256,TRUE,"ok","ok","","","exact result/status/warning parity"
"same_seed_same_ncores_replay","rng","A/B","balanced",2000,999,1,2,257,TRUE,"ok","ok","","","exact result/status/warning parity"
"same_seed_same_ncores_replay","rng","A/B","balanced",2000,999,1,2,998,TRUE,"ok","ok","","","exact result/status/warning parity"
"same_seed_same_ncores_replay","rng","A/B","balanced",2000,999,1,2,999,TRUE,"ok","ok","","","exact result/status/warning parity"
"same_seed_same_ncores_replay","rng","A/B","balanced",2000,999,1,2,1000,TRUE,"ok","ok","","","exact result/status/warning parity"
"same_seed_same_ncores_replay","rng","A/B","balanced",2000,999,20260901,1,1,TRUE,"ok","ok","","","exact result/status/warning parity"
"same_seed_same_ncores_replay","rng","A/B","balanced",2000,999,20260901,1,2,TRUE,"ok","ok","","","exact result/status/warning parity"
"same_seed_same_ncores_replay","rng","A/B","balanced",2000,999,20260901,1,127,TRUE,"ok","ok","","","exact result/status/warning parity"
"same_seed_same_ncores_replay","rng","A/B","balanced",2000,999,20260901,1,128,TRUE,"ok","ok","","","exact result/status/warning parity"
"same_seed_same_ncores_replay","rng","A/B","balanced",2000,999,20260901,1,129,TRUE,"ok","ok","","","exact result/status/warning parity"
"same_seed_same_ncores_replay","rng","A/B","balanced",2000,999,20260901,1,255,TRUE,"ok","ok","","","exact result/status/warning parity"
"same_seed_same_ncores_replay","rng","A/B","balanced",2000,999,20260901,1,256,TRUE,"ok","ok","","","exact result/status/warning parity"
"same_seed_same_ncores_replay","rng","A/B","balanced",2000,999,20260901,1,257,TRUE,"ok","ok","","","exact result/status/warning parity"
"same_seed_same_ncores_replay","rng","A/B","balanced",2000,999,20260901,1,998,TRUE,"ok","ok","","","exact result/status/warning parity"
"same_seed_same_ncores_replay","rng","A/B","balanced",2000,999,20260901,1,999,TRUE,"ok","ok","","","exact result/status/warning parity"
"same_seed_same_ncores_replay","rng","A/B","balanced",2000,999,20260901,1,1000,TRUE,"ok","ok","","","exact result/status/warning parity"
"same_seed_same_ncores_replay","rng","A/B","balanced",2000,999,20260901,2,1,TRUE,"ok","ok","","","exact result/status/warning parity"
"same_seed_same_ncores_replay","rng","A/B","balanced",2000,999,20260901,2,2,TRUE,"ok","ok","","","exact result/status/warning parity"
"same_seed_same_ncores_replay","rng","A/B","balanced",2000,999,20260901,2,127,TRUE,"ok","ok","","","exact result/status/warning parity"
"same_seed_same_ncores_replay","rng","A/B","balanced",2000,999,20260901,2,128,TRUE,"ok","ok","","","exact result/status/warning parity"
"same_seed_same_ncores_replay","rng","A/B","balanced",2000,999,20260901,2,129,TRUE,"ok","ok","","","exact result/status/warning parity"
"same_seed_same_ncores_replay","rng","A/B","balanced",2000,999,20260901,2,255,TRUE,"ok","ok","","","exact result/status/warning parity"
"same_seed_same_ncores_replay","rng","A/B","balanced",2000,999,20260901,2,256,TRUE,"ok","ok","","","exact result/status/warning parity"
"same_seed_same_ncores_replay","rng","A/B","balanced",2000,999,20260901,2,257,TRUE,"ok","ok","","","exact result/status/warning parity"
"same_seed_same_ncores_replay","rng","A/B","balanced",2000,999,20260901,2,998,TRUE,"ok","ok","","","exact result/status/warning parity"
"same_seed_same_ncores_replay","rng","A/B","balanced",2000,999,20260901,2,999,TRUE,"ok","ok","","","exact result/status/warning parity"
"same_seed_same_ncores_replay","rng","A/B","balanced",2000,999,20260901,2,1000,TRUE,"ok","ok","","","exact result/status/warning parity"
"same_seed_same_ncores_replay","rng","A/B","balanced",2000,999,99173,1,1,TRUE,"ok","ok","","","exact result/status/warning parity"
"same_seed_same_ncores_replay","rng","A/B","balanced",2000,999,99173,1,2,TRUE,"ok","ok","","","exact result/status/warning parity"
"same_seed_same_ncores_replay","rng","A/B","balanced",2000,999,99173,1,127,TRUE,"ok","ok","","","exact result/status/warning parity"
"same_seed_same_ncores_replay","rng","A/B","balanced",2000,999,99173,1,128,TRUE,"ok","ok","","","exact result/status/warning parity"
"same_seed_same_ncores_replay","rng","A/B","balanced",2000,999,99173,1,129,TRUE,"ok","ok","","","exact result/status/warning parity"
"same_seed_same_ncores_replay","rng","A/B","balanced",2000,999,99173,1,255,TRUE,"ok","ok","","","exact result/status/warning parity"
"same_seed_same_ncores_replay","rng","A/B","balanced",2000,999,99173,1,256,TRUE,"ok","ok","","","exact result/status/warning parity"
"same_seed_same_ncores_replay","rng","A/B","balanced",2000,999,99173,1,257,TRUE,"ok","ok","","","exact result/status/warning parity"
"same_seed_same_ncores_replay","rng","A/B","balanced",2000,999,99173,1,998,TRUE,"ok","ok","","","exact result/status/warning parity"
"same_seed_same_ncores_replay","rng","A/B","balanced",2000,999,99173,1,999,TRUE,"ok","ok","","","exact result/status/warning parity"
"same_seed_same_ncores_replay","rng","A/B","balanced",2000,999,99173,1,1000,TRUE,"ok","ok","","","exact result/status/warning parity"
"same_seed_same_ncores_replay","rng","A/B","balanced",2000,999,99173,2,1,TRUE,"ok","ok","","","exact result/status/warning parity"
"same_seed_same_ncores_replay","rng","A/B","balanced",2000,999,99173,2,2,TRUE,"ok","ok","","","exact result/status/warning parity"
"same_seed_same_ncores_replay","rng","A/B","balanced",2000,999,99173,2,127,TRUE,"ok","ok","","","exact result/status/warning parity"
"same_seed_same_ncores_replay","rng","A/B","balanced",2000,999,99173,2,128,TRUE,"ok","ok","","","exact result/status/warning parity"
"same_seed_same_ncores_replay","rng","A/B","balanced",2000,999,99173,2,129,TRUE,"ok","ok","","","exact result/status/warning parity"
"same_seed_same_ncores_replay","rng","A/B","balanced",2000,999,99173,2,255,TRUE,"ok","ok","","","exact result/status/warning parity"
"same_seed_same_ncores_replay","rng","A/B","balanced",2000,999,99173,2,256,TRUE,"ok","ok","","","exact result/status/warning parity"
"same_seed_same_ncores_replay","rng","A/B","balanced",2000,999,99173,2,257,TRUE,"ok","ok","","","exact result/status/warning parity"
"same_seed_same_ncores_replay","rng","A/B","balanced",2000,999,99173,2,998,TRUE,"ok","ok","","","exact result/status/warning parity"
"same_seed_same_ncores_replay","rng","A/B","balanced",2000,999,99173,2,999,TRUE,"ok","ok","","","exact result/status/warning parity"
"same_seed_same_ncores_replay","rng","A/B","balanced",2000,999,99173,2,1000,TRUE,"ok","ok","","","exact result/status/warning parity"
"same_seed_same_ncores_replay","rng","A/B","balanced",5000,1,1,1,1,TRUE,"ok","ok","","","exact result/status/warning parity"
"same_seed_same_ncores_replay","rng","A/B","balanced",5000,1,1,1,2,TRUE,"ok","ok","","","exact result/status/warning parity"
"same_seed_same_ncores_replay","rng","A/B","balanced",5000,1,1,1,127,TRUE,"ok","ok","","","exact result/status/warning parity"
"same_seed_same_ncores_replay","rng","A/B","balanced",5000,1,1,1,128,TRUE,"ok","ok","","","exact result/status/warning parity"
"same_seed_same_ncores_replay","rng","A/B","balanced",5000,1,1,1,129,TRUE,"ok","ok","","","exact result/status/warning parity"
"same_seed_same_ncores_replay","rng","A/B","balanced",5000,1,1,1,255,TRUE,"ok","ok","","","exact result/status/warning parity"
"same_seed_same_ncores_replay","rng","A/B","balanced",5000,1,1,1,256,TRUE,"ok","ok","","","exact result/status/warning parity"
"same_seed_same_ncores_replay","rng","A/B","balanced",5000,1,1,1,257,TRUE,"ok","ok","","","exact result/status/warning parity"
"same_seed_same_ncores_replay","rng","A/B","balanced",5000,1,1,2,1,TRUE,"ok","ok","","","exact result/status/warning parity"
"same_seed_same_ncores_replay","rng","A/B","balanced",5000,1,1,2,2,TRUE,"ok","ok","","","exact result/status/warning parity"
"same_seed_same_ncores_replay","rng","A/B","balanced",5000,1,1,2,127,TRUE,"ok","ok","","","exact result/status/warning parity"
"same_seed_same_ncores_replay","rng","A/B","balanced",5000,1,1,2,128,TRUE,"ok","ok","","","exact result/status/warning parity"
"same_seed_same_ncores_replay","rng","A/B","balanced",5000,1,1,2,129,TRUE,"ok","ok","","","exact result/status/warning parity"
"same_seed_same_ncores_replay","rng","A/B","balanced",5000,1,1,2,255,TRUE,"ok","ok","","","exact result/status/warning parity"
"same_seed_same_ncores_replay","rng","A/B","balanced",5000,1,1,2,256,TRUE,"ok","ok","","","exact result/status/warning parity"
"same_seed_same_ncores_replay","rng","A/B","balanced",5000,1,1,2,257,TRUE,"ok","ok","","","exact result/status/warning parity"
"same_seed_same_ncores_replay","rng","A/B","balanced",5000,1,20260901,1,1,TRUE,"ok","ok","","","exact result/status/warning parity"
"same_seed_same_ncores_replay","rng","A/B","balanced",5000,1,20260901,1,2,TRUE,"ok","ok","","","exact result/status/warning parity"
"same_seed_same_ncores_replay","rng","A/B","balanced",5000,1,20260901,1,127,TRUE,"ok","ok","","","exact result/status/warning parity"
"same_seed_same_ncores_replay","rng","A/B","balanced",5000,1,20260901,1,128,TRUE,"ok","ok","","","exact result/status/warning parity"
"same_seed_same_ncores_replay","rng","A/B","balanced",5000,1,20260901,1,129,TRUE,"ok","ok","","","exact result/status/warning parity"
"same_seed_same_ncores_replay","rng","A/B","balanced",5000,1,20260901,1,255,TRUE,"ok","ok","","","exact result/status/warning parity"
"same_seed_same_ncores_replay","rng","A/B","balanced",5000,1,20260901,1,256,TRUE,"ok","ok","","","exact result/status/warning parity"
"same_seed_same_ncores_replay","rng","A/B","balanced",5000,1,20260901,1,257,TRUE,"ok","ok","","","exact result/status/warning parity"
"same_seed_same_ncores_replay","rng","A/B","balanced",5000,1,20260901,2,1,TRUE,"ok","ok","","","exact result/status/warning parity"
"same_seed_same_ncores_replay","rng","A/B","balanced",5000,1,20260901,2,2,TRUE,"ok","ok","","","exact result/status/warning parity"
"same_seed_same_ncores_replay","rng","A/B","balanced",5000,1,20260901,2,127,TRUE,"ok","ok","","","exact result/status/warning parity"
"same_seed_same_ncores_replay","rng","A/B","balanced",5000,1,20260901,2,128,TRUE,"ok","ok","","","exact result/status/warning parity"
"same_seed_same_ncores_replay","rng","A/B","balanced",5000,1,20260901,2,129,TRUE,"ok","ok","","","exact result/status/warning parity"
"same_seed_same_ncores_replay","rng","A/B","balanced",5000,1,20260901,2,255,TRUE,"ok","ok","","","exact result/status/warning parity"
"same_seed_same_ncores_replay","rng","A/B","balanced",5000,1,20260901,2,256,TRUE,"ok","ok","","","exact result/status/warning parity"
"same_seed_same_ncores_replay","rng","A/B","balanced",5000,1,20260901,2,257,TRUE,"ok","ok","","","exact result/status/warning parity"
"same_seed_same_ncores_replay","rng","A/B","balanced",5000,1,99173,1,1,TRUE,"ok","ok","","","exact result/status/warning parity"
"same_seed_same_ncores_replay","rng","A/B","balanced",5000,1,99173,1,2,TRUE,"ok","ok","","","exact result/status/warning parity"
"same_seed_same_ncores_replay","rng","A/B","balanced",5000,1,99173,1,127,TRUE,"ok","ok","","","exact result/status/warning parity"
"same_seed_same_ncores_replay","rng","A/B","balanced",5000,1,99173,1,128,TRUE,"ok","ok","","","exact result/status/warning parity"
"same_seed_same_ncores_replay","rng","A/B","balanced",5000,1,99173,1,129,TRUE,"ok","ok","","","exact result/status/warning parity"
"same_seed_same_ncores_replay","rng","A/B","balanced",5000,1,99173,1,255,TRUE,"ok","ok","","","exact result/status/warning parity"
"same_seed_same_ncores_replay","rng","A/B","balanced",5000,1,99173,1,256,TRUE,"ok","ok","","","exact result/status/warning parity"
"same_seed_same_ncores_replay","rng","A/B","balanced",5000,1,99173,1,257,TRUE,"ok","ok","","","exact result/status/warning parity"
"same_seed_same_ncores_replay","rng","A/B","balanced",5000,1,99173,2,1,TRUE,"ok","ok","","","exact result/status/warning parity"
"same_seed_same_ncores_replay","rng","A/B","balanced",5000,1,99173,2,2,TRUE,"ok","ok","","","exact result/status/warning parity"
"same_seed_same_ncores_replay","rng","A/B","balanced",5000,1,99173,2,127,TRUE,"ok","ok","","","exact result/status/warning parity"
"same_seed_same_ncores_replay","rng","A/B","balanced",5000,1,99173,2,128,TRUE,"ok","ok","","","exact result/status/warning parity"
"same_seed_same_ncores_replay","rng","A/B","balanced",5000,1,99173,2,129,TRUE,"ok","ok","","","exact result/status/warning parity"
"same_seed_same_ncores_replay","rng","A/B","balanced",5000,1,99173,2,255,TRUE,"ok","ok","","","exact result/status/warning parity"
"same_seed_same_ncores_replay","rng","A/B","balanced",5000,1,99173,2,256,TRUE,"ok","ok","","","exact result/status/warning parity"
"same_seed_same_ncores_replay","rng","A/B","balanced",5000,1,99173,2,257,TRUE,"ok","ok","","","exact result/status/warning parity"
"same_seed_same_ncores_replay","rng","A/B","balanced",5000,2,1,1,1,TRUE,"ok","ok","","","exact result/status/warning parity"
"same_seed_same_ncores_replay","rng","A/B","balanced",5000,2,1,1,2,TRUE,"ok","ok","","","exact result/status/warning parity"
"same_seed_same_ncores_replay","rng","A/B","balanced",5000,2,1,1,127,TRUE,"ok","ok","","","exact result/status/warning parity"
"same_seed_same_ncores_replay","rng","A/B","balanced",5000,2,1,1,128,TRUE,"ok","ok","","","exact result/status/warning parity"
"same_seed_same_ncores_replay","rng","A/B","balanced",5000,2,1,1,129,TRUE,"ok","ok","","","exact result/status/warning parity"
"same_seed_same_ncores_replay","rng","A/B","balanced",5000,2,1,1,255,TRUE,"ok","ok","","","exact result/status/warning parity"
"same_seed_same_ncores_replay","rng","A/B","balanced",5000,2,1,1,256,TRUE,"ok","ok","","","exact result/status/warning parity"
"same_seed_same_ncores_replay","rng","A/B","balanced",5000,2,1,1,257,TRUE,"ok","ok","","","exact result/status/warning parity"
"same_seed_same_ncores_replay","rng","A/B","balanced",5000,2,1,1,3,TRUE,"ok","ok","","","exact result/status/warning parity"
"same_seed_same_ncores_replay","rng","A/B","balanced",5000,2,1,2,1,TRUE,"ok","ok","","","exact result/status/warning parity"
"same_seed_same_ncores_replay","rng","A/B","balanced",5000,2,1,2,2,TRUE,"ok","ok","","","exact result/status/warning parity"
"same_seed_same_ncores_replay","rng","A/B","balanced",5000,2,1,2,127,TRUE,"ok","ok","","","exact result/status/warning parity"
"same_seed_same_ncores_replay","rng","A/B","balanced",5000,2,1,2,128,TRUE,"ok","ok","","","exact result/status/warning parity"
"same_seed_same_ncores_replay","rng","A/B","balanced",5000,2,1,2,129,TRUE,"ok","ok","","","exact result/status/warning parity"
"same_seed_same_ncores_replay","rng","A/B","balanced",5000,2,1,2,255,TRUE,"ok","ok","","","exact result/status/warning parity"
"same_seed_same_ncores_replay","rng","A/B","balanced",5000,2,1,2,256,TRUE,"ok","ok","","","exact result/status/warning parity"
"same_seed_same_ncores_replay","rng","A/B","balanced",5000,2,1,2,257,TRUE,"ok","ok","","","exact result/status/warning parity"
"same_seed_same_ncores_replay","rng","A/B","balanced",5000,2,1,2,3,TRUE,"ok","ok","","","exact result/status/warning parity"
"same_seed_same_ncores_replay","rng","A/B","balanced",5000,2,20260901,1,1,TRUE,"ok","ok","","","exact result/status/warning parity"
"same_seed_same_ncores_replay","rng","A/B","balanced",5000,2,20260901,1,2,TRUE,"ok","ok","","","exact result/status/warning parity"
"same_seed_same_ncores_replay","rng","A/B","balanced",5000,2,20260901,1,127,TRUE,"ok","ok","","","exact result/status/warning parity"
"same_seed_same_ncores_replay","rng","A/B","balanced",5000,2,20260901,1,128,TRUE,"ok","ok","","","exact result/status/warning parity"
"same_seed_same_ncores_replay","rng","A/B","balanced",5000,2,20260901,1,129,TRUE,"ok","ok","","","exact result/status/warning parity"
"same_seed_same_ncores_replay","rng","A/B","balanced",5000,2,20260901,1,255,TRUE,"ok","ok","","","exact result/status/warning parity"
"same_seed_same_ncores_replay","rng","A/B","balanced",5000,2,20260901,1,256,TRUE,"ok","ok","","","exact result/status/warning parity"
"same_seed_same_ncores_replay","rng","A/B","balanced",5000,2,20260901,1,257,TRUE,"ok","ok","","","exact result/status/warning parity"
"same_seed_same_ncores_replay","rng","A/B","balanced",5000,2,20260901,1,3,TRUE,"ok","ok","","","exact result/status/warning parity"
"same_seed_same_ncores_replay","rng","A/B","balanced",5000,2,20260901,2,1,TRUE,"ok","ok","","","exact result/status/warning parity"
"same_seed_same_ncores_replay","rng","A/B","balanced",5000,2,20260901,2,2,TRUE,"ok","ok","","","exact result/status/warning parity"
"same_seed_same_ncores_replay","rng","A/B","balanced",5000,2,20260901,2,127,TRUE,"ok","ok","","","exact result/status/warning parity"
"same_seed_same_ncores_replay","rng","A/B","balanced",5000,2,20260901,2,128,TRUE,"ok","ok","","","exact result/status/warning parity"
"same_seed_same_ncores_replay","rng","A/B","balanced",5000,2,20260901,2,129,TRUE,"ok","ok","","","exact result/status/warning parity"
"same_seed_same_ncores_replay","rng","A/B","balanced",5000,2,20260901,2,255,TRUE,"ok","ok","","","exact result/status/warning parity"
"same_seed_same_ncores_replay","rng","A/B","balanced",5000,2,20260901,2,256,TRUE,"ok","ok","","","exact result/status/warning parity"
"same_seed_same_ncores_replay","rng","A/B","balanced",5000,2,20260901,2,257,TRUE,"ok","ok","","","exact result/status/warning parity"
"same_seed_same_ncores_replay","rng","A/B","balanced",5000,2,20260901,2,3,TRUE,"ok","ok","","","exact result/status/warning parity"
"same_seed_same_ncores_replay","rng","A/B","balanced",5000,2,99173,1,1,TRUE,"ok","ok","","","exact result/status/warning parity"
"same_seed_same_ncores_replay","rng","A/B","balanced",5000,2,99173,1,2,TRUE,"ok","ok","","","exact result/status/warning parity"
"same_seed_same_ncores_replay","rng","A/B","balanced",5000,2,99173,1,127,TRUE,"ok","ok","","","exact result/status/warning parity"
"same_seed_same_ncores_replay","rng","A/B","balanced",5000,2,99173,1,128,TRUE,"ok","ok","","","exact result/status/warning parity"
"same_seed_same_ncores_replay","rng","A/B","balanced",5000,2,99173,1,129,TRUE,"ok","ok","","","exact result/status/warning parity"
"same_seed_same_ncores_replay","rng","A/B","balanced",5000,2,99173,1,255,TRUE,"ok","ok","","","exact result/status/warning parity"
"same_seed_same_ncores_replay","rng","A/B","balanced",5000,2,99173,1,256,TRUE,"ok","ok","","","exact result/status/warning parity"
"same_seed_same_ncores_replay","rng","A/B","balanced",5000,2,99173,1,257,TRUE,"ok","ok","","","exact result/status/warning parity"
"same_seed_same_ncores_replay","rng","A/B","balanced",5000,2,99173,1,3,TRUE,"ok","ok","","","exact result/status/warning parity"
"same_seed_same_ncores_replay","rng","A/B","balanced",5000,2,99173,2,1,TRUE,"ok","ok","","","exact result/status/warning parity"
"same_seed_same_ncores_replay","rng","A/B","balanced",5000,2,99173,2,2,TRUE,"ok","ok","","","exact result/status/warning parity"
"same_seed_same_ncores_replay","rng","A/B","balanced",5000,2,99173,2,127,TRUE,"ok","ok","","","exact result/status/warning parity"
"same_seed_same_ncores_replay","rng","A/B","balanced",5000,2,99173,2,128,TRUE,"ok","ok","","","exact result/status/warning parity"
"same_seed_same_ncores_replay","rng","A/B","balanced",5000,2,99173,2,129,TRUE,"ok","ok","","","exact result/status/warning parity"
"same_seed_same_ncores_replay","rng","A/B","balanced",5000,2,99173,2,255,TRUE,"ok","ok","","","exact result/status/warning parity"
"same_seed_same_ncores_replay","rng","A/B","balanced",5000,2,99173,2,256,TRUE,"ok","ok","","","exact result/status/warning parity"
"same_seed_same_ncores_replay","rng","A/B","balanced",5000,2,99173,2,257,TRUE,"ok","ok","","","exact result/status/warning parity"
"same_seed_same_ncores_replay","rng","A/B","balanced",5000,2,99173,2,3,TRUE,"ok","ok","","","exact result/status/warning parity"
"same_seed_same_ncores_replay","rng","A/B","balanced",5000,199,1,1,1,TRUE,"ok","ok","","","exact result/status/warning parity"
"same_seed_same_ncores_replay","rng","A/B","balanced",5000,199,1,1,2,TRUE,"ok","ok","","","exact result/status/warning parity"
"same_seed_same_ncores_replay","rng","A/B","balanced",5000,199,1,1,127,TRUE,"ok","ok","","","exact result/status/warning parity"
"same_seed_same_ncores_replay","rng","A/B","balanced",5000,199,1,1,128,TRUE,"ok","ok","","","exact result/status/warning parity"
"same_seed_same_ncores_replay","rng","A/B","balanced",5000,199,1,1,129,TRUE,"ok","ok","","","exact result/status/warning parity"
"same_seed_same_ncores_replay","rng","A/B","balanced",5000,199,1,1,255,TRUE,"ok","ok","","","exact result/status/warning parity"
"same_seed_same_ncores_replay","rng","A/B","balanced",5000,199,1,1,256,TRUE,"ok","ok","","","exact result/status/warning parity"
"same_seed_same_ncores_replay","rng","A/B","balanced",5000,199,1,1,257,TRUE,"ok","ok","","","exact result/status/warning parity"
"same_seed_same_ncores_replay","rng","A/B","balanced",5000,199,1,1,198,TRUE,"ok","ok","","","exact result/status/warning parity"
"same_seed_same_ncores_replay","rng","A/B","balanced",5000,199,1,1,199,TRUE,"ok","ok","","","exact result/status/warning parity"
"same_seed_same_ncores_replay","rng","A/B","balanced",5000,199,1,1,200,TRUE,"ok","ok","","","exact result/status/warning parity"
"same_seed_same_ncores_replay","rng","A/B","balanced",5000,199,1,2,1,TRUE,"ok","ok","","","exact result/status/warning parity"
"same_seed_same_ncores_replay","rng","A/B","balanced",5000,199,1,2,2,TRUE,"ok","ok","","","exact result/status/warning parity"
"same_seed_same_ncores_replay","rng","A/B","balanced",5000,199,1,2,127,TRUE,"ok","ok","","","exact result/status/warning parity"
"same_seed_same_ncores_replay","rng","A/B","balanced",5000,199,1,2,128,TRUE,"ok","ok","","","exact result/status/warning parity"
"same_seed_same_ncores_replay","rng","A/B","balanced",5000,199,1,2,129,TRUE,"ok","ok","","","exact result/status/warning parity"
"same_seed_same_ncores_replay","rng","A/B","balanced",5000,199,1,2,255,TRUE,"ok","ok","","","exact result/status/warning parity"
"same_seed_same_ncores_replay","rng","A/B","balanced",5000,199,1,2,256,TRUE,"ok","ok","","","exact result/status/warning parity"
"same_seed_same_ncores_replay","rng","A/B","balanced",5000,199,1,2,257,TRUE,"ok","ok","","","exact result/status/warning parity"
"same_seed_same_ncores_replay","rng","A/B","balanced",5000,199,1,2,198,TRUE,"ok","ok","","","exact result/status/warning parity"
"same_seed_same_ncores_replay","rng","A/B","balanced",5000,199,1,2,199,TRUE,"ok","ok","","","exact result/status/warning parity"
"same_seed_same_ncores_replay","rng","A/B","balanced",5000,199,1,2,200,TRUE,"ok","ok","","","exact result/status/warning parity"
"same_seed_same_ncores_replay","rng","A/B","balanced",5000,199,20260901,1,1,TRUE,"ok","ok","","","exact result/status/warning parity"
"same_seed_same_ncores_replay","rng","A/B","balanced",5000,199,20260901,1,2,TRUE,"ok","ok","","","exact result/status/warning parity"
"same_seed_same_ncores_replay","rng","A/B","balanced",5000,199,20260901,1,127,TRUE,"ok","ok","","","exact result/status/warning parity"
"same_seed_same_ncores_replay","rng","A/B","balanced",5000,199,20260901,1,128,TRUE,"ok","ok","","","exact result/status/warning parity"
"same_seed_same_ncores_replay","rng","A/B","balanced",5000,199,20260901,1,129,TRUE,"ok","ok","","","exact result/status/warning parity"
"same_seed_same_ncores_replay","rng","A/B","balanced",5000,199,20260901,1,255,TRUE,"ok","ok","","","exact result/status/warning parity"
"same_seed_same_ncores_replay","rng","A/B","balanced",5000,199,20260901,1,256,TRUE,"ok","ok","","","exact result/status/warning parity"
"same_seed_same_ncores_replay","rng","A/B","balanced",5000,199,20260901,1,257,TRUE,"ok","ok","","","exact result/status/warning parity"
"same_seed_same_ncores_replay","rng","A/B","balanced",5000,199,20260901,1,198,TRUE,"ok","ok","","","exact result/status/warning parity"
"same_seed_same_ncores_replay","rng","A/B","balanced",5000,199,20260901,1,199,TRUE,"ok","ok","","","exact result/status/warning parity"
"same_seed_same_ncores_replay","rng","A/B","balanced",5000,199,20260901,1,200,TRUE,"ok","ok","","","exact result/status/warning parity"
"same_seed_same_ncores_replay","rng","A/B","balanced",5000,199,20260901,2,1,TRUE,"ok","ok","","","exact result/status/warning parity"
"same_seed_same_ncores_replay","rng","A/B","balanced",5000,199,20260901,2,2,TRUE,"ok","ok","","","exact result/status/warning parity"
"same_seed_same_ncores_replay","rng","A/B","balanced",5000,199,20260901,2,127,TRUE,"ok","ok","","","exact result/status/warning parity"
"same_seed_same_ncores_replay","rng","A/B","balanced",5000,199,20260901,2,128,TRUE,"ok","ok","","","exact result/status/warning parity"
"same_seed_same_ncores_replay","rng","A/B","balanced",5000,199,20260901,2,129,TRUE,"ok","ok","","","exact result/status/warning parity"
"same_seed_same_ncores_replay","rng","A/B","balanced",5000,199,20260901,2,255,TRUE,"ok","ok","","","exact result/status/warning parity"
"same_seed_same_ncores_replay","rng","A/B","balanced",5000,199,20260901,2,256,TRUE,"ok","ok","","","exact result/status/warning parity"
"same_seed_same_ncores_replay","rng","A/B","balanced",5000,199,20260901,2,257,TRUE,"ok","ok","","","exact result/status/warning parity"
"same_seed_same_ncores_replay","rng","A/B","balanced",5000,199,20260901,2,198,TRUE,"ok","ok","","","exact result/status/warning parity"
"same_seed_same_ncores_replay","rng","A/B","balanced",5000,199,20260901,2,199,TRUE,"ok","ok","","","exact result/status/warning parity"
"same_seed_same_ncores_replay","rng","A/B","balanced",5000,199,20260901,2,200,TRUE,"ok","ok","","","exact result/status/warning parity"
"same_seed_same_ncores_replay","rng","A/B","balanced",5000,199,99173,1,1,TRUE,"ok","ok","","","exact result/status/warning parity"
"same_seed_same_ncores_replay","rng","A/B","balanced",5000,199,99173,1,2,TRUE,"ok","ok","","","exact result/status/warning parity"
"same_seed_same_ncores_replay","rng","A/B","balanced",5000,199,99173,1,127,TRUE,"ok","ok","","","exact result/status/warning parity"
"same_seed_same_ncores_replay","rng","A/B","balanced",5000,199,99173,1,128,TRUE,"ok","ok","","","exact result/status/warning parity"
"same_seed_same_ncores_replay","rng","A/B","balanced",5000,199,99173,1,129,TRUE,"ok","ok","","","exact result/status/warning parity"
"same_seed_same_ncores_replay","rng","A/B","balanced",5000,199,99173,1,255,TRUE,"ok","ok","","","exact result/status/warning parity"
"same_seed_same_ncores_replay","rng","A/B","balanced",5000,199,99173,1,256,TRUE,"ok","ok","","","exact result/status/warning parity"
"same_seed_same_ncores_replay","rng","A/B","balanced",5000,199,99173,1,257,TRUE,"ok","ok","","","exact result/status/warning parity"
"same_seed_same_ncores_replay","rng","A/B","balanced",5000,199,99173,1,198,TRUE,"ok","ok","","","exact result/status/warning parity"
"same_seed_same_ncores_replay","rng","A/B","balanced",5000,199,99173,1,199,TRUE,"ok","ok","","","exact result/status/warning parity"
"same_seed_same_ncores_replay","rng","A/B","balanced",5000,199,99173,1,200,TRUE,"ok","ok","","","exact result/status/warning parity"
"same_seed_same_ncores_replay","rng","A/B","balanced",5000,199,99173,2,1,TRUE,"ok","ok","","","exact result/status/warning parity"
"same_seed_same_ncores_replay","rng","A/B","balanced",5000,199,99173,2,2,TRUE,"ok","ok","","","exact result/status/warning parity"
"same_seed_same_ncores_replay","rng","A/B","balanced",5000,199,99173,2,127,TRUE,"ok","ok","","","exact result/status/warning parity"
"same_seed_same_ncores_replay","rng","A/B","balanced",5000,199,99173,2,128,TRUE,"ok","ok","","","exact result/status/warning parity"
"same_seed_same_ncores_replay","rng","A/B","balanced",5000,199,99173,2,129,TRUE,"ok","ok","","","exact result/status/warning parity"
"same_seed_same_ncores_replay","rng","A/B","balanced",5000,199,99173,2,255,TRUE,"ok","ok","","","exact result/status/warning parity"
"same_seed_same_ncores_replay","rng","A/B","balanced",5000,199,99173,2,256,TRUE,"ok","ok","","","exact result/status/warning parity"
"same_seed_same_ncores_replay","rng","A/B","balanced",5000,199,99173,2,257,TRUE,"ok","ok","","","exact result/status/warning parity"
"same_seed_same_ncores_replay","rng","A/B","balanced",5000,199,99173,2,198,TRUE,"ok","ok","","","exact result/status/warning parity"
"same_seed_same_ncores_replay","rng","A/B","balanced",5000,199,99173,2,199,TRUE,"ok","ok","","","exact result/status/warning parity"
"same_seed_same_ncores_replay","rng","A/B","balanced",5000,199,99173,2,200,TRUE,"ok","ok","","","exact result/status/warning parity"
"same_seed_same_ncores_replay","rng","A/B","balanced",5000,999,1,1,1,TRUE,"ok","ok","","","exact result/status/warning parity"
"same_seed_same_ncores_replay","rng","A/B","balanced",5000,999,1,1,2,TRUE,"ok","ok","","","exact result/status/warning parity"
"same_seed_same_ncores_replay","rng","A/B","balanced",5000,999,1,1,127,TRUE,"ok","ok","","","exact result/status/warning parity"
"same_seed_same_ncores_replay","rng","A/B","balanced",5000,999,1,1,128,TRUE,"ok","ok","","","exact result/status/warning parity"
"same_seed_same_ncores_replay","rng","A/B","balanced",5000,999,1,1,129,TRUE,"ok","ok","","","exact result/status/warning parity"
"same_seed_same_ncores_replay","rng","A/B","balanced",5000,999,1,1,255,TRUE,"ok","ok","","","exact result/status/warning parity"
"same_seed_same_ncores_replay","rng","A/B","balanced",5000,999,1,1,256,TRUE,"ok","ok","","","exact result/status/warning parity"
"same_seed_same_ncores_replay","rng","A/B","balanced",5000,999,1,1,257,TRUE,"ok","ok","","","exact result/status/warning parity"
"same_seed_same_ncores_replay","rng","A/B","balanced",5000,999,1,1,998,TRUE,"ok","ok","","","exact result/status/warning parity"
"same_seed_same_ncores_replay","rng","A/B","balanced",5000,999,1,1,999,TRUE,"ok","ok","","","exact result/status/warning parity"
"same_seed_same_ncores_replay","rng","A/B","balanced",5000,999,1,1,1000,TRUE,"ok","ok","","","exact result/status/warning parity"
"same_seed_same_ncores_replay","rng","A/B","balanced",5000,999,1,2,1,TRUE,"ok","ok","","","exact result/status/warning parity"
"same_seed_same_ncores_replay","rng","A/B","balanced",5000,999,1,2,2,TRUE,"ok","ok","","","exact result/status/warning parity"
"same_seed_same_ncores_replay","rng","A/B","balanced",5000,999,1,2,127,TRUE,"ok","ok","","","exact result/status/warning parity"
"same_seed_same_ncores_replay","rng","A/B","balanced",5000,999,1,2,128,TRUE,"ok","ok","","","exact result/status/warning parity"
"same_seed_same_ncores_replay","rng","A/B","balanced",5000,999,1,2,129,TRUE,"ok","ok","","","exact result/status/warning parity"
"same_seed_same_ncores_replay","rng","A/B","balanced",5000,999,1,2,255,TRUE,"ok","ok","","","exact result/status/warning parity"
"same_seed_same_ncores_replay","rng","A/B","balanced",5000,999,1,2,256,TRUE,"ok","ok","","","exact result/status/warning parity"
"same_seed_same_ncores_replay","rng","A/B","balanced",5000,999,1,2,257,TRUE,"ok","ok","","","exact result/status/warning parity"
"same_seed_same_ncores_replay","rng","A/B","balanced",5000,999,1,2,998,TRUE,"ok","ok","","","exact result/status/warning parity"
"same_seed_same_ncores_replay","rng","A/B","balanced",5000,999,1,2,999,TRUE,"ok","ok","","","exact result/status/warning parity"
"same_seed_same_ncores_replay","rng","A/B","balanced",5000,999,1,2,1000,TRUE,"ok","ok","","","exact result/status/warning parity"
"same_seed_same_ncores_replay","rng","A/B","balanced",5000,999,20260901,1,1,TRUE,"ok","ok","","","exact result/status/warning parity"
"same_seed_same_ncores_replay","rng","A/B","balanced",5000,999,20260901,1,2,TRUE,"ok","ok","","","exact result/status/warning parity"
"same_seed_same_ncores_replay","rng","A/B","balanced",5000,999,20260901,1,127,TRUE,"ok","ok","","","exact result/status/warning parity"
"same_seed_same_ncores_replay","rng","A/B","balanced",5000,999,20260901,1,128,TRUE,"ok","ok","","","exact result/status/warning parity"
"same_seed_same_ncores_replay","rng","A/B","balanced",5000,999,20260901,1,129,TRUE,"ok","ok","","","exact result/status/warning parity"
"same_seed_same_ncores_replay","rng","A/B","balanced",5000,999,20260901,1,255,TRUE,"ok","ok","","","exact result/status/warning parity"
"same_seed_same_ncores_replay","rng","A/B","balanced",5000,999,20260901,1,256,TRUE,"ok","ok","","","exact result/status/warning parity"
"same_seed_same_ncores_replay","rng","A/B","balanced",5000,999,20260901,1,257,TRUE,"ok","ok","","","exact result/status/warning parity"
"same_seed_same_ncores_replay","rng","A/B","balanced",5000,999,20260901,1,998,TRUE,"ok","ok","","","exact result/status/warning parity"
"same_seed_same_ncores_replay","rng","A/B","balanced",5000,999,20260901,1,999,TRUE,"ok","ok","","","exact result/status/warning parity"
"same_seed_same_ncores_replay","rng","A/B","balanced",5000,999,20260901,1,1000,TRUE,"ok","ok","","","exact result/status/warning parity"
"same_seed_same_ncores_replay","rng","A/B","balanced",5000,999,20260901,2,1,TRUE,"ok","ok","","","exact result/status/warning parity"
"same_seed_same_ncores_replay","rng","A/B","balanced",5000,999,20260901,2,2,TRUE,"ok","ok","","","exact result/status/warning parity"
"same_seed_same_ncores_replay","rng","A/B","balanced",5000,999,20260901,2,127,TRUE,"ok","ok","","","exact result/status/warning parity"
"same_seed_same_ncores_replay","rng","A/B","balanced",5000,999,20260901,2,128,TRUE,"ok","ok","","","exact result/status/warning parity"
"same_seed_same_ncores_replay","rng","A/B","balanced",5000,999,20260901,2,129,TRUE,"ok","ok","","","exact result/status/warning parity"
"same_seed_same_ncores_replay","rng","A/B","balanced",5000,999,20260901,2,255,TRUE,"ok","ok","","","exact result/status/warning parity"
"same_seed_same_ncores_replay","rng","A/B","balanced",5000,999,20260901,2,256,TRUE,"ok","ok","","","exact result/status/warning parity"
"same_seed_same_ncores_replay","rng","A/B","balanced",5000,999,20260901,2,257,TRUE,"ok","ok","","","exact result/status/warning parity"
"same_seed_same_ncores_replay","rng","A/B","balanced",5000,999,20260901,2,998,TRUE,"ok","ok","","","exact result/status/warning parity"
"same_seed_same_ncores_replay","rng","A/B","balanced",5000,999,20260901,2,999,TRUE,"ok","ok","","","exact result/status/warning parity"
"same_seed_same_ncores_replay","rng","A/B","balanced",5000,999,20260901,2,1000,TRUE,"ok","ok","","","exact result/status/warning parity"
"same_seed_same_ncores_replay","rng","A/B","balanced",5000,999,99173,1,1,TRUE,"ok","ok","","","exact result/status/warning parity"
"same_seed_same_ncores_replay","rng","A/B","balanced",5000,999,99173,1,2,TRUE,"ok","ok","","","exact result/status/warning parity"
"same_seed_same_ncores_replay","rng","A/B","balanced",5000,999,99173,1,127,TRUE,"ok","ok","","","exact result/status/warning parity"
"same_seed_same_ncores_replay","rng","A/B","balanced",5000,999,99173,1,128,TRUE,"ok","ok","","","exact result/status/warning parity"
"same_seed_same_ncores_replay","rng","A/B","balanced",5000,999,99173,1,129,TRUE,"ok","ok","","","exact result/status/warning parity"
"same_seed_same_ncores_replay","rng","A/B","balanced",5000,999,99173,1,255,TRUE,"ok","ok","","","exact result/status/warning parity"
"same_seed_same_ncores_replay","rng","A/B","balanced",5000,999,99173,1,256,TRUE,"ok","ok","","","exact result/status/warning parity"
"same_seed_same_ncores_replay","rng","A/B","balanced",5000,999,99173,1,257,TRUE,"ok","ok","","","exact result/status/warning parity"
"same_seed_same_ncores_replay","rng","A/B","balanced",5000,999,99173,1,998,TRUE,"ok","ok","","","exact result/status/warning parity"
"same_seed_same_ncores_replay","rng","A/B","balanced",5000,999,99173,1,999,TRUE,"ok","ok","","","exact result/status/warning parity"
"same_seed_same_ncores_replay","rng","A/B","balanced",5000,999,99173,1,1000,TRUE,"ok","ok","","","exact result/status/warning parity"
"same_seed_same_ncores_replay","rng","A/B","balanced",5000,999,99173,2,1,TRUE,"ok","ok","","","exact result/status/warning parity"
"same_seed_same_ncores_replay","rng","A/B","balanced",5000,999,99173,2,2,TRUE,"ok","ok","","","exact result/status/warning parity"
"same_seed_same_ncores_replay","rng","A/B","balanced",5000,999,99173,2,127,TRUE,"ok","ok","","","exact result/status/warning parity"
"same_seed_same_ncores_replay","rng","A/B","balanced",5000,999,99173,2,128,TRUE,"ok","ok","","","exact result/status/warning parity"
"same_seed_same_ncores_replay","rng","A/B","balanced",5000,999,99173,2,129,TRUE,"ok","ok","","","exact result/status/warning parity"
"same_seed_same_ncores_replay","rng","A/B","balanced",5000,999,99173,2,255,TRUE,"ok","ok","","","exact result/status/warning parity"
"same_seed_same_ncores_replay","rng","A/B","balanced",5000,999,99173,2,256,TRUE,"ok","ok","","","exact result/status/warning parity"
"same_seed_same_ncores_replay","rng","A/B","balanced",5000,999,99173,2,257,TRUE,"ok","ok","","","exact result/status/warning parity"
"same_seed_same_ncores_replay","rng","A/B","balanced",5000,999,99173,2,998,TRUE,"ok","ok","","","exact result/status/warning parity"
"same_seed_same_ncores_replay","rng","A/B","balanced",5000,999,99173,2,999,TRUE,"ok","ok","","","exact result/status/warning parity"
"same_seed_same_ncores_replay","rng","A/B","balanced",5000,999,99173,2,1000,TRUE,"ok","ok","","","exact result/status/warning parity"
"old_production_chunk_boundary_replay","rng","old_production","balanced",50,1,1,1,NA,TRUE,"ok","ok","","","compared 8 chunk settings"
"old_production_chunk_boundary_replay","rng","old_production","balanced",50,1,1,2,NA,TRUE,"ok","ok","","","compared 8 chunk settings"
"old_production_chunk_boundary_replay","rng","old_production","balanced",50,1,20260901,1,NA,TRUE,"ok","ok","","","compared 8 chunk settings"
"old_production_chunk_boundary_replay","rng","old_production","balanced",50,1,20260901,2,NA,TRUE,"ok","ok","","","compared 8 chunk settings"
"old_production_chunk_boundary_replay","rng","old_production","balanced",50,1,99173,1,NA,TRUE,"ok","ok","","","compared 8 chunk settings"
"old_production_chunk_boundary_replay","rng","old_production","balanced",50,1,99173,2,NA,TRUE,"ok","ok","","","compared 8 chunk settings"
"old_production_chunk_boundary_replay","rng","old_production","balanced",50,2,1,1,NA,TRUE,"ok","ok","","","compared 9 chunk settings"
"old_production_chunk_boundary_replay","rng","old_production","balanced",50,2,1,2,NA,TRUE,"ok","ok","","","compared 9 chunk settings"
"old_production_chunk_boundary_replay","rng","old_production","balanced",50,2,20260901,1,NA,TRUE,"ok","ok","","","compared 9 chunk settings"
"old_production_chunk_boundary_replay","rng","old_production","balanced",50,2,20260901,2,NA,TRUE,"ok","ok","","","compared 9 chunk settings"
"old_production_chunk_boundary_replay","rng","old_production","balanced",50,2,99173,1,NA,TRUE,"ok","ok","","","compared 9 chunk settings"
"old_production_chunk_boundary_replay","rng","old_production","balanced",50,2,99173,2,NA,TRUE,"ok","ok","","","compared 9 chunk settings"
"old_production_chunk_boundary_replay","rng","old_production","balanced",50,199,1,1,NA,TRUE,"ok","ok","","","compared 11 chunk settings"
"old_production_chunk_boundary_replay","rng","old_production","balanced",50,199,1,2,NA,TRUE,"ok","ok","","","compared 11 chunk settings"
"old_production_chunk_boundary_replay","rng","old_production","balanced",50,199,20260901,1,NA,TRUE,"ok","ok","","","compared 11 chunk settings"
"old_production_chunk_boundary_replay","rng","old_production","balanced",50,199,20260901,2,NA,TRUE,"ok","ok","","","compared 11 chunk settings"
"old_production_chunk_boundary_replay","rng","old_production","balanced",50,199,99173,1,NA,TRUE,"ok","ok","","","compared 11 chunk settings"
"old_production_chunk_boundary_replay","rng","old_production","balanced",50,199,99173,2,NA,TRUE,"ok","ok","","","compared 11 chunk settings"
"old_production_chunk_boundary_replay","rng","old_production","balanced",50,999,1,1,NA,TRUE,"ok","ok","","","compared 11 chunk settings"
"old_production_chunk_boundary_replay","rng","old_production","balanced",50,999,1,2,NA,TRUE,"ok","ok","","","compared 11 chunk settings"
"old_production_chunk_boundary_replay","rng","old_production","balanced",50,999,20260901,1,NA,TRUE,"ok","ok","","","compared 11 chunk settings"
"old_production_chunk_boundary_replay","rng","old_production","balanced",50,999,20260901,2,NA,TRUE,"ok","ok","","","compared 11 chunk settings"
"old_production_chunk_boundary_replay","rng","old_production","balanced",50,999,99173,1,NA,TRUE,"ok","ok","","","compared 11 chunk settings"
"old_production_chunk_boundary_replay","rng","old_production","balanced",50,999,99173,2,NA,TRUE,"ok","ok","","","compared 11 chunk settings"
"old_production_chunk_boundary_replay","rng","old_production","balanced",500,1,1,1,NA,TRUE,"ok","ok","","","compared 8 chunk settings"
"old_production_chunk_boundary_replay","rng","old_production","balanced",500,1,1,2,NA,TRUE,"ok","ok","","","compared 8 chunk settings"
"old_production_chunk_boundary_replay","rng","old_production","balanced",500,1,20260901,1,NA,TRUE,"ok","ok","","","compared 8 chunk settings"
"old_production_chunk_boundary_replay","rng","old_production","balanced",500,1,20260901,2,NA,TRUE,"ok","ok","","","compared 8 chunk settings"
"old_production_chunk_boundary_replay","rng","old_production","balanced",500,1,99173,1,NA,TRUE,"ok","ok","","","compared 8 chunk settings"
"old_production_chunk_boundary_replay","rng","old_production","balanced",500,1,99173,2,NA,TRUE,"ok","ok","","","compared 8 chunk settings"
"old_production_chunk_boundary_replay","rng","old_production","balanced",500,2,1,1,NA,TRUE,"ok","ok","","","compared 9 chunk settings"
"old_production_chunk_boundary_replay","rng","old_production","balanced",500,2,1,2,NA,TRUE,"ok","ok","","","compared 9 chunk settings"
"old_production_chunk_boundary_replay","rng","old_production","balanced",500,2,20260901,1,NA,TRUE,"ok","ok","","","compared 9 chunk settings"
"old_production_chunk_boundary_replay","rng","old_production","balanced",500,2,20260901,2,NA,TRUE,"ok","ok","","","compared 9 chunk settings"
"old_production_chunk_boundary_replay","rng","old_production","balanced",500,2,99173,1,NA,TRUE,"ok","ok","","","compared 9 chunk settings"
"old_production_chunk_boundary_replay","rng","old_production","balanced",500,2,99173,2,NA,TRUE,"ok","ok","","","compared 9 chunk settings"
"old_production_chunk_boundary_replay","rng","old_production","balanced",500,199,1,1,NA,TRUE,"ok","ok","","","compared 11 chunk settings"
"old_production_chunk_boundary_replay","rng","old_production","balanced",500,199,1,2,NA,TRUE,"ok","ok","","","compared 11 chunk settings"
"old_production_chunk_boundary_replay","rng","old_production","balanced",500,199,20260901,1,NA,TRUE,"ok","ok","","","compared 11 chunk settings"
"old_production_chunk_boundary_replay","rng","old_production","balanced",500,199,20260901,2,NA,TRUE,"ok","ok","","","compared 11 chunk settings"
"old_production_chunk_boundary_replay","rng","old_production","balanced",500,199,99173,1,NA,TRUE,"ok","ok","","","compared 11 chunk settings"
"old_production_chunk_boundary_replay","rng","old_production","balanced",500,199,99173,2,NA,TRUE,"ok","ok","","","compared 11 chunk settings"
"old_production_chunk_boundary_replay","rng","old_production","balanced",500,999,1,1,NA,TRUE,"ok","ok","","","compared 11 chunk settings"
"old_production_chunk_boundary_replay","rng","old_production","balanced",500,999,1,2,NA,TRUE,"ok","ok","","","compared 11 chunk settings"
"old_production_chunk_boundary_replay","rng","old_production","balanced",500,999,20260901,1,NA,TRUE,"ok","ok","","","compared 11 chunk settings"
"old_production_chunk_boundary_replay","rng","old_production","balanced",500,999,20260901,2,NA,TRUE,"ok","ok","","","compared 11 chunk settings"
"old_production_chunk_boundary_replay","rng","old_production","balanced",500,999,99173,1,NA,TRUE,"ok","ok","","","compared 11 chunk settings"
"old_production_chunk_boundary_replay","rng","old_production","balanced",500,999,99173,2,NA,TRUE,"ok","ok","","","compared 11 chunk settings"
"old_production_chunk_boundary_replay","rng","old_production","balanced",2000,1,1,1,NA,TRUE,"ok","ok","","","compared 8 chunk settings"
"old_production_chunk_boundary_replay","rng","old_production","balanced",2000,1,1,2,NA,TRUE,"ok","ok","","","compared 8 chunk settings"
"old_production_chunk_boundary_replay","rng","old_production","balanced",2000,1,20260901,1,NA,TRUE,"ok","ok","","","compared 8 chunk settings"
"old_production_chunk_boundary_replay","rng","old_production","balanced",2000,1,20260901,2,NA,TRUE,"ok","ok","","","compared 8 chunk settings"
"old_production_chunk_boundary_replay","rng","old_production","balanced",2000,1,99173,1,NA,TRUE,"ok","ok","","","compared 8 chunk settings"
"old_production_chunk_boundary_replay","rng","old_production","balanced",2000,1,99173,2,NA,TRUE,"ok","ok","","","compared 8 chunk settings"
"old_production_chunk_boundary_replay","rng","old_production","balanced",2000,2,1,1,NA,TRUE,"ok","ok","","","compared 9 chunk settings"
"old_production_chunk_boundary_replay","rng","old_production","balanced",2000,2,1,2,NA,TRUE,"ok","ok","","","compared 9 chunk settings"
"old_production_chunk_boundary_replay","rng","old_production","balanced",2000,2,20260901,1,NA,TRUE,"ok","ok","","","compared 9 chunk settings"
"old_production_chunk_boundary_replay","rng","old_production","balanced",2000,2,20260901,2,NA,TRUE,"ok","ok","","","compared 9 chunk settings"
"old_production_chunk_boundary_replay","rng","old_production","balanced",2000,2,99173,1,NA,TRUE,"ok","ok","","","compared 9 chunk settings"
"old_production_chunk_boundary_replay","rng","old_production","balanced",2000,2,99173,2,NA,TRUE,"ok","ok","","","compared 9 chunk settings"
"old_production_chunk_boundary_replay","rng","old_production","balanced",2000,199,1,1,NA,TRUE,"ok","ok","","","compared 11 chunk settings"
"old_production_chunk_boundary_replay","rng","old_production","balanced",2000,199,1,2,NA,TRUE,"ok","ok","","","compared 11 chunk settings"
"old_production_chunk_boundary_replay","rng","old_production","balanced",2000,199,20260901,1,NA,TRUE,"ok","ok","","","compared 11 chunk settings"
"old_production_chunk_boundary_replay","rng","old_production","balanced",2000,199,20260901,2,NA,TRUE,"ok","ok","","","compared 11 chunk settings"
"old_production_chunk_boundary_replay","rng","old_production","balanced",2000,199,99173,1,NA,TRUE,"ok","ok","","","compared 11 chunk settings"
"old_production_chunk_boundary_replay","rng","old_production","balanced",2000,199,99173,2,NA,TRUE,"ok","ok","","","compared 11 chunk settings"
"old_production_chunk_boundary_replay","rng","old_production","balanced",2000,999,1,1,NA,TRUE,"ok","ok","","","compared 11 chunk settings"
"old_production_chunk_boundary_replay","rng","old_production","balanced",2000,999,1,2,NA,TRUE,"ok","ok","","","compared 11 chunk settings"
"old_production_chunk_boundary_replay","rng","old_production","balanced",2000,999,20260901,1,NA,TRUE,"ok","ok","","","compared 11 chunk settings"
"old_production_chunk_boundary_replay","rng","old_production","balanced",2000,999,20260901,2,NA,TRUE,"ok","ok","","","compared 11 chunk settings"
"old_production_chunk_boundary_replay","rng","old_production","balanced",2000,999,99173,1,NA,TRUE,"ok","ok","","","compared 11 chunk settings"
"old_production_chunk_boundary_replay","rng","old_production","balanced",2000,999,99173,2,NA,TRUE,"ok","ok","","","compared 11 chunk settings"
"old_production_chunk_boundary_replay","rng","old_production","balanced",5000,1,1,1,NA,TRUE,"ok","ok","","","compared 8 chunk settings"
"old_production_chunk_boundary_replay","rng","old_production","balanced",5000,1,1,2,NA,TRUE,"ok","ok","","","compared 8 chunk settings"
"old_production_chunk_boundary_replay","rng","old_production","balanced",5000,1,20260901,1,NA,TRUE,"ok","ok","","","compared 8 chunk settings"
"old_production_chunk_boundary_replay","rng","old_production","balanced",5000,1,20260901,2,NA,TRUE,"ok","ok","","","compared 8 chunk settings"
"old_production_chunk_boundary_replay","rng","old_production","balanced",5000,1,99173,1,NA,TRUE,"ok","ok","","","compared 8 chunk settings"
"old_production_chunk_boundary_replay","rng","old_production","balanced",5000,1,99173,2,NA,TRUE,"ok","ok","","","compared 8 chunk settings"
"old_production_chunk_boundary_replay","rng","old_production","balanced",5000,2,1,1,NA,TRUE,"ok","ok","","","compared 9 chunk settings"
"old_production_chunk_boundary_replay","rng","old_production","balanced",5000,2,1,2,NA,TRUE,"ok","ok","","","compared 9 chunk settings"
"old_production_chunk_boundary_replay","rng","old_production","balanced",5000,2,20260901,1,NA,TRUE,"ok","ok","","","compared 9 chunk settings"
"old_production_chunk_boundary_replay","rng","old_production","balanced",5000,2,20260901,2,NA,TRUE,"ok","ok","","","compared 9 chunk settings"
"old_production_chunk_boundary_replay","rng","old_production","balanced",5000,2,99173,1,NA,TRUE,"ok","ok","","","compared 9 chunk settings"
"old_production_chunk_boundary_replay","rng","old_production","balanced",5000,2,99173,2,NA,TRUE,"ok","ok","","","compared 9 chunk settings"
"old_production_chunk_boundary_replay","rng","old_production","balanced",5000,199,1,1,NA,TRUE,"ok","ok","","","compared 11 chunk settings"
"old_production_chunk_boundary_replay","rng","old_production","balanced",5000,199,1,2,NA,TRUE,"ok","ok","","","compared 11 chunk settings"
"old_production_chunk_boundary_replay","rng","old_production","balanced",5000,199,20260901,1,NA,TRUE,"ok","ok","","","compared 11 chunk settings"
"old_production_chunk_boundary_replay","rng","old_production","balanced",5000,199,20260901,2,NA,TRUE,"ok","ok","","","compared 11 chunk settings"
"old_production_chunk_boundary_replay","rng","old_production","balanced",5000,199,99173,1,NA,TRUE,"ok","ok","","","compared 11 chunk settings"
"old_production_chunk_boundary_replay","rng","old_production","balanced",5000,199,99173,2,NA,TRUE,"ok","ok","","","compared 11 chunk settings"
"old_production_chunk_boundary_replay","rng","old_production","balanced",5000,999,1,1,NA,TRUE,"ok","ok","","","compared 11 chunk settings"
"old_production_chunk_boundary_replay","rng","old_production","balanced",5000,999,1,2,NA,TRUE,"ok","ok","","","compared 11 chunk settings"
"old_production_chunk_boundary_replay","rng","old_production","balanced",5000,999,20260901,1,NA,TRUE,"ok","ok","","","compared 11 chunk settings"
"old_production_chunk_boundary_replay","rng","old_production","balanced",5000,999,20260901,2,NA,TRUE,"ok","ok","","","compared 11 chunk settings"
"old_production_chunk_boundary_replay","rng","old_production","balanced",5000,999,99173,1,NA,TRUE,"ok","ok","","","compared 11 chunk settings"
"old_production_chunk_boundary_replay","rng","old_production","balanced",5000,999,99173,2,NA,TRUE,"ok","ok","","","compared 11 chunk settings"
"prototype_chunk_boundary_replay","rng","prototype","balanced",50,1,1,1,NA,TRUE,"ok","ok","","","compared 8 chunk settings"
"prototype_chunk_boundary_replay","rng","prototype","balanced",50,1,1,2,NA,TRUE,"ok","ok","","","compared 8 chunk settings"
"prototype_chunk_boundary_replay","rng","prototype","balanced",50,1,20260901,1,NA,TRUE,"ok","ok","","","compared 8 chunk settings"
"prototype_chunk_boundary_replay","rng","prototype","balanced",50,1,20260901,2,NA,TRUE,"ok","ok","","","compared 8 chunk settings"
"prototype_chunk_boundary_replay","rng","prototype","balanced",50,1,99173,1,NA,TRUE,"ok","ok","","","compared 8 chunk settings"
"prototype_chunk_boundary_replay","rng","prototype","balanced",50,1,99173,2,NA,TRUE,"ok","ok","","","compared 8 chunk settings"
"prototype_chunk_boundary_replay","rng","prototype","balanced",50,2,1,1,NA,TRUE,"ok","ok","","","compared 9 chunk settings"
"prototype_chunk_boundary_replay","rng","prototype","balanced",50,2,1,2,NA,TRUE,"ok","ok","","","compared 9 chunk settings"
"prototype_chunk_boundary_replay","rng","prototype","balanced",50,2,20260901,1,NA,TRUE,"ok","ok","","","compared 9 chunk settings"
"prototype_chunk_boundary_replay","rng","prototype","balanced",50,2,20260901,2,NA,TRUE,"ok","ok","","","compared 9 chunk settings"
"prototype_chunk_boundary_replay","rng","prototype","balanced",50,2,99173,1,NA,TRUE,"ok","ok","","","compared 9 chunk settings"
"prototype_chunk_boundary_replay","rng","prototype","balanced",50,2,99173,2,NA,TRUE,"ok","ok","","","compared 9 chunk settings"
"prototype_chunk_boundary_replay","rng","prototype","balanced",50,199,1,1,NA,TRUE,"ok","ok","","","compared 11 chunk settings"
"prototype_chunk_boundary_replay","rng","prototype","balanced",50,199,1,2,NA,TRUE,"ok","ok","","","compared 11 chunk settings"
"prototype_chunk_boundary_replay","rng","prototype","balanced",50,199,20260901,1,NA,TRUE,"ok","ok","","","compared 11 chunk settings"
"prototype_chunk_boundary_replay","rng","prototype","balanced",50,199,20260901,2,NA,TRUE,"ok","ok","","","compared 11 chunk settings"
"prototype_chunk_boundary_replay","rng","prototype","balanced",50,199,99173,1,NA,TRUE,"ok","ok","","","compared 11 chunk settings"
"prototype_chunk_boundary_replay","rng","prototype","balanced",50,199,99173,2,NA,TRUE,"ok","ok","","","compared 11 chunk settings"
"prototype_chunk_boundary_replay","rng","prototype","balanced",50,999,1,1,NA,TRUE,"ok","ok","","","compared 11 chunk settings"
"prototype_chunk_boundary_replay","rng","prototype","balanced",50,999,1,2,NA,TRUE,"ok","ok","","","compared 11 chunk settings"
"prototype_chunk_boundary_replay","rng","prototype","balanced",50,999,20260901,1,NA,TRUE,"ok","ok","","","compared 11 chunk settings"
"prototype_chunk_boundary_replay","rng","prototype","balanced",50,999,20260901,2,NA,TRUE,"ok","ok","","","compared 11 chunk settings"
"prototype_chunk_boundary_replay","rng","prototype","balanced",50,999,99173,1,NA,TRUE,"ok","ok","","","compared 11 chunk settings"
"prototype_chunk_boundary_replay","rng","prototype","balanced",50,999,99173,2,NA,TRUE,"ok","ok","","","compared 11 chunk settings"
"prototype_chunk_boundary_replay","rng","prototype","balanced",500,1,1,1,NA,TRUE,"ok","ok","","","compared 8 chunk settings"
"prototype_chunk_boundary_replay","rng","prototype","balanced",500,1,1,2,NA,TRUE,"ok","ok","","","compared 8 chunk settings"
"prototype_chunk_boundary_replay","rng","prototype","balanced",500,1,20260901,1,NA,TRUE,"ok","ok","","","compared 8 chunk settings"
"prototype_chunk_boundary_replay","rng","prototype","balanced",500,1,20260901,2,NA,TRUE,"ok","ok","","","compared 8 chunk settings"
"prototype_chunk_boundary_replay","rng","prototype","balanced",500,1,99173,1,NA,TRUE,"ok","ok","","","compared 8 chunk settings"
"prototype_chunk_boundary_replay","rng","prototype","balanced",500,1,99173,2,NA,TRUE,"ok","ok","","","compared 8 chunk settings"
"prototype_chunk_boundary_replay","rng","prototype","balanced",500,2,1,1,NA,TRUE,"ok","ok","","","compared 9 chunk settings"
"prototype_chunk_boundary_replay","rng","prototype","balanced",500,2,1,2,NA,TRUE,"ok","ok","","","compared 9 chunk settings"
"prototype_chunk_boundary_replay","rng","prototype","balanced",500,2,20260901,1,NA,TRUE,"ok","ok","","","compared 9 chunk settings"
"prototype_chunk_boundary_replay","rng","prototype","balanced",500,2,20260901,2,NA,TRUE,"ok","ok","","","compared 9 chunk settings"
"prototype_chunk_boundary_replay","rng","prototype","balanced",500,2,99173,1,NA,TRUE,"ok","ok","","","compared 9 chunk settings"
"prototype_chunk_boundary_replay","rng","prototype","balanced",500,2,99173,2,NA,TRUE,"ok","ok","","","compared 9 chunk settings"
"prototype_chunk_boundary_replay","rng","prototype","balanced",500,199,1,1,NA,TRUE,"ok","ok","","","compared 11 chunk settings"
"prototype_chunk_boundary_replay","rng","prototype","balanced",500,199,1,2,NA,TRUE,"ok","ok","","","compared 11 chunk settings"
"prototype_chunk_boundary_replay","rng","prototype","balanced",500,199,20260901,1,NA,TRUE,"ok","ok","","","compared 11 chunk settings"
"prototype_chunk_boundary_replay","rng","prototype","balanced",500,199,20260901,2,NA,TRUE,"ok","ok","","","compared 11 chunk settings"
"prototype_chunk_boundary_replay","rng","prototype","balanced",500,199,99173,1,NA,TRUE,"ok","ok","","","compared 11 chunk settings"
"prototype_chunk_boundary_replay","rng","prototype","balanced",500,199,99173,2,NA,TRUE,"ok","ok","","","compared 11 chunk settings"
"prototype_chunk_boundary_replay","rng","prototype","balanced",500,999,1,1,NA,TRUE,"ok","ok","","","compared 11 chunk settings"
"prototype_chunk_boundary_replay","rng","prototype","balanced",500,999,1,2,NA,TRUE,"ok","ok","","","compared 11 chunk settings"
"prototype_chunk_boundary_replay","rng","prototype","balanced",500,999,20260901,1,NA,TRUE,"ok","ok","","","compared 11 chunk settings"
"prototype_chunk_boundary_replay","rng","prototype","balanced",500,999,20260901,2,NA,TRUE,"ok","ok","","","compared 11 chunk settings"
"prototype_chunk_boundary_replay","rng","prototype","balanced",500,999,99173,1,NA,TRUE,"ok","ok","","","compared 11 chunk settings"
"prototype_chunk_boundary_replay","rng","prototype","balanced",500,999,99173,2,NA,TRUE,"ok","ok","","","compared 11 chunk settings"
"prototype_chunk_boundary_replay","rng","prototype","balanced",2000,1,1,1,NA,TRUE,"ok","ok","","","compared 8 chunk settings"
"prototype_chunk_boundary_replay","rng","prototype","balanced",2000,1,1,2,NA,TRUE,"ok","ok","","","compared 8 chunk settings"
"prototype_chunk_boundary_replay","rng","prototype","balanced",2000,1,20260901,1,NA,TRUE,"ok","ok","","","compared 8 chunk settings"
"prototype_chunk_boundary_replay","rng","prototype","balanced",2000,1,20260901,2,NA,TRUE,"ok","ok","","","compared 8 chunk settings"
"prototype_chunk_boundary_replay","rng","prototype","balanced",2000,1,99173,1,NA,TRUE,"ok","ok","","","compared 8 chunk settings"
"prototype_chunk_boundary_replay","rng","prototype","balanced",2000,1,99173,2,NA,TRUE,"ok","ok","","","compared 8 chunk settings"
"prototype_chunk_boundary_replay","rng","prototype","balanced",2000,2,1,1,NA,TRUE,"ok","ok","","","compared 9 chunk settings"
"prototype_chunk_boundary_replay","rng","prototype","balanced",2000,2,1,2,NA,TRUE,"ok","ok","","","compared 9 chunk settings"
"prototype_chunk_boundary_replay","rng","prototype","balanced",2000,2,20260901,1,NA,TRUE,"ok","ok","","","compared 9 chunk settings"
"prototype_chunk_boundary_replay","rng","prototype","balanced",2000,2,20260901,2,NA,TRUE,"ok","ok","","","compared 9 chunk settings"
"prototype_chunk_boundary_replay","rng","prototype","balanced",2000,2,99173,1,NA,TRUE,"ok","ok","","","compared 9 chunk settings"
"prototype_chunk_boundary_replay","rng","prototype","balanced",2000,2,99173,2,NA,TRUE,"ok","ok","","","compared 9 chunk settings"
"prototype_chunk_boundary_replay","rng","prototype","balanced",2000,199,1,1,NA,TRUE,"ok","ok","","","compared 11 chunk settings"
"prototype_chunk_boundary_replay","rng","prototype","balanced",2000,199,1,2,NA,TRUE,"ok","ok","","","compared 11 chunk settings"
"prototype_chunk_boundary_replay","rng","prototype","balanced",2000,199,20260901,1,NA,TRUE,"ok","ok","","","compared 11 chunk settings"
"prototype_chunk_boundary_replay","rng","prototype","balanced",2000,199,20260901,2,NA,TRUE,"ok","ok","","","compared 11 chunk settings"
"prototype_chunk_boundary_replay","rng","prototype","balanced",2000,199,99173,1,NA,TRUE,"ok","ok","","","compared 11 chunk settings"
"prototype_chunk_boundary_replay","rng","prototype","balanced",2000,199,99173,2,NA,TRUE,"ok","ok","","","compared 11 chunk settings"
"prototype_chunk_boundary_replay","rng","prototype","balanced",2000,999,1,1,NA,TRUE,"ok","ok","","","compared 11 chunk settings"
"prototype_chunk_boundary_replay","rng","prototype","balanced",2000,999,1,2,NA,TRUE,"ok","ok","","","compared 11 chunk settings"
"prototype_chunk_boundary_replay","rng","prototype","balanced",2000,999,20260901,1,NA,TRUE,"ok","ok","","","compared 11 chunk settings"
"prototype_chunk_boundary_replay","rng","prototype","balanced",2000,999,20260901,2,NA,TRUE,"ok","ok","","","compared 11 chunk settings"
"prototype_chunk_boundary_replay","rng","prototype","balanced",2000,999,99173,1,NA,TRUE,"ok","ok","","","compared 11 chunk settings"
"prototype_chunk_boundary_replay","rng","prototype","balanced",2000,999,99173,2,NA,TRUE,"ok","ok","","","compared 11 chunk settings"
"prototype_chunk_boundary_replay","rng","prototype","balanced",5000,1,1,1,NA,TRUE,"ok","ok","","","compared 8 chunk settings"
"prototype_chunk_boundary_replay","rng","prototype","balanced",5000,1,1,2,NA,TRUE,"ok","ok","","","compared 8 chunk settings"
"prototype_chunk_boundary_replay","rng","prototype","balanced",5000,1,20260901,1,NA,TRUE,"ok","ok","","","compared 8 chunk settings"
"prototype_chunk_boundary_replay","rng","prototype","balanced",5000,1,20260901,2,NA,TRUE,"ok","ok","","","compared 8 chunk settings"
"prototype_chunk_boundary_replay","rng","prototype","balanced",5000,1,99173,1,NA,TRUE,"ok","ok","","","compared 8 chunk settings"
"prototype_chunk_boundary_replay","rng","prototype","balanced",5000,1,99173,2,NA,TRUE,"ok","ok","","","compared 8 chunk settings"
"prototype_chunk_boundary_replay","rng","prototype","balanced",5000,2,1,1,NA,TRUE,"ok","ok","","","compared 9 chunk settings"
"prototype_chunk_boundary_replay","rng","prototype","balanced",5000,2,1,2,NA,TRUE,"ok","ok","","","compared 9 chunk settings"
"prototype_chunk_boundary_replay","rng","prototype","balanced",5000,2,20260901,1,NA,TRUE,"ok","ok","","","compared 9 chunk settings"
"prototype_chunk_boundary_replay","rng","prototype","balanced",5000,2,20260901,2,NA,TRUE,"ok","ok","","","compared 9 chunk settings"
"prototype_chunk_boundary_replay","rng","prototype","balanced",5000,2,99173,1,NA,TRUE,"ok","ok","","","compared 9 chunk settings"
"prototype_chunk_boundary_replay","rng","prototype","balanced",5000,2,99173,2,NA,TRUE,"ok","ok","","","compared 9 chunk settings"
"prototype_chunk_boundary_replay","rng","prototype","balanced",5000,199,1,1,NA,TRUE,"ok","ok","","","compared 11 chunk settings"
"prototype_chunk_boundary_replay","rng","prototype","balanced",5000,199,1,2,NA,TRUE,"ok","ok","","","compared 11 chunk settings"
"prototype_chunk_boundary_replay","rng","prototype","balanced",5000,199,20260901,1,NA,TRUE,"ok","ok","","","compared 11 chunk settings"
"prototype_chunk_boundary_replay","rng","prototype","balanced",5000,199,20260901,2,NA,TRUE,"ok","ok","","","compared 11 chunk settings"
"prototype_chunk_boundary_replay","rng","prototype","balanced",5000,199,99173,1,NA,TRUE,"ok","ok","","","compared 11 chunk settings"
"prototype_chunk_boundary_replay","rng","prototype","balanced",5000,199,99173,2,NA,TRUE,"ok","ok","","","compared 11 chunk settings"
"prototype_chunk_boundary_replay","rng","prototype","balanced",5000,999,1,1,NA,TRUE,"ok","ok","","","compared 11 chunk settings"
"prototype_chunk_boundary_replay","rng","prototype","balanced",5000,999,1,2,NA,TRUE,"ok","ok","","","compared 11 chunk settings"
"prototype_chunk_boundary_replay","rng","prototype","balanced",5000,999,20260901,1,NA,TRUE,"ok","ok","","","compared 11 chunk settings"
"prototype_chunk_boundary_replay","rng","prototype","balanced",5000,999,20260901,2,NA,TRUE,"ok","ok","","","compared 11 chunk settings"
"prototype_chunk_boundary_replay","rng","prototype","balanced",5000,999,99173,1,NA,TRUE,"ok","ok","","","compared 11 chunk settings"
"prototype_chunk_boundary_replay","rng","prototype","balanced",5000,999,99173,2,NA,TRUE,"ok","ok","","","compared 11 chunk settings"
"edge_ordinary","controlled","ordinary","balanced",50,2,NA,1,1,TRUE,"ok","ok","","","exact result/status/warning parity"
"edge_large_offset","controlled","large_offset","balanced",50,2,NA,1,1,TRUE,"ok","ok","","","exact result/status/warning parity"
"edge_constant","controlled","constant","balanced",50,2,NA,1,1,TRUE,"ok","ok","","","exact result/status/warning parity"
"edge_near_constant","controlled","near_constant","balanced",50,2,NA,1,1,TRUE,"ok","ok","","","exact result/status/warning parity"
"edge_two_tip","controlled","two_tip","balanced",2,2,NA,1,1,TRUE,"ok","ok","","","exact result/status/warning parity"
"NA_retained_none","controlled","NA_none","balanced",50,2,NA,1,1,TRUE,"ok","ok","","","exact result/status/warning parity"
"NA_retained_shared","controlled","NA_shared","balanced",40,2,NA,1,1,TRUE,"ok","ok","","","exact result/status/warning parity"
"NA_retained_repeated","controlled","NA_repeated","balanced",37,2,NA,1,1,TRUE,"ok","ok","","","exact result/status/warning parity"
"NA_retained_near_unique","controlled","NA_near_unique","balanced",49,2,NA,1,1,TRUE,"ok","ok","","","exact result/status/warning parity"
