"timestamp_utc","commit","package_version","r_version","os_type","compiler_cxx17","openmp","blas","lapack","locale","workload","method","shape","n","traits","nsim","route","repeat_id","elapsed_s","status","warning_count","warning_text","error_message","ncores","fixture_seed","guard_id","reference_name","reference_status"
"2026-09-13 02:29:00 UTC","084e979af137355b4f976faff6e0079237f23f72","0.2.0.9000","R version 4.6.1 (2026-06-24 ucrt)","Windows","g++","disabled_or_unavailable","","UNAVAILABLE","C","reference","K","balanced",100,1,0,"reference",0,0,"PASS",0,"","",1,493020,"balanced_100_K","phytools","PASS"
"2026-09-13 02:29:00 UTC","084e979af137355b4f976faff6e0079237f23f72","0.2.0.9000","R version 4.6.1 (2026-06-24 ucrt)","Windows","g++","disabled_or_unavailable","","UNAVAILABLE","C","reference","lambda","balanced",100,1,0,"reference",0,0.16,"PASS",0,"","",1,493020,"balanced_100_lambda","phytools","PASS"
"2026-09-13 02:29:00 UTC","084e979af137355b4f976faff6e0079237f23f72","0.2.0.9000","R version 4.6.1 (2026-06-24 ucrt)","Windows","g++","disabled_or_unavailable","","UNAVAILABLE","C","reference","D","balanced",100,1,0,"reference",0,0,"ERROR",0,"","Names column '1L' not found in data frame 'data'",1,493020,"balanced_100_D","caper","UNAVAILABLE"
"2026-09-13 02:29:00 UTC","084e979af137355b4f976faff6e0079237f23f72","0.2.0.9000","R version 4.6.1 (2026-06-24 ucrt)","Windows","g++","disabled_or_unavailable","","UNAVAILABLE","C","reference","K","random",100,1,0,"reference",0,0,"PASS",0,"","",1,494020,"random_100_K","phytools","PASS"
"2026-09-13 02:29:00 UTC","084e979af137355b4f976faff6e0079237f23f72","0.2.0.9000","R version 4.6.1 (2026-06-24 ucrt)","Windows","g++","disabled_or_unavailable","","UNAVAILABLE","C","reference","lambda","random",100,1,0,"reference",0,0.17,"PASS",0,"","",1,494020,"random_100_lambda","phytools","PASS"
"2026-09-13 02:29:00 UTC","084e979af137355b4f976faff6e0079237f23f72","0.2.0.9000","R version 4.6.1 (2026-06-24 ucrt)","Windows","g++","disabled_or_unavailable","","UNAVAILABLE","C","reference","D","random",100,1,0,"reference",0,0,"ERROR",0,"","Names column '1L' not found in data frame 'data'",1,494020,"random_100_D","caper","UNAVAILABLE"
"2026-09-13 02:29:00 UTC","084e979af137355b4f976faff6e0079237f23f72","0.2.0.9000","R version 4.6.1 (2026-06-24 ucrt)","Windows","g++","disabled_or_unavailable","","UNAVAILABLE","C","reference","K","pectinate",100,1,0,"reference",0,0.02,"PASS",0,"","",1,495020,"pectinate_100_K","phytools","PASS"
"2026-09-13 02:29:00 UTC","084e979af137355b4f976faff6e0079237f23f72","0.2.0.9000","R version 4.6.1 (2026-06-24 ucrt)","Windows","g++","disabled_or_unavailable","","UNAVAILABLE","C","reference","lambda","pectinate",100,1,0,"reference",0,0.21,"PASS",0,"","",1,495020,"pectinate_100_lambda","phytools","PASS"
"2026-09-13 02:29:00 UTC","084e979af137355b4f976faff6e0079237f23f72","0.2.0.9000","R version 4.6.1 (2026-06-24 ucrt)","Windows","g++","disabled_or_unavailable","","UNAVAILABLE","C","reference","D","pectinate",100,1,0,"reference",0,0,"ERROR",0,"","Names column '1L' not found in data frame 'data'",1,495020,"pectinate_100_D","caper","UNAVAILABLE"
"2026-09-13 02:29:00 UTC","084e979af137355b4f976faff6e0079237f23f72","0.2.0.9000","R version 4.6.1 (2026-06-24 ucrt)","Windows","g++","disabled_or_unavailable","","UNAVAILABLE","C","A-single-trait","K","balanced",500,1,0,"raw",1,0.0499999999999998,"PASS",0,"","",1,662520,"balanced_500",NA,NA
"2026-09-13 02:29:00 UTC","084e979af137355b4f976faff6e0079237f23f72","0.2.0.9000","R version 4.6.1 (2026-06-24 ucrt)","Windows","g++","disabled_or_unavailable","","UNAVAILABLE","C","B-prepared-repeated","K","balanced",500,1,0,"prepared",1,0,"PASS",0,"","",1,662520,"balanced_500",NA,NA
"2026-09-13 02:29:00 UTC","084e979af137355b4f976faff6e0079237f23f72","0.2.0.9000","R version 4.6.1 (2026-06-24 ucrt)","Windows","g++","disabled_or_unavailable","","UNAVAILABLE","C","B-prepared-repeated","K","balanced",500,1,0,"prepared",2,0,"PASS",0,"","",1,662520,"balanced_500",NA,NA
"2026-09-13 02:29:00 UTC","084e979af137355b4f976faff6e0079237f23f72","0.2.0.9000","R version 4.6.1 (2026-06-24 ucrt)","Windows","g++","disabled_or_unavailable","","UNAVAILABLE","C","A-single-trait","K","balanced",500,1,0,"raw",2,0.0700000000000003,"PASS",0,"","",1,662520,"balanced_500",NA,NA
"2026-09-13 02:29:00 UTC","084e979af137355b4f976faff6e0079237f23f72","0.2.0.9000","R version 4.6.1 (2026-06-24 ucrt)","Windows","g++","disabled_or_unavailable","","UNAVAILABLE","C","A-single-trait","K","balanced",500,1,0,"raw",3,0.0599999999999996,"PASS",0,"","",1,662520,"balanced_500",NA,NA
"2026-09-13 02:29:00 UTC","084e979af137355b4f976faff6e0079237f23f72","0.2.0.9000","R version 4.6.1 (2026-06-24 ucrt)","Windows","g++","disabled_or_unavailable","","UNAVAILABLE","C","B-prepared-repeated","K","balanced",500,1,0,"prepared",3,0,"PASS",0,"","",1,662520,"balanced_500",NA,NA
"2026-09-13 02:29:00 UTC","084e979af137355b4f976faff6e0079237f23f72","0.2.0.9000","R version 4.6.1 (2026-06-24 ucrt)","Windows","g++","disabled_or_unavailable","","UNAVAILABLE","C","B-prepared-repeated","K","balanced",500,1,0,"prepared",4,0.0100000000000007,"PASS",0,"","",1,662520,"balanced_500",NA,NA
"2026-09-13 02:29:00 UTC","084e979af137355b4f976faff6e0079237f23f72","0.2.0.9000","R version 4.6.1 (2026-06-24 ucrt)","Windows","g++","disabled_or_unavailable","","UNAVAILABLE","C","A-single-trait","K","balanced",500,1,0,"raw",4,0.0499999999999998,"PASS",0,"","",1,662520,"balanced_500",NA,NA
"2026-09-13 02:29:00 UTC","084e979af137355b4f976faff6e0079237f23f72","0.2.0.9000","R version 4.6.1 (2026-06-24 ucrt)","Windows","g++","disabled_or_unavailable","","UNAVAILABLE","C","A-single-trait","K","balanced",500,1,0,"raw",5,0.04,"PASS",0,"","",1,662520,"balanced_500",NA,NA
"2026-09-13 02:29:00 UTC","084e979af137355b4f976faff6e0079237f23f72","0.2.0.9000","R version 4.6.1 (2026-06-24 ucrt)","Windows","g++","disabled_or_unavailable","","UNAVAILABLE","C","B-prepared-repeated","K","balanced",500,1,0,"prepared",5,0.0200000000000005,"PASS",0,"","",1,662520,"balanced_500",NA,NA
"2026-09-13 02:29:00 UTC","084e979af137355b4f976faff6e0079237f23f72","0.2.0.9000","R version 4.6.1 (2026-06-24 ucrt)","Windows","g++","disabled_or_unavailable","","UNAVAILABLE","C","B-prepared-repeated","K","balanced",500,1,0,"prepared",6,0.00999999999999979,"PASS",0,"","",1,662520,"balanced_500",NA,NA
"2026-09-13 02:29:00 UTC","084e979af137355b4f976faff6e0079237f23f72","0.2.0.9000","R version 4.6.1 (2026-06-24 ucrt)","Windows","g++","disabled_or_unavailable","","UNAVAILABLE","C","A-single-trait","K","balanced",500,1,0,"raw",6,0.0499999999999998,"PASS",0,"","",1,662520,"balanced_500",NA,NA
"2026-09-13 02:29:00 UTC","084e979af137355b4f976faff6e0079237f23f72","0.2.0.9000","R version 4.6.1 (2026-06-24 ucrt)","Windows","g++","disabled_or_unavailable","","UNAVAILABLE","C","A-single-trait","K","balanced",500,1,0,"raw",7,0.0599999999999996,"PASS",0,"","",1,662520,"balanced_500",NA,NA
"2026-09-13 02:29:00 UTC","084e979af137355b4f976faff6e0079237f23f72","0.2.0.9000","R version 4.6.1 (2026-06-24 ucrt)","Windows","g++","disabled_or_unavailable","","UNAVAILABLE","C","B-prepared-repeated","K","balanced",500,1,0,"prepared",7,0,"PASS",0,"","",1,662520,"balanced_500",NA,NA
"2026-09-13 02:29:00 UTC","084e979af137355b4f976faff6e0079237f23f72","0.2.0.9000","R version 4.6.1 (2026-06-24 ucrt)","Windows","g++","disabled_or_unavailable","","UNAVAILABLE","C","B-prepared-repeated","K","balanced",500,1,0,"prepared",8,0.00999999999999979,"PASS",0,"","",1,662520,"balanced_500",NA,NA
"2026-09-13 02:29:00 UTC","084e979af137355b4f976faff6e0079237f23f72","0.2.0.9000","R version 4.6.1 (2026-06-24 ucrt)","Windows","g++","disabled_or_unavailable","","UNAVAILABLE","C","A-single-trait","K","balanced",500,1,0,"raw",8,0.0499999999999998,"PASS",0,"","",1,662520,"balanced_500",NA,NA
"2026-09-13 02:29:00 UTC","084e979af137355b4f976faff6e0079237f23f72","0.2.0.9000","R version 4.6.1 (2026-06-24 ucrt)","Windows","g++","disabled_or_unavailable","","UNAVAILABLE","C","A-single-trait","K","balanced",500,1,0,"raw",9,0.0500000000000007,"PASS",0,"","",1,662520,"balanced_500",NA,NA
"2026-09-13 02:29:00 UTC","084e979af137355b4f976faff6e0079237f23f72","0.2.0.9000","R version 4.6.1 (2026-06-24 ucrt)","Windows","g++","disabled_or_unavailable","","UNAVAILABLE","C","B-prepared-repeated","K","balanced",500,1,0,"prepared",9,0,"PASS",0,"","",1,662520,"balanced_500",NA,NA
"2026-09-13 02:29:00 UTC","084e979af137355b4f976faff6e0079237f23f72","0.2.0.9000","R version 4.6.1 (2026-06-24 ucrt)","Windows","g++","disabled_or_unavailable","","UNAVAILABLE","C","B-prepared-repeated","K","balanced",500,1,0,"prepared",10,0.00999999999999979,"PASS",0,"","",1,662520,"balanced_500",NA,NA
"2026-09-13 02:29:00 UTC","084e979af137355b4f976faff6e0079237f23f72","0.2.0.9000","R version 4.6.1 (2026-06-24 ucrt)","Windows","g++","disabled_or_unavailable","","UNAVAILABLE","C","A-single-trait","K","balanced",500,1,0,"raw",10,0.0499999999999998,"PASS",0,"","",1,662520,"balanced_500",NA,NA
"2026-09-13 02:29:00 UTC","084e979af137355b4f976faff6e0079237f23f72","0.2.0.9000","R version 4.6.1 (2026-06-24 ucrt)","Windows","g++","disabled_or_unavailable","","UNAVAILABLE","C","A-single-trait","lambda","balanced",500,1,0,"raw",1,0.0800000000000001,"PASS",0,"","",1,662530,"balanced_500",NA,NA
"2026-09-13 02:29:00 UTC","084e979af137355b4f976faff6e0079237f23f72","0.2.0.9000","R version 4.6.1 (2026-06-24 ucrt)","Windows","g++","disabled_or_unavailable","","UNAVAILABLE","C","B-prepared-repeated","lambda","balanced",500,1,0,"prepared",1,0.0300000000000002,"PASS",0,"","",1,662530,"balanced_500",NA,NA
"2026-09-13 02:29:00 UTC","084e979af137355b4f976faff6e0079237f23f72","0.2.0.9000","R version 4.6.1 (2026-06-24 ucrt)","Windows","g++","disabled_or_unavailable","","UNAVAILABLE","C","B-prepared-repeated","lambda","balanced",500,1,0,"prepared",2,0.04,"PASS",0,"","",1,662530,"balanced_500",NA,NA
"2026-09-13 02:29:00 UTC","084e979af137355b4f976faff6e0079237f23f72","0.2.0.9000","R version 4.6.1 (2026-06-24 ucrt)","Windows","g++","disabled_or_unavailable","","UNAVAILABLE","C","A-single-trait","lambda","balanced",500,1,0,"raw",2,0.0800000000000001,"PASS",0,"","",1,662530,"balanced_500",NA,NA
"2026-09-13 02:29:00 UTC","084e979af137355b4f976faff6e0079237f23f72","0.2.0.9000","R version 4.6.1 (2026-06-24 ucrt)","Windows","g++","disabled_or_unavailable","","UNAVAILABLE","C","A-single-trait","lambda","balanced",500,1,0,"raw",3,0.0599999999999996,"PASS",0,"","",1,662530,"balanced_500",NA,NA
"2026-09-13 02:29:00 UTC","084e979af137355b4f976faff6e0079237f23f72","0.2.0.9000","R version 4.6.1 (2026-06-24 ucrt)","Windows","g++","disabled_or_unavailable","","UNAVAILABLE","C","B-prepared-repeated","lambda","balanced",500,1,0,"prepared",3,0.0299999999999994,"PASS",0,"","",1,662530,"balanced_500",NA,NA
"2026-09-13 02:29:00 UTC","084e979af137355b4f976faff6e0079237f23f72","0.2.0.9000","R version 4.6.1 (2026-06-24 ucrt)","Windows","g++","disabled_or_unavailable","","UNAVAILABLE","C","B-prepared-repeated","lambda","balanced",500,1,0,"prepared",4,0.0300000000000002,"PASS",0,"","",1,662530,"balanced_500",NA,NA
"2026-09-13 02:29:00 UTC","084e979af137355b4f976faff6e0079237f23f72","0.2.0.9000","R version 4.6.1 (2026-06-24 ucrt)","Windows","g++","disabled_or_unavailable","","UNAVAILABLE","C","A-single-trait","lambda","balanced",500,1,0,"raw",4,0.0800000000000001,"PASS",0,"","",1,662530,"balanced_500",NA,NA
"2026-09-13 02:29:00 UTC","084e979af137355b4f976faff6e0079237f23f72","0.2.0.9000","R version 4.6.1 (2026-06-24 ucrt)","Windows","g++","disabled_or_unavailable","","UNAVAILABLE","C","A-single-trait","lambda","balanced",500,1,0,"raw",5,0.0800000000000001,"PASS",0,"","",1,662530,"balanced_500",NA,NA
"2026-09-13 02:29:00 UTC","084e979af137355b4f976faff6e0079237f23f72","0.2.0.9000","R version 4.6.1 (2026-06-24 ucrt)","Windows","g++","disabled_or_unavailable","","UNAVAILABLE","C","B-prepared-repeated","lambda","balanced",500,1,0,"prepared",5,0.0499999999999998,"PASS",0,"","",1,662530,"balanced_500",NA,NA
"2026-09-13 02:29:00 UTC","084e979af137355b4f976faff6e0079237f23f72","0.2.0.9000","R version 4.6.1 (2026-06-24 ucrt)","Windows","g++","disabled_or_unavailable","","UNAVAILABLE","C","B-prepared-repeated","lambda","balanced",500,1,0,"prepared",6,0.0300000000000002,"PASS",0,"","",1,662530,"balanced_500",NA,NA
"2026-09-13 02:29:00 UTC","084e979af137355b4f976faff6e0079237f23f72","0.2.0.9000","R version 4.6.1 (2026-06-24 ucrt)","Windows","g++","disabled_or_unavailable","","UNAVAILABLE","C","A-single-trait","lambda","balanced",500,1,0,"raw",6,0.0800000000000001,"PASS",0,"","",1,662530,"balanced_500",NA,NA
"2026-09-13 02:29:00 UTC","084e979af137355b4f976faff6e0079237f23f72","0.2.0.9000","R version 4.6.1 (2026-06-24 ucrt)","Windows","g++","disabled_or_unavailable","","UNAVAILABLE","C","A-single-trait","lambda","balanced",500,1,0,"raw",7,0.0699999999999994,"PASS",0,"","",1,662530,"balanced_500",NA,NA
"2026-09-13 02:29:00 UTC","084e979af137355b4f976faff6e0079237f23f72","0.2.0.9000","R version 4.6.1 (2026-06-24 ucrt)","Windows","g++","disabled_or_unavailable","","UNAVAILABLE","C","B-prepared-repeated","lambda","balanced",500,1,0,"prepared",7,0.0300000000000002,"PASS",0,"","",1,662530,"balanced_500",NA,NA
"2026-09-13 02:29:00 UTC","084e979af137355b4f976faff6e0079237f23f72","0.2.0.9000","R version 4.6.1 (2026-06-24 ucrt)","Windows","g++","disabled_or_unavailable","","UNAVAILABLE","C","B-prepared-repeated","lambda","balanced",500,1,0,"prepared",8,0.0499999999999998,"PASS",0,"","",1,662530,"balanced_500",NA,NA
"2026-09-13 02:29:00 UTC","084e979af137355b4f976faff6e0079237f23f72","0.2.0.9000","R version 4.6.1 (2026-06-24 ucrt)","Windows","g++","disabled_or_unavailable","","UNAVAILABLE","C","A-single-trait","lambda","balanced",500,1,0,"raw",8,0.0600000000000005,"PASS",0,"","",1,662530,"balanced_500",NA,NA
"2026-09-13 02:29:00 UTC","084e979af137355b4f976faff6e0079237f23f72","0.2.0.9000","R version 4.6.1 (2026-06-24 ucrt)","Windows","g++","disabled_or_unavailable","","UNAVAILABLE","C","A-single-trait","lambda","balanced",500,1,0,"raw",9,0.0800000000000001,"PASS",0,"","",1,662530,"balanced_500",NA,NA
"2026-09-13 02:29:00 UTC","084e979af137355b4f976faff6e0079237f23f72","0.2.0.9000","R version 4.6.1 (2026-06-24 ucrt)","Windows","g++","disabled_or_unavailable","","UNAVAILABLE","C","B-prepared-repeated","lambda","balanced",500,1,0,"prepared",9,0.0299999999999994,"PASS",0,"","",1,662530,"balanced_500",NA,NA
"2026-09-13 02:29:00 UTC","084e979af137355b4f976faff6e0079237f23f72","0.2.0.9000","R version 4.6.1 (2026-06-24 ucrt)","Windows","g++","disabled_or_unavailable","","UNAVAILABLE","C","B-prepared-repeated","lambda","balanced",500,1,0,"prepared",10,0.0500000000000007,"PASS",0,"","",1,662530,"balanced_500",NA,NA
"2026-09-13 02:29:00 UTC","084e979af137355b4f976faff6e0079237f23f72","0.2.0.9000","R version 4.6.1 (2026-06-24 ucrt)","Windows","g++","disabled_or_unavailable","","UNAVAILABLE","C","A-single-trait","lambda","balanced",500,1,0,"raw",10,0.0799999999999992,"PASS",0,"","",1,662530,"balanced_500",NA,NA
"2026-09-13 02:29:00 UTC","084e979af137355b4f976faff6e0079237f23f72","0.2.0.9000","R version 4.6.1 (2026-06-24 ucrt)","Windows","g++","disabled_or_unavailable","","UNAVAILABLE","C","A-single-trait","fast_signal_K","balanced",500,1,0,"raw",1,0.0599999999999996,"PASS",0,"","",1,662540,"balanced_500",NA,NA
"2026-09-13 02:29:00 UTC","084e979af137355b4f976faff6e0079237f23f72","0.2.0.9000","R version 4.6.1 (2026-06-24 ucrt)","Windows","g++","disabled_or_unavailable","","UNAVAILABLE","C","B-prepared-repeated","fast_signal_K","balanced",500,1,0,"prepared",1,0.0200000000000005,"PASS",0,"","",1,662540,"balanced_500",NA,NA
"2026-09-13 02:29:00 UTC","084e979af137355b4f976faff6e0079237f23f72","0.2.0.9000","R version 4.6.1 (2026-06-24 ucrt)","Windows","g++","disabled_or_unavailable","","UNAVAILABLE","C","B-prepared-repeated","fast_signal_K","balanced",500,1,0,"prepared",2,0.00999999999999979,"PASS",0,"","",1,662540,"balanced_500",NA,NA
"2026-09-13 02:29:00 UTC","084e979af137355b4f976faff6e0079237f23f72","0.2.0.9000","R version 4.6.1 (2026-06-24 ucrt)","Windows","g++","disabled_or_unavailable","","UNAVAILABLE","C","A-single-trait","fast_signal_K","balanced",500,1,0,"raw",2,0.0499999999999998,"PASS",0,"","",1,662540,"balanced_500",NA,NA
"2026-09-13 02:29:00 UTC","084e979af137355b4f976faff6e0079237f23f72","0.2.0.9000","R version 4.6.1 (2026-06-24 ucrt)","Windows","g++","disabled_or_unavailable","","UNAVAILABLE","C","A-single-trait","fast_signal_K","balanced",500,1,0,"raw",3,0.04,"PASS",0,"","",1,662540,"balanced_500",NA,NA
"2026-09-13 02:29:00 UTC","084e979af137355b4f976faff6e0079237f23f72","0.2.0.9000","R version 4.6.1 (2026-06-24 ucrt)","Windows","g++","disabled_or_unavailable","","UNAVAILABLE","C","B-prepared-repeated","fast_signal_K","balanced",500,1,0,"prepared",3,0.0199999999999996,"PASS",0,"","",1,662540,"balanced_500",NA,NA
"2026-09-13 02:29:00 UTC","084e979af137355b4f976faff6e0079237f23f72","0.2.0.9000","R version 4.6.1 (2026-06-24 ucrt)","Windows","g++","disabled_or_unavailable","","UNAVAILABLE","C","B-prepared-repeated","fast_signal_K","balanced",500,1,0,"prepared",4,0.0200000000000005,"PASS",0,"","",1,662540,"balanced_500",NA,NA
"2026-09-13 02:29:00 UTC","084e979af137355b4f976faff6e0079237f23f72","0.2.0.9000","R version 4.6.1 (2026-06-24 ucrt)","Windows","g++","disabled_or_unavailable","","UNAVAILABLE","C","A-single-trait","fast_signal_K","balanced",500,1,0,"raw",4,0.04,"PASS",0,"","",1,662540,"balanced_500",NA,NA
"2026-09-13 02:29:00 UTC","084e979af137355b4f976faff6e0079237f23f72","0.2.0.9000","R version 4.6.1 (2026-06-24 ucrt)","Windows","g++","disabled_or_unavailable","","UNAVAILABLE","C","A-single-trait","fast_signal_K","balanced",500,1,0,"raw",5,0.0599999999999996,"PASS",0,"","",1,662540,"balanced_500",NA,NA
"2026-09-13 02:29:00 UTC","084e979af137355b4f976faff6e0079237f23f72","0.2.0.9000","R version 4.6.1 (2026-06-24 ucrt)","Windows","g++","disabled_or_unavailable","","UNAVAILABLE","C","B-prepared-repeated","fast_signal_K","balanced",500,1,0,"prepared",5,0.0200000000000005,"PASS",0,"","",1,662540,"balanced_500",NA,NA
"2026-09-13 02:29:00 UTC","084e979af137355b4f976faff6e0079237f23f72","0.2.0.9000","R version 4.6.1 (2026-06-24 ucrt)","Windows","g++","disabled_or_unavailable","","UNAVAILABLE","C","B-prepared-repeated","fast_signal_K","balanced",500,1,0,"prepared",6,0.0199999999999996,"PASS",0,"","",1,662540,"balanced_500",NA,NA
"2026-09-13 02:29:00 UTC","084e979af137355b4f976faff6e0079237f23f72","0.2.0.9000","R version 4.6.1 (2026-06-24 ucrt)","Windows","g++","disabled_or_unavailable","","UNAVAILABLE","C","A-single-trait","fast_signal_K","balanced",500,1,0,"raw",6,0.04,"PASS",0,"","",1,662540,"balanced_500",NA,NA
"2026-09-13 02:29:00 UTC","084e979af137355b4f976faff6e0079237f23f72","0.2.0.9000","R version 4.6.1 (2026-06-24 ucrt)","Windows","g++","disabled_or_unavailable","","UNAVAILABLE","C","A-single-trait","fast_signal_K","balanced",500,1,0,"raw",7,0.0700000000000003,"PASS",0,"","",1,662540,"balanced_500",NA,NA
"2026-09-13 02:29:00 UTC","084e979af137355b4f976faff6e0079237f23f72","0.2.0.9000","R version 4.6.1 (2026-06-24 ucrt)","Windows","g++","disabled_or_unavailable","","UNAVAILABLE","C","B-prepared-repeated","fast_signal_K","balanced",500,1,0,"prepared",7,0.00999999999999979,"PASS",0,"","",1,662540,"balanced_500",NA,NA
"2026-09-13 02:29:00 UTC","084e979af137355b4f976faff6e0079237f23f72","0.2.0.9000","R version 4.6.1 (2026-06-24 ucrt)","Windows","g++","disabled_or_unavailable","","UNAVAILABLE","C","B-prepared-repeated","fast_signal_K","balanced",500,1,0,"prepared",8,0.0199999999999996,"PASS",0,"","",1,662540,"balanced_500",NA,NA
"2026-09-13 02:29:00 UTC","084e979af137355b4f976faff6e0079237f23f72","0.2.0.9000","R version 4.6.1 (2026-06-24 ucrt)","Windows","g++","disabled_or_unavailable","","UNAVAILABLE","C","A-single-trait","fast_signal_K","balanced",500,1,0,"raw",8,0.04,"PASS",0,"","",1,662540,"balanced_500",NA,NA
"2026-09-13 02:29:00 UTC","084e979af137355b4f976faff6e0079237f23f72","0.2.0.9000","R version 4.6.1 (2026-06-24 ucrt)","Windows","g++","disabled_or_unavailable","","UNAVAILABLE","C","A-single-trait","fast_signal_K","balanced",500,1,0,"raw",9,0.0700000000000003,"PASS",0,"","",1,662540,"balanced_500",NA,NA
"2026-09-13 02:29:00 UTC","084e979af137355b4f976faff6e0079237f23f72","0.2.0.9000","R version 4.6.1 (2026-06-24 ucrt)","Windows","g++","disabled_or_unavailable","","UNAVAILABLE","C","B-prepared-repeated","fast_signal_K","balanced",500,1,0,"prepared",9,0.00999999999999979,"PASS",0,"","",1,662540,"balanced_500",NA,NA
"2026-09-13 02:29:00 UTC","084e979af137355b4f976faff6e0079237f23f72","0.2.0.9000","R version 4.6.1 (2026-06-24 ucrt)","Windows","g++","disabled_or_unavailable","","UNAVAILABLE","C","B-prepared-repeated","fast_signal_K","balanced",500,1,0,"prepared",10,0.00999999999999979,"PASS",0,"","",1,662540,"balanced_500",NA,NA
"2026-09-13 02:29:00 UTC","084e979af137355b4f976faff6e0079237f23f72","0.2.0.9000","R version 4.6.1 (2026-06-24 ucrt)","Windows","g++","disabled_or_unavailable","","UNAVAILABLE","C","A-single-trait","fast_signal_K","balanced",500,1,0,"raw",10,0.0700000000000003,"PASS",0,"","",1,662540,"balanced_500",NA,NA
"2026-09-13 02:29:00 UTC","084e979af137355b4f976faff6e0079237f23f72","0.2.0.9000","R version 4.6.1 (2026-06-24 ucrt)","Windows","g++","disabled_or_unavailable","","UNAVAILABLE","C","A-single-trait","K","balanced",2000,1,0,"raw",1,0.220000000000001,"PASS",0,"","",1,664020,"balanced_2000",NA,NA
"2026-09-13 02:29:00 UTC","084e979af137355b4f976faff6e0079237f23f72","0.2.0.9000","R version 4.6.1 (2026-06-24 ucrt)","Windows","g++","disabled_or_unavailable","","UNAVAILABLE","C","B-prepared-repeated","K","balanced",2000,1,0,"prepared",1,0.0199999999999996,"PASS",0,"","",1,664020,"balanced_2000",NA,NA
"2026-09-13 02:29:00 UTC","084e979af137355b4f976faff6e0079237f23f72","0.2.0.9000","R version 4.6.1 (2026-06-24 ucrt)","Windows","g++","disabled_or_unavailable","","UNAVAILABLE","C","B-prepared-repeated","K","balanced",2000,1,0,"prepared",2,0.0300000000000011,"PASS",0,"","",1,664020,"balanced_2000",NA,NA
"2026-09-13 02:29:00 UTC","084e979af137355b4f976faff6e0079237f23f72","0.2.0.9000","R version 4.6.1 (2026-06-24 ucrt)","Windows","g++","disabled_or_unavailable","","UNAVAILABLE","C","A-single-trait","K","balanced",2000,1,0,"raw",2,0.209999999999999,"PASS",0,"","",1,664020,"balanced_2000",NA,NA
"2026-09-13 02:29:00 UTC","084e979af137355b4f976faff6e0079237f23f72","0.2.0.9000","R version 4.6.1 (2026-06-24 ucrt)","Windows","g++","disabled_or_unavailable","","UNAVAILABLE","C","A-single-trait","K","balanced",2000,1,0,"raw",3,0.220000000000001,"PASS",0,"","",1,664020,"balanced_2000",NA,NA
"2026-09-13 02:29:00 UTC","084e979af137355b4f976faff6e0079237f23f72","0.2.0.9000","R version 4.6.1 (2026-06-24 ucrt)","Windows","g++","disabled_or_unavailable","","UNAVAILABLE","C","B-prepared-repeated","K","balanced",2000,1,0,"prepared",3,0.0299999999999994,"PASS",0,"","",1,664020,"balanced_2000",NA,NA
"2026-09-13 02:29:00 UTC","084e979af137355b4f976faff6e0079237f23f72","0.2.0.9000","R version 4.6.1 (2026-06-24 ucrt)","Windows","g++","disabled_or_unavailable","","UNAVAILABLE","C","B-prepared-repeated","K","balanced",2000,1,0,"prepared",4,0.0400000000000009,"PASS",0,"","",1,664020,"balanced_2000",NA,NA
"2026-09-13 02:29:00 UTC","084e979af137355b4f976faff6e0079237f23f72","0.2.0.9000","R version 4.6.1 (2026-06-24 ucrt)","Windows","g++","disabled_or_unavailable","","UNAVAILABLE","C","A-single-trait","K","balanced",2000,1,0,"raw",4,0.209999999999999,"PASS",0,"","",1,664020,"balanced_2000",NA,NA
"2026-09-13 02:29:00 UTC","084e979af137355b4f976faff6e0079237f23f72","0.2.0.9000","R version 4.6.1 (2026-06-24 ucrt)","Windows","g++","disabled_or_unavailable","","UNAVAILABLE","C","A-single-trait","K","balanced",2000,1,0,"raw",5,0.34,"PASS",0,"","",1,664020,"balanced_2000",NA,NA
"2026-09-13 02:29:00 UTC","084e979af137355b4f976faff6e0079237f23f72","0.2.0.9000","R version 4.6.1 (2026-06-24 ucrt)","Windows","g++","disabled_or_unavailable","","UNAVAILABLE","C","B-prepared-repeated","K","balanced",2000,1,0,"prepared",5,0.0299999999999994,"PASS",0,"","",1,664020,"balanced_2000",NA,NA
"2026-09-13 02:29:00 UTC","084e979af137355b4f976faff6e0079237f23f72","0.2.0.9000","R version 4.6.1 (2026-06-24 ucrt)","Windows","g++","disabled_or_unavailable","","UNAVAILABLE","C","B-prepared-repeated","K","balanced",2000,1,0,"prepared",6,0.0300000000000011,"PASS",0,"","",1,664020,"balanced_2000",NA,NA
"2026-09-13 02:29:00 UTC","084e979af137355b4f976faff6e0079237f23f72","0.2.0.9000","R version 4.6.1 (2026-06-24 ucrt)","Windows","g++","disabled_or_unavailable","","UNAVAILABLE","C","A-single-trait","K","balanced",2000,1,0,"raw",6,0.19,"PASS",0,"","",1,664020,"balanced_2000",NA,NA
"2026-09-13 02:29:00 UTC","084e979af137355b4f976faff6e0079237f23f72","0.2.0.9000","R version 4.6.1 (2026-06-24 ucrt)","Windows","g++","disabled_or_unavailable","","UNAVAILABLE","C","A-single-trait","K","balanced",2000,1,0,"raw",7,0.24,"PASS",0,"","",1,664020,"balanced_2000",NA,NA
"2026-09-13 02:29:00 UTC","084e979af137355b4f976faff6e0079237f23f72","0.2.0.9000","R version 4.6.1 (2026-06-24 ucrt)","Windows","g++","disabled_or_unavailable","","UNAVAILABLE","C","B-prepared-repeated","K","balanced",2000,1,0,"prepared",7,0.0299999999999994,"PASS",0,"","",1,664020,"balanced_2000",NA,NA
"2026-09-13 02:29:00 UTC","084e979af137355b4f976faff6e0079237f23f72","0.2.0.9000","R version 4.6.1 (2026-06-24 ucrt)","Windows","g++","disabled_or_unavailable","","UNAVAILABLE","C","B-prepared-repeated","K","balanced",2000,1,0,"prepared",8,0.0300000000000011,"PASS",0,"","",1,664020,"balanced_2000",NA,NA
"2026-09-13 02:29:00 UTC","084e979af137355b4f976faff6e0079237f23f72","0.2.0.9000","R version 4.6.1 (2026-06-24 ucrt)","Windows","g++","disabled_or_unavailable","","UNAVAILABLE","C","A-single-trait","K","balanced",2000,1,0,"raw",8,0.219999999999999,"PASS",0,"","",1,664020,"balanced_2000",NA,NA
"2026-09-13 02:29:00 UTC","084e979af137355b4f976faff6e0079237f23f72","0.2.0.9000","R version 4.6.1 (2026-06-24 ucrt)","Windows","g++","disabled_or_unavailable","","UNAVAILABLE","C","A-single-trait","K","balanced",2000,1,0,"raw",9,0.200000000000001,"PASS",0,"","",1,664020,"balanced_2000",NA,NA
"2026-09-13 02:29:00 UTC","084e979af137355b4f976faff6e0079237f23f72","0.2.0.9000","R version 4.6.1 (2026-06-24 ucrt)","Windows","g++","disabled_or_unavailable","","UNAVAILABLE","C","B-prepared-repeated","K","balanced",2000,1,0,"prepared",9,0.0299999999999994,"PASS",0,"","",1,664020,"balanced_2000",NA,NA
"2026-09-13 02:29:00 UTC","084e979af137355b4f976faff6e0079237f23f72","0.2.0.9000","R version 4.6.1 (2026-06-24 ucrt)","Windows","g++","disabled_or_unavailable","","UNAVAILABLE","C","B-prepared-repeated","K","balanced",2000,1,0,"prepared",10,0.0299999999999994,"PASS",0,"","",1,664020,"balanced_2000",NA,NA
"2026-09-13 02:29:00 UTC","084e979af137355b4f976faff6e0079237f23f72","0.2.0.9000","R version 4.6.1 (2026-06-24 ucrt)","Windows","g++","disabled_or_unavailable","","UNAVAILABLE","C","A-single-trait","K","balanced",2000,1,0,"raw",10,0.210000000000001,"PASS",0,"","",1,664020,"balanced_2000",NA,NA
"2026-09-13 02:29:00 UTC","084e979af137355b4f976faff6e0079237f23f72","0.2.0.9000","R version 4.6.1 (2026-06-24 ucrt)","Windows","g++","disabled_or_unavailable","","UNAVAILABLE","C","A-single-trait","lambda","balanced",2000,1,0,"raw",1,0.26,"PASS",0,"","",1,664030,"balanced_2000",NA,NA
"2026-09-13 02:29:00 UTC","084e979af137355b4f976faff6e0079237f23f72","0.2.0.9000","R version 4.6.1 (2026-06-24 ucrt)","Windows","g++","disabled_or_unavailable","","UNAVAILABLE","C","B-prepared-repeated","lambda","balanced",2000,1,0,"prepared",1,0.129999999999999,"PASS",0,"","",1,664030,"balanced_2000",NA,NA
"2026-09-13 02:29:00 UTC","084e979af137355b4f976faff6e0079237f23f72","0.2.0.9000","R version 4.6.1 (2026-06-24 ucrt)","Windows","g++","disabled_or_unavailable","","UNAVAILABLE","C","B-prepared-repeated","lambda","balanced",2000,1,0,"prepared",2,0.110000000000001,"PASS",0,"","",1,664030,"balanced_2000",NA,NA
"2026-09-13 02:29:00 UTC","084e979af137355b4f976faff6e0079237f23f72","0.2.0.9000","R version 4.6.1 (2026-06-24 ucrt)","Windows","g++","disabled_or_unavailable","","UNAVAILABLE","C","A-single-trait","lambda","balanced",2000,1,0,"raw",2,0.279999999999999,"PASS",0,"","",1,664030,"balanced_2000",NA,NA
"2026-09-13 02:29:00 UTC","084e979af137355b4f976faff6e0079237f23f72","0.2.0.9000","R version 4.6.1 (2026-06-24 ucrt)","Windows","g++","disabled_or_unavailable","","UNAVAILABLE","C","A-single-trait","lambda","balanced",2000,1,0,"raw",3,0.280000000000001,"PASS",0,"","",1,664030,"balanced_2000",NA,NA
"2026-09-13 02:29:00 UTC","084e979af137355b4f976faff6e0079237f23f72","0.2.0.9000","R version 4.6.1 (2026-06-24 ucrt)","Windows","g++","disabled_or_unavailable","","UNAVAILABLE","C","B-prepared-repeated","lambda","balanced",2000,1,0,"prepared",3,0.109999999999999,"PASS",0,"","",1,664030,"balanced_2000",NA,NA
"2026-09-13 02:29:00 UTC","084e979af137355b4f976faff6e0079237f23f72","0.2.0.9000","R version 4.6.1 (2026-06-24 ucrt)","Windows","g++","disabled_or_unavailable","","UNAVAILABLE","C","B-prepared-repeated","lambda","balanced",2000,1,0,"prepared",4,0.109999999999999,"PASS",0,"","",1,664030,"balanced_2000",NA,NA
"2026-09-13 02:29:00 UTC","084e979af137355b4f976faff6e0079237f23f72","0.2.0.9000","R version 4.6.1 (2026-06-24 ucrt)","Windows","g++","disabled_or_unavailable","","UNAVAILABLE","C","A-single-trait","lambda","balanced",2000,1,0,"raw",4,0.300000000000001,"PASS",0,"","",1,664030,"balanced_2000",NA,NA
"2026-09-13 02:29:00 UTC","084e979af137355b4f976faff6e0079237f23f72","0.2.0.9000","R version 4.6.1 (2026-06-24 ucrt)","Windows","g++","disabled_or_unavailable","","UNAVAILABLE","C","A-single-trait","lambda","balanced",2000,1,0,"raw",5,0.279999999999999,"PASS",0,"","",1,664030,"balanced_2000",NA,NA
"2026-09-13 02:29:00 UTC","084e979af137355b4f976faff6e0079237f23f72","0.2.0.9000","R version 4.6.1 (2026-06-24 ucrt)","Windows","g++","disabled_or_unavailable","","UNAVAILABLE","C","B-prepared-repeated","lambda","balanced",2000,1,0,"prepared",5,0.109999999999999,"PASS",0,"","",1,664030,"balanced_2000",NA,NA
"2026-09-13 02:29:00 UTC","084e979af137355b4f976faff6e0079237f23f72","0.2.0.9000","R version 4.6.1 (2026-06-24 ucrt)","Windows","g++","disabled_or_unavailable","","UNAVAILABLE","C","B-prepared-repeated","lambda","balanced",2000,1,0,"prepared",6,0.110000000000001,"PASS",0,"","",1,664030,"balanced_2000",NA,NA
"2026-09-13 02:29:00 UTC","084e979af137355b4f976faff6e0079237f23f72","0.2.0.9000","R version 4.6.1 (2026-06-24 ucrt)","Windows","g++","disabled_or_unavailable","","UNAVAILABLE","C","A-single-trait","lambda","balanced",2000,1,0,"raw",6,0.299999999999999,"PASS",0,"","",1,664030,"balanced_2000",NA,NA
"2026-09-13 02:29:00 UTC","084e979af137355b4f976faff6e0079237f23f72","0.2.0.9000","R version 4.6.1 (2026-06-24 ucrt)","Windows","g++","disabled_or_unavailable","","UNAVAILABLE","C","A-single-trait","lambda","balanced",2000,1,0,"raw",7,0.31,"PASS",0,"","",1,664030,"balanced_2000",NA,NA
"2026-09-13 02:29:00 UTC","084e979af137355b4f976faff6e0079237f23f72","0.2.0.9000","R version 4.6.1 (2026-06-24 ucrt)","Windows","g++","disabled_or_unavailable","","UNAVAILABLE","C","B-prepared-repeated","lambda","balanced",2000,1,0,"prepared",7,0.109999999999999,"PASS",0,"","",1,664030,"balanced_2000",NA,NA
"2026-09-13 02:29:00 UTC","084e979af137355b4f976faff6e0079237f23f72","0.2.0.9000","R version 4.6.1 (2026-06-24 ucrt)","Windows","g++","disabled_or_unavailable","","UNAVAILABLE","C","B-prepared-repeated","lambda","balanced",2000,1,0,"prepared",8,0.120000000000001,"PASS",0,"","",1,664030,"balanced_2000",NA,NA
"2026-09-13 02:29:00 UTC","084e979af137355b4f976faff6e0079237f23f72","0.2.0.9000","R version 4.6.1 (2026-06-24 ucrt)","Windows","g++","disabled_or_unavailable","","UNAVAILABLE","C","A-single-trait","lambda","balanced",2000,1,0,"raw",8,0.32,"PASS",0,"","",1,664030,"balanced_2000",NA,NA
"2026-09-13 02:29:00 UTC","084e979af137355b4f976faff6e0079237f23f72","0.2.0.9000","R version 4.6.1 (2026-06-24 ucrt)","Windows","g++","disabled_or_unavailable","","UNAVAILABLE","C","A-single-trait","lambda","balanced",2000,1,0,"raw",9,0.289999999999999,"PASS",0,"","",1,664030,"balanced_2000",NA,NA
"2026-09-13 02:29:00 UTC","084e979af137355b4f976faff6e0079237f23f72","0.2.0.9000","R version 4.6.1 (2026-06-24 ucrt)","Windows","g++","disabled_or_unavailable","","UNAVAILABLE","C","B-prepared-repeated","lambda","balanced",2000,1,0,"prepared",9,0.129999999999999,"PASS",0,"","",1,664030,"balanced_2000",NA,NA
"2026-09-13 02:29:00 UTC","084e979af137355b4f976faff6e0079237f23f72","0.2.0.9000","R version 4.6.1 (2026-06-24 ucrt)","Windows","g++","disabled_or_unavailable","","UNAVAILABLE","C","B-prepared-repeated","lambda","balanced",2000,1,0,"prepared",10,0.110000000000003,"PASS",0,"","",1,664030,"balanced_2000",NA,NA
"2026-09-13 02:29:00 UTC","084e979af137355b4f976faff6e0079237f23f72","0.2.0.9000","R version 4.6.1 (2026-06-24 ucrt)","Windows","g++","disabled_or_unavailable","","UNAVAILABLE","C","A-single-trait","lambda","balanced",2000,1,0,"raw",10,0.280000000000001,"PASS",0,"","",1,664030,"balanced_2000",NA,NA
"2026-09-13 02:29:00 UTC","084e979af137355b4f976faff6e0079237f23f72","0.2.0.9000","R version 4.6.1 (2026-06-24 ucrt)","Windows","g++","disabled_or_unavailable","","UNAVAILABLE","C","A-single-trait","fast_signal_K","balanced",2000,1,0,"raw",1,0.219999999999999,"PASS",0,"","",1,664040,"balanced_2000",NA,NA
"2026-09-13 02:29:00 UTC","084e979af137355b4f976faff6e0079237f23f72","0.2.0.9000","R version 4.6.1 (2026-06-24 ucrt)","Windows","g++","disabled_or_unavailable","","UNAVAILABLE","C","B-prepared-repeated","fast_signal_K","balanced",2000,1,0,"prepared",1,0.0500000000000007,"PASS",0,"","",1,664040,"balanced_2000",NA,NA
"2026-09-13 02:29:00 UTC","084e979af137355b4f976faff6e0079237f23f72","0.2.0.9000","R version 4.6.1 (2026-06-24 ucrt)","Windows","g++","disabled_or_unavailable","","UNAVAILABLE","C","B-prepared-repeated","fast_signal_K","balanced",2000,1,0,"prepared",2,0.0300000000000011,"PASS",0,"","",1,664040,"balanced_2000",NA,NA
"2026-09-13 02:29:00 UTC","084e979af137355b4f976faff6e0079237f23f72","0.2.0.9000","R version 4.6.1 (2026-06-24 ucrt)","Windows","g++","disabled_or_unavailable","","UNAVAILABLE","C","A-single-trait","fast_signal_K","balanced",2000,1,0,"raw",2,0.219999999999999,"PASS",0,"","",1,664040,"balanced_2000",NA,NA
"2026-09-13 02:29:00 UTC","084e979af137355b4f976faff6e0079237f23f72","0.2.0.9000","R version 4.6.1 (2026-06-24 ucrt)","Windows","g++","disabled_or_unavailable","","UNAVAILABLE","C","A-single-trait","fast_signal_K","balanced",2000,1,0,"raw",3,0.219999999999999,"PASS",0,"","",1,664040,"balanced_2000",NA,NA
"2026-09-13 02:29:00 UTC","084e979af137355b4f976faff6e0079237f23f72","0.2.0.9000","R version 4.6.1 (2026-06-24 ucrt)","Windows","g++","disabled_or_unavailable","","UNAVAILABLE","C","B-prepared-repeated","fast_signal_K","balanced",2000,1,0,"prepared",3,0.0300000000000011,"PASS",0,"","",1,664040,"balanced_2000",NA,NA
"2026-09-13 02:29:00 UTC","084e979af137355b4f976faff6e0079237f23f72","0.2.0.9000","R version 4.6.1 (2026-06-24 ucrt)","Windows","g++","disabled_or_unavailable","","UNAVAILABLE","C","B-prepared-repeated","fast_signal_K","balanced",2000,1,0,"prepared",4,0.0499999999999972,"PASS",0,"","",1,664040,"balanced_2000",NA,NA
"2026-09-13 02:29:00 UTC","084e979af137355b4f976faff6e0079237f23f72","0.2.0.9000","R version 4.6.1 (2026-06-24 ucrt)","Windows","g++","disabled_or_unavailable","","UNAVAILABLE","C","A-single-trait","fast_signal_K","balanced",2000,1,0,"raw",4,0.220000000000002,"PASS",0,"","",1,664040,"balanced_2000",NA,NA
"2026-09-13 02:29:00 UTC","084e979af137355b4f976faff6e0079237f23f72","0.2.0.9000","R version 4.6.1 (2026-06-24 ucrt)","Windows","g++","disabled_or_unavailable","","UNAVAILABLE","C","A-single-trait","fast_signal_K","balanced",2000,1,0,"raw",5,0.199999999999999,"PASS",0,"","",1,664040,"balanced_2000",NA,NA
"2026-09-13 02:29:00 UTC","084e979af137355b4f976faff6e0079237f23f72","0.2.0.9000","R version 4.6.1 (2026-06-24 ucrt)","Windows","g++","disabled_or_unavailable","","UNAVAILABLE","C","B-prepared-repeated","fast_signal_K","balanced",2000,1,0,"prepared",5,0.0300000000000011,"PASS",0,"","",1,664040,"balanced_2000",NA,NA
"2026-09-13 02:29:00 UTC","084e979af137355b4f976faff6e0079237f23f72","0.2.0.9000","R version 4.6.1 (2026-06-24 ucrt)","Windows","g++","disabled_or_unavailable","","UNAVAILABLE","C","B-prepared-repeated","fast_signal_K","balanced",2000,1,0,"prepared",6,0.0399999999999991,"PASS",0,"","",1,664040,"balanced_2000",NA,NA
"2026-09-13 02:29:00 UTC","084e979af137355b4f976faff6e0079237f23f72","0.2.0.9000","R version 4.6.1 (2026-06-24 ucrt)","Windows","g++","disabled_or_unavailable","","UNAVAILABLE","C","A-single-trait","fast_signal_K","balanced",2000,1,0,"raw",6,0.210000000000001,"PASS",0,"","",1,664040,"balanced_2000",NA,NA
"2026-09-13 02:29:00 UTC","084e979af137355b4f976faff6e0079237f23f72","0.2.0.9000","R version 4.6.1 (2026-06-24 ucrt)","Windows","g++","disabled_or_unavailable","","UNAVAILABLE","C","A-single-trait","fast_signal_K","balanced",2000,1,0,"raw",7,0.25,"PASS",0,"","",1,664040,"balanced_2000",NA,NA
"2026-09-13 02:29:00 UTC","084e979af137355b4f976faff6e0079237f23f72","0.2.0.9000","R version 4.6.1 (2026-06-24 ucrt)","Windows","g++","disabled_or_unavailable","","UNAVAILABLE","C","B-prepared-repeated","fast_signal_K","balanced",2000,1,0,"prepared",7,0.0300000000000011,"PASS",0,"","",1,664040,"balanced_2000",NA,NA
"2026-09-13 02:29:00 UTC","084e979af137355b4f976faff6e0079237f23f72","0.2.0.9000","R version 4.6.1 (2026-06-24 ucrt)","Windows","g++","disabled_or_unavailable","","UNAVAILABLE","C","B-prepared-repeated","fast_signal_K","balanced",2000,1,0,"prepared",8,0.0300000000000011,"PASS",0,"","",1,664040,"balanced_2000",NA,NA
"2026-09-13 02:29:00 UTC","084e979af137355b4f976faff6e0079237f23f72","0.2.0.9000","R version 4.6.1 (2026-06-24 ucrt)","Windows","g++","disabled_or_unavailable","","UNAVAILABLE","C","A-single-trait","fast_signal_K","balanced",2000,1,0,"raw",8,0.219999999999999,"PASS",0,"","",1,664040,"balanced_2000",NA,NA
"2026-09-13 02:29:00 UTC","084e979af137355b4f976faff6e0079237f23f72","0.2.0.9000","R version 4.6.1 (2026-06-24 ucrt)","Windows","g++","disabled_or_unavailable","","UNAVAILABLE","C","A-single-trait","fast_signal_K","balanced",2000,1,0,"raw",9,0.23,"PASS",0,"","",1,664040,"balanced_2000",NA,NA
"2026-09-13 02:29:00 UTC","084e979af137355b4f976faff6e0079237f23f72","0.2.0.9000","R version 4.6.1 (2026-06-24 ucrt)","Windows","g++","disabled_or_unavailable","","UNAVAILABLE","C","B-prepared-repeated","fast_signal_K","balanced",2000,1,0,"prepared",9,0.0300000000000011,"PASS",0,"","",1,664040,"balanced_2000",NA,NA
"2026-09-13 02:29:00 UTC","084e979af137355b4f976faff6e0079237f23f72","0.2.0.9000","R version 4.6.1 (2026-06-24 ucrt)","Windows","g++","disabled_or_unavailable","","UNAVAILABLE","C","B-prepared-repeated","fast_signal_K","balanced",2000,1,0,"prepared",10,0.0300000000000011,"PASS",0,"","",1,664040,"balanced_2000",NA,NA
"2026-09-13 02:29:00 UTC","084e979af137355b4f976faff6e0079237f23f72","0.2.0.9000","R version 4.6.1 (2026-06-24 ucrt)","Windows","g++","disabled_or_unavailable","","UNAVAILABLE","C","A-single-trait","fast_signal_K","balanced",2000,1,0,"raw",10,0.229999999999997,"PASS",0,"","",1,664040,"balanced_2000",NA,NA
"2026-09-13 02:29:00 UTC","084e979af137355b4f976faff6e0079237f23f72","0.2.0.9000","R version 4.6.1 (2026-06-24 ucrt)","Windows","g++","disabled_or_unavailable","","UNAVAILABLE","C","A-single-trait","K","balanced",5000,1,0,"raw",1,0.550000000000001,"PASS",0,"","",1,667020,"balanced_5000",NA,NA
"2026-09-13 02:29:00 UTC","084e979af137355b4f976faff6e0079237f23f72","0.2.0.9000","R version 4.6.1 (2026-06-24 ucrt)","Windows","g++","disabled_or_unavailable","","UNAVAILABLE","C","B-prepared-repeated","K","balanced",5000,1,0,"prepared",1,0.0799999999999983,"PASS",0,"","",1,667020,"balanced_5000",NA,NA
"2026-09-13 02:29:00 UTC","084e979af137355b4f976faff6e0079237f23f72","0.2.0.9000","R version 4.6.1 (2026-06-24 ucrt)","Windows","g++","disabled_or_unavailable","","UNAVAILABLE","C","B-prepared-repeated","K","balanced",5000,1,0,"prepared",2,0.0600000000000023,"PASS",0,"","",1,667020,"balanced_5000",NA,NA
"2026-09-13 02:29:00 UTC","084e979af137355b4f976faff6e0079237f23f72","0.2.0.9000","R version 4.6.1 (2026-06-24 ucrt)","Windows","g++","disabled_or_unavailable","","UNAVAILABLE","C","A-single-trait","K","balanced",5000,1,0,"raw",2,0.530000000000001,"PASS",0,"","",1,667020,"balanced_5000",NA,NA
"2026-09-13 02:29:00 UTC","084e979af137355b4f976faff6e0079237f23f72","0.2.0.9000","R version 4.6.1 (2026-06-24 ucrt)","Windows","g++","disabled_or_unavailable","","UNAVAILABLE","C","A-single-trait","K","balanced",5000,1,0,"raw",3,0.550000000000001,"PASS",0,"","",1,667020,"balanced_5000",NA,NA
"2026-09-13 02:29:00 UTC","084e979af137355b4f976faff6e0079237f23f72","0.2.0.9000","R version 4.6.1 (2026-06-24 ucrt)","Windows","g++","disabled_or_unavailable","","UNAVAILABLE","C","B-prepared-repeated","K","balanced",5000,1,0,"prepared",3,0.0799999999999983,"PASS",0,"","",1,667020,"balanced_5000",NA,NA
"2026-09-13 02:29:00 UTC","084e979af137355b4f976faff6e0079237f23f72","0.2.0.9000","R version 4.6.1 (2026-06-24 ucrt)","Windows","g++","disabled_or_unavailable","","UNAVAILABLE","C","B-prepared-repeated","K","balanced",5000,1,0,"prepared",4,0.0599999999999987,"PASS",0,"","",1,667020,"balanced_5000",NA,NA
"2026-09-13 02:29:00 UTC","084e979af137355b4f976faff6e0079237f23f72","0.2.0.9000","R version 4.6.1 (2026-06-24 ucrt)","Windows","g++","disabled_or_unavailable","","UNAVAILABLE","C","A-single-trait","K","balanced",5000,1,0,"raw",4,0.600000000000001,"PASS",0,"","",1,667020,"balanced_5000",NA,NA
"2026-09-13 02:29:00 UTC","084e979af137355b4f976faff6e0079237f23f72","0.2.0.9000","R version 4.6.1 (2026-06-24 ucrt)","Windows","g++","disabled_or_unavailable","","UNAVAILABLE","C","A-single-trait","K","balanced",5000,1,0,"raw",5,0.57,"PASS",0,"","",1,667020,"balanced_5000",NA,NA
"2026-09-13 02:29:00 UTC","084e979af137355b4f976faff6e0079237f23f72","0.2.0.9000","R version 4.6.1 (2026-06-24 ucrt)","Windows","g++","disabled_or_unavailable","","UNAVAILABLE","C","B-prepared-repeated","K","balanced",5000,1,0,"prepared",5,0.0799999999999983,"PASS",0,"","",1,667020,"balanced_5000",NA,NA
"2026-09-13 02:29:00 UTC","084e979af137355b4f976faff6e0079237f23f72","0.2.0.9000","R version 4.6.1 (2026-06-24 ucrt)","Windows","g++","disabled_or_unavailable","","UNAVAILABLE","C","B-prepared-repeated","K","balanced",5000,1,0,"prepared",6,0.0800000000000018,"PASS",0,"","",1,667020,"balanced_5000",NA,NA
"2026-09-13 02:29:00 UTC","084e979af137355b4f976faff6e0079237f23f72","0.2.0.9000","R version 4.6.1 (2026-06-24 ucrt)","Windows","g++","disabled_or_unavailable","","UNAVAILABLE","C","A-single-trait","K","balanced",5000,1,0,"raw",6,0.73,"PASS",0,"","",1,667020,"balanced_5000",NA,NA
"2026-09-13 02:29:00 UTC","084e979af137355b4f976faff6e0079237f23f72","0.2.0.9000","R version 4.6.1 (2026-06-24 ucrt)","Windows","g++","disabled_or_unavailable","","UNAVAILABLE","C","A-single-trait","K","balanced",5000,1,0,"raw",7,0.5,"PASS",0,"","",1,667020,"balanced_5000",NA,NA
"2026-09-13 02:29:00 UTC","084e979af137355b4f976faff6e0079237f23f72","0.2.0.9000","R version 4.6.1 (2026-06-24 ucrt)","Windows","g++","disabled_or_unavailable","","UNAVAILABLE","C","B-prepared-repeated","K","balanced",5000,1,0,"prepared",7,0.0599999999999987,"PASS",0,"","",1,667020,"balanced_5000",NA,NA
"2026-09-13 02:29:00 UTC","084e979af137355b4f976faff6e0079237f23f72","0.2.0.9000","R version 4.6.1 (2026-06-24 ucrt)","Windows","g++","disabled_or_unavailable","","UNAVAILABLE","C","B-prepared-repeated","K","balanced",5000,1,0,"prepared",8,0.0800000000000018,"PASS",0,"","",1,667020,"balanced_5000",NA,NA
"2026-09-13 02:29:00 UTC","084e979af137355b4f976faff6e0079237f23f72","0.2.0.9000","R version 4.6.1 (2026-06-24 ucrt)","Windows","g++","disabled_or_unavailable","","UNAVAILABLE","C","A-single-trait","K","balanced",5000,1,0,"raw",8,0.669999999999998,"PASS",0,"","",1,667020,"balanced_5000",NA,NA
"2026-09-13 02:29:00 UTC","084e979af137355b4f976faff6e0079237f23f72","0.2.0.9000","R version 4.6.1 (2026-06-24 ucrt)","Windows","g++","disabled_or_unavailable","","UNAVAILABLE","C","A-single-trait","K","balanced",5000,1,0,"raw",9,0.530000000000001,"PASS",0,"","",1,667020,"balanced_5000",NA,NA
"2026-09-13 02:29:00 UTC","084e979af137355b4f976faff6e0079237f23f72","0.2.0.9000","R version 4.6.1 (2026-06-24 ucrt)","Windows","g++","disabled_or_unavailable","","UNAVAILABLE","C","B-prepared-repeated","K","balanced",5000,1,0,"prepared",9,0.0600000000000023,"PASS",0,"","",1,667020,"balanced_5000",NA,NA
"2026-09-13 02:29:00 UTC","084e979af137355b4f976faff6e0079237f23f72","0.2.0.9000","R version 4.6.1 (2026-06-24 ucrt)","Windows","g++","disabled_or_unavailable","","UNAVAILABLE","C","B-prepared-repeated","K","balanced",5000,1,0,"prepared",10,0.0800000000000018,"PASS",0,"","",1,667020,"balanced_5000",NA,NA
"2026-09-13 02:29:00 UTC","084e979af137355b4f976faff6e0079237f23f72","0.2.0.9000","R version 4.6.1 (2026-06-24 ucrt)","Windows","g++","disabled_or_unavailable","","UNAVAILABLE","C","A-single-trait","K","balanced",5000,1,0,"raw",10,0.579999999999998,"PASS",0,"","",1,667020,"balanced_5000",NA,NA
"2026-09-13 02:29:00 UTC","084e979af137355b4f976faff6e0079237f23f72","0.2.0.9000","R version 4.6.1 (2026-06-24 ucrt)","Windows","g++","disabled_or_unavailable","","UNAVAILABLE","C","A-single-trait","lambda","balanced",5000,1,0,"raw",1,0.75,"PASS",0,"","",1,667030,"balanced_5000",NA,NA
"2026-09-13 02:29:00 UTC","084e979af137355b4f976faff6e0079237f23f72","0.2.0.9000","R version 4.6.1 (2026-06-24 ucrt)","Windows","g++","disabled_or_unavailable","","UNAVAILABLE","C","B-prepared-repeated","lambda","balanced",5000,1,0,"prepared",1,0.280000000000001,"PASS",0,"","",1,667030,"balanced_5000",NA,NA
"2026-09-13 02:29:00 UTC","084e979af137355b4f976faff6e0079237f23f72","0.2.0.9000","R version 4.6.1 (2026-06-24 ucrt)","Windows","g++","disabled_or_unavailable","","UNAVAILABLE","C","B-prepared-repeated","lambda","balanced",5000,1,0,"prepared",2,0.270000000000003,"PASS",0,"","",1,667030,"balanced_5000",NA,NA
"2026-09-13 02:29:00 UTC","084e979af137355b4f976faff6e0079237f23f72","0.2.0.9000","R version 4.6.1 (2026-06-24 ucrt)","Windows","g++","disabled_or_unavailable","","UNAVAILABLE","C","A-single-trait","lambda","balanced",5000,1,0,"raw",2,0.799999999999997,"PASS",0,"","",1,667030,"balanced_5000",NA,NA
"2026-09-13 02:29:00 UTC","084e979af137355b4f976faff6e0079237f23f72","0.2.0.9000","R version 4.6.1 (2026-06-24 ucrt)","Windows","g++","disabled_or_unavailable","","UNAVAILABLE","C","A-single-trait","lambda","balanced",5000,1,0,"raw",3,0.800000000000004,"PASS",0,"","",1,667030,"balanced_5000",NA,NA
"2026-09-13 02:29:00 UTC","084e979af137355b4f976faff6e0079237f23f72","0.2.0.9000","R version 4.6.1 (2026-06-24 ucrt)","Windows","g++","disabled_or_unavailable","","UNAVAILABLE","C","B-prepared-repeated","lambda","balanced",5000,1,0,"prepared",3,0.339999999999996,"PASS",0,"","",1,667030,"balanced_5000",NA,NA
"2026-09-13 02:29:00 UTC","084e979af137355b4f976faff6e0079237f23f72","0.2.0.9000","R version 4.6.1 (2026-06-24 ucrt)","Windows","g++","disabled_or_unavailable","","UNAVAILABLE","C","B-prepared-repeated","lambda","balanced",5000,1,0,"prepared",4,0.359999999999999,"PASS",0,"","",1,667030,"balanced_5000",NA,NA
"2026-09-13 02:29:00 UTC","084e979af137355b4f976faff6e0079237f23f72","0.2.0.9000","R version 4.6.1 (2026-06-24 ucrt)","Windows","g++","disabled_or_unavailable","","UNAVAILABLE","C","A-single-trait","lambda","balanced",5000,1,0,"raw",4,0.800000000000004,"PASS",0,"","",1,667030,"balanced_5000",NA,NA
"2026-09-13 02:29:00 UTC","084e979af137355b4f976faff6e0079237f23f72","0.2.0.9000","R version 4.6.1 (2026-06-24 ucrt)","Windows","g++","disabled_or_unavailable","","UNAVAILABLE","C","A-single-trait","lambda","balanced",5000,1,0,"raw",5,0.789999999999999,"PASS",0,"","",1,667030,"balanced_5000",NA,NA
"2026-09-13 02:29:00 UTC","084e979af137355b4f976faff6e0079237f23f72","0.2.0.9000","R version 4.6.1 (2026-06-24 ucrt)","Windows","g++","disabled_or_unavailable","","UNAVAILABLE","C","B-prepared-repeated","lambda","balanced",5000,1,0,"prepared",5,0.299999999999997,"PASS",0,"","",1,667030,"balanced_5000",NA,NA
"2026-09-13 02:29:00 UTC","084e979af137355b4f976faff6e0079237f23f72","0.2.0.9000","R version 4.6.1 (2026-06-24 ucrt)","Windows","g++","disabled_or_unavailable","","UNAVAILABLE","C","B-prepared-repeated","lambda","balanced",5000,1,0,"prepared",6,0.280000000000001,"PASS",0,"","",1,667030,"balanced_5000",NA,NA
"2026-09-13 02:29:00 UTC","084e979af137355b4f976faff6e0079237f23f72","0.2.0.9000","R version 4.6.1 (2026-06-24 ucrt)","Windows","g++","disabled_or_unavailable","","UNAVAILABLE","C","A-single-trait","lambda","balanced",5000,1,0,"raw",6,0.850000000000001,"PASS",0,"","",1,667030,"balanced_5000",NA,NA
"2026-09-13 02:29:00 UTC","084e979af137355b4f976faff6e0079237f23f72","0.2.0.9000","R version 4.6.1 (2026-06-24 ucrt)","Windows","g++","disabled_or_unavailable","","UNAVAILABLE","C","A-single-trait","lambda","balanced",5000,1,0,"raw",7,0.960000000000001,"PASS",0,"","",1,667030,"balanced_5000",NA,NA
"2026-09-13 02:29:00 UTC","084e979af137355b4f976faff6e0079237f23f72","0.2.0.9000","R version 4.6.1 (2026-06-24 ucrt)","Windows","g++","disabled_or_unavailable","","UNAVAILABLE","C","B-prepared-repeated","lambda","balanced",5000,1,0,"prepared",7,0.359999999999999,"PASS",0,"","",1,667030,"balanced_5000",NA,NA
"2026-09-13 02:29:00 UTC","084e979af137355b4f976faff6e0079237f23f72","0.2.0.9000","R version 4.6.1 (2026-06-24 ucrt)","Windows","g++","disabled_or_unavailable","","UNAVAILABLE","C","B-prepared-repeated","lambda","balanced",5000,1,0,"prepared",8,0.380000000000003,"PASS",0,"","",1,667030,"balanced_5000",NA,NA
"2026-09-13 02:29:00 UTC","084e979af137355b4f976faff6e0079237f23f72","0.2.0.9000","R version 4.6.1 (2026-06-24 ucrt)","Windows","g++","disabled_or_unavailable","","UNAVAILABLE","C","A-single-trait","lambda","balanced",5000,1,0,"raw",8,0.759999999999998,"PASS",0,"","",1,667030,"balanced_5000",NA,NA
"2026-09-13 02:29:00 UTC","084e979af137355b4f976faff6e0079237f23f72","0.2.0.9000","R version 4.6.1 (2026-06-24 ucrt)","Windows","g++","disabled_or_unavailable","","UNAVAILABLE","C","A-single-trait","lambda","balanced",5000,1,0,"raw",9,0.769999999999996,"PASS",0,"","",1,667030,"balanced_5000",NA,NA
"2026-09-13 02:29:00 UTC","084e979af137355b4f976faff6e0079237f23f72","0.2.0.9000","R version 4.6.1 (2026-06-24 ucrt)","Windows","g++","disabled_or_unavailable","","UNAVAILABLE","C","B-prepared-repeated","lambda","balanced",5000,1,0,"prepared",9,0.280000000000001,"PASS",0,"","",1,667030,"balanced_5000",NA,NA
"2026-09-13 02:29:00 UTC","084e979af137355b4f976faff6e0079237f23f72","0.2.0.9000","R version 4.6.1 (2026-06-24 ucrt)","Windows","g++","disabled_or_unavailable","","UNAVAILABLE","C","B-prepared-repeated","lambda","balanced",5000,1,0,"prepared",10,0.270000000000003,"PASS",0,"","",1,667030,"balanced_5000",NA,NA
"2026-09-13 02:29:00 UTC","084e979af137355b4f976faff6e0079237f23f72","0.2.0.9000","R version 4.6.1 (2026-06-24 ucrt)","Windows","g++","disabled_or_unavailable","","UNAVAILABLE","C","A-single-trait","lambda","balanced",5000,1,0,"raw",10,0.75,"PASS",0,"","",1,667030,"balanced_5000",NA,NA
"2026-09-13 02:29:00 UTC","084e979af137355b4f976faff6e0079237f23f72","0.2.0.9000","R version 4.6.1 (2026-06-24 ucrt)","Windows","g++","disabled_or_unavailable","","UNAVAILABLE","C","A-single-trait","fast_signal_K","balanced",5000,1,0,"raw",1,0.57,"PASS",0,"","",1,667040,"balanced_5000",NA,NA
"2026-09-13 02:29:00 UTC","084e979af137355b4f976faff6e0079237f23f72","0.2.0.9000","R version 4.6.1 (2026-06-24 ucrt)","Windows","g++","disabled_or_unavailable","","UNAVAILABLE","C","B-prepared-repeated","fast_signal_K","balanced",5000,1,0,"prepared",1,0.0599999999999952,"PASS",0,"","",1,667040,"balanced_5000",NA,NA
"2026-09-13 02:29:00 UTC","084e979af137355b4f976faff6e0079237f23f72","0.2.0.9000","R version 4.6.1 (2026-06-24 ucrt)","Windows","g++","disabled_or_unavailable","","UNAVAILABLE","C","B-prepared-repeated","fast_signal_K","balanced",5000,1,0,"prepared",2,0.0799999999999983,"PASS",0,"","",1,667040,"balanced_5000",NA,NA
"2026-09-13 02:29:00 UTC","084e979af137355b4f976faff6e0079237f23f72","0.2.0.9000","R version 4.6.1 (2026-06-24 ucrt)","Windows","g++","disabled_or_unavailable","","UNAVAILABLE","C","A-single-trait","fast_signal_K","balanced",5000,1,0,"raw",2,0.710000000000001,"PASS",0,"","",1,667040,"balanced_5000",NA,NA
"2026-09-13 02:29:00 UTC","084e979af137355b4f976faff6e0079237f23f72","0.2.0.9000","R version 4.6.1 (2026-06-24 ucrt)","Windows","g++","disabled_or_unavailable","","UNAVAILABLE","C","A-single-trait","fast_signal_K","balanced",5000,1,0,"raw",3,0.740000000000002,"PASS",0,"","",1,667040,"balanced_5000",NA,NA
"2026-09-13 02:29:00 UTC","084e979af137355b4f976faff6e0079237f23f72","0.2.0.9000","R version 4.6.1 (2026-06-24 ucrt)","Windows","g++","disabled_or_unavailable","","UNAVAILABLE","C","B-prepared-repeated","fast_signal_K","balanced",5000,1,0,"prepared",3,0.0799999999999983,"PASS",0,"","",1,667040,"balanced_5000",NA,NA
"2026-09-13 02:29:00 UTC","084e979af137355b4f976faff6e0079237f23f72","0.2.0.9000","R version 4.6.1 (2026-06-24 ucrt)","Windows","g++","disabled_or_unavailable","","UNAVAILABLE","C","B-prepared-repeated","fast_signal_K","balanced",5000,1,0,"prepared",4,0.0799999999999983,"PASS",0,"","",1,667040,"balanced_5000",NA,NA
"2026-09-13 02:29:00 UTC","084e979af137355b4f976faff6e0079237f23f72","0.2.0.9000","R version 4.6.1 (2026-06-24 ucrt)","Windows","g++","disabled_or_unavailable","","UNAVAILABLE","C","A-single-trait","fast_signal_K","balanced",5000,1,0,"raw",4,0.580000000000005,"PASS",0,"","",1,667040,"balanced_5000",NA,NA
"2026-09-13 02:29:00 UTC","084e979af137355b4f976faff6e0079237f23f72","0.2.0.9000","R version 4.6.1 (2026-06-24 ucrt)","Windows","g++","disabled_or_unavailable","","UNAVAILABLE","C","A-single-trait","fast_signal_K","balanced",5000,1,0,"raw",5,0.619999999999997,"PASS",0,"","",1,667040,"balanced_5000",NA,NA
"2026-09-13 02:29:00 UTC","084e979af137355b4f976faff6e0079237f23f72","0.2.0.9000","R version 4.6.1 (2026-06-24 ucrt)","Windows","g++","disabled_or_unavailable","","UNAVAILABLE","C","B-prepared-repeated","fast_signal_K","balanced",5000,1,0,"prepared",5,0.0799999999999983,"PASS",0,"","",1,667040,"balanced_5000",NA,NA
"2026-09-13 02:29:00 UTC","084e979af137355b4f976faff6e0079237f23f72","0.2.0.9000","R version 4.6.1 (2026-06-24 ucrt)","Windows","g++","disabled_or_unavailable","","UNAVAILABLE","C","B-prepared-repeated","fast_signal_K","balanced",5000,1,0,"prepared",6,0.0899999999999963,"PASS",0,"","",1,667040,"balanced_5000",NA,NA
"2026-09-13 02:29:00 UTC","084e979af137355b4f976faff6e0079237f23f72","0.2.0.9000","R version 4.6.1 (2026-06-24 ucrt)","Windows","g++","disabled_or_unavailable","","UNAVAILABLE","C","A-single-trait","fast_signal_K","balanced",5000,1,0,"raw",6,0.859999999999999,"PASS",0,"","",1,667040,"balanced_5000",NA,NA
"2026-09-13 02:29:00 UTC","084e979af137355b4f976faff6e0079237f23f72","0.2.0.9000","R version 4.6.1 (2026-06-24 ucrt)","Windows","g++","disabled_or_unavailable","","UNAVAILABLE","C","A-single-trait","fast_signal_K","balanced",5000,1,0,"raw",7,0.670000000000002,"PASS",0,"","",1,667040,"balanced_5000",NA,NA
"2026-09-13 02:29:00 UTC","084e979af137355b4f976faff6e0079237f23f72","0.2.0.9000","R version 4.6.1 (2026-06-24 ucrt)","Windows","g++","disabled_or_unavailable","","UNAVAILABLE","C","B-prepared-repeated","fast_signal_K","balanced",5000,1,0,"prepared",7,0.0799999999999983,"PASS",0,"","",1,667040,"balanced_5000",NA,NA
"2026-09-13 02:29:00 UTC","084e979af137355b4f976faff6e0079237f23f72","0.2.0.9000","R version 4.6.1 (2026-06-24 ucrt)","Windows","g++","disabled_or_unavailable","","UNAVAILABLE","C","B-prepared-repeated","fast_signal_K","balanced",5000,1,0,"prepared",8,0.0700000000000003,"PASS",0,"","",1,667040,"balanced_5000",NA,NA
"2026-09-13 02:29:00 UTC","084e979af137355b4f976faff6e0079237f23f72","0.2.0.9000","R version 4.6.1 (2026-06-24 ucrt)","Windows","g++","disabled_or_unavailable","","UNAVAILABLE","C","A-single-trait","fast_signal_K","balanced",5000,1,0,"raw",8,0.859999999999999,"PASS",0,"","",1,667040,"balanced_5000",NA,NA
"2026-09-13 02:29:00 UTC","084e979af137355b4f976faff6e0079237f23f72","0.2.0.9000","R version 4.6.1 (2026-06-24 ucrt)","Windows","g++","disabled_or_unavailable","","UNAVAILABLE","C","A-single-trait","fast_signal_K","balanced",5000,1,0,"raw",9,0.549999999999997,"PASS",0,"","",1,667040,"balanced_5000",NA,NA
"2026-09-13 02:29:00 UTC","084e979af137355b4f976faff6e0079237f23f72","0.2.0.9000","R version 4.6.1 (2026-06-24 ucrt)","Windows","g++","disabled_or_unavailable","","UNAVAILABLE","C","B-prepared-repeated","fast_signal_K","balanced",5000,1,0,"prepared",9,0.0600000000000023,"PASS",0,"","",1,667040,"balanced_5000",NA,NA
"2026-09-13 02:29:00 UTC","084e979af137355b4f976faff6e0079237f23f72","0.2.0.9000","R version 4.6.1 (2026-06-24 ucrt)","Windows","g++","disabled_or_unavailable","","UNAVAILABLE","C","B-prepared-repeated","fast_signal_K","balanced",5000,1,0,"prepared",10,0.0700000000000003,"PASS",0,"","",1,667040,"balanced_5000",NA,NA
"2026-09-13 02:29:00 UTC","084e979af137355b4f976faff6e0079237f23f72","0.2.0.9000","R version 4.6.1 (2026-06-24 ucrt)","Windows","g++","disabled_or_unavailable","","UNAVAILABLE","C","A-single-trait","fast_signal_K","balanced",5000,1,0,"raw",10,0.539999999999999,"PASS",0,"","",1,667040,"balanced_5000",NA,NA
"2026-09-13 02:29:00 UTC","084e979af137355b4f976faff6e0079237f23f72","0.2.0.9000","R version 4.6.1 (2026-06-24 ucrt)","Windows","g++","disabled_or_unavailable","","UNAVAILABLE","C","A-single-trait","K","random",500,1,0,"raw",1,0.0600000000000023,"PASS",0,"","",1,762520,"random_500",NA,NA
"2026-09-13 02:29:00 UTC","084e979af137355b4f976faff6e0079237f23f72","0.2.0.9000","R version 4.6.1 (2026-06-24 ucrt)","Windows","g++","disabled_or_unavailable","","UNAVAILABLE","C","B-prepared-repeated","K","random",500,1,0,"prepared",1,0,"PASS",0,"","",1,762520,"random_500",NA,NA
"2026-09-13 02:29:00 UTC","084e979af137355b4f976faff6e0079237f23f72","0.2.0.9000","R version 4.6.1 (2026-06-24 ucrt)","Windows","g++","disabled_or_unavailable","","UNAVAILABLE","C","B-prepared-repeated","K","random",500,1,0,"prepared",2,0.0200000000000031,"PASS",0,"","",1,762520,"random_500",NA,NA
"2026-09-13 02:29:00 UTC","084e979af137355b4f976faff6e0079237f23f72","0.2.0.9000","R version 4.6.1 (2026-06-24 ucrt)","Windows","g++","disabled_or_unavailable","","UNAVAILABLE","C","A-single-trait","K","random",500,1,0,"raw",2,0.0599999999999952,"PASS",0,"","",1,762520,"random_500",NA,NA
"2026-09-13 02:29:00 UTC","084e979af137355b4f976faff6e0079237f23f72","0.2.0.9000","R version 4.6.1 (2026-06-24 ucrt)","Windows","g++","disabled_or_unavailable","","UNAVAILABLE","C","A-single-trait","K","random",500,1,0,"raw",3,0.0600000000000023,"PASS",0,"","",1,762520,"random_500",NA,NA
"2026-09-13 02:29:00 UTC","084e979af137355b4f976faff6e0079237f23f72","0.2.0.9000","R version 4.6.1 (2026-06-24 ucrt)","Windows","g++","disabled_or_unavailable","","UNAVAILABLE","C","B-prepared-repeated","K","random",500,1,0,"prepared",3,0.0200000000000031,"PASS",0,"","",1,762520,"random_500",NA,NA
"2026-09-13 02:29:00 UTC","084e979af137355b4f976faff6e0079237f23f72","0.2.0.9000","R version 4.6.1 (2026-06-24 ucrt)","Windows","g++","disabled_or_unavailable","","UNAVAILABLE","C","B-prepared-repeated","K","random",500,1,0,"prepared",4,0,"PASS",0,"","",1,762520,"random_500",NA,NA
"2026-09-13 02:29:00 UTC","084e979af137355b4f976faff6e0079237f23f72","0.2.0.9000","R version 4.6.1 (2026-06-24 ucrt)","Windows","g++","disabled_or_unavailable","","UNAVAILABLE","C","A-single-trait","K","random",500,1,0,"raw",4,0.0399999999999991,"PASS",0,"","",1,762520,"random_500",NA,NA
"2026-09-13 02:29:00 UTC","084e979af137355b4f976faff6e0079237f23f72","0.2.0.9000","R version 4.6.1 (2026-06-24 ucrt)","Windows","g++","disabled_or_unavailable","","UNAVAILABLE","C","A-single-trait","K","random",500,1,0,"raw",5,0.0399999999999991,"PASS",0,"","",1,762520,"random_500",NA,NA
"2026-09-13 02:29:00 UTC","084e979af137355b4f976faff6e0079237f23f72","0.2.0.9000","R version 4.6.1 (2026-06-24 ucrt)","Windows","g++","disabled_or_unavailable","","UNAVAILABLE","C","B-prepared-repeated","K","random",500,1,0,"prepared",5,0.019999999999996,"PASS",0,"","",1,762520,"random_500",NA,NA
"2026-09-13 02:29:00 UTC","084e979af137355b4f976faff6e0079237f23f72","0.2.0.9000","R version 4.6.1 (2026-06-24 ucrt)","Windows","g++","disabled_or_unavailable","","UNAVAILABLE","C","B-prepared-repeated","K","random",500,1,0,"prepared",6,0,"PASS",0,"","",1,762520,"random_500",NA,NA
"2026-09-13 02:29:00 UTC","084e979af137355b4f976faff6e0079237f23f72","0.2.0.9000","R version 4.6.1 (2026-06-24 ucrt)","Windows","g++","disabled_or_unavailable","","UNAVAILABLE","C","A-single-trait","K","random",500,1,0,"raw",6,0.0800000000000054,"PASS",0,"","",1,762520,"random_500",NA,NA
"2026-09-13 02:29:00 UTC","084e979af137355b4f976faff6e0079237f23f72","0.2.0.9000","R version 4.6.1 (2026-06-24 ucrt)","Windows","g++","disabled_or_unavailable","","UNAVAILABLE","C","A-single-trait","K","random",500,1,0,"raw",7,0.0499999999999972,"PASS",0,"","",1,762520,"random_500",NA,NA
"2026-09-13 02:29:00 UTC","084e979af137355b4f976faff6e0079237f23f72","0.2.0.9000","R version 4.6.1 (2026-06-24 ucrt)","Windows","g++","disabled_or_unavailable","","UNAVAILABLE","C","B-prepared-repeated","K","random",500,1,0,"prepared",7,0.00999999999999801,"PASS",0,"","",1,762520,"random_500",NA,NA
"2026-09-13 02:29:00 UTC","084e979af137355b4f976faff6e0079237f23f72","0.2.0.9000","R version 4.6.1 (2026-06-24 ucrt)","Windows","g++","disabled_or_unavailable","","UNAVAILABLE","C","B-prepared-repeated","K","random",500,1,0,"prepared",8,0,"PASS",0,"","",1,762520,"random_500",NA,NA
"2026-09-13 02:29:00 UTC","084e979af137355b4f976faff6e0079237f23f72","0.2.0.9000","R version 4.6.1 (2026-06-24 ucrt)","Windows","g++","disabled_or_unavailable","","UNAVAILABLE","C","A-single-trait","K","random",500,1,0,"raw",8,0.0399999999999991,"PASS",0,"","",1,762520,"random_500",NA,NA
"2026-09-13 02:29:00 UTC","084e979af137355b4f976faff6e0079237f23f72","0.2.0.9000","R version 4.6.1 (2026-06-24 ucrt)","Windows","g++","disabled_or_unavailable","","UNAVAILABLE","C","A-single-trait","K","random",500,1,0,"raw",9,0.0499999999999972,"PASS",0,"","",1,762520,"random_500",NA,NA
"2026-09-13 02:29:00 UTC","084e979af137355b4f976faff6e0079237f23f72","0.2.0.9000","R version 4.6.1 (2026-06-24 ucrt)","Windows","g++","disabled_or_unavailable","","UNAVAILABLE","C","B-prepared-repeated","K","random",500,1,0,"prepared",9,0.00999999999999801,"PASS",0,"","",1,762520,"random_500",NA,NA
"2026-09-13 02:29:00 UTC","084e979af137355b4f976faff6e0079237f23f72","0.2.0.9000","R version 4.6.1 (2026-06-24 ucrt)","Windows","g++","disabled_or_unavailable","","UNAVAILABLE","C","B-prepared-repeated","K","random",500,1,0,"prepared",10,0.0200000000000031,"PASS",0,"","",1,762520,"random_500",NA,NA
"2026-09-13 02:29:00 UTC","084e979af137355b4f976faff6e0079237f23f72","0.2.0.9000","R version 4.6.1 (2026-06-24 ucrt)","Windows","g++","disabled_or_unavailable","","UNAVAILABLE","C","A-single-trait","K","random",500,1,0,"raw",10,0.0600000000000023,"PASS",0,"","",1,762520,"random_500",NA,NA
"2026-09-13 02:29:00 UTC","084e979af137355b4f976faff6e0079237f23f72","0.2.0.9000","R version 4.6.1 (2026-06-24 ucrt)","Windows","g++","disabled_or_unavailable","","UNAVAILABLE","C","A-single-trait","lambda","random",500,1,0,"raw",1,0.0799999999999983,"PASS",0,"","",1,762530,"random_500",NA,NA
"2026-09-13 02:29:00 UTC","084e979af137355b4f976faff6e0079237f23f72","0.2.0.9000","R version 4.6.1 (2026-06-24 ucrt)","Windows","g++","disabled_or_unavailable","","UNAVAILABLE","C","B-prepared-repeated","lambda","random",500,1,0,"prepared",1,0.0300000000000011,"PASS",0,"","",1,762530,"random_500",NA,NA
"2026-09-13 02:29:00 UTC","084e979af137355b4f976faff6e0079237f23f72","0.2.0.9000","R version 4.6.1 (2026-06-24 ucrt)","Windows","g++","disabled_or_unavailable","","UNAVAILABLE","C","B-prepared-repeated","lambda","random",500,1,0,"prepared",2,0.0300000000000011,"PASS",0,"","",1,762530,"random_500",NA,NA
"2026-09-13 02:29:00 UTC","084e979af137355b4f976faff6e0079237f23f72","0.2.0.9000","R version 4.6.1 (2026-06-24 ucrt)","Windows","g++","disabled_or_unavailable","","UNAVAILABLE","C","A-single-trait","lambda","random",500,1,0,"raw",2,0.0799999999999983,"PASS",0,"","",1,762530,"random_500",NA,NA
"2026-09-13 02:29:00 UTC","084e979af137355b4f976faff6e0079237f23f72","0.2.0.9000","R version 4.6.1 (2026-06-24 ucrt)","Windows","g++","disabled_or_unavailable","","UNAVAILABLE","C","A-single-trait","lambda","random",500,1,0,"raw",3,0.0799999999999983,"PASS",0,"","",1,762530,"random_500",NA,NA
"2026-09-13 02:29:00 UTC","084e979af137355b4f976faff6e0079237f23f72","0.2.0.9000","R version 4.6.1 (2026-06-24 ucrt)","Windows","g++","disabled_or_unavailable","","UNAVAILABLE","C","B-prepared-repeated","lambda","random",500,1,0,"prepared",3,0.0300000000000011,"PASS",0,"","",1,762530,"random_500",NA,NA
"2026-09-13 02:29:00 UTC","084e979af137355b4f976faff6e0079237f23f72","0.2.0.9000","R version 4.6.1 (2026-06-24 ucrt)","Windows","g++","disabled_or_unavailable","","UNAVAILABLE","C","B-prepared-repeated","lambda","random",500,1,0,"prepared",4,0.0300000000000011,"PASS",0,"","",1,762530,"random_500",NA,NA
"2026-09-13 02:29:00 UTC","084e979af137355b4f976faff6e0079237f23f72","0.2.0.9000","R version 4.6.1 (2026-06-24 ucrt)","Windows","g++","disabled_or_unavailable","","UNAVAILABLE","C","A-single-trait","lambda","random",500,1,0,"raw",4,0.0799999999999983,"PASS",0,"","",1,762530,"random_500",NA,NA
"2026-09-13 02:29:00 UTC","084e979af137355b4f976faff6e0079237f23f72","0.2.0.9000","R version 4.6.1 (2026-06-24 ucrt)","Windows","g++","disabled_or_unavailable","","UNAVAILABLE","C","A-single-trait","lambda","random",500,1,0,"raw",5,0.0599999999999952,"PASS",0,"","",1,762530,"random_500",NA,NA
"2026-09-13 02:29:00 UTC","084e979af137355b4f976faff6e0079237f23f72","0.2.0.9000","R version 4.6.1 (2026-06-24 ucrt)","Windows","g++","disabled_or_unavailable","","UNAVAILABLE","C","B-prepared-repeated","lambda","random",500,1,0,"prepared",5,0.0500000000000043,"PASS",0,"","",1,762530,"random_500",NA,NA
"2026-09-13 02:29:00 UTC","084e979af137355b4f976faff6e0079237f23f72","0.2.0.9000","R version 4.6.1 (2026-06-24 ucrt)","Windows","g++","disabled_or_unavailable","","UNAVAILABLE","C","B-prepared-repeated","lambda","random",500,1,0,"prepared",6,0.0300000000000011,"PASS",0,"","",1,762530,"random_500",NA,NA
"2026-09-13 02:29:00 UTC","084e979af137355b4f976faff6e0079237f23f72","0.2.0.9000","R version 4.6.1 (2026-06-24 ucrt)","Windows","g++","disabled_or_unavailable","","UNAVAILABLE","C","A-single-trait","lambda","random",500,1,0,"raw",6,0.0799999999999983,"PASS",0,"","",1,762530,"random_500",NA,NA
"2026-09-13 02:29:00 UTC","084e979af137355b4f976faff6e0079237f23f72","0.2.0.9000","R version 4.6.1 (2026-06-24 ucrt)","Windows","g++","disabled_or_unavailable","","UNAVAILABLE","C","A-single-trait","lambda","random",500,1,0,"raw",7,0.0899999999999963,"PASS",0,"","",1,762530,"random_500",NA,NA
"2026-09-13 02:29:00 UTC","084e979af137355b4f976faff6e0079237f23f72","0.2.0.9000","R version 4.6.1 (2026-06-24 ucrt)","Windows","g++","disabled_or_unavailable","","UNAVAILABLE","C","B-prepared-repeated","lambda","random",500,1,0,"prepared",7,0.0300000000000011,"PASS",0,"","",1,762530,"random_500",NA,NA
"2026-09-13 02:29:00 UTC","084e979af137355b4f976faff6e0079237f23f72","0.2.0.9000","R version 4.6.1 (2026-06-24 ucrt)","Windows","g++","disabled_or_unavailable","","UNAVAILABLE","C","B-prepared-repeated","lambda","random",500,1,0,"prepared",8,0.00999999999999801,"PASS",0,"","",1,762530,"random_500",NA,NA
"2026-09-13 02:29:00 UTC","084e979af137355b4f976faff6e0079237f23f72","0.2.0.9000","R version 4.6.1 (2026-06-24 ucrt)","Windows","g++","disabled_or_unavailable","","UNAVAILABLE","C","A-single-trait","lambda","random",500,1,0,"raw",8,0.0799999999999983,"PASS",0,"","",1,762530,"random_500",NA,NA
"2026-09-13 02:29:00 UTC","084e979af137355b4f976faff6e0079237f23f72","0.2.0.9000","R version 4.6.1 (2026-06-24 ucrt)","Windows","g++","disabled_or_unavailable","","UNAVAILABLE","C","A-single-trait","lambda","random",500,1,0,"raw",9,0.0600000000000023,"PASS",0,"","",1,762530,"random_500",NA,NA
"2026-09-13 02:29:00 UTC","084e979af137355b4f976faff6e0079237f23f72","0.2.0.9000","R version 4.6.1 (2026-06-24 ucrt)","Windows","g++","disabled_or_unavailable","","UNAVAILABLE","C","B-prepared-repeated","lambda","random",500,1,0,"prepared",9,0.0399999999999991,"PASS",0,"","",1,762530,"random_500",NA,NA
"2026-09-13 02:29:00 UTC","084e979af137355b4f976faff6e0079237f23f72","0.2.0.9000","R version 4.6.1 (2026-06-24 ucrt)","Windows","g++","disabled_or_unavailable","","UNAVAILABLE","C","B-prepared-repeated","lambda","random",500,1,0,"prepared",10,0.0300000000000011,"PASS",0,"","",1,762530,"random_500",NA,NA
"2026-09-13 02:29:00 UTC","084e979af137355b4f976faff6e0079237f23f72","0.2.0.9000","R version 4.6.1 (2026-06-24 ucrt)","Windows","g++","disabled_or_unavailable","","UNAVAILABLE","C","A-single-trait","lambda","random",500,1,0,"raw",10,0.0700000000000003,"PASS",0,"","",1,762530,"random_500",NA,NA
"2026-09-13 02:29:00 UTC","084e979af137355b4f976faff6e0079237f23f72","0.2.0.9000","R version 4.6.1 (2026-06-24 ucrt)","Windows","g++","disabled_or_unavailable","","UNAVAILABLE","C","A-single-trait","fast_signal_K","random",500,1,0,"raw",1,0.0499999999999972,"PASS",0,"","",1,762540,"random_500",NA,NA
"2026-09-13 02:29:00 UTC","084e979af137355b4f976faff6e0079237f23f72","0.2.0.9000","R version 4.6.1 (2026-06-24 ucrt)","Windows","g++","disabled_or_unavailable","","UNAVAILABLE","C","B-prepared-repeated","fast_signal_K","random",500,1,0,"prepared",1,0.00999999999999801,"PASS",0,"","",1,762540,"random_500",NA,NA
"2026-09-13 02:29:00 UTC","084e979af137355b4f976faff6e0079237f23f72","0.2.0.9000","R version 4.6.1 (2026-06-24 ucrt)","Windows","g++","disabled_or_unavailable","","UNAVAILABLE","C","B-prepared-repeated","fast_signal_K","random",500,1,0,"prepared",2,0.0200000000000031,"PASS",0,"","",1,762540,"random_500",NA,NA
"2026-09-13 02:29:00 UTC","084e979af137355b4f976faff6e0079237f23f72","0.2.0.9000","R version 4.6.1 (2026-06-24 ucrt)","Windows","g++","disabled_or_unavailable","","UNAVAILABLE","C","A-single-trait","fast_signal_K","random",500,1,0,"raw",2,0.0399999999999991,"PASS",0,"","",1,762540,"random_500",NA,NA
"2026-09-13 02:29:00 UTC","084e979af137355b4f976faff6e0079237f23f72","0.2.0.9000","R version 4.6.1 (2026-06-24 ucrt)","Windows","g++","disabled_or_unavailable","","UNAVAILABLE","C","A-single-trait","fast_signal_K","random",500,1,0,"raw",3,0.0700000000000003,"PASS",0,"","",1,762540,"random_500",NA,NA
"2026-09-13 02:29:00 UTC","084e979af137355b4f976faff6e0079237f23f72","0.2.0.9000","R version 4.6.1 (2026-06-24 ucrt)","Windows","g++","disabled_or_unavailable","","UNAVAILABLE","C","B-prepared-repeated","fast_signal_K","random",500,1,0,"prepared",3,0.00999999999999801,"PASS",0,"","",1,762540,"random_500",NA,NA
"2026-09-13 02:29:00 UTC","084e979af137355b4f976faff6e0079237f23f72","0.2.0.9000","R version 4.6.1 (2026-06-24 ucrt)","Windows","g++","disabled_or_unavailable","","UNAVAILABLE","C","B-prepared-repeated","fast_signal_K","random",500,1,0,"prepared",4,0.0200000000000031,"PASS",0,"","",1,762540,"random_500",NA,NA
"2026-09-13 02:29:00 UTC","084e979af137355b4f976faff6e0079237f23f72","0.2.0.9000","R version 4.6.1 (2026-06-24 ucrt)","Windows","g++","disabled_or_unavailable","","UNAVAILABLE","C","A-single-trait","fast_signal_K","random",500,1,0,"raw",4,0.0399999999999991,"PASS",0,"","",1,762540,"random_500",NA,NA
"2026-09-13 02:29:00 UTC","084e979af137355b4f976faff6e0079237f23f72","0.2.0.9000","R version 4.6.1 (2026-06-24 ucrt)","Windows","g++","disabled_or_unavailable","","UNAVAILABLE","C","A-single-trait","fast_signal_K","random",500,1,0,"raw",5,0.0700000000000003,"PASS",0,"","",1,762540,"random_500",NA,NA
"2026-09-13 02:29:00 UTC","084e979af137355b4f976faff6e0079237f23f72","0.2.0.9000","R version 4.6.1 (2026-06-24 ucrt)","Windows","g++","disabled_or_unavailable","","UNAVAILABLE","C","B-prepared-repeated","fast_signal_K","random",500,1,0,"prepared",5,0.00999999999999801,"PASS",0,"","",1,762540,"random_500",NA,NA
"2026-09-13 02:29:00 UTC","084e979af137355b4f976faff6e0079237f23f72","0.2.0.9000","R version 4.6.1 (2026-06-24 ucrt)","Windows","g++","disabled_or_unavailable","","UNAVAILABLE","C","B-prepared-repeated","fast_signal_K","random",500,1,0,"prepared",6,0.0200000000000031,"PASS",0,"","",1,762540,"random_500",NA,NA
"2026-09-13 02:29:00 UTC","084e979af137355b4f976faff6e0079237f23f72","0.2.0.9000","R version 4.6.1 (2026-06-24 ucrt)","Windows","g++","disabled_or_unavailable","","UNAVAILABLE","C","A-single-trait","fast_signal_K","random",500,1,0,"raw",6,0.229999999999997,"PASS",0,"","",1,762540,"random_500",NA,NA
"2026-09-13 02:29:00 UTC","084e979af137355b4f976faff6e0079237f23f72","0.2.0.9000","R version 4.6.1 (2026-06-24 ucrt)","Windows","g++","disabled_or_unavailable","","UNAVAILABLE","C","A-single-trait","fast_signal_K","random",500,1,0,"raw",7,0.0500000000000043,"PASS",0,"","",1,762540,"random_500",NA,NA
"2026-09-13 02:29:00 UTC","084e979af137355b4f976faff6e0079237f23f72","0.2.0.9000","R version 4.6.1 (2026-06-24 ucrt)","Windows","g++","disabled_or_unavailable","","UNAVAILABLE","C","B-prepared-repeated","fast_signal_K","random",500,1,0,"prepared",7,0.019999999999996,"PASS",0,"","",1,762540,"random_500",NA,NA
"2026-09-13 02:29:00 UTC","084e979af137355b4f976faff6e0079237f23f72","0.2.0.9000","R version 4.6.1 (2026-06-24 ucrt)","Windows","g++","disabled_or_unavailable","","UNAVAILABLE","C","B-prepared-repeated","fast_signal_K","random",500,1,0,"prepared",8,0.00999999999999801,"PASS",0,"","",1,762540,"random_500",NA,NA
"2026-09-13 02:29:00 UTC","084e979af137355b4f976faff6e0079237f23f72","0.2.0.9000","R version 4.6.1 (2026-06-24 ucrt)","Windows","g++","disabled_or_unavailable","","UNAVAILABLE","C","A-single-trait","fast_signal_K","random",500,1,0,"raw",8,0.0500000000000043,"PASS",0,"","",1,762540,"random_500",NA,NA
"2026-09-13 02:29:00 UTC","084e979af137355b4f976faff6e0079237f23f72","0.2.0.9000","R version 4.6.1 (2026-06-24 ucrt)","Windows","g++","disabled_or_unavailable","","UNAVAILABLE","C","A-single-trait","fast_signal_K","random",500,1,0,"raw",9,0.0599999999999952,"PASS",0,"","",1,762540,"random_500",NA,NA
"2026-09-13 02:29:00 UTC","084e979af137355b4f976faff6e0079237f23f72","0.2.0.9000","R version 4.6.1 (2026-06-24 ucrt)","Windows","g++","disabled_or_unavailable","","UNAVAILABLE","C","B-prepared-repeated","fast_signal_K","random",500,1,0,"prepared",9,0,"PASS",0,"","",1,762540,"random_500",NA,NA
"2026-09-13 02:29:00 UTC","084e979af137355b4f976faff6e0079237f23f72","0.2.0.9000","R version 4.6.1 (2026-06-24 ucrt)","Windows","g++","disabled_or_unavailable","","UNAVAILABLE","C","B-prepared-repeated","fast_signal_K","random",500,1,0,"prepared",10,0.0200000000000031,"PASS",0,"","",1,762540,"random_500",NA,NA
"2026-09-13 02:29:00 UTC","084e979af137355b4f976faff6e0079237f23f72","0.2.0.9000","R version 4.6.1 (2026-06-24 ucrt)","Windows","g++","disabled_or_unavailable","","UNAVAILABLE","C","A-single-trait","fast_signal_K","random",500,1,0,"raw",10,0.0600000000000023,"PASS",0,"","",1,762540,"random_500",NA,NA
"2026-09-13 02:29:00 UTC","084e979af137355b4f976faff6e0079237f23f72","0.2.0.9000","R version 4.6.1 (2026-06-24 ucrt)","Windows","g++","disabled_or_unavailable","","UNAVAILABLE","C","A-single-trait","K","random",2000,1,0,"raw",1,0.240000000000002,"PASS",0,"","",1,764020,"random_2000",NA,NA
"2026-09-13 02:29:00 UTC","084e979af137355b4f976faff6e0079237f23f72","0.2.0.9000","R version 4.6.1 (2026-06-24 ucrt)","Windows","g++","disabled_or_unavailable","","UNAVAILABLE","C","B-prepared-repeated","K","random",2000,1,0,"prepared",1,0.0399999999999991,"PASS",0,"","",1,764020,"random_2000",NA,NA
"2026-09-13 02:29:00 UTC","084e979af137355b4f976faff6e0079237f23f72","0.2.0.9000","R version 4.6.1 (2026-06-24 ucrt)","Windows","g++","disabled_or_unavailable","","UNAVAILABLE","C","B-prepared-repeated","K","random",2000,1,0,"prepared",2,0.0499999999999972,"PASS",0,"","",1,764020,"random_2000",NA,NA
"2026-09-13 02:29:00 UTC","084e979af137355b4f976faff6e0079237f23f72","0.2.0.9000","R version 4.6.1 (2026-06-24 ucrt)","Windows","g++","disabled_or_unavailable","","UNAVAILABLE","C","A-single-trait","K","random",2000,1,0,"raw",2,0.259999999999998,"PASS",0,"","",1,764020,"random_2000",NA,NA
"2026-09-13 02:29:00 UTC","084e979af137355b4f976faff6e0079237f23f72","0.2.0.9000","R version 4.6.1 (2026-06-24 ucrt)","Windows","g++","disabled_or_unavailable","","UNAVAILABLE","C","A-single-trait","K","random",2000,1,0,"raw",3,0.270000000000003,"PASS",0,"","",1,764020,"random_2000",NA,NA
"2026-09-13 02:29:00 UTC","084e979af137355b4f976faff6e0079237f23f72","0.2.0.9000","R version 4.6.1 (2026-06-24 ucrt)","Windows","g++","disabled_or_unavailable","","UNAVAILABLE","C","B-prepared-repeated","K","random",2000,1,0,"prepared",3,0.0399999999999991,"PASS",0,"","",1,764020,"random_2000",NA,NA
"2026-09-13 02:29:00 UTC","084e979af137355b4f976faff6e0079237f23f72","0.2.0.9000","R version 4.6.1 (2026-06-24 ucrt)","Windows","g++","disabled_or_unavailable","","UNAVAILABLE","C","B-prepared-repeated","K","random",2000,1,0,"prepared",4,0.0399999999999991,"PASS",0,"","",1,764020,"random_2000",NA,NA
"2026-09-13 02:29:00 UTC","084e979af137355b4f976faff6e0079237f23f72","0.2.0.9000","R version 4.6.1 (2026-06-24 ucrt)","Windows","g++","disabled_or_unavailable","","UNAVAILABLE","C","A-single-trait","K","random",2000,1,0,"raw",4,0.380000000000003,"PASS",0,"","",1,764020,"random_2000",NA,NA
"2026-09-13 02:29:00 UTC","084e979af137355b4f976faff6e0079237f23f72","0.2.0.9000","R version 4.6.1 (2026-06-24 ucrt)","Windows","g++","disabled_or_unavailable","","UNAVAILABLE","C","A-single-trait","K","random",2000,1,0,"raw",5,0.200000000000003,"PASS",0,"","",1,764020,"random_2000",NA,NA
"2026-09-13 02:29:00 UTC","084e979af137355b4f976faff6e0079237f23f72","0.2.0.9000","R version 4.6.1 (2026-06-24 ucrt)","Windows","g++","disabled_or_unavailable","","UNAVAILABLE","C","B-prepared-repeated","K","random",2000,1,0,"prepared",5,0.019999999999996,"PASS",0,"","",1,764020,"random_2000",NA,NA
"2026-09-13 02:29:00 UTC","084e979af137355b4f976faff6e0079237f23f72","0.2.0.9000","R version 4.6.1 (2026-06-24 ucrt)","Windows","g++","disabled_or_unavailable","","UNAVAILABLE","C","B-prepared-repeated","K","random",2000,1,0,"prepared",6,0.0300000000000011,"PASS",0,"","",1,764020,"random_2000",NA,NA
"2026-09-13 02:29:00 UTC","084e979af137355b4f976faff6e0079237f23f72","0.2.0.9000","R version 4.6.1 (2026-06-24 ucrt)","Windows","g++","disabled_or_unavailable","","UNAVAILABLE","C","A-single-trait","K","random",2000,1,0,"raw",6,0.200000000000003,"PASS",0,"","",1,764020,"random_2000",NA,NA
"2026-09-13 02:29:00 UTC","084e979af137355b4f976faff6e0079237f23f72","0.2.0.9000","R version 4.6.1 (2026-06-24 ucrt)","Windows","g++","disabled_or_unavailable","","UNAVAILABLE","C","A-single-trait","K","random",2000,1,0,"raw",7,0.269999999999996,"PASS",0,"","",1,764020,"random_2000",NA,NA
"2026-09-13 02:29:00 UTC","084e979af137355b4f976faff6e0079237f23f72","0.2.0.9000","R version 4.6.1 (2026-06-24 ucrt)","Windows","g++","disabled_or_unavailable","","UNAVAILABLE","C","B-prepared-repeated","K","random",2000,1,0,"prepared",7,0.0500000000000043,"PASS",0,"","",1,764020,"random_2000",NA,NA
"2026-09-13 02:29:00 UTC","084e979af137355b4f976faff6e0079237f23f72","0.2.0.9000","R version 4.6.1 (2026-06-24 ucrt)","Windows","g++","disabled_or_unavailable","","UNAVAILABLE","C","B-prepared-repeated","K","random",2000,1,0,"prepared",8,0.0399999999999991,"PASS",0,"","",1,764020,"random_2000",NA,NA
"2026-09-13 02:29:00 UTC","084e979af137355b4f976faff6e0079237f23f72","0.2.0.9000","R version 4.6.1 (2026-06-24 ucrt)","Windows","g++","disabled_or_unavailable","","UNAVAILABLE","C","A-single-trait","K","random",2000,1,0,"raw",8,0.210000000000001,"PASS",0,"","",1,764020,"random_2000",NA,NA
"2026-09-13 02:29:00 UTC","084e979af137355b4f976faff6e0079237f23f72","0.2.0.9000","R version 4.6.1 (2026-06-24 ucrt)","Windows","g++","disabled_or_unavailable","","UNAVAILABLE","C","A-single-trait","K","random",2000,1,0,"raw",9,0.300000000000004,"PASS",0,"","",1,764020,"random_2000",NA,NA
"2026-09-13 02:29:00 UTC","084e979af137355b4f976faff6e0079237f23f72","0.2.0.9000","R version 4.6.1 (2026-06-24 ucrt)","Windows","g++","disabled_or_unavailable","","UNAVAILABLE","C","B-prepared-repeated","K","random",2000,1,0,"prepared",9,0.0499999999999972,"PASS",0,"","",1,764020,"random_2000",NA,NA
"2026-09-13 02:29:00 UTC","084e979af137355b4f976faff6e0079237f23f72","0.2.0.9000","R version 4.6.1 (2026-06-24 ucrt)","Windows","g++","disabled_or_unavailable","","UNAVAILABLE","C","B-prepared-repeated","K","random",2000,1,0,"prepared",10,0.0399999999999991,"PASS",0,"","",1,764020,"random_2000",NA,NA
"2026-09-13 02:29:00 UTC","084e979af137355b4f976faff6e0079237f23f72","0.2.0.9000","R version 4.6.1 (2026-06-24 ucrt)","Windows","g++","disabled_or_unavailable","","UNAVAILABLE","C","A-single-trait","K","random",2000,1,0,"raw",10,0.189999999999998,"PASS",0,"","",1,764020,"random_2000",NA,NA
"2026-09-13 02:29:00 UTC","084e979af137355b4f976faff6e0079237f23f72","0.2.0.9000","R version 4.6.1 (2026-06-24 ucrt)","Windows","g++","disabled_or_unavailable","","UNAVAILABLE","C","A-single-trait","lambda","random",2000,1,0,"raw",1,0.289999999999999,"PASS",0,"","",1,764030,"random_2000",NA,NA
"2026-09-13 02:29:00 UTC","084e979af137355b4f976faff6e0079237f23f72","0.2.0.9000","R version 4.6.1 (2026-06-24 ucrt)","Windows","g++","disabled_or_unavailable","","UNAVAILABLE","C","B-prepared-repeated","lambda","random",2000,1,0,"prepared",1,0.100000000000001,"PASS",0,"","",1,764030,"random_2000",NA,NA
"2026-09-13 02:29:00 UTC","084e979af137355b4f976faff6e0079237f23f72","0.2.0.9000","R version 4.6.1 (2026-06-24 ucrt)","Windows","g++","disabled_or_unavailable","","UNAVAILABLE","C","B-prepared-repeated","lambda","random",2000,1,0,"prepared",2,0.110000000000007,"PASS",0,"","",1,764030,"random_2000",NA,NA
"2026-09-13 02:29:00 UTC","084e979af137355b4f976faff6e0079237f23f72","0.2.0.9000","R version 4.6.1 (2026-06-24 ucrt)","Windows","g++","disabled_or_unavailable","","UNAVAILABLE","C","A-single-trait","lambda","random",2000,1,0,"raw",2,0.359999999999999,"PASS",0,"","",1,764030,"random_2000",NA,NA
"2026-09-13 02:29:00 UTC","084e979af137355b4f976faff6e0079237f23f72","0.2.0.9000","R version 4.6.1 (2026-06-24 ucrt)","Windows","g++","disabled_or_unavailable","","UNAVAILABLE","C","A-single-trait","lambda","random",2000,1,0,"raw",3,0.279999999999994,"PASS",0,"","",1,764030,"random_2000",NA,NA
"2026-09-13 02:29:00 UTC","084e979af137355b4f976faff6e0079237f23f72","0.2.0.9000","R version 4.6.1 (2026-06-24 ucrt)","Windows","g++","disabled_or_unavailable","","UNAVAILABLE","C","B-prepared-repeated","lambda","random",2000,1,0,"prepared",3,0.109999999999999,"PASS",0,"","",1,764030,"random_2000",NA,NA
"2026-09-13 02:29:00 UTC","084e979af137355b4f976faff6e0079237f23f72","0.2.0.9000","R version 4.6.1 (2026-06-24 ucrt)","Windows","g++","disabled_or_unavailable","","UNAVAILABLE","C","B-prepared-repeated","lambda","random",2000,1,0,"prepared",4,0.100000000000001,"PASS",0,"","",1,764030,"random_2000",NA,NA
"2026-09-13 02:29:00 UTC","084e979af137355b4f976faff6e0079237f23f72","0.2.0.9000","R version 4.6.1 (2026-06-24 ucrt)","Windows","g++","disabled_or_unavailable","","UNAVAILABLE","C","A-single-trait","lambda","random",2000,1,0,"raw",4,0.280000000000001,"PASS",0,"","",1,764030,"random_2000",NA,NA
"2026-09-13 02:29:00 UTC","084e979af137355b4f976faff6e0079237f23f72","0.2.0.9000","R version 4.6.1 (2026-06-24 ucrt)","Windows","g++","disabled_or_unavailable","","UNAVAILABLE","C","A-single-trait","lambda","random",2000,1,0,"raw",5,0.329999999999998,"PASS",0,"","",1,764030,"random_2000",NA,NA
"2026-09-13 02:29:00 UTC","084e979af137355b4f976faff6e0079237f23f72","0.2.0.9000","R version 4.6.1 (2026-06-24 ucrt)","Windows","g++","disabled_or_unavailable","","UNAVAILABLE","C","B-prepared-repeated","lambda","random",2000,1,0,"prepared",5,0.119999999999997,"PASS",0,"","",1,764030,"random_2000",NA,NA
"2026-09-13 02:29:00 UTC","084e979af137355b4f976faff6e0079237f23f72","0.2.0.9000","R version 4.6.1 (2026-06-24 ucrt)","Windows","g++","disabled_or_unavailable","","UNAVAILABLE","C","B-prepared-repeated","lambda","random",2000,1,0,"prepared",6,0.110000000000007,"PASS",0,"","",1,764030,"random_2000",NA,NA
"2026-09-13 02:29:00 UTC","084e979af137355b4f976faff6e0079237f23f72","0.2.0.9000","R version 4.6.1 (2026-06-24 ucrt)","Windows","g++","disabled_or_unavailable","","UNAVAILABLE","C","A-single-trait","lambda","random",2000,1,0,"raw",6,0.299999999999997,"PASS",0,"","",1,764030,"random_2000",NA,NA
"2026-09-13 02:29:00 UTC","084e979af137355b4f976faff6e0079237f23f72","0.2.0.9000","R version 4.6.1 (2026-06-24 ucrt)","Windows","g++","disabled_or_unavailable","","UNAVAILABLE","C","A-single-trait","lambda","random",2000,1,0,"raw",7,0.280000000000001,"PASS",0,"","",1,764030,"random_2000",NA,NA
"2026-09-13 02:29:00 UTC","084e979af137355b4f976faff6e0079237f23f72","0.2.0.9000","R version 4.6.1 (2026-06-24 ucrt)","Windows","g++","disabled_or_unavailable","","UNAVAILABLE","C","B-prepared-repeated","lambda","random",2000,1,0,"prepared",7,0.140000000000001,"PASS",0,"","",1,764030,"random_2000",NA,NA
"2026-09-13 02:29:00 UTC","084e979af137355b4f976faff6e0079237f23f72","0.2.0.9000","R version 4.6.1 (2026-06-24 ucrt)","Windows","g++","disabled_or_unavailable","","UNAVAILABLE","C","B-prepared-repeated","lambda","random",2000,1,0,"prepared",8,0.120000000000005,"PASS",0,"","",1,764030,"random_2000",NA,NA
"2026-09-13 02:29:00 UTC","084e979af137355b4f976faff6e0079237f23f72","0.2.0.9000","R version 4.6.1 (2026-06-24 ucrt)","Windows","g++","disabled_or_unavailable","","UNAVAILABLE","C","A-single-trait","lambda","random",2000,1,0,"raw",8,0.319999999999993,"PASS",0,"","",1,764030,"random_2000",NA,NA
"2026-09-13 02:29:00 UTC","084e979af137355b4f976faff6e0079237f23f72","0.2.0.9000","R version 4.6.1 (2026-06-24 ucrt)","Windows","g++","disabled_or_unavailable","","UNAVAILABLE","C","A-single-trait","lambda","random",2000,1,0,"raw",9,0.290000000000006,"PASS",0,"","",1,764030,"random_2000",NA,NA
"2026-09-13 02:29:00 UTC","084e979af137355b4f976faff6e0079237f23f72","0.2.0.9000","R version 4.6.1 (2026-06-24 ucrt)","Windows","g++","disabled_or_unavailable","","UNAVAILABLE","C","B-prepared-repeated","lambda","random",2000,1,0,"prepared",9,0.129999999999995,"PASS",0,"","",1,764030,"random_2000",NA,NA
"2026-09-13 02:29:00 UTC","084e979af137355b4f976faff6e0079237f23f72","0.2.0.9000","R version 4.6.1 (2026-06-24 ucrt)","Windows","g++","disabled_or_unavailable","","UNAVAILABLE","C","B-prepared-repeated","lambda","random",2000,1,0,"prepared",10,0.120000000000005,"PASS",0,"","",1,764030,"random_2000",NA,NA
"2026-09-13 02:29:00 UTC","084e979af137355b4f976faff6e0079237f23f72","0.2.0.9000","R version 4.6.1 (2026-06-24 ucrt)","Windows","g++","disabled_or_unavailable","","UNAVAILABLE","C","A-single-trait","lambda","random",2000,1,0,"raw",10,0.379999999999995,"PASS",0,"","",1,764030,"random_2000",NA,NA
"2026-09-13 02:29:00 UTC","084e979af137355b4f976faff6e0079237f23f72","0.2.0.9000","R version 4.6.1 (2026-06-24 ucrt)","Windows","g++","disabled_or_unavailable","","UNAVAILABLE","C","A-single-trait","fast_signal_K","random",2000,1,0,"raw",1,0.340000000000003,"PASS",0,"","",1,764040,"random_2000",NA,NA
"2026-09-13 02:29:00 UTC","084e979af137355b4f976faff6e0079237f23f72","0.2.0.9000","R version 4.6.1 (2026-06-24 ucrt)","Windows","g++","disabled_or_unavailable","","UNAVAILABLE","C","B-prepared-repeated","fast_signal_K","random",2000,1,0,"prepared",1,0.0499999999999972,"PASS",0,"","",1,764040,"random_2000",NA,NA
"2026-09-13 02:29:00 UTC","084e979af137355b4f976faff6e0079237f23f72","0.2.0.9000","R version 4.6.1 (2026-06-24 ucrt)","Windows","g++","disabled_or_unavailable","","UNAVAILABLE","C","B-prepared-repeated","fast_signal_K","random",2000,1,0,"prepared",2,0.0500000000000114,"PASS",0,"","",1,764040,"random_2000",NA,NA
"2026-09-13 02:29:00 UTC","084e979af137355b4f976faff6e0079237f23f72","0.2.0.9000","R version 4.6.1 (2026-06-24 ucrt)","Windows","g++","disabled_or_unavailable","","UNAVAILABLE","C","A-single-trait","fast_signal_K","random",2000,1,0,"raw",2,0.299999999999997,"PASS",0,"","",1,764040,"random_2000",NA,NA
"2026-09-13 02:29:00 UTC","084e979af137355b4f976faff6e0079237f23f72","0.2.0.9000","R version 4.6.1 (2026-06-24 ucrt)","Windows","g++","disabled_or_unavailable","","UNAVAILABLE","C","A-single-trait","fast_signal_K","random",2000,1,0,"raw",3,0.439999999999998,"PASS",0,"","",1,764040,"random_2000",NA,NA
"2026-09-13 02:29:00 UTC","084e979af137355b4f976faff6e0079237f23f72","0.2.0.9000","R version 4.6.1 (2026-06-24 ucrt)","Windows","g++","disabled_or_unavailable","","UNAVAILABLE","C","B-prepared-repeated","fast_signal_K","random",2000,1,0,"prepared",3,0.0300000000000011,"PASS",0,"","",1,764040,"random_2000",NA,NA
"2026-09-13 02:29:00 UTC","084e979af137355b4f976faff6e0079237f23f72","0.2.0.9000","R version 4.6.1 (2026-06-24 ucrt)","Windows","g++","disabled_or_unavailable","","UNAVAILABLE","C","B-prepared-repeated","fast_signal_K","random",2000,1,0,"prepared",4,0.0300000000000011,"PASS",0,"","",1,764040,"random_2000",NA,NA
"2026-09-13 02:29:00 UTC","084e979af137355b4f976faff6e0079237f23f72","0.2.0.9000","R version 4.6.1 (2026-06-24 ucrt)","Windows","g++","disabled_or_unavailable","","UNAVAILABLE","C","A-single-trait","fast_signal_K","random",2000,1,0,"raw",4,0.36999999999999,"PASS",0,"","",1,764040,"random_2000",NA,NA
"2026-09-13 02:29:00 UTC","084e979af137355b4f976faff6e0079237f23f72","0.2.0.9000","R version 4.6.1 (2026-06-24 ucrt)","Windows","g++","disabled_or_unavailable","","UNAVAILABLE","C","A-single-trait","fast_signal_K","random",2000,1,0,"raw",5,0.300000000000011,"PASS",0,"","",1,764040,"random_2000",NA,NA
"2026-09-13 02:29:00 UTC","084e979af137355b4f976faff6e0079237f23f72","0.2.0.9000","R version 4.6.1 (2026-06-24 ucrt)","Windows","g++","disabled_or_unavailable","","UNAVAILABLE","C","B-prepared-repeated","fast_signal_K","random",2000,1,0,"prepared",5,0.0499999999999972,"PASS",0,"","",1,764040,"random_2000",NA,NA
"2026-09-13 02:29:00 UTC","084e979af137355b4f976faff6e0079237f23f72","0.2.0.9000","R version 4.6.1 (2026-06-24 ucrt)","Windows","g++","disabled_or_unavailable","","UNAVAILABLE","C","B-prepared-repeated","fast_signal_K","random",2000,1,0,"prepared",6,0.039999999999992,"PASS",0,"","",1,764040,"random_2000",NA,NA
"2026-09-13 02:29:00 UTC","084e979af137355b4f976faff6e0079237f23f72","0.2.0.9000","R version 4.6.1 (2026-06-24 ucrt)","Windows","g++","disabled_or_unavailable","","UNAVAILABLE","C","A-single-trait","fast_signal_K","random",2000,1,0,"raw",6,0.300000000000011,"PASS",0,"","",1,764040,"random_2000",NA,NA
"2026-09-13 02:29:00 UTC","084e979af137355b4f976faff6e0079237f23f72","0.2.0.9000","R version 4.6.1 (2026-06-24 ucrt)","Windows","g++","disabled_or_unavailable","","UNAVAILABLE","C","A-single-trait","fast_signal_K","random",2000,1,0,"raw",7,0.230000000000004,"PASS",0,"","",1,764040,"random_2000",NA,NA
"2026-09-13 02:29:00 UTC","084e979af137355b4f976faff6e0079237f23f72","0.2.0.9000","R version 4.6.1 (2026-06-24 ucrt)","Windows","g++","disabled_or_unavailable","","UNAVAILABLE","C","B-prepared-repeated","fast_signal_K","random",2000,1,0,"prepared",7,0.0300000000000011,"PASS",0,"","",1,764040,"random_2000",NA,NA
"2026-09-13 02:29:00 UTC","084e979af137355b4f976faff6e0079237f23f72","0.2.0.9000","R version 4.6.1 (2026-06-24 ucrt)","Windows","g++","disabled_or_unavailable","","UNAVAILABLE","C","B-prepared-repeated","fast_signal_K","random",2000,1,0,"prepared",8,0.0499999999999972,"PASS",0,"","",1,764040,"random_2000",NA,NA
"2026-09-13 02:29:00 UTC","084e979af137355b4f976faff6e0079237f23f72","0.2.0.9000","R version 4.6.1 (2026-06-24 ucrt)","Windows","g++","disabled_or_unavailable","","UNAVAILABLE","C","A-single-trait","fast_signal_K","random",2000,1,0,"raw",8,0.299999999999997,"PASS",0,"","",1,764040,"random_2000",NA,NA
"2026-09-13 02:29:00 UTC","084e979af137355b4f976faff6e0079237f23f72","0.2.0.9000","R version 4.6.1 (2026-06-24 ucrt)","Windows","g++","disabled_or_unavailable","","UNAVAILABLE","C","A-single-trait","fast_signal_K","random",2000,1,0,"raw",9,0.260000000000005,"PASS",0,"","",1,764040,"random_2000",NA,NA
"2026-09-13 02:29:00 UTC","084e979af137355b4f976faff6e0079237f23f72","0.2.0.9000","R version 4.6.1 (2026-06-24 ucrt)","Windows","g++","disabled_or_unavailable","","UNAVAILABLE","C","B-prepared-repeated","fast_signal_K","random",2000,1,0,"prepared",9,0.0300000000000011,"PASS",0,"","",1,764040,"random_2000",NA,NA
"2026-09-13 02:29:00 UTC","084e979af137355b4f976faff6e0079237f23f72","0.2.0.9000","R version 4.6.1 (2026-06-24 ucrt)","Windows","g++","disabled_or_unavailable","","UNAVAILABLE","C","B-prepared-repeated","fast_signal_K","random",2000,1,0,"prepared",10,0.0799999999999983,"PASS",0,"","",1,764040,"random_2000",NA,NA
"2026-09-13 02:29:00 UTC","084e979af137355b4f976faff6e0079237f23f72","0.2.0.9000","R version 4.6.1 (2026-06-24 ucrt)","Windows","g++","disabled_or_unavailable","","UNAVAILABLE","C","A-single-trait","fast_signal_K","random",2000,1,0,"raw",10,0.370000000000005,"PASS",0,"","",1,764040,"random_2000",NA,NA
"2026-09-13 02:29:00 UTC","084e979af137355b4f976faff6e0079237f23f72","0.2.0.9000","R version 4.6.1 (2026-06-24 ucrt)","Windows","g++","disabled_or_unavailable","","UNAVAILABLE","C","A-single-trait","K","random",5000,1,0,"raw",1,0.710000000000008,"PASS",0,"","",1,767020,"random_5000",NA,NA
"2026-09-13 02:29:00 UTC","084e979af137355b4f976faff6e0079237f23f72","0.2.0.9000","R version 4.6.1 (2026-06-24 ucrt)","Windows","g++","disabled_or_unavailable","","UNAVAILABLE","C","B-prepared-repeated","K","random",5000,1,0,"prepared",1,0.109999999999999,"PASS",0,"","",1,767020,"random_5000",NA,NA
"2026-09-13 02:29:00 UTC","084e979af137355b4f976faff6e0079237f23f72","0.2.0.9000","R version 4.6.1 (2026-06-24 ucrt)","Windows","g++","disabled_or_unavailable","","UNAVAILABLE","C","B-prepared-repeated","K","random",5000,1,0,"prepared",2,0.0900000000000034,"PASS",0,"","",1,767020,"random_5000",NA,NA
"2026-09-13 02:29:00 UTC","084e979af137355b4f976faff6e0079237f23f72","0.2.0.9000","R version 4.6.1 (2026-06-24 ucrt)","Windows","g++","disabled_or_unavailable","","UNAVAILABLE","C","A-single-trait","K","random",5000,1,0,"raw",2,0.829999999999998,"PASS",0,"","",1,767020,"random_5000",NA,NA
"2026-09-13 02:29:00 UTC","084e979af137355b4f976faff6e0079237f23f72","0.2.0.9000","R version 4.6.1 (2026-06-24 ucrt)","Windows","g++","disabled_or_unavailable","","UNAVAILABLE","C","A-single-trait","K","random",5000,1,0,"raw",3,0.75,"PASS",0,"","",1,767020,"random_5000",NA,NA
"2026-09-13 02:29:00 UTC","084e979af137355b4f976faff6e0079237f23f72","0.2.0.9000","R version 4.6.1 (2026-06-24 ucrt)","Windows","g++","disabled_or_unavailable","","UNAVAILABLE","C","B-prepared-repeated","K","random",5000,1,0,"prepared",3,0.0600000000000023,"PASS",0,"","",1,767020,"random_5000",NA,NA
"2026-09-13 02:29:00 UTC","084e979af137355b4f976faff6e0079237f23f72","0.2.0.9000","R version 4.6.1 (2026-06-24 ucrt)","Windows","g++","disabled_or_unavailable","","UNAVAILABLE","C","B-prepared-repeated","K","random",5000,1,0,"prepared",4,0.0600000000000023,"PASS",0,"","",1,767020,"random_5000",NA,NA
"2026-09-13 02:29:00 UTC","084e979af137355b4f976faff6e0079237f23f72","0.2.0.9000","R version 4.6.1 (2026-06-24 ucrt)","Windows","g++","disabled_or_unavailable","","UNAVAILABLE","C","A-single-trait","K","random",5000,1,0,"raw",4,0.5,"PASS",0,"","",1,767020,"random_5000",NA,NA
"2026-09-13 02:29:00 UTC","084e979af137355b4f976faff6e0079237f23f72","0.2.0.9000","R version 4.6.1 (2026-06-24 ucrt)","Windows","g++","disabled_or_unavailable","","UNAVAILABLE","C","A-single-trait","K","random",5000,1,0,"raw",5,0.5,"PASS",0,"","",1,767020,"random_5000",NA,NA
"2026-09-13 02:29:00 UTC","084e979af137355b4f976faff6e0079237f23f72","0.2.0.9000","R version 4.6.1 (2026-06-24 ucrt)","Windows","g++","disabled_or_unavailable","","UNAVAILABLE","C","B-prepared-repeated","K","random",5000,1,0,"prepared",5,0.0600000000000023,"PASS",0,"","",1,767020,"random_5000",NA,NA
"2026-09-13 02:29:00 UTC","084e979af137355b4f976faff6e0079237f23f72","0.2.0.9000","R version 4.6.1 (2026-06-24 ucrt)","Windows","g++","disabled_or_unavailable","","UNAVAILABLE","C","B-prepared-repeated","K","random",5000,1,0,"prepared",6,0.0999999999999943,"PASS",0,"","",1,767020,"random_5000",NA,NA
"2026-09-13 02:29:00 UTC","084e979af137355b4f976faff6e0079237f23f72","0.2.0.9000","R version 4.6.1 (2026-06-24 ucrt)","Windows","g++","disabled_or_unavailable","","UNAVAILABLE","C","A-single-trait","K","random",5000,1,0,"raw",6,0.530000000000001,"PASS",0,"","",1,767020,"random_5000",NA,NA
"2026-09-13 02:29:00 UTC","084e979af137355b4f976faff6e0079237f23f72","0.2.0.9000","R version 4.6.1 (2026-06-24 ucrt)","Windows","g++","disabled_or_unavailable","","UNAVAILABLE","C","A-single-trait","K","random",5000,1,0,"raw",7,0.560000000000002,"PASS",0,"","",1,767020,"random_5000",NA,NA
"2026-09-13 02:29:00 UTC","084e979af137355b4f976faff6e0079237f23f72","0.2.0.9000","R version 4.6.1 (2026-06-24 ucrt)","Windows","g++","disabled_or_unavailable","","UNAVAILABLE","C","B-prepared-repeated","K","random",5000,1,0,"prepared",7,0.0799999999999983,"PASS",0,"","",1,767020,"random_5000",NA,NA
"2026-09-13 02:29:00 UTC","084e979af137355b4f976faff6e0079237f23f72","0.2.0.9000","R version 4.6.1 (2026-06-24 ucrt)","Windows","g++","disabled_or_unavailable","","UNAVAILABLE","C","B-prepared-repeated","K","random",5000,1,0,"prepared",8,0.0600000000000023,"PASS",0,"","",1,767020,"random_5000",NA,NA
"2026-09-13 02:29:00 UTC","084e979af137355b4f976faff6e0079237f23f72","0.2.0.9000","R version 4.6.1 (2026-06-24 ucrt)","Windows","g++","disabled_or_unavailable","","UNAVAILABLE","C","A-single-trait","K","random",5000,1,0,"raw",8,0.670000000000002,"PASS",0,"","",1,767020,"random_5000",NA,NA
"2026-09-13 02:29:00 UTC","084e979af137355b4f976faff6e0079237f23f72","0.2.0.9000","R version 4.6.1 (2026-06-24 ucrt)","Windows","g++","disabled_or_unavailable","","UNAVAILABLE","C","A-single-trait","K","random",5000,1,0,"raw",9,0.510000000000005,"PASS",0,"","",1,767020,"random_5000",NA,NA
"2026-09-13 02:29:00 UTC","084e979af137355b4f976faff6e0079237f23f72","0.2.0.9000","R version 4.6.1 (2026-06-24 ucrt)","Windows","g++","disabled_or_unavailable","","UNAVAILABLE","C","B-prepared-repeated","K","random",5000,1,0,"prepared",9,0.0699999999999932,"PASS",0,"","",1,767020,"random_5000",NA,NA
"2026-09-13 02:29:00 UTC","084e979af137355b4f976faff6e0079237f23f72","0.2.0.9000","R version 4.6.1 (2026-06-24 ucrt)","Windows","g++","disabled_or_unavailable","","UNAVAILABLE","C","B-prepared-repeated","K","random",5000,1,0,"prepared",10,0.0600000000000023,"PASS",0,"","",1,767020,"random_5000",NA,NA
"2026-09-13 02:29:00 UTC","084e979af137355b4f976faff6e0079237f23f72","0.2.0.9000","R version 4.6.1 (2026-06-24 ucrt)","Windows","g++","disabled_or_unavailable","","UNAVAILABLE","C","A-single-trait","K","random",5000,1,0,"raw",10,0.519999999999996,"PASS",0,"","",1,767020,"random_5000",NA,NA
"2026-09-13 02:29:00 UTC","084e979af137355b4f976faff6e0079237f23f72","0.2.0.9000","R version 4.6.1 (2026-06-24 ucrt)","Windows","g++","disabled_or_unavailable","","UNAVAILABLE","C","A-single-trait","lambda","random",5000,1,0,"raw",1,0.769999999999996,"PASS",0,"","",1,767030,"random_5000",NA,NA
"2026-09-13 02:29:00 UTC","084e979af137355b4f976faff6e0079237f23f72","0.2.0.9000","R version 4.6.1 (2026-06-24 ucrt)","Windows","g++","disabled_or_unavailable","","UNAVAILABLE","C","B-prepared-repeated","lambda","random",5000,1,0,"prepared",1,0.280000000000001,"PASS",0,"","",1,767030,"random_5000",NA,NA
"2026-09-13 02:29:00 UTC","084e979af137355b4f976faff6e0079237f23f72","0.2.0.9000","R version 4.6.1 (2026-06-24 ucrt)","Windows","g++","disabled_or_unavailable","","UNAVAILABLE","C","B-prepared-repeated","lambda","random",5000,1,0,"prepared",2,0.289999999999992,"PASS",0,"","",1,767030,"random_5000",NA,NA
"2026-09-13 02:29:00 UTC","084e979af137355b4f976faff6e0079237f23f72","0.2.0.9000","R version 4.6.1 (2026-06-24 ucrt)","Windows","g++","disabled_or_unavailable","","UNAVAILABLE","C","A-single-trait","lambda","random",5000,1,0,"raw",2,0.77000000000001,"PASS",0,"","",1,767030,"random_5000",NA,NA
"2026-09-13 02:29:00 UTC","084e979af137355b4f976faff6e0079237f23f72","0.2.0.9000","R version 4.6.1 (2026-06-24 ucrt)","Windows","g++","disabled_or_unavailable","","UNAVAILABLE","C","A-single-trait","lambda","random",5000,1,0,"raw",3,0.780000000000001,"PASS",0,"","",1,767030,"random_5000",NA,NA
"2026-09-13 02:29:00 UTC","084e979af137355b4f976faff6e0079237f23f72","0.2.0.9000","R version 4.6.1 (2026-06-24 ucrt)","Windows","g++","disabled_or_unavailable","","UNAVAILABLE","C","B-prepared-repeated","lambda","random",5000,1,0,"prepared",3,0.280000000000001,"PASS",0,"","",1,767030,"random_5000",NA,NA
"2026-09-13 02:29:00 UTC","084e979af137355b4f976faff6e0079237f23f72","0.2.0.9000","R version 4.6.1 (2026-06-24 ucrt)","Windows","g++","disabled_or_unavailable","","UNAVAILABLE","C","B-prepared-repeated","lambda","random",5000,1,0,"prepared",4,0.289999999999992,"PASS",0,"","",1,767030,"random_5000",NA,NA
"2026-09-13 02:29:00 UTC","084e979af137355b4f976faff6e0079237f23f72","0.2.0.9000","R version 4.6.1 (2026-06-24 ucrt)","Windows","g++","disabled_or_unavailable","","UNAVAILABLE","C","A-single-trait","lambda","random",5000,1,0,"raw",4,0.780000000000001,"PASS",0,"","",1,767030,"random_5000",NA,NA
"2026-09-13 02:29:00 UTC","084e979af137355b4f976faff6e0079237f23f72","0.2.0.9000","R version 4.6.1 (2026-06-24 ucrt)","Windows","g++","disabled_or_unavailable","","UNAVAILABLE","C","A-single-trait","lambda","random",5000,1,0,"raw",5,1.05,"PASS",0,"","",1,767030,"random_5000",NA,NA
"2026-09-13 02:29:00 UTC","084e979af137355b4f976faff6e0079237f23f72","0.2.0.9000","R version 4.6.1 (2026-06-24 ucrt)","Windows","g++","disabled_or_unavailable","","UNAVAILABLE","C","B-prepared-repeated","lambda","random",5000,1,0,"prepared",5,0.320000000000007,"PASS",0,"","",1,767030,"random_5000",NA,NA
"2026-09-13 02:29:00 UTC","084e979af137355b4f976faff6e0079237f23f72","0.2.0.9000","R version 4.6.1 (2026-06-24 ucrt)","Windows","g++","disabled_or_unavailable","","UNAVAILABLE","C","B-prepared-repeated","lambda","random",5000,1,0,"prepared",6,0.280000000000001,"PASS",0,"","",1,767030,"random_5000",NA,NA
"2026-09-13 02:29:00 UTC","084e979af137355b4f976faff6e0079237f23f72","0.2.0.9000","R version 4.6.1 (2026-06-24 ucrt)","Windows","g++","disabled_or_unavailable","","UNAVAILABLE","C","A-single-trait","lambda","random",5000,1,0,"raw",6,1.03,"PASS",0,"","",1,767030,"random_5000",NA,NA
"2026-09-13 02:29:00 UTC","084e979af137355b4f976faff6e0079237f23f72","0.2.0.9000","R version 4.6.1 (2026-06-24 ucrt)","Windows","g++","disabled_or_unavailable","","UNAVAILABLE","C","A-single-trait","lambda","random",5000,1,0,"raw",7,0.780000000000001,"PASS",0,"","",1,767030,"random_5000",NA,NA
"2026-09-13 02:29:00 UTC","084e979af137355b4f976faff6e0079237f23f72","0.2.0.9000","R version 4.6.1 (2026-06-24 ucrt)","Windows","g++","disabled_or_unavailable","","UNAVAILABLE","C","B-prepared-repeated","lambda","random",5000,1,0,"prepared",7,0.280000000000001,"PASS",0,"","",1,767030,"random_5000",NA,NA
"2026-09-13 02:29:00 UTC","084e979af137355b4f976faff6e0079237f23f72","0.2.0.9000","R version 4.6.1 (2026-06-24 ucrt)","Windows","g++","disabled_or_unavailable","","UNAVAILABLE","C","B-prepared-repeated","lambda","random",5000,1,0,"prepared",8,0.280000000000001,"PASS",0,"","",1,767030,"random_5000",NA,NA
"2026-09-13 02:29:00 UTC","084e979af137355b4f976faff6e0079237f23f72","0.2.0.9000","R version 4.6.1 (2026-06-24 ucrt)","Windows","g++","disabled_or_unavailable","","UNAVAILABLE","C","A-single-trait","lambda","random",5000,1,0,"raw",8,0.719999999999999,"PASS",0,"","",1,767030,"random_5000",NA,NA
"2026-09-13 02:29:00 UTC","084e979af137355b4f976faff6e0079237f23f72","0.2.0.9000","R version 4.6.1 (2026-06-24 ucrt)","Windows","g++","disabled_or_unavailable","","UNAVAILABLE","C","A-single-trait","lambda","random",5000,1,0,"raw",9,0.730000000000004,"PASS",0,"","",1,767030,"random_5000",NA,NA
"2026-09-13 02:29:00 UTC","084e979af137355b4f976faff6e0079237f23f72","0.2.0.9000","R version 4.6.1 (2026-06-24 ucrt)","Windows","g++","disabled_or_unavailable","","UNAVAILABLE","C","B-prepared-repeated","lambda","random",5000,1,0,"prepared",9,0.280000000000001,"PASS",0,"","",1,767030,"random_5000",NA,NA
"2026-09-13 02:29:00 UTC","084e979af137355b4f976faff6e0079237f23f72","0.2.0.9000","R version 4.6.1 (2026-06-24 ucrt)","Windows","g++","disabled_or_unavailable","","UNAVAILABLE","C","B-prepared-repeated","lambda","random",5000,1,0,"prepared",10,0.279999999999987,"PASS",0,"","",1,767030,"random_5000",NA,NA
"2026-09-13 02:29:00 UTC","084e979af137355b4f976faff6e0079237f23f72","0.2.0.9000","R version 4.6.1 (2026-06-24 ucrt)","Windows","g++","disabled_or_unavailable","","UNAVAILABLE","C","A-single-trait","lambda","random",5000,1,0,"raw",10,0.77000000000001,"PASS",0,"","",1,767030,"random_5000",NA,NA
"2026-09-13 02:29:00 UTC","084e979af137355b4f976faff6e0079237f23f72","0.2.0.9000","R version 4.6.1 (2026-06-24 ucrt)","Windows","g++","disabled_or_unavailable","","UNAVAILABLE","C","A-single-trait","fast_signal_K","random",5000,1,0,"raw",1,0.540000000000006,"PASS",0,"","",1,767040,"random_5000",NA,NA
"2026-09-13 02:29:00 UTC","084e979af137355b4f976faff6e0079237f23f72","0.2.0.9000","R version 4.6.1 (2026-06-24 ucrt)","Windows","g++","disabled_or_unavailable","","UNAVAILABLE","C","B-prepared-repeated","fast_signal_K","random",5000,1,0,"prepared",1,0.0699999999999932,"PASS",0,"","",1,767040,"random_5000",NA,NA
"2026-09-13 02:29:00 UTC","084e979af137355b4f976faff6e0079237f23f72","0.2.0.9000","R version 4.6.1 (2026-06-24 ucrt)","Windows","g++","disabled_or_unavailable","","UNAVAILABLE","C","B-prepared-repeated","fast_signal_K","random",5000,1,0,"prepared",2,0.0700000000000074,"PASS",0,"","",1,767040,"random_5000",NA,NA
"2026-09-13 02:29:00 UTC","084e979af137355b4f976faff6e0079237f23f72","0.2.0.9000","R version 4.6.1 (2026-06-24 ucrt)","Windows","g++","disabled_or_unavailable","","UNAVAILABLE","C","A-single-trait","fast_signal_K","random",5000,1,0,"raw",2,0.560000000000002,"PASS",0,"","",1,767040,"random_5000",NA,NA
"2026-09-13 02:29:00 UTC","084e979af137355b4f976faff6e0079237f23f72","0.2.0.9000","R version 4.6.1 (2026-06-24 ucrt)","Windows","g++","disabled_or_unavailable","","UNAVAILABLE","C","A-single-trait","fast_signal_K","random",5000,1,0,"raw",3,0.689999999999998,"PASS",0,"","",1,767040,"random_5000",NA,NA
"2026-09-13 02:29:00 UTC","084e979af137355b4f976faff6e0079237f23f72","0.2.0.9000","R version 4.6.1 (2026-06-24 ucrt)","Windows","g++","disabled_or_unavailable","","UNAVAILABLE","C","B-prepared-repeated","fast_signal_K","random",5000,1,0,"prepared",3,0.0599999999999881,"PASS",0,"","",1,767040,"random_5000",NA,NA
"2026-09-13 02:29:00 UTC","084e979af137355b4f976faff6e0079237f23f72","0.2.0.9000","R version 4.6.1 (2026-06-24 ucrt)","Windows","g++","disabled_or_unavailable","","UNAVAILABLE","C","B-prepared-repeated","fast_signal_K","random",5000,1,0,"prepared",4,0.0700000000000074,"PASS",0,"","",1,767040,"random_5000",NA,NA
"2026-09-13 02:29:00 UTC","084e979af137355b4f976faff6e0079237f23f72","0.2.0.9000","R version 4.6.1 (2026-06-24 ucrt)","Windows","g++","disabled_or_unavailable","","UNAVAILABLE","C","A-single-trait","fast_signal_K","random",5000,1,0,"raw",4,0.5,"PASS",0,"","",1,767040,"random_5000",NA,NA
"2026-09-13 02:29:00 UTC","084e979af137355b4f976faff6e0079237f23f72","0.2.0.9000","R version 4.6.1 (2026-06-24 ucrt)","Windows","g++","disabled_or_unavailable","","UNAVAILABLE","C","A-single-trait","fast_signal_K","random",5000,1,0,"raw",5,0.519999999999996,"PASS",0,"","",1,767040,"random_5000",NA,NA
"2026-09-13 02:29:00 UTC","084e979af137355b4f976faff6e0079237f23f72","0.2.0.9000","R version 4.6.1 (2026-06-24 ucrt)","Windows","g++","disabled_or_unavailable","","UNAVAILABLE","C","B-prepared-repeated","fast_signal_K","random",5000,1,0,"prepared",5,0.0700000000000074,"PASS",0,"","",1,767040,"random_5000",NA,NA
"2026-09-13 02:29:00 UTC","084e979af137355b4f976faff6e0079237f23f72","0.2.0.9000","R version 4.6.1 (2026-06-24 ucrt)","Windows","g++","disabled_or_unavailable","","UNAVAILABLE","C","B-prepared-repeated","fast_signal_K","random",5000,1,0,"prepared",6,0.0600000000000023,"PASS",0,"","",1,767040,"random_5000",NA,NA
"2026-09-13 02:29:00 UTC","084e979af137355b4f976faff6e0079237f23f72","0.2.0.9000","R version 4.6.1 (2026-06-24 ucrt)","Windows","g++","disabled_or_unavailable","","UNAVAILABLE","C","A-single-trait","fast_signal_K","random",5000,1,0,"raw",6,0.509999999999991,"PASS",0,"","",1,767040,"random_5000",NA,NA
"2026-09-13 02:29:00 UTC","084e979af137355b4f976faff6e0079237f23f72","0.2.0.9000","R version 4.6.1 (2026-06-24 ucrt)","Windows","g++","disabled_or_unavailable","","UNAVAILABLE","C","A-single-trait","fast_signal_K","random",5000,1,0,"raw",7,0.52000000000001,"PASS",0,"","",1,767040,"random_5000",NA,NA
"2026-09-13 02:29:00 UTC","084e979af137355b4f976faff6e0079237f23f72","0.2.0.9000","R version 4.6.1 (2026-06-24 ucrt)","Windows","g++","disabled_or_unavailable","","UNAVAILABLE","C","B-prepared-repeated","fast_signal_K","random",5000,1,0,"prepared",7,0.0600000000000023,"PASS",0,"","",1,767040,"random_5000",NA,NA
"2026-09-13 02:29:00 UTC","084e979af137355b4f976faff6e0079237f23f72","0.2.0.9000","R version 4.6.1 (2026-06-24 ucrt)","Windows","g++","disabled_or_unavailable","","UNAVAILABLE","C","B-prepared-repeated","fast_signal_K","random",5000,1,0,"prepared",8,0.0600000000000023,"PASS",0,"","",1,767040,"random_5000",NA,NA
"2026-09-13 02:29:00 UTC","084e979af137355b4f976faff6e0079237f23f72","0.2.0.9000","R version 4.6.1 (2026-06-24 ucrt)","Windows","g++","disabled_or_unavailable","","UNAVAILABLE","C","A-single-trait","fast_signal_K","random",5000,1,0,"raw",8,0.560000000000002,"PASS",0,"","",1,767040,"random_5000",NA,NA
"2026-09-13 02:29:00 UTC","084e979af137355b4f976faff6e0079237f23f72","0.2.0.9000","R version 4.6.1 (2026-06-24 ucrt)","Windows","g++","disabled_or_unavailable","","UNAVAILABLE","C","A-single-trait","fast_signal_K","random",5000,1,0,"raw",9,0.549999999999997,"PASS",0,"","",1,767040,"random_5000",NA,NA
"2026-09-13 02:29:00 UTC","084e979af137355b4f976faff6e0079237f23f72","0.2.0.9000","R version 4.6.1 (2026-06-24 ucrt)","Windows","g++","disabled_or_unavailable","","UNAVAILABLE","C","B-prepared-repeated","fast_signal_K","random",5000,1,0,"prepared",9,0.0599999999999881,"PASS",0,"","",1,767040,"random_5000",NA,NA
"2026-09-13 02:29:00 UTC","084e979af137355b4f976faff6e0079237f23f72","0.2.0.9000","R version 4.6.1 (2026-06-24 ucrt)","Windows","g++","disabled_or_unavailable","","UNAVAILABLE","C","B-prepared-repeated","fast_signal_K","random",5000,1,0,"prepared",10,0.0600000000000023,"PASS",0,"","",1,767040,"random_5000",NA,NA
"2026-09-13 02:29:00 UTC","084e979af137355b4f976faff6e0079237f23f72","0.2.0.9000","R version 4.6.1 (2026-06-24 ucrt)","Windows","g++","disabled_or_unavailable","","UNAVAILABLE","C","A-single-trait","fast_signal_K","random",5000,1,0,"raw",10,0.579999999999998,"PASS",0,"","",1,767040,"random_5000",NA,NA
"2026-09-13 02:29:00 UTC","084e979af137355b4f976faff6e0079237f23f72","0.2.0.9000","R version 4.6.1 (2026-06-24 ucrt)","Windows","g++","disabled_or_unavailable","","UNAVAILABLE","C","A-single-trait","K","pectinate",500,1,0,"raw",1,0.0800000000000125,"PASS",0,"","",1,862520,"pectinate_500",NA,NA
"2026-09-13 02:29:00 UTC","084e979af137355b4f976faff6e0079237f23f72","0.2.0.9000","R version 4.6.1 (2026-06-24 ucrt)","Windows","g++","disabled_or_unavailable","","UNAVAILABLE","C","B-prepared-repeated","K","pectinate",500,1,0,"prepared",1,0,"PASS",0,"","",1,862520,"pectinate_500",NA,NA
"2026-09-13 02:29:00 UTC","084e979af137355b4f976faff6e0079237f23f72","0.2.0.9000","R version 4.6.1 (2026-06-24 ucrt)","Windows","g++","disabled_or_unavailable","","UNAVAILABLE","C","B-prepared-repeated","K","pectinate",500,1,0,"prepared",2,0,"PASS",0,"","",1,862520,"pectinate_500",NA,NA
"2026-09-13 02:29:00 UTC","084e979af137355b4f976faff6e0079237f23f72","0.2.0.9000","R version 4.6.1 (2026-06-24 ucrt)","Windows","g++","disabled_or_unavailable","","UNAVAILABLE","C","A-single-trait","K","pectinate",500,1,0,"raw",2,0.0600000000000023,"PASS",0,"","",1,862520,"pectinate_500",NA,NA
"2026-09-13 02:29:00 UTC","084e979af137355b4f976faff6e0079237f23f72","0.2.0.9000","R version 4.6.1 (2026-06-24 ucrt)","Windows","g++","disabled_or_unavailable","","UNAVAILABLE","C","A-single-trait","K","pectinate",500,1,0,"raw",3,0.0899999999999892,"PASS",0,"","",1,862520,"pectinate_500",NA,NA
"2026-09-13 02:29:00 UTC","084e979af137355b4f976faff6e0079237f23f72","0.2.0.9000","R version 4.6.1 (2026-06-24 ucrt)","Windows","g++","disabled_or_unavailable","","UNAVAILABLE","C","B-prepared-repeated","K","pectinate",500,1,0,"prepared",3,0.0200000000000102,"PASS",0,"","",1,862520,"pectinate_500",NA,NA
"2026-09-13 02:29:00 UTC","084e979af137355b4f976faff6e0079237f23f72","0.2.0.9000","R version 4.6.1 (2026-06-24 ucrt)","Windows","g++","disabled_or_unavailable","","UNAVAILABLE","C","B-prepared-repeated","K","pectinate",500,1,0,"prepared",4,0.019999999999996,"PASS",0,"","",1,862520,"pectinate_500",NA,NA
"2026-09-13 02:29:00 UTC","084e979af137355b4f976faff6e0079237f23f72","0.2.0.9000","R version 4.6.1 (2026-06-24 ucrt)","Windows","g++","disabled_or_unavailable","","UNAVAILABLE","C","A-single-trait","K","pectinate",500,1,0,"raw",4,0.0600000000000023,"PASS",0,"","",1,862520,"pectinate_500",NA,NA
"2026-09-13 02:29:00 UTC","084e979af137355b4f976faff6e0079237f23f72","0.2.0.9000","R version 4.6.1 (2026-06-24 ucrt)","Windows","g++","disabled_or_unavailable","","UNAVAILABLE","C","A-single-trait","K","pectinate",500,1,0,"raw",5,0.0600000000000023,"PASS",0,"","",1,862520,"pectinate_500",NA,NA
"2026-09-13 02:29:00 UTC","084e979af137355b4f976faff6e0079237f23f72","0.2.0.9000","R version 4.6.1 (2026-06-24 ucrt)","Windows","g++","disabled_or_unavailable","","UNAVAILABLE","C","B-prepared-repeated","K","pectinate",500,1,0,"prepared",5,0.019999999999996,"PASS",0,"","",1,862520,"pectinate_500",NA,NA
"2026-09-13 02:29:00 UTC","084e979af137355b4f976faff6e0079237f23f72","0.2.0.9000","R version 4.6.1 (2026-06-24 ucrt)","Windows","g++","disabled_or_unavailable","","UNAVAILABLE","C","B-prepared-repeated","K","pectinate",500,1,0,"prepared",6,0.0100000000000051,"PASS",0,"","",1,862520,"pectinate_500",NA,NA
"2026-09-13 02:29:00 UTC","084e979af137355b4f976faff6e0079237f23f72","0.2.0.9000","R version 4.6.1 (2026-06-24 ucrt)","Windows","g++","disabled_or_unavailable","","UNAVAILABLE","C","A-single-trait","K","pectinate",500,1,0,"raw",6,0.0599999999999881,"PASS",0,"","",1,862520,"pectinate_500",NA,NA
"2026-09-13 02:29:00 UTC","084e979af137355b4f976faff6e0079237f23f72","0.2.0.9000","R version 4.6.1 (2026-06-24 ucrt)","Windows","g++","disabled_or_unavailable","","UNAVAILABLE","C","A-single-trait","K","pectinate",500,1,0,"raw",7,0.0700000000000074,"PASS",0,"","",1,862520,"pectinate_500",NA,NA
"2026-09-13 02:29:00 UTC","084e979af137355b4f976faff6e0079237f23f72","0.2.0.9000","R version 4.6.1 (2026-06-24 ucrt)","Windows","g++","disabled_or_unavailable","","UNAVAILABLE","C","B-prepared-repeated","K","pectinate",500,1,0,"prepared",7,0,"PASS",0,"","",1,862520,"pectinate_500",NA,NA
"2026-09-13 02:29:00 UTC","084e979af137355b4f976faff6e0079237f23f72","0.2.0.9000","R version 4.6.1 (2026-06-24 ucrt)","Windows","g++","disabled_or_unavailable","","UNAVAILABLE","C","B-prepared-repeated","K","pectinate",500,1,0,"prepared",8,0.019999999999996,"PASS",0,"","",1,862520,"pectinate_500",NA,NA
"2026-09-13 02:29:00 UTC","084e979af137355b4f976faff6e0079237f23f72","0.2.0.9000","R version 4.6.1 (2026-06-24 ucrt)","Windows","g++","disabled_or_unavailable","","UNAVAILABLE","C","A-single-trait","K","pectinate",500,1,0,"raw",8,0.0600000000000023,"PASS",0,"","",1,862520,"pectinate_500",NA,NA
"2026-09-13 02:29:00 UTC","084e979af137355b4f976faff6e0079237f23f72","0.2.0.9000","R version 4.6.1 (2026-06-24 ucrt)","Windows","g++","disabled_or_unavailable","","UNAVAILABLE","C","A-single-trait","K","pectinate",500,1,0,"raw",9,0.0600000000000023,"PASS",0,"","",1,862520,"pectinate_500",NA,NA
"2026-09-13 02:29:00 UTC","084e979af137355b4f976faff6e0079237f23f72","0.2.0.9000","R version 4.6.1 (2026-06-24 ucrt)","Windows","g++","disabled_or_unavailable","","UNAVAILABLE","C","B-prepared-repeated","K","pectinate",500,1,0,"prepared",9,0,"PASS",0,"","",1,862520,"pectinate_500",NA,NA
"2026-09-13 02:29:00 UTC","084e979af137355b4f976faff6e0079237f23f72","0.2.0.9000","R version 4.6.1 (2026-06-24 ucrt)","Windows","g++","disabled_or_unavailable","","UNAVAILABLE","C","B-prepared-repeated","K","pectinate",500,1,0,"prepared",10,0.00999999999999091,"PASS",0,"","",1,862520,"pectinate_500",NA,NA
"2026-09-13 02:29:00 UTC","084e979af137355b4f976faff6e0079237f23f72","0.2.0.9000","R version 4.6.1 (2026-06-24 ucrt)","Windows","g++","disabled_or_unavailable","","UNAVAILABLE","C","A-single-trait","K","pectinate",500,1,0,"raw",10,0.0800000000000125,"PASS",0,"","",1,862520,"pectinate_500",NA,NA
"2026-09-13 02:29:00 UTC","084e979af137355b4f976faff6e0079237f23f72","0.2.0.9000","R version 4.6.1 (2026-06-24 ucrt)","Windows","g++","disabled_or_unavailable","","UNAVAILABLE","C","A-single-trait","lambda","pectinate",500,1,0,"raw",1,0.239999999999995,"PASS",0,"","",1,862530,"pectinate_500",NA,NA
"2026-09-13 02:29:00 UTC","084e979af137355b4f976faff6e0079237f23f72","0.2.0.9000","R version 4.6.1 (2026-06-24 ucrt)","Windows","g++","disabled_or_unavailable","","UNAVAILABLE","C","B-prepared-repeated","lambda","pectinate",500,1,0,"prepared",1,0.0300000000000011,"PASS",0,"","",1,862530,"pectinate_500",NA,NA
"2026-09-13 02:29:00 UTC","084e979af137355b4f976faff6e0079237f23f72","0.2.0.9000","R version 4.6.1 (2026-06-24 ucrt)","Windows","g++","disabled_or_unavailable","","UNAVAILABLE","C","B-prepared-repeated","lambda","pectinate",500,1,0,"prepared",2,0.0300000000000011,"PASS",0,"","",1,862530,"pectinate_500",NA,NA
"2026-09-13 02:29:00 UTC","084e979af137355b4f976faff6e0079237f23f72","0.2.0.9000","R version 4.6.1 (2026-06-24 ucrt)","Windows","g++","disabled_or_unavailable","","UNAVAILABLE","C","A-single-trait","lambda","pectinate",500,1,0,"raw",2,0.0799999999999983,"PASS",0,"","",1,862530,"pectinate_500",NA,NA
"2026-09-13 02:29:00 UTC","084e979af137355b4f976faff6e0079237f23f72","0.2.0.9000","R version 4.6.1 (2026-06-24 ucrt)","Windows","g++","disabled_or_unavailable","","UNAVAILABLE","C","A-single-trait","lambda","pectinate",500,1,0,"raw",3,0.0699999999999932,"PASS",0,"","",1,862530,"pectinate_500",NA,NA
"2026-09-13 02:29:00 UTC","084e979af137355b4f976faff6e0079237f23f72","0.2.0.9000","R version 4.6.1 (2026-06-24 ucrt)","Windows","g++","disabled_or_unavailable","","UNAVAILABLE","C","B-prepared-repeated","lambda","pectinate",500,1,0,"prepared",3,0.0400000000000063,"PASS",0,"","",1,862530,"pectinate_500",NA,NA
"2026-09-13 02:29:00 UTC","084e979af137355b4f976faff6e0079237f23f72","0.2.0.9000","R version 4.6.1 (2026-06-24 ucrt)","Windows","g++","disabled_or_unavailable","","UNAVAILABLE","C","B-prepared-repeated","lambda","pectinate",500,1,0,"prepared",4,0.0300000000000011,"PASS",0,"","",1,862530,"pectinate_500",NA,NA
"2026-09-13 02:29:00 UTC","084e979af137355b4f976faff6e0079237f23f72","0.2.0.9000","R version 4.6.1 (2026-06-24 ucrt)","Windows","g++","disabled_or_unavailable","","UNAVAILABLE","C","A-single-trait","lambda","pectinate",500,1,0,"raw",4,0.0699999999999932,"PASS",0,"","",1,862530,"pectinate_500",NA,NA
"2026-09-13 02:29:00 UTC","084e979af137355b4f976faff6e0079237f23f72","0.2.0.9000","R version 4.6.1 (2026-06-24 ucrt)","Windows","g++","disabled_or_unavailable","","UNAVAILABLE","C","A-single-trait","lambda","pectinate",500,1,0,"raw",5,0.0700000000000074,"PASS",0,"","",1,862530,"pectinate_500",NA,NA
"2026-09-13 02:29:00 UTC","084e979af137355b4f976faff6e0079237f23f72","0.2.0.9000","R version 4.6.1 (2026-06-24 ucrt)","Windows","g++","disabled_or_unavailable","","UNAVAILABLE","C","B-prepared-repeated","lambda","pectinate",500,1,0,"prepared",5,0.0299999999999869,"PASS",0,"","",1,862530,"pectinate_500",NA,NA
"2026-09-13 02:29:00 UTC","084e979af137355b4f976faff6e0079237f23f72","0.2.0.9000","R version 4.6.1 (2026-06-24 ucrt)","Windows","g++","disabled_or_unavailable","","UNAVAILABLE","C","B-prepared-repeated","lambda","pectinate",500,1,0,"prepared",6,0.0400000000000063,"PASS",0,"","",1,862530,"pectinate_500",NA,NA
"2026-09-13 02:29:00 UTC","084e979af137355b4f976faff6e0079237f23f72","0.2.0.9000","R version 4.6.1 (2026-06-24 ucrt)","Windows","g++","disabled_or_unavailable","","UNAVAILABLE","C","A-single-trait","lambda","pectinate",500,1,0,"raw",6,0.0599999999999881,"PASS",0,"","",1,862530,"pectinate_500",NA,NA
"2026-09-13 02:29:00 UTC","084e979af137355b4f976faff6e0079237f23f72","0.2.0.9000","R version 4.6.1 (2026-06-24 ucrt)","Windows","g++","disabled_or_unavailable","","UNAVAILABLE","C","A-single-trait","lambda","pectinate",500,1,0,"raw",7,0.0800000000000125,"PASS",0,"","",1,862530,"pectinate_500",NA,NA
"2026-09-13 02:29:00 UTC","084e979af137355b4f976faff6e0079237f23f72","0.2.0.9000","R version 4.6.1 (2026-06-24 ucrt)","Windows","g++","disabled_or_unavailable","","UNAVAILABLE","C","B-prepared-repeated","lambda","pectinate",500,1,0,"prepared",7,0.0300000000000011,"PASS",0,"","",1,862530,"pectinate_500",NA,NA
"2026-09-13 02:29:00 UTC","084e979af137355b4f976faff6e0079237f23f72","0.2.0.9000","R version 4.6.1 (2026-06-24 ucrt)","Windows","g++","disabled_or_unavailable","","UNAVAILABLE","C","B-prepared-repeated","lambda","pectinate",500,1,0,"prepared",8,0.0299999999999869,"PASS",0,"","",1,862530,"pectinate_500",NA,NA
"2026-09-13 02:29:00 UTC","084e979af137355b4f976faff6e0079237f23f72","0.2.0.9000","R version 4.6.1 (2026-06-24 ucrt)","Windows","g++","disabled_or_unavailable","","UNAVAILABLE","C","A-single-trait","lambda","pectinate",500,1,0,"raw",8,0.0800000000000125,"PASS",0,"","",1,862530,"pectinate_500",NA,NA
"2026-09-13 02:29:00 UTC","084e979af137355b4f976faff6e0079237f23f72","0.2.0.9000","R version 4.6.1 (2026-06-24 ucrt)","Windows","g++","disabled_or_unavailable","","UNAVAILABLE","C","A-single-trait","lambda","pectinate",500,1,0,"raw",9,0.0799999999999983,"PASS",0,"","",1,862530,"pectinate_500",NA,NA
"2026-09-13 02:29:00 UTC","084e979af137355b4f976faff6e0079237f23f72","0.2.0.9000","R version 4.6.1 (2026-06-24 ucrt)","Windows","g++","disabled_or_unavailable","","UNAVAILABLE","C","B-prepared-repeated","lambda","pectinate",500,1,0,"prepared",9,0.0300000000000011,"PASS",0,"","",1,862530,"pectinate_500",NA,NA
"2026-09-13 02:29:00 UTC","084e979af137355b4f976faff6e0079237f23f72","0.2.0.9000","R version 4.6.1 (2026-06-24 ucrt)","Windows","g++","disabled_or_unavailable","","UNAVAILABLE","C","B-prepared-repeated","lambda","pectinate",500,1,0,"prepared",10,0.0300000000000011,"PASS",0,"","",1,862530,"pectinate_500",NA,NA
"2026-09-13 02:29:00 UTC","084e979af137355b4f976faff6e0079237f23f72","0.2.0.9000","R version 4.6.1 (2026-06-24 ucrt)","Windows","g++","disabled_or_unavailable","","UNAVAILABLE","C","A-single-trait","lambda","pectinate",500,1,0,"raw",10,0.0799999999999983,"PASS",0,"","",1,862530,"pectinate_500",NA,NA
"2026-09-13 02:29:00 UTC","084e979af137355b4f976faff6e0079237f23f72","0.2.0.9000","R version 4.6.1 (2026-06-24 ucrt)","Windows","g++","disabled_or_unavailable","","UNAVAILABLE","C","A-single-trait","fast_signal_K","pectinate",500,1,0,"raw",1,0.0700000000000074,"PASS",0,"","",1,862540,"pectinate_500",NA,NA
"2026-09-13 02:29:00 UTC","084e979af137355b4f976faff6e0079237f23f72","0.2.0.9000","R version 4.6.1 (2026-06-24 ucrt)","Windows","g++","disabled_or_unavailable","","UNAVAILABLE","C","B-prepared-repeated","fast_signal_K","pectinate",500,1,0,"prepared",1,0,"PASS",0,"","",1,862540,"pectinate_500",NA,NA
"2026-09-13 02:29:00 UTC","084e979af137355b4f976faff6e0079237f23f72","0.2.0.9000","R version 4.6.1 (2026-06-24 ucrt)","Windows","g++","disabled_or_unavailable","","UNAVAILABLE","C","B-prepared-repeated","fast_signal_K","pectinate",500,1,0,"prepared",2,0.0100000000000051,"PASS",0,"","",1,862540,"pectinate_500",NA,NA
"2026-09-13 02:29:00 UTC","084e979af137355b4f976faff6e0079237f23f72","0.2.0.9000","R version 4.6.1 (2026-06-24 ucrt)","Windows","g++","disabled_or_unavailable","","UNAVAILABLE","C","A-single-trait","fast_signal_K","pectinate",500,1,0,"raw",2,0.039999999999992,"PASS",0,"","",1,862540,"pectinate_500",NA,NA
"2026-09-13 02:29:00 UTC","084e979af137355b4f976faff6e0079237f23f72","0.2.0.9000","R version 4.6.1 (2026-06-24 ucrt)","Windows","g++","disabled_or_unavailable","","UNAVAILABLE","C","A-single-trait","fast_signal_K","pectinate",500,1,0,"raw",3,0.0500000000000114,"PASS",0,"","",1,862540,"pectinate_500",NA,NA
"2026-09-13 02:29:00 UTC","084e979af137355b4f976faff6e0079237f23f72","0.2.0.9000","R version 4.6.1 (2026-06-24 ucrt)","Windows","g++","disabled_or_unavailable","","UNAVAILABLE","C","B-prepared-repeated","fast_signal_K","pectinate",500,1,0,"prepared",3,0.019999999999996,"PASS",0,"","",1,862540,"pectinate_500",NA,NA
"2026-09-13 02:29:00 UTC","084e979af137355b4f976faff6e0079237f23f72","0.2.0.9000","R version 4.6.1 (2026-06-24 ucrt)","Windows","g++","disabled_or_unavailable","","UNAVAILABLE","C","B-prepared-repeated","fast_signal_K","pectinate",500,1,0,"prepared",4,0.0100000000000051,"PASS",0,"","",1,862540,"pectinate_500",NA,NA
"2026-09-13 02:29:00 UTC","084e979af137355b4f976faff6e0079237f23f72","0.2.0.9000","R version 4.6.1 (2026-06-24 ucrt)","Windows","g++","disabled_or_unavailable","","UNAVAILABLE","C","A-single-trait","fast_signal_K","pectinate",500,1,0,"raw",4,0.0699999999999932,"PASS",0,"","",1,862540,"pectinate_500",NA,NA
"2026-09-13 02:29:00 UTC","084e979af137355b4f976faff6e0079237f23f72","0.2.0.9000","R version 4.6.1 (2026-06-24 ucrt)","Windows","g++","disabled_or_unavailable","","UNAVAILABLE","C","A-single-trait","fast_signal_K","pectinate",500,1,0,"raw",5,0.0400000000000063,"PASS",0,"","",1,862540,"pectinate_500",NA,NA
"2026-09-13 02:29:00 UTC","084e979af137355b4f976faff6e0079237f23f72","0.2.0.9000","R version 4.6.1 (2026-06-24 ucrt)","Windows","g++","disabled_or_unavailable","","UNAVAILABLE","C","B-prepared-repeated","fast_signal_K","pectinate",500,1,0,"prepared",5,0.019999999999996,"PASS",0,"","",1,862540,"pectinate_500",NA,NA
"2026-09-13 02:29:00 UTC","084e979af137355b4f976faff6e0079237f23f72","0.2.0.9000","R version 4.6.1 (2026-06-24 ucrt)","Windows","g++","disabled_or_unavailable","","UNAVAILABLE","C","B-prepared-repeated","fast_signal_K","pectinate",500,1,0,"prepared",6,0.0100000000000051,"PASS",0,"","",1,862540,"pectinate_500",NA,NA
"2026-09-13 02:29:00 UTC","084e979af137355b4f976faff6e0079237f23f72","0.2.0.9000","R version 4.6.1 (2026-06-24 ucrt)","Windows","g++","disabled_or_unavailable","","UNAVAILABLE","C","A-single-trait","fast_signal_K","pectinate",500,1,0,"raw",6,0.0499999999999972,"PASS",0,"","",1,862540,"pectinate_500",NA,NA
"2026-09-13 02:29:00 UTC","084e979af137355b4f976faff6e0079237f23f72","0.2.0.9000","R version 4.6.1 (2026-06-24 ucrt)","Windows","g++","disabled_or_unavailable","","UNAVAILABLE","C","A-single-trait","fast_signal_K","pectinate",500,1,0,"raw",7,0.0600000000000023,"PASS",0,"","",1,862540,"pectinate_500",NA,NA
"2026-09-13 02:29:00 UTC","084e979af137355b4f976faff6e0079237f23f72","0.2.0.9000","R version 4.6.1 (2026-06-24 ucrt)","Windows","g++","disabled_or_unavailable","","UNAVAILABLE","C","B-prepared-repeated","fast_signal_K","pectinate",500,1,0,"prepared",7,0.00999999999999091,"PASS",0,"","",1,862540,"pectinate_500",NA,NA
"2026-09-13 02:29:00 UTC","084e979af137355b4f976faff6e0079237f23f72","0.2.0.9000","R version 4.6.1 (2026-06-24 ucrt)","Windows","g++","disabled_or_unavailable","","UNAVAILABLE","C","B-prepared-repeated","fast_signal_K","pectinate",500,1,0,"prepared",8,0.0200000000000102,"PASS",0,"","",1,862540,"pectinate_500",NA,NA
"2026-09-13 02:29:00 UTC","084e979af137355b4f976faff6e0079237f23f72","0.2.0.9000","R version 4.6.1 (2026-06-24 ucrt)","Windows","g++","disabled_or_unavailable","","UNAVAILABLE","C","A-single-trait","fast_signal_K","pectinate",500,1,0,"raw",8,0.0600000000000023,"PASS",0,"","",1,862540,"pectinate_500",NA,NA
"2026-09-13 02:29:00 UTC","084e979af137355b4f976faff6e0079237f23f72","0.2.0.9000","R version 4.6.1 (2026-06-24 ucrt)","Windows","g++","disabled_or_unavailable","","UNAVAILABLE","C","A-single-trait","fast_signal_K","pectinate",500,1,0,"raw",9,0.0499999999999972,"PASS",0,"","",1,862540,"pectinate_500",NA,NA
"2026-09-13 02:29:00 UTC","084e979af137355b4f976faff6e0079237f23f72","0.2.0.9000","R version 4.6.1 (2026-06-24 ucrt)","Windows","g++","disabled_or_unavailable","","UNAVAILABLE","C","B-prepared-repeated","fast_signal_K","pectinate",500,1,0,"prepared",9,0,"PASS",0,"","",1,862540,"pectinate_500",NA,NA
"2026-09-13 02:29:00 UTC","084e979af137355b4f976faff6e0079237f23f72","0.2.0.9000","R version 4.6.1 (2026-06-24 ucrt)","Windows","g++","disabled_or_unavailable","","UNAVAILABLE","C","B-prepared-repeated","fast_signal_K","pectinate",500,1,0,"prepared",10,0,"PASS",0,"","",1,862540,"pectinate_500",NA,NA
"2026-09-13 02:29:00 UTC","084e979af137355b4f976faff6e0079237f23f72","0.2.0.9000","R version 4.6.1 (2026-06-24 ucrt)","Windows","g++","disabled_or_unavailable","","UNAVAILABLE","C","A-single-trait","fast_signal_K","pectinate",500,1,0,"raw",10,0.0600000000000023,"PASS",0,"","",1,862540,"pectinate_500",NA,NA
"2026-09-13 02:29:00 UTC","084e979af137355b4f976faff6e0079237f23f72","0.2.0.9000","R version 4.6.1 (2026-06-24 ucrt)","Windows","g++","disabled_or_unavailable","","UNAVAILABLE","C","A-single-trait","K","pectinate",2000,1,0,"raw",1,0.209999999999994,"PASS",0,"","",1,864020,"pectinate_2000",NA,NA
"2026-09-13 02:29:00 UTC","084e979af137355b4f976faff6e0079237f23f72","0.2.0.9000","R version 4.6.1 (2026-06-24 ucrt)","Windows","g++","disabled_or_unavailable","","UNAVAILABLE","C","B-prepared-repeated","K","pectinate",2000,1,0,"prepared",1,0.0400000000000063,"PASS",0,"","",1,864020,"pectinate_2000",NA,NA
"2026-09-13 02:29:00 UTC","084e979af137355b4f976faff6e0079237f23f72","0.2.0.9000","R version 4.6.1 (2026-06-24 ucrt)","Windows","g++","disabled_or_unavailable","","UNAVAILABLE","C","B-prepared-repeated","K","pectinate",2000,1,0,"prepared",2,0.0300000000000011,"PASS",0,"","",1,864020,"pectinate_2000",NA,NA
"2026-09-13 02:29:00 UTC","084e979af137355b4f976faff6e0079237f23f72","0.2.0.9000","R version 4.6.1 (2026-06-24 ucrt)","Windows","g++","disabled_or_unavailable","","UNAVAILABLE","C","A-single-trait","K","pectinate",2000,1,0,"raw",2,0.269999999999996,"PASS",0,"","",1,864020,"pectinate_2000",NA,NA
"2026-09-13 02:29:00 UTC","084e979af137355b4f976faff6e0079237f23f72","0.2.0.9000","R version 4.6.1 (2026-06-24 ucrt)","Windows","g++","disabled_or_unavailable","","UNAVAILABLE","C","A-single-trait","K","pectinate",2000,1,0,"raw",3,0.219999999999999,"PASS",0,"","",1,864020,"pectinate_2000",NA,NA
"2026-09-13 02:29:00 UTC","084e979af137355b4f976faff6e0079237f23f72","0.2.0.9000","R version 4.6.1 (2026-06-24 ucrt)","Windows","g++","disabled_or_unavailable","","UNAVAILABLE","C","B-prepared-repeated","K","pectinate",2000,1,0,"prepared",3,0.0300000000000011,"PASS",0,"","",1,864020,"pectinate_2000",NA,NA
"2026-09-13 02:29:00 UTC","084e979af137355b4f976faff6e0079237f23f72","0.2.0.9000","R version 4.6.1 (2026-06-24 ucrt)","Windows","g++","disabled_or_unavailable","","UNAVAILABLE","C","B-prepared-repeated","K","pectinate",2000,1,0,"prepared",4,0.039999999999992,"PASS",0,"","",1,864020,"pectinate_2000",NA,NA
"2026-09-13 02:29:00 UTC","084e979af137355b4f976faff6e0079237f23f72","0.2.0.9000","R version 4.6.1 (2026-06-24 ucrt)","Windows","g++","disabled_or_unavailable","","UNAVAILABLE","C","A-single-trait","K","pectinate",2000,1,0,"raw",4,0.240000000000009,"PASS",0,"","",1,864020,"pectinate_2000",NA,NA
"2026-09-13 02:29:00 UTC","084e979af137355b4f976faff6e0079237f23f72","0.2.0.9000","R version 4.6.1 (2026-06-24 ucrt)","Windows","g++","disabled_or_unavailable","","UNAVAILABLE","C","A-single-trait","K","pectinate",2000,1,0,"raw",5,0.259999999999991,"PASS",0,"","",1,864020,"pectinate_2000",NA,NA
"2026-09-13 02:29:00 UTC","084e979af137355b4f976faff6e0079237f23f72","0.2.0.9000","R version 4.6.1 (2026-06-24 ucrt)","Windows","g++","disabled_or_unavailable","","UNAVAILABLE","C","B-prepared-repeated","K","pectinate",2000,1,0,"prepared",5,0.0400000000000063,"PASS",0,"","",1,864020,"pectinate_2000",NA,NA
"2026-09-13 02:29:00 UTC","084e979af137355b4f976faff6e0079237f23f72","0.2.0.9000","R version 4.6.1 (2026-06-24 ucrt)","Windows","g++","disabled_or_unavailable","","UNAVAILABLE","C","B-prepared-repeated","K","pectinate",2000,1,0,"prepared",6,0.0300000000000011,"PASS",0,"","",1,864020,"pectinate_2000",NA,NA
"2026-09-13 02:29:00 UTC","084e979af137355b4f976faff6e0079237f23f72","0.2.0.9000","R version 4.6.1 (2026-06-24 ucrt)","Windows","g++","disabled_or_unavailable","","UNAVAILABLE","C","A-single-trait","K","pectinate",2000,1,0,"raw",6,0.25,"PASS",0,"","",1,864020,"pectinate_2000",NA,NA
"2026-09-13 02:29:00 UTC","084e979af137355b4f976faff6e0079237f23f72","0.2.0.9000","R version 4.6.1 (2026-06-24 ucrt)","Windows","g++","disabled_or_unavailable","","UNAVAILABLE","C","A-single-trait","K","pectinate",2000,1,0,"raw",7,0.219999999999999,"PASS",0,"","",1,864020,"pectinate_2000",NA,NA
"2026-09-13 02:29:00 UTC","084e979af137355b4f976faff6e0079237f23f72","0.2.0.9000","R version 4.6.1 (2026-06-24 ucrt)","Windows","g++","disabled_or_unavailable","","UNAVAILABLE","C","B-prepared-repeated","K","pectinate",2000,1,0,"prepared",7,0.0300000000000011,"PASS",0,"","",1,864020,"pectinate_2000",NA,NA
"2026-09-13 02:29:00 UTC","084e979af137355b4f976faff6e0079237f23f72","0.2.0.9000","R version 4.6.1 (2026-06-24 ucrt)","Windows","g++","disabled_or_unavailable","","UNAVAILABLE","C","B-prepared-repeated","K","pectinate",2000,1,0,"prepared",8,0.0300000000000011,"PASS",0,"","",1,864020,"pectinate_2000",NA,NA
"2026-09-13 02:29:00 UTC","084e979af137355b4f976faff6e0079237f23f72","0.2.0.9000","R version 4.6.1 (2026-06-24 ucrt)","Windows","g++","disabled_or_unavailable","","UNAVAILABLE","C","A-single-trait","K","pectinate",2000,1,0,"raw",8,0.25,"PASS",0,"","",1,864020,"pectinate_2000",NA,NA
"2026-09-13 02:29:00 UTC","084e979af137355b4f976faff6e0079237f23f72","0.2.0.9000","R version 4.6.1 (2026-06-24 ucrt)","Windows","g++","disabled_or_unavailable","","UNAVAILABLE","C","A-single-trait","K","pectinate",2000,1,0,"raw",9,0.25,"PASS",0,"","",1,864020,"pectinate_2000",NA,NA
"2026-09-13 02:29:00 UTC","084e979af137355b4f976faff6e0079237f23f72","0.2.0.9000","R version 4.6.1 (2026-06-24 ucrt)","Windows","g++","disabled_or_unavailable","","UNAVAILABLE","C","B-prepared-repeated","K","pectinate",2000,1,0,"prepared",9,0.0300000000000011,"PASS",0,"","",1,864020,"pectinate_2000",NA,NA
"2026-09-13 02:29:00 UTC","084e979af137355b4f976faff6e0079237f23f72","0.2.0.9000","R version 4.6.1 (2026-06-24 ucrt)","Windows","g++","disabled_or_unavailable","","UNAVAILABLE","C","B-prepared-repeated","K","pectinate",2000,1,0,"prepared",10,0.0400000000000063,"PASS",0,"","",1,864020,"pectinate_2000",NA,NA
"2026-09-13 02:29:00 UTC","084e979af137355b4f976faff6e0079237f23f72","0.2.0.9000","R version 4.6.1 (2026-06-24 ucrt)","Windows","g++","disabled_or_unavailable","","UNAVAILABLE","C","A-single-trait","K","pectinate",2000,1,0,"raw",10,0.239999999999995,"PASS",0,"","",1,864020,"pectinate_2000",NA,NA
"2026-09-13 02:29:00 UTC","084e979af137355b4f976faff6e0079237f23f72","0.2.0.9000","R version 4.6.1 (2026-06-24 ucrt)","Windows","g++","disabled_or_unavailable","","UNAVAILABLE","C","A-single-trait","lambda","pectinate",2000,1,0,"raw",1,0.339999999999989,"PASS",0,"","",1,864030,"pectinate_2000",NA,NA
"2026-09-13 02:29:00 UTC","084e979af137355b4f976faff6e0079237f23f72","0.2.0.9000","R version 4.6.1 (2026-06-24 ucrt)","Windows","g++","disabled_or_unavailable","","UNAVAILABLE","C","B-prepared-repeated","lambda","pectinate",2000,1,0,"prepared",1,0.13000000000001,"PASS",0,"","",1,864030,"pectinate_2000",NA,NA
"2026-09-13 02:29:00 UTC","084e979af137355b4f976faff6e0079237f23f72","0.2.0.9000","R version 4.6.1 (2026-06-24 ucrt)","Windows","g++","disabled_or_unavailable","","UNAVAILABLE","C","B-prepared-repeated","lambda","pectinate",2000,1,0,"prepared",2,0.109999999999999,"PASS",0,"","",1,864030,"pectinate_2000",NA,NA
"2026-09-13 02:29:00 UTC","084e979af137355b4f976faff6e0079237f23f72","0.2.0.9000","R version 4.6.1 (2026-06-24 ucrt)","Windows","g++","disabled_or_unavailable","","UNAVAILABLE","C","A-single-trait","lambda","pectinate",2000,1,0,"raw",2,0.359999999999999,"PASS",0,"","",1,864030,"pectinate_2000",NA,NA
"2026-09-13 02:29:00 UTC","084e979af137355b4f976faff6e0079237f23f72","0.2.0.9000","R version 4.6.1 (2026-06-24 ucrt)","Windows","g++","disabled_or_unavailable","","UNAVAILABLE","C","A-single-trait","lambda","pectinate",2000,1,0,"raw",3,0.329999999999998,"PASS",0,"","",1,864030,"pectinate_2000",NA,NA
"2026-09-13 02:29:00 UTC","084e979af137355b4f976faff6e0079237f23f72","0.2.0.9000","R version 4.6.1 (2026-06-24 ucrt)","Windows","g++","disabled_or_unavailable","","UNAVAILABLE","C","B-prepared-repeated","lambda","pectinate",2000,1,0,"prepared",3,0.109999999999999,"PASS",0,"","",1,864030,"pectinate_2000",NA,NA
"2026-09-13 02:29:00 UTC","084e979af137355b4f976faff6e0079237f23f72","0.2.0.9000","R version 4.6.1 (2026-06-24 ucrt)","Windows","g++","disabled_or_unavailable","","UNAVAILABLE","C","B-prepared-repeated","lambda","pectinate",2000,1,0,"prepared",4,0.129999999999995,"PASS",0,"","",1,864030,"pectinate_2000",NA,NA
"2026-09-13 02:29:00 UTC","084e979af137355b4f976faff6e0079237f23f72","0.2.0.9000","R version 4.6.1 (2026-06-24 ucrt)","Windows","g++","disabled_or_unavailable","","UNAVAILABLE","C","A-single-trait","lambda","pectinate",2000,1,0,"raw",4,0.340000000000003,"PASS",0,"","",1,864030,"pectinate_2000",NA,NA
"2026-09-13 02:29:00 UTC","084e979af137355b4f976faff6e0079237f23f72","0.2.0.9000","R version 4.6.1 (2026-06-24 ucrt)","Windows","g++","disabled_or_unavailable","","UNAVAILABLE","C","A-single-trait","lambda","pectinate",2000,1,0,"raw",5,0.329999999999998,"PASS",0,"","",1,864030,"pectinate_2000",NA,NA
"2026-09-13 02:29:00 UTC","084e979af137355b4f976faff6e0079237f23f72","0.2.0.9000","R version 4.6.1 (2026-06-24 ucrt)","Windows","g++","disabled_or_unavailable","","UNAVAILABLE","C","B-prepared-repeated","lambda","pectinate",2000,1,0,"prepared",5,0.140000000000001,"PASS",0,"","",1,864030,"pectinate_2000",NA,NA
"2026-09-13 02:29:00 UTC","084e979af137355b4f976faff6e0079237f23f72","0.2.0.9000","R version 4.6.1 (2026-06-24 ucrt)","Windows","g++","disabled_or_unavailable","","UNAVAILABLE","C","B-prepared-repeated","lambda","pectinate",2000,1,0,"prepared",6,0.11999999999999,"PASS",0,"","",1,864030,"pectinate_2000",NA,NA
"2026-09-13 02:29:00 UTC","084e979af137355b4f976faff6e0079237f23f72","0.2.0.9000","R version 4.6.1 (2026-06-24 ucrt)","Windows","g++","disabled_or_unavailable","","UNAVAILABLE","C","A-single-trait","lambda","pectinate",2000,1,0,"raw",6,0.330000000000013,"PASS",0,"","",1,864030,"pectinate_2000",NA,NA
"2026-09-13 02:29:00 UTC","084e979af137355b4f976faff6e0079237f23f72","0.2.0.9000","R version 4.6.1 (2026-06-24 ucrt)","Windows","g++","disabled_or_unavailable","","UNAVAILABLE","C","A-single-trait","lambda","pectinate",2000,1,0,"raw",7,0.349999999999994,"PASS",0,"","",1,864030,"pectinate_2000",NA,NA
"2026-09-13 02:29:00 UTC","084e979af137355b4f976faff6e0079237f23f72","0.2.0.9000","R version 4.6.1 (2026-06-24 ucrt)","Windows","g++","disabled_or_unavailable","","UNAVAILABLE","C","B-prepared-repeated","lambda","pectinate",2000,1,0,"prepared",7,0.120000000000005,"PASS",0,"","",1,864030,"pectinate_2000",NA,NA
"2026-09-13 02:29:00 UTC","084e979af137355b4f976faff6e0079237f23f72","0.2.0.9000","R version 4.6.1 (2026-06-24 ucrt)","Windows","g++","disabled_or_unavailable","","UNAVAILABLE","C","B-prepared-repeated","lambda","pectinate",2000,1,0,"prepared",8,0.129999999999995,"PASS",0,"","",1,864030,"pectinate_2000",NA,NA
"2026-09-13 02:29:00 UTC","084e979af137355b4f976faff6e0079237f23f72","0.2.0.9000","R version 4.6.1 (2026-06-24 ucrt)","Windows","g++","disabled_or_unavailable","","UNAVAILABLE","C","A-single-trait","lambda","pectinate",2000,1,0,"raw",8,0.340000000000003,"PASS",0,"","",1,864030,"pectinate_2000",NA,NA
"2026-09-13 02:29:00 UTC","084e979af137355b4f976faff6e0079237f23f72","0.2.0.9000","R version 4.6.1 (2026-06-24 ucrt)","Windows","g++","disabled_or_unavailable","","UNAVAILABLE","C","A-single-trait","lambda","pectinate",2000,1,0,"raw",9,0.340000000000003,"PASS",0,"","",1,864030,"pectinate_2000",NA,NA
"2026-09-13 02:29:00 UTC","084e979af137355b4f976faff6e0079237f23f72","0.2.0.9000","R version 4.6.1 (2026-06-24 ucrt)","Windows","g++","disabled_or_unavailable","","UNAVAILABLE","C","B-prepared-repeated","lambda","pectinate",2000,1,0,"prepared",9,0.129999999999995,"PASS",0,"","",1,864030,"pectinate_2000",NA,NA
"2026-09-13 02:29:00 UTC","084e979af137355b4f976faff6e0079237f23f72","0.2.0.9000","R version 4.6.1 (2026-06-24 ucrt)","Windows","g++","disabled_or_unavailable","","UNAVAILABLE","C","B-prepared-repeated","lambda","pectinate",2000,1,0,"prepared",10,0.109999999999999,"PASS",0,"","",1,864030,"pectinate_2000",NA,NA
"2026-09-13 02:29:00 UTC","084e979af137355b4f976faff6e0079237f23f72","0.2.0.9000","R version 4.6.1 (2026-06-24 ucrt)","Windows","g++","disabled_or_unavailable","","UNAVAILABLE","C","A-single-trait","lambda","pectinate",2000,1,0,"raw",10,0.340000000000003,"PASS",0,"","",1,864030,"pectinate_2000",NA,NA
"2026-09-13 02:29:00 UTC","084e979af137355b4f976faff6e0079237f23f72","0.2.0.9000","R version 4.6.1 (2026-06-24 ucrt)","Windows","g++","disabled_or_unavailable","","UNAVAILABLE","C","A-single-trait","fast_signal_K","pectinate",2000,1,0,"raw",1,0.359999999999999,"PASS",0,"","",1,864040,"pectinate_2000",NA,NA
"2026-09-13 02:29:00 UTC","084e979af137355b4f976faff6e0079237f23f72","0.2.0.9000","R version 4.6.1 (2026-06-24 ucrt)","Windows","g++","disabled_or_unavailable","","UNAVAILABLE","C","B-prepared-repeated","fast_signal_K","pectinate",2000,1,0,"prepared",1,0.0300000000000011,"PASS",0,"","",1,864040,"pectinate_2000",NA,NA
"2026-09-13 02:29:00 UTC","084e979af137355b4f976faff6e0079237f23f72","0.2.0.9000","R version 4.6.1 (2026-06-24 ucrt)","Windows","g++","disabled_or_unavailable","","UNAVAILABLE","C","B-prepared-repeated","fast_signal_K","pectinate",2000,1,0,"prepared",2,0.0299999999999869,"PASS",0,"","",1,864040,"pectinate_2000",NA,NA
"2026-09-13 02:29:00 UTC","084e979af137355b4f976faff6e0079237f23f72","0.2.0.9000","R version 4.6.1 (2026-06-24 ucrt)","Windows","g++","disabled_or_unavailable","","UNAVAILABLE","C","A-single-trait","fast_signal_K","pectinate",2000,1,0,"raw",2,0.220000000000013,"PASS",0,"","",1,864040,"pectinate_2000",NA,NA
"2026-09-13 02:29:00 UTC","084e979af137355b4f976faff6e0079237f23f72","0.2.0.9000","R version 4.6.1 (2026-06-24 ucrt)","Windows","g++","disabled_or_unavailable","","UNAVAILABLE","C","A-single-trait","fast_signal_K","pectinate",2000,1,0,"raw",3,0.219999999999999,"PASS",0,"","",1,864040,"pectinate_2000",NA,NA
"2026-09-13 02:29:00 UTC","084e979af137355b4f976faff6e0079237f23f72","0.2.0.9000","R version 4.6.1 (2026-06-24 ucrt)","Windows","g++","disabled_or_unavailable","","UNAVAILABLE","C","B-prepared-repeated","fast_signal_K","pectinate",2000,1,0,"prepared",3,0.0300000000000011,"PASS",0,"","",1,864040,"pectinate_2000",NA,NA
"2026-09-13 02:29:00 UTC","084e979af137355b4f976faff6e0079237f23f72","0.2.0.9000","R version 4.6.1 (2026-06-24 ucrt)","Windows","g++","disabled_or_unavailable","","UNAVAILABLE","C","B-prepared-repeated","fast_signal_K","pectinate",2000,1,0,"prepared",4,0.0299999999999869,"PASS",0,"","",1,864040,"pectinate_2000",NA,NA
"2026-09-13 02:29:00 UTC","084e979af137355b4f976faff6e0079237f23f72","0.2.0.9000","R version 4.6.1 (2026-06-24 ucrt)","Windows","g++","disabled_or_unavailable","","UNAVAILABLE","C","A-single-trait","fast_signal_K","pectinate",2000,1,0,"raw",4,0.240000000000009,"PASS",0,"","",1,864040,"pectinate_2000",NA,NA
"2026-09-13 02:29:00 UTC","084e979af137355b4f976faff6e0079237f23f72","0.2.0.9000","R version 4.6.1 (2026-06-24 ucrt)","Windows","g++","disabled_or_unavailable","","UNAVAILABLE","C","A-single-trait","fast_signal_K","pectinate",2000,1,0,"raw",5,0.259999999999991,"PASS",0,"","",1,864040,"pectinate_2000",NA,NA
"2026-09-13 02:29:00 UTC","084e979af137355b4f976faff6e0079237f23f72","0.2.0.9000","R version 4.6.1 (2026-06-24 ucrt)","Windows","g++","disabled_or_unavailable","","UNAVAILABLE","C","B-prepared-repeated","fast_signal_K","pectinate",2000,1,0,"prepared",5,0.0500000000000114,"PASS",0,"","",1,864040,"pectinate_2000",NA,NA
"2026-09-13 02:29:00 UTC","084e979af137355b4f976faff6e0079237f23f72","0.2.0.9000","R version 4.6.1 (2026-06-24 ucrt)","Windows","g++","disabled_or_unavailable","","UNAVAILABLE","C","B-prepared-repeated","fast_signal_K","pectinate",2000,1,0,"prepared",6,0.0300000000000011,"PASS",0,"","",1,864040,"pectinate_2000",NA,NA
"2026-09-13 02:29:00 UTC","084e979af137355b4f976faff6e0079237f23f72","0.2.0.9000","R version 4.6.1 (2026-06-24 ucrt)","Windows","g++","disabled_or_unavailable","","UNAVAILABLE","C","A-single-trait","fast_signal_K","pectinate",2000,1,0,"raw",6,0.340000000000003,"PASS",0,"","",1,864040,"pectinate_2000",NA,NA
"2026-09-13 02:29:00 UTC","084e979af137355b4f976faff6e0079237f23f72","0.2.0.9000","R version 4.6.1 (2026-06-24 ucrt)","Windows","g++","disabled_or_unavailable","","UNAVAILABLE","C","A-single-trait","fast_signal_K","pectinate",2000,1,0,"raw",7,0.309999999999988,"PASS",0,"","",1,864040,"pectinate_2000",NA,NA
"2026-09-13 02:29:00 UTC","084e979af137355b4f976faff6e0079237f23f72","0.2.0.9000","R version 4.6.1 (2026-06-24 ucrt)","Windows","g++","disabled_or_unavailable","","UNAVAILABLE","C","B-prepared-repeated","fast_signal_K","pectinate",2000,1,0,"prepared",7,0.0400000000000063,"PASS",0,"","",1,864040,"pectinate_2000",NA,NA
"2026-09-13 02:29:00 UTC","084e979af137355b4f976faff6e0079237f23f72","0.2.0.9000","R version 4.6.1 (2026-06-24 ucrt)","Windows","g++","disabled_or_unavailable","","UNAVAILABLE","C","B-prepared-repeated","fast_signal_K","pectinate",2000,1,0,"prepared",8,0.0300000000000011,"PASS",0,"","",1,864040,"pectinate_2000",NA,NA
"2026-09-13 02:29:00 UTC","084e979af137355b4f976faff6e0079237f23f72","0.2.0.9000","R version 4.6.1 (2026-06-24 ucrt)","Windows","g++","disabled_or_unavailable","","UNAVAILABLE","C","A-single-trait","fast_signal_K","pectinate",2000,1,0,"raw",8,0.219999999999999,"PASS",0,"","",1,864040,"pectinate_2000",NA,NA
"2026-09-13 02:29:00 UTC","084e979af137355b4f976faff6e0079237f23f72","0.2.0.9000","R version 4.6.1 (2026-06-24 ucrt)","Windows","g++","disabled_or_unavailable","","UNAVAILABLE","C","A-single-trait","fast_signal_K","pectinate",2000,1,0,"raw",9,0.25,"PASS",0,"","",1,864040,"pectinate_2000",NA,NA
"2026-09-13 02:29:00 UTC","084e979af137355b4f976faff6e0079237f23f72","0.2.0.9000","R version 4.6.1 (2026-06-24 ucrt)","Windows","g++","disabled_or_unavailable","","UNAVAILABLE","C","B-prepared-repeated","fast_signal_K","pectinate",2000,1,0,"prepared",9,0.0300000000000011,"PASS",0,"","",1,864040,"pectinate_2000",NA,NA
"2026-09-13 02:29:00 UTC","084e979af137355b4f976faff6e0079237f23f72","0.2.0.9000","R version 4.6.1 (2026-06-24 ucrt)","Windows","g++","disabled_or_unavailable","","UNAVAILABLE","C","B-prepared-repeated","fast_signal_K","pectinate",2000,1,0,"prepared",10,0.0300000000000011,"PASS",0,"","",1,864040,"pectinate_2000",NA,NA
"2026-09-13 02:29:00 UTC","084e979af137355b4f976faff6e0079237f23f72","0.2.0.9000","R version 4.6.1 (2026-06-24 ucrt)","Windows","g++","disabled_or_unavailable","","UNAVAILABLE","C","A-single-trait","fast_signal_K","pectinate",2000,1,0,"raw",10,0.219999999999999,"PASS",0,"","",1,864040,"pectinate_2000",NA,NA
"2026-09-13 02:29:00 UTC","084e979af137355b4f976faff6e0079237f23f72","0.2.0.9000","R version 4.6.1 (2026-06-24 ucrt)","Windows","g++","disabled_or_unavailable","","UNAVAILABLE","C","A-single-trait","K","pectinate",5000,1,0,"raw",1,0.560000000000002,"PASS",0,"","",1,867020,"pectinate_5000",NA,NA
"2026-09-13 02:29:00 UTC","084e979af137355b4f976faff6e0079237f23f72","0.2.0.9000","R version 4.6.1 (2026-06-24 ucrt)","Windows","g++","disabled_or_unavailable","","UNAVAILABLE","C","B-prepared-repeated","K","pectinate",5000,1,0,"prepared",1,0.0600000000000023,"PASS",0,"","",1,867020,"pectinate_5000",NA,NA
"2026-09-13 02:29:00 UTC","084e979af137355b4f976faff6e0079237f23f72","0.2.0.9000","R version 4.6.1 (2026-06-24 ucrt)","Windows","g++","disabled_or_unavailable","","UNAVAILABLE","C","B-prepared-repeated","K","pectinate",5000,1,0,"prepared",2,0.0799999999999983,"PASS",0,"","",1,867020,"pectinate_5000",NA,NA
"2026-09-13 02:29:00 UTC","084e979af137355b4f976faff6e0079237f23f72","0.2.0.9000","R version 4.6.1 (2026-06-24 ucrt)","Windows","g++","disabled_or_unavailable","","UNAVAILABLE","C","A-single-trait","K","pectinate",5000,1,0,"raw",2,0.549999999999997,"PASS",0,"","",1,867020,"pectinate_5000",NA,NA
"2026-09-13 02:29:00 UTC","084e979af137355b4f976faff6e0079237f23f72","0.2.0.9000","R version 4.6.1 (2026-06-24 ucrt)","Windows","g++","disabled_or_unavailable","","UNAVAILABLE","C","A-single-trait","K","pectinate",5000,1,0,"raw",3,0.579999999999998,"PASS",0,"","",1,867020,"pectinate_5000",NA,NA
"2026-09-13 02:29:00 UTC","084e979af137355b4f976faff6e0079237f23f72","0.2.0.9000","R version 4.6.1 (2026-06-24 ucrt)","Windows","g++","disabled_or_unavailable","","UNAVAILABLE","C","B-prepared-repeated","K","pectinate",5000,1,0,"prepared",3,0.0700000000000074,"PASS",0,"","",1,867020,"pectinate_5000",NA,NA
"2026-09-13 02:29:00 UTC","084e979af137355b4f976faff6e0079237f23f72","0.2.0.9000","R version 4.6.1 (2026-06-24 ucrt)","Windows","g++","disabled_or_unavailable","","UNAVAILABLE","C","B-prepared-repeated","K","pectinate",5000,1,0,"prepared",4,0.0499999999999972,"PASS",0,"","",1,867020,"pectinate_5000",NA,NA
"2026-09-13 02:29:00 UTC","084e979af137355b4f976faff6e0079237f23f72","0.2.0.9000","R version 4.6.1 (2026-06-24 ucrt)","Windows","g++","disabled_or_unavailable","","UNAVAILABLE","C","A-single-trait","K","pectinate",5000,1,0,"raw",4,0.590000000000003,"PASS",0,"","",1,867020,"pectinate_5000",NA,NA
"2026-09-13 02:29:00 UTC","084e979af137355b4f976faff6e0079237f23f72","0.2.0.9000","R version 4.6.1 (2026-06-24 ucrt)","Windows","g++","disabled_or_unavailable","","UNAVAILABLE","C","A-single-trait","K","pectinate",5000,1,0,"raw",5,0.700000000000003,"PASS",0,"","",1,867020,"pectinate_5000",NA,NA
"2026-09-13 02:29:00 UTC","084e979af137355b4f976faff6e0079237f23f72","0.2.0.9000","R version 4.6.1 (2026-06-24 ucrt)","Windows","g++","disabled_or_unavailable","","UNAVAILABLE","C","B-prepared-repeated","K","pectinate",5000,1,0,"prepared",5,0.0600000000000023,"PASS",0,"","",1,867020,"pectinate_5000",NA,NA
"2026-09-13 02:29:00 UTC","084e979af137355b4f976faff6e0079237f23f72","0.2.0.9000","R version 4.6.1 (2026-06-24 ucrt)","Windows","g++","disabled_or_unavailable","","UNAVAILABLE","C","B-prepared-repeated","K","pectinate",5000,1,0,"prepared",6,0.0600000000000023,"PASS",0,"","",1,867020,"pectinate_5000",NA,NA
"2026-09-13 02:29:00 UTC","084e979af137355b4f976faff6e0079237f23f72","0.2.0.9000","R version 4.6.1 (2026-06-24 ucrt)","Windows","g++","disabled_or_unavailable","","UNAVAILABLE","C","A-single-trait","K","pectinate",5000,1,0,"raw",6,0.599999999999994,"PASS",0,"","",1,867020,"pectinate_5000",NA,NA
"2026-09-13 02:29:00 UTC","084e979af137355b4f976faff6e0079237f23f72","0.2.0.9000","R version 4.6.1 (2026-06-24 ucrt)","Windows","g++","disabled_or_unavailable","","UNAVAILABLE","C","A-single-trait","K","pectinate",5000,1,0,"raw",7,0.780000000000001,"PASS",0,"","",1,867020,"pectinate_5000",NA,NA
"2026-09-13 02:29:00 UTC","084e979af137355b4f976faff6e0079237f23f72","0.2.0.9000","R version 4.6.1 (2026-06-24 ucrt)","Windows","g++","disabled_or_unavailable","","UNAVAILABLE","C","B-prepared-repeated","K","pectinate",5000,1,0,"prepared",7,0.110000000000014,"PASS",0,"","",1,867020,"pectinate_5000",NA,NA
"2026-09-13 02:29:00 UTC","084e979af137355b4f976faff6e0079237f23f72","0.2.0.9000","R version 4.6.1 (2026-06-24 ucrt)","Windows","g++","disabled_or_unavailable","","UNAVAILABLE","C","B-prepared-repeated","K","pectinate",5000,1,0,"prepared",8,0.0999999999999943,"PASS",0,"","",1,867020,"pectinate_5000",NA,NA
"2026-09-13 02:29:00 UTC","084e979af137355b4f976faff6e0079237f23f72","0.2.0.9000","R version 4.6.1 (2026-06-24 ucrt)","Windows","g++","disabled_or_unavailable","","UNAVAILABLE","C","A-single-trait","K","pectinate",5000,1,0,"raw",8,0.629999999999995,"PASS",0,"","",1,867020,"pectinate_5000",NA,NA
"2026-09-13 02:29:00 UTC","084e979af137355b4f976faff6e0079237f23f72","0.2.0.9000","R version 4.6.1 (2026-06-24 ucrt)","Windows","g++","disabled_or_unavailable","","UNAVAILABLE","C","A-single-trait","K","pectinate",5000,1,0,"raw",9,0.719999999999999,"PASS",0,"","",1,867020,"pectinate_5000",NA,NA
"2026-09-13 02:29:00 UTC","084e979af137355b4f976faff6e0079237f23f72","0.2.0.9000","R version 4.6.1 (2026-06-24 ucrt)","Windows","g++","disabled_or_unavailable","","UNAVAILABLE","C","B-prepared-repeated","K","pectinate",5000,1,0,"prepared",9,0.0800000000000125,"PASS",0,"","",1,867020,"pectinate_5000",NA,NA
"2026-09-13 02:29:00 UTC","084e979af137355b4f976faff6e0079237f23f72","0.2.0.9000","R version 4.6.1 (2026-06-24 ucrt)","Windows","g++","disabled_or_unavailable","","UNAVAILABLE","C","B-prepared-repeated","K","pectinate",5000,1,0,"prepared",10,0.0699999999999932,"PASS",0,"","",1,867020,"pectinate_5000",NA,NA
"2026-09-13 02:29:00 UTC","084e979af137355b4f976faff6e0079237f23f72","0.2.0.9000","R version 4.6.1 (2026-06-24 ucrt)","Windows","g++","disabled_or_unavailable","","UNAVAILABLE","C","A-single-trait","K","pectinate",5000,1,0,"raw",10,0.629999999999995,"PASS",0,"","",1,867020,"pectinate_5000",NA,NA
"2026-09-13 02:29:00 UTC","084e979af137355b4f976faff6e0079237f23f72","0.2.0.9000","R version 4.6.1 (2026-06-24 ucrt)","Windows","g++","disabled_or_unavailable","","UNAVAILABLE","C","A-single-trait","lambda","pectinate",5000,1,0,"raw",1,0.870000000000005,"PASS",0,"","",1,867030,"pectinate_5000",NA,NA
"2026-09-13 02:29:00 UTC","084e979af137355b4f976faff6e0079237f23f72","0.2.0.9000","R version 4.6.1 (2026-06-24 ucrt)","Windows","g++","disabled_or_unavailable","","UNAVAILABLE","C","B-prepared-repeated","lambda","pectinate",5000,1,0,"prepared",1,0.299999999999983,"PASS",0,"","",1,867030,"pectinate_5000",NA,NA
"2026-09-13 02:29:00 UTC","084e979af137355b4f976faff6e0079237f23f72","0.2.0.9000","R version 4.6.1 (2026-06-24 ucrt)","Windows","g++","disabled_or_unavailable","","UNAVAILABLE","C","B-prepared-repeated","lambda","pectinate",5000,1,0,"prepared",2,0.280000000000001,"PASS",0,"","",1,867030,"pectinate_5000",NA,NA
"2026-09-13 02:29:00 UTC","084e979af137355b4f976faff6e0079237f23f72","0.2.0.9000","R version 4.6.1 (2026-06-24 ucrt)","Windows","g++","disabled_or_unavailable","","UNAVAILABLE","C","A-single-trait","lambda","pectinate",5000,1,0,"raw",2,0.830000000000013,"PASS",0,"","",1,867030,"pectinate_5000",NA,NA
"2026-09-13 02:29:00 UTC","084e979af137355b4f976faff6e0079237f23f72","0.2.0.9000","R version 4.6.1 (2026-06-24 ucrt)","Windows","g++","disabled_or_unavailable","","UNAVAILABLE","C","A-single-trait","lambda","pectinate",5000,1,0,"raw",3,0.830000000000013,"PASS",0,"","",1,867030,"pectinate_5000",NA,NA
"2026-09-13 02:29:00 UTC","084e979af137355b4f976faff6e0079237f23f72","0.2.0.9000","R version 4.6.1 (2026-06-24 ucrt)","Windows","g++","disabled_or_unavailable","","UNAVAILABLE","C","B-prepared-repeated","lambda","pectinate",5000,1,0,"prepared",3,0.309999999999974,"PASS",0,"","",1,867030,"pectinate_5000",NA,NA
"2026-09-13 02:29:00 UTC","084e979af137355b4f976faff6e0079237f23f72","0.2.0.9000","R version 4.6.1 (2026-06-24 ucrt)","Windows","g++","disabled_or_unavailable","","UNAVAILABLE","C","B-prepared-repeated","lambda","pectinate",5000,1,0,"prepared",4,0.310000000000002,"PASS",0,"","",1,867030,"pectinate_5000",NA,NA
"2026-09-13 02:29:00 UTC","084e979af137355b4f976faff6e0079237f23f72","0.2.0.9000","R version 4.6.1 (2026-06-24 ucrt)","Windows","g++","disabled_or_unavailable","","UNAVAILABLE","C","A-single-trait","lambda","pectinate",5000,1,0,"raw",4,0.920000000000016,"PASS",0,"","",1,867030,"pectinate_5000",NA,NA
"2026-09-13 02:29:00 UTC","084e979af137355b4f976faff6e0079237f23f72","0.2.0.9000","R version 4.6.1 (2026-06-24 ucrt)","Windows","g++","disabled_or_unavailable","","UNAVAILABLE","C","A-single-trait","lambda","pectinate",5000,1,0,"raw",5,0.879999999999995,"PASS",0,"","",1,867030,"pectinate_5000",NA,NA
"2026-09-13 02:29:00 UTC","084e979af137355b4f976faff6e0079237f23f72","0.2.0.9000","R version 4.6.1 (2026-06-24 ucrt)","Windows","g++","disabled_or_unavailable","","UNAVAILABLE","C","B-prepared-repeated","lambda","pectinate",5000,1,0,"prepared",5,0.280000000000001,"PASS",0,"","",1,867030,"pectinate_5000",NA,NA
"2026-09-13 02:29:00 UTC","084e979af137355b4f976faff6e0079237f23f72","0.2.0.9000","R version 4.6.1 (2026-06-24 ucrt)","Windows","g++","disabled_or_unavailable","","UNAVAILABLE","C","B-prepared-repeated","lambda","pectinate",5000,1,0,"prepared",6,0.300000000000011,"PASS",0,"","",1,867030,"pectinate_5000",NA,NA
"2026-09-13 02:29:00 UTC","084e979af137355b4f976faff6e0079237f23f72","0.2.0.9000","R version 4.6.1 (2026-06-24 ucrt)","Windows","g++","disabled_or_unavailable","","UNAVAILABLE","C","A-single-trait","lambda","pectinate",5000,1,0,"raw",6,1,"PASS",0,"","",1,867030,"pectinate_5000",NA,NA
"2026-09-13 02:29:00 UTC","084e979af137355b4f976faff6e0079237f23f72","0.2.0.9000","R version 4.6.1 (2026-06-24 ucrt)","Windows","g++","disabled_or_unavailable","","UNAVAILABLE","C","A-single-trait","lambda","pectinate",5000,1,0,"raw",7,0.740000000000009,"PASS",0,"","",1,867030,"pectinate_5000",NA,NA
"2026-09-13 02:29:00 UTC","084e979af137355b4f976faff6e0079237f23f72","0.2.0.9000","R version 4.6.1 (2026-06-24 ucrt)","Windows","g++","disabled_or_unavailable","","UNAVAILABLE","C","B-prepared-repeated","lambda","pectinate",5000,1,0,"prepared",7,0.310000000000002,"PASS",0,"","",1,867030,"pectinate_5000",NA,NA
"2026-09-13 02:29:00 UTC","084e979af137355b4f976faff6e0079237f23f72","0.2.0.9000","R version 4.6.1 (2026-06-24 ucrt)","Windows","g++","disabled_or_unavailable","","UNAVAILABLE","C","B-prepared-repeated","lambda","pectinate",5000,1,0,"prepared",8,0.280000000000001,"PASS",0,"","",1,867030,"pectinate_5000",NA,NA
"2026-09-13 02:29:00 UTC","084e979af137355b4f976faff6e0079237f23f72","0.2.0.9000","R version 4.6.1 (2026-06-24 ucrt)","Windows","g++","disabled_or_unavailable","","UNAVAILABLE","C","A-single-trait","lambda","pectinate",5000,1,0,"raw",8,0.830000000000013,"PASS",0,"","",1,867030,"pectinate_5000",NA,NA
"2026-09-13 02:29:00 UTC","084e979af137355b4f976faff6e0079237f23f72","0.2.0.9000","R version 4.6.1 (2026-06-24 ucrt)","Windows","g++","disabled_or_unavailable","","UNAVAILABLE","C","A-single-trait","lambda","pectinate",5000,1,0,"raw",9,0.759999999999991,"PASS",0,"","",1,867030,"pectinate_5000",NA,NA
"2026-09-13 02:29:00 UTC","084e979af137355b4f976faff6e0079237f23f72","0.2.0.9000","R version 4.6.1 (2026-06-24 ucrt)","Windows","g++","disabled_or_unavailable","","UNAVAILABLE","C","B-prepared-repeated","lambda","pectinate",5000,1,0,"prepared",9,0.330000000000013,"PASS",0,"","",1,867030,"pectinate_5000",NA,NA
"2026-09-13 02:29:00 UTC","084e979af137355b4f976faff6e0079237f23f72","0.2.0.9000","R version 4.6.1 (2026-06-24 ucrt)","Windows","g++","disabled_or_unavailable","","UNAVAILABLE","C","B-prepared-repeated","lambda","pectinate",5000,1,0,"prepared",10,0.29000000000002,"PASS",0,"","",1,867030,"pectinate_5000",NA,NA
"2026-09-13 02:29:00 UTC","084e979af137355b4f976faff6e0079237f23f72","0.2.0.9000","R version 4.6.1 (2026-06-24 ucrt)","Windows","g++","disabled_or_unavailable","","UNAVAILABLE","C","A-single-trait","lambda","pectinate",5000,1,0,"raw",10,0.909999999999997,"PASS",0,"","",1,867030,"pectinate_5000",NA,NA
"2026-09-13 02:29:00 UTC","084e979af137355b4f976faff6e0079237f23f72","0.2.0.9000","R version 4.6.1 (2026-06-24 ucrt)","Windows","g++","disabled_or_unavailable","","UNAVAILABLE","C","A-single-trait","fast_signal_K","pectinate",5000,1,0,"raw",1,0.530000000000001,"PASS",0,"","",1,867040,"pectinate_5000",NA,NA
"2026-09-13 02:29:00 UTC","084e979af137355b4f976faff6e0079237f23f72","0.2.0.9000","R version 4.6.1 (2026-06-24 ucrt)","Windows","g++","disabled_or_unavailable","","UNAVAILABLE","C","B-prepared-repeated","fast_signal_K","pectinate",5000,1,0,"prepared",1,0.0699999999999932,"PASS",0,"","",1,867040,"pectinate_5000",NA,NA
"2026-09-13 02:29:00 UTC","084e979af137355b4f976faff6e0079237f23f72","0.2.0.9000","R version 4.6.1 (2026-06-24 ucrt)","Windows","g++","disabled_or_unavailable","","UNAVAILABLE","C","B-prepared-repeated","fast_signal_K","pectinate",5000,1,0,"prepared",2,0.0600000000000023,"PASS",0,"","",1,867040,"pectinate_5000",NA,NA
"2026-09-13 02:29:00 UTC","084e979af137355b4f976faff6e0079237f23f72","0.2.0.9000","R version 4.6.1 (2026-06-24 ucrt)","Windows","g++","disabled_or_unavailable","","UNAVAILABLE","C","A-single-trait","fast_signal_K","pectinate",5000,1,0,"raw",2,0.560000000000002,"PASS",0,"","",1,867040,"pectinate_5000",NA,NA
"2026-09-13 02:29:00 UTC","084e979af137355b4f976faff6e0079237f23f72","0.2.0.9000","R version 4.6.1 (2026-06-24 ucrt)","Windows","g++","disabled_or_unavailable","","UNAVAILABLE","C","A-single-trait","fast_signal_K","pectinate",5000,1,0,"raw",3,0.560000000000002,"PASS",0,"","",1,867040,"pectinate_5000",NA,NA
"2026-09-13 02:29:00 UTC","084e979af137355b4f976faff6e0079237f23f72","0.2.0.9000","R version 4.6.1 (2026-06-24 ucrt)","Windows","g++","disabled_or_unavailable","","UNAVAILABLE","C","B-prepared-repeated","fast_signal_K","pectinate",5000,1,0,"prepared",3,0.0600000000000023,"PASS",0,"","",1,867040,"pectinate_5000",NA,NA
"2026-09-13 02:29:00 UTC","084e979af137355b4f976faff6e0079237f23f72","0.2.0.9000","R version 4.6.1 (2026-06-24 ucrt)","Windows","g++","disabled_or_unavailable","","UNAVAILABLE","C","B-prepared-repeated","fast_signal_K","pectinate",5000,1,0,"prepared",4,0.0600000000000023,"PASS",0,"","",1,867040,"pectinate_5000",NA,NA
"2026-09-13 02:29:00 UTC","084e979af137355b4f976faff6e0079237f23f72","0.2.0.9000","R version 4.6.1 (2026-06-24 ucrt)","Windows","g++","disabled_or_unavailable","","UNAVAILABLE","C","A-single-trait","fast_signal_K","pectinate",5000,1,0,"raw",4,0.549999999999983,"PASS",0,"","",1,867040,"pectinate_5000",NA,NA
"2026-09-13 02:29:00 UTC","084e979af137355b4f976faff6e0079237f23f72","0.2.0.9000","R version 4.6.1 (2026-06-24 ucrt)","Windows","g++","disabled_or_unavailable","","UNAVAILABLE","C","A-single-trait","fast_signal_K","pectinate",5000,1,0,"raw",5,0.560000000000002,"PASS",0,"","",1,867040,"pectinate_5000",NA,NA
"2026-09-13 02:29:00 UTC","084e979af137355b4f976faff6e0079237f23f72","0.2.0.9000","R version 4.6.1 (2026-06-24 ucrt)","Windows","g++","disabled_or_unavailable","","UNAVAILABLE","C","B-prepared-repeated","fast_signal_K","pectinate",5000,1,0,"prepared",5,0.0800000000000125,"PASS",0,"","",1,867040,"pectinate_5000",NA,NA
"2026-09-13 02:29:00 UTC","084e979af137355b4f976faff6e0079237f23f72","0.2.0.9000","R version 4.6.1 (2026-06-24 ucrt)","Windows","g++","disabled_or_unavailable","","UNAVAILABLE","C","B-prepared-repeated","fast_signal_K","pectinate",5000,1,0,"prepared",6,0.0600000000000023,"PASS",0,"","",1,867040,"pectinate_5000",NA,NA
"2026-09-13 02:29:00 UTC","084e979af137355b4f976faff6e0079237f23f72","0.2.0.9000","R version 4.6.1 (2026-06-24 ucrt)","Windows","g++","disabled_or_unavailable","","UNAVAILABLE","C","A-single-trait","fast_signal_K","pectinate",5000,1,0,"raw",6,0.609999999999985,"PASS",0,"","",1,867040,"pectinate_5000",NA,NA
"2026-09-13 02:29:00 UTC","084e979af137355b4f976faff6e0079237f23f72","0.2.0.9000","R version 4.6.1 (2026-06-24 ucrt)","Windows","g++","disabled_or_unavailable","","UNAVAILABLE","C","A-single-trait","fast_signal_K","pectinate",5000,1,0,"raw",7,0.590000000000003,"PASS",0,"","",1,867040,"pectinate_5000",NA,NA
"2026-09-13 02:29:00 UTC","084e979af137355b4f976faff6e0079237f23f72","0.2.0.9000","R version 4.6.1 (2026-06-24 ucrt)","Windows","g++","disabled_or_unavailable","","UNAVAILABLE","C","B-prepared-repeated","fast_signal_K","pectinate",5000,1,0,"prepared",7,0.0800000000000125,"PASS",0,"","",1,867040,"pectinate_5000",NA,NA
"2026-09-13 02:29:00 UTC","084e979af137355b4f976faff6e0079237f23f72","0.2.0.9000","R version 4.6.1 (2026-06-24 ucrt)","Windows","g++","disabled_or_unavailable","","UNAVAILABLE","C","B-prepared-repeated","fast_signal_K","pectinate",5000,1,0,"prepared",8,0.0600000000000023,"PASS",0,"","",1,867040,"pectinate_5000",NA,NA
"2026-09-13 02:29:00 UTC","084e979af137355b4f976faff6e0079237f23f72","0.2.0.9000","R version 4.6.1 (2026-06-24 ucrt)","Windows","g++","disabled_or_unavailable","","UNAVAILABLE","C","A-single-trait","fast_signal_K","pectinate",5000,1,0,"raw",8,0.609999999999985,"PASS",0,"","",1,867040,"pectinate_5000",NA,NA
"2026-09-13 02:29:00 UTC","084e979af137355b4f976faff6e0079237f23f72","0.2.0.9000","R version 4.6.1 (2026-06-24 ucrt)","Windows","g++","disabled_or_unavailable","","UNAVAILABLE","C","A-single-trait","fast_signal_K","pectinate",5000,1,0,"raw",9,0.77000000000001,"PASS",0,"","",1,867040,"pectinate_5000",NA,NA
"2026-09-13 02:29:00 UTC","084e979af137355b4f976faff6e0079237f23f72","0.2.0.9000","R version 4.6.1 (2026-06-24 ucrt)","Windows","g++","disabled_or_unavailable","","UNAVAILABLE","C","B-prepared-repeated","fast_signal_K","pectinate",5000,1,0,"prepared",9,0.0599999999999739,"PASS",0,"","",1,867040,"pectinate_5000",NA,NA
"2026-09-13 02:29:00 UTC","084e979af137355b4f976faff6e0079237f23f72","0.2.0.9000","R version 4.6.1 (2026-06-24 ucrt)","Windows","g++","disabled_or_unavailable","","UNAVAILABLE","C","B-prepared-repeated","fast_signal_K","pectinate",5000,1,0,"prepared",10,0.0600000000000023,"PASS",0,"","",1,867040,"pectinate_5000",NA,NA
"2026-09-13 02:29:00 UTC","084e979af137355b4f976faff6e0079237f23f72","0.2.0.9000","R version 4.6.1 (2026-06-24 ucrt)","Windows","g++","disabled_or_unavailable","","UNAVAILABLE","C","A-single-trait","fast_signal_K","pectinate",5000,1,0,"raw",10,0.550000000000011,"PASS",0,"","",1,867040,"pectinate_5000",NA,NA
"2026-09-13 02:29:00 UTC","084e979af137355b4f976faff6e0079237f23f72","0.2.0.9000","R version 4.6.1 (2026-06-24 ucrt)","Windows","g++","disabled_or_unavailable","","UNAVAILABLE","C","C-batch-matrix","K","balanced",500,8,0,"raw",1,0.0300000000000011,"PASS",0,"","",1,683028,"balanced_500",NA,NA
"2026-09-13 02:29:00 UTC","084e979af137355b4f976faff6e0079237f23f72","0.2.0.9000","R version 4.6.1 (2026-06-24 ucrt)","Windows","g++","disabled_or_unavailable","","UNAVAILABLE","C","C-batch-matrix","K","balanced",500,8,0,"prepared",1,0.0200000000000102,"PASS",0,"","",1,683028,"balanced_500",NA,NA
"2026-09-13 02:29:00 UTC","084e979af137355b4f976faff6e0079237f23f72","0.2.0.9000","R version 4.6.1 (2026-06-24 ucrt)","Windows","g++","disabled_or_unavailable","","UNAVAILABLE","C","C-batch-matrix","K","balanced",500,8,0,"prepared",2,0,"PASS",0,"","",1,683028,"balanced_500",NA,NA
"2026-09-13 02:29:00 UTC","084e979af137355b4f976faff6e0079237f23f72","0.2.0.9000","R version 4.6.1 (2026-06-24 ucrt)","Windows","g++","disabled_or_unavailable","","UNAVAILABLE","C","C-batch-matrix","K","balanced",500,8,0,"raw",2,0.0500000000000114,"PASS",0,"","",1,683028,"balanced_500",NA,NA
"2026-09-13 02:29:00 UTC","084e979af137355b4f976faff6e0079237f23f72","0.2.0.9000","R version 4.6.1 (2026-06-24 ucrt)","Windows","g++","disabled_or_unavailable","","UNAVAILABLE","C","C-batch-matrix","K","balanced",500,8,0,"raw",3,0.0600000000000023,"PASS",0,"","",1,683028,"balanced_500",NA,NA
"2026-09-13 02:29:00 UTC","084e979af137355b4f976faff6e0079237f23f72","0.2.0.9000","R version 4.6.1 (2026-06-24 ucrt)","Windows","g++","disabled_or_unavailable","","UNAVAILABLE","C","C-batch-matrix","K","balanced",500,8,0,"prepared",3,0.0199999999999818,"PASS",0,"","",1,683028,"balanced_500",NA,NA
"2026-09-13 02:29:00 UTC","084e979af137355b4f976faff6e0079237f23f72","0.2.0.9000","R version 4.6.1 (2026-06-24 ucrt)","Windows","g++","disabled_or_unavailable","","UNAVAILABLE","C","C-batch-matrix","K","balanced",500,8,0,"prepared",4,0,"PASS",0,"","",1,683028,"balanced_500",NA,NA
"2026-09-13 02:29:00 UTC","084e979af137355b4f976faff6e0079237f23f72","0.2.0.9000","R version 4.6.1 (2026-06-24 ucrt)","Windows","g++","disabled_or_unavailable","","UNAVAILABLE","C","C-batch-matrix","K","balanced",500,8,0,"raw",4,0.0600000000000023,"PASS",0,"","",1,683028,"balanced_500",NA,NA
"2026-09-13 02:29:00 UTC","084e979af137355b4f976faff6e0079237f23f72","0.2.0.9000","R version 4.6.1 (2026-06-24 ucrt)","Windows","g++","disabled_or_unavailable","","UNAVAILABLE","C","C-batch-matrix","K","balanced",500,8,0,"raw",5,0.0600000000000023,"PASS",0,"","",1,683028,"balanced_500",NA,NA
"2026-09-13 02:29:00 UTC","084e979af137355b4f976faff6e0079237f23f72","0.2.0.9000","R version 4.6.1 (2026-06-24 ucrt)","Windows","g++","disabled_or_unavailable","","UNAVAILABLE","C","C-batch-matrix","K","balanced",500,8,0,"prepared",5,0.0200000000000102,"PASS",0,"","",1,683028,"balanced_500",NA,NA
"2026-09-13 02:29:00 UTC","084e979af137355b4f976faff6e0079237f23f72","0.2.0.9000","R version 4.6.1 (2026-06-24 ucrt)","Windows","g++","disabled_or_unavailable","","UNAVAILABLE","C","C-batch-matrix","K","balanced",500,8,0,"prepared",6,0,"PASS",0,"","",1,683028,"balanced_500",NA,NA
"2026-09-13 02:29:00 UTC","084e979af137355b4f976faff6e0079237f23f72","0.2.0.9000","R version 4.6.1 (2026-06-24 ucrt)","Windows","g++","disabled_or_unavailable","","UNAVAILABLE","C","C-batch-matrix","K","balanced",500,8,0,"raw",6,0.0600000000000023,"PASS",0,"","",1,683028,"balanced_500",NA,NA
"2026-09-13 02:29:00 UTC","084e979af137355b4f976faff6e0079237f23f72","0.2.0.9000","R version 4.6.1 (2026-06-24 ucrt)","Windows","g++","disabled_or_unavailable","","UNAVAILABLE","C","C-batch-matrix","K","balanced",500,8,0,"raw",7,0.0600000000000023,"PASS",0,"","",1,683028,"balanced_500",NA,NA
"2026-09-13 02:29:00 UTC","084e979af137355b4f976faff6e0079237f23f72","0.2.0.9000","R version 4.6.1 (2026-06-24 ucrt)","Windows","g++","disabled_or_unavailable","","UNAVAILABLE","C","C-batch-matrix","K","balanced",500,8,0,"prepared",7,0,"PASS",0,"","",1,683028,"balanced_500",NA,NA
"2026-09-13 02:29:00 UTC","084e979af137355b4f976faff6e0079237f23f72","0.2.0.9000","R version 4.6.1 (2026-06-24 ucrt)","Windows","g++","disabled_or_unavailable","","UNAVAILABLE","C","C-batch-matrix","K","balanced",500,8,0,"prepared",8,0.0199999999999818,"PASS",0,"","",1,683028,"balanced_500",NA,NA
"2026-09-13 02:29:00 UTC","084e979af137355b4f976faff6e0079237f23f72","0.2.0.9000","R version 4.6.1 (2026-06-24 ucrt)","Windows","g++","disabled_or_unavailable","","UNAVAILABLE","C","C-batch-matrix","K","balanced",500,8,0,"raw",8,0.0600000000000023,"PASS",0,"","",1,683028,"balanced_500",NA,NA
"2026-09-13 02:29:00 UTC","084e979af137355b4f976faff6e0079237f23f72","0.2.0.9000","R version 4.6.1 (2026-06-24 ucrt)","Windows","g++","disabled_or_unavailable","","UNAVAILABLE","C","C-batch-matrix","K","balanced",500,8,0,"raw",9,0.0600000000000023,"PASS",0,"","",1,683028,"balanced_500",NA,NA
"2026-09-13 02:29:00 UTC","084e979af137355b4f976faff6e0079237f23f72","0.2.0.9000","R version 4.6.1 (2026-06-24 ucrt)","Windows","g++","disabled_or_unavailable","","UNAVAILABLE","C","C-batch-matrix","K","balanced",500,8,0,"prepared",9,0,"PASS",0,"","",1,683028,"balanced_500",NA,NA
"2026-09-13 02:29:00 UTC","084e979af137355b4f976faff6e0079237f23f72","0.2.0.9000","R version 4.6.1 (2026-06-24 ucrt)","Windows","g++","disabled_or_unavailable","","UNAVAILABLE","C","C-batch-matrix","K","balanced",500,8,0,"prepared",10,0,"PASS",0,"","",1,683028,"balanced_500",NA,NA
"2026-09-13 02:29:00 UTC","084e979af137355b4f976faff6e0079237f23f72","0.2.0.9000","R version 4.6.1 (2026-06-24 ucrt)","Windows","g++","disabled_or_unavailable","","UNAVAILABLE","C","C-batch-matrix","K","balanced",500,8,0,"raw",10,0.0600000000000023,"PASS",0,"","",1,683028,"balanced_500",NA,NA
"2026-09-13 02:29:00 UTC","084e979af137355b4f976faff6e0079237f23f72","0.2.0.9000","R version 4.6.1 (2026-06-24 ucrt)","Windows","g++","disabled_or_unavailable","","UNAVAILABLE","C","C-batch-matrix","fast_signal_K","balanced",500,8,0,"raw",1,0.0499999999999829,"PASS",0,"","",1,683029,"balanced_500",NA,NA
"2026-09-13 02:29:00 UTC","084e979af137355b4f976faff6e0079237f23f72","0.2.0.9000","R version 4.6.1 (2026-06-24 ucrt)","Windows","g++","disabled_or_unavailable","","UNAVAILABLE","C","C-batch-matrix","fast_signal_K","balanced",500,8,0,"prepared",1,0.0200000000000102,"PASS",0,"","",1,683029,"balanced_500",NA,NA
"2026-09-13 02:29:00 UTC","084e979af137355b4f976faff6e0079237f23f72","0.2.0.9000","R version 4.6.1 (2026-06-24 ucrt)","Windows","g++","disabled_or_unavailable","","UNAVAILABLE","C","C-batch-matrix","fast_signal_K","balanced",500,8,0,"prepared",2,0.00999999999999091,"PASS",0,"","",1,683029,"balanced_500",NA,NA
"2026-09-13 02:29:00 UTC","084e979af137355b4f976faff6e0079237f23f72","0.2.0.9000","R version 4.6.1 (2026-06-24 ucrt)","Windows","g++","disabled_or_unavailable","","UNAVAILABLE","C","C-batch-matrix","fast_signal_K","balanced",500,8,0,"raw",2,0.0500000000000114,"PASS",0,"","",1,683029,"balanced_500",NA,NA
"2026-09-13 02:29:00 UTC","084e979af137355b4f976faff6e0079237f23f72","0.2.0.9000","R version 4.6.1 (2026-06-24 ucrt)","Windows","g++","disabled_or_unavailable","","UNAVAILABLE","C","C-batch-matrix","fast_signal_K","balanced",500,8,0,"raw",3,0.0500000000000114,"PASS",0,"","",1,683029,"balanced_500",NA,NA
"2026-09-13 02:29:00 UTC","084e979af137355b4f976faff6e0079237f23f72","0.2.0.9000","R version 4.6.1 (2026-06-24 ucrt)","Windows","g++","disabled_or_unavailable","","UNAVAILABLE","C","C-batch-matrix","fast_signal_K","balanced",500,8,0,"prepared",3,0,"PASS",0,"","",1,683029,"balanced_500",NA,NA
"2026-09-13 02:29:00 UTC","084e979af137355b4f976faff6e0079237f23f72","0.2.0.9000","R version 4.6.1 (2026-06-24 ucrt)","Windows","g++","disabled_or_unavailable","","UNAVAILABLE","C","C-batch-matrix","fast_signal_K","balanced",500,8,0,"prepared",4,0.0100000000000193,"PASS",0,"","",1,683029,"balanced_500",NA,NA
"2026-09-13 02:29:00 UTC","084e979af137355b4f976faff6e0079237f23f72","0.2.0.9000","R version 4.6.1 (2026-06-24 ucrt)","Windows","g++","disabled_or_unavailable","","UNAVAILABLE","C","C-batch-matrix","fast_signal_K","balanced",500,8,0,"raw",4,0.0600000000000023,"PASS",0,"","",1,683029,"balanced_500",NA,NA
"2026-09-13 02:29:00 UTC","084e979af137355b4f976faff6e0079237f23f72","0.2.0.9000","R version 4.6.1 (2026-06-24 ucrt)","Windows","g++","disabled_or_unavailable","","UNAVAILABLE","C","C-batch-matrix","fast_signal_K","balanced",500,8,0,"raw",5,0.0499999999999829,"PASS",0,"","",1,683029,"balanced_500",NA,NA
"2026-09-13 02:29:00 UTC","084e979af137355b4f976faff6e0079237f23f72","0.2.0.9000","R version 4.6.1 (2026-06-24 ucrt)","Windows","g++","disabled_or_unavailable","","UNAVAILABLE","C","C-batch-matrix","fast_signal_K","balanced",500,8,0,"prepared",5,0.0200000000000102,"PASS",0,"","",1,683029,"balanced_500",NA,NA
"2026-09-13 02:29:00 UTC","084e979af137355b4f976faff6e0079237f23f72","0.2.0.9000","R version 4.6.1 (2026-06-24 ucrt)","Windows","g++","disabled_or_unavailable","","UNAVAILABLE","C","C-batch-matrix","fast_signal_K","balanced",500,8,0,"prepared",6,0,"PASS",0,"","",1,683029,"balanced_500",NA,NA
"2026-09-13 02:29:00 UTC","084e979af137355b4f976faff6e0079237f23f72","0.2.0.9000","R version 4.6.1 (2026-06-24 ucrt)","Windows","g++","disabled_or_unavailable","","UNAVAILABLE","C","C-batch-matrix","fast_signal_K","balanced",500,8,0,"raw",6,0.0700000000000216,"PASS",0,"","",1,683029,"balanced_500",NA,NA
"2026-09-13 02:29:00 UTC","084e979af137355b4f976faff6e0079237f23f72","0.2.0.9000","R version 4.6.1 (2026-06-24 ucrt)","Windows","g++","disabled_or_unavailable","","UNAVAILABLE","C","C-batch-matrix","fast_signal_K","balanced",500,8,0,"raw",7,0.039999999999992,"PASS",0,"","",1,683029,"balanced_500",NA,NA
"2026-09-13 02:29:00 UTC","084e979af137355b4f976faff6e0079237f23f72","0.2.0.9000","R version 4.6.1 (2026-06-24 ucrt)","Windows","g++","disabled_or_unavailable","","UNAVAILABLE","C","C-batch-matrix","fast_signal_K","balanced",500,8,0,"prepared",7,0.0199999999999818,"PASS",0,"","",1,683029,"balanced_500",NA,NA
"2026-09-13 02:29:00 UTC","084e979af137355b4f976faff6e0079237f23f72","0.2.0.9000","R version 4.6.1 (2026-06-24 ucrt)","Windows","g++","disabled_or_unavailable","","UNAVAILABLE","C","C-batch-matrix","fast_signal_K","balanced",500,8,0,"prepared",8,0.0100000000000193,"PASS",0,"","",1,683029,"balanced_500",NA,NA
"2026-09-13 02:29:00 UTC","084e979af137355b4f976faff6e0079237f23f72","0.2.0.9000","R version 4.6.1 (2026-06-24 ucrt)","Windows","g++","disabled_or_unavailable","","UNAVAILABLE","C","C-batch-matrix","fast_signal_K","balanced",500,8,0,"raw",8,0.0699999999999932,"PASS",0,"","",1,683029,"balanced_500",NA,NA
"2026-09-13 02:29:00 UTC","084e979af137355b4f976faff6e0079237f23f72","0.2.0.9000","R version 4.6.1 (2026-06-24 ucrt)","Windows","g++","disabled_or_unavailable","","UNAVAILABLE","C","C-batch-matrix","fast_signal_K","balanced",500,8,0,"raw",9,0.0600000000000023,"PASS",0,"","",1,683029,"balanced_500",NA,NA
"2026-09-13 02:29:00 UTC","084e979af137355b4f976faff6e0079237f23f72","0.2.0.9000","R version 4.6.1 (2026-06-24 ucrt)","Windows","g++","disabled_or_unavailable","","UNAVAILABLE","C","C-batch-matrix","fast_signal_K","balanced",500,8,0,"prepared",9,0,"PASS",0,"","",1,683029,"balanced_500",NA,NA
"2026-09-13 02:29:00 UTC","084e979af137355b4f976faff6e0079237f23f72","0.2.0.9000","R version 4.6.1 (2026-06-24 ucrt)","Windows","g++","disabled_or_unavailable","","UNAVAILABLE","C","C-batch-matrix","fast_signal_K","balanced",500,8,0,"prepared",10,0,"PASS",0,"","",1,683029,"balanced_500",NA,NA
"2026-09-13 02:29:00 UTC","084e979af137355b4f976faff6e0079237f23f72","0.2.0.9000","R version 4.6.1 (2026-06-24 ucrt)","Windows","g++","disabled_or_unavailable","","UNAVAILABLE","C","C-batch-matrix","fast_signal_K","balanced",500,8,0,"raw",10,0.0699999999999932,"PASS",0,"","",1,683029,"balanced_500",NA,NA
"2026-09-13 02:29:00 UTC","084e979af137355b4f976faff6e0079237f23f72","0.2.0.9000","R version 4.6.1 (2026-06-24 ucrt)","Windows","g++","disabled_or_unavailable","","UNAVAILABLE","C","C-batch-matrix","K","balanced",500,32,0,"raw",1,0.0500000000000114,"PASS",0,"","",1,683052,"balanced_500",NA,NA
"2026-09-13 02:29:00 UTC","084e979af137355b4f976faff6e0079237f23f72","0.2.0.9000","R version 4.6.1 (2026-06-24 ucrt)","Windows","g++","disabled_or_unavailable","","UNAVAILABLE","C","C-batch-matrix","K","balanced",500,32,0,"prepared",1,0.00999999999999091,"PASS",0,"","",1,683052,"balanced_500",NA,NA
"2026-09-13 02:29:00 UTC","084e979af137355b4f976faff6e0079237f23f72","0.2.0.9000","R version 4.6.1 (2026-06-24 ucrt)","Windows","g++","disabled_or_unavailable","","UNAVAILABLE","C","C-batch-matrix","K","balanced",500,32,0,"prepared",2,0.0200000000000102,"PASS",0,"","",1,683052,"balanced_500",NA,NA
"2026-09-13 02:29:00 UTC","084e979af137355b4f976faff6e0079237f23f72","0.2.0.9000","R version 4.6.1 (2026-06-24 ucrt)","Windows","g++","disabled_or_unavailable","","UNAVAILABLE","C","C-batch-matrix","K","balanced",500,32,0,"raw",2,0.0600000000000023,"PASS",0,"","",1,683052,"balanced_500",NA,NA
"2026-09-13 02:29:00 UTC","084e979af137355b4f976faff6e0079237f23f72","0.2.0.9000","R version 4.6.1 (2026-06-24 ucrt)","Windows","g++","disabled_or_unavailable","","UNAVAILABLE","C","C-batch-matrix","K","balanced",500,32,0,"raw",3,0.0600000000000023,"PASS",0,"","",1,683052,"balanced_500",NA,NA
"2026-09-13 02:29:00 UTC","084e979af137355b4f976faff6e0079237f23f72","0.2.0.9000","R version 4.6.1 (2026-06-24 ucrt)","Windows","g++","disabled_or_unavailable","","UNAVAILABLE","C","C-batch-matrix","K","balanced",500,32,0,"prepared",3,0.0199999999999818,"PASS",0,"","",1,683052,"balanced_500",NA,NA
"2026-09-13 02:29:00 UTC","084e979af137355b4f976faff6e0079237f23f72","0.2.0.9000","R version 4.6.1 (2026-06-24 ucrt)","Windows","g++","disabled_or_unavailable","","UNAVAILABLE","C","C-batch-matrix","K","balanced",500,32,0,"prepared",4,0.0100000000000193,"PASS",0,"","",1,683052,"balanced_500",NA,NA
"2026-09-13 02:29:00 UTC","084e979af137355b4f976faff6e0079237f23f72","0.2.0.9000","R version 4.6.1 (2026-06-24 ucrt)","Windows","g++","disabled_or_unavailable","","UNAVAILABLE","C","C-batch-matrix","K","balanced",500,32,0,"raw",4,0.0699999999999932,"PASS",0,"","",1,683052,"balanced_500",NA,NA
"2026-09-13 02:29:00 UTC","084e979af137355b4f976faff6e0079237f23f72","0.2.0.9000","R version 4.6.1 (2026-06-24 ucrt)","Windows","g++","disabled_or_unavailable","","UNAVAILABLE","C","C-batch-matrix","K","balanced",500,32,0,"raw",5,0.039999999999992,"PASS",0,"","",1,683052,"balanced_500",NA,NA
"2026-09-13 02:29:00 UTC","084e979af137355b4f976faff6e0079237f23f72","0.2.0.9000","R version 4.6.1 (2026-06-24 ucrt)","Windows","g++","disabled_or_unavailable","","UNAVAILABLE","C","C-batch-matrix","K","balanced",500,32,0,"prepared",5,0.0200000000000102,"PASS",0,"","",1,683052,"balanced_500",NA,NA
"2026-09-13 02:29:00 UTC","084e979af137355b4f976faff6e0079237f23f72","0.2.0.9000","R version 4.6.1 (2026-06-24 ucrt)","Windows","g++","disabled_or_unavailable","","UNAVAILABLE","C","C-batch-matrix","K","balanced",500,32,0,"prepared",6,0.00999999999999091,"PASS",0,"","",1,683052,"balanced_500",NA,NA
"2026-09-13 02:29:00 UTC","084e979af137355b4f976faff6e0079237f23f72","0.2.0.9000","R version 4.6.1 (2026-06-24 ucrt)","Windows","g++","disabled_or_unavailable","","UNAVAILABLE","C","C-batch-matrix","K","balanced",500,32,0,"raw",6,0.0699999999999932,"PASS",0,"","",1,683052,"balanced_500",NA,NA
"2026-09-13 02:29:00 UTC","084e979af137355b4f976faff6e0079237f23f72","0.2.0.9000","R version 4.6.1 (2026-06-24 ucrt)","Windows","g++","disabled_or_unavailable","","UNAVAILABLE","C","C-batch-matrix","K","balanced",500,32,0,"raw",7,0.0400000000000205,"PASS",0,"","",1,683052,"balanced_500",NA,NA
"2026-09-13 02:29:00 UTC","084e979af137355b4f976faff6e0079237f23f72","0.2.0.9000","R version 4.6.1 (2026-06-24 ucrt)","Windows","g++","disabled_or_unavailable","","UNAVAILABLE","C","C-batch-matrix","K","balanced",500,32,0,"prepared",7,0,"PASS",0,"","",1,683052,"balanced_500",NA,NA
"2026-09-13 02:29:00 UTC","084e979af137355b4f976faff6e0079237f23f72","0.2.0.9000","R version 4.6.1 (2026-06-24 ucrt)","Windows","g++","disabled_or_unavailable","","UNAVAILABLE","C","C-batch-matrix","K","balanced",500,32,0,"prepared",8,0,"PASS",0,"","",1,683052,"balanced_500",NA,NA
"2026-09-13 02:29:00 UTC","084e979af137355b4f976faff6e0079237f23f72","0.2.0.9000","R version 4.6.1 (2026-06-24 ucrt)","Windows","g++","disabled_or_unavailable","","UNAVAILABLE","C","C-batch-matrix","K","balanced",500,32,0,"raw",8,0.0699999999999932,"PASS",0,"","",1,683052,"balanced_500",NA,NA
"2026-09-13 02:29:00 UTC","084e979af137355b4f976faff6e0079237f23f72","0.2.0.9000","R version 4.6.1 (2026-06-24 ucrt)","Windows","g++","disabled_or_unavailable","","UNAVAILABLE","C","C-batch-matrix","K","balanced",500,32,0,"raw",9,0.0600000000000023,"PASS",0,"","",1,683052,"balanced_500",NA,NA
"2026-09-13 02:29:00 UTC","084e979af137355b4f976faff6e0079237f23f72","0.2.0.9000","R version 4.6.1 (2026-06-24 ucrt)","Windows","g++","disabled_or_unavailable","","UNAVAILABLE","C","C-batch-matrix","K","balanced",500,32,0,"prepared",9,0.0200000000000102,"PASS",0,"","",1,683052,"balanced_500",NA,NA
"2026-09-13 02:29:00 UTC","084e979af137355b4f976faff6e0079237f23f72","0.2.0.9000","R version 4.6.1 (2026-06-24 ucrt)","Windows","g++","disabled_or_unavailable","","UNAVAILABLE","C","C-batch-matrix","K","balanced",500,32,0,"prepared",10,0.00999999999999091,"PASS",0,"","",1,683052,"balanced_500",NA,NA
"2026-09-13 02:29:00 UTC","084e979af137355b4f976faff6e0079237f23f72","0.2.0.9000","R version 4.6.1 (2026-06-24 ucrt)","Windows","g++","disabled_or_unavailable","","UNAVAILABLE","C","C-batch-matrix","K","balanced",500,32,0,"raw",10,0.199999999999989,"PASS",0,"","",1,683052,"balanced_500",NA,NA
"2026-09-13 02:29:00 UTC","084e979af137355b4f976faff6e0079237f23f72","0.2.0.9000","R version 4.6.1 (2026-06-24 ucrt)","Windows","g++","disabled_or_unavailable","","UNAVAILABLE","C","C-batch-matrix","fast_signal_K","balanced",500,32,0,"raw",1,0.0499999999999829,"PASS",0,"","",1,683053,"balanced_500",NA,NA
"2026-09-13 02:29:00 UTC","084e979af137355b4f976faff6e0079237f23f72","0.2.0.9000","R version 4.6.1 (2026-06-24 ucrt)","Windows","g++","disabled_or_unavailable","","UNAVAILABLE","C","C-batch-matrix","fast_signal_K","balanced",500,32,0,"prepared",1,0.0100000000000193,"PASS",0,"","",1,683053,"balanced_500",NA,NA
"2026-09-13 02:29:00 UTC","084e979af137355b4f976faff6e0079237f23f72","0.2.0.9000","R version 4.6.1 (2026-06-24 ucrt)","Windows","g++","disabled_or_unavailable","","UNAVAILABLE","C","C-batch-matrix","fast_signal_K","balanced",500,32,0,"prepared",2,0.0199999999999818,"PASS",0,"","",1,683053,"balanced_500",NA,NA
"2026-09-13 02:29:00 UTC","084e979af137355b4f976faff6e0079237f23f72","0.2.0.9000","R version 4.6.1 (2026-06-24 ucrt)","Windows","g++","disabled_or_unavailable","","UNAVAILABLE","C","C-batch-matrix","fast_signal_K","balanced",500,32,0,"raw",2,0.0300000000000011,"PASS",0,"","",1,683053,"balanced_500",NA,NA
"2026-09-13 02:29:00 UTC","084e979af137355b4f976faff6e0079237f23f72","0.2.0.9000","R version 4.6.1 (2026-06-24 ucrt)","Windows","g++","disabled_or_unavailable","","UNAVAILABLE","C","C-batch-matrix","fast_signal_K","balanced",500,32,0,"raw",3,0.0500000000000114,"PASS",0,"","",1,683053,"balanced_500",NA,NA
"2026-09-13 02:29:00 UTC","084e979af137355b4f976faff6e0079237f23f72","0.2.0.9000","R version 4.6.1 (2026-06-24 ucrt)","Windows","g++","disabled_or_unavailable","","UNAVAILABLE","C","C-batch-matrix","fast_signal_K","balanced",500,32,0,"prepared",3,0.0200000000000102,"PASS",0,"","",1,683053,"balanced_500",NA,NA
"2026-09-13 02:29:00 UTC","084e979af137355b4f976faff6e0079237f23f72","0.2.0.9000","R version 4.6.1 (2026-06-24 ucrt)","Windows","g++","disabled_or_unavailable","","UNAVAILABLE","C","C-batch-matrix","fast_signal_K","balanced",500,32,0,"prepared",4,0.00999999999999091,"PASS",0,"","",1,683053,"balanced_500",NA,NA
"2026-09-13 02:29:00 UTC","084e979af137355b4f976faff6e0079237f23f72","0.2.0.9000","R version 4.6.1 (2026-06-24 ucrt)","Windows","g++","disabled_or_unavailable","","UNAVAILABLE","C","C-batch-matrix","fast_signal_K","balanced",500,32,0,"raw",4,0.0600000000000023,"PASS",0,"","",1,683053,"balanced_500",NA,NA
"2026-09-13 02:29:00 UTC","084e979af137355b4f976faff6e0079237f23f72","0.2.0.9000","R version 4.6.1 (2026-06-24 ucrt)","Windows","g++","disabled_or_unavailable","","UNAVAILABLE","C","C-batch-matrix","fast_signal_K","balanced",500,32,0,"raw",5,0.0699999999999932,"PASS",0,"","",1,683053,"balanced_500",NA,NA
"2026-09-13 02:29:00 UTC","084e979af137355b4f976faff6e0079237f23f72","0.2.0.9000","R version 4.6.1 (2026-06-24 ucrt)","Windows","g++","disabled_or_unavailable","","UNAVAILABLE","C","C-batch-matrix","fast_signal_K","balanced",500,32,0,"prepared",5,0,"PASS",0,"","",1,683053,"balanced_500",NA,NA
"2026-09-13 02:29:00 UTC","084e979af137355b4f976faff6e0079237f23f72","0.2.0.9000","R version 4.6.1 (2026-06-24 ucrt)","Windows","g++","disabled_or_unavailable","","UNAVAILABLE","C","C-batch-matrix","fast_signal_K","balanced",500,32,0,"prepared",6,0.0200000000000102,"PASS",0,"","",1,683053,"balanced_500",NA,NA
"2026-09-13 02:29:00 UTC","084e979af137355b4f976faff6e0079237f23f72","0.2.0.9000","R version 4.6.1 (2026-06-24 ucrt)","Windows","g++","disabled_or_unavailable","","UNAVAILABLE","C","C-batch-matrix","fast_signal_K","balanced",500,32,0,"raw",6,0.039999999999992,"PASS",0,"","",1,683053,"balanced_500",NA,NA
"2026-09-13 02:29:00 UTC","084e979af137355b4f976faff6e0079237f23f72","0.2.0.9000","R version 4.6.1 (2026-06-24 ucrt)","Windows","g++","disabled_or_unavailable","","UNAVAILABLE","C","C-batch-matrix","fast_signal_K","balanced",500,32,0,"raw",7,0.0699999999999932,"PASS",0,"","",1,683053,"balanced_500",NA,NA
"2026-09-13 02:29:00 UTC","084e979af137355b4f976faff6e0079237f23f72","0.2.0.9000","R version 4.6.1 (2026-06-24 ucrt)","Windows","g++","disabled_or_unavailable","","UNAVAILABLE","C","C-batch-matrix","fast_signal_K","balanced",500,32,0,"prepared",7,0.0100000000000193,"PASS",0,"","",1,683053,"balanced_500",NA,NA
"2026-09-13 02:29:00 UTC","084e979af137355b4f976faff6e0079237f23f72","0.2.0.9000","R version 4.6.1 (2026-06-24 ucrt)","Windows","g++","disabled_or_unavailable","","UNAVAILABLE","C","C-batch-matrix","fast_signal_K","balanced",500,32,0,"prepared",8,0.0199999999999818,"PASS",0,"","",1,683053,"balanced_500",NA,NA
"2026-09-13 02:29:00 UTC","084e979af137355b4f976faff6e0079237f23f72","0.2.0.9000","R version 4.6.1 (2026-06-24 ucrt)","Windows","g++","disabled_or_unavailable","","UNAVAILABLE","C","C-batch-matrix","fast_signal_K","balanced",500,32,0,"raw",8,0.0400000000000205,"PASS",0,"","",1,683053,"balanced_500",NA,NA
"2026-09-13 02:29:00 UTC","084e979af137355b4f976faff6e0079237f23f72","0.2.0.9000","R version 4.6.1 (2026-06-24 ucrt)","Windows","g++","disabled_or_unavailable","","UNAVAILABLE","C","C-batch-matrix","fast_signal_K","balanced",500,32,0,"raw",9,0.0699999999999932,"PASS",0,"","",1,683053,"balanced_500",NA,NA
"2026-09-13 02:29:00 UTC","084e979af137355b4f976faff6e0079237f23f72","0.2.0.9000","R version 4.6.1 (2026-06-24 ucrt)","Windows","g++","disabled_or_unavailable","","UNAVAILABLE","C","C-batch-matrix","fast_signal_K","balanced",500,32,0,"prepared",9,0.00999999999999091,"PASS",0,"","",1,683053,"balanced_500",NA,NA
"2026-09-13 02:29:00 UTC","084e979af137355b4f976faff6e0079237f23f72","0.2.0.9000","R version 4.6.1 (2026-06-24 ucrt)","Windows","g++","disabled_or_unavailable","","UNAVAILABLE","C","C-batch-matrix","fast_signal_K","balanced",500,32,0,"prepared",10,0.0200000000000102,"PASS",0,"","",1,683053,"balanced_500",NA,NA
"2026-09-13 02:29:00 UTC","084e979af137355b4f976faff6e0079237f23f72","0.2.0.9000","R version 4.6.1 (2026-06-24 ucrt)","Windows","g++","disabled_or_unavailable","","UNAVAILABLE","C","C-batch-matrix","fast_signal_K","balanced",500,32,0,"raw",10,0.0600000000000023,"PASS",0,"","",1,683053,"balanced_500",NA,NA
"2026-09-13 02:29:00 UTC","084e979af137355b4f976faff6e0079237f23f72","0.2.0.9000","R version 4.6.1 (2026-06-24 ucrt)","Windows","g++","disabled_or_unavailable","","UNAVAILABLE","C","C-batch-matrix","K","balanced",500,100,0,"raw",1,0.0600000000000023,"PASS",0,"","",1,683120,"balanced_500",NA,NA
"2026-09-13 02:29:00 UTC","084e979af137355b4f976faff6e0079237f23f72","0.2.0.9000","R version 4.6.1 (2026-06-24 ucrt)","Windows","g++","disabled_or_unavailable","","UNAVAILABLE","C","C-batch-matrix","K","balanced",500,100,0,"prepared",1,0.0200000000000102,"PASS",0,"","",1,683120,"balanced_500",NA,NA
"2026-09-13 02:29:00 UTC","084e979af137355b4f976faff6e0079237f23f72","0.2.0.9000","R version 4.6.1 (2026-06-24 ucrt)","Windows","g++","disabled_or_unavailable","","UNAVAILABLE","C","C-batch-matrix","K","balanced",500,100,0,"prepared",2,0.0300000000000011,"PASS",0,"","",1,683120,"balanced_500",NA,NA
"2026-09-13 02:29:00 UTC","084e979af137355b4f976faff6e0079237f23f72","0.2.0.9000","R version 4.6.1 (2026-06-24 ucrt)","Windows","g++","disabled_or_unavailable","","UNAVAILABLE","C","C-batch-matrix","K","balanced",500,100,0,"raw",2,0.0500000000000114,"PASS",0,"","",1,683120,"balanced_500",NA,NA
"2026-09-13 02:29:00 UTC","084e979af137355b4f976faff6e0079237f23f72","0.2.0.9000","R version 4.6.1 (2026-06-24 ucrt)","Windows","g++","disabled_or_unavailable","","UNAVAILABLE","C","C-batch-matrix","K","balanced",500,100,0,"raw",3,0.0600000000000023,"PASS",0,"","",1,683120,"balanced_500",NA,NA
"2026-09-13 02:29:00 UTC","084e979af137355b4f976faff6e0079237f23f72","0.2.0.9000","R version 4.6.1 (2026-06-24 ucrt)","Windows","g++","disabled_or_unavailable","","UNAVAILABLE","C","C-batch-matrix","K","balanced",500,100,0,"prepared",3,0.0199999999999818,"PASS",0,"","",1,683120,"balanced_500",NA,NA
"2026-09-13 02:29:00 UTC","084e979af137355b4f976faff6e0079237f23f72","0.2.0.9000","R version 4.6.1 (2026-06-24 ucrt)","Windows","g++","disabled_or_unavailable","","UNAVAILABLE","C","C-batch-matrix","K","balanced",500,100,0,"prepared",4,0.0199999999999818,"PASS",0,"","",1,683120,"balanced_500",NA,NA
"2026-09-13 02:29:00 UTC","084e979af137355b4f976faff6e0079237f23f72","0.2.0.9000","R version 4.6.1 (2026-06-24 ucrt)","Windows","g++","disabled_or_unavailable","","UNAVAILABLE","C","C-batch-matrix","K","balanced",500,100,0,"raw",4,0.0800000000000125,"PASS",0,"","",1,683120,"balanced_500",NA,NA
"2026-09-13 02:29:00 UTC","084e979af137355b4f976faff6e0079237f23f72","0.2.0.9000","R version 4.6.1 (2026-06-24 ucrt)","Windows","g++","disabled_or_unavailable","","UNAVAILABLE","C","C-batch-matrix","K","balanced",500,100,0,"raw",5,0.0500000000000114,"PASS",0,"","",1,683120,"balanced_500",NA,NA
"2026-09-13 02:29:00 UTC","084e979af137355b4f976faff6e0079237f23f72","0.2.0.9000","R version 4.6.1 (2026-06-24 ucrt)","Windows","g++","disabled_or_unavailable","","UNAVAILABLE","C","C-batch-matrix","K","balanced",500,100,0,"prepared",5,0.0199999999999818,"PASS",0,"","",1,683120,"balanced_500",NA,NA
"2026-09-13 02:29:00 UTC","084e979af137355b4f976faff6e0079237f23f72","0.2.0.9000","R version 4.6.1 (2026-06-24 ucrt)","Windows","g++","disabled_or_unavailable","","UNAVAILABLE","C","C-batch-matrix","K","balanced",500,100,0,"prepared",6,0.0300000000000011,"PASS",0,"","",1,683120,"balanced_500",NA,NA
"2026-09-13 02:29:00 UTC","084e979af137355b4f976faff6e0079237f23f72","0.2.0.9000","R version 4.6.1 (2026-06-24 ucrt)","Windows","g++","disabled_or_unavailable","","UNAVAILABLE","C","C-batch-matrix","K","balanced",500,100,0,"raw",6,0.0600000000000023,"PASS",0,"","",1,683120,"balanced_500",NA,NA
"2026-09-13 02:29:00 UTC","084e979af137355b4f976faff6e0079237f23f72","0.2.0.9000","R version 4.6.1 (2026-06-24 ucrt)","Windows","g++","disabled_or_unavailable","","UNAVAILABLE","C","C-batch-matrix","K","balanced",500,100,0,"raw",7,0.0500000000000114,"PASS",0,"","",1,683120,"balanced_500",NA,NA
"2026-09-13 02:29:00 UTC","084e979af137355b4f976faff6e0079237f23f72","0.2.0.9000","R version 4.6.1 (2026-06-24 ucrt)","Windows","g++","disabled_or_unavailable","","UNAVAILABLE","C","C-batch-matrix","K","balanced",500,100,0,"prepared",7,0.0300000000000011,"PASS",0,"","",1,683120,"balanced_500",NA,NA
"2026-09-13 02:29:00 UTC","084e979af137355b4f976faff6e0079237f23f72","0.2.0.9000","R version 4.6.1 (2026-06-24 ucrt)","Windows","g++","disabled_or_unavailable","","UNAVAILABLE","C","C-batch-matrix","K","balanced",500,100,0,"prepared",8,0.00999999999999091,"PASS",0,"","",1,683120,"balanced_500",NA,NA
"2026-09-13 02:29:00 UTC","084e979af137355b4f976faff6e0079237f23f72","0.2.0.9000","R version 4.6.1 (2026-06-24 ucrt)","Windows","g++","disabled_or_unavailable","","UNAVAILABLE","C","C-batch-matrix","K","balanced",500,100,0,"raw",8,0.0499999999999829,"PASS",0,"","",1,683120,"balanced_500",NA,NA
"2026-09-13 02:29:00 UTC","084e979af137355b4f976faff6e0079237f23f72","0.2.0.9000","R version 4.6.1 (2026-06-24 ucrt)","Windows","g++","disabled_or_unavailable","","UNAVAILABLE","C","C-batch-matrix","K","balanced",500,100,0,"raw",9,0.0600000000000023,"PASS",0,"","",1,683120,"balanced_500",NA,NA
"2026-09-13 02:29:00 UTC","084e979af137355b4f976faff6e0079237f23f72","0.2.0.9000","R version 4.6.1 (2026-06-24 ucrt)","Windows","g++","disabled_or_unavailable","","UNAVAILABLE","C","C-batch-matrix","K","balanced",500,100,0,"prepared",9,0.0300000000000011,"PASS",0,"","",1,683120,"balanced_500",NA,NA
"2026-09-13 02:29:00 UTC","084e979af137355b4f976faff6e0079237f23f72","0.2.0.9000","R version 4.6.1 (2026-06-24 ucrt)","Windows","g++","disabled_or_unavailable","","UNAVAILABLE","C","C-batch-matrix","K","balanced",500,100,0,"prepared",10,0.0200000000000102,"PASS",0,"","",1,683120,"balanced_500",NA,NA
"2026-09-13 02:29:00 UTC","084e979af137355b4f976faff6e0079237f23f72","0.2.0.9000","R version 4.6.1 (2026-06-24 ucrt)","Windows","g++","disabled_or_unavailable","","UNAVAILABLE","C","C-batch-matrix","K","balanced",500,100,0,"raw",10,0.0600000000000023,"PASS",0,"","",1,683120,"balanced_500",NA,NA
"2026-09-13 02:29:00 UTC","084e979af137355b4f976faff6e0079237f23f72","0.2.0.9000","R version 4.6.1 (2026-06-24 ucrt)","Windows","g++","disabled_or_unavailable","","UNAVAILABLE","C","C-batch-matrix","fast_signal_K","balanced",500,100,0,"raw",1,0.0600000000000023,"PASS",0,"","",1,683121,"balanced_500",NA,NA
"2026-09-13 02:29:00 UTC","084e979af137355b4f976faff6e0079237f23f72","0.2.0.9000","R version 4.6.1 (2026-06-24 ucrt)","Windows","g++","disabled_or_unavailable","","UNAVAILABLE","C","C-batch-matrix","fast_signal_K","balanced",500,100,0,"prepared",1,0.039999999999992,"PASS",0,"","",1,683121,"balanced_500",NA,NA
"2026-09-13 02:29:00 UTC","084e979af137355b4f976faff6e0079237f23f72","0.2.0.9000","R version 4.6.1 (2026-06-24 ucrt)","Windows","g++","disabled_or_unavailable","","UNAVAILABLE","C","C-batch-matrix","fast_signal_K","balanced",500,100,0,"prepared",2,0.00999999999999091,"PASS",0,"","",1,683121,"balanced_500",NA,NA
"2026-09-13 02:29:00 UTC","084e979af137355b4f976faff6e0079237f23f72","0.2.0.9000","R version 4.6.1 (2026-06-24 ucrt)","Windows","g++","disabled_or_unavailable","","UNAVAILABLE","C","C-batch-matrix","fast_signal_K","balanced",500,100,0,"raw",2,0.0600000000000023,"PASS",0,"","",1,683121,"balanced_500",NA,NA
"2026-09-13 02:29:00 UTC","084e979af137355b4f976faff6e0079237f23f72","0.2.0.9000","R version 4.6.1 (2026-06-24 ucrt)","Windows","g++","disabled_or_unavailable","","UNAVAILABLE","C","C-batch-matrix","fast_signal_K","balanced",500,100,0,"raw",3,0.0699999999999932,"PASS",0,"","",1,683121,"balanced_500",NA,NA
"2026-09-13 02:29:00 UTC","084e979af137355b4f976faff6e0079237f23f72","0.2.0.9000","R version 4.6.1 (2026-06-24 ucrt)","Windows","g++","disabled_or_unavailable","","UNAVAILABLE","C","C-batch-matrix","fast_signal_K","balanced",500,100,0,"prepared",3,0.0100000000000193,"PASS",0,"","",1,683121,"balanced_500",NA,NA
"2026-09-13 02:29:00 UTC","084e979af137355b4f976faff6e0079237f23f72","0.2.0.9000","R version 4.6.1 (2026-06-24 ucrt)","Windows","g++","disabled_or_unavailable","","UNAVAILABLE","C","C-batch-matrix","fast_signal_K","balanced",500,100,0,"prepared",4,0.0300000000000011,"PASS",0,"","",1,683121,"balanced_500",NA,NA
"2026-09-13 02:29:00 UTC","084e979af137355b4f976faff6e0079237f23f72","0.2.0.9000","R version 4.6.1 (2026-06-24 ucrt)","Windows","g++","disabled_or_unavailable","","UNAVAILABLE","C","C-batch-matrix","fast_signal_K","balanced",500,100,0,"raw",4,0.0699999999999932,"PASS",0,"","",1,683121,"balanced_500",NA,NA
"2026-09-13 02:29:00 UTC","084e979af137355b4f976faff6e0079237f23f72","0.2.0.9000","R version 4.6.1 (2026-06-24 ucrt)","Windows","g++","disabled_or_unavailable","","UNAVAILABLE","C","C-batch-matrix","fast_signal_K","balanced",500,100,0,"raw",5,0.0600000000000023,"PASS",0,"","",1,683121,"balanced_500",NA,NA
"2026-09-13 02:29:00 UTC","084e979af137355b4f976faff6e0079237f23f72","0.2.0.9000","R version 4.6.1 (2026-06-24 ucrt)","Windows","g++","disabled_or_unavailable","","UNAVAILABLE","C","C-batch-matrix","fast_signal_K","balanced",500,100,0,"prepared",5,0.0200000000000102,"PASS",0,"","",1,683121,"balanced_500",NA,NA
"2026-09-13 02:29:00 UTC","084e979af137355b4f976faff6e0079237f23f72","0.2.0.9000","R version 4.6.1 (2026-06-24 ucrt)","Windows","g++","disabled_or_unavailable","","UNAVAILABLE","C","C-batch-matrix","fast_signal_K","balanced",500,100,0,"prepared",6,0.0300000000000011,"PASS",0,"","",1,683121,"balanced_500",NA,NA
"2026-09-13 02:29:00 UTC","084e979af137355b4f976faff6e0079237f23f72","0.2.0.9000","R version 4.6.1 (2026-06-24 ucrt)","Windows","g++","disabled_or_unavailable","","UNAVAILABLE","C","C-batch-matrix","fast_signal_K","balanced",500,100,0,"raw",6,0.0499999999999829,"PASS",0,"","",1,683121,"balanced_500",NA,NA
"2026-09-13 02:29:00 UTC","084e979af137355b4f976faff6e0079237f23f72","0.2.0.9000","R version 4.6.1 (2026-06-24 ucrt)","Windows","g++","disabled_or_unavailable","","UNAVAILABLE","C","C-batch-matrix","fast_signal_K","balanced",500,100,0,"raw",7,0.0699999999999932,"PASS",0,"","",1,683121,"balanced_500",NA,NA
"2026-09-13 02:29:00 UTC","084e979af137355b4f976faff6e0079237f23f72","0.2.0.9000","R version 4.6.1 (2026-06-24 ucrt)","Windows","g++","disabled_or_unavailable","","UNAVAILABLE","C","C-batch-matrix","fast_signal_K","balanced",500,100,0,"prepared",7,0.00999999999999091,"PASS",0,"","",1,683121,"balanced_500",NA,NA
"2026-09-13 02:29:00 UTC","084e979af137355b4f976faff6e0079237f23f72","0.2.0.9000","R version 4.6.1 (2026-06-24 ucrt)","Windows","g++","disabled_or_unavailable","","UNAVAILABLE","C","C-batch-matrix","fast_signal_K","balanced",500,100,0,"prepared",8,0.0300000000000011,"PASS",0,"","",1,683121,"balanced_500",NA,NA
"2026-09-13 02:29:00 UTC","084e979af137355b4f976faff6e0079237f23f72","0.2.0.9000","R version 4.6.1 (2026-06-24 ucrt)","Windows","g++","disabled_or_unavailable","","UNAVAILABLE","C","C-batch-matrix","fast_signal_K","balanced",500,100,0,"raw",8,0.0700000000000216,"PASS",0,"","",1,683121,"balanced_500",NA,NA
"2026-09-13 02:29:00 UTC","084e979af137355b4f976faff6e0079237f23f72","0.2.0.9000","R version 4.6.1 (2026-06-24 ucrt)","Windows","g++","disabled_or_unavailable","","UNAVAILABLE","C","C-batch-matrix","fast_signal_K","balanced",500,100,0,"raw",9,0.0499999999999829,"PASS",0,"","",1,683121,"balanced_500",NA,NA
"2026-09-13 02:29:00 UTC","084e979af137355b4f976faff6e0079237f23f72","0.2.0.9000","R version 4.6.1 (2026-06-24 ucrt)","Windows","g++","disabled_or_unavailable","","UNAVAILABLE","C","C-batch-matrix","fast_signal_K","balanced",500,100,0,"prepared",9,0.0300000000000011,"PASS",0,"","",1,683121,"balanced_500",NA,NA
"2026-09-13 02:29:00 UTC","084e979af137355b4f976faff6e0079237f23f72","0.2.0.9000","R version 4.6.1 (2026-06-24 ucrt)","Windows","g++","disabled_or_unavailable","","UNAVAILABLE","C","C-batch-matrix","fast_signal_K","balanced",500,100,0,"prepared",10,0.0100000000000193,"PASS",0,"","",1,683121,"balanced_500",NA,NA
"2026-09-13 02:29:00 UTC","084e979af137355b4f976faff6e0079237f23f72","0.2.0.9000","R version 4.6.1 (2026-06-24 ucrt)","Windows","g++","disabled_or_unavailable","","UNAVAILABLE","C","C-batch-matrix","fast_signal_K","balanced",500,100,0,"raw",10,0.0799999999999841,"PASS",0,"","",1,683121,"balanced_500",NA,NA
"2026-09-13 02:29:00 UTC","084e979af137355b4f976faff6e0079237f23f72","0.2.0.9000","R version 4.6.1 (2026-06-24 ucrt)","Windows","g++","disabled_or_unavailable","","UNAVAILABLE","C","C-batch-matrix","K","random",500,8,0,"raw",1,0.180000000000007,"PASS",0,"","",1,684028,"random_500",NA,NA
"2026-09-13 02:29:00 UTC","084e979af137355b4f976faff6e0079237f23f72","0.2.0.9000","R version 4.6.1 (2026-06-24 ucrt)","Windows","g++","disabled_or_unavailable","","UNAVAILABLE","C","C-batch-matrix","K","random",500,8,0,"prepared",1,0.0200000000000102,"PASS",0,"","",1,684028,"random_500",NA,NA
"2026-09-13 02:29:00 UTC","084e979af137355b4f976faff6e0079237f23f72","0.2.0.9000","R version 4.6.1 (2026-06-24 ucrt)","Windows","g++","disabled_or_unavailable","","UNAVAILABLE","C","C-batch-matrix","K","random",500,8,0,"prepared",2,0,"PASS",0,"","",1,684028,"random_500",NA,NA
"2026-09-13 02:29:00 UTC","084e979af137355b4f976faff6e0079237f23f72","0.2.0.9000","R version 4.6.1 (2026-06-24 ucrt)","Windows","g++","disabled_or_unavailable","","UNAVAILABLE","C","C-batch-matrix","K","random",500,8,0,"raw",2,0.039999999999992,"PASS",0,"","",1,684028,"random_500",NA,NA
"2026-09-13 02:29:00 UTC","084e979af137355b4f976faff6e0079237f23f72","0.2.0.9000","R version 4.6.1 (2026-06-24 ucrt)","Windows","g++","disabled_or_unavailable","","UNAVAILABLE","C","C-batch-matrix","K","random",500,8,0,"raw",3,0.0499999999999829,"PASS",0,"","",1,684028,"random_500",NA,NA
"2026-09-13 02:29:00 UTC","084e979af137355b4f976faff6e0079237f23f72","0.2.0.9000","R version 4.6.1 (2026-06-24 ucrt)","Windows","g++","disabled_or_unavailable","","UNAVAILABLE","C","C-batch-matrix","K","random",500,8,0,"prepared",3,0.0100000000000193,"PASS",0,"","",1,684028,"random_500",NA,NA
"2026-09-13 02:29:00 UTC","084e979af137355b4f976faff6e0079237f23f72","0.2.0.9000","R version 4.6.1 (2026-06-24 ucrt)","Windows","g++","disabled_or_unavailable","","UNAVAILABLE","C","C-batch-matrix","K","random",500,8,0,"prepared",4,0.0199999999999818,"PASS",0,"","",1,684028,"random_500",NA,NA
"2026-09-13 02:29:00 UTC","084e979af137355b4f976faff6e0079237f23f72","0.2.0.9000","R version 4.6.1 (2026-06-24 ucrt)","Windows","g++","disabled_or_unavailable","","UNAVAILABLE","C","C-batch-matrix","K","random",500,8,0,"raw",4,0.0600000000000023,"PASS",0,"","",1,684028,"random_500",NA,NA
"2026-09-13 02:29:00 UTC","084e979af137355b4f976faff6e0079237f23f72","0.2.0.9000","R version 4.6.1 (2026-06-24 ucrt)","Windows","g++","disabled_or_unavailable","","UNAVAILABLE","C","C-batch-matrix","K","random",500,8,0,"raw",5,0.0500000000000114,"PASS",0,"","",1,684028,"random_500",NA,NA
"2026-09-13 02:29:00 UTC","084e979af137355b4f976faff6e0079237f23f72","0.2.0.9000","R version 4.6.1 (2026-06-24 ucrt)","Windows","g++","disabled_or_unavailable","","UNAVAILABLE","C","C-batch-matrix","K","random",500,8,0,"prepared",5,0.0200000000000102,"PASS",0,"","",1,684028,"random_500",NA,NA
"2026-09-13 02:29:00 UTC","084e979af137355b4f976faff6e0079237f23f72","0.2.0.9000","R version 4.6.1 (2026-06-24 ucrt)","Windows","g++","disabled_or_unavailable","","UNAVAILABLE","C","C-batch-matrix","K","random",500,8,0,"prepared",6,0,"PASS",0,"","",1,684028,"random_500",NA,NA
"2026-09-13 02:29:00 UTC","084e979af137355b4f976faff6e0079237f23f72","0.2.0.9000","R version 4.6.1 (2026-06-24 ucrt)","Windows","g++","disabled_or_unavailable","","UNAVAILABLE","C","C-batch-matrix","K","random",500,8,0,"raw",6,0.0499999999999829,"PASS",0,"","",1,684028,"random_500",NA,NA
"2026-09-13 02:29:00 UTC","084e979af137355b4f976faff6e0079237f23f72","0.2.0.9000","R version 4.6.1 (2026-06-24 ucrt)","Windows","g++","disabled_or_unavailable","","UNAVAILABLE","C","C-batch-matrix","K","random",500,8,0,"raw",7,0.0400000000000205,"PASS",0,"","",1,684028,"random_500",NA,NA
"2026-09-13 02:29:00 UTC","084e979af137355b4f976faff6e0079237f23f72","0.2.0.9000","R version 4.6.1 (2026-06-24 ucrt)","Windows","g++","disabled_or_unavailable","","UNAVAILABLE","C","C-batch-matrix","K","random",500,8,0,"prepared",7,0.0199999999999818,"PASS",0,"","",1,684028,"random_500",NA,NA
"2026-09-13 02:29:00 UTC","084e979af137355b4f976faff6e0079237f23f72","0.2.0.9000","R version 4.6.1 (2026-06-24 ucrt)","Windows","g++","disabled_or_unavailable","","UNAVAILABLE","C","C-batch-matrix","K","random",500,8,0,"prepared",8,0.0200000000000102,"PASS",0,"","",1,684028,"random_500",NA,NA
"2026-09-13 02:29:00 UTC","084e979af137355b4f976faff6e0079237f23f72","0.2.0.9000","R version 4.6.1 (2026-06-24 ucrt)","Windows","g++","disabled_or_unavailable","","UNAVAILABLE","C","C-batch-matrix","K","random",500,8,0,"raw",8,0.039999999999992,"PASS",0,"","",1,684028,"random_500",NA,NA
"2026-09-13 02:29:00 UTC","084e979af137355b4f976faff6e0079237f23f72","0.2.0.9000","R version 4.6.1 (2026-06-24 ucrt)","Windows","g++","disabled_or_unavailable","","UNAVAILABLE","C","C-batch-matrix","K","random",500,8,0,"raw",9,0.0700000000000216,"PASS",0,"","",1,684028,"random_500",NA,NA
"2026-09-13 02:29:00 UTC","084e979af137355b4f976faff6e0079237f23f72","0.2.0.9000","R version 4.6.1 (2026-06-24 ucrt)","Windows","g++","disabled_or_unavailable","","UNAVAILABLE","C","C-batch-matrix","K","random",500,8,0,"prepared",9,0.00999999999999091,"PASS",0,"","",1,684028,"random_500",NA,NA
"2026-09-13 02:29:00 UTC","084e979af137355b4f976faff6e0079237f23f72","0.2.0.9000","R version 4.6.1 (2026-06-24 ucrt)","Windows","g++","disabled_or_unavailable","","UNAVAILABLE","C","C-batch-matrix","K","random",500,8,0,"prepared",10,0.0199999999999818,"PASS",0,"","",1,684028,"random_500",NA,NA
"2026-09-13 02:29:00 UTC","084e979af137355b4f976faff6e0079237f23f72","0.2.0.9000","R version 4.6.1 (2026-06-24 ucrt)","Windows","g++","disabled_or_unavailable","","UNAVAILABLE","C","C-batch-matrix","K","random",500,8,0,"raw",10,0.0400000000000205,"PASS",0,"","",1,684028,"random_500",NA,NA
"2026-09-13 02:29:00 UTC","084e979af137355b4f976faff6e0079237f23f72","0.2.0.9000","R version 4.6.1 (2026-06-24 ucrt)","Windows","g++","disabled_or_unavailable","","UNAVAILABLE","C","C-batch-matrix","fast_signal_K","random",500,8,0,"raw",1,0.039999999999992,"PASS",0,"","",1,684029,"random_500",NA,NA
"2026-09-13 02:29:00 UTC","084e979af137355b4f976faff6e0079237f23f72","0.2.0.9000","R version 4.6.1 (2026-06-24 ucrt)","Windows","g++","disabled_or_unavailable","","UNAVAILABLE","C","C-batch-matrix","fast_signal_K","random",500,8,0,"prepared",1,0.0200000000000102,"PASS",0,"","",1,684029,"random_500",NA,NA
"2026-09-13 02:29:00 UTC","084e979af137355b4f976faff6e0079237f23f72","0.2.0.9000","R version 4.6.1 (2026-06-24 ucrt)","Windows","g++","disabled_or_unavailable","","UNAVAILABLE","C","C-batch-matrix","fast_signal_K","random",500,8,0,"prepared",2,0.00999999999999091,"PASS",0,"","",1,684029,"random_500",NA,NA
"2026-09-13 02:29:00 UTC","084e979af137355b4f976faff6e0079237f23f72","0.2.0.9000","R version 4.6.1 (2026-06-24 ucrt)","Windows","g++","disabled_or_unavailable","","UNAVAILABLE","C","C-batch-matrix","fast_signal_K","random",500,8,0,"raw",2,0.0500000000000114,"PASS",0,"","",1,684029,"random_500",NA,NA
"2026-09-13 02:29:00 UTC","084e979af137355b4f976faff6e0079237f23f72","0.2.0.9000","R version 4.6.1 (2026-06-24 ucrt)","Windows","g++","disabled_or_unavailable","","UNAVAILABLE","C","C-batch-matrix","fast_signal_K","random",500,8,0,"raw",3,0.0400000000000205,"PASS",0,"","",1,684029,"random_500",NA,NA
"2026-09-13 02:29:00 UTC","084e979af137355b4f976faff6e0079237f23f72","0.2.0.9000","R version 4.6.1 (2026-06-24 ucrt)","Windows","g++","disabled_or_unavailable","","UNAVAILABLE","C","C-batch-matrix","fast_signal_K","random",500,8,0,"prepared",3,0.0199999999999818,"PASS",0,"","",1,684029,"random_500",NA,NA
"2026-09-13 02:29:00 UTC","084e979af137355b4f976faff6e0079237f23f72","0.2.0.9000","R version 4.6.1 (2026-06-24 ucrt)","Windows","g++","disabled_or_unavailable","","UNAVAILABLE","C","C-batch-matrix","fast_signal_K","random",500,8,0,"prepared",4,0.0100000000000193,"PASS",0,"","",1,684029,"random_500",NA,NA
"2026-09-13 02:29:00 UTC","084e979af137355b4f976faff6e0079237f23f72","0.2.0.9000","R version 4.6.1 (2026-06-24 ucrt)","Windows","g++","disabled_or_unavailable","","UNAVAILABLE","C","C-batch-matrix","fast_signal_K","random",500,8,0,"raw",4,0.0499999999999829,"PASS",0,"","",1,684029,"random_500",NA,NA
"2026-09-13 02:29:00 UTC","084e979af137355b4f976faff6e0079237f23f72","0.2.0.9000","R version 4.6.1 (2026-06-24 ucrt)","Windows","g++","disabled_or_unavailable","","UNAVAILABLE","C","C-batch-matrix","fast_signal_K","random",500,8,0,"raw",5,0.0500000000000114,"PASS",0,"","",1,684029,"random_500",NA,NA
"2026-09-13 02:29:00 UTC","084e979af137355b4f976faff6e0079237f23f72","0.2.0.9000","R version 4.6.1 (2026-06-24 ucrt)","Windows","g++","disabled_or_unavailable","","UNAVAILABLE","C","C-batch-matrix","fast_signal_K","random",500,8,0,"prepared",5,0,"PASS",0,"","",1,684029,"random_500",NA,NA
"2026-09-13 02:29:00 UTC","084e979af137355b4f976faff6e0079237f23f72","0.2.0.9000","R version 4.6.1 (2026-06-24 ucrt)","Windows","g++","disabled_or_unavailable","","UNAVAILABLE","C","C-batch-matrix","fast_signal_K","random",500,8,0,"prepared",6,0,"PASS",0,"","",1,684029,"random_500",NA,NA
"2026-09-13 02:29:00 UTC","084e979af137355b4f976faff6e0079237f23f72","0.2.0.9000","R version 4.6.1 (2026-06-24 ucrt)","Windows","g++","disabled_or_unavailable","","UNAVAILABLE","C","C-batch-matrix","fast_signal_K","random",500,8,0,"raw",6,0.0600000000000023,"PASS",0,"","",1,684029,"random_500",NA,NA
"2026-09-13 02:29:00 UTC","084e979af137355b4f976faff6e0079237f23f72","0.2.0.9000","R version 4.6.1 (2026-06-24 ucrt)","Windows","g++","disabled_or_unavailable","","UNAVAILABLE","C","C-batch-matrix","fast_signal_K","random",500,8,0,"raw",7,0.0499999999999829,"PASS",0,"","",1,684029,"random_500",NA,NA
"2026-09-13 02:29:00 UTC","084e979af137355b4f976faff6e0079237f23f72","0.2.0.9000","R version 4.6.1 (2026-06-24 ucrt)","Windows","g++","disabled_or_unavailable","","UNAVAILABLE","C","C-batch-matrix","fast_signal_K","random",500,8,0,"prepared",7,0.0100000000000193,"PASS",0,"","",1,684029,"random_500",NA,NA
"2026-09-13 02:29:00 UTC","084e979af137355b4f976faff6e0079237f23f72","0.2.0.9000","R version 4.6.1 (2026-06-24 ucrt)","Windows","g++","disabled_or_unavailable","","UNAVAILABLE","C","C-batch-matrix","fast_signal_K","random",500,8,0,"prepared",8,0.0199999999999818,"PASS",0,"","",1,684029,"random_500",NA,NA
"2026-09-13 02:29:00 UTC","084e979af137355b4f976faff6e0079237f23f72","0.2.0.9000","R version 4.6.1 (2026-06-24 ucrt)","Windows","g++","disabled_or_unavailable","","UNAVAILABLE","C","C-batch-matrix","fast_signal_K","random",500,8,0,"raw",8,0.0500000000000114,"PASS",0,"","",1,684029,"random_500",NA,NA
"2026-09-13 02:29:00 UTC","084e979af137355b4f976faff6e0079237f23f72","0.2.0.9000","R version 4.6.1 (2026-06-24 ucrt)","Windows","g++","disabled_or_unavailable","","UNAVAILABLE","C","C-batch-matrix","fast_signal_K","random",500,8,0,"raw",9,0.039999999999992,"PASS",0,"","",1,684029,"random_500",NA,NA
"2026-09-13 02:29:00 UTC","084e979af137355b4f976faff6e0079237f23f72","0.2.0.9000","R version 4.6.1 (2026-06-24 ucrt)","Windows","g++","disabled_or_unavailable","","UNAVAILABLE","C","C-batch-matrix","fast_signal_K","random",500,8,0,"prepared",9,0.0200000000000102,"PASS",0,"","",1,684029,"random_500",NA,NA
"2026-09-13 02:29:00 UTC","084e979af137355b4f976faff6e0079237f23f72","0.2.0.9000","R version 4.6.1 (2026-06-24 ucrt)","Windows","g++","disabled_or_unavailable","","UNAVAILABLE","C","C-batch-matrix","fast_signal_K","random",500,8,0,"prepared",10,0.00999999999999091,"PASS",0,"","",1,684029,"random_500",NA,NA
"2026-09-13 02:29:00 UTC","084e979af137355b4f976faff6e0079237f23f72","0.2.0.9000","R version 4.6.1 (2026-06-24 ucrt)","Windows","g++","disabled_or_unavailable","","UNAVAILABLE","C","C-batch-matrix","fast_signal_K","random",500,8,0,"raw",10,0.0499999999999829,"PASS",0,"","",1,684029,"random_500",NA,NA
"2026-09-13 02:29:00 UTC","084e979af137355b4f976faff6e0079237f23f72","0.2.0.9000","R version 4.6.1 (2026-06-24 ucrt)","Windows","g++","disabled_or_unavailable","","UNAVAILABLE","C","C-batch-matrix","K","random",500,32,0,"raw",1,0.0699999999999932,"PASS",0,"","",1,684052,"random_500",NA,NA
"2026-09-13 02:29:00 UTC","084e979af137355b4f976faff6e0079237f23f72","0.2.0.9000","R version 4.6.1 (2026-06-24 ucrt)","Windows","g++","disabled_or_unavailable","","UNAVAILABLE","C","C-batch-matrix","K","random",500,32,0,"prepared",1,0.00999999999999091,"PASS",0,"","",1,684052,"random_500",NA,NA
"2026-09-13 02:29:00 UTC","084e979af137355b4f976faff6e0079237f23f72","0.2.0.9000","R version 4.6.1 (2026-06-24 ucrt)","Windows","g++","disabled_or_unavailable","","UNAVAILABLE","C","C-batch-matrix","K","random",500,32,0,"prepared",2,0.0200000000000102,"PASS",0,"","",1,684052,"random_500",NA,NA
"2026-09-13 02:29:00 UTC","084e979af137355b4f976faff6e0079237f23f72","0.2.0.9000","R version 4.6.1 (2026-06-24 ucrt)","Windows","g++","disabled_or_unavailable","","UNAVAILABLE","C","C-batch-matrix","K","random",500,32,0,"raw",2,0.0500000000000114,"PASS",0,"","",1,684052,"random_500",NA,NA
"2026-09-13 02:29:00 UTC","084e979af137355b4f976faff6e0079237f23f72","0.2.0.9000","R version 4.6.1 (2026-06-24 ucrt)","Windows","g++","disabled_or_unavailable","","UNAVAILABLE","C","C-batch-matrix","K","random",500,32,0,"raw",3,0.039999999999992,"PASS",0,"","",1,684052,"random_500",NA,NA
"2026-09-13 02:29:00 UTC","084e979af137355b4f976faff6e0079237f23f72","0.2.0.9000","R version 4.6.1 (2026-06-24 ucrt)","Windows","g++","disabled_or_unavailable","","UNAVAILABLE","C","C-batch-matrix","K","random",500,32,0,"prepared",3,0.0300000000000011,"PASS",0,"","",1,684052,"random_500",NA,NA
"2026-09-13 02:29:00 UTC","084e979af137355b4f976faff6e0079237f23f72","0.2.0.9000","R version 4.6.1 (2026-06-24 ucrt)","Windows","g++","disabled_or_unavailable","","UNAVAILABLE","C","C-batch-matrix","K","random",500,32,0,"prepared",4,0,"PASS",0,"","",1,684052,"random_500",NA,NA
"2026-09-13 02:29:00 UTC","084e979af137355b4f976faff6e0079237f23f72","0.2.0.9000","R version 4.6.1 (2026-06-24 ucrt)","Windows","g++","disabled_or_unavailable","","UNAVAILABLE","C","C-batch-matrix","K","random",500,32,0,"raw",4,0.0699999999999932,"PASS",0,"","",1,684052,"random_500",NA,NA
"2026-09-13 02:29:00 UTC","084e979af137355b4f976faff6e0079237f23f72","0.2.0.9000","R version 4.6.1 (2026-06-24 ucrt)","Windows","g++","disabled_or_unavailable","","UNAVAILABLE","C","C-batch-matrix","K","random",500,32,0,"raw",5,0.0600000000000023,"PASS",0,"","",1,684052,"random_500",NA,NA
"2026-09-13 02:29:00 UTC","084e979af137355b4f976faff6e0079237f23f72","0.2.0.9000","R version 4.6.1 (2026-06-24 ucrt)","Windows","g++","disabled_or_unavailable","","UNAVAILABLE","C","C-batch-matrix","K","random",500,32,0,"prepared",5,0.00999999999999091,"PASS",0,"","",1,684052,"random_500",NA,NA
"2026-09-13 02:29:00 UTC","084e979af137355b4f976faff6e0079237f23f72","0.2.0.9000","R version 4.6.1 (2026-06-24 ucrt)","Windows","g++","disabled_or_unavailable","","UNAVAILABLE","C","C-batch-matrix","K","random",500,32,0,"prepared",6,0.0200000000000102,"PASS",0,"","",1,684052,"random_500",NA,NA
"2026-09-13 02:29:00 UTC","084e979af137355b4f976faff6e0079237f23f72","0.2.0.9000","R version 4.6.1 (2026-06-24 ucrt)","Windows","g++","disabled_or_unavailable","","UNAVAILABLE","C","C-batch-matrix","K","random",500,32,0,"raw",6,0.0499999999999829,"PASS",0,"","",1,684052,"random_500",NA,NA
"2026-09-13 02:29:00 UTC","084e979af137355b4f976faff6e0079237f23f72","0.2.0.9000","R version 4.6.1 (2026-06-24 ucrt)","Windows","g++","disabled_or_unavailable","","UNAVAILABLE","C","C-batch-matrix","K","random",500,32,0,"raw",7,0.0499999999999829,"PASS",0,"","",1,684052,"random_500",NA,NA
"2026-09-13 02:29:00 UTC","084e979af137355b4f976faff6e0079237f23f72","0.2.0.9000","R version 4.6.1 (2026-06-24 ucrt)","Windows","g++","disabled_or_unavailable","","UNAVAILABLE","C","C-batch-matrix","K","random",500,32,0,"prepared",7,0.0100000000000193,"PASS",0,"","",1,684052,"random_500",NA,NA
"2026-09-13 02:29:00 UTC","084e979af137355b4f976faff6e0079237f23f72","0.2.0.9000","R version 4.6.1 (2026-06-24 ucrt)","Windows","g++","disabled_or_unavailable","","UNAVAILABLE","C","C-batch-matrix","K","random",500,32,0,"prepared",8,0.0199999999999818,"PASS",0,"","",1,684052,"random_500",NA,NA
"2026-09-13 02:29:00 UTC","084e979af137355b4f976faff6e0079237f23f72","0.2.0.9000","R version 4.6.1 (2026-06-24 ucrt)","Windows","g++","disabled_or_unavailable","","UNAVAILABLE","C","C-batch-matrix","K","random",500,32,0,"raw",8,0.0600000000000023,"PASS",0,"","",1,684052,"random_500",NA,NA
"2026-09-13 02:29:00 UTC","084e979af137355b4f976faff6e0079237f23f72","0.2.0.9000","R version 4.6.1 (2026-06-24 ucrt)","Windows","g++","disabled_or_unavailable","","UNAVAILABLE","C","C-batch-matrix","K","random",500,32,0,"raw",9,0.0500000000000114,"PASS",0,"","",1,684052,"random_500",NA,NA
"2026-09-13 02:29:00 UTC","084e979af137355b4f976faff6e0079237f23f72","0.2.0.9000","R version 4.6.1 (2026-06-24 ucrt)","Windows","g++","disabled_or_unavailable","","UNAVAILABLE","C","C-batch-matrix","K","random",500,32,0,"prepared",9,0,"PASS",0,"","",1,684052,"random_500",NA,NA
"2026-09-13 02:29:00 UTC","084e979af137355b4f976faff6e0079237f23f72","0.2.0.9000","R version 4.6.1 (2026-06-24 ucrt)","Windows","g++","disabled_or_unavailable","","UNAVAILABLE","C","C-batch-matrix","K","random",500,32,0,"prepared",10,0,"PASS",0,"","",1,684052,"random_500",NA,NA
"2026-09-13 02:29:00 UTC","084e979af137355b4f976faff6e0079237f23f72","0.2.0.9000","R version 4.6.1 (2026-06-24 ucrt)","Windows","g++","disabled_or_unavailable","","UNAVAILABLE","C","C-batch-matrix","K","random",500,32,0,"raw",10,0.0600000000000023,"PASS",0,"","",1,684052,"random_500",NA,NA
"2026-09-13 02:29:00 UTC","084e979af137355b4f976faff6e0079237f23f72","0.2.0.9000","R version 4.6.1 (2026-06-24 ucrt)","Windows","g++","disabled_or_unavailable","","UNAVAILABLE","C","C-batch-matrix","fast_signal_K","random",500,32,0,"raw",1,0.0600000000000023,"PASS",0,"","",1,684053,"random_500",NA,NA
"2026-09-13 02:29:00 UTC","084e979af137355b4f976faff6e0079237f23f72","0.2.0.9000","R version 4.6.1 (2026-06-24 ucrt)","Windows","g++","disabled_or_unavailable","","UNAVAILABLE","C","C-batch-matrix","fast_signal_K","random",500,32,0,"prepared",1,0.00999999999999091,"PASS",0,"","",1,684053,"random_500",NA,NA
"2026-09-13 02:29:00 UTC","084e979af137355b4f976faff6e0079237f23f72","0.2.0.9000","R version 4.6.1 (2026-06-24 ucrt)","Windows","g++","disabled_or_unavailable","","UNAVAILABLE","C","C-batch-matrix","fast_signal_K","random",500,32,0,"prepared",2,0.0200000000000102,"PASS",0,"","",1,684053,"random_500",NA,NA
"2026-09-13 02:29:00 UTC","084e979af137355b4f976faff6e0079237f23f72","0.2.0.9000","R version 4.6.1 (2026-06-24 ucrt)","Windows","g++","disabled_or_unavailable","","UNAVAILABLE","C","C-batch-matrix","fast_signal_K","random",500,32,0,"raw",2,0.0600000000000023,"PASS",0,"","",1,684053,"random_500",NA,NA
"2026-09-13 02:29:00 UTC","084e979af137355b4f976faff6e0079237f23f72","0.2.0.9000","R version 4.6.1 (2026-06-24 ucrt)","Windows","g++","disabled_or_unavailable","","UNAVAILABLE","C","C-batch-matrix","fast_signal_K","random",500,32,0,"raw",3,0.0499999999999829,"PASS",0,"","",1,684053,"random_500",NA,NA
"2026-09-13 02:29:00 UTC","084e979af137355b4f976faff6e0079237f23f72","0.2.0.9000","R version 4.6.1 (2026-06-24 ucrt)","Windows","g++","disabled_or_unavailable","","UNAVAILABLE","C","C-batch-matrix","fast_signal_K","random",500,32,0,"prepared",3,0.0100000000000193,"PASS",0,"","",1,684053,"random_500",NA,NA
"2026-09-13 02:29:00 UTC","084e979af137355b4f976faff6e0079237f23f72","0.2.0.9000","R version 4.6.1 (2026-06-24 ucrt)","Windows","g++","disabled_or_unavailable","","UNAVAILABLE","C","C-batch-matrix","fast_signal_K","random",500,32,0,"prepared",4,0.0199999999999818,"PASS",0,"","",1,684053,"random_500",NA,NA
"2026-09-13 02:29:00 UTC","084e979af137355b4f976faff6e0079237f23f72","0.2.0.9000","R version 4.6.1 (2026-06-24 ucrt)","Windows","g++","disabled_or_unavailable","","UNAVAILABLE","C","C-batch-matrix","fast_signal_K","random",500,32,0,"raw",4,0.200000000000017,"PASS",0,"","",1,684053,"random_500",NA,NA
"2026-09-13 02:29:00 UTC","084e979af137355b4f976faff6e0079237f23f72","0.2.0.9000","R version 4.6.1 (2026-06-24 ucrt)","Windows","g++","disabled_or_unavailable","","UNAVAILABLE","C","C-batch-matrix","fast_signal_K","random",500,32,0,"raw",5,0.0499999999999829,"PASS",0,"","",1,684053,"random_500",NA,NA
"2026-09-13 02:29:00 UTC","084e979af137355b4f976faff6e0079237f23f72","0.2.0.9000","R version 4.6.1 (2026-06-24 ucrt)","Windows","g++","disabled_or_unavailable","","UNAVAILABLE","C","C-batch-matrix","fast_signal_K","random",500,32,0,"prepared",5,0.0200000000000102,"PASS",0,"","",1,684053,"random_500",NA,NA
"2026-09-13 02:29:00 UTC","084e979af137355b4f976faff6e0079237f23f72","0.2.0.9000","R version 4.6.1 (2026-06-24 ucrt)","Windows","g++","disabled_or_unavailable","","UNAVAILABLE","C","C-batch-matrix","fast_signal_K","random",500,32,0,"prepared",6,0.00999999999999091,"PASS",0,"","",1,684053,"random_500",NA,NA
"2026-09-13 02:29:00 UTC","084e979af137355b4f976faff6e0079237f23f72","0.2.0.9000","R version 4.6.1 (2026-06-24 ucrt)","Windows","g++","disabled_or_unavailable","","UNAVAILABLE","C","C-batch-matrix","fast_signal_K","random",500,32,0,"raw",6,0.0600000000000023,"PASS",0,"","",1,684053,"random_500",NA,NA
"2026-09-13 02:29:00 UTC","084e979af137355b4f976faff6e0079237f23f72","0.2.0.9000","R version 4.6.1 (2026-06-24 ucrt)","Windows","g++","disabled_or_unavailable","","UNAVAILABLE","C","C-batch-matrix","fast_signal_K","random",500,32,0,"raw",7,0.0499999999999829,"PASS",0,"","",1,684053,"random_500",NA,NA
"2026-09-13 02:29:00 UTC","084e979af137355b4f976faff6e0079237f23f72","0.2.0.9000","R version 4.6.1 (2026-06-24 ucrt)","Windows","g++","disabled_or_unavailable","","UNAVAILABLE","C","C-batch-matrix","fast_signal_K","random",500,32,0,"prepared",7,0.0100000000000193,"PASS",0,"","",1,684053,"random_500",NA,NA
"2026-09-13 02:29:00 UTC","084e979af137355b4f976faff6e0079237f23f72","0.2.0.9000","R version 4.6.1 (2026-06-24 ucrt)","Windows","g++","disabled_or_unavailable","","UNAVAILABLE","C","C-batch-matrix","fast_signal_K","random",500,32,0,"prepared",8,0.0199999999999818,"PASS",0,"","",1,684053,"random_500",NA,NA
"2026-09-13 02:29:00 UTC","084e979af137355b4f976faff6e0079237f23f72","0.2.0.9000","R version 4.6.1 (2026-06-24 ucrt)","Windows","g++","disabled_or_unavailable","","UNAVAILABLE","C","C-batch-matrix","fast_signal_K","random",500,32,0,"raw",8,0.0400000000000205,"PASS",0,"","",1,684053,"random_500",NA,NA
"2026-09-13 02:29:00 UTC","084e979af137355b4f976faff6e0079237f23f72","0.2.0.9000","R version 4.6.1 (2026-06-24 ucrt)","Windows","g++","disabled_or_unavailable","","UNAVAILABLE","C","C-batch-matrix","fast_signal_K","random",500,32,0,"raw",9,0.0699999999999932,"PASS",0,"","",1,684053,"random_500",NA,NA
"2026-09-13 02:29:00 UTC","084e979af137355b4f976faff6e0079237f23f72","0.2.0.9000","R version 4.6.1 (2026-06-24 ucrt)","Windows","g++","disabled_or_unavailable","","UNAVAILABLE","C","C-batch-matrix","fast_signal_K","random",500,32,0,"prepared",9,0.00999999999999091,"PASS",0,"","",1,684053,"random_500",NA,NA
"2026-09-13 02:29:00 UTC","084e979af137355b4f976faff6e0079237f23f72","0.2.0.9000","R version 4.6.1 (2026-06-24 ucrt)","Windows","g++","disabled_or_unavailable","","UNAVAILABLE","C","C-batch-matrix","fast_signal_K","random",500,32,0,"prepared",10,0.0200000000000102,"PASS",0,"","",1,684053,"random_500",NA,NA
"2026-09-13 02:29:00 UTC","084e979af137355b4f976faff6e0079237f23f72","0.2.0.9000","R version 4.6.1 (2026-06-24 ucrt)","Windows","g++","disabled_or_unavailable","","UNAVAILABLE","C","C-batch-matrix","fast_signal_K","random",500,32,0,"raw",10,0.0500000000000114,"PASS",0,"","",1,684053,"random_500",NA,NA
"2026-09-13 02:29:00 UTC","084e979af137355b4f976faff6e0079237f23f72","0.2.0.9000","R version 4.6.1 (2026-06-24 ucrt)","Windows","g++","disabled_or_unavailable","","UNAVAILABLE","C","C-batch-matrix","K","random",500,100,0,"raw",1,0.0500000000000114,"PASS",0,"","",1,684120,"random_500",NA,NA
"2026-09-13 02:29:00 UTC","084e979af137355b4f976faff6e0079237f23f72","0.2.0.9000","R version 4.6.1 (2026-06-24 ucrt)","Windows","g++","disabled_or_unavailable","","UNAVAILABLE","C","C-batch-matrix","K","random",500,100,0,"prepared",1,0.0200000000000102,"PASS",0,"","",1,684120,"random_500",NA,NA
"2026-09-13 02:29:00 UTC","084e979af137355b4f976faff6e0079237f23f72","0.2.0.9000","R version 4.6.1 (2026-06-24 ucrt)","Windows","g++","disabled_or_unavailable","","UNAVAILABLE","C","C-batch-matrix","K","random",500,100,0,"prepared",2,0.0300000000000011,"PASS",0,"","",1,684120,"random_500",NA,NA
"2026-09-13 02:29:00 UTC","084e979af137355b4f976faff6e0079237f23f72","0.2.0.9000","R version 4.6.1 (2026-06-24 ucrt)","Windows","g++","disabled_or_unavailable","","UNAVAILABLE","C","C-batch-matrix","K","random",500,100,0,"raw",2,0.0600000000000023,"PASS",0,"","",1,684120,"random_500",NA,NA
"2026-09-13 02:29:00 UTC","084e979af137355b4f976faff6e0079237f23f72","0.2.0.9000","R version 4.6.1 (2026-06-24 ucrt)","Windows","g++","disabled_or_unavailable","","UNAVAILABLE","C","C-batch-matrix","K","random",500,100,0,"raw",3,0.0600000000000023,"PASS",0,"","",1,684120,"random_500",NA,NA
"2026-09-13 02:29:00 UTC","084e979af137355b4f976faff6e0079237f23f72","0.2.0.9000","R version 4.6.1 (2026-06-24 ucrt)","Windows","g++","disabled_or_unavailable","","UNAVAILABLE","C","C-batch-matrix","K","random",500,100,0,"prepared",3,0.0199999999999818,"PASS",0,"","",1,684120,"random_500",NA,NA
"2026-09-13 02:29:00 UTC","084e979af137355b4f976faff6e0079237f23f72","0.2.0.9000","R version 4.6.1 (2026-06-24 ucrt)","Windows","g++","disabled_or_unavailable","","UNAVAILABLE","C","C-batch-matrix","K","random",500,100,0,"prepared",4,0.0300000000000011,"PASS",0,"","",1,684120,"random_500",NA,NA
"2026-09-13 02:29:00 UTC","084e979af137355b4f976faff6e0079237f23f72","0.2.0.9000","R version 4.6.1 (2026-06-24 ucrt)","Windows","g++","disabled_or_unavailable","","UNAVAILABLE","C","C-batch-matrix","K","random",500,100,0,"raw",4,0.0600000000000023,"PASS",0,"","",1,684120,"random_500",NA,NA
"2026-09-13 02:29:00 UTC","084e979af137355b4f976faff6e0079237f23f72","0.2.0.9000","R version 4.6.1 (2026-06-24 ucrt)","Windows","g++","disabled_or_unavailable","","UNAVAILABLE","C","C-batch-matrix","K","random",500,100,0,"raw",5,0.0700000000000216,"PASS",0,"","",1,684120,"random_500",NA,NA
"2026-09-13 02:29:00 UTC","084e979af137355b4f976faff6e0079237f23f72","0.2.0.9000","R version 4.6.1 (2026-06-24 ucrt)","Windows","g++","disabled_or_unavailable","","UNAVAILABLE","C","C-batch-matrix","K","random",500,100,0,"prepared",5,0.00999999999999091,"PASS",0,"","",1,684120,"random_500",NA,NA
"2026-09-13 02:29:00 UTC","084e979af137355b4f976faff6e0079237f23f72","0.2.0.9000","R version 4.6.1 (2026-06-24 ucrt)","Windows","g++","disabled_or_unavailable","","UNAVAILABLE","C","C-batch-matrix","K","random",500,100,0,"prepared",6,0.0300000000000011,"PASS",0,"","",1,684120,"random_500",NA,NA
"2026-09-13 02:29:00 UTC","084e979af137355b4f976faff6e0079237f23f72","0.2.0.9000","R version 4.6.1 (2026-06-24 ucrt)","Windows","g++","disabled_or_unavailable","","UNAVAILABLE","C","C-batch-matrix","K","random",500,100,0,"raw",6,0.0600000000000023,"PASS",0,"","",1,684120,"random_500",NA,NA
"2026-09-13 02:29:00 UTC","084e979af137355b4f976faff6e0079237f23f72","0.2.0.9000","R version 4.6.1 (2026-06-24 ucrt)","Windows","g++","disabled_or_unavailable","","UNAVAILABLE","C","C-batch-matrix","K","random",500,100,0,"raw",7,0.0699999999999932,"PASS",0,"","",1,684120,"random_500",NA,NA
"2026-09-13 02:29:00 UTC","084e979af137355b4f976faff6e0079237f23f72","0.2.0.9000","R version 4.6.1 (2026-06-24 ucrt)","Windows","g++","disabled_or_unavailable","","UNAVAILABLE","C","C-batch-matrix","K","random",500,100,0,"prepared",7,0.00999999999999091,"PASS",0,"","",1,684120,"random_500",NA,NA
"2026-09-13 02:29:00 UTC","084e979af137355b4f976faff6e0079237f23f72","0.2.0.9000","R version 4.6.1 (2026-06-24 ucrt)","Windows","g++","disabled_or_unavailable","","UNAVAILABLE","C","C-batch-matrix","K","random",500,100,0,"prepared",8,0.0300000000000011,"PASS",0,"","",1,684120,"random_500",NA,NA
"2026-09-13 02:29:00 UTC","084e979af137355b4f976faff6e0079237f23f72","0.2.0.9000","R version 4.6.1 (2026-06-24 ucrt)","Windows","g++","disabled_or_unavailable","","UNAVAILABLE","C","C-batch-matrix","K","random",500,100,0,"raw",8,0.0699999999999932,"PASS",0,"","",1,684120,"random_500",NA,NA
"2026-09-13 02:29:00 UTC","084e979af137355b4f976faff6e0079237f23f72","0.2.0.9000","R version 4.6.1 (2026-06-24 ucrt)","Windows","g++","disabled_or_unavailable","","UNAVAILABLE","C","C-batch-matrix","K","random",500,100,0,"raw",9,0.0600000000000023,"PASS",0,"","",1,684120,"random_500",NA,NA
"2026-09-13 02:29:00 UTC","084e979af137355b4f976faff6e0079237f23f72","0.2.0.9000","R version 4.6.1 (2026-06-24 ucrt)","Windows","g++","disabled_or_unavailable","","UNAVAILABLE","C","C-batch-matrix","K","random",500,100,0,"prepared",9,0.0100000000000193,"PASS",0,"","",1,684120,"random_500",NA,NA
"2026-09-13 02:29:00 UTC","084e979af137355b4f976faff6e0079237f23f72","0.2.0.9000","R version 4.6.1 (2026-06-24 ucrt)","Windows","g++","disabled_or_unavailable","","UNAVAILABLE","C","C-batch-matrix","K","random",500,100,0,"prepared",10,0.0200000000000102,"PASS",0,"","",1,684120,"random_500",NA,NA
"2026-09-13 02:29:00 UTC","084e979af137355b4f976faff6e0079237f23f72","0.2.0.9000","R version 4.6.1 (2026-06-24 ucrt)","Windows","g++","disabled_or_unavailable","","UNAVAILABLE","C","C-batch-matrix","K","random",500,100,0,"raw",10,0.0600000000000023,"PASS",0,"","",1,684120,"random_500",NA,NA
"2026-09-13 02:29:00 UTC","084e979af137355b4f976faff6e0079237f23f72","0.2.0.9000","R version 4.6.1 (2026-06-24 ucrt)","Windows","g++","disabled_or_unavailable","","UNAVAILABLE","C","C-batch-matrix","fast_signal_K","random",500,100,0,"raw",1,0.0499999999999829,"PASS",0,"","",1,684121,"random_500",NA,NA
"2026-09-13 02:29:00 UTC","084e979af137355b4f976faff6e0079237f23f72","0.2.0.9000","R version 4.6.1 (2026-06-24 ucrt)","Windows","g++","disabled_or_unavailable","","UNAVAILABLE","C","C-batch-matrix","fast_signal_K","random",500,100,0,"prepared",1,0.0300000000000011,"PASS",0,"","",1,684121,"random_500",NA,NA
"2026-09-13 02:29:00 UTC","084e979af137355b4f976faff6e0079237f23f72","0.2.0.9000","R version 4.6.1 (2026-06-24 ucrt)","Windows","g++","disabled_or_unavailable","","UNAVAILABLE","C","C-batch-matrix","fast_signal_K","random",500,100,0,"prepared",2,0.0200000000000102,"PASS",0,"","",1,684121,"random_500",NA,NA
"2026-09-13 02:29:00 UTC","084e979af137355b4f976faff6e0079237f23f72","0.2.0.9000","R version 4.6.1 (2026-06-24 ucrt)","Windows","g++","disabled_or_unavailable","","UNAVAILABLE","C","C-batch-matrix","fast_signal_K","random",500,100,0,"raw",2,0.0600000000000023,"PASS",0,"","",1,684121,"random_500",NA,NA
"2026-09-13 02:29:00 UTC","084e979af137355b4f976faff6e0079237f23f72","0.2.0.9000","R version 4.6.1 (2026-06-24 ucrt)","Windows","g++","disabled_or_unavailable","","UNAVAILABLE","C","C-batch-matrix","fast_signal_K","random",500,100,0,"raw",3,0.0600000000000023,"PASS",0,"","",1,684121,"random_500",NA,NA
"2026-09-13 02:29:00 UTC","084e979af137355b4f976faff6e0079237f23f72","0.2.0.9000","R version 4.6.1 (2026-06-24 ucrt)","Windows","g++","disabled_or_unavailable","","UNAVAILABLE","C","C-batch-matrix","fast_signal_K","random",500,100,0,"prepared",3,0.0100000000000193,"PASS",0,"","",1,684121,"random_500",NA,NA
"2026-09-13 02:29:00 UTC","084e979af137355b4f976faff6e0079237f23f72","0.2.0.9000","R version 4.6.1 (2026-06-24 ucrt)","Windows","g++","disabled_or_unavailable","","UNAVAILABLE","C","C-batch-matrix","fast_signal_K","random",500,100,0,"prepared",4,0.0199999999999818,"PASS",0,"","",1,684121,"random_500",NA,NA
"2026-09-13 02:29:00 UTC","084e979af137355b4f976faff6e0079237f23f72","0.2.0.9000","R version 4.6.1 (2026-06-24 ucrt)","Windows","g++","disabled_or_unavailable","","UNAVAILABLE","C","C-batch-matrix","fast_signal_K","random",500,100,0,"raw",4,0.0499999999999829,"PASS",0,"","",1,684121,"random_500",NA,NA
"2026-09-13 02:29:00 UTC","084e979af137355b4f976faff6e0079237f23f72","0.2.0.9000","R version 4.6.1 (2026-06-24 ucrt)","Windows","g++","disabled_or_unavailable","","UNAVAILABLE","C","C-batch-matrix","fast_signal_K","random",500,100,0,"raw",5,0.200000000000017,"PASS",0,"","",1,684121,"random_500",NA,NA
"2026-09-13 02:29:00 UTC","084e979af137355b4f976faff6e0079237f23f72","0.2.0.9000","R version 4.6.1 (2026-06-24 ucrt)","Windows","g++","disabled_or_unavailable","","UNAVAILABLE","C","C-batch-matrix","fast_signal_K","random",500,100,0,"prepared",5,0.0199999999999818,"PASS",0,"","",1,684121,"random_500",NA,NA
"2026-09-13 02:29:00 UTC","084e979af137355b4f976faff6e0079237f23f72","0.2.0.9000","R version 4.6.1 (2026-06-24 ucrt)","Windows","g++","disabled_or_unavailable","","UNAVAILABLE","C","C-batch-matrix","fast_signal_K","random",500,100,0,"prepared",6,0.0199999999999818,"PASS",0,"","",1,684121,"random_500",NA,NA
"2026-09-13 02:29:00 UTC","084e979af137355b4f976faff6e0079237f23f72","0.2.0.9000","R version 4.6.1 (2026-06-24 ucrt)","Windows","g++","disabled_or_unavailable","","UNAVAILABLE","C","C-batch-matrix","fast_signal_K","random",500,100,0,"raw",6,0.0600000000000023,"PASS",0,"","",1,684121,"random_500",NA,NA
"2026-09-13 02:29:00 UTC","084e979af137355b4f976faff6e0079237f23f72","0.2.0.9000","R version 4.6.1 (2026-06-24 ucrt)","Windows","g++","disabled_or_unavailable","","UNAVAILABLE","C","C-batch-matrix","fast_signal_K","random",500,100,0,"raw",7,0.189999999999998,"PASS",0,"","",1,684121,"random_500",NA,NA
"2026-09-13 02:29:00 UTC","084e979af137355b4f976faff6e0079237f23f72","0.2.0.9000","R version 4.6.1 (2026-06-24 ucrt)","Windows","g++","disabled_or_unavailable","","UNAVAILABLE","C","C-batch-matrix","fast_signal_K","random",500,100,0,"prepared",7,0.0200000000000102,"PASS",0,"","",1,684121,"random_500",NA,NA
"2026-09-13 02:29:00 UTC","084e979af137355b4f976faff6e0079237f23f72","0.2.0.9000","R version 4.6.1 (2026-06-24 ucrt)","Windows","g++","disabled_or_unavailable","","UNAVAILABLE","C","C-batch-matrix","fast_signal_K","random",500,100,0,"prepared",8,0.0300000000000011,"PASS",0,"","",1,684121,"random_500",NA,NA
"2026-09-13 02:29:00 UTC","084e979af137355b4f976faff6e0079237f23f72","0.2.0.9000","R version 4.6.1 (2026-06-24 ucrt)","Windows","g++","disabled_or_unavailable","","UNAVAILABLE","C","C-batch-matrix","fast_signal_K","random",500,100,0,"raw",8,0.0600000000000023,"PASS",0,"","",1,684121,"random_500",NA,NA
"2026-09-13 02:29:00 UTC","084e979af137355b4f976faff6e0079237f23f72","0.2.0.9000","R version 4.6.1 (2026-06-24 ucrt)","Windows","g++","disabled_or_unavailable","","UNAVAILABLE","C","C-batch-matrix","fast_signal_K","random",500,100,0,"raw",9,0.0600000000000023,"PASS",0,"","",1,684121,"random_500",NA,NA
"2026-09-13 02:29:00 UTC","084e979af137355b4f976faff6e0079237f23f72","0.2.0.9000","R version 4.6.1 (2026-06-24 ucrt)","Windows","g++","disabled_or_unavailable","","UNAVAILABLE","C","C-batch-matrix","fast_signal_K","random",500,100,0,"prepared",9,0.0199999999999818,"PASS",0,"","",1,684121,"random_500",NA,NA
"2026-09-13 02:29:00 UTC","084e979af137355b4f976faff6e0079237f23f72","0.2.0.9000","R version 4.6.1 (2026-06-24 ucrt)","Windows","g++","disabled_or_unavailable","","UNAVAILABLE","C","C-batch-matrix","fast_signal_K","random",500,100,0,"prepared",10,0.0100000000000193,"PASS",0,"","",1,684121,"random_500",NA,NA
"2026-09-13 02:29:00 UTC","084e979af137355b4f976faff6e0079237f23f72","0.2.0.9000","R version 4.6.1 (2026-06-24 ucrt)","Windows","g++","disabled_or_unavailable","","UNAVAILABLE","C","C-batch-matrix","fast_signal_K","random",500,100,0,"raw",10,0.0500000000000114,"PASS",0,"","",1,684121,"random_500",NA,NA
"2026-09-13 02:29:00 UTC","084e979af137355b4f976faff6e0079237f23f72","0.2.0.9000","R version 4.6.1 (2026-06-24 ucrt)","Windows","g++","disabled_or_unavailable","","UNAVAILABLE","C","C-batch-matrix","K","pectinate",500,8,0,"raw",1,0.039999999999992,"PASS",0,"","",1,685028,"pectinate_500",NA,NA
"2026-09-13 02:29:00 UTC","084e979af137355b4f976faff6e0079237f23f72","0.2.0.9000","R version 4.6.1 (2026-06-24 ucrt)","Windows","g++","disabled_or_unavailable","","UNAVAILABLE","C","C-batch-matrix","K","pectinate",500,8,0,"prepared",1,0.0199999999999818,"PASS",0,"","",1,685028,"pectinate_500",NA,NA
"2026-09-13 02:29:00 UTC","084e979af137355b4f976faff6e0079237f23f72","0.2.0.9000","R version 4.6.1 (2026-06-24 ucrt)","Windows","g++","disabled_or_unavailable","","UNAVAILABLE","C","C-batch-matrix","K","pectinate",500,8,0,"prepared",2,0.0100000000000193,"PASS",0,"","",1,685028,"pectinate_500",NA,NA
"2026-09-13 02:29:00 UTC","084e979af137355b4f976faff6e0079237f23f72","0.2.0.9000","R version 4.6.1 (2026-06-24 ucrt)","Windows","g++","disabled_or_unavailable","","UNAVAILABLE","C","C-batch-matrix","K","pectinate",500,8,0,"raw",2,0.0499999999999829,"PASS",0,"","",1,685028,"pectinate_500",NA,NA
"2026-09-13 02:29:00 UTC","084e979af137355b4f976faff6e0079237f23f72","0.2.0.9000","R version 4.6.1 (2026-06-24 ucrt)","Windows","g++","disabled_or_unavailable","","UNAVAILABLE","C","C-batch-matrix","K","pectinate",500,8,0,"raw",3,0.0600000000000023,"PASS",0,"","",1,685028,"pectinate_500",NA,NA
"2026-09-13 02:29:00 UTC","084e979af137355b4f976faff6e0079237f23f72","0.2.0.9000","R version 4.6.1 (2026-06-24 ucrt)","Windows","g++","disabled_or_unavailable","","UNAVAILABLE","C","C-batch-matrix","K","pectinate",500,8,0,"prepared",3,0,"PASS",0,"","",1,685028,"pectinate_500",NA,NA
"2026-09-13 02:29:00 UTC","084e979af137355b4f976faff6e0079237f23f72","0.2.0.9000","R version 4.6.1 (2026-06-24 ucrt)","Windows","g++","disabled_or_unavailable","","UNAVAILABLE","C","C-batch-matrix","K","pectinate",500,8,0,"prepared",4,0.00999999999999091,"PASS",0,"","",1,685028,"pectinate_500",NA,NA
"2026-09-13 02:29:00 UTC","084e979af137355b4f976faff6e0079237f23f72","0.2.0.9000","R version 4.6.1 (2026-06-24 ucrt)","Windows","g++","disabled_or_unavailable","","UNAVAILABLE","C","C-batch-matrix","K","pectinate",500,8,0,"raw",4,0.0699999999999932,"PASS",0,"","",1,685028,"pectinate_500",NA,NA
"2026-09-13 02:29:00 UTC","084e979af137355b4f976faff6e0079237f23f72","0.2.0.9000","R version 4.6.1 (2026-06-24 ucrt)","Windows","g++","disabled_or_unavailable","","UNAVAILABLE","C","C-batch-matrix","K","pectinate",500,8,0,"raw",5,0.0499999999999829,"PASS",0,"","",1,685028,"pectinate_500",NA,NA
"2026-09-13 02:29:00 UTC","084e979af137355b4f976faff6e0079237f23f72","0.2.0.9000","R version 4.6.1 (2026-06-24 ucrt)","Windows","g++","disabled_or_unavailable","","UNAVAILABLE","C","C-batch-matrix","K","pectinate",500,8,0,"prepared",5,0.0100000000000193,"PASS",0,"","",1,685028,"pectinate_500",NA,NA
"2026-09-13 02:29:00 UTC","084e979af137355b4f976faff6e0079237f23f72","0.2.0.9000","R version 4.6.1 (2026-06-24 ucrt)","Windows","g++","disabled_or_unavailable","","UNAVAILABLE","C","C-batch-matrix","K","pectinate",500,8,0,"prepared",6,0.0199999999999818,"PASS",0,"","",1,685028,"pectinate_500",NA,NA
"2026-09-13 02:29:00 UTC","084e979af137355b4f976faff6e0079237f23f72","0.2.0.9000","R version 4.6.1 (2026-06-24 ucrt)","Windows","g++","disabled_or_unavailable","","UNAVAILABLE","C","C-batch-matrix","K","pectinate",500,8,0,"raw",6,0.0500000000000114,"PASS",0,"","",1,685028,"pectinate_500",NA,NA
"2026-09-13 02:29:00 UTC","084e979af137355b4f976faff6e0079237f23f72","0.2.0.9000","R version 4.6.1 (2026-06-24 ucrt)","Windows","g++","disabled_or_unavailable","","UNAVAILABLE","C","C-batch-matrix","K","pectinate",500,8,0,"raw",7,0.0600000000000023,"PASS",0,"","",1,685028,"pectinate_500",NA,NA
"2026-09-13 02:29:00 UTC","084e979af137355b4f976faff6e0079237f23f72","0.2.0.9000","R version 4.6.1 (2026-06-24 ucrt)","Windows","g++","disabled_or_unavailable","","UNAVAILABLE","C","C-batch-matrix","K","pectinate",500,8,0,"prepared",7,0.0200000000000102,"PASS",0,"","",1,685028,"pectinate_500",NA,NA
"2026-09-13 02:29:00 UTC","084e979af137355b4f976faff6e0079237f23f72","0.2.0.9000","R version 4.6.1 (2026-06-24 ucrt)","Windows","g++","disabled_or_unavailable","","UNAVAILABLE","C","C-batch-matrix","K","pectinate",500,8,0,"prepared",8,0.00999999999999091,"PASS",0,"","",1,685028,"pectinate_500",NA,NA
"2026-09-13 02:29:00 UTC","084e979af137355b4f976faff6e0079237f23f72","0.2.0.9000","R version 4.6.1 (2026-06-24 ucrt)","Windows","g++","disabled_or_unavailable","","UNAVAILABLE","C","C-batch-matrix","K","pectinate",500,8,0,"raw",8,0.0499999999999829,"PASS",0,"","",1,685028,"pectinate_500",NA,NA
"2026-09-13 02:29:00 UTC","084e979af137355b4f976faff6e0079237f23f72","0.2.0.9000","R version 4.6.1 (2026-06-24 ucrt)","Windows","g++","disabled_or_unavailable","","UNAVAILABLE","C","C-batch-matrix","K","pectinate",500,8,0,"raw",9,0.0499999999999829,"PASS",0,"","",1,685028,"pectinate_500",NA,NA
"2026-09-13 02:29:00 UTC","084e979af137355b4f976faff6e0079237f23f72","0.2.0.9000","R version 4.6.1 (2026-06-24 ucrt)","Windows","g++","disabled_or_unavailable","","UNAVAILABLE","C","C-batch-matrix","K","pectinate",500,8,0,"prepared",9,0.0200000000000102,"PASS",0,"","",1,685028,"pectinate_500",NA,NA
"2026-09-13 02:29:00 UTC","084e979af137355b4f976faff6e0079237f23f72","0.2.0.9000","R version 4.6.1 (2026-06-24 ucrt)","Windows","g++","disabled_or_unavailable","","UNAVAILABLE","C","C-batch-matrix","K","pectinate",500,8,0,"prepared",10,0.00999999999999091,"PASS",0,"","",1,685028,"pectinate_500",NA,NA
"2026-09-13 02:29:00 UTC","084e979af137355b4f976faff6e0079237f23f72","0.2.0.9000","R version 4.6.1 (2026-06-24 ucrt)","Windows","g++","disabled_or_unavailable","","UNAVAILABLE","C","C-batch-matrix","K","pectinate",500,8,0,"raw",10,0.0500000000000114,"PASS",0,"","",1,685028,"pectinate_500",NA,NA
"2026-09-13 02:29:00 UTC","084e979af137355b4f976faff6e0079237f23f72","0.2.0.9000","R version 4.6.1 (2026-06-24 ucrt)","Windows","g++","disabled_or_unavailable","","UNAVAILABLE","C","C-batch-matrix","fast_signal_K","pectinate",500,8,0,"raw",1,0.0600000000000023,"PASS",0,"","",1,685029,"pectinate_500",NA,NA
"2026-09-13 02:29:00 UTC","084e979af137355b4f976faff6e0079237f23f72","0.2.0.9000","R version 4.6.1 (2026-06-24 ucrt)","Windows","g++","disabled_or_unavailable","","UNAVAILABLE","C","C-batch-matrix","fast_signal_K","pectinate",500,8,0,"prepared",1,0.0199999999999818,"PASS",0,"","",1,685029,"pectinate_500",NA,NA
"2026-09-13 02:29:00 UTC","084e979af137355b4f976faff6e0079237f23f72","0.2.0.9000","R version 4.6.1 (2026-06-24 ucrt)","Windows","g++","disabled_or_unavailable","","UNAVAILABLE","C","C-batch-matrix","fast_signal_K","pectinate",500,8,0,"prepared",2,0,"PASS",0,"","",1,685029,"pectinate_500",NA,NA
"2026-09-13 02:29:00 UTC","084e979af137355b4f976faff6e0079237f23f72","0.2.0.9000","R version 4.6.1 (2026-06-24 ucrt)","Windows","g++","disabled_or_unavailable","","UNAVAILABLE","C","C-batch-matrix","fast_signal_K","pectinate",500,8,0,"raw",2,0.0499999999999829,"PASS",0,"","",1,685029,"pectinate_500",NA,NA
"2026-09-13 02:29:00 UTC","084e979af137355b4f976faff6e0079237f23f72","0.2.0.9000","R version 4.6.1 (2026-06-24 ucrt)","Windows","g++","disabled_or_unavailable","","UNAVAILABLE","C","C-batch-matrix","fast_signal_K","pectinate",500,8,0,"raw",3,0.0500000000000114,"PASS",0,"","",1,685029,"pectinate_500",NA,NA
"2026-09-13 02:29:00 UTC","084e979af137355b4f976faff6e0079237f23f72","0.2.0.9000","R version 4.6.1 (2026-06-24 ucrt)","Windows","g++","disabled_or_unavailable","","UNAVAILABLE","C","C-batch-matrix","fast_signal_K","pectinate",500,8,0,"prepared",3,0.0200000000000102,"PASS",0,"","",1,685029,"pectinate_500",NA,NA
"2026-09-13 02:29:00 UTC","084e979af137355b4f976faff6e0079237f23f72","0.2.0.9000","R version 4.6.1 (2026-06-24 ucrt)","Windows","g++","disabled_or_unavailable","","UNAVAILABLE","C","C-batch-matrix","fast_signal_K","pectinate",500,8,0,"prepared",4,0,"PASS",0,"","",1,685029,"pectinate_500",NA,NA
"2026-09-13 02:29:00 UTC","084e979af137355b4f976faff6e0079237f23f72","0.2.0.9000","R version 4.6.1 (2026-06-24 ucrt)","Windows","g++","disabled_or_unavailable","","UNAVAILABLE","C","C-batch-matrix","fast_signal_K","pectinate",500,8,0,"raw",4,0.0600000000000023,"PASS",0,"","",1,685029,"pectinate_500",NA,NA
"2026-09-13 02:29:00 UTC","084e979af137355b4f976faff6e0079237f23f72","0.2.0.9000","R version 4.6.1 (2026-06-24 ucrt)","Windows","g++","disabled_or_unavailable","","UNAVAILABLE","C","C-batch-matrix","fast_signal_K","pectinate",500,8,0,"raw",5,0.0499999999999829,"PASS",0,"","",1,685029,"pectinate_500",NA,NA
"2026-09-13 02:29:00 UTC","084e979af137355b4f976faff6e0079237f23f72","0.2.0.9000","R version 4.6.1 (2026-06-24 ucrt)","Windows","g++","disabled_or_unavailable","","UNAVAILABLE","C","C-batch-matrix","fast_signal_K","pectinate",500,8,0,"prepared",5,0.0300000000000011,"PASS",0,"","",1,685029,"pectinate_500",NA,NA
"2026-09-13 02:29:00 UTC","084e979af137355b4f976faff6e0079237f23f72","0.2.0.9000","R version 4.6.1 (2026-06-24 ucrt)","Windows","g++","disabled_or_unavailable","","UNAVAILABLE","C","C-batch-matrix","fast_signal_K","pectinate",500,8,0,"prepared",6,0,"PASS",0,"","",1,685029,"pectinate_500",NA,NA
"2026-09-13 02:29:00 UTC","084e979af137355b4f976faff6e0079237f23f72","0.2.0.9000","R version 4.6.1 (2026-06-24 ucrt)","Windows","g++","disabled_or_unavailable","","UNAVAILABLE","C","C-batch-matrix","fast_signal_K","pectinate",500,8,0,"raw",6,0.039999999999992,"PASS",0,"","",1,685029,"pectinate_500",NA,NA
"2026-09-13 02:29:00 UTC","084e979af137355b4f976faff6e0079237f23f72","0.2.0.9000","R version 4.6.1 (2026-06-24 ucrt)","Windows","g++","disabled_or_unavailable","","UNAVAILABLE","C","C-batch-matrix","fast_signal_K","pectinate",500,8,0,"raw",7,0.0500000000000114,"PASS",0,"","",1,685029,"pectinate_500",NA,NA
"2026-09-13 02:29:00 UTC","084e979af137355b4f976faff6e0079237f23f72","0.2.0.9000","R version 4.6.1 (2026-06-24 ucrt)","Windows","g++","disabled_or_unavailable","","UNAVAILABLE","C","C-batch-matrix","fast_signal_K","pectinate",500,8,0,"prepared",7,0,"PASS",0,"","",1,685029,"pectinate_500",NA,NA
"2026-09-13 02:29:00 UTC","084e979af137355b4f976faff6e0079237f23f72","0.2.0.9000","R version 4.6.1 (2026-06-24 ucrt)","Windows","g++","disabled_or_unavailable","","UNAVAILABLE","C","C-batch-matrix","fast_signal_K","pectinate",500,8,0,"prepared",8,0.00999999999999091,"PASS",0,"","",1,685029,"pectinate_500",NA,NA
"2026-09-13 02:29:00 UTC","084e979af137355b4f976faff6e0079237f23f72","0.2.0.9000","R version 4.6.1 (2026-06-24 ucrt)","Windows","g++","disabled_or_unavailable","","UNAVAILABLE","C","C-batch-matrix","fast_signal_K","pectinate",500,8,0,"raw",8,0.0400000000000205,"PASS",0,"","",1,685029,"pectinate_500",NA,NA
"2026-09-13 02:29:00 UTC","084e979af137355b4f976faff6e0079237f23f72","0.2.0.9000","R version 4.6.1 (2026-06-24 ucrt)","Windows","g++","disabled_or_unavailable","","UNAVAILABLE","C","C-batch-matrix","fast_signal_K","pectinate",500,8,0,"raw",9,0.0499999999999829,"PASS",0,"","",1,685029,"pectinate_500",NA,NA
"2026-09-13 02:29:00 UTC","084e979af137355b4f976faff6e0079237f23f72","0.2.0.9000","R version 4.6.1 (2026-06-24 ucrt)","Windows","g++","disabled_or_unavailable","","UNAVAILABLE","C","C-batch-matrix","fast_signal_K","pectinate",500,8,0,"prepared",9,0,"PASS",0,"","",1,685029,"pectinate_500",NA,NA
"2026-09-13 02:29:00 UTC","084e979af137355b4f976faff6e0079237f23f72","0.2.0.9000","R version 4.6.1 (2026-06-24 ucrt)","Windows","g++","disabled_or_unavailable","","UNAVAILABLE","C","C-batch-matrix","fast_signal_K","pectinate",500,8,0,"prepared",10,0,"PASS",0,"","",1,685029,"pectinate_500",NA,NA
"2026-09-13 02:29:00 UTC","084e979af137355b4f976faff6e0079237f23f72","0.2.0.9000","R version 4.6.1 (2026-06-24 ucrt)","Windows","g++","disabled_or_unavailable","","UNAVAILABLE","C","C-batch-matrix","fast_signal_K","pectinate",500,8,0,"raw",10,0.0800000000000125,"PASS",0,"","",1,685029,"pectinate_500",NA,NA
"2026-09-13 02:29:00 UTC","084e979af137355b4f976faff6e0079237f23f72","0.2.0.9000","R version 4.6.1 (2026-06-24 ucrt)","Windows","g++","disabled_or_unavailable","","UNAVAILABLE","C","C-batch-matrix","K","pectinate",500,32,0,"raw",1,0.0499999999999829,"PASS",0,"","",1,685052,"pectinate_500",NA,NA
"2026-09-13 02:29:00 UTC","084e979af137355b4f976faff6e0079237f23f72","0.2.0.9000","R version 4.6.1 (2026-06-24 ucrt)","Windows","g++","disabled_or_unavailable","","UNAVAILABLE","C","C-batch-matrix","K","pectinate",500,32,0,"prepared",1,0.0100000000000193,"PASS",0,"","",1,685052,"pectinate_500",NA,NA
"2026-09-13 02:29:00 UTC","084e979af137355b4f976faff6e0079237f23f72","0.2.0.9000","R version 4.6.1 (2026-06-24 ucrt)","Windows","g++","disabled_or_unavailable","","UNAVAILABLE","C","C-batch-matrix","K","pectinate",500,32,0,"prepared",2,0.0200000000000102,"PASS",0,"","",1,685052,"pectinate_500",NA,NA
"2026-09-13 02:29:00 UTC","084e979af137355b4f976faff6e0079237f23f72","0.2.0.9000","R version 4.6.1 (2026-06-24 ucrt)","Windows","g++","disabled_or_unavailable","","UNAVAILABLE","C","C-batch-matrix","K","pectinate",500,32,0,"raw",2,0.039999999999992,"PASS",0,"","",1,685052,"pectinate_500",NA,NA
"2026-09-13 02:29:00 UTC","084e979af137355b4f976faff6e0079237f23f72","0.2.0.9000","R version 4.6.1 (2026-06-24 ucrt)","Windows","g++","disabled_or_unavailable","","UNAVAILABLE","C","C-batch-matrix","K","pectinate",500,32,0,"raw",3,0.0700000000000216,"PASS",0,"","",1,685052,"pectinate_500",NA,NA
"2026-09-13 02:29:00 UTC","084e979af137355b4f976faff6e0079237f23f72","0.2.0.9000","R version 4.6.1 (2026-06-24 ucrt)","Windows","g++","disabled_or_unavailable","","UNAVAILABLE","C","C-batch-matrix","K","pectinate",500,32,0,"prepared",3,0.00999999999999091,"PASS",0,"","",1,685052,"pectinate_500",NA,NA
"2026-09-13 02:29:00 UTC","084e979af137355b4f976faff6e0079237f23f72","0.2.0.9000","R version 4.6.1 (2026-06-24 ucrt)","Windows","g++","disabled_or_unavailable","","UNAVAILABLE","C","C-batch-matrix","K","pectinate",500,32,0,"prepared",4,0.0199999999999818,"PASS",0,"","",1,685052,"pectinate_500",NA,NA
"2026-09-13 02:29:00 UTC","084e979af137355b4f976faff6e0079237f23f72","0.2.0.9000","R version 4.6.1 (2026-06-24 ucrt)","Windows","g++","disabled_or_unavailable","","UNAVAILABLE","C","C-batch-matrix","K","pectinate",500,32,0,"raw",4,0.0600000000000023,"PASS",0,"","",1,685052,"pectinate_500",NA,NA
"2026-09-13 02:29:00 UTC","084e979af137355b4f976faff6e0079237f23f72","0.2.0.9000","R version 4.6.1 (2026-06-24 ucrt)","Windows","g++","disabled_or_unavailable","","UNAVAILABLE","C","C-batch-matrix","K","pectinate",500,32,0,"raw",5,0.0600000000000023,"PASS",0,"","",1,685052,"pectinate_500",NA,NA
"2026-09-13 02:29:00 UTC","084e979af137355b4f976faff6e0079237f23f72","0.2.0.9000","R version 4.6.1 (2026-06-24 ucrt)","Windows","g++","disabled_or_unavailable","","UNAVAILABLE","C","C-batch-matrix","K","pectinate",500,32,0,"prepared",5,0.0200000000000102,"PASS",0,"","",1,685052,"pectinate_500",NA,NA
"2026-09-13 02:29:00 UTC","084e979af137355b4f976faff6e0079237f23f72","0.2.0.9000","R version 4.6.1 (2026-06-24 ucrt)","Windows","g++","disabled_or_unavailable","","UNAVAILABLE","C","C-batch-matrix","K","pectinate",500,32,0,"prepared",6,0,"PASS",0,"","",1,685052,"pectinate_500",NA,NA
"2026-09-13 02:29:00 UTC","084e979af137355b4f976faff6e0079237f23f72","0.2.0.9000","R version 4.6.1 (2026-06-24 ucrt)","Windows","g++","disabled_or_unavailable","","UNAVAILABLE","C","C-batch-matrix","K","pectinate",500,32,0,"raw",6,0.0800000000000125,"PASS",0,"","",1,685052,"pectinate_500",NA,NA
"2026-09-13 02:29:00 UTC","084e979af137355b4f976faff6e0079237f23f72","0.2.0.9000","R version 4.6.1 (2026-06-24 ucrt)","Windows","g++","disabled_or_unavailable","","UNAVAILABLE","C","C-batch-matrix","K","pectinate",500,32,0,"raw",7,0.039999999999992,"PASS",0,"","",1,685052,"pectinate_500",NA,NA
"2026-09-13 02:29:00 UTC","084e979af137355b4f976faff6e0079237f23f72","0.2.0.9000","R version 4.6.1 (2026-06-24 ucrt)","Windows","g++","disabled_or_unavailable","","UNAVAILABLE","C","C-batch-matrix","K","pectinate",500,32,0,"prepared",7,0,"PASS",0,"","",1,685052,"pectinate_500",NA,NA
"2026-09-13 02:29:00 UTC","084e979af137355b4f976faff6e0079237f23f72","0.2.0.9000","R version 4.6.1 (2026-06-24 ucrt)","Windows","g++","disabled_or_unavailable","","UNAVAILABLE","C","C-batch-matrix","K","pectinate",500,32,0,"prepared",8,0.0100000000000193,"PASS",0,"","",1,685052,"pectinate_500",NA,NA
"2026-09-13 02:29:00 UTC","084e979af137355b4f976faff6e0079237f23f72","0.2.0.9000","R version 4.6.1 (2026-06-24 ucrt)","Windows","g++","disabled_or_unavailable","","UNAVAILABLE","C","C-batch-matrix","K","pectinate",500,32,0,"raw",8,0.0500000000000114,"PASS",0,"","",1,685052,"pectinate_500",NA,NA
"2026-09-13 02:29:00 UTC","084e979af137355b4f976faff6e0079237f23f72","0.2.0.9000","R version 4.6.1 (2026-06-24 ucrt)","Windows","g++","disabled_or_unavailable","","UNAVAILABLE","C","C-batch-matrix","K","pectinate",500,32,0,"raw",9,0.0600000000000023,"PASS",0,"","",1,685052,"pectinate_500",NA,NA
"2026-09-13 02:29:00 UTC","084e979af137355b4f976faff6e0079237f23f72","0.2.0.9000","R version 4.6.1 (2026-06-24 ucrt)","Windows","g++","disabled_or_unavailable","","UNAVAILABLE","C","C-batch-matrix","K","pectinate",500,32,0,"prepared",9,0.00999999999999091,"PASS",0,"","",1,685052,"pectinate_500",NA,NA
"2026-09-13 02:29:00 UTC","084e979af137355b4f976faff6e0079237f23f72","0.2.0.9000","R version 4.6.1 (2026-06-24 ucrt)","Windows","g++","disabled_or_unavailable","","UNAVAILABLE","C","C-batch-matrix","K","pectinate",500,32,0,"prepared",10,0.0200000000000102,"PASS",0,"","",1,685052,"pectinate_500",NA,NA
"2026-09-13 02:29:00 UTC","084e979af137355b4f976faff6e0079237f23f72","0.2.0.9000","R version 4.6.1 (2026-06-24 ucrt)","Windows","g++","disabled_or_unavailable","","UNAVAILABLE","C","C-batch-matrix","K","pectinate",500,32,0,"raw",10,0.0600000000000023,"PASS",0,"","",1,685052,"pectinate_500",NA,NA
"2026-09-13 02:29:00 UTC","084e979af137355b4f976faff6e0079237f23f72","0.2.0.9000","R version 4.6.1 (2026-06-24 ucrt)","Windows","g++","disabled_or_unavailable","","UNAVAILABLE","C","C-batch-matrix","fast_signal_K","pectinate",500,32,0,"raw",1,0.0699999999999932,"PASS",0,"","",1,685053,"pectinate_500",NA,NA
"2026-09-13 02:29:00 UTC","084e979af137355b4f976faff6e0079237f23f72","0.2.0.9000","R version 4.6.1 (2026-06-24 ucrt)","Windows","g++","disabled_or_unavailable","","UNAVAILABLE","C","C-batch-matrix","fast_signal_K","pectinate",500,32,0,"prepared",1,0.00999999999999091,"PASS",0,"","",1,685053,"pectinate_500",NA,NA
"2026-09-13 02:29:00 UTC","084e979af137355b4f976faff6e0079237f23f72","0.2.0.9000","R version 4.6.1 (2026-06-24 ucrt)","Windows","g++","disabled_or_unavailable","","UNAVAILABLE","C","C-batch-matrix","fast_signal_K","pectinate",500,32,0,"prepared",2,0.0200000000000102,"PASS",0,"","",1,685053,"pectinate_500",NA,NA
"2026-09-13 02:29:00 UTC","084e979af137355b4f976faff6e0079237f23f72","0.2.0.9000","R version 4.6.1 (2026-06-24 ucrt)","Windows","g++","disabled_or_unavailable","","UNAVAILABLE","C","C-batch-matrix","fast_signal_K","pectinate",500,32,0,"raw",2,0.0600000000000023,"PASS",0,"","",1,685053,"pectinate_500",NA,NA
"2026-09-13 02:29:00 UTC","084e979af137355b4f976faff6e0079237f23f72","0.2.0.9000","R version 4.6.1 (2026-06-24 ucrt)","Windows","g++","disabled_or_unavailable","","UNAVAILABLE","C","C-batch-matrix","fast_signal_K","pectinate",500,32,0,"raw",3,0.0499999999999829,"PASS",0,"","",1,685053,"pectinate_500",NA,NA
"2026-09-13 02:29:00 UTC","084e979af137355b4f976faff6e0079237f23f72","0.2.0.9000","R version 4.6.1 (2026-06-24 ucrt)","Windows","g++","disabled_or_unavailable","","UNAVAILABLE","C","C-batch-matrix","fast_signal_K","pectinate",500,32,0,"prepared",3,0.0100000000000193,"PASS",0,"","",1,685053,"pectinate_500",NA,NA
"2026-09-13 02:29:00 UTC","084e979af137355b4f976faff6e0079237f23f72","0.2.0.9000","R version 4.6.1 (2026-06-24 ucrt)","Windows","g++","disabled_or_unavailable","","UNAVAILABLE","C","C-batch-matrix","fast_signal_K","pectinate",500,32,0,"prepared",4,0.0199999999999818,"PASS",0,"","",1,685053,"pectinate_500",NA,NA
"2026-09-13 02:29:00 UTC","084e979af137355b4f976faff6e0079237f23f72","0.2.0.9000","R version 4.6.1 (2026-06-24 ucrt)","Windows","g++","disabled_or_unavailable","","UNAVAILABLE","C","C-batch-matrix","fast_signal_K","pectinate",500,32,0,"raw",4,0.0600000000000023,"PASS",0,"","",1,685053,"pectinate_500",NA,NA
"2026-09-13 02:29:00 UTC","084e979af137355b4f976faff6e0079237f23f72","0.2.0.9000","R version 4.6.1 (2026-06-24 ucrt)","Windows","g++","disabled_or_unavailable","","UNAVAILABLE","C","C-batch-matrix","fast_signal_K","pectinate",500,32,0,"raw",5,0.0500000000000114,"PASS",0,"","",1,685053,"pectinate_500",NA,NA
"2026-09-13 02:29:00 UTC","084e979af137355b4f976faff6e0079237f23f72","0.2.0.9000","R version 4.6.1 (2026-06-24 ucrt)","Windows","g++","disabled_or_unavailable","","UNAVAILABLE","C","C-batch-matrix","fast_signal_K","pectinate",500,32,0,"prepared",5,0.0200000000000102,"PASS",0,"","",1,685053,"pectinate_500",NA,NA
"2026-09-13 02:29:00 UTC","084e979af137355b4f976faff6e0079237f23f72","0.2.0.9000","R version 4.6.1 (2026-06-24 ucrt)","Windows","g++","disabled_or_unavailable","","UNAVAILABLE","C","C-batch-matrix","fast_signal_K","pectinate",500,32,0,"prepared",6,0.0200000000000102,"PASS",0,"","",1,685053,"pectinate_500",NA,NA
"2026-09-13 02:29:00 UTC","084e979af137355b4f976faff6e0079237f23f72","0.2.0.9000","R version 4.6.1 (2026-06-24 ucrt)","Windows","g++","disabled_or_unavailable","","UNAVAILABLE","C","C-batch-matrix","fast_signal_K","pectinate",500,32,0,"raw",6,0.039999999999992,"PASS",0,"","",1,685053,"pectinate_500",NA,NA
"2026-09-13 02:29:00 UTC","084e979af137355b4f976faff6e0079237f23f72","0.2.0.9000","R version 4.6.1 (2026-06-24 ucrt)","Windows","g++","disabled_or_unavailable","","UNAVAILABLE","C","C-batch-matrix","fast_signal_K","pectinate",500,32,0,"raw",7,0.0400000000000205,"PASS",0,"","",1,685053,"pectinate_500",NA,NA
"2026-09-13 02:29:00 UTC","084e979af137355b4f976faff6e0079237f23f72","0.2.0.9000","R version 4.6.1 (2026-06-24 ucrt)","Windows","g++","disabled_or_unavailable","","UNAVAILABLE","C","C-batch-matrix","fast_signal_K","pectinate",500,32,0,"prepared",7,0.0199999999999818,"PASS",0,"","",1,685053,"pectinate_500",NA,NA
"2026-09-13 02:29:00 UTC","084e979af137355b4f976faff6e0079237f23f72","0.2.0.9000","R version 4.6.1 (2026-06-24 ucrt)","Windows","g++","disabled_or_unavailable","","UNAVAILABLE","C","C-batch-matrix","fast_signal_K","pectinate",500,32,0,"prepared",8,0.0200000000000102,"PASS",0,"","",1,685053,"pectinate_500",NA,NA
"2026-09-13 02:29:00 UTC","084e979af137355b4f976faff6e0079237f23f72","0.2.0.9000","R version 4.6.1 (2026-06-24 ucrt)","Windows","g++","disabled_or_unavailable","","UNAVAILABLE","C","C-batch-matrix","fast_signal_K","pectinate",500,32,0,"raw",8,0.039999999999992,"PASS",0,"","",1,685053,"pectinate_500",NA,NA
"2026-09-13 02:29:00 UTC","084e979af137355b4f976faff6e0079237f23f72","0.2.0.9000","R version 4.6.1 (2026-06-24 ucrt)","Windows","g++","disabled_or_unavailable","","UNAVAILABLE","C","C-batch-matrix","fast_signal_K","pectinate",500,32,0,"raw",9,0.0600000000000023,"PASS",0,"","",1,685053,"pectinate_500",NA,NA
"2026-09-13 02:29:00 UTC","084e979af137355b4f976faff6e0079237f23f72","0.2.0.9000","R version 4.6.1 (2026-06-24 ucrt)","Windows","g++","disabled_or_unavailable","","UNAVAILABLE","C","C-batch-matrix","fast_signal_K","pectinate",500,32,0,"prepared",9,0.0199999999999818,"PASS",0,"","",1,685053,"pectinate_500",NA,NA
"2026-09-13 02:29:00 UTC","084e979af137355b4f976faff6e0079237f23f72","0.2.0.9000","R version 4.6.1 (2026-06-24 ucrt)","Windows","g++","disabled_or_unavailable","","UNAVAILABLE","C","C-batch-matrix","fast_signal_K","pectinate",500,32,0,"prepared",10,0.0100000000000193,"PASS",0,"","",1,685053,"pectinate_500",NA,NA
"2026-09-13 02:29:00 UTC","084e979af137355b4f976faff6e0079237f23f72","0.2.0.9000","R version 4.6.1 (2026-06-24 ucrt)","Windows","g++","disabled_or_unavailable","","UNAVAILABLE","C","C-batch-matrix","fast_signal_K","pectinate",500,32,0,"raw",10,0.0600000000000023,"PASS",0,"","",1,685053,"pectinate_500",NA,NA
"2026-09-13 02:29:00 UTC","084e979af137355b4f976faff6e0079237f23f72","0.2.0.9000","R version 4.6.1 (2026-06-24 ucrt)","Windows","g++","disabled_or_unavailable","","UNAVAILABLE","C","C-batch-matrix","K","pectinate",500,100,0,"raw",1,0.0700000000000216,"PASS",0,"","",1,685120,"pectinate_500",NA,NA
"2026-09-13 02:29:00 UTC","084e979af137355b4f976faff6e0079237f23f72","0.2.0.9000","R version 4.6.1 (2026-06-24 ucrt)","Windows","g++","disabled_or_unavailable","","UNAVAILABLE","C","C-batch-matrix","K","pectinate",500,100,0,"prepared",1,0.0299999999999727,"PASS",0,"","",1,685120,"pectinate_500",NA,NA
"2026-09-13 02:29:00 UTC","084e979af137355b4f976faff6e0079237f23f72","0.2.0.9000","R version 4.6.1 (2026-06-24 ucrt)","Windows","g++","disabled_or_unavailable","","UNAVAILABLE","C","C-batch-matrix","K","pectinate",500,100,0,"prepared",2,0.0300000000000011,"PASS",0,"","",1,685120,"pectinate_500",NA,NA
"2026-09-13 02:29:00 UTC","084e979af137355b4f976faff6e0079237f23f72","0.2.0.9000","R version 4.6.1 (2026-06-24 ucrt)","Windows","g++","disabled_or_unavailable","","UNAVAILABLE","C","C-batch-matrix","K","pectinate",500,100,0,"raw",2,0.0400000000000205,"PASS",0,"","",1,685120,"pectinate_500",NA,NA
"2026-09-13 02:29:00 UTC","084e979af137355b4f976faff6e0079237f23f72","0.2.0.9000","R version 4.6.1 (2026-06-24 ucrt)","Windows","g++","disabled_or_unavailable","","UNAVAILABLE","C","C-batch-matrix","K","pectinate",500,100,0,"raw",3,0.0600000000000023,"PASS",0,"","",1,685120,"pectinate_500",NA,NA
"2026-09-13 02:29:00 UTC","084e979af137355b4f976faff6e0079237f23f72","0.2.0.9000","R version 4.6.1 (2026-06-24 ucrt)","Windows","g++","disabled_or_unavailable","","UNAVAILABLE","C","C-batch-matrix","K","pectinate",500,100,0,"prepared",3,0.0200000000000102,"PASS",0,"","",1,685120,"pectinate_500",NA,NA
"2026-09-13 02:29:00 UTC","084e979af137355b4f976faff6e0079237f23f72","0.2.0.9000","R version 4.6.1 (2026-06-24 ucrt)","Windows","g++","disabled_or_unavailable","","UNAVAILABLE","C","C-batch-matrix","K","pectinate",500,100,0,"prepared",4,0.0300000000000011,"PASS",0,"","",1,685120,"pectinate_500",NA,NA
"2026-09-13 02:29:00 UTC","084e979af137355b4f976faff6e0079237f23f72","0.2.0.9000","R version 4.6.1 (2026-06-24 ucrt)","Windows","g++","disabled_or_unavailable","","UNAVAILABLE","C","C-batch-matrix","K","pectinate",500,100,0,"raw",4,0.0600000000000023,"PASS",0,"","",1,685120,"pectinate_500",NA,NA
"2026-09-13 02:29:00 UTC","084e979af137355b4f976faff6e0079237f23f72","0.2.0.9000","R version 4.6.1 (2026-06-24 ucrt)","Windows","g++","disabled_or_unavailable","","UNAVAILABLE","C","C-batch-matrix","K","pectinate",500,100,0,"raw",5,0.0600000000000023,"PASS",0,"","",1,685120,"pectinate_500",NA,NA
"2026-09-13 02:29:00 UTC","084e979af137355b4f976faff6e0079237f23f72","0.2.0.9000","R version 4.6.1 (2026-06-24 ucrt)","Windows","g++","disabled_or_unavailable","","UNAVAILABLE","C","C-batch-matrix","K","pectinate",500,100,0,"prepared",5,0.039999999999992,"PASS",0,"","",1,685120,"pectinate_500",NA,NA
"2026-09-13 02:29:00 UTC","084e979af137355b4f976faff6e0079237f23f72","0.2.0.9000","R version 4.6.1 (2026-06-24 ucrt)","Windows","g++","disabled_or_unavailable","","UNAVAILABLE","C","C-batch-matrix","K","pectinate",500,100,0,"prepared",6,0.00999999999999091,"PASS",0,"","",1,685120,"pectinate_500",NA,NA
"2026-09-13 02:29:00 UTC","084e979af137355b4f976faff6e0079237f23f72","0.2.0.9000","R version 4.6.1 (2026-06-24 ucrt)","Windows","g++","disabled_or_unavailable","","UNAVAILABLE","C","C-batch-matrix","K","pectinate",500,100,0,"raw",6,0.0800000000000125,"PASS",0,"","",1,685120,"pectinate_500",NA,NA
"2026-09-13 02:29:00 UTC","084e979af137355b4f976faff6e0079237f23f72","0.2.0.9000","R version 4.6.1 (2026-06-24 ucrt)","Windows","g++","disabled_or_unavailable","","UNAVAILABLE","C","C-batch-matrix","K","pectinate",500,100,0,"raw",7,0.0600000000000023,"PASS",0,"","",1,685120,"pectinate_500",NA,NA
"2026-09-13 02:29:00 UTC","084e979af137355b4f976faff6e0079237f23f72","0.2.0.9000","R version 4.6.1 (2026-06-24 ucrt)","Windows","g++","disabled_or_unavailable","","UNAVAILABLE","C","C-batch-matrix","K","pectinate",500,100,0,"prepared",7,0.0199999999999818,"PASS",0,"","",1,685120,"pectinate_500",NA,NA
"2026-09-13 02:29:00 UTC","084e979af137355b4f976faff6e0079237f23f72","0.2.0.9000","R version 4.6.1 (2026-06-24 ucrt)","Windows","g++","disabled_or_unavailable","","UNAVAILABLE","C","C-batch-matrix","K","pectinate",500,100,0,"prepared",8,0.0100000000000193,"PASS",0,"","",1,685120,"pectinate_500",NA,NA
"2026-09-13 02:29:00 UTC","084e979af137355b4f976faff6e0079237f23f72","0.2.0.9000","R version 4.6.1 (2026-06-24 ucrt)","Windows","g++","disabled_or_unavailable","","UNAVAILABLE","C","C-batch-matrix","K","pectinate",500,100,0,"raw",8,0.0600000000000023,"PASS",0,"","",1,685120,"pectinate_500",NA,NA
"2026-09-13 02:29:00 UTC","084e979af137355b4f976faff6e0079237f23f72","0.2.0.9000","R version 4.6.1 (2026-06-24 ucrt)","Windows","g++","disabled_or_unavailable","","UNAVAILABLE","C","C-batch-matrix","K","pectinate",500,100,0,"raw",9,0.0600000000000023,"PASS",0,"","",1,685120,"pectinate_500",NA,NA
"2026-09-13 02:29:00 UTC","084e979af137355b4f976faff6e0079237f23f72","0.2.0.9000","R version 4.6.1 (2026-06-24 ucrt)","Windows","g++","disabled_or_unavailable","","UNAVAILABLE","C","C-batch-matrix","K","pectinate",500,100,0,"prepared",9,0.0200000000000102,"PASS",0,"","",1,685120,"pectinate_500",NA,NA
"2026-09-13 02:29:00 UTC","084e979af137355b4f976faff6e0079237f23f72","0.2.0.9000","R version 4.6.1 (2026-06-24 ucrt)","Windows","g++","disabled_or_unavailable","","UNAVAILABLE","C","C-batch-matrix","K","pectinate",500,100,0,"prepared",10,0.00999999999999091,"PASS",0,"","",1,685120,"pectinate_500",NA,NA
"2026-09-13 02:29:00 UTC","084e979af137355b4f976faff6e0079237f23f72","0.2.0.9000","R version 4.6.1 (2026-06-24 ucrt)","Windows","g++","disabled_or_unavailable","","UNAVAILABLE","C","C-batch-matrix","K","pectinate",500,100,0,"raw",10,0.0799999999999841,"PASS",0,"","",1,685120,"pectinate_500",NA,NA
"2026-09-13 02:29:00 UTC","084e979af137355b4f976faff6e0079237f23f72","0.2.0.9000","R version 4.6.1 (2026-06-24 ucrt)","Windows","g++","disabled_or_unavailable","","UNAVAILABLE","C","C-batch-matrix","fast_signal_K","pectinate",500,100,0,"raw",1,0.0700000000000216,"PASS",0,"","",1,685121,"pectinate_500",NA,NA
"2026-09-13 02:29:00 UTC","084e979af137355b4f976faff6e0079237f23f72","0.2.0.9000","R version 4.6.1 (2026-06-24 ucrt)","Windows","g++","disabled_or_unavailable","","UNAVAILABLE","C","C-batch-matrix","fast_signal_K","pectinate",500,100,0,"prepared",1,0.00999999999999091,"PASS",0,"","",1,685121,"pectinate_500",NA,NA
"2026-09-13 02:29:00 UTC","084e979af137355b4f976faff6e0079237f23f72","0.2.0.9000","R version 4.6.1 (2026-06-24 ucrt)","Windows","g++","disabled_or_unavailable","","UNAVAILABLE","C","C-batch-matrix","fast_signal_K","pectinate",500,100,0,"prepared",2,0.0300000000000011,"PASS",0,"","",1,685121,"pectinate_500",NA,NA
"2026-09-13 02:29:00 UTC","084e979af137355b4f976faff6e0079237f23f72","0.2.0.9000","R version 4.6.1 (2026-06-24 ucrt)","Windows","g++","disabled_or_unavailable","","UNAVAILABLE","C","C-batch-matrix","fast_signal_K","pectinate",500,100,0,"raw",2,0.0600000000000023,"PASS",0,"","",1,685121,"pectinate_500",NA,NA
"2026-09-13 02:29:00 UTC","084e979af137355b4f976faff6e0079237f23f72","0.2.0.9000","R version 4.6.1 (2026-06-24 ucrt)","Windows","g++","disabled_or_unavailable","","UNAVAILABLE","C","C-batch-matrix","fast_signal_K","pectinate",500,100,0,"raw",3,0.0699999999999932,"PASS",0,"","",1,685121,"pectinate_500",NA,NA
"2026-09-13 02:29:00 UTC","084e979af137355b4f976faff6e0079237f23f72","0.2.0.9000","R version 4.6.1 (2026-06-24 ucrt)","Windows","g++","disabled_or_unavailable","","UNAVAILABLE","C","C-batch-matrix","fast_signal_K","pectinate",500,100,0,"prepared",3,0.00999999999999091,"PASS",0,"","",1,685121,"pectinate_500",NA,NA
"2026-09-13 02:29:00 UTC","084e979af137355b4f976faff6e0079237f23f72","0.2.0.9000","R version 4.6.1 (2026-06-24 ucrt)","Windows","g++","disabled_or_unavailable","","UNAVAILABLE","C","C-batch-matrix","fast_signal_K","pectinate",500,100,0,"prepared",4,0.00999999999999091,"PASS",0,"","",1,685121,"pectinate_500",NA,NA
"2026-09-13 02:29:00 UTC","084e979af137355b4f976faff6e0079237f23f72","0.2.0.9000","R version 4.6.1 (2026-06-24 ucrt)","Windows","g++","disabled_or_unavailable","","UNAVAILABLE","C","C-batch-matrix","fast_signal_K","pectinate",500,100,0,"raw",4,0.0699999999999932,"PASS",0,"","",1,685121,"pectinate_500",NA,NA
"2026-09-13 02:29:00 UTC","084e979af137355b4f976faff6e0079237f23f72","0.2.0.9000","R version 4.6.1 (2026-06-24 ucrt)","Windows","g++","disabled_or_unavailable","","UNAVAILABLE","C","C-batch-matrix","fast_signal_K","pectinate",500,100,0,"raw",5,0.0600000000000023,"PASS",0,"","",1,685121,"pectinate_500",NA,NA
"2026-09-13 02:29:00 UTC","084e979af137355b4f976faff6e0079237f23f72","0.2.0.9000","R version 4.6.1 (2026-06-24 ucrt)","Windows","g++","disabled_or_unavailable","","UNAVAILABLE","C","C-batch-matrix","fast_signal_K","pectinate",500,100,0,"prepared",5,0.0300000000000011,"PASS",0,"","",1,685121,"pectinate_500",NA,NA
"2026-09-13 02:29:00 UTC","084e979af137355b4f976faff6e0079237f23f72","0.2.0.9000","R version 4.6.1 (2026-06-24 ucrt)","Windows","g++","disabled_or_unavailable","","UNAVAILABLE","C","C-batch-matrix","fast_signal_K","pectinate",500,100,0,"prepared",6,0.0300000000000011,"PASS",0,"","",1,685121,"pectinate_500",NA,NA
"2026-09-13 02:29:00 UTC","084e979af137355b4f976faff6e0079237f23f72","0.2.0.9000","R version 4.6.1 (2026-06-24 ucrt)","Windows","g++","disabled_or_unavailable","","UNAVAILABLE","C","C-batch-matrix","fast_signal_K","pectinate",500,100,0,"raw",6,0.0600000000000023,"PASS",0,"","",1,685121,"pectinate_500",NA,NA
"2026-09-13 02:29:00 UTC","084e979af137355b4f976faff6e0079237f23f72","0.2.0.9000","R version 4.6.1 (2026-06-24 ucrt)","Windows","g++","disabled_or_unavailable","","UNAVAILABLE","C","C-batch-matrix","fast_signal_K","pectinate",500,100,0,"raw",7,0.0699999999999932,"PASS",0,"","",1,685121,"pectinate_500",NA,NA
"2026-09-13 02:29:00 UTC","084e979af137355b4f976faff6e0079237f23f72","0.2.0.9000","R version 4.6.1 (2026-06-24 ucrt)","Windows","g++","disabled_or_unavailable","","UNAVAILABLE","C","C-batch-matrix","fast_signal_K","pectinate",500,100,0,"prepared",7,0.0100000000000193,"PASS",0,"","",1,685121,"pectinate_500",NA,NA
"2026-09-13 02:29:00 UTC","084e979af137355b4f976faff6e0079237f23f72","0.2.0.9000","R version 4.6.1 (2026-06-24 ucrt)","Windows","g++","disabled_or_unavailable","","UNAVAILABLE","C","C-batch-matrix","fast_signal_K","pectinate",500,100,0,"prepared",8,0.0100000000000193,"PASS",0,"","",1,685121,"pectinate_500",NA,NA
"2026-09-13 02:29:00 UTC","084e979af137355b4f976faff6e0079237f23f72","0.2.0.9000","R version 4.6.1 (2026-06-24 ucrt)","Windows","g++","disabled_or_unavailable","","UNAVAILABLE","C","C-batch-matrix","fast_signal_K","pectinate",500,100,0,"raw",8,0.0699999999999932,"PASS",0,"","",1,685121,"pectinate_500",NA,NA
"2026-09-13 02:29:00 UTC","084e979af137355b4f976faff6e0079237f23f72","0.2.0.9000","R version 4.6.1 (2026-06-24 ucrt)","Windows","g++","disabled_or_unavailable","","UNAVAILABLE","C","C-batch-matrix","fast_signal_K","pectinate",500,100,0,"raw",9,0.0600000000000023,"PASS",0,"","",1,685121,"pectinate_500",NA,NA
"2026-09-13 02:29:00 UTC","084e979af137355b4f976faff6e0079237f23f72","0.2.0.9000","R version 4.6.1 (2026-06-24 ucrt)","Windows","g++","disabled_or_unavailable","","UNAVAILABLE","C","C-batch-matrix","fast_signal_K","pectinate",500,100,0,"prepared",9,0.0200000000000102,"PASS",0,"","",1,685121,"pectinate_500",NA,NA
"2026-09-13 02:29:00 UTC","084e979af137355b4f976faff6e0079237f23f72","0.2.0.9000","R version 4.6.1 (2026-06-24 ucrt)","Windows","g++","disabled_or_unavailable","","UNAVAILABLE","C","C-batch-matrix","fast_signal_K","pectinate",500,100,0,"prepared",10,0.0200000000000102,"PASS",0,"","",1,685121,"pectinate_500",NA,NA
"2026-09-13 02:29:00 UTC","084e979af137355b4f976faff6e0079237f23f72","0.2.0.9000","R version 4.6.1 (2026-06-24 ucrt)","Windows","g++","disabled_or_unavailable","","UNAVAILABLE","C","C-batch-matrix","fast_signal_K","pectinate",500,100,0,"raw",10,0.0600000000000023,"PASS",0,"","",1,685121,"pectinate_500",NA,NA
"2026-09-13 02:29:00 UTC","084e979af137355b4f976faff6e0079237f23f72","0.2.0.9000","R version 4.6.1 (2026-06-24 ucrt)","Windows","g++","disabled_or_unavailable","","UNAVAILABLE","C","D-permutation-heavy","K","balanced",500,1,999,"raw",1,0.0799999999999841,"PASS",0,"","",1,872520,"balanced_500",NA,NA
"2026-09-13 02:29:00 UTC","084e979af137355b4f976faff6e0079237f23f72","0.2.0.9000","R version 4.6.1 (2026-06-24 ucrt)","Windows","g++","disabled_or_unavailable","","UNAVAILABLE","C","D-permutation-heavy","K","balanced",500,1,999,"prepared",1,0.0500000000000114,"PASS",0,"","",1,872520,"balanced_500",NA,NA
"2026-09-13 02:29:00 UTC","084e979af137355b4f976faff6e0079237f23f72","0.2.0.9000","R version 4.6.1 (2026-06-24 ucrt)","Windows","g++","disabled_or_unavailable","","UNAVAILABLE","C","D-permutation-heavy","K","balanced",500,1,999,"prepared",2,0.0500000000000114,"PASS",0,"","",1,872520,"balanced_500",NA,NA
"2026-09-13 02:29:00 UTC","084e979af137355b4f976faff6e0079237f23f72","0.2.0.9000","R version 4.6.1 (2026-06-24 ucrt)","Windows","g++","disabled_or_unavailable","","UNAVAILABLE","C","D-permutation-heavy","K","balanced",500,1,999,"raw",2,0.0699999999999932,"PASS",0,"","",1,872520,"balanced_500",NA,NA
"2026-09-13 02:29:00 UTC","084e979af137355b4f976faff6e0079237f23f72","0.2.0.9000","R version 4.6.1 (2026-06-24 ucrt)","Windows","g++","disabled_or_unavailable","","UNAVAILABLE","C","D-permutation-heavy","K","balanced",500,1,999,"raw",3,0.0799999999999841,"PASS",0,"","",1,872520,"balanced_500",NA,NA
"2026-09-13 02:29:00 UTC","084e979af137355b4f976faff6e0079237f23f72","0.2.0.9000","R version 4.6.1 (2026-06-24 ucrt)","Windows","g++","disabled_or_unavailable","","UNAVAILABLE","C","D-permutation-heavy","K","balanced",500,1,999,"prepared",3,0.0300000000000011,"PASS",0,"","",1,872520,"balanced_500",NA,NA
"2026-09-13 02:29:00 UTC","084e979af137355b4f976faff6e0079237f23f72","0.2.0.9000","R version 4.6.1 (2026-06-24 ucrt)","Windows","g++","disabled_or_unavailable","","UNAVAILABLE","C","D-permutation-heavy","K","balanced",500,1,999,"prepared",4,0.0500000000000114,"PASS",0,"","",1,872520,"balanced_500",NA,NA
"2026-09-13 02:29:00 UTC","084e979af137355b4f976faff6e0079237f23f72","0.2.0.9000","R version 4.6.1 (2026-06-24 ucrt)","Windows","g++","disabled_or_unavailable","","UNAVAILABLE","C","D-permutation-heavy","K","balanced",500,1,999,"raw",4,0.0699999999999932,"PASS",0,"","",1,872520,"balanced_500",NA,NA
"2026-09-13 02:29:00 UTC","084e979af137355b4f976faff6e0079237f23f72","0.2.0.9000","R version 4.6.1 (2026-06-24 ucrt)","Windows","g++","disabled_or_unavailable","","UNAVAILABLE","C","D-permutation-heavy","K","balanced",500,1,999,"raw",5,0.0999999999999943,"PASS",0,"","",1,872520,"balanced_500",NA,NA
"2026-09-13 02:29:00 UTC","084e979af137355b4f976faff6e0079237f23f72","0.2.0.9000","R version 4.6.1 (2026-06-24 ucrt)","Windows","g++","disabled_or_unavailable","","UNAVAILABLE","C","D-permutation-heavy","K","balanced",500,1,999,"prepared",5,0.039999999999992,"PASS",0,"","",1,872520,"balanced_500",NA,NA
"2026-09-13 02:29:00 UTC","084e979af137355b4f976faff6e0079237f23f72","0.2.0.9000","R version 4.6.1 (2026-06-24 ucrt)","Windows","g++","disabled_or_unavailable","","UNAVAILABLE","C","D-permutation-heavy","K","balanced",500,1,999,"prepared",6,0.0400000000000205,"PASS",0,"","",1,872520,"balanced_500",NA,NA
"2026-09-13 02:29:00 UTC","084e979af137355b4f976faff6e0079237f23f72","0.2.0.9000","R version 4.6.1 (2026-06-24 ucrt)","Windows","g++","disabled_or_unavailable","","UNAVAILABLE","C","D-permutation-heavy","K","balanced",500,1,999,"raw",6,0.0699999999999932,"PASS",0,"","",1,872520,"balanced_500",NA,NA
"2026-09-13 02:29:00 UTC","084e979af137355b4f976faff6e0079237f23f72","0.2.0.9000","R version 4.6.1 (2026-06-24 ucrt)","Windows","g++","disabled_or_unavailable","","UNAVAILABLE","C","D-permutation-heavy","K","balanced",500,1,999,"raw",7,0.0800000000000125,"PASS",0,"","",1,872520,"balanced_500",NA,NA
"2026-09-13 02:29:00 UTC","084e979af137355b4f976faff6e0079237f23f72","0.2.0.9000","R version 4.6.1 (2026-06-24 ucrt)","Windows","g++","disabled_or_unavailable","","UNAVAILABLE","C","D-permutation-heavy","K","balanced",500,1,999,"prepared",7,0.0600000000000023,"PASS",0,"","",1,872520,"balanced_500",NA,NA
"2026-09-13 02:29:00 UTC","084e979af137355b4f976faff6e0079237f23f72","0.2.0.9000","R version 4.6.1 (2026-06-24 ucrt)","Windows","g++","disabled_or_unavailable","","UNAVAILABLE","C","D-permutation-heavy","K","balanced",500,1,999,"prepared",8,0.0499999999999829,"PASS",0,"","",1,872520,"balanced_500",NA,NA
"2026-09-13 02:29:00 UTC","084e979af137355b4f976faff6e0079237f23f72","0.2.0.9000","R version 4.6.1 (2026-06-24 ucrt)","Windows","g++","disabled_or_unavailable","","UNAVAILABLE","C","D-permutation-heavy","K","balanced",500,1,999,"raw",8,0.0700000000000216,"PASS",0,"","",1,872520,"balanced_500",NA,NA
"2026-09-13 02:29:00 UTC","084e979af137355b4f976faff6e0079237f23f72","0.2.0.9000","R version 4.6.1 (2026-06-24 ucrt)","Windows","g++","disabled_or_unavailable","","UNAVAILABLE","C","D-permutation-heavy","K","balanced",500,1,999,"raw",9,0.0799999999999841,"PASS",0,"","",1,872520,"balanced_500",NA,NA
"2026-09-13 02:29:00 UTC","084e979af137355b4f976faff6e0079237f23f72","0.2.0.9000","R version 4.6.1 (2026-06-24 ucrt)","Windows","g++","disabled_or_unavailable","","UNAVAILABLE","C","D-permutation-heavy","K","balanced",500,1,999,"prepared",9,0.0500000000000114,"PASS",0,"","",1,872520,"balanced_500",NA,NA
"2026-09-13 02:29:00 UTC","084e979af137355b4f976faff6e0079237f23f72","0.2.0.9000","R version 4.6.1 (2026-06-24 ucrt)","Windows","g++","disabled_or_unavailable","","UNAVAILABLE","C","D-permutation-heavy","K","balanced",500,1,999,"prepared",10,0.0300000000000011,"PASS",0,"","",1,872520,"balanced_500",NA,NA
"2026-09-13 02:29:00 UTC","084e979af137355b4f976faff6e0079237f23f72","0.2.0.9000","R version 4.6.1 (2026-06-24 ucrt)","Windows","g++","disabled_or_unavailable","","UNAVAILABLE","C","D-permutation-heavy","K","balanced",500,1,999,"raw",10,0.0700000000000216,"PASS",0,"","",1,872520,"balanced_500",NA,NA
"2026-09-13 02:29:00 UTC","084e979af137355b4f976faff6e0079237f23f72","0.2.0.9000","R version 4.6.1 (2026-06-24 ucrt)","Windows","g++","disabled_or_unavailable","","UNAVAILABLE","C","D-permutation-heavy","D","balanced",500,1,999,"raw",1,0.20999999999998,"PASS",0,"","",1,872530,"balanced_500",NA,NA
"2026-09-13 02:29:00 UTC","084e979af137355b4f976faff6e0079237f23f72","0.2.0.9000","R version 4.6.1 (2026-06-24 ucrt)","Windows","g++","disabled_or_unavailable","","UNAVAILABLE","C","D-permutation-heavy","D","balanced",500,1,999,"prepared",1,0.180000000000007,"PASS",0,"","",1,872530,"balanced_500",NA,NA
"2026-09-13 02:29:00 UTC","084e979af137355b4f976faff6e0079237f23f72","0.2.0.9000","R version 4.6.1 (2026-06-24 ucrt)","Windows","g++","disabled_or_unavailable","","UNAVAILABLE","C","D-permutation-heavy","D","balanced",500,1,999,"prepared",2,0.169999999999987,"PASS",0,"","",1,872530,"balanced_500",NA,NA
"2026-09-13 02:29:00 UTC","084e979af137355b4f976faff6e0079237f23f72","0.2.0.9000","R version 4.6.1 (2026-06-24 ucrt)","Windows","g++","disabled_or_unavailable","","UNAVAILABLE","C","D-permutation-heavy","D","balanced",500,1,999,"raw",2,0.219999999999999,"PASS",0,"","",1,872530,"balanced_500",NA,NA
"2026-09-13 02:29:00 UTC","084e979af137355b4f976faff6e0079237f23f72","0.2.0.9000","R version 4.6.1 (2026-06-24 ucrt)","Windows","g++","disabled_or_unavailable","","UNAVAILABLE","C","D-permutation-heavy","D","balanced",500,1,999,"raw",3,0.210000000000008,"PASS",0,"","",1,872530,"balanced_500",NA,NA
"2026-09-13 02:29:00 UTC","084e979af137355b4f976faff6e0079237f23f72","0.2.0.9000","R version 4.6.1 (2026-06-24 ucrt)","Windows","g++","disabled_or_unavailable","","UNAVAILABLE","C","D-permutation-heavy","D","balanced",500,1,999,"prepared",3,0.169999999999987,"PASS",0,"","",1,872530,"balanced_500",NA,NA
"2026-09-13 02:29:00 UTC","084e979af137355b4f976faff6e0079237f23f72","0.2.0.9000","R version 4.6.1 (2026-06-24 ucrt)","Windows","g++","disabled_or_unavailable","","UNAVAILABLE","C","D-permutation-heavy","D","balanced",500,1,999,"prepared",4,0.170000000000016,"PASS",0,"","",1,872530,"balanced_500",NA,NA
"2026-09-13 02:29:00 UTC","084e979af137355b4f976faff6e0079237f23f72","0.2.0.9000","R version 4.6.1 (2026-06-24 ucrt)","Windows","g++","disabled_or_unavailable","","UNAVAILABLE","C","D-permutation-heavy","D","balanced",500,1,999,"raw",4,0.20999999999998,"PASS",0,"","",1,872530,"balanced_500",NA,NA
"2026-09-13 02:29:00 UTC","084e979af137355b4f976faff6e0079237f23f72","0.2.0.9000","R version 4.6.1 (2026-06-24 ucrt)","Windows","g++","disabled_or_unavailable","","UNAVAILABLE","C","D-permutation-heavy","D","balanced",500,1,999,"raw",5,0.219999999999999,"PASS",0,"","",1,872530,"balanced_500",NA,NA
"2026-09-13 02:29:00 UTC","084e979af137355b4f976faff6e0079237f23f72","0.2.0.9000","R version 4.6.1 (2026-06-24 ucrt)","Windows","g++","disabled_or_unavailable","","UNAVAILABLE","C","D-permutation-heavy","D","balanced",500,1,999,"prepared",5,0.159999999999997,"PASS",0,"","",1,872530,"balanced_500",NA,NA
"2026-09-13 02:29:00 UTC","084e979af137355b4f976faff6e0079237f23f72","0.2.0.9000","R version 4.6.1 (2026-06-24 ucrt)","Windows","g++","disabled_or_unavailable","","UNAVAILABLE","C","D-permutation-heavy","D","balanced",500,1,999,"prepared",6,0.180000000000007,"PASS",0,"","",1,872530,"balanced_500",NA,NA
"2026-09-13 02:29:00 UTC","084e979af137355b4f976faff6e0079237f23f72","0.2.0.9000","R version 4.6.1 (2026-06-24 ucrt)","Windows","g++","disabled_or_unavailable","","UNAVAILABLE","C","D-permutation-heavy","D","balanced",500,1,999,"raw",6,0.210000000000008,"PASS",0,"","",1,872530,"balanced_500",NA,NA
"2026-09-13 02:29:00 UTC","084e979af137355b4f976faff6e0079237f23f72","0.2.0.9000","R version 4.6.1 (2026-06-24 ucrt)","Windows","g++","disabled_or_unavailable","","UNAVAILABLE","C","D-permutation-heavy","D","balanced",500,1,999,"raw",7,0.219999999999999,"PASS",0,"","",1,872530,"balanced_500",NA,NA
"2026-09-13 02:29:00 UTC","084e979af137355b4f976faff6e0079237f23f72","0.2.0.9000","R version 4.6.1 (2026-06-24 ucrt)","Windows","g++","disabled_or_unavailable","","UNAVAILABLE","C","D-permutation-heavy","D","balanced",500,1,999,"prepared",7,0.180000000000007,"PASS",0,"","",1,872530,"balanced_500",NA,NA
"2026-09-13 02:29:00 UTC","084e979af137355b4f976faff6e0079237f23f72","0.2.0.9000","R version 4.6.1 (2026-06-24 ucrt)","Windows","g++","disabled_or_unavailable","","UNAVAILABLE","C","D-permutation-heavy","D","balanced",500,1,999,"prepared",8,0.169999999999987,"PASS",0,"","",1,872530,"balanced_500",NA,NA
"2026-09-13 02:29:00 UTC","084e979af137355b4f976faff6e0079237f23f72","0.2.0.9000","R version 4.6.1 (2026-06-24 ucrt)","Windows","g++","disabled_or_unavailable","","UNAVAILABLE","C","D-permutation-heavy","D","balanced",500,1,999,"raw",8,0.219999999999999,"PASS",0,"","",1,872530,"balanced_500",NA,NA
"2026-09-13 02:29:00 UTC","084e979af137355b4f976faff6e0079237f23f72","0.2.0.9000","R version 4.6.1 (2026-06-24 ucrt)","Windows","g++","disabled_or_unavailable","","UNAVAILABLE","C","D-permutation-heavy","D","balanced",500,1,999,"raw",9,0.219999999999999,"PASS",0,"","",1,872530,"balanced_500",NA,NA
"2026-09-13 02:29:00 UTC","084e979af137355b4f976faff6e0079237f23f72","0.2.0.9000","R version 4.6.1 (2026-06-24 ucrt)","Windows","g++","disabled_or_unavailable","","UNAVAILABLE","C","D-permutation-heavy","D","balanced",500,1,999,"prepared",9,0.170000000000016,"PASS",0,"","",1,872530,"balanced_500",NA,NA
"2026-09-13 02:29:00 UTC","084e979af137355b4f976faff6e0079237f23f72","0.2.0.9000","R version 4.6.1 (2026-06-24 ucrt)","Windows","g++","disabled_or_unavailable","","UNAVAILABLE","C","D-permutation-heavy","D","balanced",500,1,999,"prepared",10,0.169999999999987,"PASS",0,"","",1,872530,"balanced_500",NA,NA
"2026-09-13 02:29:00 UTC","084e979af137355b4f976faff6e0079237f23f72","0.2.0.9000","R version 4.6.1 (2026-06-24 ucrt)","Windows","g++","disabled_or_unavailable","","UNAVAILABLE","C","D-permutation-heavy","D","balanced",500,1,999,"raw",10,0.219999999999999,"PASS",0,"","",1,872530,"balanced_500",NA,NA
"2026-09-13 02:29:00 UTC","084e979af137355b4f976faff6e0079237f23f72","0.2.0.9000","R version 4.6.1 (2026-06-24 ucrt)","Windows","g++","disabled_or_unavailable","","UNAVAILABLE","C","D-permutation-heavy","K","balanced",2000,1,999,"raw",1,0.310000000000002,"PASS",0,"","",1,874020,"balanced_2000",NA,NA
"2026-09-13 02:29:00 UTC","084e979af137355b4f976faff6e0079237f23f72","0.2.0.9000","R version 4.6.1 (2026-06-24 ucrt)","Windows","g++","disabled_or_unavailable","","UNAVAILABLE","C","D-permutation-heavy","K","balanced",2000,1,999,"prepared",1,0.140000000000015,"PASS",0,"","",1,874020,"balanced_2000",NA,NA
"2026-09-13 02:29:00 UTC","084e979af137355b4f976faff6e0079237f23f72","0.2.0.9000","R version 4.6.1 (2026-06-24 ucrt)","Windows","g++","disabled_or_unavailable","","UNAVAILABLE","C","D-permutation-heavy","K","balanced",2000,1,999,"prepared",2,0.159999999999997,"PASS",0,"","",1,874020,"balanced_2000",NA,NA
"2026-09-13 02:29:00 UTC","084e979af137355b4f976faff6e0079237f23f72","0.2.0.9000","R version 4.6.1 (2026-06-24 ucrt)","Windows","g++","disabled_or_unavailable","","UNAVAILABLE","C","D-permutation-heavy","K","balanced",2000,1,999,"raw",2,0.310000000000002,"PASS",0,"","",1,874020,"balanced_2000",NA,NA
"2026-09-13 02:29:00 UTC","084e979af137355b4f976faff6e0079237f23f72","0.2.0.9000","R version 4.6.1 (2026-06-24 ucrt)","Windows","g++","disabled_or_unavailable","","UNAVAILABLE","C","D-permutation-heavy","K","balanced",2000,1,999,"raw",3,0.329999999999984,"PASS",0,"","",1,874020,"balanced_2000",NA,NA
"2026-09-13 02:29:00 UTC","084e979af137355b4f976faff6e0079237f23f72","0.2.0.9000","R version 4.6.1 (2026-06-24 ucrt)","Windows","g++","disabled_or_unavailable","","UNAVAILABLE","C","D-permutation-heavy","K","balanced",2000,1,999,"prepared",3,0.159999999999997,"PASS",0,"","",1,874020,"balanced_2000",NA,NA
"2026-09-13 02:29:00 UTC","084e979af137355b4f976faff6e0079237f23f72","0.2.0.9000","R version 4.6.1 (2026-06-24 ucrt)","Windows","g++","disabled_or_unavailable","","UNAVAILABLE","C","D-permutation-heavy","K","balanced",2000,1,999,"prepared",4,0.150000000000006,"PASS",0,"","",1,874020,"balanced_2000",NA,NA
"2026-09-13 02:29:00 UTC","084e979af137355b4f976faff6e0079237f23f72","0.2.0.9000","R version 4.6.1 (2026-06-24 ucrt)","Windows","g++","disabled_or_unavailable","","UNAVAILABLE","C","D-permutation-heavy","K","balanced",2000,1,999,"raw",4,0.319999999999993,"PASS",0,"","",1,874020,"balanced_2000",NA,NA
"2026-09-13 02:29:00 UTC","084e979af137355b4f976faff6e0079237f23f72","0.2.0.9000","R version 4.6.1 (2026-06-24 ucrt)","Windows","g++","disabled_or_unavailable","","UNAVAILABLE","C","D-permutation-heavy","K","balanced",2000,1,999,"raw",5,0.320000000000022,"PASS",0,"","",1,874020,"balanced_2000",NA,NA
"2026-09-13 02:29:00 UTC","084e979af137355b4f976faff6e0079237f23f72","0.2.0.9000","R version 4.6.1 (2026-06-24 ucrt)","Windows","g++","disabled_or_unavailable","","UNAVAILABLE","C","D-permutation-heavy","K","balanced",2000,1,999,"prepared",5,0.150000000000006,"PASS",0,"","",1,874020,"balanced_2000",NA,NA
"2026-09-13 02:29:00 UTC","084e979af137355b4f976faff6e0079237f23f72","0.2.0.9000","R version 4.6.1 (2026-06-24 ucrt)","Windows","g++","disabled_or_unavailable","","UNAVAILABLE","C","D-permutation-heavy","K","balanced",2000,1,999,"prepared",6,0.139999999999986,"PASS",0,"","",1,874020,"balanced_2000",NA,NA
"2026-09-13 02:29:00 UTC","084e979af137355b4f976faff6e0079237f23f72","0.2.0.9000","R version 4.6.1 (2026-06-24 ucrt)","Windows","g++","disabled_or_unavailable","","UNAVAILABLE","C","D-permutation-heavy","K","balanced",2000,1,999,"raw",6,0.330000000000013,"PASS",0,"","",1,874020,"balanced_2000",NA,NA
"2026-09-13 02:29:00 UTC","084e979af137355b4f976faff6e0079237f23f72","0.2.0.9000","R version 4.6.1 (2026-06-24 ucrt)","Windows","g++","disabled_or_unavailable","","UNAVAILABLE","C","D-permutation-heavy","K","balanced",2000,1,999,"raw",7,0.309999999999974,"PASS",0,"","",1,874020,"balanced_2000",NA,NA
"2026-09-13 02:29:00 UTC","084e979af137355b4f976faff6e0079237f23f72","0.2.0.9000","R version 4.6.1 (2026-06-24 ucrt)","Windows","g++","disabled_or_unavailable","","UNAVAILABLE","C","D-permutation-heavy","K","balanced",2000,1,999,"prepared",7,0.139999999999986,"PASS",0,"","",1,874020,"balanced_2000",NA,NA
"2026-09-13 02:29:00 UTC","084e979af137355b4f976faff6e0079237f23f72","0.2.0.9000","R version 4.6.1 (2026-06-24 ucrt)","Windows","g++","disabled_or_unavailable","","UNAVAILABLE","C","D-permutation-heavy","K","balanced",2000,1,999,"prepared",8,0.159999999999997,"PASS",0,"","",1,874020,"balanced_2000",NA,NA
"2026-09-13 02:29:00 UTC","084e979af137355b4f976faff6e0079237f23f72","0.2.0.9000","R version 4.6.1 (2026-06-24 ucrt)","Windows","g++","disabled_or_unavailable","","UNAVAILABLE","C","D-permutation-heavy","K","balanced",2000,1,999,"raw",8,0.390000000000015,"PASS",0,"","",1,874020,"balanced_2000",NA,NA
"2026-09-13 02:29:00 UTC","084e979af137355b4f976faff6e0079237f23f72","0.2.0.9000","R version 4.6.1 (2026-06-24 ucrt)","Windows","g++","disabled_or_unavailable","","UNAVAILABLE","C","D-permutation-heavy","K","balanced",2000,1,999,"raw",9,0.340000000000003,"PASS",0,"","",1,874020,"balanced_2000",NA,NA
"2026-09-13 02:29:00 UTC","084e979af137355b4f976faff6e0079237f23f72","0.2.0.9000","R version 4.6.1 (2026-06-24 ucrt)","Windows","g++","disabled_or_unavailable","","UNAVAILABLE","C","D-permutation-heavy","K","balanced",2000,1,999,"prepared",9,0.170000000000016,"PASS",0,"","",1,874020,"balanced_2000",NA,NA
"2026-09-13 02:29:00 UTC","084e979af137355b4f976faff6e0079237f23f72","0.2.0.9000","R version 4.6.1 (2026-06-24 ucrt)","Windows","g++","disabled_or_unavailable","","UNAVAILABLE","C","D-permutation-heavy","K","balanced",2000,1,999,"prepared",10,0.159999999999997,"PASS",0,"","",1,874020,"balanced_2000",NA,NA
"2026-09-13 02:29:00 UTC","084e979af137355b4f976faff6e0079237f23f72","0.2.0.9000","R version 4.6.1 (2026-06-24 ucrt)","Windows","g++","disabled_or_unavailable","","UNAVAILABLE","C","D-permutation-heavy","K","balanced",2000,1,999,"raw",10,0.419999999999987,"PASS",0,"","",1,874020,"balanced_2000",NA,NA
"2026-09-13 02:29:00 UTC","084e979af137355b4f976faff6e0079237f23f72","0.2.0.9000","R version 4.6.1 (2026-06-24 ucrt)","Windows","g++","disabled_or_unavailable","","UNAVAILABLE","C","D-permutation-heavy","D","balanced",2000,1,999,"raw",1,0.889999999999986,"PASS",0,"","",1,874030,"balanced_2000",NA,NA
"2026-09-13 02:29:00 UTC","084e979af137355b4f976faff6e0079237f23f72","0.2.0.9000","R version 4.6.1 (2026-06-24 ucrt)","Windows","g++","disabled_or_unavailable","","UNAVAILABLE","C","D-permutation-heavy","D","balanced",2000,1,999,"prepared",1,0.710000000000008,"PASS",0,"","",1,874030,"balanced_2000",NA,NA
"2026-09-13 02:29:00 UTC","084e979af137355b4f976faff6e0079237f23f72","0.2.0.9000","R version 4.6.1 (2026-06-24 ucrt)","Windows","g++","disabled_or_unavailable","","UNAVAILABLE","C","D-permutation-heavy","D","balanced",2000,1,999,"prepared",2,0.719999999999999,"PASS",0,"","",1,874030,"balanced_2000",NA,NA
"2026-09-13 02:29:00 UTC","084e979af137355b4f976faff6e0079237f23f72","0.2.0.9000","R version 4.6.1 (2026-06-24 ucrt)","Windows","g++","disabled_or_unavailable","","UNAVAILABLE","C","D-permutation-heavy","D","balanced",2000,1,999,"raw",2,0.889999999999986,"PASS",0,"","",1,874030,"balanced_2000",NA,NA
"2026-09-13 02:29:00 UTC","084e979af137355b4f976faff6e0079237f23f72","0.2.0.9000","R version 4.6.1 (2026-06-24 ucrt)","Windows","g++","disabled_or_unavailable","","UNAVAILABLE","C","D-permutation-heavy","D","balanced",2000,1,999,"raw",3,0.909999999999997,"PASS",0,"","",1,874030,"balanced_2000",NA,NA
"2026-09-13 02:29:00 UTC","084e979af137355b4f976faff6e0079237f23f72","0.2.0.9000","R version 4.6.1 (2026-06-24 ucrt)","Windows","g++","disabled_or_unavailable","","UNAVAILABLE","C","D-permutation-heavy","D","balanced",2000,1,999,"prepared",3,0.719999999999999,"PASS",0,"","",1,874030,"balanced_2000",NA,NA
"2026-09-13 02:29:00 UTC","084e979af137355b4f976faff6e0079237f23f72","0.2.0.9000","R version 4.6.1 (2026-06-24 ucrt)","Windows","g++","disabled_or_unavailable","","UNAVAILABLE","C","D-permutation-heavy","D","balanced",2000,1,999,"prepared",4,0.719999999999999,"PASS",0,"","",1,874030,"balanced_2000",NA,NA
"2026-09-13 02:29:00 UTC","084e979af137355b4f976faff6e0079237f23f72","0.2.0.9000","R version 4.6.1 (2026-06-24 ucrt)","Windows","g++","disabled_or_unavailable","","UNAVAILABLE","C","D-permutation-heavy","D","balanced",2000,1,999,"raw",4,0.910000000000025,"PASS",0,"","",1,874030,"balanced_2000",NA,NA
"2026-09-13 02:29:00 UTC","084e979af137355b4f976faff6e0079237f23f72","0.2.0.9000","R version 4.6.1 (2026-06-24 ucrt)","Windows","g++","disabled_or_unavailable","","UNAVAILABLE","C","D-permutation-heavy","D","balanced",2000,1,999,"raw",5,1.02999999999997,"PASS",0,"","",1,874030,"balanced_2000",NA,NA
"2026-09-13 02:29:00 UTC","084e979af137355b4f976faff6e0079237f23f72","0.2.0.9000","R version 4.6.1 (2026-06-24 ucrt)","Windows","g++","disabled_or_unavailable","","UNAVAILABLE","C","D-permutation-heavy","D","balanced",2000,1,999,"prepared",5,0.75,"PASS",0,"","",1,874030,"balanced_2000",NA,NA
"2026-09-13 02:29:00 UTC","084e979af137355b4f976faff6e0079237f23f72","0.2.0.9000","R version 4.6.1 (2026-06-24 ucrt)","Windows","g++","disabled_or_unavailable","","UNAVAILABLE","C","D-permutation-heavy","D","balanced",2000,1,999,"prepared",6,0.769999999999982,"PASS",0,"","",1,874030,"balanced_2000",NA,NA
"2026-09-13 02:29:00 UTC","084e979af137355b4f976faff6e0079237f23f72","0.2.0.9000","R version 4.6.1 (2026-06-24 ucrt)","Windows","g++","disabled_or_unavailable","","UNAVAILABLE","C","D-permutation-heavy","D","balanced",2000,1,999,"raw",6,0.950000000000017,"PASS",0,"","",1,874030,"balanced_2000",NA,NA
"2026-09-13 02:29:00 UTC","084e979af137355b4f976faff6e0079237f23f72","0.2.0.9000","R version 4.6.1 (2026-06-24 ucrt)","Windows","g++","disabled_or_unavailable","","UNAVAILABLE","C","D-permutation-heavy","D","balanced",2000,1,999,"raw",7,1,"PASS",0,"","",1,874030,"balanced_2000",NA,NA
"2026-09-13 02:29:00 UTC","084e979af137355b4f976faff6e0079237f23f72","0.2.0.9000","R version 4.6.1 (2026-06-24 ucrt)","Windows","g++","disabled_or_unavailable","","UNAVAILABLE","C","D-permutation-heavy","D","balanced",2000,1,999,"prepared",7,0.75,"PASS",0,"","",1,874030,"balanced_2000",NA,NA
"2026-09-13 02:29:00 UTC","084e979af137355b4f976faff6e0079237f23f72","0.2.0.9000","R version 4.6.1 (2026-06-24 ucrt)","Windows","g++","disabled_or_unavailable","","UNAVAILABLE","C","D-permutation-heavy","D","balanced",2000,1,999,"prepared",8,0.829999999999984,"PASS",0,"","",1,874030,"balanced_2000",NA,NA
"2026-09-13 02:29:00 UTC","084e979af137355b4f976faff6e0079237f23f72","0.2.0.9000","R version 4.6.1 (2026-06-24 ucrt)","Windows","g++","disabled_or_unavailable","","UNAVAILABLE","C","D-permutation-heavy","D","balanced",2000,1,999,"raw",8,1.05000000000001,"PASS",0,"","",1,874030,"balanced_2000",NA,NA
"2026-09-13 02:29:00 UTC","084e979af137355b4f976faff6e0079237f23f72","0.2.0.9000","R version 4.6.1 (2026-06-24 ucrt)","Windows","g++","disabled_or_unavailable","","UNAVAILABLE","C","D-permutation-heavy","D","balanced",2000,1,999,"raw",9,1.16999999999999,"PASS",0,"","",1,874030,"balanced_2000",NA,NA
"2026-09-13 02:29:00 UTC","084e979af137355b4f976faff6e0079237f23f72","0.2.0.9000","R version 4.6.1 (2026-06-24 ucrt)","Windows","g++","disabled_or_unavailable","","UNAVAILABLE","C","D-permutation-heavy","D","balanced",2000,1,999,"prepared",9,0.760000000000019,"PASS",0,"","",1,874030,"balanced_2000",NA,NA
"2026-09-13 02:29:00 UTC","084e979af137355b4f976faff6e0079237f23f72","0.2.0.9000","R version 4.6.1 (2026-06-24 ucrt)","Windows","g++","disabled_or_unavailable","","UNAVAILABLE","C","D-permutation-heavy","D","balanced",2000,1,999,"prepared",10,0.75,"PASS",0,"","",1,874030,"balanced_2000",NA,NA
"2026-09-13 02:29:00 UTC","084e979af137355b4f976faff6e0079237f23f72","0.2.0.9000","R version 4.6.1 (2026-06-24 ucrt)","Windows","g++","disabled_or_unavailable","","UNAVAILABLE","C","D-permutation-heavy","D","balanced",2000,1,999,"raw",10,0.980000000000018,"PASS",0,"","",1,874030,"balanced_2000",NA,NA
"2026-09-13 02:29:00 UTC","084e979af137355b4f976faff6e0079237f23f72","0.2.0.9000","R version 4.6.1 (2026-06-24 ucrt)","Windows","g++","disabled_or_unavailable","","UNAVAILABLE","C","D-permutation-heavy","K","balanced",5000,1,999,"raw",1,0.969999999999999,"PASS",0,"","",1,877020,"balanced_5000",NA,NA
"2026-09-13 02:29:00 UTC","084e979af137355b4f976faff6e0079237f23f72","0.2.0.9000","R version 4.6.1 (2026-06-24 ucrt)","Windows","g++","disabled_or_unavailable","","UNAVAILABLE","C","D-permutation-heavy","K","balanced",5000,1,999,"prepared",1,0.420000000000016,"PASS",0,"","",1,877020,"balanced_5000",NA,NA
"2026-09-13 02:29:00 UTC","084e979af137355b4f976faff6e0079237f23f72","0.2.0.9000","R version 4.6.1 (2026-06-24 ucrt)","Windows","g++","disabled_or_unavailable","","UNAVAILABLE","C","D-permutation-heavy","K","balanced",5000,1,999,"prepared",2,0.409999999999997,"PASS",0,"","",1,877020,"balanced_5000",NA,NA
"2026-09-13 02:29:00 UTC","084e979af137355b4f976faff6e0079237f23f72","0.2.0.9000","R version 4.6.1 (2026-06-24 ucrt)","Windows","g++","disabled_or_unavailable","","UNAVAILABLE","C","D-permutation-heavy","K","balanced",5000,1,999,"raw",2,1.13999999999999,"PASS",0,"","",1,877020,"balanced_5000",NA,NA
"2026-09-13 02:29:00 UTC","084e979af137355b4f976faff6e0079237f23f72","0.2.0.9000","R version 4.6.1 (2026-06-24 ucrt)","Windows","g++","disabled_or_unavailable","","UNAVAILABLE","C","D-permutation-heavy","K","balanced",5000,1,999,"raw",3,0.870000000000005,"PASS",0,"","",1,877020,"balanced_5000",NA,NA
"2026-09-13 02:29:00 UTC","084e979af137355b4f976faff6e0079237f23f72","0.2.0.9000","R version 4.6.1 (2026-06-24 ucrt)","Windows","g++","disabled_or_unavailable","","UNAVAILABLE","C","D-permutation-heavy","K","balanced",5000,1,999,"prepared",3,0.420000000000016,"PASS",0,"","",1,877020,"balanced_5000",NA,NA
"2026-09-13 02:29:00 UTC","084e979af137355b4f976faff6e0079237f23f72","0.2.0.9000","R version 4.6.1 (2026-06-24 ucrt)","Windows","g++","disabled_or_unavailable","","UNAVAILABLE","C","D-permutation-heavy","K","balanced",5000,1,999,"prepared",4,0.409999999999997,"PASS",0,"","",1,877020,"balanced_5000",NA,NA
"2026-09-13 02:29:00 UTC","084e979af137355b4f976faff6e0079237f23f72","0.2.0.9000","R version 4.6.1 (2026-06-24 ucrt)","Windows","g++","disabled_or_unavailable","","UNAVAILABLE","C","D-permutation-heavy","K","balanced",5000,1,999,"raw",4,1.09,"PASS",0,"","",1,877020,"balanced_5000",NA,NA
"2026-09-13 02:29:00 UTC","084e979af137355b4f976faff6e0079237f23f72","0.2.0.9000","R version 4.6.1 (2026-06-24 ucrt)","Windows","g++","disabled_or_unavailable","","UNAVAILABLE","C","D-permutation-heavy","K","balanced",5000,1,999,"raw",5,0.829999999999984,"PASS",0,"","",1,877020,"balanced_5000",NA,NA
"2026-09-13 02:29:00 UTC","084e979af137355b4f976faff6e0079237f23f72","0.2.0.9000","R version 4.6.1 (2026-06-24 ucrt)","Windows","g++","disabled_or_unavailable","","UNAVAILABLE","C","D-permutation-heavy","K","balanced",5000,1,999,"prepared",5,0.379999999999995,"PASS",0,"","",1,877020,"balanced_5000",NA,NA
"2026-09-13 02:29:00 UTC","084e979af137355b4f976faff6e0079237f23f72","0.2.0.9000","R version 4.6.1 (2026-06-24 ucrt)","Windows","g++","disabled_or_unavailable","","UNAVAILABLE","C","D-permutation-heavy","K","balanced",5000,1,999,"prepared",6,0.370000000000005,"PASS",0,"","",1,877020,"balanced_5000",NA,NA
"2026-09-13 02:29:00 UTC","084e979af137355b4f976faff6e0079237f23f72","0.2.0.9000","R version 4.6.1 (2026-06-24 ucrt)","Windows","g++","disabled_or_unavailable","","UNAVAILABLE","C","D-permutation-heavy","K","balanced",5000,1,999,"raw",6,0.810000000000002,"PASS",0,"","",1,877020,"balanced_5000",NA,NA
"2026-09-13 02:29:00 UTC","084e979af137355b4f976faff6e0079237f23f72","0.2.0.9000","R version 4.6.1 (2026-06-24 ucrt)","Windows","g++","disabled_or_unavailable","","UNAVAILABLE","C","D-permutation-heavy","K","balanced",5000,1,999,"raw",7,0.840000000000003,"PASS",0,"","",1,877020,"balanced_5000",NA,NA
"2026-09-13 02:29:00 UTC","084e979af137355b4f976faff6e0079237f23f72","0.2.0.9000","R version 4.6.1 (2026-06-24 ucrt)","Windows","g++","disabled_or_unavailable","","UNAVAILABLE","C","D-permutation-heavy","K","balanced",5000,1,999,"prepared",7,0.389999999999986,"PASS",0,"","",1,877020,"balanced_5000",NA,NA
"2026-09-13 02:29:00 UTC","084e979af137355b4f976faff6e0079237f23f72","0.2.0.9000","R version 4.6.1 (2026-06-24 ucrt)","Windows","g++","disabled_or_unavailable","","UNAVAILABLE","C","D-permutation-heavy","K","balanced",5000,1,999,"prepared",8,0.390000000000015,"PASS",0,"","",1,877020,"balanced_5000",NA,NA
"2026-09-13 02:29:00 UTC","084e979af137355b4f976faff6e0079237f23f72","0.2.0.9000","R version 4.6.1 (2026-06-24 ucrt)","Windows","g++","disabled_or_unavailable","","UNAVAILABLE","C","D-permutation-heavy","K","balanced",5000,1,999,"raw",8,0.829999999999984,"PASS",0,"","",1,877020,"balanced_5000",NA,NA
"2026-09-13 02:29:00 UTC","084e979af137355b4f976faff6e0079237f23f72","0.2.0.9000","R version 4.6.1 (2026-06-24 ucrt)","Windows","g++","disabled_or_unavailable","","UNAVAILABLE","C","D-permutation-heavy","K","balanced",5000,1,999,"raw",9,0.890000000000015,"PASS",0,"","",1,877020,"balanced_5000",NA,NA
"2026-09-13 02:29:00 UTC","084e979af137355b4f976faff6e0079237f23f72","0.2.0.9000","R version 4.6.1 (2026-06-24 ucrt)","Windows","g++","disabled_or_unavailable","","UNAVAILABLE","C","D-permutation-heavy","K","balanced",5000,1,999,"prepared",9,0.379999999999995,"PASS",0,"","",1,877020,"balanced_5000",NA,NA
"2026-09-13 02:29:00 UTC","084e979af137355b4f976faff6e0079237f23f72","0.2.0.9000","R version 4.6.1 (2026-06-24 ucrt)","Windows","g++","disabled_or_unavailable","","UNAVAILABLE","C","D-permutation-heavy","K","balanced",5000,1,999,"prepared",10,0.550000000000011,"PASS",0,"","",1,877020,"balanced_5000",NA,NA
"2026-09-13 02:29:00 UTC","084e979af137355b4f976faff6e0079237f23f72","0.2.0.9000","R version 4.6.1 (2026-06-24 ucrt)","Windows","g++","disabled_or_unavailable","","UNAVAILABLE","C","D-permutation-heavy","K","balanced",5000,1,999,"raw",10,0.839999999999975,"PASS",0,"","",1,877020,"balanced_5000",NA,NA
"2026-09-13 02:29:00 UTC","084e979af137355b4f976faff6e0079237f23f72","0.2.0.9000","R version 4.6.1 (2026-06-24 ucrt)","Windows","g++","disabled_or_unavailable","","UNAVAILABLE","C","D-permutation-heavy","D","balanced",5000,1,999,"raw",1,2.47,"PASS",0,"","",1,877030,"balanced_5000",NA,NA
"2026-09-13 02:29:00 UTC","084e979af137355b4f976faff6e0079237f23f72","0.2.0.9000","R version 4.6.1 (2026-06-24 ucrt)","Windows","g++","disabled_or_unavailable","","UNAVAILABLE","C","D-permutation-heavy","D","balanced",5000,1,999,"prepared",1,1.94,"PASS",0,"","",1,877030,"balanced_5000",NA,NA
"2026-09-13 02:29:00 UTC","084e979af137355b4f976faff6e0079237f23f72","0.2.0.9000","R version 4.6.1 (2026-06-24 ucrt)","Windows","g++","disabled_or_unavailable","","UNAVAILABLE","C","D-permutation-heavy","D","balanced",5000,1,999,"prepared",2,1.95000000000002,"PASS",0,"","",1,877030,"balanced_5000",NA,NA
"2026-09-13 02:29:00 UTC","084e979af137355b4f976faff6e0079237f23f72","0.2.0.9000","R version 4.6.1 (2026-06-24 ucrt)","Windows","g++","disabled_or_unavailable","","UNAVAILABLE","C","D-permutation-heavy","D","balanced",5000,1,999,"raw",2,2.42999999999998,"PASS",0,"","",1,877030,"balanced_5000",NA,NA
"2026-09-13 02:29:00 UTC","084e979af137355b4f976faff6e0079237f23f72","0.2.0.9000","R version 4.6.1 (2026-06-24 ucrt)","Windows","g++","disabled_or_unavailable","","UNAVAILABLE","C","D-permutation-heavy","D","balanced",5000,1,999,"raw",3,2.46000000000001,"PASS",0,"","",1,877030,"balanced_5000",NA,NA
"2026-09-13 02:29:00 UTC","084e979af137355b4f976faff6e0079237f23f72","0.2.0.9000","R version 4.6.1 (2026-06-24 ucrt)","Windows","g++","disabled_or_unavailable","","UNAVAILABLE","C","D-permutation-heavy","D","balanced",5000,1,999,"prepared",3,1.97,"PASS",0,"","",1,877030,"balanced_5000",NA,NA
"2026-09-13 02:29:00 UTC","084e979af137355b4f976faff6e0079237f23f72","0.2.0.9000","R version 4.6.1 (2026-06-24 ucrt)","Windows","g++","disabled_or_unavailable","","UNAVAILABLE","C","D-permutation-heavy","D","balanced",5000,1,999,"prepared",4,1.95000000000002,"PASS",0,"","",1,877030,"balanced_5000",NA,NA
"2026-09-13 02:29:00 UTC","084e979af137355b4f976faff6e0079237f23f72","0.2.0.9000","R version 4.6.1 (2026-06-24 ucrt)","Windows","g++","disabled_or_unavailable","","UNAVAILABLE","C","D-permutation-heavy","D","balanced",5000,1,999,"raw",4,2.44,"PASS",0,"","",1,877030,"balanced_5000",NA,NA
"2026-09-13 02:29:00 UTC","084e979af137355b4f976faff6e0079237f23f72","0.2.0.9000","R version 4.6.1 (2026-06-24 ucrt)","Windows","g++","disabled_or_unavailable","","UNAVAILABLE","C","D-permutation-heavy","D","balanced",5000,1,999,"raw",5,2.61000000000001,"PASS",0,"","",1,877030,"balanced_5000",NA,NA
"2026-09-13 02:29:00 UTC","084e979af137355b4f976faff6e0079237f23f72","0.2.0.9000","R version 4.6.1 (2026-06-24 ucrt)","Windows","g++","disabled_or_unavailable","","UNAVAILABLE","C","D-permutation-heavy","D","balanced",5000,1,999,"prepared",5,1.93000000000001,"PASS",0,"","",1,877030,"balanced_5000",NA,NA
"2026-09-13 02:29:00 UTC","084e979af137355b4f976faff6e0079237f23f72","0.2.0.9000","R version 4.6.1 (2026-06-24 ucrt)","Windows","g++","disabled_or_unavailable","","UNAVAILABLE","C","D-permutation-heavy","D","balanced",5000,1,999,"prepared",6,2.13,"PASS",0,"","",1,877030,"balanced_5000",NA,NA
"2026-09-13 02:29:00 UTC","084e979af137355b4f976faff6e0079237f23f72","0.2.0.9000","R version 4.6.1 (2026-06-24 ucrt)","Windows","g++","disabled_or_unavailable","","UNAVAILABLE","C","D-permutation-heavy","D","balanced",5000,1,999,"raw",6,2.61000000000001,"PASS",0,"","",1,877030,"balanced_5000",NA,NA
"2026-09-13 02:29:00 UTC","084e979af137355b4f976faff6e0079237f23f72","0.2.0.9000","R version 4.6.1 (2026-06-24 ucrt)","Windows","g++","disabled_or_unavailable","","UNAVAILABLE","C","D-permutation-heavy","D","balanced",5000,1,999,"raw",7,2.38999999999999,"PASS",0,"","",1,877030,"balanced_5000",NA,NA
"2026-09-13 02:29:00 UTC","084e979af137355b4f976faff6e0079237f23f72","0.2.0.9000","R version 4.6.1 (2026-06-24 ucrt)","Windows","g++","disabled_or_unavailable","","UNAVAILABLE","C","D-permutation-heavy","D","balanced",5000,1,999,"prepared",7,1.94,"PASS",0,"","",1,877030,"balanced_5000",NA,NA
"2026-09-13 02:29:00 UTC","084e979af137355b4f976faff6e0079237f23f72","0.2.0.9000","R version 4.6.1 (2026-06-24 ucrt)","Windows","g++","disabled_or_unavailable","","UNAVAILABLE","C","D-permutation-heavy","D","balanced",5000,1,999,"prepared",8,1.94,"PASS",0,"","",1,877030,"balanced_5000",NA,NA
"2026-09-13 02:29:00 UTC","084e979af137355b4f976faff6e0079237f23f72","0.2.0.9000","R version 4.6.1 (2026-06-24 ucrt)","Windows","g++","disabled_or_unavailable","","UNAVAILABLE","C","D-permutation-heavy","D","balanced",5000,1,999,"raw",8,2.47000000000003,"PASS",0,"","",1,877030,"balanced_5000",NA,NA
"2026-09-13 02:29:00 UTC","084e979af137355b4f976faff6e0079237f23f72","0.2.0.9000","R version 4.6.1 (2026-06-24 ucrt)","Windows","g++","disabled_or_unavailable","","UNAVAILABLE","C","D-permutation-heavy","D","balanced",5000,1,999,"raw",9,2.58999999999997,"PASS",0,"","",1,877030,"balanced_5000",NA,NA
"2026-09-13 02:29:00 UTC","084e979af137355b4f976faff6e0079237f23f72","0.2.0.9000","R version 4.6.1 (2026-06-24 ucrt)","Windows","g++","disabled_or_unavailable","","UNAVAILABLE","C","D-permutation-heavy","D","balanced",5000,1,999,"prepared",9,2.17000000000002,"PASS",0,"","",1,877030,"balanced_5000",NA,NA
"2026-09-13 02:29:00 UTC","084e979af137355b4f976faff6e0079237f23f72","0.2.0.9000","R version 4.6.1 (2026-06-24 ucrt)","Windows","g++","disabled_or_unavailable","","UNAVAILABLE","C","D-permutation-heavy","D","balanced",5000,1,999,"prepared",10,2.11000000000001,"PASS",0,"","",1,877030,"balanced_5000",NA,NA
"2026-09-13 02:29:00 UTC","084e979af137355b4f976faff6e0079237f23f72","0.2.0.9000","R version 4.6.1 (2026-06-24 ucrt)","Windows","g++","disabled_or_unavailable","","UNAVAILABLE","C","D-permutation-heavy","D","balanced",5000,1,999,"raw",10,2.52999999999997,"PASS",0,"","",1,877030,"balanced_5000",NA,NA
"2026-09-13 02:29:00 UTC","084e979af137355b4f976faff6e0079237f23f72","0.2.0.9000","R version 4.6.1 (2026-06-24 ucrt)","Windows","g++","disabled_or_unavailable","","UNAVAILABLE","C","D-permutation-heavy","K","random",500,1,999,"raw",1,0.109999999999957,"PASS",0,"","",1,972520,"random_500",NA,NA
"2026-09-13 02:29:00 UTC","084e979af137355b4f976faff6e0079237f23f72","0.2.0.9000","R version 4.6.1 (2026-06-24 ucrt)","Windows","g++","disabled_or_unavailable","","UNAVAILABLE","C","D-permutation-heavy","K","random",500,1,999,"prepared",1,0.0300000000000296,"PASS",0,"","",1,972520,"random_500",NA,NA
"2026-09-13 02:29:00 UTC","084e979af137355b4f976faff6e0079237f23f72","0.2.0.9000","R version 4.6.1 (2026-06-24 ucrt)","Windows","g++","disabled_or_unavailable","","UNAVAILABLE","C","D-permutation-heavy","K","random",500,1,999,"prepared",2,0.0500000000000114,"PASS",0,"","",1,972520,"random_500",NA,NA
"2026-09-13 02:29:00 UTC","084e979af137355b4f976faff6e0079237f23f72","0.2.0.9000","R version 4.6.1 (2026-06-24 ucrt)","Windows","g++","disabled_or_unavailable","","UNAVAILABLE","C","D-permutation-heavy","K","random",500,1,999,"raw",2,0.089999999999975,"PASS",0,"","",1,972520,"random_500",NA,NA
"2026-09-13 02:29:00 UTC","084e979af137355b4f976faff6e0079237f23f72","0.2.0.9000","R version 4.6.1 (2026-06-24 ucrt)","Windows","g++","disabled_or_unavailable","","UNAVAILABLE","C","D-permutation-heavy","K","random",500,1,999,"raw",3,0.100000000000023,"PASS",0,"","",1,972520,"random_500",NA,NA
"2026-09-13 02:29:00 UTC","084e979af137355b4f976faff6e0079237f23f72","0.2.0.9000","R version 4.6.1 (2026-06-24 ucrt)","Windows","g++","disabled_or_unavailable","","UNAVAILABLE","C","D-permutation-heavy","K","random",500,1,999,"prepared",3,0.0600000000000023,"PASS",0,"","",1,972520,"random_500",NA,NA
"2026-09-13 02:29:00 UTC","084e979af137355b4f976faff6e0079237f23f72","0.2.0.9000","R version 4.6.1 (2026-06-24 ucrt)","Windows","g++","disabled_or_unavailable","","UNAVAILABLE","C","D-permutation-heavy","K","random",500,1,999,"prepared",4,0.0600000000000023,"PASS",0,"","",1,972520,"random_500",NA,NA
"2026-09-13 02:29:00 UTC","084e979af137355b4f976faff6e0079237f23f72","0.2.0.9000","R version 4.6.1 (2026-06-24 ucrt)","Windows","g++","disabled_or_unavailable","","UNAVAILABLE","C","D-permutation-heavy","K","random",500,1,999,"raw",4,0.089999999999975,"PASS",0,"","",1,972520,"random_500",NA,NA
"2026-09-13 02:29:00 UTC","084e979af137355b4f976faff6e0079237f23f72","0.2.0.9000","R version 4.6.1 (2026-06-24 ucrt)","Windows","g++","disabled_or_unavailable","","UNAVAILABLE","C","D-permutation-heavy","K","random",500,1,999,"raw",5,0.100000000000023,"PASS",0,"","",1,972520,"random_500",NA,NA
"2026-09-13 02:29:00 UTC","084e979af137355b4f976faff6e0079237f23f72","0.2.0.9000","R version 4.6.1 (2026-06-24 ucrt)","Windows","g++","disabled_or_unavailable","","UNAVAILABLE","C","D-permutation-heavy","K","random",500,1,999,"prepared",5,0.0399999999999636,"PASS",0,"","",1,972520,"random_500",NA,NA
"2026-09-13 02:29:00 UTC","084e979af137355b4f976faff6e0079237f23f72","0.2.0.9000","R version 4.6.1 (2026-06-24 ucrt)","Windows","g++","disabled_or_unavailable","","UNAVAILABLE","C","D-permutation-heavy","K","random",500,1,999,"prepared",6,0.0500000000000114,"PASS",0,"","",1,972520,"random_500",NA,NA
"2026-09-13 02:29:00 UTC","084e979af137355b4f976faff6e0079237f23f72","0.2.0.9000","R version 4.6.1 (2026-06-24 ucrt)","Windows","g++","disabled_or_unavailable","","UNAVAILABLE","C","D-permutation-heavy","K","random",500,1,999,"raw",6,0.100000000000023,"PASS",0,"","",1,972520,"random_500",NA,NA
"2026-09-13 02:29:00 UTC","084e979af137355b4f976faff6e0079237f23f72","0.2.0.9000","R version 4.6.1 (2026-06-24 ucrt)","Windows","g++","disabled_or_unavailable","","UNAVAILABLE","C","D-permutation-heavy","K","random",500,1,999,"raw",7,0.0699999999999932,"PASS",0,"","",1,972520,"random_500",NA,NA
"2026-09-13 02:29:00 UTC","084e979af137355b4f976faff6e0079237f23f72","0.2.0.9000","R version 4.6.1 (2026-06-24 ucrt)","Windows","g++","disabled_or_unavailable","","UNAVAILABLE","C","D-permutation-heavy","K","random",500,1,999,"prepared",7,0.0500000000000114,"PASS",0,"","",1,972520,"random_500",NA,NA
"2026-09-13 02:29:00 UTC","084e979af137355b4f976faff6e0079237f23f72","0.2.0.9000","R version 4.6.1 (2026-06-24 ucrt)","Windows","g++","disabled_or_unavailable","","UNAVAILABLE","C","D-permutation-heavy","K","random",500,1,999,"prepared",8,0.0499999999999545,"PASS",0,"","",1,972520,"random_500",NA,NA
"2026-09-13 02:29:00 UTC","084e979af137355b4f976faff6e0079237f23f72","0.2.0.9000","R version 4.6.1 (2026-06-24 ucrt)","Windows","g++","disabled_or_unavailable","","UNAVAILABLE","C","D-permutation-heavy","K","random",500,1,999,"raw",8,0.120000000000005,"PASS",0,"","",1,972520,"random_500",NA,NA
"2026-09-13 02:29:00 UTC","084e979af137355b4f976faff6e0079237f23f72","0.2.0.9000","R version 4.6.1 (2026-06-24 ucrt)","Windows","g++","disabled_or_unavailable","","UNAVAILABLE","C","D-permutation-heavy","K","random",500,1,999,"raw",9,0.0800000000000409,"PASS",0,"","",1,972520,"random_500",NA,NA
"2026-09-13 02:29:00 UTC","084e979af137355b4f976faff6e0079237f23f72","0.2.0.9000","R version 4.6.1 (2026-06-24 ucrt)","Windows","g++","disabled_or_unavailable","","UNAVAILABLE","C","D-permutation-heavy","K","random",500,1,999,"prepared",9,0.0299999999999727,"PASS",0,"","",1,972520,"random_500",NA,NA
"2026-09-13 02:29:00 UTC","084e979af137355b4f976faff6e0079237f23f72","0.2.0.9000","R version 4.6.1 (2026-06-24 ucrt)","Windows","g++","disabled_or_unavailable","","UNAVAILABLE","C","D-permutation-heavy","K","random",500,1,999,"prepared",10,0.0400000000000205,"PASS",0,"","",1,972520,"random_500",NA,NA
"2026-09-13 02:29:00 UTC","084e979af137355b4f976faff6e0079237f23f72","0.2.0.9000","R version 4.6.1 (2026-06-24 ucrt)","Windows","g++","disabled_or_unavailable","","UNAVAILABLE","C","D-permutation-heavy","K","random",500,1,999,"raw",10,0.100000000000023,"PASS",0,"","",1,972520,"random_500",NA,NA
"2026-09-13 02:29:00 UTC","084e979af137355b4f976faff6e0079237f23f72","0.2.0.9000","R version 4.6.1 (2026-06-24 ucrt)","Windows","g++","disabled_or_unavailable","","UNAVAILABLE","C","D-permutation-heavy","D","random",500,1,999,"raw",1,0.220000000000027,"PASS",0,"","",1,972530,"random_500",NA,NA
"2026-09-13 02:29:00 UTC","084e979af137355b4f976faff6e0079237f23f72","0.2.0.9000","R version 4.6.1 (2026-06-24 ucrt)","Windows","g++","disabled_or_unavailable","","UNAVAILABLE","C","D-permutation-heavy","D","random",500,1,999,"prepared",1,0.170000000000016,"PASS",0,"","",1,972530,"random_500",NA,NA
"2026-09-13 02:29:00 UTC","084e979af137355b4f976faff6e0079237f23f72","0.2.0.9000","R version 4.6.1 (2026-06-24 ucrt)","Windows","g++","disabled_or_unavailable","","UNAVAILABLE","C","D-permutation-heavy","D","random",500,1,999,"prepared",2,0.170000000000016,"PASS",0,"","",1,972530,"random_500",NA,NA
"2026-09-13 02:29:00 UTC","084e979af137355b4f976faff6e0079237f23f72","0.2.0.9000","R version 4.6.1 (2026-06-24 ucrt)","Windows","g++","disabled_or_unavailable","","UNAVAILABLE","C","D-permutation-heavy","D","random",500,1,999,"raw",2,0.229999999999961,"PASS",0,"","",1,972530,"random_500",NA,NA
"2026-09-13 02:29:00 UTC","084e979af137355b4f976faff6e0079237f23f72","0.2.0.9000","R version 4.6.1 (2026-06-24 ucrt)","Windows","g++","disabled_or_unavailable","","UNAVAILABLE","C","D-permutation-heavy","D","random",500,1,999,"raw",3,0.220000000000027,"PASS",0,"","",1,972530,"random_500",NA,NA
"2026-09-13 02:29:00 UTC","084e979af137355b4f976faff6e0079237f23f72","0.2.0.9000","R version 4.6.1 (2026-06-24 ucrt)","Windows","g++","disabled_or_unavailable","","UNAVAILABLE","C","D-permutation-heavy","D","random",500,1,999,"prepared",3,0.189999999999998,"PASS",0,"","",1,972530,"random_500",NA,NA
"2026-09-13 02:29:00 UTC","084e979af137355b4f976faff6e0079237f23f72","0.2.0.9000","R version 4.6.1 (2026-06-24 ucrt)","Windows","g++","disabled_or_unavailable","","UNAVAILABLE","C","D-permutation-heavy","D","random",500,1,999,"prepared",4,0.189999999999998,"PASS",0,"","",1,972530,"random_500",NA,NA
"2026-09-13 02:29:00 UTC","084e979af137355b4f976faff6e0079237f23f72","0.2.0.9000","R version 4.6.1 (2026-06-24 ucrt)","Windows","g++","disabled_or_unavailable","","UNAVAILABLE","C","D-permutation-heavy","D","random",500,1,999,"raw",4,0.20999999999998,"PASS",0,"","",1,972530,"random_500",NA,NA
"2026-09-13 02:29:00 UTC","084e979af137355b4f976faff6e0079237f23f72","0.2.0.9000","R version 4.6.1 (2026-06-24 ucrt)","Windows","g++","disabled_or_unavailable","","UNAVAILABLE","C","D-permutation-heavy","D","random",500,1,999,"raw",5,0.220000000000027,"PASS",0,"","",1,972530,"random_500",NA,NA
"2026-09-13 02:29:00 UTC","084e979af137355b4f976faff6e0079237f23f72","0.2.0.9000","R version 4.6.1 (2026-06-24 ucrt)","Windows","g++","disabled_or_unavailable","","UNAVAILABLE","C","D-permutation-heavy","D","random",500,1,999,"prepared",5,0.189999999999998,"PASS",0,"","",1,972530,"random_500",NA,NA
"2026-09-13 02:29:00 UTC","084e979af137355b4f976faff6e0079237f23f72","0.2.0.9000","R version 4.6.1 (2026-06-24 ucrt)","Windows","g++","disabled_or_unavailable","","UNAVAILABLE","C","D-permutation-heavy","D","random",500,1,999,"prepared",6,0.170000000000016,"PASS",0,"","",1,972530,"random_500",NA,NA
"2026-09-13 02:29:00 UTC","084e979af137355b4f976faff6e0079237f23f72","0.2.0.9000","R version 4.6.1 (2026-06-24 ucrt)","Windows","g++","disabled_or_unavailable","","UNAVAILABLE","C","D-permutation-heavy","D","random",500,1,999,"raw",6,0.21999999999997,"PASS",0,"","",1,972530,"random_500",NA,NA
"2026-09-13 02:29:00 UTC","084e979af137355b4f976faff6e0079237f23f72","0.2.0.9000","R version 4.6.1 (2026-06-24 ucrt)","Windows","g++","disabled_or_unavailable","","UNAVAILABLE","C","D-permutation-heavy","D","random",500,1,999,"raw",7,0.220000000000027,"PASS",0,"","",1,972530,"random_500",NA,NA
"2026-09-13 02:29:00 UTC","084e979af137355b4f976faff6e0079237f23f72","0.2.0.9000","R version 4.6.1 (2026-06-24 ucrt)","Windows","g++","disabled_or_unavailable","","UNAVAILABLE","C","D-permutation-heavy","D","random",500,1,999,"prepared",7,0.170000000000016,"PASS",0,"","",1,972530,"random_500",NA,NA
"2026-09-13 02:29:00 UTC","084e979af137355b4f976faff6e0079237f23f72","0.2.0.9000","R version 4.6.1 (2026-06-24 ucrt)","Windows","g++","disabled_or_unavailable","","UNAVAILABLE","C","D-permutation-heavy","D","random",500,1,999,"prepared",8,0.180000000000007,"PASS",0,"","",1,972530,"random_500",NA,NA
"2026-09-13 02:29:00 UTC","084e979af137355b4f976faff6e0079237f23f72","0.2.0.9000","R version 4.6.1 (2026-06-24 ucrt)","Windows","g++","disabled_or_unavailable","","UNAVAILABLE","C","D-permutation-heavy","D","random",500,1,999,"raw",8,0.229999999999961,"PASS",0,"","",1,972530,"random_500",NA,NA
"2026-09-13 02:29:00 UTC","084e979af137355b4f976faff6e0079237f23f72","0.2.0.9000","R version 4.6.1 (2026-06-24 ucrt)","Windows","g++","disabled_or_unavailable","","UNAVAILABLE","C","D-permutation-heavy","D","random",500,1,999,"raw",9,0.220000000000027,"PASS",0,"","",1,972530,"random_500",NA,NA
"2026-09-13 02:29:00 UTC","084e979af137355b4f976faff6e0079237f23f72","0.2.0.9000","R version 4.6.1 (2026-06-24 ucrt)","Windows","g++","disabled_or_unavailable","","UNAVAILABLE","C","D-permutation-heavy","D","random",500,1,999,"prepared",9,0.170000000000016,"PASS",0,"","",1,972530,"random_500",NA,NA
"2026-09-13 02:29:00 UTC","084e979af137355b4f976faff6e0079237f23f72","0.2.0.9000","R version 4.6.1 (2026-06-24 ucrt)","Windows","g++","disabled_or_unavailable","","UNAVAILABLE","C","D-permutation-heavy","D","random",500,1,999,"prepared",10,0.189999999999998,"PASS",0,"","",1,972530,"random_500",NA,NA
"2026-09-13 02:29:00 UTC","084e979af137355b4f976faff6e0079237f23f72","0.2.0.9000","R version 4.6.1 (2026-06-24 ucrt)","Windows","g++","disabled_or_unavailable","","UNAVAILABLE","C","D-permutation-heavy","D","random",500,1,999,"raw",10,0.229999999999961,"PASS",0,"","",1,972530,"random_500",NA,NA
"2026-09-13 02:29:00 UTC","084e979af137355b4f976faff6e0079237f23f72","0.2.0.9000","R version 4.6.1 (2026-06-24 ucrt)","Windows","g++","disabled_or_unavailable","","UNAVAILABLE","C","D-permutation-heavy","K","random",2000,1,999,"raw",1,0.359999999999957,"PASS",0,"","",1,974020,"random_2000",NA,NA
"2026-09-13 02:29:00 UTC","084e979af137355b4f976faff6e0079237f23f72","0.2.0.9000","R version 4.6.1 (2026-06-24 ucrt)","Windows","g++","disabled_or_unavailable","","UNAVAILABLE","C","D-permutation-heavy","K","random",2000,1,999,"prepared",1,0.160000000000025,"PASS",0,"","",1,974020,"random_2000",NA,NA
"2026-09-13 02:29:00 UTC","084e979af137355b4f976faff6e0079237f23f72","0.2.0.9000","R version 4.6.1 (2026-06-24 ucrt)","Windows","g++","disabled_or_unavailable","","UNAVAILABLE","C","D-permutation-heavy","K","random",2000,1,999,"prepared",2,0.170000000000016,"PASS",0,"","",1,974020,"random_2000",NA,NA
"2026-09-13 02:29:00 UTC","084e979af137355b4f976faff6e0079237f23f72","0.2.0.9000","R version 4.6.1 (2026-06-24 ucrt)","Windows","g++","disabled_or_unavailable","","UNAVAILABLE","C","D-permutation-heavy","K","random",2000,1,999,"raw",2,0.339999999999975,"PASS",0,"","",1,974020,"random_2000",NA,NA
"2026-09-13 02:29:00 UTC","084e979af137355b4f976faff6e0079237f23f72","0.2.0.9000","R version 4.6.1 (2026-06-24 ucrt)","Windows","g++","disabled_or_unavailable","","UNAVAILABLE","C","D-permutation-heavy","K","random",2000,1,999,"raw",3,0.660000000000025,"PASS",0,"","",1,974020,"random_2000",NA,NA
"2026-09-13 02:29:00 UTC","084e979af137355b4f976faff6e0079237f23f72","0.2.0.9000","R version 4.6.1 (2026-06-24 ucrt)","Windows","g++","disabled_or_unavailable","","UNAVAILABLE","C","D-permutation-heavy","K","random",2000,1,999,"prepared",3,0.159999999999968,"PASS",0,"","",1,974020,"random_2000",NA,NA
"2026-09-13 02:29:00 UTC","084e979af137355b4f976faff6e0079237f23f72","0.2.0.9000","R version 4.6.1 (2026-06-24 ucrt)","Windows","g++","disabled_or_unavailable","","UNAVAILABLE","C","D-permutation-heavy","K","random",2000,1,999,"prepared",4,0.189999999999998,"PASS",0,"","",1,974020,"random_2000",NA,NA
"2026-09-13 02:29:00 UTC","084e979af137355b4f976faff6e0079237f23f72","0.2.0.9000","R version 4.6.1 (2026-06-24 ucrt)","Windows","g++","disabled_or_unavailable","","UNAVAILABLE","C","D-permutation-heavy","K","random",2000,1,999,"raw",4,0.310000000000002,"PASS",0,"","",1,974020,"random_2000",NA,NA
"2026-09-13 02:29:00 UTC","084e979af137355b4f976faff6e0079237f23f72","0.2.0.9000","R version 4.6.1 (2026-06-24 ucrt)","Windows","g++","disabled_or_unavailable","","UNAVAILABLE","C","D-permutation-heavy","K","random",2000,1,999,"raw",5,0.449999999999989,"PASS",0,"","",1,974020,"random_2000",NA,NA
"2026-09-13 02:29:00 UTC","084e979af137355b4f976faff6e0079237f23f72","0.2.0.9000","R version 4.6.1 (2026-06-24 ucrt)","Windows","g++","disabled_or_unavailable","","UNAVAILABLE","C","D-permutation-heavy","K","random",2000,1,999,"prepared",5,0.159999999999968,"PASS",0,"","",1,974020,"random_2000",NA,NA
"2026-09-13 02:29:00 UTC","084e979af137355b4f976faff6e0079237f23f72","0.2.0.9000","R version 4.6.1 (2026-06-24 ucrt)","Windows","g++","disabled_or_unavailable","","UNAVAILABLE","C","D-permutation-heavy","K","random",2000,1,999,"prepared",6,0.170000000000016,"PASS",0,"","",1,974020,"random_2000",NA,NA
"2026-09-13 02:29:00 UTC","084e979af137355b4f976faff6e0079237f23f72","0.2.0.9000","R version 4.6.1 (2026-06-24 ucrt)","Windows","g++","disabled_or_unavailable","","UNAVAILABLE","C","D-permutation-heavy","K","random",2000,1,999,"raw",6,0.329999999999984,"PASS",0,"","",1,974020,"random_2000",NA,NA
"2026-09-13 02:29:00 UTC","084e979af137355b4f976faff6e0079237f23f72","0.2.0.9000","R version 4.6.1 (2026-06-24 ucrt)","Windows","g++","disabled_or_unavailable","","UNAVAILABLE","C","D-permutation-heavy","K","random",2000,1,999,"raw",7,0.310000000000002,"PASS",0,"","",1,974020,"random_2000",NA,NA
"2026-09-13 02:29:00 UTC","084e979af137355b4f976faff6e0079237f23f72","0.2.0.9000","R version 4.6.1 (2026-06-24 ucrt)","Windows","g++","disabled_or_unavailable","","UNAVAILABLE","C","D-permutation-heavy","K","random",2000,1,999,"prepared",7,0.160000000000025,"PASS",0,"","",1,974020,"random_2000",NA,NA
"2026-09-13 02:29:00 UTC","084e979af137355b4f976faff6e0079237f23f72","0.2.0.9000","R version 4.6.1 (2026-06-24 ucrt)","Windows","g++","disabled_or_unavailable","","UNAVAILABLE","C","D-permutation-heavy","K","random",2000,1,999,"prepared",8,0.139999999999986,"PASS",0,"","",1,974020,"random_2000",NA,NA
"2026-09-13 02:29:00 UTC","084e979af137355b4f976faff6e0079237f23f72","0.2.0.9000","R version 4.6.1 (2026-06-24 ucrt)","Windows","g++","disabled_or_unavailable","","UNAVAILABLE","C","D-permutation-heavy","K","random",2000,1,999,"raw",8,0.289999999999964,"PASS",0,"","",1,974020,"random_2000",NA,NA
"2026-09-13 02:29:00 UTC","084e979af137355b4f976faff6e0079237f23f72","0.2.0.9000","R version 4.6.1 (2026-06-24 ucrt)","Windows","g++","disabled_or_unavailable","","UNAVAILABLE","C","D-permutation-heavy","K","random",2000,1,999,"raw",9,0.310000000000002,"PASS",0,"","",1,974020,"random_2000",NA,NA
"2026-09-13 02:29:00 UTC","084e979af137355b4f976faff6e0079237f23f72","0.2.0.9000","R version 4.6.1 (2026-06-24 ucrt)","Windows","g++","disabled_or_unavailable","","UNAVAILABLE","C","D-permutation-heavy","K","random",2000,1,999,"prepared",9,0.159999999999968,"PASS",0,"","",1,974020,"random_2000",NA,NA
"2026-09-13 02:29:00 UTC","084e979af137355b4f976faff6e0079237f23f72","0.2.0.9000","R version 4.6.1 (2026-06-24 ucrt)","Windows","g++","disabled_or_unavailable","","UNAVAILABLE","C","D-permutation-heavy","K","random",2000,1,999,"prepared",10,0.160000000000025,"PASS",0,"","",1,974020,"random_2000",NA,NA
"2026-09-13 02:29:00 UTC","084e979af137355b4f976faff6e0079237f23f72","0.2.0.9000","R version 4.6.1 (2026-06-24 ucrt)","Windows","g++","disabled_or_unavailable","","UNAVAILABLE","C","D-permutation-heavy","K","random",2000,1,999,"raw",10,0.339999999999975,"PASS",0,"","",1,974020,"random_2000",NA,NA
"2026-09-13 02:29:00 UTC","084e979af137355b4f976faff6e0079237f23f72","0.2.0.9000","R version 4.6.1 (2026-06-24 ucrt)","Windows","g++","disabled_or_unavailable","","UNAVAILABLE","C","D-permutation-heavy","D","random",2000,1,999,"raw",1,0.899999999999977,"PASS",0,"","",1,974030,"random_2000",NA,NA
"2026-09-13 02:29:00 UTC","084e979af137355b4f976faff6e0079237f23f72","0.2.0.9000","R version 4.6.1 (2026-06-24 ucrt)","Windows","g++","disabled_or_unavailable","","UNAVAILABLE","C","D-permutation-heavy","D","random",2000,1,999,"prepared",1,0.740000000000009,"PASS",0,"","",1,974030,"random_2000",NA,NA
"2026-09-13 02:29:00 UTC","084e979af137355b4f976faff6e0079237f23f72","0.2.0.9000","R version 4.6.1 (2026-06-24 ucrt)","Windows","g++","disabled_or_unavailable","","UNAVAILABLE","C","D-permutation-heavy","D","random",2000,1,999,"prepared",2,0.720000000000027,"PASS",0,"","",1,974030,"random_2000",NA,NA
"2026-09-13 02:29:00 UTC","084e979af137355b4f976faff6e0079237f23f72","0.2.0.9000","R version 4.6.1 (2026-06-24 ucrt)","Windows","g++","disabled_or_unavailable","","UNAVAILABLE","C","D-permutation-heavy","D","random",2000,1,999,"raw",2,0.889999999999986,"PASS",0,"","",1,974030,"random_2000",NA,NA
"2026-09-13 02:29:00 UTC","084e979af137355b4f976faff6e0079237f23f72","0.2.0.9000","R version 4.6.1 (2026-06-24 ucrt)","Windows","g++","disabled_or_unavailable","","UNAVAILABLE","C","D-permutation-heavy","D","random",2000,1,999,"raw",3,0.889999999999986,"PASS",0,"","",1,974030,"random_2000",NA,NA
"2026-09-13 02:29:00 UTC","084e979af137355b4f976faff6e0079237f23f72","0.2.0.9000","R version 4.6.1 (2026-06-24 ucrt)","Windows","g++","disabled_or_unavailable","","UNAVAILABLE","C","D-permutation-heavy","D","random",2000,1,999,"prepared",3,0.75,"PASS",0,"","",1,974030,"random_2000",NA,NA
"2026-09-13 02:29:00 UTC","084e979af137355b4f976faff6e0079237f23f72","0.2.0.9000","R version 4.6.1 (2026-06-24 ucrt)","Windows","g++","disabled_or_unavailable","","UNAVAILABLE","C","D-permutation-heavy","D","random",2000,1,999,"prepared",4,0.720000000000027,"PASS",0,"","",1,974030,"random_2000",NA,NA
"2026-09-13 02:29:00 UTC","084e979af137355b4f976faff6e0079237f23f72","0.2.0.9000","R version 4.6.1 (2026-06-24 ucrt)","Windows","g++","disabled_or_unavailable","","UNAVAILABLE","C","D-permutation-heavy","D","random",2000,1,999,"raw",4,0.889999999999986,"PASS",0,"","",1,974030,"random_2000",NA,NA
"2026-09-13 02:29:00 UTC","084e979af137355b4f976faff6e0079237f23f72","0.2.0.9000","R version 4.6.1 (2026-06-24 ucrt)","Windows","g++","disabled_or_unavailable","","UNAVAILABLE","C","D-permutation-heavy","D","random",2000,1,999,"raw",5,0.889999999999986,"PASS",0,"","",1,974030,"random_2000",NA,NA
"2026-09-13 02:29:00 UTC","084e979af137355b4f976faff6e0079237f23f72","0.2.0.9000","R version 4.6.1 (2026-06-24 ucrt)","Windows","g++","disabled_or_unavailable","","UNAVAILABLE","C","D-permutation-heavy","D","random",2000,1,999,"prepared",5,0.710000000000036,"PASS",0,"","",1,974030,"random_2000",NA,NA
"2026-09-13 02:29:00 UTC","084e979af137355b4f976faff6e0079237f23f72","0.2.0.9000","R version 4.6.1 (2026-06-24 ucrt)","Windows","g++","disabled_or_unavailable","","UNAVAILABLE","C","D-permutation-heavy","D","random",2000,1,999,"prepared",6,0.71999999999997,"PASS",0,"","",1,974030,"random_2000",NA,NA
"2026-09-13 02:29:00 UTC","084e979af137355b4f976faff6e0079237f23f72","0.2.0.9000","R version 4.6.1 (2026-06-24 ucrt)","Windows","g++","disabled_or_unavailable","","UNAVAILABLE","C","D-permutation-heavy","D","random",2000,1,999,"raw",6,0.930000000000007,"PASS",0,"","",1,974030,"random_2000",NA,NA
"2026-09-13 02:29:00 UTC","084e979af137355b4f976faff6e0079237f23f72","0.2.0.9000","R version 4.6.1 (2026-06-24 ucrt)","Windows","g++","disabled_or_unavailable","","UNAVAILABLE","C","D-permutation-heavy","D","random",2000,1,999,"raw",7,0.95999999999998,"PASS",0,"","",1,974030,"random_2000",NA,NA
"2026-09-13 02:29:00 UTC","084e979af137355b4f976faff6e0079237f23f72","0.2.0.9000","R version 4.6.1 (2026-06-24 ucrt)","Windows","g++","disabled_or_unavailable","","UNAVAILABLE","C","D-permutation-heavy","D","random",2000,1,999,"prepared",7,0.730000000000018,"PASS",0,"","",1,974030,"random_2000",NA,NA
"2026-09-13 02:29:00 UTC","084e979af137355b4f976faff6e0079237f23f72","0.2.0.9000","R version 4.6.1 (2026-06-24 ucrt)","Windows","g++","disabled_or_unavailable","","UNAVAILABLE","C","D-permutation-heavy","D","random",2000,1,999,"prepared",8,0.769999999999982,"PASS",0,"","",1,974030,"random_2000",NA,NA
"2026-09-13 02:29:00 UTC","084e979af137355b4f976faff6e0079237f23f72","0.2.0.9000","R version 4.6.1 (2026-06-24 ucrt)","Windows","g++","disabled_or_unavailable","","UNAVAILABLE","C","D-permutation-heavy","D","random",2000,1,999,"raw",8,0.919999999999959,"PASS",0,"","",1,974030,"random_2000",NA,NA
"2026-09-13 02:29:00 UTC","084e979af137355b4f976faff6e0079237f23f72","0.2.0.9000","R version 4.6.1 (2026-06-24 ucrt)","Windows","g++","disabled_or_unavailable","","UNAVAILABLE","C","D-permutation-heavy","D","random",2000,1,999,"raw",9,0.970000000000027,"PASS",0,"","",1,974030,"random_2000",NA,NA
"2026-09-13 02:29:00 UTC","084e979af137355b4f976faff6e0079237f23f72","0.2.0.9000","R version 4.6.1 (2026-06-24 ucrt)","Windows","g++","disabled_or_unavailable","","UNAVAILABLE","C","D-permutation-heavy","D","random",2000,1,999,"prepared",9,0.769999999999982,"PASS",0,"","",1,974030,"random_2000",NA,NA
"2026-09-13 02:29:00 UTC","084e979af137355b4f976faff6e0079237f23f72","0.2.0.9000","R version 4.6.1 (2026-06-24 ucrt)","Windows","g++","disabled_or_unavailable","","UNAVAILABLE","C","D-permutation-heavy","D","random",2000,1,999,"prepared",10,0.730000000000018,"PASS",0,"","",1,974030,"random_2000",NA,NA
"2026-09-13 02:29:00 UTC","084e979af137355b4f976faff6e0079237f23f72","0.2.0.9000","R version 4.6.1 (2026-06-24 ucrt)","Windows","g++","disabled_or_unavailable","","UNAVAILABLE","C","D-permutation-heavy","D","random",2000,1,999,"raw",10,0.930000000000007,"PASS",0,"","",1,974030,"random_2000",NA,NA
"2026-09-13 02:29:00 UTC","084e979af137355b4f976faff6e0079237f23f72","0.2.0.9000","R version 4.6.1 (2026-06-24 ucrt)","Windows","g++","disabled_or_unavailable","","UNAVAILABLE","C","D-permutation-heavy","K","random",5000,1,999,"raw",1,0.950000000000045,"PASS",0,"","",1,977020,"random_5000",NA,NA
"2026-09-13 02:29:00 UTC","084e979af137355b4f976faff6e0079237f23f72","0.2.0.9000","R version 4.6.1 (2026-06-24 ucrt)","Windows","g++","disabled_or_unavailable","","UNAVAILABLE","C","D-permutation-heavy","K","random",5000,1,999,"prepared",1,0.430000000000007,"PASS",0,"","",1,977020,"random_5000",NA,NA
"2026-09-13 02:29:00 UTC","084e979af137355b4f976faff6e0079237f23f72","0.2.0.9000","R version 4.6.1 (2026-06-24 ucrt)","Windows","g++","disabled_or_unavailable","","UNAVAILABLE","C","D-permutation-heavy","K","random",5000,1,999,"prepared",2,0.439999999999998,"PASS",0,"","",1,977020,"random_5000",NA,NA
"2026-09-13 02:29:00 UTC","084e979af137355b4f976faff6e0079237f23f72","0.2.0.9000","R version 4.6.1 (2026-06-24 ucrt)","Windows","g++","disabled_or_unavailable","","UNAVAILABLE","C","D-permutation-heavy","K","random",5000,1,999,"raw",2,0.96999999999997,"PASS",0,"","",1,977020,"random_5000",NA,NA
"2026-09-13 02:29:00 UTC","084e979af137355b4f976faff6e0079237f23f72","0.2.0.9000","R version 4.6.1 (2026-06-24 ucrt)","Windows","g++","disabled_or_unavailable","","UNAVAILABLE","C","D-permutation-heavy","K","random",5000,1,999,"raw",3,1.20000000000005,"PASS",0,"","",1,977020,"random_5000",NA,NA
"2026-09-13 02:29:00 UTC","084e979af137355b4f976faff6e0079237f23f72","0.2.0.9000","R version 4.6.1 (2026-06-24 ucrt)","Windows","g++","disabled_or_unavailable","","UNAVAILABLE","C","D-permutation-heavy","K","random",5000,1,999,"prepared",3,0.439999999999998,"PASS",0,"","",1,977020,"random_5000",NA,NA
"2026-09-13 02:29:00 UTC","084e979af137355b4f976faff6e0079237f23f72","0.2.0.9000","R version 4.6.1 (2026-06-24 ucrt)","Windows","g++","disabled_or_unavailable","","UNAVAILABLE","C","D-permutation-heavy","K","random",5000,1,999,"prepared",4,0.479999999999961,"PASS",0,"","",1,977020,"random_5000",NA,NA
"2026-09-13 02:29:00 UTC","084e979af137355b4f976faff6e0079237f23f72","0.2.0.9000","R version 4.6.1 (2026-06-24 ucrt)","Windows","g++","disabled_or_unavailable","","UNAVAILABLE","C","D-permutation-heavy","K","random",5000,1,999,"raw",4,0.939999999999998,"PASS",0,"","",1,977020,"random_5000",NA,NA
"2026-09-13 02:29:00 UTC","084e979af137355b4f976faff6e0079237f23f72","0.2.0.9000","R version 4.6.1 (2026-06-24 ucrt)","Windows","g++","disabled_or_unavailable","","UNAVAILABLE","C","D-permutation-heavy","K","random",5000,1,999,"raw",5,1.13999999999999,"PASS",0,"","",1,977020,"random_5000",NA,NA
"2026-09-13 02:29:00 UTC","084e979af137355b4f976faff6e0079237f23f72","0.2.0.9000","R version 4.6.1 (2026-06-24 ucrt)","Windows","g++","disabled_or_unavailable","","UNAVAILABLE","C","D-permutation-heavy","K","random",5000,1,999,"prepared",5,0.439999999999998,"PASS",0,"","",1,977020,"random_5000",NA,NA
"2026-09-13 02:29:00 UTC","084e979af137355b4f976faff6e0079237f23f72","0.2.0.9000","R version 4.6.1 (2026-06-24 ucrt)","Windows","g++","disabled_or_unavailable","","UNAVAILABLE","C","D-permutation-heavy","K","random",5000,1,999,"prepared",6,0.480000000000018,"PASS",0,"","",1,977020,"random_5000",NA,NA
"2026-09-13 02:29:00 UTC","084e979af137355b4f976faff6e0079237f23f72","0.2.0.9000","R version 4.6.1 (2026-06-24 ucrt)","Windows","g++","disabled_or_unavailable","","UNAVAILABLE","C","D-permutation-heavy","K","random",5000,1,999,"raw",6,0.909999999999968,"PASS",0,"","",1,977020,"random_5000",NA,NA
"2026-09-13 02:29:00 UTC","084e979af137355b4f976faff6e0079237f23f72","0.2.0.9000","R version 4.6.1 (2026-06-24 ucrt)","Windows","g++","disabled_or_unavailable","","UNAVAILABLE","C","D-permutation-heavy","K","random",5000,1,999,"raw",7,0.920000000000016,"PASS",0,"","",1,977020,"random_5000",NA,NA
"2026-09-13 02:29:00 UTC","084e979af137355b4f976faff6e0079237f23f72","0.2.0.9000","R version 4.6.1 (2026-06-24 ucrt)","Windows","g++","disabled_or_unavailable","","UNAVAILABLE","C","D-permutation-heavy","K","random",5000,1,999,"prepared",7,0.449999999999989,"PASS",0,"","",1,977020,"random_5000",NA,NA
"2026-09-13 02:29:00 UTC","084e979af137355b4f976faff6e0079237f23f72","0.2.0.9000","R version 4.6.1 (2026-06-24 ucrt)","Windows","g++","disabled_or_unavailable","","UNAVAILABLE","C","D-permutation-heavy","K","random",5000,1,999,"prepared",8,0.430000000000007,"PASS",0,"","",1,977020,"random_5000",NA,NA
"2026-09-13 02:29:00 UTC","084e979af137355b4f976faff6e0079237f23f72","0.2.0.9000","R version 4.6.1 (2026-06-24 ucrt)","Windows","g++","disabled_or_unavailable","","UNAVAILABLE","C","D-permutation-heavy","K","random",5000,1,999,"raw",8,1.05000000000001,"PASS",0,"","",1,977020,"random_5000",NA,NA
"2026-09-13 02:29:00 UTC","084e979af137355b4f976faff6e0079237f23f72","0.2.0.9000","R version 4.6.1 (2026-06-24 ucrt)","Windows","g++","disabled_or_unavailable","","UNAVAILABLE","C","D-permutation-heavy","K","random",5000,1,999,"raw",9,0.889999999999986,"PASS",0,"","",1,977020,"random_5000",NA,NA
"2026-09-13 02:29:00 UTC","084e979af137355b4f976faff6e0079237f23f72","0.2.0.9000","R version 4.6.1 (2026-06-24 ucrt)","Windows","g++","disabled_or_unavailable","","UNAVAILABLE","C","D-permutation-heavy","K","random",5000,1,999,"prepared",9,0.46999999999997,"PASS",0,"","",1,977020,"random_5000",NA,NA
"2026-09-13 02:29:00 UTC","084e979af137355b4f976faff6e0079237f23f72","0.2.0.9000","R version 4.6.1 (2026-06-24 ucrt)","Windows","g++","disabled_or_unavailable","","UNAVAILABLE","C","D-permutation-heavy","K","random",5000,1,999,"prepared",10,0.430000000000007,"PASS",0,"","",1,977020,"random_5000",NA,NA
"2026-09-13 02:29:00 UTC","084e979af137355b4f976faff6e0079237f23f72","0.2.0.9000","R version 4.6.1 (2026-06-24 ucrt)","Windows","g++","disabled_or_unavailable","","UNAVAILABLE","C","D-permutation-heavy","K","random",5000,1,999,"raw",10,0.910000000000025,"PASS",0,"","",1,977020,"random_5000",NA,NA
"2026-09-13 02:29:00 UTC","084e979af137355b4f976faff6e0079237f23f72","0.2.0.9000","R version 4.6.1 (2026-06-24 ucrt)","Windows","g++","disabled_or_unavailable","","UNAVAILABLE","C","D-permutation-heavy","D","random",5000,1,999,"raw",1,2.56999999999999,"PASS",0,"","",1,977030,"random_5000",NA,NA
"2026-09-13 02:29:00 UTC","084e979af137355b4f976faff6e0079237f23f72","0.2.0.9000","R version 4.6.1 (2026-06-24 ucrt)","Windows","g++","disabled_or_unavailable","","UNAVAILABLE","C","D-permutation-heavy","D","random",5000,1,999,"prepared",1,2.32999999999998,"PASS",0,"","",1,977030,"random_5000",NA,NA
"2026-09-13 02:29:00 UTC","084e979af137355b4f976faff6e0079237f23f72","0.2.0.9000","R version 4.6.1 (2026-06-24 ucrt)","Windows","g++","disabled_or_unavailable","","UNAVAILABLE","C","D-permutation-heavy","D","random",5000,1,999,"prepared",2,2.07999999999998,"PASS",0,"","",1,977030,"random_5000",NA,NA
"2026-09-13 02:29:00 UTC","084e979af137355b4f976faff6e0079237f23f72","0.2.0.9000","R version 4.6.1 (2026-06-24 ucrt)","Windows","g++","disabled_or_unavailable","","UNAVAILABLE","C","D-permutation-heavy","D","random",5000,1,999,"raw",2,2.61000000000001,"PASS",0,"","",1,977030,"random_5000",NA,NA
"2026-09-13 02:29:00 UTC","084e979af137355b4f976faff6e0079237f23f72","0.2.0.9000","R version 4.6.1 (2026-06-24 ucrt)","Windows","g++","disabled_or_unavailable","","UNAVAILABLE","C","D-permutation-heavy","D","random",5000,1,999,"raw",3,2.68000000000001,"PASS",0,"","",1,977030,"random_5000",NA,NA
"2026-09-13 02:29:00 UTC","084e979af137355b4f976faff6e0079237f23f72","0.2.0.9000","R version 4.6.1 (2026-06-24 ucrt)","Windows","g++","disabled_or_unavailable","","UNAVAILABLE","C","D-permutation-heavy","D","random",5000,1,999,"prepared",3,2.12,"PASS",0,"","",1,977030,"random_5000",NA,NA
"2026-09-13 02:29:00 UTC","084e979af137355b4f976faff6e0079237f23f72","0.2.0.9000","R version 4.6.1 (2026-06-24 ucrt)","Windows","g++","disabled_or_unavailable","","UNAVAILABLE","C","D-permutation-heavy","D","random",5000,1,999,"prepared",4,2.13999999999999,"PASS",0,"","",1,977030,"random_5000",NA,NA
"2026-09-13 02:29:00 UTC","084e979af137355b4f976faff6e0079237f23f72","0.2.0.9000","R version 4.6.1 (2026-06-24 ucrt)","Windows","g++","disabled_or_unavailable","","UNAVAILABLE","C","D-permutation-heavy","D","random",5000,1,999,"raw",4,2.78000000000003,"PASS",0,"","",1,977030,"random_5000",NA,NA
"2026-09-13 02:29:00 UTC","084e979af137355b4f976faff6e0079237f23f72","0.2.0.9000","R version 4.6.1 (2026-06-24 ucrt)","Windows","g++","disabled_or_unavailable","","UNAVAILABLE","C","D-permutation-heavy","D","random",5000,1,999,"raw",5,3.11000000000001,"PASS",0,"","",1,977030,"random_5000",NA,NA
"2026-09-13 02:29:00 UTC","084e979af137355b4f976faff6e0079237f23f72","0.2.0.9000","R version 4.6.1 (2026-06-24 ucrt)","Windows","g++","disabled_or_unavailable","","UNAVAILABLE","C","D-permutation-heavy","D","random",5000,1,999,"prepared",5,2,"PASS",0,"","",1,977030,"random_5000",NA,NA
"2026-09-13 02:29:00 UTC","084e979af137355b4f976faff6e0079237f23f72","0.2.0.9000","R version 4.6.1 (2026-06-24 ucrt)","Windows","g++","disabled_or_unavailable","","UNAVAILABLE","C","D-permutation-heavy","D","random",5000,1,999,"prepared",6,2.00999999999999,"PASS",0,"","",1,977030,"random_5000",NA,NA
"2026-09-13 02:29:00 UTC","084e979af137355b4f976faff6e0079237f23f72","0.2.0.9000","R version 4.6.1 (2026-06-24 ucrt)","Windows","g++","disabled_or_unavailable","","UNAVAILABLE","C","D-permutation-heavy","D","random",5000,1,999,"raw",6,2.70999999999998,"PASS",0,"","",1,977030,"random_5000",NA,NA
"2026-09-13 02:29:00 UTC","084e979af137355b4f976faff6e0079237f23f72","0.2.0.9000","R version 4.6.1 (2026-06-24 ucrt)","Windows","g++","disabled_or_unavailable","","UNAVAILABLE","C","D-permutation-heavy","D","random",5000,1,999,"raw",7,2.97000000000003,"PASS",0,"","",1,977030,"random_5000",NA,NA
"2026-09-13 02:29:00 UTC","084e979af137355b4f976faff6e0079237f23f72","0.2.0.9000","R version 4.6.1 (2026-06-24 ucrt)","Windows","g++","disabled_or_unavailable","","UNAVAILABLE","C","D-permutation-heavy","D","random",5000,1,999,"prepared",7,2.22999999999996,"PASS",0,"","",1,977030,"random_5000",NA,NA
"2026-09-13 02:29:00 UTC","084e979af137355b4f976faff6e0079237f23f72","0.2.0.9000","R version 4.6.1 (2026-06-24 ucrt)","Windows","g++","disabled_or_unavailable","","UNAVAILABLE","C","D-permutation-heavy","D","random",5000,1,999,"prepared",8,2.08999999999997,"PASS",0,"","",1,977030,"random_5000",NA,NA
"2026-09-13 02:29:00 UTC","084e979af137355b4f976faff6e0079237f23f72","0.2.0.9000","R version 4.6.1 (2026-06-24 ucrt)","Windows","g++","disabled_or_unavailable","","UNAVAILABLE","C","D-permutation-heavy","D","random",5000,1,999,"raw",8,2.55000000000001,"PASS",0,"","",1,977030,"random_5000",NA,NA
"2026-09-13 02:29:00 UTC","084e979af137355b4f976faff6e0079237f23f72","0.2.0.9000","R version 4.6.1 (2026-06-24 ucrt)","Windows","g++","disabled_or_unavailable","","UNAVAILABLE","C","D-permutation-heavy","D","random",5000,1,999,"raw",9,2.75,"PASS",0,"","",1,977030,"random_5000",NA,NA
"2026-09-13 02:29:00 UTC","084e979af137355b4f976faff6e0079237f23f72","0.2.0.9000","R version 4.6.1 (2026-06-24 ucrt)","Windows","g++","disabled_or_unavailable","","UNAVAILABLE","C","D-permutation-heavy","D","random",5000,1,999,"prepared",9,2.11000000000001,"PASS",0,"","",1,977030,"random_5000",NA,NA
"2026-09-13 02:29:00 UTC","084e979af137355b4f976faff6e0079237f23f72","0.2.0.9000","R version 4.6.1 (2026-06-24 ucrt)","Windows","g++","disabled_or_unavailable","","UNAVAILABLE","C","D-permutation-heavy","D","random",5000,1,999,"prepared",10,1.97999999999996,"PASS",0,"","",1,977030,"random_5000",NA,NA
"2026-09-13 02:29:00 UTC","084e979af137355b4f976faff6e0079237f23f72","0.2.0.9000","R version 4.6.1 (2026-06-24 ucrt)","Windows","g++","disabled_or_unavailable","","UNAVAILABLE","C","D-permutation-heavy","D","random",5000,1,999,"raw",10,2.47000000000003,"PASS",0,"","",1,977030,"random_5000",NA,NA
"2026-09-13 02:29:00 UTC","084e979af137355b4f976faff6e0079237f23f72","0.2.0.9000","R version 4.6.1 (2026-06-24 ucrt)","Windows","g++","disabled_or_unavailable","","UNAVAILABLE","C","D-permutation-heavy","K","pectinate",500,1,999,"raw",1,0.0999999999999659,"PASS",0,"","",1,1072520,"pectinate_500",NA,NA
"2026-09-13 02:29:00 UTC","084e979af137355b4f976faff6e0079237f23f72","0.2.0.9000","R version 4.6.1 (2026-06-24 ucrt)","Windows","g++","disabled_or_unavailable","","UNAVAILABLE","C","D-permutation-heavy","K","pectinate",500,1,999,"prepared",1,0.0400000000000205,"PASS",0,"","",1,1072520,"pectinate_500",NA,NA
"2026-09-13 02:29:00 UTC","084e979af137355b4f976faff6e0079237f23f72","0.2.0.9000","R version 4.6.1 (2026-06-24 ucrt)","Windows","g++","disabled_or_unavailable","","UNAVAILABLE","C","D-permutation-heavy","K","pectinate",500,1,999,"prepared",2,0.0300000000000296,"PASS",0,"","",1,1072520,"pectinate_500",NA,NA
"2026-09-13 02:29:00 UTC","084e979af137355b4f976faff6e0079237f23f72","0.2.0.9000","R version 4.6.1 (2026-06-24 ucrt)","Windows","g++","disabled_or_unavailable","","UNAVAILABLE","C","D-permutation-heavy","K","pectinate",500,1,999,"raw",2,0.0699999999999932,"PASS",0,"","",1,1072520,"pectinate_500",NA,NA
"2026-09-13 02:29:00 UTC","084e979af137355b4f976faff6e0079237f23f72","0.2.0.9000","R version 4.6.1 (2026-06-24 ucrt)","Windows","g++","disabled_or_unavailable","","UNAVAILABLE","C","D-permutation-heavy","K","pectinate",500,1,999,"raw",3,0.110000000000014,"PASS",0,"","",1,1072520,"pectinate_500",NA,NA
"2026-09-13 02:29:00 UTC","084e979af137355b4f976faff6e0079237f23f72","0.2.0.9000","R version 4.6.1 (2026-06-24 ucrt)","Windows","g++","disabled_or_unavailable","","UNAVAILABLE","C","D-permutation-heavy","K","pectinate",500,1,999,"prepared",3,0.0500000000000114,"PASS",0,"","",1,1072520,"pectinate_500",NA,NA
"2026-09-13 02:29:00 UTC","084e979af137355b4f976faff6e0079237f23f72","0.2.0.9000","R version 4.6.1 (2026-06-24 ucrt)","Windows","g++","disabled_or_unavailable","","UNAVAILABLE","C","D-permutation-heavy","K","pectinate",500,1,999,"prepared",4,0.0500000000000114,"PASS",0,"","",1,1072520,"pectinate_500",NA,NA
"2026-09-13 02:29:00 UTC","084e979af137355b4f976faff6e0079237f23f72","0.2.0.9000","R version 4.6.1 (2026-06-24 ucrt)","Windows","g++","disabled_or_unavailable","","UNAVAILABLE","C","D-permutation-heavy","K","pectinate",500,1,999,"raw",4,0.089999999999975,"PASS",0,"","",1,1072520,"pectinate_500",NA,NA
"2026-09-13 02:29:00 UTC","084e979af137355b4f976faff6e0079237f23f72","0.2.0.9000","R version 4.6.1 (2026-06-24 ucrt)","Windows","g++","disabled_or_unavailable","","UNAVAILABLE","C","D-permutation-heavy","K","pectinate",500,1,999,"raw",5,0.100000000000023,"PASS",0,"","",1,1072520,"pectinate_500",NA,NA
"2026-09-13 02:29:00 UTC","084e979af137355b4f976faff6e0079237f23f72","0.2.0.9000","R version 4.6.1 (2026-06-24 ucrt)","Windows","g++","disabled_or_unavailable","","UNAVAILABLE","C","D-permutation-heavy","K","pectinate",500,1,999,"prepared",5,0.0500000000000114,"PASS",0,"","",1,1072520,"pectinate_500",NA,NA
"2026-09-13 02:29:00 UTC","084e979af137355b4f976faff6e0079237f23f72","0.2.0.9000","R version 4.6.1 (2026-06-24 ucrt)","Windows","g++","disabled_or_unavailable","","UNAVAILABLE","C","D-permutation-heavy","K","pectinate",500,1,999,"prepared",6,0.0399999999999636,"PASS",0,"","",1,1072520,"pectinate_500",NA,NA
"2026-09-13 02:29:00 UTC","084e979af137355b4f976faff6e0079237f23f72","0.2.0.9000","R version 4.6.1 (2026-06-24 ucrt)","Windows","g++","disabled_or_unavailable","","UNAVAILABLE","C","D-permutation-heavy","K","pectinate",500,1,999,"raw",6,0.100000000000023,"PASS",0,"","",1,1072520,"pectinate_500",NA,NA
"2026-09-13 02:29:00 UTC","084e979af137355b4f976faff6e0079237f23f72","0.2.0.9000","R version 4.6.1 (2026-06-24 ucrt)","Windows","g++","disabled_or_unavailable","","UNAVAILABLE","C","D-permutation-heavy","K","pectinate",500,1,999,"raw",7,0.089999999999975,"PASS",0,"","",1,1072520,"pectinate_500",NA,NA
"2026-09-13 02:29:00 UTC","084e979af137355b4f976faff6e0079237f23f72","0.2.0.9000","R version 4.6.1 (2026-06-24 ucrt)","Windows","g++","disabled_or_unavailable","","UNAVAILABLE","C","D-permutation-heavy","K","pectinate",500,1,999,"prepared",7,0.0600000000000023,"PASS",0,"","",1,1072520,"pectinate_500",NA,NA
"2026-09-13 02:29:00 UTC","084e979af137355b4f976faff6e0079237f23f72","0.2.0.9000","R version 4.6.1 (2026-06-24 ucrt)","Windows","g++","disabled_or_unavailable","","UNAVAILABLE","C","D-permutation-heavy","K","pectinate",500,1,999,"prepared",8,0.0500000000000114,"PASS",0,"","",1,1072520,"pectinate_500",NA,NA
"2026-09-13 02:29:00 UTC","084e979af137355b4f976faff6e0079237f23f72","0.2.0.9000","R version 4.6.1 (2026-06-24 ucrt)","Windows","g++","disabled_or_unavailable","","UNAVAILABLE","C","D-permutation-heavy","K","pectinate",500,1,999,"raw",8,0.100000000000023,"PASS",0,"","",1,1072520,"pectinate_500",NA,NA
"2026-09-13 02:29:00 UTC","084e979af137355b4f976faff6e0079237f23f72","0.2.0.9000","R version 4.6.1 (2026-06-24 ucrt)","Windows","g++","disabled_or_unavailable","","UNAVAILABLE","C","D-permutation-heavy","K","pectinate",500,1,999,"raw",9,0.089999999999975,"PASS",0,"","",1,1072520,"pectinate_500",NA,NA
"2026-09-13 02:29:00 UTC","084e979af137355b4f976faff6e0079237f23f72","0.2.0.9000","R version 4.6.1 (2026-06-24 ucrt)","Windows","g++","disabled_or_unavailable","","UNAVAILABLE","C","D-permutation-heavy","K","pectinate",500,1,999,"prepared",9,0.0600000000000023,"PASS",0,"","",1,1072520,"pectinate_500",NA,NA
"2026-09-13 02:29:00 UTC","084e979af137355b4f976faff6e0079237f23f72","0.2.0.9000","R version 4.6.1 (2026-06-24 ucrt)","Windows","g++","disabled_or_unavailable","","UNAVAILABLE","C","D-permutation-heavy","K","pectinate",500,1,999,"prepared",10,0.0500000000000114,"PASS",0,"","",1,1072520,"pectinate_500",NA,NA
"2026-09-13 02:29:00 UTC","084e979af137355b4f976faff6e0079237f23f72","0.2.0.9000","R version 4.6.1 (2026-06-24 ucrt)","Windows","g++","disabled_or_unavailable","","UNAVAILABLE","C","D-permutation-heavy","K","pectinate",500,1,999,"raw",10,0.0799999999999841,"PASS",0,"","",1,1072520,"pectinate_500",NA,NA
"2026-09-13 02:29:00 UTC","084e979af137355b4f976faff6e0079237f23f72","0.2.0.9000","R version 4.6.1 (2026-06-24 ucrt)","Windows","g++","disabled_or_unavailable","","UNAVAILABLE","C","D-permutation-heavy","D","pectinate",500,1,999,"raw",1,0.220000000000027,"PASS",0,"","",1,1072530,"pectinate_500",NA,NA
"2026-09-13 02:29:00 UTC","084e979af137355b4f976faff6e0079237f23f72","0.2.0.9000","R version 4.6.1 (2026-06-24 ucrt)","Windows","g++","disabled_or_unavailable","","UNAVAILABLE","C","D-permutation-heavy","D","pectinate",500,1,999,"prepared",1,0.170000000000016,"PASS",0,"","",1,1072530,"pectinate_500",NA,NA
"2026-09-13 02:29:00 UTC","084e979af137355b4f976faff6e0079237f23f72","0.2.0.9000","R version 4.6.1 (2026-06-24 ucrt)","Windows","g++","disabled_or_unavailable","","UNAVAILABLE","C","D-permutation-heavy","D","pectinate",500,1,999,"prepared",2,0.169999999999959,"PASS",0,"","",1,1072530,"pectinate_500",NA,NA
"2026-09-13 02:29:00 UTC","084e979af137355b4f976faff6e0079237f23f72","0.2.0.9000","R version 4.6.1 (2026-06-24 ucrt)","Windows","g++","disabled_or_unavailable","","UNAVAILABLE","C","D-permutation-heavy","D","pectinate",500,1,999,"raw",2,0.220000000000027,"PASS",0,"","",1,1072530,"pectinate_500",NA,NA
"2026-09-13 02:29:00 UTC","084e979af137355b4f976faff6e0079237f23f72","0.2.0.9000","R version 4.6.1 (2026-06-24 ucrt)","Windows","g++","disabled_or_unavailable","","UNAVAILABLE","C","D-permutation-heavy","D","pectinate",500,1,999,"raw",3,0.21999999999997,"PASS",0,"","",1,1072530,"pectinate_500",NA,NA
"2026-09-13 02:29:00 UTC","084e979af137355b4f976faff6e0079237f23f72","0.2.0.9000","R version 4.6.1 (2026-06-24 ucrt)","Windows","g++","disabled_or_unavailable","","UNAVAILABLE","C","D-permutation-heavy","D","pectinate",500,1,999,"prepared",3,0.170000000000016,"PASS",0,"","",1,1072530,"pectinate_500",NA,NA
"2026-09-13 02:29:00 UTC","084e979af137355b4f976faff6e0079237f23f72","0.2.0.9000","R version 4.6.1 (2026-06-24 ucrt)","Windows","g++","disabled_or_unavailable","","UNAVAILABLE","C","D-permutation-heavy","D","pectinate",500,1,999,"prepared",4,0.170000000000016,"PASS",0,"","",1,1072530,"pectinate_500",NA,NA
"2026-09-13 02:29:00 UTC","084e979af137355b4f976faff6e0079237f23f72","0.2.0.9000","R version 4.6.1 (2026-06-24 ucrt)","Windows","g++","disabled_or_unavailable","","UNAVAILABLE","C","D-permutation-heavy","D","pectinate",500,1,999,"raw",4,0.21999999999997,"PASS",0,"","",1,1072530,"pectinate_500",NA,NA
"2026-09-13 02:29:00 UTC","084e979af137355b4f976faff6e0079237f23f72","0.2.0.9000","R version 4.6.1 (2026-06-24 ucrt)","Windows","g++","disabled_or_unavailable","","UNAVAILABLE","C","D-permutation-heavy","D","pectinate",500,1,999,"raw",5,0.220000000000027,"PASS",0,"","",1,1072530,"pectinate_500",NA,NA
"2026-09-13 02:29:00 UTC","084e979af137355b4f976faff6e0079237f23f72","0.2.0.9000","R version 4.6.1 (2026-06-24 ucrt)","Windows","g++","disabled_or_unavailable","","UNAVAILABLE","C","D-permutation-heavy","D","pectinate",500,1,999,"prepared",5,0.170000000000016,"PASS",0,"","",1,1072530,"pectinate_500",NA,NA
"2026-09-13 02:29:00 UTC","084e979af137355b4f976faff6e0079237f23f72","0.2.0.9000","R version 4.6.1 (2026-06-24 ucrt)","Windows","g++","disabled_or_unavailable","","UNAVAILABLE","C","D-permutation-heavy","D","pectinate",500,1,999,"prepared",6,0.169999999999959,"PASS",0,"","",1,1072530,"pectinate_500",NA,NA
"2026-09-13 02:29:00 UTC","084e979af137355b4f976faff6e0079237f23f72","0.2.0.9000","R version 4.6.1 (2026-06-24 ucrt)","Windows","g++","disabled_or_unavailable","","UNAVAILABLE","C","D-permutation-heavy","D","pectinate",500,1,999,"raw",6,0.240000000000009,"PASS",0,"","",1,1072530,"pectinate_500",NA,NA
"2026-09-13 02:29:00 UTC","084e979af137355b4f976faff6e0079237f23f72","0.2.0.9000","R version 4.6.1 (2026-06-24 ucrt)","Windows","g++","disabled_or_unavailable","","UNAVAILABLE","C","D-permutation-heavy","D","pectinate",500,1,999,"raw",7,0.220000000000027,"PASS",0,"","",1,1072530,"pectinate_500",NA,NA
"2026-09-13 02:29:00 UTC","084e979af137355b4f976faff6e0079237f23f72","0.2.0.9000","R version 4.6.1 (2026-06-24 ucrt)","Windows","g++","disabled_or_unavailable","","UNAVAILABLE","C","D-permutation-heavy","D","pectinate",500,1,999,"prepared",7,0.170000000000016,"PASS",0,"","",1,1072530,"pectinate_500",NA,NA
"2026-09-13 02:29:00 UTC","084e979af137355b4f976faff6e0079237f23f72","0.2.0.9000","R version 4.6.1 (2026-06-24 ucrt)","Windows","g++","disabled_or_unavailable","","UNAVAILABLE","C","D-permutation-heavy","D","pectinate",500,1,999,"prepared",8,0.169999999999959,"PASS",0,"","",1,1072530,"pectinate_500",NA,NA
"2026-09-13 02:29:00 UTC","084e979af137355b4f976faff6e0079237f23f72","0.2.0.9000","R version 4.6.1 (2026-06-24 ucrt)","Windows","g++","disabled_or_unavailable","","UNAVAILABLE","C","D-permutation-heavy","D","pectinate",500,1,999,"raw",8,0.220000000000027,"PASS",0,"","",1,1072530,"pectinate_500",NA,NA
"2026-09-13 02:29:00 UTC","084e979af137355b4f976faff6e0079237f23f72","0.2.0.9000","R version 4.6.1 (2026-06-24 ucrt)","Windows","g++","disabled_or_unavailable","","UNAVAILABLE","C","D-permutation-heavy","D","pectinate",500,1,999,"raw",9,0.21999999999997,"PASS",0,"","",1,1072530,"pectinate_500",NA,NA
"2026-09-13 02:29:00 UTC","084e979af137355b4f976faff6e0079237f23f72","0.2.0.9000","R version 4.6.1 (2026-06-24 ucrt)","Windows","g++","disabled_or_unavailable","","UNAVAILABLE","C","D-permutation-heavy","D","pectinate",500,1,999,"prepared",9,0.189999999999998,"PASS",0,"","",1,1072530,"pectinate_500",NA,NA
"2026-09-13 02:29:00 UTC","084e979af137355b4f976faff6e0079237f23f72","0.2.0.9000","R version 4.6.1 (2026-06-24 ucrt)","Windows","g++","disabled_or_unavailable","","UNAVAILABLE","C","D-permutation-heavy","D","pectinate",500,1,999,"prepared",10,0.170000000000016,"PASS",0,"","",1,1072530,"pectinate_500",NA,NA
"2026-09-13 02:29:00 UTC","084e979af137355b4f976faff6e0079237f23f72","0.2.0.9000","R version 4.6.1 (2026-06-24 ucrt)","Windows","g++","disabled_or_unavailable","","UNAVAILABLE","C","D-permutation-heavy","D","pectinate",500,1,999,"raw",10,0.220000000000027,"PASS",0,"","",1,1072530,"pectinate_500",NA,NA
"2026-09-13 02:29:00 UTC","084e979af137355b4f976faff6e0079237f23f72","0.2.0.9000","R version 4.6.1 (2026-06-24 ucrt)","Windows","g++","disabled_or_unavailable","","UNAVAILABLE","C","D-permutation-heavy","K","pectinate",2000,1,999,"raw",1,0.400000000000034,"PASS",0,"","",1,1074020,"pectinate_2000",NA,NA
"2026-09-13 02:29:00 UTC","084e979af137355b4f976faff6e0079237f23f72","0.2.0.9000","R version 4.6.1 (2026-06-24 ucrt)","Windows","g++","disabled_or_unavailable","","UNAVAILABLE","C","D-permutation-heavy","K","pectinate",2000,1,999,"prepared",1,0.169999999999959,"PASS",0,"","",1,1074020,"pectinate_2000",NA,NA
"2026-09-13 02:29:00 UTC","084e979af137355b4f976faff6e0079237f23f72","0.2.0.9000","R version 4.6.1 (2026-06-24 ucrt)","Windows","g++","disabled_or_unavailable","","UNAVAILABLE","C","D-permutation-heavy","K","pectinate",2000,1,999,"prepared",2,0.170000000000016,"PASS",0,"","",1,1074020,"pectinate_2000",NA,NA
"2026-09-13 02:29:00 UTC","084e979af137355b4f976faff6e0079237f23f72","0.2.0.9000","R version 4.6.1 (2026-06-24 ucrt)","Windows","g++","disabled_or_unavailable","","UNAVAILABLE","C","D-permutation-heavy","K","pectinate",2000,1,999,"raw",2,0.400000000000034,"PASS",0,"","",1,1074020,"pectinate_2000",NA,NA
"2026-09-13 02:29:00 UTC","084e979af137355b4f976faff6e0079237f23f72","0.2.0.9000","R version 4.6.1 (2026-06-24 ucrt)","Windows","g++","disabled_or_unavailable","","UNAVAILABLE","C","D-permutation-heavy","K","pectinate",2000,1,999,"raw",3,0.370000000000005,"PASS",0,"","",1,1074020,"pectinate_2000",NA,NA
"2026-09-13 02:29:00 UTC","084e979af137355b4f976faff6e0079237f23f72","0.2.0.9000","R version 4.6.1 (2026-06-24 ucrt)","Windows","g++","disabled_or_unavailable","","UNAVAILABLE","C","D-permutation-heavy","K","pectinate",2000,1,999,"prepared",3,0.189999999999998,"PASS",0,"","",1,1074020,"pectinate_2000",NA,NA
"2026-09-13 02:29:00 UTC","084e979af137355b4f976faff6e0079237f23f72","0.2.0.9000","R version 4.6.1 (2026-06-24 ucrt)","Windows","g++","disabled_or_unavailable","","UNAVAILABLE","C","D-permutation-heavy","K","pectinate",2000,1,999,"prepared",4,0.180000000000007,"PASS",0,"","",1,1074020,"pectinate_2000",NA,NA
"2026-09-13 02:29:00 UTC","084e979af137355b4f976faff6e0079237f23f72","0.2.0.9000","R version 4.6.1 (2026-06-24 ucrt)","Windows","g++","disabled_or_unavailable","","UNAVAILABLE","C","D-permutation-heavy","K","pectinate",2000,1,999,"raw",4,0.430000000000007,"PASS",0,"","",1,1074020,"pectinate_2000",NA,NA
"2026-09-13 02:29:00 UTC","084e979af137355b4f976faff6e0079237f23f72","0.2.0.9000","R version 4.6.1 (2026-06-24 ucrt)","Windows","g++","disabled_or_unavailable","","UNAVAILABLE","C","D-permutation-heavy","K","pectinate",2000,1,999,"raw",5,0.389999999999986,"PASS",0,"","",1,1074020,"pectinate_2000",NA,NA
"2026-09-13 02:29:00 UTC","084e979af137355b4f976faff6e0079237f23f72","0.2.0.9000","R version 4.6.1 (2026-06-24 ucrt)","Windows","g++","disabled_or_unavailable","","UNAVAILABLE","C","D-permutation-heavy","K","pectinate",2000,1,999,"prepared",5,0.189999999999998,"PASS",0,"","",1,1074020,"pectinate_2000",NA,NA
"2026-09-13 02:29:00 UTC","084e979af137355b4f976faff6e0079237f23f72","0.2.0.9000","R version 4.6.1 (2026-06-24 ucrt)","Windows","g++","disabled_or_unavailable","","UNAVAILABLE","C","D-permutation-heavy","K","pectinate",2000,1,999,"prepared",6,0.150000000000034,"PASS",0,"","",1,1074020,"pectinate_2000",NA,NA
"2026-09-13 02:29:00 UTC","084e979af137355b4f976faff6e0079237f23f72","0.2.0.9000","R version 4.6.1 (2026-06-24 ucrt)","Windows","g++","disabled_or_unavailable","","UNAVAILABLE","C","D-permutation-heavy","K","pectinate",2000,1,999,"raw",6,0.389999999999986,"PASS",0,"","",1,1074020,"pectinate_2000",NA,NA
"2026-09-13 02:29:00 UTC","084e979af137355b4f976faff6e0079237f23f72","0.2.0.9000","R version 4.6.1 (2026-06-24 ucrt)","Windows","g++","disabled_or_unavailable","","UNAVAILABLE","C","D-permutation-heavy","K","pectinate",2000,1,999,"raw",7,0.389999999999986,"PASS",0,"","",1,1074020,"pectinate_2000",NA,NA
"2026-09-13 02:29:00 UTC","084e979af137355b4f976faff6e0079237f23f72","0.2.0.9000","R version 4.6.1 (2026-06-24 ucrt)","Windows","g++","disabled_or_unavailable","","UNAVAILABLE","C","D-permutation-heavy","K","pectinate",2000,1,999,"prepared",7,0.189999999999998,"PASS",0,"","",1,1074020,"pectinate_2000",NA,NA
"2026-09-13 02:29:00 UTC","084e979af137355b4f976faff6e0079237f23f72","0.2.0.9000","R version 4.6.1 (2026-06-24 ucrt)","Windows","g++","disabled_or_unavailable","","UNAVAILABLE","C","D-permutation-heavy","K","pectinate",2000,1,999,"prepared",8,0.180000000000007,"PASS",0,"","",1,1074020,"pectinate_2000",NA,NA
"2026-09-13 02:29:00 UTC","084e979af137355b4f976faff6e0079237f23f72","0.2.0.9000","R version 4.6.1 (2026-06-24 ucrt)","Windows","g++","disabled_or_unavailable","","UNAVAILABLE","C","D-permutation-heavy","K","pectinate",2000,1,999,"raw",8,0.400000000000034,"PASS",0,"","",1,1074020,"pectinate_2000",NA,NA
"2026-09-13 02:29:00 UTC","084e979af137355b4f976faff6e0079237f23f72","0.2.0.9000","R version 4.6.1 (2026-06-24 ucrt)","Windows","g++","disabled_or_unavailable","","UNAVAILABLE","C","D-permutation-heavy","K","pectinate",2000,1,999,"raw",9,0.419999999999959,"PASS",0,"","",1,1074020,"pectinate_2000",NA,NA
"2026-09-13 02:29:00 UTC","084e979af137355b4f976faff6e0079237f23f72","0.2.0.9000","R version 4.6.1 (2026-06-24 ucrt)","Windows","g++","disabled_or_unavailable","","UNAVAILABLE","C","D-permutation-heavy","K","pectinate",2000,1,999,"prepared",9,0.180000000000007,"PASS",0,"","",1,1074020,"pectinate_2000",NA,NA
"2026-09-13 02:29:00 UTC","084e979af137355b4f976faff6e0079237f23f72","0.2.0.9000","R version 4.6.1 (2026-06-24 ucrt)","Windows","g++","disabled_or_unavailable","","UNAVAILABLE","C","D-permutation-heavy","K","pectinate",2000,1,999,"prepared",10,0.189999999999998,"PASS",0,"","",1,1074020,"pectinate_2000",NA,NA
"2026-09-13 02:29:00 UTC","084e979af137355b4f976faff6e0079237f23f72","0.2.0.9000","R version 4.6.1 (2026-06-24 ucrt)","Windows","g++","disabled_or_unavailable","","UNAVAILABLE","C","D-permutation-heavy","K","pectinate",2000,1,999,"raw",10,0.390000000000043,"PASS",0,"","",1,1074020,"pectinate_2000",NA,NA
"2026-09-13 02:29:00 UTC","084e979af137355b4f976faff6e0079237f23f72","0.2.0.9000","R version 4.6.1 (2026-06-24 ucrt)","Windows","g++","disabled_or_unavailable","","UNAVAILABLE","C","D-permutation-heavy","D","pectinate",2000,1,999,"raw",1,0.899999999999977,"PASS",0,"","",1,1074030,"pectinate_2000",NA,NA
"2026-09-13 02:29:00 UTC","084e979af137355b4f976faff6e0079237f23f72","0.2.0.9000","R version 4.6.1 (2026-06-24 ucrt)","Windows","g++","disabled_or_unavailable","","UNAVAILABLE","C","D-permutation-heavy","D","pectinate",2000,1,999,"prepared",1,0.829999999999984,"PASS",0,"","",1,1074030,"pectinate_2000",NA,NA
"2026-09-13 02:29:00 UTC","084e979af137355b4f976faff6e0079237f23f72","0.2.0.9000","R version 4.6.1 (2026-06-24 ucrt)","Windows","g++","disabled_or_unavailable","","UNAVAILABLE","C","D-permutation-heavy","D","pectinate",2000,1,999,"prepared",2,0.649999999999977,"PASS",0,"","",1,1074030,"pectinate_2000",NA,NA
"2026-09-13 02:29:00 UTC","084e979af137355b4f976faff6e0079237f23f72","0.2.0.9000","R version 4.6.1 (2026-06-24 ucrt)","Windows","g++","disabled_or_unavailable","","UNAVAILABLE","C","D-permutation-heavy","D","pectinate",2000,1,999,"raw",2,0.890000000000043,"PASS",0,"","",1,1074030,"pectinate_2000",NA,NA
"2026-09-13 02:29:00 UTC","084e979af137355b4f976faff6e0079237f23f72","0.2.0.9000","R version 4.6.1 (2026-06-24 ucrt)","Windows","g++","disabled_or_unavailable","","UNAVAILABLE","C","D-permutation-heavy","D","pectinate",2000,1,999,"raw",3,0.879999999999995,"PASS",0,"","",1,1074030,"pectinate_2000",NA,NA
"2026-09-13 02:29:00 UTC","084e979af137355b4f976faff6e0079237f23f72","0.2.0.9000","R version 4.6.1 (2026-06-24 ucrt)","Windows","g++","disabled_or_unavailable","","UNAVAILABLE","C","D-permutation-heavy","D","pectinate",2000,1,999,"prepared",3,0.680000000000007,"PASS",0,"","",1,1074030,"pectinate_2000",NA,NA
"2026-09-13 02:29:00 UTC","084e979af137355b4f976faff6e0079237f23f72","0.2.0.9000","R version 4.6.1 (2026-06-24 ucrt)","Windows","g++","disabled_or_unavailable","","UNAVAILABLE","C","D-permutation-heavy","D","pectinate",2000,1,999,"prepared",4,0.669999999999959,"PASS",0,"","",1,1074030,"pectinate_2000",NA,NA
"2026-09-13 02:29:00 UTC","084e979af137355b4f976faff6e0079237f23f72","0.2.0.9000","R version 4.6.1 (2026-06-24 ucrt)","Windows","g++","disabled_or_unavailable","","UNAVAILABLE","C","D-permutation-heavy","D","pectinate",2000,1,999,"raw",4,0.879999999999995,"PASS",0,"","",1,1074030,"pectinate_2000",NA,NA
"2026-09-13 02:29:00 UTC","084e979af137355b4f976faff6e0079237f23f72","0.2.0.9000","R version 4.6.1 (2026-06-24 ucrt)","Windows","g++","disabled_or_unavailable","","UNAVAILABLE","C","D-permutation-heavy","D","pectinate",2000,1,999,"raw",5,0.870000000000005,"PASS",0,"","",1,1074030,"pectinate_2000",NA,NA
"2026-09-13 02:29:00 UTC","084e979af137355b4f976faff6e0079237f23f72","0.2.0.9000","R version 4.6.1 (2026-06-24 ucrt)","Windows","g++","disabled_or_unavailable","","UNAVAILABLE","C","D-permutation-heavy","D","pectinate",2000,1,999,"prepared",5,0.669999999999959,"PASS",0,"","",1,1074030,"pectinate_2000",NA,NA
"2026-09-13 02:29:00 UTC","084e979af137355b4f976faff6e0079237f23f72","0.2.0.9000","R version 4.6.1 (2026-06-24 ucrt)","Windows","g++","disabled_or_unavailable","","UNAVAILABLE","C","D-permutation-heavy","D","pectinate",2000,1,999,"prepared",6,0.670000000000016,"PASS",0,"","",1,1074030,"pectinate_2000",NA,NA
"2026-09-13 02:29:00 UTC","084e979af137355b4f976faff6e0079237f23f72","0.2.0.9000","R version 4.6.1 (2026-06-24 ucrt)","Windows","g++","disabled_or_unavailable","","UNAVAILABLE","C","D-permutation-heavy","D","pectinate",2000,1,999,"raw",6,1,"PASS",0,"","",1,1074030,"pectinate_2000",NA,NA
"2026-09-13 02:29:00 UTC","084e979af137355b4f976faff6e0079237f23f72","0.2.0.9000","R version 4.6.1 (2026-06-24 ucrt)","Windows","g++","disabled_or_unavailable","","UNAVAILABLE","C","D-permutation-heavy","D","pectinate",2000,1,999,"raw",7,0.860000000000014,"PASS",0,"","",1,1074030,"pectinate_2000",NA,NA
"2026-09-13 02:29:00 UTC","084e979af137355b4f976faff6e0079237f23f72","0.2.0.9000","R version 4.6.1 (2026-06-24 ucrt)","Windows","g++","disabled_or_unavailable","","UNAVAILABLE","C","D-permutation-heavy","D","pectinate",2000,1,999,"prepared",7,0.670000000000016,"PASS",0,"","",1,1074030,"pectinate_2000",NA,NA
"2026-09-13 02:29:00 UTC","084e979af137355b4f976faff6e0079237f23f72","0.2.0.9000","R version 4.6.1 (2026-06-24 ucrt)","Windows","g++","disabled_or_unavailable","","UNAVAILABLE","C","D-permutation-heavy","D","pectinate",2000,1,999,"prepared",8,0.75,"PASS",0,"","",1,1074030,"pectinate_2000",NA,NA
"2026-09-13 02:29:00 UTC","084e979af137355b4f976faff6e0079237f23f72","0.2.0.9000","R version 4.6.1 (2026-06-24 ucrt)","Windows","g++","disabled_or_unavailable","","UNAVAILABLE","C","D-permutation-heavy","D","pectinate",2000,1,999,"raw",8,0.920000000000016,"PASS",0,"","",1,1074030,"pectinate_2000",NA,NA
"2026-09-13 02:29:00 UTC","084e979af137355b4f976faff6e0079237f23f72","0.2.0.9000","R version 4.6.1 (2026-06-24 ucrt)","Windows","g++","disabled_or_unavailable","","UNAVAILABLE","C","D-permutation-heavy","D","pectinate",2000,1,999,"raw",9,0.859999999999957,"PASS",0,"","",1,1074030,"pectinate_2000",NA,NA
"2026-09-13 02:29:00 UTC","084e979af137355b4f976faff6e0079237f23f72","0.2.0.9000","R version 4.6.1 (2026-06-24 ucrt)","Windows","g++","disabled_or_unavailable","","UNAVAILABLE","C","D-permutation-heavy","D","pectinate",2000,1,999,"prepared",9,0.670000000000016,"PASS",0,"","",1,1074030,"pectinate_2000",NA,NA
"2026-09-13 02:29:00 UTC","084e979af137355b4f976faff6e0079237f23f72","0.2.0.9000","R version 4.6.1 (2026-06-24 ucrt)","Windows","g++","disabled_or_unavailable","","UNAVAILABLE","C","D-permutation-heavy","D","pectinate",2000,1,999,"prepared",10,0.680000000000007,"PASS",0,"","",1,1074030,"pectinate_2000",NA,NA
"2026-09-13 02:29:00 UTC","084e979af137355b4f976faff6e0079237f23f72","0.2.0.9000","R version 4.6.1 (2026-06-24 ucrt)","Windows","g++","disabled_or_unavailable","","UNAVAILABLE","C","D-permutation-heavy","D","pectinate",2000,1,999,"raw",10,0.870000000000005,"PASS",0,"","",1,1074030,"pectinate_2000",NA,NA
"2026-09-13 02:29:00 UTC","084e979af137355b4f976faff6e0079237f23f72","0.2.0.9000","R version 4.6.1 (2026-06-24 ucrt)","Windows","g++","disabled_or_unavailable","","UNAVAILABLE","C","D-permutation-heavy","K","pectinate",5000,1,999,"raw",1,1.10999999999996,"PASS",0,"","",1,1077020,"pectinate_5000",NA,NA
"2026-09-13 02:29:00 UTC","084e979af137355b4f976faff6e0079237f23f72","0.2.0.9000","R version 4.6.1 (2026-06-24 ucrt)","Windows","g++","disabled_or_unavailable","","UNAVAILABLE","C","D-permutation-heavy","K","pectinate",5000,1,999,"prepared",1,0.430000000000007,"PASS",0,"","",1,1077020,"pectinate_5000",NA,NA
"2026-09-13 02:29:00 UTC","084e979af137355b4f976faff6e0079237f23f72","0.2.0.9000","R version 4.6.1 (2026-06-24 ucrt)","Windows","g++","disabled_or_unavailable","","UNAVAILABLE","C","D-permutation-heavy","K","pectinate",5000,1,999,"prepared",2,0.460000000000036,"PASS",0,"","",1,1077020,"pectinate_5000",NA,NA
"2026-09-13 02:29:00 UTC","084e979af137355b4f976faff6e0079237f23f72","0.2.0.9000","R version 4.6.1 (2026-06-24 ucrt)","Windows","g++","disabled_or_unavailable","","UNAVAILABLE","C","D-permutation-heavy","K","pectinate",5000,1,999,"raw",2,1.00999999999999,"PASS",0,"","",1,1077020,"pectinate_5000",NA,NA
"2026-09-13 02:29:00 UTC","084e979af137355b4f976faff6e0079237f23f72","0.2.0.9000","R version 4.6.1 (2026-06-24 ucrt)","Windows","g++","disabled_or_unavailable","","UNAVAILABLE","C","D-permutation-heavy","K","pectinate",5000,1,999,"raw",3,1.07999999999998,"PASS",0,"","",1,1077020,"pectinate_5000",NA,NA
"2026-09-13 02:29:00 UTC","084e979af137355b4f976faff6e0079237f23f72","0.2.0.9000","R version 4.6.1 (2026-06-24 ucrt)","Windows","g++","disabled_or_unavailable","","UNAVAILABLE","C","D-permutation-heavy","K","pectinate",5000,1,999,"prepared",3,0.450000000000045,"PASS",0,"","",1,1077020,"pectinate_5000",NA,NA
"2026-09-13 02:29:00 UTC","084e979af137355b4f976faff6e0079237f23f72","0.2.0.9000","R version 4.6.1 (2026-06-24 ucrt)","Windows","g++","disabled_or_unavailable","","UNAVAILABLE","C","D-permutation-heavy","K","pectinate",5000,1,999,"prepared",4,0.509999999999991,"PASS",0,"","",1,1077020,"pectinate_5000",NA,NA
"2026-09-13 02:29:00 UTC","084e979af137355b4f976faff6e0079237f23f72","0.2.0.9000","R version 4.6.1 (2026-06-24 ucrt)","Windows","g++","disabled_or_unavailable","","UNAVAILABLE","C","D-permutation-heavy","K","pectinate",5000,1,999,"raw",4,1.01999999999998,"PASS",0,"","",1,1077020,"pectinate_5000",NA,NA
"2026-09-13 02:29:00 UTC","084e979af137355b4f976faff6e0079237f23f72","0.2.0.9000","R version 4.6.1 (2026-06-24 ucrt)","Windows","g++","disabled_or_unavailable","","UNAVAILABLE","C","D-permutation-heavy","K","pectinate",5000,1,999,"raw",5,1.09000000000003,"PASS",0,"","",1,1077020,"pectinate_5000",NA,NA
"2026-09-13 02:29:00 UTC","084e979af137355b4f976faff6e0079237f23f72","0.2.0.9000","R version 4.6.1 (2026-06-24 ucrt)","Windows","g++","disabled_or_unavailable","","UNAVAILABLE","C","D-permutation-heavy","K","pectinate",5000,1,999,"prepared",5,0.509999999999991,"PASS",0,"","",1,1077020,"pectinate_5000",NA,NA
"2026-09-13 02:29:00 UTC","084e979af137355b4f976faff6e0079237f23f72","0.2.0.9000","R version 4.6.1 (2026-06-24 ucrt)","Windows","g++","disabled_or_unavailable","","UNAVAILABLE","C","D-permutation-heavy","K","pectinate",5000,1,999,"prepared",6,0.490000000000009,"PASS",0,"","",1,1077020,"pectinate_5000",NA,NA
"2026-09-13 02:29:00 UTC","084e979af137355b4f976faff6e0079237f23f72","0.2.0.9000","R version 4.6.1 (2026-06-24 ucrt)","Windows","g++","disabled_or_unavailable","","UNAVAILABLE","C","D-permutation-heavy","K","pectinate",5000,1,999,"raw",6,1.24000000000001,"PASS",0,"","",1,1077020,"pectinate_5000",NA,NA
"2026-09-13 02:29:00 UTC","084e979af137355b4f976faff6e0079237f23f72","0.2.0.9000","R version 4.6.1 (2026-06-24 ucrt)","Windows","g++","disabled_or_unavailable","","UNAVAILABLE","C","D-permutation-heavy","K","pectinate",5000,1,999,"raw",7,1.19999999999999,"PASS",0,"","",1,1077020,"pectinate_5000",NA,NA
"2026-09-13 02:29:00 UTC","084e979af137355b4f976faff6e0079237f23f72","0.2.0.9000","R version 4.6.1 (2026-06-24 ucrt)","Windows","g++","disabled_or_unavailable","","UNAVAILABLE","C","D-permutation-heavy","K","pectinate",5000,1,999,"prepared",7,0.439999999999998,"PASS",0,"","",1,1077020,"pectinate_5000",NA,NA
"2026-09-13 02:29:00 UTC","084e979af137355b4f976faff6e0079237f23f72","0.2.0.9000","R version 4.6.1 (2026-06-24 ucrt)","Windows","g++","disabled_or_unavailable","","UNAVAILABLE","C","D-permutation-heavy","K","pectinate",5000,1,999,"prepared",8,0.45999999999998,"PASS",0,"","",1,1077020,"pectinate_5000",NA,NA
"2026-09-13 02:29:00 UTC","084e979af137355b4f976faff6e0079237f23f72","0.2.0.9000","R version 4.6.1 (2026-06-24 ucrt)","Windows","g++","disabled_or_unavailable","","UNAVAILABLE","C","D-permutation-heavy","K","pectinate",5000,1,999,"raw",8,0.95999999999998,"PASS",0,"","",1,1077020,"pectinate_5000",NA,NA
"2026-09-13 02:29:00 UTC","084e979af137355b4f976faff6e0079237f23f72","0.2.0.9000","R version 4.6.1 (2026-06-24 ucrt)","Windows","g++","disabled_or_unavailable","","UNAVAILABLE","C","D-permutation-heavy","K","pectinate",5000,1,999,"raw",9,0.939999999999998,"PASS",0,"","",1,1077020,"pectinate_5000",NA,NA
"2026-09-13 02:29:00 UTC","084e979af137355b4f976faff6e0079237f23f72","0.2.0.9000","R version 4.6.1 (2026-06-24 ucrt)","Windows","g++","disabled_or_unavailable","","UNAVAILABLE","C","D-permutation-heavy","K","pectinate",5000,1,999,"prepared",9,0.419999999999959,"PASS",0,"","",1,1077020,"pectinate_5000",NA,NA
"2026-09-13 02:29:00 UTC","084e979af137355b4f976faff6e0079237f23f72","0.2.0.9000","R version 4.6.1 (2026-06-24 ucrt)","Windows","g++","disabled_or_unavailable","","UNAVAILABLE","C","D-permutation-heavy","K","pectinate",5000,1,999,"prepared",10,0.450000000000045,"PASS",0,"","",1,1077020,"pectinate_5000",NA,NA
"2026-09-13 02:29:00 UTC","084e979af137355b4f976faff6e0079237f23f72","0.2.0.9000","R version 4.6.1 (2026-06-24 ucrt)","Windows","g++","disabled_or_unavailable","","UNAVAILABLE","C","D-permutation-heavy","K","pectinate",5000,1,999,"raw",10,0.919999999999959,"PASS",0,"","",1,1077020,"pectinate_5000",NA,NA
"2026-09-13 02:29:00 UTC","084e979af137355b4f976faff6e0079237f23f72","0.2.0.9000","R version 4.6.1 (2026-06-24 ucrt)","Windows","g++","disabled_or_unavailable","","UNAVAILABLE","C","D-permutation-heavy","D","pectinate",5000,1,999,"raw",1,2.56,"PASS",0,"","",1,1077030,"pectinate_5000",NA,NA
"2026-09-13 02:29:00 UTC","084e979af137355b4f976faff6e0079237f23f72","0.2.0.9000","R version 4.6.1 (2026-06-24 ucrt)","Windows","g++","disabled_or_unavailable","","UNAVAILABLE","C","D-permutation-heavy","D","pectinate",5000,1,999,"prepared",1,1.97000000000003,"PASS",0,"","",1,1077030,"pectinate_5000",NA,NA
"2026-09-13 02:29:00 UTC","084e979af137355b4f976faff6e0079237f23f72","0.2.0.9000","R version 4.6.1 (2026-06-24 ucrt)","Windows","g++","disabled_or_unavailable","","UNAVAILABLE","C","D-permutation-heavy","D","pectinate",5000,1,999,"prepared",2,1.91999999999996,"PASS",0,"","",1,1077030,"pectinate_5000",NA,NA
"2026-09-13 02:29:00 UTC","084e979af137355b4f976faff6e0079237f23f72","0.2.0.9000","R version 4.6.1 (2026-06-24 ucrt)","Windows","g++","disabled_or_unavailable","","UNAVAILABLE","C","D-permutation-heavy","D","pectinate",5000,1,999,"raw",2,2.66999999999996,"PASS",0,"","",1,1077030,"pectinate_5000",NA,NA
"2026-09-13 02:29:00 UTC","084e979af137355b4f976faff6e0079237f23f72","0.2.0.9000","R version 4.6.1 (2026-06-24 ucrt)","Windows","g++","disabled_or_unavailable","","UNAVAILABLE","C","D-permutation-heavy","D","pectinate",5000,1,999,"raw",3,2.76000000000005,"PASS",0,"","",1,1077030,"pectinate_5000",NA,NA
"2026-09-13 02:29:00 UTC","084e979af137355b4f976faff6e0079237f23f72","0.2.0.9000","R version 4.6.1 (2026-06-24 ucrt)","Windows","g++","disabled_or_unavailable","","UNAVAILABLE","C","D-permutation-heavy","D","pectinate",5000,1,999,"prepared",3,1.90999999999997,"PASS",0,"","",1,1077030,"pectinate_5000",NA,NA
"2026-09-13 02:29:00 UTC","084e979af137355b4f976faff6e0079237f23f72","0.2.0.9000","R version 4.6.1 (2026-06-24 ucrt)","Windows","g++","disabled_or_unavailable","","UNAVAILABLE","C","D-permutation-heavy","D","pectinate",5000,1,999,"prepared",4,1.91000000000003,"PASS",0,"","",1,1077030,"pectinate_5000",NA,NA
"2026-09-13 02:29:00 UTC","084e979af137355b4f976faff6e0079237f23f72","0.2.0.9000","R version 4.6.1 (2026-06-24 ucrt)","Windows","g++","disabled_or_unavailable","","UNAVAILABLE","C","D-permutation-heavy","D","pectinate",5000,1,999,"raw",4,2.43000000000001,"PASS",0,"","",1,1077030,"pectinate_5000",NA,NA
"2026-09-13 02:29:00 UTC","084e979af137355b4f976faff6e0079237f23f72","0.2.0.9000","R version 4.6.1 (2026-06-24 ucrt)","Windows","g++","disabled_or_unavailable","","UNAVAILABLE","C","D-permutation-heavy","D","pectinate",5000,1,999,"raw",5,2.65999999999997,"PASS",0,"","",1,1077030,"pectinate_5000",NA,NA
"2026-09-13 02:29:00 UTC","084e979af137355b4f976faff6e0079237f23f72","0.2.0.9000","R version 4.6.1 (2026-06-24 ucrt)","Windows","g++","disabled_or_unavailable","","UNAVAILABLE","C","D-permutation-heavy","D","pectinate",5000,1,999,"prepared",5,1.80000000000001,"PASS",0,"","",1,1077030,"pectinate_5000",NA,NA
"2026-09-13 02:29:00 UTC","084e979af137355b4f976faff6e0079237f23f72","0.2.0.9000","R version 4.6.1 (2026-06-24 ucrt)","Windows","g++","disabled_or_unavailable","","UNAVAILABLE","C","D-permutation-heavy","D","pectinate",5000,1,999,"prepared",6,1.82999999999998,"PASS",0,"","",1,1077030,"pectinate_5000",NA,NA
"2026-09-13 02:29:00 UTC","084e979af137355b4f976faff6e0079237f23f72","0.2.0.9000","R version 4.6.1 (2026-06-24 ucrt)","Windows","g++","disabled_or_unavailable","","UNAVAILABLE","C","D-permutation-heavy","D","pectinate",5000,1,999,"raw",6,2.52999999999997,"PASS",0,"","",1,1077030,"pectinate_5000",NA,NA
"2026-09-13 02:29:00 UTC","084e979af137355b4f976faff6e0079237f23f72","0.2.0.9000","R version 4.6.1 (2026-06-24 ucrt)","Windows","g++","disabled_or_unavailable","","UNAVAILABLE","C","D-permutation-heavy","D","pectinate",5000,1,999,"raw",7,2.37,"PASS",0,"","",1,1077030,"pectinate_5000",NA,NA
"2026-09-13 02:29:00 UTC","084e979af137355b4f976faff6e0079237f23f72","0.2.0.9000","R version 4.6.1 (2026-06-24 ucrt)","Windows","g++","disabled_or_unavailable","","UNAVAILABLE","C","D-permutation-heavy","D","pectinate",5000,1,999,"prepared",7,1.94,"PASS",0,"","",1,1077030,"pectinate_5000",NA,NA
"2026-09-13 02:29:00 UTC","084e979af137355b4f976faff6e0079237f23f72","0.2.0.9000","R version 4.6.1 (2026-06-24 ucrt)","Windows","g++","disabled_or_unavailable","","UNAVAILABLE","C","D-permutation-heavy","D","pectinate",5000,1,999,"prepared",8,2,"PASS",0,"","",1,1077030,"pectinate_5000",NA,NA
"2026-09-13 02:29:00 UTC","084e979af137355b4f976faff6e0079237f23f72","0.2.0.9000","R version 4.6.1 (2026-06-24 ucrt)","Windows","g++","disabled_or_unavailable","","UNAVAILABLE","C","D-permutation-heavy","D","pectinate",5000,1,999,"raw",8,2.47000000000003,"PASS",0,"","",1,1077030,"pectinate_5000",NA,NA
"2026-09-13 02:29:00 UTC","084e979af137355b4f976faff6e0079237f23f72","0.2.0.9000","R version 4.6.1 (2026-06-24 ucrt)","Windows","g++","disabled_or_unavailable","","UNAVAILABLE","C","D-permutation-heavy","D","pectinate",5000,1,999,"raw",9,2.35999999999996,"PASS",0,"","",1,1077030,"pectinate_5000",NA,NA
"2026-09-13 02:29:00 UTC","084e979af137355b4f976faff6e0079237f23f72","0.2.0.9000","R version 4.6.1 (2026-06-24 ucrt)","Windows","g++","disabled_or_unavailable","","UNAVAILABLE","C","D-permutation-heavy","D","pectinate",5000,1,999,"prepared",9,1.82999999999998,"PASS",0,"","",1,1077030,"pectinate_5000",NA,NA
"2026-09-13 02:29:00 UTC","084e979af137355b4f976faff6e0079237f23f72","0.2.0.9000","R version 4.6.1 (2026-06-24 ucrt)","Windows","g++","disabled_or_unavailable","","UNAVAILABLE","C","D-permutation-heavy","D","pectinate",5000,1,999,"prepared",10,1.88,"PASS",0,"","",1,1077030,"pectinate_5000",NA,NA
"2026-09-13 02:29:00 UTC","084e979af137355b4f976faff6e0079237f23f72","0.2.0.9000","R version 4.6.1 (2026-06-24 ucrt)","Windows","g++","disabled_or_unavailable","","UNAVAILABLE","C","D-permutation-heavy","D","pectinate",5000,1,999,"raw",10,2.45999999999998,"PASS",0,"","",1,1077030,"pectinate_5000",NA,NA
